Date,adjopen,adjhigh,adjlow,adjclose,amount,amp,body
1996-09-27,20.7999999999991,23.799999999998967,20.08999999999913,23.0,2970036.0,0.17836538461542406,0.5929919137467399
1996-10-03,22.899999999998954,22.919999999998957,21.849999999999003,21.88,720202.08,0.04672489082973609,-0.9532710280355565
1996-10-04,21.499999999998998,22.28999999999896,20.999999999999023,21.46,349068.36,0.06000000000004368,-0.03100775193718463
1996-10-07,21.44999999999901,21.679999999999,20.91999999999904,21.68,386034.08,0.03543123543128029,0.3026315789482853
1996-10-08,21.56999999999901,21.849999999998996,21.29999999999902,21.7,214873.4,0.025498377376030397,0.2363636363650174
1996-10-09,21.609999999998976,21.929999999998962,21.019999999999005,21.1,299556.7,0.04211013419717532,-0.5604395604378442
1996-10-10,21.009999999999007,21.279999999998996,20.949999999999008,21.12,162940.80000000002,0.015706806282769516,0.3333333333353484
1996-10-11,21.249999999999066,23.079999999998982,21.249999999999066,22.7,749349.7,0.0861176470588664,0.7923497267760696
1996-10-14,22.809999999998983,23.499999999998956,22.29999999999901,22.45,326961.8,0.05260850504168992,-0.2999999999989163
1996-10-15,22.479999999998988,22.499999999998987,21.94999999999901,22.2,197735.4,0.02446619217086193,-0.509090909088167
1996-10-16,22.329999999998986,22.499999999998977,21.809999999999008,21.99,206574.06,0.03090013434845364,-0.492753623186246
1996-10-17,21.949999999999047,23.799999999998967,21.87999999999905,23.0,373221.0,0.08747152619594134,0.5468750000002353
1996-10-18,23.149999999998926,23.49999999999891,21.299999999999013,21.5,259376.0,0.09503239740824637,-0.7499999999992061
1996-10-21,21.699999999999005,22.44999999999897,21.699999999999005,21.75,201666.0,0.03456221198161126,0.06666666666790823
1996-10-22,21.489999999999053,22.869999999998996,19.99999999999912,22.7,643136.4,0.133550488599389,0.42160278745664675
1996-10-23,22.99999999999912,26.29999999999899,22.799999999999127,26.1,1400813.1,0.1521739130435151,0.885714285714319
1996-10-24,27.019999999998973,27.499999999998956,25.49999999999903,26.3,889886.8,0.07401924500373529,-0.3599999999993195
1996-10-25,26.29999999999894,26.49999999999893,24.27999999999902,24.7,1013663.2999999999,0.08441064638786751,-0.7207207207199474
1996-10-28,23.99999999999905,25.49999999999899,23.99999999999905,25.25,674579.0,0.06250000000003902,0.8333333333334436
1996-10-29,25.29999999999898,25.29999999999898,24.499999999999012,24.78,729671.88,0.03162055335972211,-0.6499999999979379
1996-10-30,23.999999999998998,24.999999999998956,23.849999999999007,23.93,334134.58999999997,0.047916666666706215,-0.060869565216470134
1996-10-31,23.999999999999,24.579999999998975,23.749999999999012,24.0,533424.0,0.03458333333337345,1.2027861972792563e-12
1996-11-01,23.899999999998965,24.189999999998953,22.91999999999901,23.08,515884.16,0.05313807531384706,-0.6456692913372896
1996-11-04,23.04999999999905,25.49999999999895,23.04999999999905,24.15,458994.89999999997,0.10629067245123189,0.4489795918369575
1996-11-05,24.149999999999,24.149999999999,24.149999999999,24.15,0.0,4.140786749482402e-14,0.9983125437429408
1996-11-06,23.019999999999,23.799999999998967,22.59999999999902,22.99,153182.37,0.05212858384018011,-0.02499999999914931
1996-11-07,23.19999999999898,23.499999999998966,22.499999999999012,22.7,86623.2,0.043103448275903226,-0.4999999999985034
1996-11-08,23.009999999998996,23.479999999998974,22.599999999999014,22.85,134632.2,0.03824424163411387,-0.18181818181684115
1996-11-11,23.399999999999,23.599999999998996,22.99999999999902,23.4,152334.0,0.025641025641067374,1.66385423956886e-12
1996-11-12,23.769999999998987,23.979999999998977,23.099999999999017,23.4,121937.4,0.037021455616363504,-0.42045454545293737
1996-11-13,23.399999999998997,23.499999999998995,22.87999999999902,23.3,236751.30000000002,0.026495726495768215,-0.16129032257877188
1996-11-14,23.49999999999902,24.499999999998977,23.49999999999902,23.93,311305.37,0.04255319148940241,0.43000000000056854
1996-11-15,23.819999999999016,24.499999999998987,22.99999999999905,24.2,390394.39999999997,0.06297229219147503,0.2533333333338306
1996-11-18,24.709999999998974,25.19999999999895,23.85999999999901,24.05,286195.0,0.05422905706195648,-0.4925373134317231
1996-11-19,24.14999999999901,24.389999999999002,23.599999999999035,24.39,358045.2,0.03271221532095101,0.3037974683553112
1996-11-20,24.289999999999033,25.549999999998985,23.89999999999905,25.15,539668.7,0.06792918896669134,0.5212121212124112
1996-11-21,25.149999999998926,25.179999999998927,23.379999999999,23.4,427658.39999999997,0.0715705765407925,-0.9722222222211259
1996-11-22,23.009999999999028,23.599999999999003,22.799999999999038,23.6,216435.6,0.034767492394652946,0.7375000000003269
1996-11-25,23.56999999999902,24.44999999999898,23.29999999999903,24.0,241248.0,0.048790835808271024,0.3739130434788047
1996-11-26,24.189999999998975,24.189999999998975,23.30999999999901,23.54,201831.96,0.03637866887147435,-0.7386363636343907
1996-11-27,23.599999999999,24.29999999999897,23.449999999999005,23.57,199802.89,0.0360169491525833,-0.03529411764584139
1996-11-28,23.499999999998998,23.599999999998996,23.19999999999901,23.4,129752.99999999999,0.01702127659578657,-0.2499999999968837
1996-11-29,23.419999999999007,23.899999999998983,23.149999999999014,23.5,93177.5,0.032023911187060966,0.10666666666785307
1996-12-02,23.759999999998985,23.949999999998976,23.199999999999008,23.33,112567.24999999999,0.03156565656569733,-0.5733333333312429
1996-12-03,23.499999999999,23.509999999999003,23.19999999999901,23.5,95621.5,0.013191489361744323,3.220363044321766e-12
1996-12-04,23.789999999999015,24.68999999999898,23.49999999999903,24.15,267243.89999999997,0.05002101723417196,0.3025210084039459
1996-12-05,23.999999999999012,24.399999999998993,23.899999999999014,24.25,205363.55000000002,0.0208333333333741,0.5000000000009966
1996-12-06,24.25999999999906,25.799999999999002,23.97999999999907,25.75,424746.25,0.07502061005774643,0.8186813186814155
1996-12-09,26.29999999999899,26.64999999999898,25.29999999999903,26.05,524412.55,0.05133079847912352,-0.18518518518430774
1996-12-10,25.999999999999034,27.499999999998977,25.29999999999906,26.85,616476.0,0.0846153846154198,0.3863636363639151
1996-12-11,26.99999999999905,28.739999999998986,26.899999999999054,28.4,782079.2,0.06814814814818256,0.7608695652175205
1996-12-12,28.59999999999894,28.84999999999893,26.499999999999016,26.85,410617.05000000005,0.08216783216786426,-0.7446808510630886
1996-12-13,26.799999999998953,26.82999999999895,25.499999999999005,25.51,331196.33,0.049626865671677144,-0.9699248120285973
1996-12-16,22.999999999999,22.999999999999,22.999999999999,23.0,25737.0,4.347826086956522e-14,0.9983125437429408
1996-12-17,20.699999999999,22.479999999998917,20.699999999999,20.7,283652.1,0.08599033816429547,5.608497436755209e-13
1996-12-18,19.749999999999133,22.769999999999,19.749999999999133,22.77,332988.48,0.15291139240510623,0.9999999999999994
1996-12-19,22.69999999999891,23.769999999998856,20.489999999999014,20.75,422739.75,0.14449339207052223,-0.594512195121466
1996-12-20,20.759999999999014,21.299999999998985,19.50999999999907,20.95,261623.59999999998,0.08622350674378193,0.10614525139714434
1996-12-23,21.599999999999028,22.699999999998976,21.07999999999905,22.15,338186.19999999995,0.0750000000000428,0.33950617283991114
1996-12-24,22.119999999998967,22.89999999999893,21.299999999999006,21.35,260704.85,0.07233273056062052,-0.48124999999907586
1996-12-25,21.79999999999904,22.89999999999899,21.49999999999905,22.64,234550.4,0.06422018348628146,0.600000000000283
1996-12-26,22.999999999998987,23.15999999999898,22.599999999999007,22.7,84671.0,0.024347826086998876,-0.5357142857115473
1996-12-27,22.77999999999902,23.299999999998995,22.49999999999903,23.2,260837.6,0.03511852502199142,0.52500000000059
1996-12-30,23.499999999999062,25.529999999998985,23.199999999999076,25.07,413379.23,0.09914893617025122,0.67381974248941
1996-12-31,25.069999999999,25.96999999999896,24.199999999999033,25.0,543075.0,0.07060231352217507,-0.039548022598283446
1997-01-02,25.199999999999037,27.49999999999895,25.199999999999037,26.17,884860.04,0.09126984126987733,0.421739130435035
1997-01-03,26.379999999998944,26.379999999998944,24.69999999999901,25.0,455100.0,0.06368460955272691,-0.8214285714274869
1997-01-06,24.799999999998953,24.87999999999895,23.51999999999901,23.68,202653.44,0.05483870967745747,-0.8235294117633651
1997-01-07,23.449999999999047,24.85999999999899,23.199999999999058,24.6,248140.2,0.07078891257999699,0.692771084337535
1997-01-08,24.619999999999006,25.299999999998978,23.99999999999903,24.71,212604.84,0.05280259951262987,0.06923076923148386
1997-01-09,24.749999999999012,25.199999999998994,24.69999999999901,24.98,171962.32,0.02020202020205988,0.46000000000107255
1997-01-10,25.199999999998994,25.299999999998988,24.679999999999012,25.0,102575.0,0.024603174603213346,-0.3225806451591597
1997-01-13,25.599999999998985,25.69999999999898,24.99999999999901,25.19,218800.34000000003,0.027343750000037942,-0.585714285712022
1997-01-14,25.17999999999897,25.289999999998965,24.29999999999901,24.45,92372.09999999999,0.03931691818907693,-0.7373737373719852
1997-01-15,24.299999999999013,24.749999999998995,24.299999999999013,24.55,77283.40000000001,0.018518518518558902,0.5555555555565386
1997-01-16,24.29999999999902,24.94999999999899,24.29999999999902,24.68,87046.36,0.02674897119345554,0.584615384616019
1997-01-17,24.879999999999,25.099999999998996,24.699999999999008,24.9,119619.59999999999,0.016077170418046138,0.05000000000237123
1997-01-20,25.179999999998987,25.279999999998985,24.709999999999006,24.85,103748.75,0.022637013502818874,-0.578947368418279
1997-01-21,24.78999999999899,24.79999999999899,24.399999999999004,24.5,116326.0,0.016135538523638082,-0.7249999999956849
1997-01-22,24.649999999999004,25.29999999999898,24.499999999999012,24.79,261584.08,0.03245436105480603,0.17500000000103225
1997-01-23,24.999999999999,25.399999999998983,24.449999999999022,25.0,373150.0,0.038000000000038406,1.0508553092020335e-12
1997-01-24,25.09999999999899,25.249999999998984,24.499999999999012,24.78,140106.12,0.029880478087688126,-0.4266666666647643
1997-01-27,25.099999999999,25.419999999998986,24.749999999999012,25.0,204475.0,0.026693227091672243,-0.14925373134157358
1997-01-28,25.09999999999899,25.199999999998983,24.709999999999006,24.78,121347.66,0.019521912350636546,-0.6530612244864279
1997-01-29,24.99999999999899,24.99999999999899,24.609999999999005,24.7,106679.3,0.01560000000003946,-0.7692307692262386
1997-01-30,24.979999999998988,24.979999999998988,24.49999999999901,24.65,112823.04999999999,0.019215372297877478,-0.6874999999964921
1997-01-31,24.599999999999017,25.099999999999,24.54999999999902,24.95,145308.8,0.02235772357727557,0.6363636363642886
1997-02-17,25.099999999998992,25.099999999998992,24.67999999999901,24.83,69573.65999999999,0.01673306772912287,-0.642857142853242
1997-02-18,24.599999999998904,24.649999999998897,22.349999999999003,22.35,210313.5,0.09349593495938632,-0.9782608695643598
1997-02-19,22.94999999999903,23.989999999998982,22.799999999999038,23.58,211418.28,0.05185185185189294,0.5294117647062764
1997-02-20,21.21999999999907,23.299999999998985,21.21999999999907,22.9,239282.09999999998,0.09802073515555637,0.8076923076923987
1997-02-21,22.89999999999901,23.279999999998996,22.809999999999015,23.13,128255.84999999999,0.020524017467291742,0.48936170212874036
1997-02-24,23.249999999999037,24.89999999999897,23.249999999999037,24.1,177761.6,0.07096774193552381,0.5151515151518088
1997-02-25,24.78999999999898,24.78999999999898,23.999999999999012,24.23,108744.24,0.031867688584145536,-0.7088607594915107
1997-02-26,24.499999999998995,24.599999999998992,24.249999999999005,24.39,84243.06,0.014285714285754583,-0.31428571428195357
1997-02-27,24.399999999999004,25.189999999998975,24.35999999999901,24.5,147955.5,0.03401639344266255,0.12048192771190333
1997-02-28,24.699999999998994,24.949999999998983,23.999999999999023,24.5,105080.5,0.03846153846157735,-0.21052631578820183
1997-03-03,24.699999999999022,25.649999999998986,24.699999999999022,25.25,258913.5,0.038461538461577446,0.5789473684214945
1997-03-04,25.649999999998972,25.649999999998972,24.799999999999006,24.92,149619.68000000002,0.03313840155949189,-0.8588235294095772
1997-03-05,24.89999999999898,24.999999999998977,24.349999999999003,24.38,117804.15999999999,0.026104417670721858,-0.7999999999972323
1997-03-06,24.259999999999007,24.599999999998992,24.14999999999901,24.4,79910.0,0.018549051937385878,0.3111111111126365
1997-03-07,24.949999999998994,25.089999999998987,24.379999999999015,24.75,148153.5,0.028456913827694295,-0.28169014084326754
1997-03-10,24.799999999999017,25.299999999998995,24.759999999999017,25.1,139330.1,0.02177419354842651,0.5555555555563733
1997-03-11,25.179999999999,25.299999999999,24.859999999999015,25.19,184189.28,0.017474185861834135,0.02272727272949437
1997-03-12,25.279999999999042,26.999999999998973,25.009999999999053,26.29,506213.95,0.07871835443041603,0.5075376884424574
1997-03-13,26.349999999998982,26.69999999999897,25.57999999999901,25.85,211944.15000000002,0.042504743833053485,-0.446428571427279
1997-03-14,25.999999999999016,26.479999999999,25.57999999999903,26.39,210143.57,0.03461538461542191,0.4333333333339603
1997-03-17,26.599999999999014,27.019999999998998,26.379999999999022,26.94,412397.52,0.02406015037597652,0.5312500000007331
1997-03-18,27.07999999999901,27.849999999998985,26.609999999999026,27.3,446491.5,0.04579025110786407,0.17741935483937085
1997-03-19,27.799999999999073,30.009999999999003,27.719999999999075,30.01,795655.13,0.08237410071945764,0.9650655021834202
1997-03-20,31.179999999998888,31.599999999998875,27.999999999999,28.05,608432.55,0.1154586273252369,-0.8694444444439243
1997-03-21,27.99999999999903,28.879999999998997,27.249999999999055,28.78,523134.06,0.05821428571431931,0.4785276073622823
1997-03-24,29.299999999998967,29.369999999998964,27.899999999999014,28.25,506296.5,0.05017064846419628,-0.7142857142845502
1997-03-25,28.29999999999901,29.19999999999898,27.599999999999035,28.58,398490.94,0.056537102473531595,0.17500000000051466
1997-03-26,28.289999999998997,28.549999999998988,27.99999999999901,28.22,241393.88,0.019441498762848338,-0.1272727272706796
1997-03-27,28.249999999998984,28.999999999998956,27.699999999999005,27.75,291874.5,0.04601769911507794,-0.38461538461432165
1997-03-28,27.69999999999899,28.29999999999897,27.109999999999012,27.42,376531.44,0.04296028880869889,-0.23529411764601935
1997-03-31,27.449999999999,27.499999999999,26.99999999999902,27.5,333712.5,0.018214936247758915,0.1000000000018016
1997-04-01,27.709999999998992,28.149999999998972,27.14999999999901,27.4,262081.0,0.036088054853878074,-0.3099999999986954
1997-04-02,27.19999999999901,27.899999999998986,26.809999999999025,27.54,198122.75999999998,0.040073529411800014,0.31192660550521817
1997-04-03,27.849999999998985,27.849999999998985,27.029999999999013,27.31,112817.61,0.029443447037736888,-0.6585365853638373
1997-04-04,27.59999999999903,29.549999999998963,27.399999999999036,28.5,612778.5,0.07789855072467121,0.41860465116306056
1997-04-07,28.609999999999012,29.099999999998996,27.999999999999034,28.9,466561.6,0.038448095071686894,0.2636363636370301
1997-04-08,28.90999999999896,28.999999999998956,27.499999999999012,27.74,320729.88,0.05188516084403132,-0.7799999999988166
1997-04-09,27.699999999999015,28.68999999999898,27.499999999999023,28.08,334236.24,0.04296028880869885,0.31932773109300583
1997-04-10,28.07999999999898,28.07999999999898,27.399999999999004,27.5,244310.0,0.02421652421655895,-0.8529411764678635
1997-04-11,27.209999999998985,27.479999999998974,26.479999999999013,26.75,229755.75,0.03675119441385379,-0.4599999999985427
1997-04-14,26.49999999999902,27.499999999998984,26.49999999999902,27.0,124497.0,0.037735849056640146,0.5000000000004983
1997-04-15,27.099999999999,27.379999999998986,26.899999999999004,27.01,103529.33,0.01771217712180748,-0.18749999999752864
1997-04-16,26.99999999999899,27.299999999998978,26.599999999999007,26.67,120335.04000000001,0.025925925925961893,-0.47142857142647376
1997-04-17,26.79999999999901,27.34999999999899,26.649999999999014,27.0,121743.0,0.02611940298511098,0.285714285715303
1997-04-18,27.00999999999899,27.14999999999898,26.499999999999005,26.6,111001.8,0.02406516105149848,-0.6307692307667284
1997-04-21,26.649999999999014,26.999999999999,26.649999999999014,27.0,163755.0,0.013133208255196512,0.9999999999999952
1997-04-22,27.299999999998985,27.299999999998985,26.799999999999002,26.88,118406.4,0.018315018315054304,-0.8399999999963211
1997-04-23,24.999999999999034,26.499999999998977,24.299999999999063,25.84,746233.36,0.08800000000003645,0.38181818181846233
1997-04-24,25.49999999999902,26.279999999998992,24.849999999999046,26.0,665678.0,0.0560784313725861,0.34965034965080394
1997-04-25,25.999999999999005,26.95999999999897,25.299999999999034,26.12,506649.64,0.06384615384618984,0.0722891566270651
1997-04-28,26.099999999999042,27.59999999999899,26.099999999999042,27.15,628685.4,0.05747126436785228,0.7000000000001958
1997-04-29,27.90999999999894,28.19999999999893,25.999999999999012,26.27,380021.82,0.07882479398068515,-0.7454545454537536
1997-04-30,26.179999999998998,26.499999999998984,25.699999999999015,26.1,156495.6,0.030557677616538152,-0.09999999999862445
1997-05-05,26.259999999999042,27.599999999998992,26.199999999999044,27.29,448702.18,0.05331302361008937,0.7357142857144705
1997-05-06,27.50999999999907,29.499999999999,27.299999999999077,29.45,1017085.2,0.07997091966560957,0.8818181818182332
1997-05-07,29.799999999999024,31.49999999999897,28.99999999999905,30.43,759563.23,0.08389261744969519,0.2520000000002978
1997-05-08,29.99999999999896,30.29999999999895,27.499999999999044,28.75,644805.0,0.09333333333336363,-0.44642857142805537
1997-05-09,28.49999999999902,28.999999999999,27.629999999999047,28.98,476894.88,0.048070175438629965,0.3503649635041215
1997-05-12,28.799999999998985,29.47999999999896,27.999999999999012,28.28,299513.48000000004,0.05138888888892181,-0.35135135135043966
1997-05-13,27.89999999999898,27.999999999998977,27.009999999999014,27.34,207401.24,0.03548387096777648,-0.5656565656549842
1997-05-14,27.499999999998977,27.499999999998977,26.449999999999015,26.88,153619.19999999998,0.038181818181853185,-0.5904761904746761
1997-05-15,26.49999999999903,27.399999999998993,26.49999999999903,27.22,110295.44,0.0339622641509797,0.8000000000002203
1997-05-16,24.999999999998998,28.379999999998862,24.529999999999017,24.93,264906.18,0.15400000000003383,-0.018181818181554038
1997-05-19,25.389999999999013,26.399999999998972,25.19999999999902,25.72,88682.56,0.04726270185116001,0.2750000000006032
1997-05-20,25.94999999999904,26.999999999999,25.809999999999043,26.98,136275.98,0.04585741811179025,0.8655462184875047
1997-05-21,26.989999999998954,26.989999999998954,25.499999999999016,25.86,78666.12,0.05520563171548502,-0.7583892617437873
1997-05-22,23.269999999999,24.79999999999894,23.269999999999,23.27,140131.94,0.0657498925655753,6.524918586551171e-13
1997-05-23,23.269999999999,23.269999999999,23.269999999999,23.27,0.0,4.2973785990545766e-14,0.9983125437429408
1997-05-26,24.799999999998978,24.99999999999897,22.99999999999905,24.25,96612.0,0.08064516129035969,-0.2749999999993625
1997-05-27,24.599999999999017,25.079999999998996,23.99999999999904,24.97,113888.17,0.043902439024429064,0.34259259259319824
1997-05-28,24.69999999999901,25.49999999999898,24.50999999999902,25.0,110025.0,0.04008097165995785,0.30303030303100775
1997-05-29,25.049999999999024,26.279999999998978,24.999999999999027,25.63,211370.61,0.051097804391255504,0.4531250000004251
1997-05-30,25.649999999999014,25.999999999999,25.599999999999017,26.0,97552.0,0.015594541910369752,0.8750000000003105
1997-06-02,26.299999999999038,27.699999999998983,25.89999999999905,27.22,226443.18,0.06844106463881866,0.51111111111138
1997-06-03,26.729999999998995,27.34999999999897,26.119999999999017,26.52,104488.8,0.04601571268241506,-0.17073170731612397
1997-06-04,26.679999999998994,26.99999999999898,26.29999999999901,26.45,59591.85,0.026236881559256787,-0.32857142856953714
1997-06-05,26.49999999999899,26.74999999999898,25.99999999999901,26.2,68853.59999999999,0.028301886792489503,-0.3999999999981375
1997-06-06,23.609999999999033,25.299999999998967,23.609999999999033,24.45,128680.34999999999,0.07157983905128892,0.4970414201186403
1997-06-09,24.899999999998972,24.899999999998972,23.79999999999902,24.26,51261.380000000005,0.04417670682734751,-0.5818181818167423
1997-06-10,24.29999999999898,24.579999999998968,23.799999999999002,23.8,41055.0,0.03209876543213853,-0.6410256410235403
1997-06-11,23.699999999998973,23.699999999998973,22.479999999999027,23.05,55896.25,0.05147679324898511,-0.5327868852446459
1997-06-12,23.299999999999,23.46999999999899,23.04999999999901,23.26,25818.600000000002,0.01802575107300345,-0.09523809523548551
1997-06-13,22.152592592591652,23.92158365261712,22.112388250318347,23.61,43033.68,0.08166969147009587,0.8055555555556642
1997-06-16,24.10193220338881,24.624576271185397,23.629542372880355,23.72,45500.8,0.04128440366976453,-0.38383838383698954
1997-06-17,23.719493670885075,24.36273417721416,23.618987341771156,23.82,47210.4,0.03135593220343061,0.135135135136305
1997-06-18,23.341147826085944,23.703026086955493,22.91895652173814,23.12,35880.0,0.03359173126619115,-0.2820512820496429
1997-06-19,23.11789833404429,23.771230243484673,23.11789833404429,23.53,37853.97,0.02826086956525943,0.6307692307698072
1997-06-20,24.5293110476957,24.73037097431616,23.674806359558758,24.66,76582.66,0.043032786885285085,0.12380952381035688
1997-06-23,25.031585365852642,25.574439024389207,23.825243902438057,24.73,281842.2,0.06987951807232638,-0.17241379310277527
1997-06-24,24.728692152916512,25.43235412474747,24.12555331991855,24.98,123902.1,0.05284552845532284,0.19230769230831316
1997-06-25,25.029635562674212,25.39150981177312,24.979375250299366,25.1,108020.22,0.016465863453854587,0.1707317073190911
1997-06-26,25.333714285713253,25.333714285713253,24.42893877550921,24.63,60319.0,0.035714285714323724,-0.7777777777758104
1997-06-27,24.622499999998976,25.124999999998956,24.119999999998996,24.12,145704.0,0.04081632653065128,-0.49999999999850203
1997-07-02,24.335091414943392,25.61165341812299,23.62142289348078,25.29,190461.2,0.08178438661713813,0.4797979797982416
1997-07-03,25.234059161872427,25.254165981921727,24.22871815940739,24.47,83899.98,0.0406374501992412,-0.7450980392139845
1997-07-04,24.12813141683679,24.781601642709454,24.027597535933303,24.48,55785.850000000006,0.03125000000004019,0.46666666666738216
1997-07-07,24.580982142856044,24.771999999998894,22.49989285714185,22.52,55731.2,0.0924335378323478,-0.9070796460168568
1997-07-08,22.13014589412163,24.109999999998994,22.110045852437594,24.11,52154.259999999995,0.09037238873755245,0.9899497487437258
1997-07-09,23.601448275861053,23.621551724136914,22.86767241379212,23.32,27909.6,0.03194207836460651,-0.3733333333315068
1997-07-10,23.370674740483416,23.913477508649482,23.129429065742944,23.24,41014.880000000005,0.033548387096815464,-0.16666666666517177
1997-07-11,23.224347826086003,24.380538302276427,23.02327122153114,24.28,82689.59999999999,0.05844155844159908,0.7777777777779388
1997-07-14,24.676196124949605,25.440102807432766,24.123368920520996,25.42,160945.56,0.05336048879840899,0.5648854961835362
1997-07-15,25.425447589899566,26.521285386380015,25.1640550879868,26.28,291513.28,0.05338078291818671,0.629629629629905
1997-07-16,26.57900112654801,27.94615095756561,26.57900112654801,26.77,475957.99,0.051437216338916215,0.13970588235357073
1997-07-17,26.57664082687241,27.420981912143695,26.43591731266053,27.23,256948.65,0.037065052950111824,0.6632653061227912
1997-07-18,27.34046477314543,28.044079675395498,27.159535226852558,27.25,227696.88999999998,0.03235294117650595,-0.10227272727147446
1997-07-21,27.366344086020458,27.647849462364533,25.838172043009763,26.18,165432.12,0.06612784717123181,-0.6555555555546395
1997-07-22,25.938231917335404,26.440910830462062,25.83769613471007,26.27,107916.9,0.023255813953526203,0.550000000000747
1997-07-23,26.315798443867127,27.94420155613087,26.315798443867127,27.13,261236.21,0.061879297173450566,0.5000000000003071
1997-07-24,27.446549079753552,27.48676380367993,26.169731595091026,26.22,88672.0,0.047985347985382634,-0.9312977099221978
1997-07-25,26.1172528301877,27.24316981131973,25.956407547168837,26.64,121820.5,0.04926866820634893,0.4062500000004622
1997-07-28,27.135625965995867,27.135625965995867,25.979849304481228,26.01,79529.23999999999,0.04259259259262792,-0.9739130434765523
1997-07-29,25.62823984526013,26.291558994196276,25.49758607349998,25.98,41179.05,0.030980392156900568,0.4430379746842541
1997-07-30,25.987604562736657,26.631011406843093,25.93733840304084,26.44,47182.200000000004,0.026692456479727903,0.652173913043988
1997-07-31,26.619683496607895,26.97152976638934,26.49905048982568,26.68,55043.96,0.017749244713027874,0.1276595744699304
1997-08-01,26.73792592592494,27.139999999999,26.73792592592494,27.14,83241.0,0.01503759398499919,1.0000000000000047
1997-08-04,27.64365671641688,27.64365671641688,26.417283582088572,26.94,69278.0,0.044363636363670814,-0.5737704918019936
1997-08-05,26.942553191488344,27.16372340425429,26.419787234041554,26.46,43796.48,0.027611940298543556,-0.6486486486464316
1997-08-06,26.4396813353556,26.892071320181074,26.3894157814861,26.5,38933.72,0.019011406844143583,0.12000000000175441
1997-08-07,26.448891402713937,26.74042232277426,25.7351432880835,26.66,41636.4,0.03800836183964111,0.21000000000078936
1997-08-08,26.557501858735073,27.492342007433923,26.33635687732244,27.04,149752.3,0.043527630582927794,0.4173913043483332
1997-08-11,27.143362831857445,28.450265486724657,27.143362831857445,28.4,604437.0,0.04814814814818329,0.9615384615384936
1997-08-12,28.728302446255423,29.150481838397734,26.94911786508425,27.12,404726.98,0.0766270118964632,-0.7305936073051479
1997-08-13,27.22098921532067,27.81406098921429,26.839010784677324,27.03,226010.45,0.035819793205353,-0.1958762886585632
1997-08-14,27.147755919853296,27.740765027321398,27.037194899816868,27.59,134532.44999999998,0.025916327286226268,0.6285714285719552
1997-08-15,27.75385560104102,27.844324525492077,26.839114253813662,27.01,67551.18000000001,0.03621876131839766,-0.7399999999982616
1997-08-18,27.142105263156875,27.22252631578845,26.418315789472693,26.74,78682.8,0.029629629629665286,-0.4999999999981325
1997-08-19,26.841590909089895,27.022545454544435,26.3389393939384,26.54,35217.6,0.025468164794043808,-0.44117647058612425
1997-08-20,26.470694656487538,26.54106870228906,26.138931297708925,26.34,68251.0,0.015191796429964936,-0.32499999999669144
1997-08-21,26.537397769515742,27.100312267656985,26.33635687732244,27.04,65797.4,0.0287878787879154,0.6578947368425585
1997-08-22,27.320724852069997,27.642381656803714,26.948809171596636,27.18,75603.84,0.02538631346581944,-0.2028985507228976
1997-08-25,27.039584877686174,27.441660489250282,26.93906597479515,27.12,66667.58,0.01858736059483182,0.16000000000168269
1997-08-26,26.940104555637536,27.392457057504583,26.698849887975108,26.92,139979.06,0.025746268656752624,-0.028985507244891264
1997-08-27,26.940156892042328,27.13115054165009,26.719006350391233,26.91,75785.87,0.015298507462723147,-0.07317073170470552
1997-08-28,26.94217506631198,27.243766578248305,26.33899204243932,26.53,114004.8,0.03358208955227475,-0.4555555555539413
1997-08-29,26.431702619413468,26.54225346687109,25.929198767333364,26.09,128943.32,0.023193916349846862,-0.5573770491777824
1997-09-01,26.074503703702742,27.240518518517515,25.98403703703608,27.14,154899.0,0.048188126445680234,0.8480000000001231
1997-09-02,27.337871107891843,27.89065894279407,26.74488052136037,27.76,224964.9,0.041911764705917336,0.36842105263213537
1997-09-03,27.625653710246375,28.449999999998997,27.59549469964567,28.45,448243.7,0.030931586608477616,0.9647058823529849
1997-09-04,28.451715511078326,28.451715511078326,27.627319513937543,28.13,178232.6,0.0289752650177019,-0.3902439024373348
1997-09-05,28.239999999998993,28.330480598076598,27.847917408329373,28.24,223371.68,0.01708793164830825,2.0834949545677407e-12
1997-09-08,28.29135581061592,28.341606886656088,26.944626972739353,28.02,152503.6,0.04937833037303531,-0.1942446043156915
1997-09-09,27.929949640286765,27.939999999998996,27.135971223020608,27.94,48650.0,0.028787333573262543,0.012500000001236642
1997-09-10,27.19661738189588,27.880050486836353,27.186566895058522,27.87,111197.3,0.025498891352585647,0.9710144927536792
1997-09-11,27.83924596050169,28.643267504487298,27.135727109514285,27.99,339352.25,0.05415162454877035,0.10000000000060247
1997-09-12,27.79337037036934,27.79337037036934,27.08974074073974,27.14,34155.0,0.02531645569623758,-0.9285714285686815
1997-09-15,27.09356925418466,27.09356925418466,26.339573820394737,26.42,29170.800000000003,0.027829313543635104,-0.8933333333308139
1997-09-16,26.641064638782257,26.641064638782257,26.138403041824102,26.44,23854.100000000002,0.018867924528338707,-0.39999999999720265
1997-09-17,26.63249999999898,26.63249999999898,26.029499999999,26.13,19500.0,0.022641509433999087,-0.8333333333302899
1997-09-18,26.31962666666567,26.389999999999,26.038133333332343,26.39,12442.5,0.013368983957256818,0.20000000000227283
1997-09-19,26.46048036599213,26.691707967974587,26.189039268012728,26.37,10439.54,0.018996960486359356,-0.17999999999764035
1997-09-22,26.137846655790124,26.137846655790124,24.629893964109925,24.65,43572.04,0.05769230769234373,-0.9866666666653465
1997-09-23,24.156584723440556,24.226953467953283,22.819578577698735,22.9,32939.880000000005,0.058260507698748965,-0.8928571428557953
1997-09-24,23.316096747288434,24.12010008340183,23.265846538781346,24.1,39327.2,0.03663793103452418,0.9176470588236331
1997-09-25,24.321608040199987,24.623115577888417,23.72864321607941,24.0,29181.36,0.036776859504171845,-0.35955056179622746
1997-09-26,24.199900414936753,24.52149377593259,23.55671369294508,24.22,21424.9,0.03986710963459108,0.02083333333435463
1997-09-29,24.224655172412753,24.224655172412753,23.21948275861969,23.32,18281.6,0.041493775933649606,-0.8999999999981064
1997-09-30,23.317468354429394,24.121518987340757,23.116455696201555,23.82,9954.0,0.04310344827590326,0.5000000000005028
1997-10-06,23.82050847457526,23.92101694915153,23.569237288134595,23.72,8920.800000000001,0.014767932489492834,-0.2857142857106126
1997-10-07,23.92158365261712,24.223116219666917,23.368773946359163,23.61,7516.799999999999,0.03571428571432602,-0.36470588235134144
1997-10-08,24.128395061727403,24.530534979422857,23.625720164608083,24.43,26073.9,0.03750000000003974,0.3333333333340761
1997-10-09,24.201005025124612,24.321608040199987,23.999999999998995,24.0,11653.439999999999,0.013289036544891298,-0.6249999999949222
1997-10-10,24.12045169385094,24.220953575908652,23.969698870764372,24.03,8464.14,0.010416666666707675,-0.35999999999457355
1997-10-13,24.03209361702026,24.03209361702026,23.51948936170113,23.62,16567.5,0.021329987452989356,-0.803921568623926
1997-10-14,23.621290322579632,23.621290322579632,23.31974193548287,23.37,24017.25,0.012765957446850341,-0.8333333333272416
1997-10-15,23.367226890755322,24.12100840336033,23.316974789914987,23.92,17255.0,0.03440860215057897,0.6875000000003946
1997-10-16,24.004925553318955,25.43235412474747,24.004925553318955,24.98,70052.15000000001,0.059463986599704186,0.6830985915495205
1997-10-17,25.12695312499902,26.182285156248977,25.07669921874902,25.73,87961.6,0.044000000000038036,0.5454545454549609
1997-10-20,25.982511829651973,26.13328075709676,25.138205835961156,25.49,64617.28,0.03829787234046241,-0.494949494947991
1997-10-21,25.535055070261087,26.500159513861508,25.434523357386045,26.47,94393.04999999999,0.04173228346460449,0.8773584905661574
1997-10-22,26.633942457230695,26.83495334370036,25.628888024882368,25.85,101028.15999999999,0.04528301886796029,-0.6499999999986315
1997-10-23,25.780508806261217,26.092086105674124,24.62465753424561,25.68,55417.950000000004,0.056920077972746126,-0.06849315068419685
1997-10-24,25.739293203882493,25.930252427183458,25.327223300969887,25.88,46092.5,0.023428348301482757,0.23333333333461487
1997-10-27,26.14808873720038,27.022707622297045,26.14808873720038,26.51,102552.93000000001,0.03344867358711879,0.4137931034489491
1997-10-28,26.438317054844987,27.021367392936625,26.03621337340248,26.76,223182.08000000002,0.03726235741448503,0.32653061224558944
1997-10-29,26.839581777444856,26.940104555637536,26.135922330096115,26.92,93944.24,0.029962546816515622,0.10000000000112368
1997-10-30,26.93845018450085,28.647232472323665,26.93845018450085,27.24,234523.40000000002,0.06343283582093025,0.176470588235778
1997-10-31,26.93880873103859,27.49165741768304,26.516633370328286,27.17,81387.33,0.03619402985078202,0.23711340206264298
1997-11-03,26.929895561356698,27.44255874673527,26.929895561356698,26.95,34102.32,0.019036954087382454,0.039215686276392166
1997-11-04,26.698076494614682,27.140363906423058,26.688024507982675,27.07,32719.95,0.016942771084374128,0.8222222222226224
1997-11-05,27.219382352940176,27.641544117646045,27.038455882351947,27.34,53420.799999999996,0.02215657311672732,0.20000000000133314
1997-11-06,27.64005092760904,28.12249545289094,27.238013823207453,27.63,121918.15,0.032000000000035,-0.011363636362493221
1997-11-07,27.643878618764298,29.342720613881085,27.643878618764298,28.82,345874.88,0.06145454545457939,0.6923076923078758
1997-11-10,29.15474919957207,29.506616862325526,28.04887940234692,28.26,229827.36,0.050000000000032685,-0.6137931034471638
1997-11-11,28.14752370916656,29.052265542675485,27.634836670178167,28.62,145510.16999999998,0.05035714285717667,0.33333333333380494
1997-11-12,28.650105337077644,29.61516151685289,28.54957865168439,28.63,182642.24,0.037192982456173945,-0.018867924527340076
1997-11-13,28.347643979056606,28.799999999999,28.025968586386462,28.8,118811.54999999999,0.027304964539041354,0.584415584416125
1997-11-14,29.052105263156875,29.152631578946345,28.52936842105163,28.65,82222.5,0.02145328719726554,-0.6451612903199336
1997-11-17,29.027597955705993,30.454855195910376,28.94718909710293,29.5,342338.4,0.051939058171777824,0.31333333333379415
1997-11-18,29.25103806228273,29.502335640137392,28.748442906573406,29.05,122275.9,0.02577319587632193,-0.2666666666649875
1997-11-19,28.948965517240385,29.48170689655071,28.647413793102462,29.15,93873.0,0.028819444444477958,0.24096385542259657
1997-11-20,29.333578947367393,29.333578947367393,28.549473684209524,28.65,89661.0,0.026730637422925637,-0.8717948717924788
1997-11-21,28.15207971014391,28.624463768114904,27.639492753622186,27.74,87133.20000000001,0.03498750446272617,-0.4183673469373331
1997-11-24,27.13994816734442,27.34098482043586,26.7881340244344,27.15,79787.54000000001,0.020370370370406506,0.018181818183603433
1997-11-25,27.116855072462783,27.739999999998993,26.83543478260772,27.74,44380.8,0.03335804299484667,0.6888888888892382
1997-11-26,28.091212558642074,28.12136412847246,27.45802959220399,27.85,17762.11,0.023613595706653757,-0.36363636363429486
1997-11-27,27.84309963099528,27.92351291512812,27.119380073799736,27.24,59836.8,0.028880866426027735,-0.7499999999978137
1997-11-28,27.135922330096115,28.02035239122517,26.955016181228807,27.95,35568.99,0.039259259259294584,0.7641509433964504
1997-12-01,27.747278548558246,28.551547491994715,27.697011739593467,28.26,42446.1,0.030797101449310187,0.6000000000004769
1997-12-02,28.301051878353196,28.401552772807577,27.637745974954292,28.09,13947.05,0.026988636363670826,-0.27631578947201163
1997-12-03,28.221054897738497,28.221054897738497,27.98989953354762,28.01,23605.89,0.008190883190918262,-0.9130434782525955
1997-12-04,28.14799154333939,28.851691331922876,27.886617336151236,28.53,47451.36,0.03428571428574872,0.3958333333339627
1997-12-05,28.449735449734447,28.932275132274114,28.449735449734447,28.5,67331.25,0.016961130742084062,0.10416666666853133
1997-12-08,28.999636929459584,29.351452282156664,28.84885892116083,29.07,49539.96000000001,0.017331022530363234,0.14000000000171045
1997-12-09,29.127907451513128,29.539999999998994,29.127907451513128,29.54,98809.18000000001,0.0141476880607654,1.000000000000013
1997-12-10,29.700407193755357,30.30346114692805,29.52954190702309,29.62,183539.16,0.026057529610861805,-0.10389610389467298
1997-12-11,29.60929054053954,30.10177364864763,29.398226351350356,29.75,93121.6,0.023761031907704386,0.2000000000011448
1997-12-12,29.79974747474648,30.201767676766668,29.64898989898891,29.85,96198.3,0.018549747048936818,0.0909090909107342
1997-12-15,29.95385608260633,31.149999999998993,29.95385608260633,31.15,194276.31,0.03993288590607217,1.0000000000000044
1997-12-16,31.35737704917934,32.44282471626632,31.35737704917934,31.88,356057.0,0.034615384615415544,0.4814814814819593
1997-12-17,31.83668421052527,31.83668421052527,30.157894736841115,30.56,236572.8,0.05273129144303575,-0.7604790419151176
1997-12-18,30.15609756097463,31.060780487803864,29.854536585364883,30.91,142403.25,0.040000000000031705,0.6250000000003172
1997-12-19,31.661797752807974,31.661797752807974,30.928048154092107,31.31,111703.9,0.023174603174634035,-0.47945205479250136
1997-12-22,31.154943644332146,32.28090482153937,31.024251721977738,32.11,228307.12,0.04033559212652312,0.7600000000001992
1997-12-23,32.26393233322592,32.54536227258116,31.178416852855694,31.49,111722.78,0.042367601246135755,-0.5661764705870902
1997-12-24,31.46191399935236,31.46191399935236,30.657775622372107,31.09,108038.49,0.025559105431340972,-0.46249999999817376
1997-12-25,30.95820224719002,31.561284109148264,30.5863017656491,31.31,101050.59999999999,0.03149350649353771,0.3608247422686993
1997-12-26,31.4622287010032,31.964820213798777,30.89932620667215,31.03,160091.82,0.03386581469651639,-0.4056603773571705
1997-12-29,31.664383561642808,31.664383561642808,30.809947814741335,30.82,83763.12,0.026984126984157718,-0.9882352941153191
1997-12-30,30.822168595040306,30.822168595040306,30.35973553718908,30.41,69665.75,0.015003261578636021,-0.8913043478219905
1997-12-31,30.151706700378313,31.87035398229988,30.151706700378313,31.8,88149.04000000001,0.05700000000003135,0.9590643274854068
1998-01-05,32.25042499999899,32.41127499999899,31.647237499999008,32.17,200256.0,0.02369077306736204,-0.10526315789327899
1998-01-06,32.17010631644678,32.41138211382013,31.767979987491195,32.15,157821.3,0.020000000000030497,-0.031249999998395676
1998-01-07,32.06136579196863,32.06136579196863,31.156813152069834,31.79,123325.37,0.02821316614423087,-0.2999999999985565
1998-01-08,31.661693936476365,31.79236124478563,31.038511389155243,31.33,159652.74000000002,0.023809523809554606,-0.4399999999980836
1998-01-09,31.313845915840616,32.650841584157405,30.962004950494094,32.49,365927.04,0.053932584269693024,0.6964285714287562
1998-01-12,33.082675925924896,33.97734567901129,32.52979012345578,32.57,238399.19999999998,0.04375569735645552,-0.3541666666657213
1998-01-13,31.563169860343244,32.16628775576382,29.31152971743978,30.95,299063.27,0.09044585987264031,-0.21478873239393956
1998-01-14,30.305914673560753,31.461861667743005,30.305914673560753,31.1,167354.46000000002,0.03814262023220422,0.6869565217394062
1998-01-15,31.810864040659727,32.01188055908412,30.353494282082902,31.64,125447.8,0.05213270142183071,-0.10303030302963473
1998-01-16,31.763518758084352,31.86403622250867,30.909120310477654,31.08,135924.32,0.030063291139271007,-0.7157894736824086
1998-01-19,32.064645161289285,32.16516129032154,31.059483870966737,31.16,143592.0,0.03448275862071984,-0.8181818181801641
1998-01-20,31.072844912741818,31.515162989791527,30.459631215013818,30.53,79569.40000000001,0.033969589129762646,-0.514285714284275
1998-01-21,30.540847121110836,31.04349437458534,30.259364659165115,30.38,60711.979999999996,0.025674786043481505,-0.20512820512666366
1998-01-22,30.656410256409274,31.359999999998994,30.254358974358006,31.36,68234.4,0.03606557377052319,0.6363636363639706
1998-01-23,31.66005080977988,31.840965385835766,30.765528739281336,31.65,73970.01,0.03396825396828454,-0.009345794391582622
1998-02-09,32.0950129198956,32.265891472867175,30.979276485787114,31.12,45604.08,0.04008769182589896,-0.757812499998628
1998-02-10,30.752173624916146,30.782332670641793,30.219363817096415,30.34,53901.479999999996,0.01830663615563841,-0.732142857139771
1998-02-11,30.159999999998995,30.662666666665647,29.757866666665677,30.16,38190.0,0.030000000000032157,1.1112046541771268e-12
1998-02-12,30.152801358233276,30.152801358233276,29.529643463496452,29.6,43379.85,0.020666666666699248,-0.8870967741905125
1998-02-13,30.15070328198158,30.653215003347942,29.547689216341947,30.01,25858.76,0.03666666666669873,-0.12727272727170624
1998-02-16,29.852568493149665,29.852568493149665,29.128869863012703,29.35,42398.4,0.02424242424245694,-0.6944444444420969
1998-02-17,29.12974164657151,29.99418532552429,28.928708232861563,29.18,32890.99,0.03657694962046092,0.04716981132165131
1998-02-18,29.147407658419887,29.69015249068012,29.127305997965806,29.66,31546.190000000002,0.019310344827619823,0.9107142857144545
1998-02-19,29.702058319038436,29.903087478558152,29.14922813035921,29.3,32035.85,0.025380710659931246,-0.5333333333312972
1998-02-20,29.63338189385954,29.65348595213217,28.94984391259005,28.98,29060.64,0.02374491180464618,-0.9285714285686895
1998-02-23,28.743461125043762,28.743461125043762,27.83894661411581,28.05,44711.82,0.03146853146856526,-0.7666666666647104
1998-02-24,27.63939174511124,28.24243301955003,27.589138305574675,27.76,29221.960000000003,0.02363636363639894,0.184615384616638
1998-02-25,27.723272727271695,27.743376623375596,26.959324675323675,27.09,36948.45,0.028281363306779154,-0.8076923076899888
1998-02-26,27.07566906474723,28.34201438848819,26.93496402877601,27.94,34082.8,0.05196733481814936,0.6142857142859901
1998-02-27,28.242278481011642,28.242278481011642,27.639240506328118,27.79,15290.449999999999,0.021352313167294478,-0.7499999999970979
1998-03-02,27.143453510435403,27.143453510435403,26.138140417456313,26.49,32226.050000000003,0.03703703703707257,-0.6499999999983549
1998-03-03,26.488684210525324,26.739999999998997,26.146894736841126,26.74,17662.4,0.022390891840644026,0.42372881356029407
1998-03-04,27.01689341578658,27.931527828300187,26.634958166605074,27.63,23998.77,0.0479910714286066,0.4728682170546712
1998-03-05,27.619088937092275,28.141720896600575,27.619088937092275,27.8,30094.08,0.018922852984023977,0.3461538461551094
1998-03-06,27.62248888888787,27.62248888888787,27.039481481480482,27.14,27972.0,0.021106259097560927,-0.8275862068934114
1998-03-09,27.142158706279535,27.142158706279535,26.679736743135514,26.73,16804.88,0.017037037037073207,-0.8913043478219844
1998-03-10,26.637918215612395,27.341561338288948,26.617814126393064,27.04,24425.199999999997,0.02716981132079122,0.5555555555561733
1998-03-11,27.444226415093308,27.444226415093308,26.53947169811221,26.64,34264.5,0.03296703296706824,-0.8888888888867978
1998-03-12,26.13035094485052,26.33135364442629,25.929348245274745,26.06,29326.829999999998,0.015384615384652996,-0.1749999999970785
1998-03-13,26.130401234566897,26.26105324073973,25.9695987654311,26.05,27241.920000000002,0.011153846153883954,-0.27586206896113286
1998-03-16,26.15946401225015,27.647396630933095,26.13935681470038,26.26,65273.880000000005,0.057647963105339615,0.06666666666728759
1998-03-17,26.37867874669587,26.800898452245118,26.37867874669587,26.63,100979.87999999999,0.01600609756101297,0.5952380952390678
1998-03-18,26.53430232558043,27.84091569767341,26.53430232558043,27.66,193328.0,0.049242424242460205,0.8615384615385698
1998-03-19,27.643710339677956,27.693971631204644,26.739007092197586,26.93,77824.95,0.034545454545489525,-0.7473684210507984
1998-03-20,26.92958317826472,27.19093784890111,26.668228507628335,27.01,65186.62,0.019410227696938266,0.15384615384778613
1998-03-23,27.00460886319742,27.00460886319742,25.64784585741712,26.08,82235.55,0.050241905470820566,-0.6814814814802385
1998-03-24,25.739042635657917,26.231511627905963,25.739042635657917,25.93,55753.8,0.019133151112884775,0.38775510204206703
1998-03-25,26.641711229945507,26.732192513367963,25.787165775400084,26.32,88148.06,0.035471698113243785,-0.3404255319134696
1998-03-26,26.231511627905963,26.231511627905963,25.81944573643311,25.93,75516.6,0.01570881226057395,-0.7317073170689626
1998-03-27,25.931529411763687,26.112447058822504,25.12745098039117,25.63,98736.0,0.03798449612406808,-0.3061224489782603
1998-03-30,25.779999999998996,26.232280701753368,25.327719298244627,25.78,134482.94999999998,0.035087719298283186,1.111497757033932e-12
1998-03-31,26.142860510804475,26.313728880156138,25.228212180745572,25.58,161200.3,0.04152249134951759,-0.5185185185171182
1998-04-01,24.01935081148464,25.225343320847887,23.61735330836356,24.15,218336.58000000002,0.0669456066945996,0.08125000000057636
1998-04-02,24.127555192149465,25.13286999182236,24.127555192149465,24.59,177555.14,0.04166666666670643,0.4600000000005398
1998-04-03,24.70926375404431,25.03094660194074,24.427791262134942,24.85,106048.79999999999,0.024410089503700907,0.23333333333461048
1998-04-06,25.032392638035784,25.132924335377293,24.42920245398673,24.58,133056.9,0.028112449799235602,-0.6428571428548007
1998-04-07,24.622452902728774,26.431449442521096,24.521953094962534,26.14,232269.30000000002,0.07755102040820092,0.7947368421053708
1998-04-08,26.12070406189454,26.130754352029935,25.527736943906167,25.98,139434.9,0.023085802231664995,-0.23333333333127595
1998-04-09,25.929498069497075,26.311405405404393,25.648092664091678,26.03,156617.3,0.025581395348874776,0.15151515151642944
1998-04-10,25.93477611940202,26.939999999999,25.93477611940202,26.94,180498.0,0.03875968992251776,1.0000000000000018
1998-04-13,27.180885746184323,27.643282471156397,26.949687383698286,27.01,214610.69,0.025517751479325956,-0.24637681159239166
1998-04-14,26.932662609356143,26.942715861543288,26.269147965004706,26.43,86572.97,0.025009331840275102,-0.7462686567138139
1998-04-15,26.33135364442629,26.431854994214177,25.929348245274745,26.06,95163.1,0.01908396946568606,-0.5399999999969319
1998-04-16,26.13213448006153,26.58442142298567,25.679847537137388,25.71,87739.4,0.034615384615421525,-0.466666666665043
1998-04-17,25.532027189123326,25.71296281487302,25.00932427029088,25.14,72629.04000000001,0.027559055118148403,-0.5571428571406298
1998-04-20,24.928959999999005,25.53207999999898,24.677659999999015,25.13,49600.0,0.03427419354842582,0.23529411764795602
1998-04-21,25.126508369014207,25.880303620084632,24.935546905409698,25.82,46473.21,0.037600000000038304,0.734042553191772
1998-04-22,25.83015192831999,26.13167121152995,25.52863264511003,25.8,62711.810000000005,0.02334630350198335,-0.04999999999824541
1998-04-23,26.131979695430452,26.33299492385684,25.619390862943163,25.74,47839.479999999996,0.027307692307729534,-0.549295774645712
1998-04-24,25.93604519773914,26.94131826741895,25.93604519773914,26.69,162353.25,0.0387596899225176,0.7500000000002522
1998-04-27,27.337534033448954,27.438039673277814,25.749544924153025,25.84,153000.21,0.061764705882387305,-0.8869047619036395
1998-04-28,25.728942270436825,26.331964354900187,25.728942270436825,25.94,83830.87999999999,0.023437500000037907,0.35000000000107745
1998-04-29,26.332066692515465,26.332066692515465,25.628538193097114,25.92,74326.78,0.0267175572519453,-0.5857142857120325
1998-04-30,25.939049999999003,26.129999999998997,25.01444999999904,26.13,97942.0,0.04300658659438015,0.1711711711719169
1998-05-04,26.439048338367588,27.14274924471197,26.318413897279978,26.62,159833.28,0.031178707224371136,0.21951219512289882
1998-05-05,26.742028985506227,26.943096872615296,26.33989321128809,26.36,86893.08,0.022556390977480117,-0.6333333333306201
1998-05-06,26.332943013269855,26.353044496486092,25.70979703356652,25.75,74989.74,0.024427480916067685,-0.9062499999970255
1998-05-07,25.750152403281525,26.664775302851634,25.42852676826786,25.72,105840.24,0.04800936768153577,-0.024390243901606785
1998-05-08,25.618887592375508,26.000809023725164,25.22691559704297,25.84,70239.72,0.03020792467638145,0.2857142857152196
1998-05-11,26.11208447399194,26.28294876808657,25.6798983183408,25.7,81159.18000000001,0.0230946882217463,-0.6833333333305368
1998-05-12,25.73117855735019,26.012613322821206,25.479897516751066,25.5,49370.020000000004,0.020703125000038035,-0.43396226414824773
1998-05-13,25.610769838135592,26.093233320172683,25.279076194235092,25.46,69657.5,0.03178963893253386,-0.18518518518373026
1998-05-14,25.510928571427563,25.732063492062476,25.139019841268848,25.33,54306.0,0.02324665090626371,-0.30508474576051114
1998-05-15,25.811484836548807,25.83158723906948,25.42953918865595,25.52,64465.21,0.01557632398757697,-0.7249999999957055
1998-05-18,25.480773809522802,25.52098015872915,25.249587301586303,25.33,45208.799999999996,0.010650887574003313,-0.5555555555498243
1998-05-19,25.230624499598672,25.431665332264796,24.738074459566665,25.11,33473.2,0.027490039840676002,-0.17391304347656544
1998-05-20,25.953729083664303,25.953729083664303,25.109378486054776,25.23,46535.4,0.03253292021692336,-0.8571428571406506
1998-05-21,25.231255028156667,25.231255028156667,24.829163314560542,24.99,34008.479999999996,0.01593625498011879,-0.5999999999960056
1998-05-22,25.129999999998997,25.431559999998985,25.029479999999,25.13,46600.0,0.01600000000003915,2.4917062709393404e-12
1998-05-25,25.129999999998997,25.129999999998997,25.129999999998997,25.13,0.0,3.979307600477518e-14,1.0018652574217413
1998-05-26,25.19243089430792,25.19243089430792,24.62947154471445,24.73,42951.600000000006,0.022346368715122484,-0.8214285714253291
1998-05-27,24.520427807485625,24.832085561496307,24.42994652406317,24.44,69794.01,0.016400164001680085,-0.19999999999700602
1998-05-28,24.5293110476957,24.830900937626385,24.5293110476957,24.66,44644.6,0.012295081967253407,0.43333333333522356
1998-05-29,24.659367139958434,25.383164300201813,24.659367139958434,24.78,50779.0,0.029351814105216714,0.16666666666782384
1998-06-01,24.930685042560807,25.031211998377582,24.67936765301886,24.8,60416.83,0.014112903225845994,-0.37142857142466085
1998-06-02,24.801169734150314,24.811222903884463,24.44930879345503,24.58,62005.2,0.014592622618604728,-0.611111111106649
1998-06-03,24.631611570246918,24.631611570246918,24.128925619833716,24.33,49295.4,0.020408163265345874,-0.5999999999968134
1998-06-04,24.299145088367275,24.630908343607704,24.20866420057443,24.46,36276.03,0.017376913529208834,0.3809523809538507
1998-06-05,24.476721377100706,25.130104083265607,24.446565252200784,25.11,53082.5,0.02792607802878707,0.9264705882354047
1998-06-08,25.131207105368386,25.332256762211333,24.869842551472555,24.9,46220.82,0.01840000000003906,-0.49999999999675215
1998-06-09,24.832740801983267,24.832740801983267,24.128978916906817,24.32,50024.920000000006,0.028340080971699076,-0.7285714285689668
1998-06-10,24.207875816992473,24.83116830065258,24.207875816992473,24.61,29131.2,0.025747508305688078,0.6451612903231608
1998-06-11,24.631611570246918,24.73214876032956,24.329999999998996,24.33,23086.8,0.016326530612284965,-0.7499999999956372
1998-06-12,25.0203666398056,25.130942788073124,24.64842868654212,24.95,35120.3,0.019284853354800225,-0.14583333333095277
1998-06-15,24.93283889575505,24.95294602389679,24.12855377008553,24.4,30677.28,0.033064516129071124,-0.6463414634126315
1998-06-16,24.32110091743018,24.331150959131598,23.617597998330957,24.1,34123.54,0.029338842975246658,-0.3098591549277326
1998-06-17,24.131981371717863,24.252591024554434,23.619390347162422,23.74,8786.640000000001,0.026239067055433832,-0.6190476190450632
1998-06-18,23.778398665553638,24.622602168472703,23.778398665553638,24.1,32588.82,0.03550295857992226,0.38095238095312045
1998-06-19,24.148713932398014,24.62123248144993,24.07833882934773,24.39,23338.120000000003,0.022481265612030385,0.4444444444454836
1998-06-22,24.447586763517982,24.930104923324258,24.40737691686746,24.91,46338.6,0.02138157894740843,0.8846153846156124
1998-06-23,24.910951219511187,24.931056910568095,24.478678861787625,24.73,26986.2,0.01815980629543898,-0.3999999999969011
1998-06-24,24.810582010581005,24.93121693121592,24.67989417989318,24.7,31277.61,0.010129659643475942,-0.43999999999426465
1998-06-25,24.979791666665626,24.979791666665626,24.469999999998983,24.47,24672.0,0.020408163265345263,-0.9999999999960454
1998-06-26,24.47494736842002,24.47494736842002,24.169010526314768,24.22,27787.5,0.012500000000040354,-0.833333333327267
1998-06-29,24.273939393938342,24.273939393938342,23.468207792206776,23.56,22522.5,0.03319327731096415,-0.8860759493647244
1998-06-30,23.57731868131765,23.57731868131765,23.199999999998983,23.2,35740.25,0.016003460207654252,-0.9999999999946569
1998-07-01,23.68132450331022,23.81390728476717,22.95721854304535,23.1,19048.649999999998,0.036175710594356016,-0.6785714285694495
1998-07-02,23.092232597622115,24.162733446518505,23.041256366722287,24.02,74214.0,0.04856512141284477,0.8272727272728934
1998-07-03,23.655873558307405,24.26766339171191,23.604891072190362,23.87,25797.82,0.02801724137935159,0.3230769230779728
1998-07-06,23.87516630669444,24.170928725700904,23.538609071273285,23.61,19191.35,0.026484408372531163,-0.4193548387074113
1998-07-07,23.543139991276774,23.645102485825397,23.247448757085774,23.38,14514.69,0.016890428757079363,-0.4102564102528168
1998-07-08,23.458008658007643,23.96796536796433,23.356017316016302,23.56,19635.0,0.026086956521780683,0.16666666666805857
1998-07-09,23.533933566432538,23.533933566432538,23.126066433565423,23.33,11234.08,0.01733102253037101,-0.4999999999962786
1998-07-10,23.33463498919986,24.13013390928622,23.253045356370492,23.61,22108.25,0.03758741258745371,0.31395348837289444
1998-07-13,23.452136752135754,24.237273504272473,23.452136752135754,23.86,17386.2,0.03347826086960643,0.5194805194811505
1998-07-14,23.85938650306651,25.28687116564314,22.9213251533733,24.93,453351.89999999997,0.09914529914533692,0.45258620689679074
1998-07-15,24.156065299287395,24.778066136457735,24.064294683967184,24.36,202706.65,0.02954833262984175,0.28571428571531254
1998-07-16,24.475862068964464,24.475862068964464,23.547818965516228,23.66,52084.0,0.037916666666705956,-0.8791208791188347
1998-07-17,23.659603789835334,23.863565891471843,23.374056847544217,23.68,33483.24,0.020689655172455117,0.04166666666865484
1998-07-20,23.709688049208097,23.760676625658007,23.04683655535927,23.21,33821.36,0.030107526881761274,-0.699999999997591
1998-07-21,22.944587628864994,24.168298969071127,22.944587628864994,23.74,26515.920000000002,0.05333333333337461,0.6500000000003004
1998-07-22,22.842105263156892,23.739473684209486,22.842105263156892,23.25,12996.0,0.03928571428575642,0.45454545454608464
1998-07-23,23.45544554455345,23.740990099008883,23.149504950494055,23.69,16075.16,0.02521739130438945,0.39655172413898093
1998-07-24,23.60703862660843,24.218884120170635,23.556051502144914,23.76,33412.200000000004,0.028077753779738732,0.23076923077042463
1998-07-27,24.24530391340449,24.877435470440265,23.970020815985684,24.49,76239.48,0.037426408746885666,0.2696629213491342
1998-07-28,24.577932489450443,24.71051054852217,24.139405063290127,24.17,32848.2,0.02323651452286127,-0.7142857142826827
1998-07-29,24.175894916701235,24.563361811190752,23.75783853054149,23.87,21864.94,0.033319274567732954,-0.3797468354413044
1998-07-30,24.214716902580175,24.97939217318797,23.90884679433706,24.49,49529.24,0.04421052631582893,0.2571428571435671
1998-07-31,24.574926624736918,24.60551781970547,24.269014675051395,24.32,18817.65,0.013692946058131424,-0.7575757575704829
1998-08-03,24.468193384222882,24.468193384222882,23.907463952501107,24.04,19123.379999999997,0.022916666666706626,-0.7636363636331867
1998-08-04,23.966954643627478,24.425896328292687,23.508012958962272,23.61,14954.9,0.038297872340465694,-0.388888888887358
1998-08-05,23.40309012875436,23.96394849785305,23.40309012875436,23.76,13281.0,0.02396514161224217,0.6363636363643215
1998-08-06,23.554525579360583,23.96239615216336,23.279212942718704,23.32,24127.850000000002,0.029004329004370197,-0.3432835820875621
1998-08-07,23.149999999998983,23.47634361233377,23.048017621144364,23.15,19022.6,0.018502202643214144,2.37220279188068e-12
1998-08-10,23.125746373419602,23.125746373419602,21.41272812353667,21.79,38230.93,0.07407407407411407,-0.7797619047608562
1998-08-11,21.78922009569274,22.115497607654447,21.238626794257357,21.31,27671.6,0.04024333177355846,-0.5465116279051945
1998-08-12,21.307282051280957,21.307282051280957,19.370256410255415,19.88,46488.0,0.09090909090913361,-0.7368421052622507
1998-08-13,20.013936810430287,20.472738214642902,19.871198595786364,20.33,28913.000000000004,0.03005603667860164,0.5254237288143835
1998-08-14,20.182528925618726,20.182528925618726,18.357024793387424,18.51,63379.799999999996,0.09044972208190447,-0.9162011173173774
1998-08-17,17.53787599754343,17.639840392877986,16.609999999998983,16.61,37727.64,0.05872093023261174,-0.9009900990080391
1998-08-18,16.195160051215353,16.715281690139776,15.175313700383153,15.93,55076.119999999995,0.09508816120912382,-0.17218543046280296
1998-08-19,15.807647402217407,17.520992410973875,15.807647402217407,17.47,67680.62999999999,0.10838709677424999,0.9702380952381234
1998-08-20,17.44019894675147,17.848156816850917,16.94045055587964,17.43,60447.33,0.052046783625785485,-0.011235955055046865
1998-08-21,17.42940420560646,17.531390186914866,16.980665887849476,17.46,62351.04,0.03159742539502347,0.05555555555730576
1998-08-24,17.33585124927267,17.845729227192457,17.131900058104762,17.55,46673.520000000004,0.041176470588290444,0.3000000000010091
1998-08-25,17.33449074073974,17.61999999999898,17.232523148147152,17.62,27734.4,0.02235294117652699,0.7368421052638877
1998-08-26,17.382928994081816,17.535857988164647,17.22999999999898,17.23,20905.3,0.017595307917945297,-0.4999999999950374
1998-08-27,16.476088019558894,17.12860635696717,16.476088019558894,16.68,18012.36,0.03960396039609798,0.3125000000010844
1998-08-28,16.420996884734183,16.57398753893978,16.329202492210825,16.37,19099.5,0.014906832298196433,-0.20833333332833073
1998-08-31,16.10961420698003,16.64999999999898,15.24295774647794,16.65,29018.409999999996,0.08734177215195532,0.38405797101494366
1998-09-01,16.838557213929302,16.838557213929302,16.165422885571136,16.4,16626.719999999998,0.03997577225929381,-0.6515151515126733
1998-09-02,16.419801365610407,16.521787709496184,16.21582867783885,16.43,15030.63,0.018633540372730416,0.03333333333654031
1998-09-03,16.216221255437155,16.52218769421899,16.216221255437155,16.41,11504.35,0.018867924528362428,0.6333333333345877
1998-09-04,16.32019405700326,17.11580351728217,16.32019405700326,16.82,22195.539999999997,0.048750000000058406,0.6282051282056138
1998-09-07,17.03302052785824,17.44099706744766,16.98202346040956,17.39,42386.3,0.02694610778448849,0.7777777777782945
1998-09-08,17.494680851062796,17.79033687943157,17.23980496453799,17.25,36090.36,0.03146853146858672,-0.4444444444417872
1998-09-09,17.151716937353996,17.610591647330764,17.029350348026856,17.58,27170.239999999998,0.033888228299699466,0.7368421052636409
1998-09-10,17.66017957351192,18.353535353534326,17.66017957351192,18.17,78586.2,0.03926096997695972,0.7352941176474678
1998-09-11,18.17237288135491,18.61087570621364,17.958220338982038,18.05,62056.2,0.035914702581422354,-0.1874999999981559
1998-09-14,18.359002770082085,18.40999999999898,17.991822714680445,18.41,50684.4,0.022777777777830934,0.12195121951434301
1998-09-15,18.382345058625443,18.74938023450482,18.198827470685757,18.26,44649.63,0.0299500831947282,-0.2222222222199716
1998-09-16,18.248055555554544,18.60486111111008,18.044166666665667,18.35,59058.0,0.030726256983293253,0.1818181818196755
1998-09-17,18.215979498860015,18.35876993166183,17.899800683370284,17.91,63409.159999999996,0.025195968645070288,-0.6666666666630029
1998-09-18,17.84860557768823,18.011792828684236,17.695617529879474,17.92,44170.98,0.01771428571434068,0.22580645161541577
1998-09-21,17.6442786069642,18.511194029849722,17.32810945273536,18.45,29920.86,0.06705202312144007,0.6810344827589067
1998-09-22,18.083453663792135,18.970797413792088,18.083453663792135,18.93,135525.12,0.049069373942523024,0.9540229885058138
1998-09-23,18.932198207695368,19.625461254611512,18.932198207695368,19.34,204534.53999999998,0.036618201400158416,0.5882352941182666
1998-09-24,19.35750276242987,19.581878453037593,18.358011049722744,18.46,50155.100000000006,0.06322444678613896,-0.7333333333319013
1998-09-25,18.45509536784641,18.944512261579348,18.353133514985377,18.71,29745.350000000002,0.03204419889507996,0.4310344827596097
1998-09-28,18.867955801103932,19.00054143646304,18.23562430939126,18.46,26625.100000000002,0.04054054054059131,-0.5333333333313053
1998-09-29,18.46569584736148,18.46569584736148,18.1496071829395,18.17,49806.9,0.017117614577634638,-0.9354838709615625
1998-09-30,18.359600443950146,18.512597114316396,18.155604883461812,18.38,12794.199999999999,0.019444444444497704,0.05714285714555239
1998-10-05,18.386637362636353,18.55999999999898,18.25406593406493,18.56,13431.6,0.016638935108206604,0.5666666666681391
1998-10-06,18.400972222221203,18.747583333332294,18.146111111110105,18.35,10746.0,0.032686980609470825,-0.0847457627100308
1998-10-07,18.152281473336,18.61118746563944,18.101291918635617,18.55,21882.570000000003,0.02808988764050308,0.7800000000004698
1998-10-08,18.55705722070744,18.852746594004422,18.404114441415892,18.71,44627.200000000004,0.02417582417587669,0.3409090909106002
1998-10-09,18.86573311367277,18.967710049422358,18.4680230642494,18.57,12309.960000000001,0.026486486486538226,-0.591836734690652
1998-10-12,18.555865921786673,18.7597765363118,18.199022346367702,18.25,13353.4,0.030219780219832276,-0.5454545454517579
1998-10-13,18.251966292133805,18.35393258426863,18.129606741572015,18.15,12976.2,0.012290502793350122,-0.45454545453888584
1998-10-14,18.087453833239053,18.638030218241823,18.087453833239053,18.22,5897.1,0.03043968432925334,0.24074074074215568
1998-10-15,18.14901960784212,18.35294117646956,18.108235294116636,18.2,11870.250000000002,0.013483146067469934,0.2083333333366475
1998-10-16,18.349999999998985,18.635444444443415,18.207277777776767,18.35,21834.0,0.02333333333338684,2.373085509072668e-12
1998-10-19,18.355263157893734,18.630592105262142,18.33486842105163,18.6,37282.56,0.016111111111164766,0.8275862068971904
1998-10-20,18.635444444443415,18.676222222221188,18.248055555554544,18.35,15786.0,0.022975929978170676,-0.6666666666627366
1998-10-21,18.128828620887592,18.20020196191471,17.537449509520055,17.67,35665.14,0.036557930258770965,-0.6923076923051126
1998-10-22,17.41762790697573,17.743953488371062,17.274860465115278,17.54,23202.8,0.0269320843091892,0.26086956521900917
1998-10-23,17.651578641902635,17.855525246661767,17.3558560650019,17.57,14197.52,0.02830733679959299,-0.163265306120086
1998-10-26,17.568446428570383,17.568446428570383,17.007642857141846,17.13,25905.600000000002,0.031921067904872195,-0.7818181818149731
1998-10-27,17.43390532544276,17.43390532544276,17.077071005916153,17.23,12252.499999999998,0.020467836257366076,-0.5714285714241212
1998-10-28,17.266619883039926,17.592982456139325,17.256421052630575,17.44,9251.1,0.01949202598942462,0.5151515151530224
1998-10-29,17.45999999999898,17.745560747662513,17.347815420559737,17.46,15510.720000000001,0.022780373831831385,2.5635218224693635e-12
1998-10-30,17.49685912240084,18.03726327944469,17.456073903001304,17.66,24698.32,0.03321678321683861,0.28070175438723344
1998-11-02,17.744651952460796,18.050594227503222,17.744651952460796,18.02,13658.910000000002,0.01724137931040013,0.9000000000003934
1998-11-03,19.376444689046817,19.376444689046817,18.234254265271424,18.53,50567.11000000001,0.058947368421101286,-0.741071428569887
1998-11-04,18.66539101497401,18.716389351080498,18.339001663892496,18.39,21004.95,0.020218579235025288,-0.7297297297250951
1998-11-05,18.30505494505394,18.763956043955012,18.30505494505394,18.56,20620.6,0.025069637883061588,0.5555555555565651
1998-11-06,18.555314533621555,19.003904555313504,18.504338394792924,18.8,82703.40000000001,0.02692307692312933,0.4897959183684061
1998-11-09,18.965082644627124,19.739999999998982,18.842727272726304,19.74,128240.64,0.04731182795703935,0.8636363636365332
1998-11-10,19.734973821988497,19.989947643978013,19.42900523560108,19.48,123195.00000000001,0.028423772609868392,-0.45454545454282713
1998-11-11,19.478217821781165,19.63118811881086,18.97851485148416,19.57,54211.75,0.03350785340319112,0.14062500000134448
1998-11-12,19.62905800957852,19.751420968599273,19.088621607236878,19.16,34686.34,0.033766233766283196,-0.7076923076897009
1998-11-13,19.326962365590354,19.326962365590354,18.888408602149518,18.97,25835.4,0.022691292876040013,-0.8139534883679044
1998-11-16,18.962210526314795,19.502531578946343,18.860263157893748,19.37,34162.0,0.03387096774198629,0.6349206349212323
1998-11-17,19.675842105262127,19.72681578947265,19.06415789473584,19.37,34770.0,0.0336787564767332,-0.46153846153623046
1998-11-18,19.35453866666564,19.476906666665634,19.06901333333232,19.12,22912.5,0.021074815595414166,-0.5749999999960997
1998-11-19,19.063695299836894,19.063695299836894,18.85980551053383,18.87,17010.690000000002,0.010695187165827161,-0.9499999999903406
1998-11-20,18.75805405405304,19.043502702701673,18.75805405405304,18.86,11766.0,0.015217391304400276,0.35714285714517446
1998-11-23,18.762899786779382,19.36453624733372,18.609941364604552,19.13,18684.960000000003,0.04021739130439888,0.48648648648719517
1998-11-24,19.13358449946076,19.225376749191646,18.929601722281003,18.95,14510.98,0.01545842217489168,-0.620689655166873
1998-11-25,18.9657018022928,18.9860950300372,18.659803386126786,18.67,12560.66,0.017204301075320567,-0.9062499999941137
1998-11-26,18.571987852014438,18.90854776366544,18.276223081169615,18.47,24394.17,0.03404722679851441,-0.16129032257878229
1998-11-27,18.357954545453502,18.45994318181713,17.848011363635347,17.95,21700.800000000003,0.03333333333338602,-0.666666666663911
1998-11-30,17.94762979683872,18.10059255078905,17.94762979683872,18.07,10986.4,0.008522727272782528,0.8000000000014219
1998-12-01,18.104392470050307,18.104392470050307,17.849401026810163,17.88,7730.7300000000005,0.014084507042307896,-0.8799999999925547
1998-12-02,17.84116972476962,17.84116972476962,17.576100917430185,17.78,11632.480000000001,0.014857142857198144,-0.23076923076451558
1998-12-03,17.94881087202617,18.132378255944616,17.795838052094123,18.01,5827.8,0.018750000000054813,0.18181818182066076
1998-12-04,18.00783342712336,18.20157568936308,17.84468204839517,18.12,8760.61,0.019818799547053526,0.31428571428767554
1998-12-07,18.328989726026354,18.359589041094846,17.84960045661999,17.87,9583.44,0.02782415136343651,-0.8999999999962367
1998-12-08,17.939404086264588,18.153575482405326,17.847616345061414,17.97,2625.38,0.017055144968787135,0.10000000000300573
1998-12-09,18.000795002838274,18.13337876206598,17.847813742190926,17.96,11094.3,0.01586402266294418,-0.1428571428530685
1998-12-10,17.965689555682754,17.965689555682754,17.63941142527308,17.67,8647.669999999998,0.018161180476785485,-0.9062499999941169
1998-12-11,17.13847126436683,17.73999999999898,17.13847126436683,17.74,9622.199999999999,0.035098155859663555,1.0000000000000326
1998-12-14,17.744755244754213,17.744755244754213,17.347027972026964,17.5,4856.28,0.022413793103503308,-0.6153846153805114
1998-12-15,17.33999999999898,17.503199999998973,17.135999999998994,17.34,10166.0,0.021176470588291783,2.7767669548284996e-12
1998-12-16,17.433707865167513,17.46429331756254,17.189024246007264,17.24,3568.01,0.01578947368426691,-0.7037037036974686
1998-12-17,17.26097748815064,17.332345971562958,17.02648104265302,17.21,13014.48,0.017720023626755226,-0.16666666666279786
1998-12-18,17.12980368827977,17.33372992266405,17.12980368827977,17.14,4370.599999999999,0.011904761904819415,0.05000000000473128
1998-12-21,17.130393325386347,17.28334326579158,17.038623361143205,17.11,3490.2400000000002,0.014285714285771684,-0.08333333332883718
1998-12-22,17.18269454123013,17.641579558651706,17.141904761903763,17.56,7301.28,0.02908011869441878,0.7551020408168432
1998-12-23,17.543394010568555,17.553593658249117,17.13540810334603,17.37,8055.1900000000005,0.023837209302381153,-0.4146341463380368
1998-12-24,17.18824778760961,17.3411681415919,17.18824778760961,17.28,5932.5,0.008896797153082598,0.6000000000027301
1998-12-25,17.288402818554477,17.675989430415875,17.237404580151658,17.37,3814.7200000000003,0.02536873156347838,0.1860465116298048
1998-12-28,17.434499110846627,17.434499110846627,17.19999999999898,17.2,5533.360000000001,0.013450292397717544,-0.9999999999913874
1998-12-29,17.15578947368317,17.206787658801137,16.788602540833832,16.86,13554.6,0.02437574316295805,-0.7073170731666032
1998-12-30,16.823926380367066,17.02785276073515,15.814490797545043,16.62,17555.100000000002,0.0721212121212672,-0.16806722688977682
1998-12-31,16.710195360194344,16.822344322343298,16.628632478631467,16.7,4307.94,0.011592434411285482,-0.052631578941859145
1999-01-04,16.674767225324853,16.827746741153522,16.317815021724627,16.43,6121.8,0.030581039755409847,-0.4799999999970659
1999-01-05,16.312736443882958,16.312736443882958,16.027263556115006,16.17,9928.359999999999,0.01750000000006024,-0.4999999999946768
1999-01-06,16.319401122893556,16.44179663131526,16.125608234559195,16.35,4809.0,0.019375000000060223,0.09677419355130688
1999-01-07,16.370799500311282,16.50339787632626,16.217801374140148,16.33,4738.96,0.017445482866103465,-0.14285714285307782
1999-01-08,16.368874172184448,16.93999999999898,16.317880794701008,16.94,11859.539999999999,0.03800623052965366,0.9180327868854098
1999-01-11,17.003883495144603,17.003883495144603,16.310679611649498,16.8,6641.4400000000005,0.0407673860911836,-0.294117647056932
1999-01-12,16.721175030598733,16.77215422276519,16.619216646265816,16.66,6127.5,0.009146341463473727,-0.3999999999907315
1999-01-13,16.429999999998984,16.521787709496184,16.368808193667515,16.43,10278.18,0.009310986964678579,6.6419095826415556e-12
1999-01-14,16.394139194138194,16.761172161171142,16.33296703296604,16.7,6142.5,0.026119402985134123,0.7142857142864203
1999-01-15,16.724953560370484,16.724953560370484,16.39861300309496,16.47,6233.9,0.019512195122009853,-0.7812499999944905
1999-01-18,16.469706058787253,17.05098980203857,16.469706058787253,17.0,14652.930000000002,0.03529411764711745,0.9122807017545725
1999-01-19,17.0280357142847,17.33392857142754,16.926071428570424,17.13,12885.6,0.023952095808440314,0.2500000000018848
1999-01-20,17.130590339891647,17.31413237924763,17.079606440070542,17.1,8770.71,0.013690476190533856,-0.1304347826037978
1999-01-21,17.100986842104245,17.1111842105253,16.907236842104254,17.05,6504.08,0.011926058437744342,-0.24999999999378777
1999-01-22,17.43689552238702,17.43689552238702,17.049408955222862,17.08,7437.0,0.02222222222227833,-0.9210526315739421
1999-01-25,16.821951219511174,17.03604878048677,16.719999999998983,16.72,10627.199999999999,0.018787878787937178,-0.3225806451570609
1999-01-26,16.725356478610248,16.725356478610248,16.409206447612128,16.45,11500.689999999999,0.01890243902444887,-0.8709677419295119
1999-01-27,16.418024691357015,16.621975308640952,16.418024691357015,16.52,7938.0,0.012422360248507276,0.5000000000025304
1999-01-28,16.521588089329,16.521588089329,16.41960297766648,16.44,8285.68,0.006172839506232824,-0.7999999999821718
1999-01-29,16.329202492210825,16.47199376946938,16.329202492210825,16.37,7142.25,0.008744534665894239,0.28571428571941127
1999-02-01,16.313527180782785,16.313527180782785,16.109608091023002,16.13,8305.5,0.012500000000060404,-0.8999999999905915
1999-02-02,16.10650813516795,16.340969962452043,16.10650813516795,16.29,6056.42,0.014556962025377818,0.7826086956531868
1999-02-03,16.299599999998982,16.523999999998967,16.299599999998982,16.32,4544.0,0.01376720901132453,0.09090909091322959
1999-02-04,16.31612492033038,16.31612492033038,15.85723390694609,16.0,6087.72,0.028125000000059477,-0.6888888888851671
1999-02-05,15.90769230769126,15.958678500985142,15.4998027613402,15.51,13111.02,0.028846153846214986,-0.8666666666625495
1999-02-08,15.19136884693087,15.39527983816484,15.089413351313883,15.12,8497.59,0.02013422818798389,-0.23333333332923653
1999-02-09,14.994392523363484,15.300400534044371,14.994392523363484,15.28,7070.56,0.02040816326537146,0.9333333333336189
1999-03-01,15.39310575635774,15.39310575635774,15.087282463185069,15.23,7455.0599999999995,0.019867549668937844,-0.5333333333282588
1999-03-02,15.197999999998988,15.585599999998962,15.197999999998988,15.3,7215.0,0.025503355704762105,0.2631578947387938
1999-03-03,15.290885585002242,15.800581771168984,15.199140271492228,15.77,6435.52,0.03933333333339625,0.7966101694918967
1999-03-04,15.508430346630773,15.651177240025138,15.498234139959745,15.59,4327.07,0.009861932938919906,0.5333333333364997
1999-03-05,15.57902152641777,15.701369863012674,15.405694716241657,15.63,7649.67,0.018979057591685992,0.1724137931063153
1999-03-08,15.651177240025138,15.661373446696164,15.396272073249484,15.59,12400.189999999999,0.016938110749248447,-0.23076923076451825
1999-03-09,15.626597805034498,15.810200129114536,15.595997417687823,15.8,12330.04,0.01370757180162971,0.8095238095247943
1999-03-10,15.79552268244472,15.79552268244472,15.4998027613402,15.51,4304.43,0.01872175597165682,-0.9655172413725869
1999-03-11,15.770777705766966,15.80136098509295,15.454750486065105,15.73,14859.09,0.02197802197808396,-0.11764705882025703
1999-03-12,15.809202059201043,15.911196911195887,15.656209781208775,15.85,10769.22,0.016129032258126678,0.1600000000033668
1999-03-15,15.782001258652246,16.31214600377493,15.659660163623933,16.2,21912.31,0.04134366925070679,0.6406250000005823
1999-03-16,16.009212198220073,16.26413595933823,15.805273189325552,16.05,11993.880000000001,0.028662420382226297,0.08888888889092465
1999-03-17,16.010395408162243,16.030790816325506,15.806441326529603,15.99,14551.039999999999,0.014012738853564738,-0.09090909090413224
1999-03-18,15.924732536185276,16.21019509125134,15.751415984895166,16.2,17653.79,0.028809218950125226,0.6000000000009131
1999-03-19,16.211955855302502,16.82372777437052,16.089601471488898,16.63,49712.88,0.04528301886798348,0.5694444444450536
1999-03-22,16.72819890842834,17.136203759853423,16.49359611885892,16.82,23316.859999999997,0.03841463414639886,0.1428571428585041
1999-03-23,16.80353374233026,16.823926380367066,16.314110429446853,16.62,9160.6,0.030339805825300378,-0.3599999999972961
1999-03-24,16.342019464719204,16.800778588806764,16.311435523113364,16.76,42530.280000000006,0.029943855271425537,0.8541666666670008
1999-03-25,16.632371834464696,17.09126621371112,16.428418777021843,16.51,47825.26,0.03985285101170717,-0.18461538461356958
1999-03-26,16.505059635906054,16.576421845573346,16.189026993093773,16.24,12473.19,0.02347127856707583,-0.6842105263113879
1999-03-29,16.21295238095135,16.21295238095135,15.988622222221206,16.06,8111.25,0.013836477987482172,-0.681818181810598
1999-03-30,16.78573902288084,16.826530612243857,16.112677798391086,16.49,43788.36000000001,0.042527339003702334,-0.4142857142837038
1999-03-31,16.513996361430173,16.952601576712137,16.350794420860144,16.82,84478.26999999999,0.03644224830147888,0.5084745762720307
1999-04-01,16.52218769421899,16.79755748912264,16.216221255437155,16.41,15221.14,0.03518518518524363,-0.19298245613826936
1999-04-02,16.401599999998975,16.442399999998973,16.105799999998993,16.32,28976.0,0.020522388059761237,-0.24242424242049174
1999-04-05,16.31214600377493,16.516047828822117,15.904342353680557,16.2,22532.02,0.03750000000005904,-0.1833333333313642
1999-04-06,15.903197492162013,16.718746081503653,15.903197492162013,16.26,15758.599999999999,0.05128205128211084,0.4375000000007156
1999-04-07,16.21616420782449,16.26715843489312,15.89999999999898,15.9,22137.8,0.02264150943402247,-0.8611111111059948
1999-04-08,15.861401808784503,16.014405684753484,15.789999999998978,15.79,13281.84,0.014147909967907747,-0.31818181817585195
1999-04-09,15.800581771168984,15.861745313508992,15.698642533935635,15.77,14015.82,0.010322580645223928,-0.18749999999259623
1999-04-12,15.755134957207652,15.86730743910363,15.377827518103004,15.49,18167.239999999998,0.03106796116511005,-0.5416666666634743
1999-04-13,15.45279813457592,15.45279813457592,15.299800133243485,15.31,15880.58,0.00990099009907397,-0.9333333333205671
1999-04-14,15.30920265780629,15.513189368769734,15.29900332225812,15.35,11106.9,0.013990672884807926,0.19047619048006798
1999-04-15,15.299401197603773,15.401397205587797,15.279001996006969,15.33,12354.66,0.008000000000064716,0.2500000000062917
1999-04-16,15.32547837483517,15.610982961991116,15.315281782436744,15.56,13428.8,0.019294743845706123,0.7931034482766238
1999-04-19,15.503393213571822,15.707385229539874,15.309600798402174,15.33,11407.769999999999,0.02565789473690504,-0.4358974358937734
1999-04-20,15.351200800532665,15.494002668444594,15.249199466309854,15.29,6610.59,0.0159468438538847,-0.24999999999481368
1999-04-21,15.275322909584276,15.295717199183187,14.989802855199523,15.0,12179.880000000001,0.02002670226975711,-0.8999999999937163
1999-04-22,14.99440607734703,14.99440607734703,14.280386740330506,14.77,16782.32,0.04761904761911102,-0.31428571428384555
1999-04-23,14.785312719605425,14.887280393533738,14.387638791285003,14.51,15496.470000000001,0.033793103448341195,-0.5510204081601204
1999-04-26,14.295702840494222,14.295702840494222,13.98980335032673,14.0,14320.390000000001,0.02139800285313539,-0.9666666666601702
1999-04-27,13.996801195813601,13.996801195813601,13.568639760836056,13.64,13072.26,0.030589949016820786,-0.8333333333290049
1999-04-28,13.565999999998994,14.045399999998958,13.565999999998994,13.77,9963.0,0.035338345864732765,0.4255319148948594
1999-04-29,13.774326086955522,14.151565217390278,13.774326086955522,14.07,5602.8,0.027387120651440004,0.7837837837844124
1999-04-30,14.14562810503803,14.482185947479454,13.870262597585956,14.37,9454.39,0.043258832011603326,0.36666666666773395
1999-05-04,14.365474293988823,14.365474293988823,13.916871832004787,14.08,4874.93,0.031227821149818966,-0.6363636363599489
1999-05-05,14.086397426732374,14.331200857754515,13.994596140099071,14.27,8715.77,0.023895727733595704,0.5454545454559556
1999-05-06,14.105419630155469,14.441991465148332,13.972830725461309,14.34,5033.4800000000005,0.033261026753503176,0.5000000000011076
1999-05-07,14.356882738527721,14.356882738527721,13.98980335032673,14.0,7098.41,0.02556818181824961,-0.9722222222167933
1999-05-10,12.750771604937288,13.852438271603871,12.750771604937288,13.22,11340.0,0.08640000000007177,0.4259259259264649
1999-05-11,13.25509433962164,13.54058867924426,13.214309433961267,13.51,6770.75,0.02461538461545814,0.7812500000007331
1999-05-12,13.544988488103334,13.748979278586818,13.259401381426457,13.29,9394.63,0.03614457831332412,-0.5208333333301862
1999-05-13,13.256060606059602,13.725121212120174,12.950151515150534,13.46,10810.8,0.0584615384616096,0.26315789473781837
1999-05-14,13.45999999999898,13.45999999999898,13.45999999999898,13.46,0.0,7.429420505200605e-14,1.021405182655144
1999-05-17,12.746062992124982,13.235511811022581,12.746062992124982,12.95,12141.199999999999,0.038400000000075485,0.416666666667895
1999-05-18,12.748015873014861,13.05396825396722,12.748015873014861,12.85,13444.199999999999,0.02400000000007674,0.3333333333355746
1999-05-19,12.785170166545056,14.130977552497166,12.785170166545056,14.08,37908.450000000004,0.10526315789480674,0.9621212121212551
1999-05-20,14.175442321301189,14.450792639772507,13.798110403396048,14.41,46360.530000000006,0.04604316546769325,0.3593750000010149
1999-05-21,14.478041958040944,14.987832167831117,14.457650349649336,14.58,63306.100000000006,0.03661971830992568,0.19230769230925662
1999-05-24,14.580013504387942,15.273328831869327,14.32511816340214,15.1,64393.880000000005,0.06503496503502909,0.5483870967746903
1999-05-25,15.627669902911535,16.116990291261015,14.679611650484418,14.7,69417.88,0.09197651663410886,-0.6453900709208272
1999-05-26,14.665884691847937,15.655168986082463,14.584294234591482,15.39,81727.44,0.07301808066765698,0.676190476190796
1999-05-27,15.603345724906099,16.725154894670588,15.501363073109326,16.46,154653.48,0.07843137254907863,0.7000000000002604
1999-05-28,16.519465648853913,16.6928180661567,15.683295165393407,16.03,112146.48000000001,0.061111111111167904,-0.4848484848469958
1999-05-31,16.02484809308235,16.51415643180242,15.341855203618916,15.77,99008.0,0.073155216285045,-0.21739130434677165
1999-06-01,15.942599999998974,15.942599999998974,15.605999999998996,15.81,33170.0,0.021113243762057515,-0.39393939393519967
1999-06-02,15.80753968253864,16.16448412698306,15.297619047618037,15.42,58166.64,0.05483870967747913,-0.4470588235277222
1999-06-03,15.29917469050789,15.29917469050789,14.789202200824294,14.83,32613.219999999998,0.03333333333339651,-0.9199999999961983
1999-06-04,14.892194796530026,15.300200133421258,14.800393595729497,15.29,24898.39,0.03356164383568131,0.7959183673473886
1999-06-07,15.30605522682345,15.550788954634085,14.836982248519734,15.51,44915.130000000005,0.0466355762825406,0.2857142857153164
1999-06-08,15.771693548386036,15.771693548386036,15.293763440859188,15.46,25013.280000000002,0.030303030303091717,-0.652173913039938
1999-06-09,15.37866136514146,15.794300861496632,15.18123260437275,15.68,47050.62,0.03986486486492723,0.491525423729707
1999-06-10,15.769514563105778,16.403203883494086,15.582524271843655,16.05,83476.34999999999,0.05204216073787298,0.3417721518995815
1999-06-11,16.10311284046588,16.300505836574818,15.895330739298581,16.02,50099.58,0.025161290322641087,-0.20512820512513086
1999-06-14,16.024891566264095,17.33346987951703,16.024891566264095,17.24,178632.6,0.08165910563842416,0.9285714285715106
1999-06-15,18.96713304184766,18.96713304184766,16.100249843846587,16.63,175629.7,0.1511500547645575,-0.8152173913037007
1999-06-16,16.734205128204174,18.271549857548816,16.734205128204174,18.23,203544.9,0.09186840471762106,0.9729729729730161
1999-06-17,18.547112211220107,19.170544554454395,18.29773927392639,18.89,174437.1,0.04705882352946319,0.39285714285787815
1999-06-18,18.914310538115537,18.955857623317325,18.176849775783737,18.53,105773.36,0.04118616144980355,-0.49333333333137175
1999-06-21,18.698564593300443,19.737373737372693,18.490802764485995,19.54,156292.28999999998,0.06666666666671667,0.6750000000002891
1999-06-22,19.73580901856659,19.73580901856659,19.216445623341155,19.58,94740.1,0.026315789473733548,-0.29999999999742427
1999-06-23,19.735418875926847,19.963934252384945,19.26800106044437,19.59,94394.3,0.03526315789478559,-0.20895522387881016
1999-06-24,19.745301701907184,20.31657555440844,19.589499742134112,20.14,143815.63,0.036822724881689924,0.5428571428578235
1999-06-25,20.2538659793804,22.019587628864844,19.848788659792792,20.15,258543.8,0.10717948717953124,-0.04784688995165365
1999-06-28,20.331734742911088,21.81739548293985,20.238231619412776,21.62,179298.96,0.07766990291266675,0.8157894736843498
1999-06-29,22.339024390242816,22.339024390242816,20.988292682925806,21.3,157337.5,0.06046511627911195,-0.7692307692294309
1999-06-30,21.818181818180687,21.818181818180687,19.74025974025872,20.0,115981.25,0.09523809523813664,-0.8749999999990805
1999-07-01,19.73828571428459,19.73828571428459,18.00339428571326,18.18,133945.0,0.08789473684215153,-0.8982035928132563
1999-07-02,17.913005347592623,19.533903743314465,17.913005347592623,19.43,99334.4,0.0904872389791693,0.9358974358974986
1999-07-05,19.689409141581958,19.710189520623207,18.598439241916466,18.64,43468.62,0.056464379947277564,-0.9439252336430751
1999-07-06,18.62203508771821,18.62203508771821,17.65614035087616,17.76,38509.200000000004,0.05186837702180219,-0.8924731182775694
1999-07-07,17.767892016081692,18.183515221136233,17.56008041355442,18.09,33218.28,0.03508771929829985,0.5166666666675026
1999-07-08,18.179898648647626,18.4811655405395,18.076013513512496,18.45,32642.880000000005,0.02228571428576805,0.6666666666675818
1999-07-09,18.288045325778008,18.703682719545686,18.184135977336084,18.34,37700.399999999994,0.028409090909144025,0.100000000001794
1999-07-12,18.338300835653573,18.972089136489195,18.005821727018493,18.65,48267.549999999996,0.05269121813036353,0.32258064516203
1999-07-13,18.562713483145025,18.676977528088837,18.17837078651583,18.49,25204.8,0.026860660324618764,-0.14583333333096116
1999-07-14,18.4947773501914,19.222100054974202,18.442825728421194,18.9,29067.620000000003,0.04213483146072592,0.5200000000006622
1999-07-15,19.00938202247084,19.144421348313532,18.48999999999896,18.49,17728.8,0.03442622950824758,-0.7936507936479938
1999-07-16,18.909892594685193,18.961842849066198,18.07868852458914,18.38,56678.76,0.04670329670334723,-0.599999999998142
1999-07-19,17.967792521108688,17.967792521108688,17.136911942097882,17.22,23905.872999999996,0.046242774566527055,-0.8999999999976696
1999-07-20,17.03777777777683,18.90777777777673,17.03777777777683,18.7,40860.0,0.10975609756102798,0.8888888888889677
1999-07-21,18.8597765363118,18.8597765363118,18.13240223463586,18.6,56009.1,0.038567493112998626,-0.35714285714093996
1999-07-22,18.38395784543218,18.456662763464962,17.656908665104353,17.74,24116.96,0.043502824858809075,-0.8051948051925054
1999-07-23,17.66436781609094,18.495632183906988,17.66436781609094,18.08,13519.8,0.04705882352946587,0.5000000000006423
1999-07-26,18.08504050925821,18.08504050925821,17.752633101850822,17.95,18195.84,0.01838024124072054,-0.4062499999956477
1999-07-27,17.864207492794357,18.310812680114218,17.853821325647385,18.02,14331.1,0.025581395348891797,0.3409090909106219
1999-07-28,18.127669902911585,18.667864077668835,18.127669902911585,18.19,18000.280000000002,0.02979942693415091,0.11538461538633003
1999-07-29,18.296983516482513,19.27365384615279,18.296983516482513,18.91,157521.0,0.05337876206705918,0.6276595744685041
1999-07-30,19.113258426965217,19.165196629212407,17.71092696629114,18.49,58579.8,0.07608695652178747,-0.4285714285704198
1999-08-02,18.490776152979837,18.52194038245115,18.17913385826669,18.47,30919.420000000002,0.018539325842749678,-0.060606060602856074
1999-08-03,18.60818644067692,18.961440677965037,18.182203389829485,18.39,45064.2,0.041876046901224116,-0.2799999999983134
1999-08-04,18.391792294806343,18.703517587938656,18.391792294806343,18.61,21939.75,0.016949152542426404,0.7000000000010824
1999-08-05,18.575333333332303,18.803888888887847,18.575333333332303,18.7,17820.0,0.012304250559337392,0.5454545454566907
1999-08-06,18.700112739570535,18.90789177001021,18.180665163471357,18.43,18201.239999999998,0.038888888888940217,-0.37142857142663294
1999-08-09,18.43143688190701,18.43143688190701,17.569086678300316,17.86,47908.530000000006,0.04678692220974718,-0.6626506024076649
1999-08-10,17.86275229357689,17.966605504586056,16.616513761466873,16.98,57208.65,0.07558139534888894,-0.6538461538449004
1999-08-11,16.934549878344466,17.66180048661693,16.934549878344466,17.08,15667.320000000002,0.04294478527613023,0.2000000000011544
1999-08-12,17.088834951455276,17.452427184464963,16.621359223299965,17.12,13909.12,0.04863221884504043,0.037500000001203675
1999-08-13,17.14048059149617,17.14048059149617,16.828835489832606,16.86,10906.56,0.018181818181875364,-0.8999999999937857
1999-08-16,16.618112729574626,16.638885370486594,16.35845471817502,16.4,14495.22,0.016875000000059214,-0.7777777777712966
1999-08-17,16.683311097633922,17.555912674347027,16.63137052759148,17.13,19276.809999999998,0.05541718555422819,0.4831460674163289
1999-08-18,17.139999999998963,17.441248484847428,17.015345454544423,17.14,19173.0,0.024848484848541737,2.4357478590121045e-12
1999-08-19,17.34493856056072,17.749999999998963,17.293007606786585,17.75,20935.25,0.026347305389277667,0.8863636363639629
1999-08-20,18.02127976190369,18.073214285713206,17.34613095237992,17.45,26426.4,0.040345821325701484,-0.78571428571178
1999-08-23,17.50583832335225,17.557784431136678,17.142215568861253,17.35,15380.699999999999,0.023738872403616624,-0.37499999999660666
1999-08-24,17.449999999998962,17.709672619046565,17.24226190476088,17.45,50450.4,0.02678571428576992,2.21944504586916e-12
1999-08-25,17.460054380663596,17.532761329304076,17.158839879153042,17.19,12230.45,0.021415823914392704,-0.7222222222175074
1999-08-26,17.122591481702635,17.403119376123733,17.122591481702635,17.32,11869.04,0.01638349514568847,0.7037037037048914
1999-08-27,17.32502719033128,17.32502719033128,17.138066465255765,17.19,15242.550000000001,0.01079136690653179,-0.7222222222128084
1999-08-30,17.348243992605216,17.348243992605216,16.631460258779015,16.86,24929.28,0.0413173652695162,-0.6811594202874588
1999-08-31,16.86220937309697,17.069999999998966,16.84143031040677,17.07,9660.84,0.013555144793650593,0.9090909090914576
1999-09-01,16.985833333332288,17.13127777777672,16.82999999999896,16.83,6512.4,0.01773700305816181,-0.5172413793051941
1999-09-02,16.722269938649283,17.02347852760632,16.639177914109407,16.93,11475.2,0.02298136645968591,0.5405405405418254
1999-09-03,16.929265255291604,16.981195516810903,16.669613947695105,16.68,11836.22,0.018404907975518223,-0.7999999999941122
1999-09-06,16.604691046657212,16.604691046657212,16.324136191676146,16.48,5915.78,0.01689612015024689,-0.4444444444391542
1999-09-07,16.923499999998956,16.923499999998956,16.622222222221197,16.83,12781.8,0.017802332719517838,-0.31034482758173676
1999-09-08,17.054972809666648,18.477951661630303,17.054972809666648,17.19,15987.300000000001,0.08343483556643592,0.09489051094956635
1999-09-09,17.422112594311233,18.066221706325127,17.255890887985068,17.9,37992.15,0.04651162790703159,0.5897435897441429
1999-09-10,18.066733490564975,18.170624999998928,17.609610849055567,17.62,33512.96,0.031052328924722865,-0.79629629629303
1999-09-13,17.611561206385712,17.66351271436915,17.466096984032085,17.57,19581.78,0.011209439528079729,-0.21052631578314387
1999-09-14,17.657293497362765,17.948119507907563,17.53265377855785,17.73,32996.31,0.0235294117647612,0.17500000000207103
1999-09-15,17.687333729215105,17.76003562945263,17.489999999998965,17.49,15038.119999999999,0.01526717557257478,-0.7307692307626951
1999-09-16,17.431942618050364,17.618936043035408,17.32805738194756,17.38,8348.27,0.016686531585276904,-0.17857142856725133
1999-09-17,18.25816023738764,18.25816023738764,17.240356083085032,17.5,9503.400000000001,0.05574516496023354,-0.7448979591819223
1999-09-20,17.605023781211795,17.605023781211795,17.241498216408015,17.47,8981.880000000001,0.020648967551677846,-0.37142857142469854
1999-09-21,17.580629370628348,19.211928904427783,17.45594405594304,17.83,41372.76,0.09988179669035839,0.14201183432003583
1999-09-22,17.966963226570705,17.966963226570705,17.46845788849244,17.51,11245.619999999999,0.02774566473993859,-0.9166666666627451
1999-09-23,17.661280670256275,17.661280670256275,17.349611011369397,17.36,6633.87,0.017647058823585162,-0.9666666666602298
1999-09-24,17.3442136498506,17.65578635014732,17.3442136498506,17.5,5526.8,0.0179640718563441,0.5000000000017305
1999-09-27,17.553869047618,17.553869047618,17.356517857141824,17.45,5124.0,0.011242603550352058,-0.5263157894657541
1999-09-28,17.484784194527812,17.484784194527812,15.708255319147982,17.09,15742.65,0.10160427807491763,-0.22222222222151228
1999-09-29,17.1923286840499,17.649405700423433,17.046895087931052,17.13,13924.155999999999,0.0350453172205998,-0.10344827586018118
1999-09-30,17.143902439023346,17.51795121951113,15.89707317073074,17.04,13562.8,0.09454545454550736,-0.06410256410188495
1999-10-08,16.630775484676885,17.03589743589637,16.59961225766,16.61,9498.06,0.02623360399756016,-0.04761904761656224
1999-10-11,16.61922596753954,16.795805243444647,16.608838951309828,16.64,6904.62,0.011250000000059473,0.11111111111606749
1999-10-12,16.64038725796273,16.827357901310627,16.619612742035187,16.63,3234.0200000000004,0.012484394506925775,-0.049999999994743506
1999-10-13,16.686238993709637,16.779748427671898,16.51999999999896,16.52,7202.7,0.015566625155725211,-0.6399999999935176
1999-10-14,16.32105395232018,16.67427854454099,16.32105395232018,16.56,6057.2,0.02164226607262534,0.6764705882363109
1999-10-15,16.39709497206602,16.812737430166553,16.39709497206602,16.74,8232.21,0.025348542458867994,0.825000000000513
1999-10-18,16.787872611463897,16.787872611463897,16.10222929936203,16.31,15480.199999999999,0.040841584158472964,-0.6969696969671642
1999-10-19,16.103504218039188,16.300902011679668,15.895717066838683,16.01,6379.74,0.025161290322641076,-0.23076923076609185
1999-10-20,15.998058252426151,16.101941747571775,15.894174757280528,16.05,6180.0,0.01298701298707461,0.2500000000037898
1999-10-21,16.353787177791382,16.353787177791382,15.647270323858846,15.72,9062.87,0.04320203303690721,-0.8970588235266694
1999-10-22,16.0907756948923,16.13232708467898,15.685649644472159,16.07,8756.02,0.02775984506139021,-0.04651162790454442
1999-10-25,16.10562913907178,16.10562913907178,15.586092715230755,15.69,6493.0,0.03225806451618911,-0.79999999999646
1999-10-26,15.839999999998962,15.891934426228467,15.715357377048152,15.84,4026.0,0.011147540983668897,5.875012630574196e-12
1999-10-27,16.10608974358871,16.407429487178437,16.04374358974256,16.21,16099.199999999999,0.022580645161351078,0.28571428571635815
1999-10-28,16.195726114648647,16.621656050954353,16.15417197452126,16.31,34587.1,0.02886465683136211,0.24444444444614793
1999-10-29,16.21699935191081,16.518276085546567,15.645612443291276,16.03,110910.84,0.053811659192883554,-0.21428571428427895
1999-11-01,15.991788461537439,16.32430128205024,15.867096153845138,16.21,28813.2,0.02858999350233512,0.4772727272739493
1999-11-02,16.26274069319536,16.31469833119279,16.0133440308077,16.19,9098.72,0.018530351437759995,-0.2413793103405736
1999-11-03,16.209999999998963,16.24117307692204,15.887878205127187,16.21,37970.4,0.021794871794932277,2.9363358401907265e-12
1999-11-04,16.053361075543148,16.24039052496695,15.700083226631518,16.23,13089.56,0.03365695792886281,0.32692307692439343
1999-11-05,16.186109693876517,16.31077806122345,16.102997448978563,16.29,11101.44,0.01283697047502895,0.5000000000025949
1999-11-08,16.32359578425194,17.237966522007614,16.31320520768653,16.76,124797.81,0.05665181413118454,0.4719101123601581
1999-11-09,16.75896855345806,16.75896855345806,16.416100628929783,16.52,19382.100000000002,0.020458772473709894,-0.696969696964627
1999-11-10,16.6204704386512,16.807450731086025,16.20495867768492,16.34,13983.970000000001,0.036250000000057854,-0.46551724137681494
1999-11-11,16.265802707929318,16.3904448742736,16.03729206963146,16.11,7723.98,0.021711366539012848,-0.4411764705840444
1999-11-12,16.110774693349505,16.235422853452793,15.778379599740747,16.09,4708.96,0.02836879432630163,-0.045454545452165436
1999-11-15,16.210783055197933,16.221174582797417,16.065301668805134,16.19,7758.84,0.009615384615445427,-0.13333333332580735
1999-11-16,16.366945169711727,16.366945169711727,15.785378590077299,15.91,10754.64,0.03553299492391687,-0.7857142857111494
1999-11-17,15.99796308083921,16.31999999999896,15.790197326542595,16.32,16369.820000000002,0.03311688311694362,0.6078431372557173
1999-11-18,16.40884396714994,16.626936197093077,16.149210360074786,16.44,29871.21,0.029113924050692155,0.06521739130638995
1999-11-19,16.417265280402244,16.625078764964297,16.344530560805524,16.49,19504.23,0.01708860759499661,0.25925925926202587
1999-11-22,16.567676452216325,16.723485321672907,16.47419113054238,16.63,18971.850000000002,0.01504702194363309,0.2500000000031763
1999-11-23,16.62194357366667,16.684275862067917,16.518056426331253,16.57,10192.05,0.010000000000059425,-0.3124999999918735
1999-11-24,16.571949685533546,16.623899371068134,16.26025157232602,16.52,5501.400000000001,0.021943573667770562,-0.1428571428538875
1999-11-25,16.206114649680494,16.51777070063589,16.206114649680494,16.31,4678.599999999999,0.019230769230829843,0.33333333333560006
1999-11-26,16.361942675158193,16.445050955412963,16.268445859871573,16.31,3658.1,0.010793650793711267,-0.2941176470512817
1999-11-29,16.318914728681115,16.32930232558034,15.996899224805167,16.08,5000.04,0.020369191597768507,-0.7187499999947133
1999-11-30,16.185048543688275,16.475922330096022,15.894174757280528,16.05,6489.0,0.035943517329969595,-0.23214285714067553
1999-12-01,16.067681905987378,16.275408886025996,15.994977462973859,16.13,4317.34,0.01745313510025497,0.22222222222512064
1999-12-02,16.153883495144587,16.153883495144587,15.998058252426151,16.05,4743.15,0.009646302250865114,-0.6666666666557309
1999-12-03,16.371552162848825,16.620865139948048,16.08068702289974,16.33,3662.76,0.03299492385792698,-0.07692307692100395
1999-12-06,16.411936507935465,16.411936507935465,16.183415873014845,16.36,4441.5,0.013924050632971488,-0.22727272726718606
1999-12-07,16.21650318471234,16.40349681528558,16.206114649680494,16.31,3124.2999999999997,0.01217168481748574,0.47368421052917925
1999-12-08,16.3065231158951,16.566181127294705,16.254591513615182,16.4,9173.99,0.019108280254837143,0.30000000000238025
1999-12-09,16.204574332908756,16.360387547648262,16.204574332908756,16.35,4517.38,0.00961538461544568,0.9333333333340164
1999-12-10,16.407652996844387,16.60508517350053,16.231003154573106,16.47,9619.047999999999,0.022799240025392256,0.16666666666900382
1999-12-13,16.519744408944632,16.519744408944632,16.218440894567653,16.26,6479.1,0.01823899371075135,-0.862068965510925
1999-12-14,16.258444869342497,16.39349904397601,16.10261312938075,16.3,6919.29,0.017891373801977094,0.14285714286021808
1999-12-15,16.49999999999896,16.66624685138434,16.427267002517855,16.5,22089.08,0.014483627204090048,4.3557861167857424e-12
1999-12-16,16.8262357414438,16.8262357414438,16.38999999999896,16.39,14722.74,0.025925925925983844,-0.9999999999953215
1999-12-17,16.391161904760864,16.619682539681484,16.256126984125952,16.36,9639.0,0.022179974651517175,-0.08571428571119398
1999-12-21,16.313124199742873,16.520934699102657,16.105313700383093,16.23,9840.6,0.025477707006429217,-0.19999999999701595
1999-12-22,16.221553524803117,16.408485639685615,15.432284595299253,15.91,10785.28,0.06017925736241411,-0.3191489361688186
1999-12-23,15.829279999998944,15.922759999998938,15.476133333332301,15.58,15001.35,0.028215223097174245,-0.5581395348801436
1999-12-24,15.502734006732963,15.668983164982109,15.378047138046103,15.43,8746.65,0.01876675603223477,-0.24999999999557196
1999-12-27,15.242732876711285,15.37780821917703,15.16999999999896,15.17,7022.599999999999,0.013633265167072308,-0.34999999999331516
1999-12-28,15.153816949151516,15.475796610168445,15.112271186439655,15.32,5457.5,0.02398903358471149,0.45714285714445474
1999-12-29,15.201954732509247,15.274691358023645,15.129218106994848,15.15,7275.42,0.009569377990495787,-0.3571428571332657
1999-12-30,15.165353260868534,15.331548913042436,15.165353260868534,15.29,2826.2400000000002,0.01095890410965431,0.7500000000017373
2000-01-04,15.183054448870175,15.785391766267212,15.162284196546139,15.64,9412.5,0.04103967168268962,0.7333333333338232
2000-01-05,15.663482321546653,15.788125416943574,15.466130753834857,15.57,11317.45,0.020557029177781287,-0.29032258064103095
2000-01-06,15.56804575163297,16.03539869280941,15.46418954248265,15.89,26010.0,0.03669112741834064,0.5636363636371953
2000-01-07,16.048001269034515,16.4427093908619,16.048001269034515,16.37,48272.88,0.02459546925572415,0.8157894736847796
2000-01-10,16.492669570627477,16.721157436215517,16.40958307405001,16.69,50411.590000000004,0.01889168765749034,0.6333333333346242
2000-01-11,16.77677878395751,16.807943078912235,15.789909443724719,16.06,21999.58,0.06068111455113967,-0.7040816326513429
2000-01-12,16.05738840772711,16.28588940706087,15.579613590938335,15.59,16826.21,0.04398447606732983,-0.6617647058799454
2000-01-13,15.607652519892865,15.742738726789408,15.431001326258924,15.67,11656.84,0.01997336884160746,0.20000000000268964
2000-01-14,15.873994638068641,15.915549597854163,15.479222520106202,15.5,8071.72,0.027486910994825742,-0.8571428571385094
2000-01-17,15.53194630872379,15.542335570468756,15.386496644294269,15.48,10623.7,0.010033444816117332,-0.33333333332451853
2000-01-18,15.593498659516381,15.790884718497601,15.406501340481542,15.5,9787.52,0.024650233177943896,-0.24324324323990898
2000-01-19,15.903879026954904,15.997370151215254,15.58185404339148,15.8,14510.34,0.02612671456570463,-0.24999999999689532
2000-01-20,15.903488830485157,15.913876478316958,15.63340998685837,15.81,13332.720000000001,0.017635532331871012,-0.33333333332843973
2000-01-21,15.907657774885108,15.969999999998961,15.595946649315836,15.97,32338.48,0.02351404310914045,0.16666666666899846
2000-01-24,15.973472858076134,15.973472858076134,15.682668410724942,15.88,33026.4,0.01820546163855308,-0.3214285714239041
2000-01-25,15.790573248406634,16.40349681528558,15.790573248406634,16.31,49847.5,0.038815789473745234,0.8474576271189568
2000-01-26,14.761175757574867,17.93986666666558,14.761175757574867,17.14,187390.5,0.21534130893742096,0.7483660130719866
2000-01-27,16.762313432834784,17.11542288557108,16.31573383084476,16.7,81863.27999999998,0.04770755886003202,-0.07792207792068935
2000-01-28,16.721582278479957,16.721582278479957,16.09841772151797,16.41,44603.4,0.03726708074539935,-0.4999999999975329
2000-02-14,16.623376623375645,17.662337662336622,16.519480519479547,17.6,84987.98000000001,0.06875000000005599,0.8545454545456151
2000-02-15,17.66503667481555,17.87286063569573,16.688264058678687,17.0,109939.2,0.0670588235294646,-0.5614035087705815
2000-02-16,16.928482587063627,16.928482587063627,16.25342039800894,16.7,69465.59999999999,0.0398773006135537,-0.33846153845950366
2000-02-17,16.707161125318624,17.642263427108848,16.125319693093598,16.25,80436.52,0.09079601990055204,-0.30136986301281415
2000-02-18,16.207416563657837,16.90350432632776,16.145080346105306,16.81,45109.84,0.0467948717949308,0.794520547945522
2000-02-21,16.721507352940154,17.292738970587177,16.461856617646053,16.95,85076.16,0.04968944099384557,0.2750000000009157
2000-02-22,17.161859872610368,17.161859872610368,16.309999999998958,16.31,49612.0,0.04963680387414736,-0.9999999999976041
2000-02-23,16.409646302249747,16.409646302249747,16.098070739548803,16.15,28285.45,0.018987341772211702,-0.8333333333273255
2000-02-24,16.108022388058703,16.803855721391994,16.0976368159194,16.7,19874.879999999997,0.04384268214061382,0.8382352941179247
2000-02-25,16.61733080328801,16.61733080328801,16.30575585072636,16.42,27335.49,0.018750000000059,-0.6333333333279727
2000-02-28,16.470217391303326,16.906652173911997,16.324739130433773,16.73,70888.3,0.035331230283970186,0.44642857142959
2000-02-29,18.266886446885334,18.266886446885334,16.791404151403132,17.02,90728.81999999999,0.08077360637092612,-0.8450704225339379
2000-03-01,17.14245982694579,17.287911001235027,16.612601977749286,16.81,42553.4,0.039393939393995346,-0.49230769230542837
2000-03-02,16.630387499998964,16.82774999999895,16.49534999999897,16.62,33632.0,0.01998750780767912,-0.031249999996787747
2000-03-03,17.034310667497376,17.096631316280906,16.57729257641818,16.65,71189.23000000001,0.030487804878105713,-0.7399999999965743
2000-03-06,15.736271498770533,17.553992628991548,15.736271498770533,16.91,117395.08,0.11551155115517149,0.6457142857145028
2000-03-07,16.81218559218457,17.040781440780403,16.542026862025857,17.02,44275.14,0.029666254635409887,0.41666666666790825
2000-03-08,17.124360189572446,17.85172985781885,17.124360189572446,17.54,144661.6,0.042475728155395784,0.5714285714292113
2000-03-09,17.560553217076517,17.633289236318845,17.144918821406065,17.28,47129.42,0.027810650887629358,-0.5744680851030812
2000-03-10,17.380209747068637,17.639925971621366,16.80883405305263,16.84,51515.380000000005,0.047818290496169626,-0.6499999999979661
2000-03-13,16.937263286498663,17.207428222356924,16.729444105069234,17.01,34033.23,0.02822085889576276,0.15217391304533187
2000-03-14,16.918519924097605,16.94967741935377,16.108425047437315,16.42,58670.91,0.049723756906133426,-0.5925925925906571
2000-03-15,16.422254840723518,16.78580886945554,16.26644597126694,16.63,32564.340000000004,0.031625553447244326,0.4000000000012341
2000-03-16,16.636433611288222,16.636433611288222,16.116869788324816,16.2,33222.29,0.031230480949464904,-0.8399999999963855
2000-03-17,16.097283638659754,16.616550852810068,16.097283638659754,16.44,27465.05,0.03225806451618914,0.6600000000007321
2000-03-20,16.480608695651153,16.833913043477217,16.4182608695642,16.73,38736.600000000006,0.025220680958444982,0.6000000000010524
2000-03-21,16.53170515097593,17.560390763764502,15.721225577263725,17.55,152263.35,0.11125078566944396,0.5536723163844456
2000-03-22,17.530795180721835,18.050072289155537,17.15691566264957,17.24,111336.20000000001,0.05094786729863213,-0.3255813953473127
2000-03-23,17.219228915661613,17.29192771084233,16.87650602409537,17.24,60291.200000000004,0.02412545235228811,0.05000000000237599
2000-03-24,17.447710843372445,17.447710843372445,16.990746987950782,17.24,57236.8,0.026190476190532185,-0.4545454545421911
2000-03-27,17.295572916665662,17.97077546296192,17.295572916665662,17.95,139605.12,0.03903903903909468,0.9692307692308743
2000-03-28,18.168745781776252,18.490776152979837,17.680506186725662,18.47,157601.92,0.044596912521493566,0.3717948717956972
2000-03-29,18.545325542569927,18.701168614356227,17.97390094602015,18.67,130372.34999999999,0.03921568627456162,0.17142857142975657
2000-03-30,18.703049759228534,19.9499197431771,18.266645264846535,19.42,395125.29000000004,0.09000000000004861,0.42592592592629114
2000-03-31,19.423936750271572,19.423936750271572,18.3956106870219,19.05,190644.3,0.05294117647063703,-0.3636363636350021
2000-04-03,19.367054833238022,19.367054833238022,18.36960994912276,18.38,130286.85,0.051502145922795645,-0.9895833333313016
2000-04-04,18.389076118534664,18.389076118534664,17.81766414874969,17.88,83812.7,0.0310734463277363,-0.8909090909057114
2000-04-05,17.7648370497417,18.33622069754041,17.7648370497417,18.17,71166.81,0.032163742690112865,0.7090909090914804
2000-04-06,18.22575991189327,18.890781938324952,18.215368942730276,18.87,111629.52,0.037058152793667434,0.9538461538462802
2000-04-07,18.958934517202056,18.958934517202056,18.605726970032265,18.72,87144.72,0.018630136986353123,-0.6764705882304439
2000-04-10,18.908054794519515,19.21972602739621,18.617161643834603,18.96,105302.5,0.03186813186818284,0.08620689655330209
2000-04-11,18.826225306993123,19.93792845701976,18.826225306993123,19.46,242235.09,0.05905077262698151,0.5700934579443468
2000-04-12,19.531707317072158,20.0407784120384,19.407036844835527,20.02,253207.8,0.03244680851068777,0.770491803279112
2000-04-13,20.12927899686415,20.12927899686415,19.609947753395005,19.88,133290.96,0.025799793601699535,-0.4799999999970774
2000-04-14,19.943625605162996,20.02672404518451,19.21651425497476,19.31,106725.19,0.040625000000048116,-0.7820512820490388
2000-04-17,19.22090573986208,19.833896787782002,19.013112164296,19.73,138835.88999999998,0.0427027027027525,0.6202531645574658
2000-04-18,19.63466453674017,19.73855165069118,19.22950479233125,19.51,65053.920000000006,0.025925925925975354,-0.24489795918115562
2000-04-19,19.482963549919734,19.846645536184905,19.33749075541367,19.67,77783.37,0.026133333333383368,0.36734693877682634
2000-04-20,19.81734250926311,19.83811540497513,19.443430386446828,19.62,60391.33,0.019916142557701567,-0.4999999999960913
2000-04-21,19.742505353318002,19.82563169164776,19.222965738757,19.41,64931.68,0.030526315789522793,-0.5517241379283963
2000-04-24,19.22329295154079,19.410330396474702,18.755699339206018,18.87,54207.6,0.03405405405410419,-0.5396825396801285
2000-04-25,18.859609030835966,19.181729074888814,18.703744493391042,18.87,37028.24,0.025344352617131617,0.021739130436913615
2000-04-26,18.911622924476756,19.722121049811477,17.54001071237185,19.4,82838.79000000001,0.1153846153846623,0.2238095238098979
2000-04-27,19.31893981225736,19.578602981776946,18.695748205410347,18.81,40349.08,0.04569892473123218,-0.5764705882334713
2000-04-28,18.905349344977136,19.113100436680178,18.69759825327409,19.03,37299.520000000004,0.021978021978073494,0.300000000001779
2000-05-08,19.532071389939457,19.532071389939457,18.908707409409473,19.21,31081.69,0.0319148936170709,-0.5166666666641766
2000-05-09,19.151212968137557,19.203141419786515,18.48652878703083,18.58,40628.19,0.03741865509766385,-0.7971014492728128
2000-05-10,18.5021519721567,18.5021519721567,17.76455916473215,17.91,44134.399999999994,0.03986524424485801,-0.8028169014059575
2000-05-11,17.917410714284646,18.073214285713206,17.449999999998962,17.45,34087.200000000004,0.034782608695705805,-0.7499999999971334
2000-05-12,17.636964285713237,17.761607142856086,17.356517857141824,17.45,34087.200000000004,0.02296819787991404,-0.4615384615347627
2000-05-15,17.500731421883124,17.760386190753792,17.199531889993143,17.75,35632.65,0.032047477744862614,0.4444444444454918
2000-05-16,17.784565469292136,18.272809965236487,17.670295480879627,17.93,51400.280000000006,0.03387850467295152,0.24137931034614488
2000-05-17,17.93311990686741,18.23442956926553,17.766880093130517,17.85,29326.26,0.026071842410251223,-0.17777777777517945
2000-05-18,17.849999999998964,17.849999999998964,17.849999999998964,17.85,0.0,5.602240896358555e-14,1.0373923942097463
2000-05-19,17.951451428570408,18.36699428571324,17.951451428570408,18.18,23625.0,0.02314814814820246,0.5500000000011652
2000-05-22,18.235929648240187,18.641172529312193,18.132021217196083,18.61,85484.43000000001,0.027920227920281347,0.734693877551615
2000-05-23,18.60818644067692,18.680915254236236,18.234152542371856,18.39,36285.0,0.024008933556724635,-0.48837209301985013
2000-05-24,18.3872819358459,18.646989307821126,18.241845807539775,18.46,49578.299999999996,0.022033898305137987,0.1794871794893022
2000-05-25,18.47029395451922,18.927376594563565,18.387188019965702,18.73,58615.530000000006,0.029246344207026726,0.48076923077026174
2000-05-26,18.72321951219411,19.388195121950172,18.494634146340466,19.17,95847.75,0.04772475027752024,0.5000000000006034
2000-05-29,19.266177270254527,19.359651984773283,18.933822729743397,19.1,56144.67,0.022102425876061593,-0.39024390243566714
2000-05-30,19.12977422907384,19.379157488985715,18.859609030835966,18.87,79014.16,0.02715915263448858,-0.4999999999970409
2000-05-31,18.851933701656417,19.007734806628786,18.685745856352558,18.8,48164.100000000006,0.017079889807214844,-0.1612903225769153
2000-06-01,18.987743362830816,19.008517699113998,18.69690265486623,18.78,38817.759999999995,0.016411378555850443,-0.6666666666612172
2000-06-02,18.902742025740405,18.902742025740405,18.279574706210504,18.56,40010.93,0.03296703296708403,-0.5499999999974496
2000-06-05,18.577899945023717,19.159758108849964,18.401264431005036,18.9,97170.98000000001,0.04082774049222167,0.42465753424738467
2000-06-06,19.2211394302839,20.78999999999896,19.2211394302839,20.79,618729.2100000001,0.08162162162166937,1.0000000000000238
2000-06-07,21.69211873080749,21.69211873080749,20.206499488228243,20.3,526896.1,0.06848659003835707,-0.9370629370616088
2000-06-08,19.945826771652495,20.25748031495957,19.634173228345425,19.79,163029.9,0.031250000000048746,-0.24999999999793032
2000-06-09,19.622801724136878,19.789008620688595,19.217672413792073,19.28,102859.51999999999,0.029115934356852054,-0.5999999999971354
2000-06-12,19.2772472207507,19.671932239279002,19.02797247220651,19.62,101193.73,0.03340517241384327,0.5322580645169187
2000-06-13,19.62675159235565,20.15435244161252,19.521231422504272,19.88,105805.44,0.03225806451617842,0.400000000001027
2000-06-14,19.881157894735797,20.556526315788393,19.659552631577913,20.05,108224.0,0.04511677282382724,0.1882352941186135
2000-06-15,20.056870818321155,20.83762223365822,20.056870818321155,20.5,99539.89,0.03892688058921138,0.5675675675681877
2000-06-16,20.519698572182943,20.561898466418793,19.72845055526072,19.95,88782.45,0.040616966581023525,-0.6835443037953829
2000-06-19,19.846693163750935,20.36369899310968,19.83614202437627,19.91,43948.23,0.026581605529022955,0.1200000000017745
2000-06-20,19.94165341812295,20.047164811869635,19.625119236882906,19.91,43985.97,0.021164021164070252,-0.07499999999732325
2000-06-21,19.943375394320718,20.15441640378443,19.816750788642494,20.07,35643.479999999996,0.01693121693126616,0.37500000000201694
2000-06-22,20.153234358429472,20.153234358429472,19.868345705195125,19.9,28987.82,0.014136125654499367,-0.8888888888820582
2000-06-23,19.92342022940459,20.567132429613107,19.68070907194892,20.24,61510.26,0.044491525423776664,0.3571428571436446
2000-06-26,20.343381443297922,20.628273195875227,20.258969072163904,20.47,64388.6,0.018153526971002733,0.34285714285906255
2000-06-27,20.577123501822797,20.577123501822797,20.049504950494008,20.25,57378.100000000006,0.02564102564107297,-0.6199999999968303
2000-06-28,20.25999999999895,20.460489583332276,20.17558333333229,20.26,40704.0,0.014062500000048633,3.691050122351876e-12
2000-06-29,20.26926974664579,21.79922503725674,20.26926974664579,21.24,270547.2,0.07548152004169047,0.6344827586209639
2000-06-30,21.41160856573599,21.82316733067621,21.052813745018874,21.19,216100.96,0.03597831444065634,-0.28767123287497043
2000-07-03,21.082276341947264,21.630964214710655,20.47027833001886,21.23,120357.84000000001,0.055055055055100034,0.12727272727352557
2000-07-04,21.330886426591814,23.34582179131933,21.25704062788452,22.85,518757.0,0.09792284866473087,0.7272727272728833
2000-07-05,22.89449541284299,23.738532110090656,22.366972477063197,23.0,301646.60000000003,0.05990783410142352,0.07692307692378815
2000-07-06,23.04865178986411,23.196331938632117,22.67945141794409,22.69,109636.47,0.022425629290660193,-0.6938775510170289
2000-07-07,22.662029769958384,23.421650879565924,22.556526838068443,23.39,144326.7,0.03817504655497729,0.8414634146343918
2000-07-10,23.740475123262048,24.848363962347612,23.476692066336916,23.54,288936.81,0.057777777777817466,-0.14615384615297178
2000-07-11,23.737601442740136,23.737601442740136,22.788097385030532,23.4,242981.9,0.04000000000004036,-0.3555555555540699
2000-07-12,23.315599639313646,24.212353471594938,23.00964833182944,23.4,114870.22,0.05158371040728043,0.07017543859730942
2000-07-13,23.207133058983853,23.52359396433363,22.89067215363407,23.07,137955.96,0.027272727272769224,-0.21666666666466236
2000-07-14,23.04999999999895,23.514164759724327,22.554187643019564,23.05,71296.55,0.04164759725404623,1.0954461628560554e-12
2000-07-17,23.117162534434204,23.307079889806097,22.79008264462706,22.98,61855.200000000004,0.022364217252438378,-0.2653061224464328
2000-07-18,22.96725022914652,23.104399633362828,22.576901924838563,23.02,70871.36,0.022967386311480296,0.10000000000180939
2000-07-19,22.994933210501014,23.31137724550791,22.783970520496418,22.9,62351.12,0.02293577981655628,-0.17999999999766117
2000-07-20,22.997021870636438,22.997021870636438,22.522312703582017,22.67,64298.079999999994,0.020642201834904925,-0.6888888888852178
2000-07-21,22.673563950841025,23.20110150204719,22.64191169776866,23.18,50772.67,0.024662633783197774,0.9056603773587649
2000-07-24,23.204171779140086,24.375460122698318,23.204171779140086,24.08,170214.38,0.05047748976811735,0.7477477477480095
2000-07-25,24.077716049381657,24.257085537917803,23.634567901233524,23.93,55021.68,0.025854513584615515,-0.2372881355911472
2000-07-26,23.717797513320445,23.949911190052227,23.432930728240528,23.76,41639.479999999996,0.021797153024952207,0.08163265306309904
2000-07-27,23.898266666665602,24.235902222221146,23.634488888887837,23.74,90495.0,0.02516556291394816,-0.26315789473464823
2000-07-28,23.893844109830656,24.052081488041456,23.587918511956445,23.82,69839.93999999999,0.019426048565162436,-0.15909090908830373
2000-07-31,23.86870588235186,23.86870588235186,23.214479638008,23.32,69084.6,0.027409372236999126,-0.8387096774164616
2000-08-01,23.31585760517692,23.31585760517692,22.788349514562057,22.82,87579.87,0.02262443438918219,-0.939999999996225
2000-08-02,22.783970520496418,23.300829111007676,22.731229847995266,22.9,34019.57,0.025000000000042787,0.20370370370519472
2000-08-03,22.893499999998962,23.315499999998945,22.78799999999897,23.21,62788.0,0.023041474654420507,0.6000000000008602
2000-08-04,23.42370234267233,23.42370234267233,22.79062930638389,22.97,60760.07,0.02702702702706837,-0.7166666666638758
2000-08-07,22.788990825687033,23.04220183486133,22.493577981650347,23.0,61912.0,0.02407407407411688,0.3846153846165969
2000-08-08,22.83835332103216,23.04933118081075,22.722315498153936,22.87,40693.36,0.014318706697502853,0.09677419355131359
2000-08-09,23.049024943309618,23.302195011336817,22.922439909296017,23.26,57307.950000000004,0.016475972540088476,0.5555555555568576
2000-08-10,23.274311926604437,23.274311926604437,22.905045871558585,23.0,74054.6,0.01586582048961606,-0.7428571428522787
2000-08-11,22.934505494504446,23.52527472527365,22.491428571427544,23.04,83101.2,0.045078196872166736,0.10204081632744999
2000-08-14,23.037677419353777,23.206451612902157,22.837258064515076,22.89,41729.1,0.016025641025683778,-0.3999999999960567
2000-08-15,22.87957952467903,23.36480804387462,22.87957952467903,23.08,42994.2,0.021207929921665668,0.4130434782621819
2000-08-16,21.95488673139057,23.210355987053944,21.95488673139057,22.82,43952.159999999996,0.05718404613171053,0.6890756302523922
2000-08-17,22.16849532710177,22.632757009344736,22.15794392523261,22.58,84722.59999999999,0.021418372203756694,0.8666666666670547
2000-08-18,22.476194895590606,22.792761020880615,22.391777262179936,22.74,92621.90000000001,0.017840375586898237,0.657894736843086
2000-08-21,22.73931603773478,22.73931603773478,22.222273584904613,22.37,97011.2,0.022737819025565178,-0.714285714282294
2000-08-22,22.266847775174597,23.079044496486034,22.245751756439237,22.52,124769.40000000001,0.03742302226437285,0.30379746835533705
2000-08-23,22.315824529167557,23.08606338998516,21.735507579236486,22.97,187004.3,0.0605200945626898,0.4843750000004211
2000-08-24,22.885585937499005,24.373307291665608,22.87503472222123,24.31,481881.6,0.06546795758418093,0.9507042253521832
2000-08-25,24.37490144546543,24.628147174768966,23.625716162942464,24.09,682137.57,0.04112554112558054,-0.2842105263144584
2000-08-28,24.26771653543207,25.6393700787391,24.246614173227343,25.46,653295.62,0.05739130434786502,0.8560606060607457
2000-08-29,25.461588628761476,26.53787625417949,25.050066889631058,25.24,629981.04,0.058433485288060194,-0.14893617021195654
2000-08-30,25.18294871794768,26.364553349874843,25.10909842845223,25.51,819194.22,0.04985337243405532,0.2605042016813024
2000-08-31,25.432359693876467,25.833201530611145,24.683418367345887,24.81,469764.95999999996,0.0452094566570264,-0.541284403668335
2000-09-01,24.89648068669421,25.212961373389472,24.369012875535436,24.58,308072.60000000003,0.03389830508478438,-0.3749999999983107
2000-09-04,24.767891936143073,25.791097011869596,24.45143675808332,25.77,281629.04,0.054088586030702615,0.7480314960632192
2000-09-05,25.794398851045308,26.374640951989072,25.330205170290306,25.71,477725.11000000004,0.04049079754604944,-0.0808080808069908
2000-09-06,25.53065244152542,26.11089454246918,25.47790315962144,25.71,228669.3151,0.02479338842979028,0.28333333333455446
2000-09-07,25.648526315788434,26.376518218622415,25.426963562752007,26.06,307564.39999999997,0.03702180172772166,0.4333333333339877
2000-09-08,26.062206001621,26.484266017841588,25.429115977290127,26.02,272098.44,0.0404858299595511,-0.03999999999895939
2000-09-11,26.0574793388419,26.437264462808827,25.47725206611465,25.53,262473.2,0.036842105263194855,-0.5494505494488797
2000-09-12,25.411096800996035,25.738097216450942,24.999709181552763,25.39,158043.62,0.029057700290615066,-0.02857142856995854
2000-09-13,25.396767005472036,27.433150899138884,25.396767005472036,26.99,932467.74,0.08018280016621819,0.7823834196892508
2000-09-14,26.931218372906702,27.41646555079691,26.604203970415472,27.1,490242.27,0.03016059537802264,0.2077922077932474
2000-09-15,27.110548851692215,27.616893732968954,26.688594783961598,27.1,367957.87,0.03424124513622225,-0.01136363636249112
2000-09-18,27.198252048379743,27.40925477955414,26.691845493561193,27.04,192532.56,0.026377036462409645,-0.2205882352923421
2000-09-19,27.00825147347635,27.16650294695375,26.480746561885017,26.85,222356.65,0.02539062500003596,-0.23076923076736036
2000-09-20,27.006703039749535,27.375935307871107,26.70076773187737,27.07,382436.64,0.025000000000036028,0.09375000000141985
2000-09-21,27.006593406592344,27.101538461537398,26.69010989010884,26.88,140496.72,0.015234375000036588,-0.3076923076889899
2000-09-22,26.683937007872967,27.61244094488081,26.683937007872967,26.8,441401.19999999995,0.034796362198533805,0.12500000000100034
2000-09-25,26.802191319004347,27.224273072059535,24.987239780867046,25.04,244703.76,0.08346456692916807,-0.7877358490557794
2000-09-26,24.58203418090769,25.742559399748824,24.212776156730964,25.31,268160.22,0.0622317596566905,0.4758620689658927
2000-09-27,25.306159600996452,26.2133416458842,25.211221945136106,25.38,138489.36,0.03959983326389809,0.07368421052729619
2000-09-28,25.371210243699903,25.983073110283932,25.371210243699903,25.54,237233.79,0.024116424116462535,0.2758620689667889
2000-09-29,25.54377295492381,25.712587646075725,25.005676126877088,25.28,173662.08000000002,0.02767451466340042,-0.3731343283561873
2000-10-09,25.159090909089837,25.317324185247635,24.156946826757114,24.6,211162.6,0.04612159329144272,-0.48181818181686015
2000-10-10,24.63434656741007,25.710450785772306,24.63434656741007,25.51,489717.54,0.04368308351181602,0.8137254901963012
2000-10-11,25.702433234420276,25.807944044085385,24.795040271300348,24.89,91623.56,0.03940886699511135,-0.8020833333314984
2000-10-12,25.00661577608037,25.428668363018435,24.584563189142305,24.88,125492.76,0.033755274261642,-0.14999999999857985
2000-10-13,24.89548936170107,25.095919148935103,24.378591489360666,24.79,131717.5,0.02881355932207288,-0.14705882352774047
2000-10-16,24.74379310344721,24.74379310344721,24.374482758619642,24.48,149152.8,0.014925373134368071,-0.7142857142809286
2000-10-17,24.694389198455866,25.158529789968924,24.36738105443531,24.61,193219.06,0.032037590773213075,-0.10666666666520191
2000-10-18,24.579887543251534,25.054606401382998,24.32670415224808,24.39,114050.96,0.02961373390561891,-0.260869565215585
2000-10-19,24.50270552413987,24.850935189211626,23.932875163113362,24.26,110949.73999999999,0.03746770025843721,-0.26436781609052024
2000-10-20,24.16283108988171,24.57433782023341,24.004559270515674,24.3,97416.90000000001,0.023580786026241328,0.24074074074217552
2000-10-23,24.15877378435416,25.076596194502113,24.07437632135205,24.95,81497.9,0.04148471615724482,0.7894736842107902
2000-10-24,25.000548754747783,25.07439003798965,24.599696074291913,24.99,96773.65000000001,0.01898734177219098,-0.02222222221995426
2000-10-25,25.005131414266796,25.479912390487048,24.899624530662294,25.29,166160.03999999998,0.023206751054891263,0.4909090909100574
2000-10-26,25.319450229070164,25.73089129529255,25.140104123280913,25.33,184132.69,0.023333333333371925,0.01785714285889929
2000-10-27,25.488799999998943,25.66814999999893,25.182849999998954,25.32,120216.0,0.019039735099376138,-0.34782608695364164
2000-10-30,25.21207770270164,25.370312499998935,24.7901182432422,24.98,38361.6,0.023012552301294037,-0.39999999999749686
2000-10-31,24.981857559349226,25.540995418574525,24.686463973343407,25.33,124635.91,0.03420608108111972,0.4074074074081682
2000-11-01,25.319655313909507,25.794398851045308,25.214156750101548,25.71,259223.69,0.022916666666705283,0.6727272727279314
2000-11-02,25.852480417753608,28.289999999998948,25.64143976128215,28.29,862611.75,0.10244897959187142,0.9203187250996514
2000-11-03,28.329921259841456,30.22913385826658,27.443622047243064,28.14,928649.4,0.09832402234640045,-0.06818181818141412
2000-11-06,27.958625785000816,28.982016992980093,27.536608792019674,28.56,409542.03,0.05169811320758106,0.4160583941610242
2000-11-07,28.640120746431442,29.019879253566447,28.376399560921023,28.83,162750.15,0.02246777163907662,0.2950819672142933
2000-11-08,28.858896602118055,29.534205334306556,28.59510412860692,28.88,156419.55000000002,0.03254113345524373,0.02247191011345763
2000-11-09,28.482430453878898,29.685021961931565,28.482430453878898,28.82,374639.16000000003,0.042222222222255926,0.2807017543866092
2000-11-10,28.827726269314613,29.070419426047497,28.152406181014417,28.68,142368.84,0.03184480234263978,-0.16091954022856128
2000-11-13,28.799563477627185,29.48526736995164,27.955620225535544,29.0,311104.32999999996,0.05311355311358599,0.13103448275922197
2000-11-14,29.01265126512545,29.434653465345452,28.432398239822938,28.77,269236.71,0.03454545454548779,-0.24210526315660116
2000-11-15,28.601918582735443,29.31934036939203,27.70514134941471,27.99,327141.43,0.05643673921065629,-0.37908496731937263
2000-11-16,28.014484052531788,28.48930581613402,27.961726078798204,28.12,175943.3,0.01883239171378272,0.20000000000161014
2000-11-17,28.17429550647265,28.343130236099455,27.43564356435539,27.71,127781.16,0.03220973782774973,-0.5116279069750143
2000-11-20,27.95593657817006,28.641648230087437,27.660553097344113,28.61,126962.82240000002,0.03509433962267592,0.6666666666670639
2000-11-21,28.648277777776716,29.418562962961875,27.64585185185083,28.49,224356.5,0.06187845303870683,-0.08928571428506916
2000-11-22,28.485598227473105,28.854855982273683,28.221842688329836,28.57,81178.5284,0.02222222222225656,0.13333333333478023
2000-11-23,27.744109090908083,29.136589090908036,27.744109090908083,29.01,301194.3,0.05019011406847543,0.9090909090910121
2000-11-24,29.062509211494877,29.495018422990807,28.271333824612075,28.63,336409.52760000003,0.04210526315792771,-0.3534482758609196
2000-11-27,28.48749546937193,29.152203696990608,28.27647698441362,29.11,355502.3921,0.03074074074077473,0.710843373494369
2000-11-28,29.15461730152976,30.178141687432184,29.15461730152976,29.64,422837.3655,0.035106768005824004,0.474226804124273
2000-11-29,28.69375448671828,29.64318018664646,28.69375448671828,29.39,134386.889,0.03308823529415143,0.7333333333336716
2000-11-30,29.201753503412533,29.52879626302445,29.201753503412533,29.36,45268.27799999999,0.011199421965351751,0.48387096774368166
2000-12-01,29.423949999998953,30.06749999999893,29.244599999998957,29.54,116096.12,0.027967013266436816,0.1410256410267453
2000-12-04,29.539999999998948,29.539999999998948,29.539999999998948,29.54,0.0,3.3852403520650026e-14,1.0516032489249483
2000-12-05,29.540197461211935,30.38420310296085,29.540197461211935,29.92,366214.38159999996,0.02857142857146153,0.4500000000007166
2000-12-06,29.95999999999895,29.95999999999895,29.548577464787698,29.96,197124.4,0.01373239436623004,2.556017619167191e-12
2000-12-07,29.906588735386826,30.05427559333935,29.56901877435248,29.78,128932.3383,0.016225749559115668,-0.26086956521468024
2000-12-08,29.538569918984518,30.17153927439133,29.538569918984518,29.95,200164.83060000002,0.021428571428604548,0.6500000000006393
2000-12-11,29.960658032900596,30.804620231010475,29.907910395518734,30.14,498546.5,0.02992957746482104,0.20000000000095447
2000-12-12,30.070083682007326,30.449916317990574,29.806311018130067,30.26,269758.344,0.02140350877196235,0.29508196721428914
2000-12-13,30.280266757864904,31.145417236661043,30.280266757864904,30.85,459659.23279999994,0.028571428571460604,0.6585365853663115
2000-12-14,31.28145933014247,31.597966507175954,30.595693779903264,30.87,223651.73600000003,0.03204047217541027,-0.4105263157880117
2000-12-15,30.912564901348883,31.545586708202443,30.184589823467288,30.48,103573.8279,0.04402730375429711,-0.317829457363336
2000-12-18,30.593406593405543,31.01538461538355,30.48791208791104,30.72,209620.32,0.017241379310376902,0.24000000000154273
2000-12-19,30.381331503087498,31.06702127659468,30.381331503087498,30.74,106668.42700000001,0.022569444444476575,0.5230769230776934
2000-12-20,30.69800629590659,31.183266876529164,30.075606855542848,30.16,241596.936,0.03608247422683539,-0.4857142857129009
2000-12-21,30.600978336826323,30.600978336826323,30.020614954576168,30.2,139748.598,0.0189655172414114,-0.6909090909060801
2000-12-22,30.704334257973972,30.704334257973972,30.071255201108528,30.43,63291.6872,0.020618556701062878,-0.43333333333098495
2000-12-25,30.07583419689016,30.666590673574074,30.06528497409223,30.54,145368.37199999997,0.019992984917605372,0.7719298245618609
2000-12-26,30.50322636902579,30.587635158701406,30.070631321938258,30.25,99457.9502,0.01694915254240509,-0.48979591836435127
2000-12-27,30.489349112424975,30.584298642532872,30.077901148624086,30.31,91082.71900000001,0.016608996539824547,-0.3541666666638898
2000-12-28,30.274938832574968,30.781279272980402,30.07451240824782,30.18,96387.09,0.02334494773522377,-0.13432835820727884
2000-12-29,30.090090592333453,30.54376306620103,30.068989547037287,30.28,29455.096999999998,0.015778401122052255,0.4000000000013695
2001-01-02,30.254742621824633,31.00372683596325,30.180899107754627,30.74,234945.0382,0.02719665271969752,0.5897435897441488
2001-01-03,30.807617728530786,31.282392659278692,30.1851350415502,30.47,154788.4248,0.035616438356195615,-0.30769230769106487
2001-01-04,30.49203508771823,30.650298245612962,29.553007017542825,30.07,269567.25,0.035986159169581804,-0.38461538461407246
2001-01-05,30.283022922635016,30.283022922635016,29.069591690543373,29.46,207753.27840000004,0.040069686411181415,-0.6782608695637882
2001-01-08,29.32769342010017,29.70747650036046,28.800216919738656,29.18,69590.9004,0.030935251798594222,-0.16279069767307944
2001-01-09,29.22477064220076,30.047706422017246,28.697247706420963,28.75,125677.0,0.04620938628162115,-0.3515624999989559
2001-01-10,28.8060684075017,29.22813534387535,28.341794777490684,28.69,211747.0192,0.030769230769264418,-0.13095238095104417
2001-01-11,28.701037037035974,29.070351851850777,28.416137037035984,28.49,143572.5,0.022794117647092958,-0.3225806451591851
2001-01-12,28.489722322393494,29.302206996032123,28.39475658131885,29.26,182071.5751,0.03185185185188583,0.8488372093025519
2001-01-15,29.37803457346752,29.37803457346752,26.751416760615303,28.07,111554.442,0.08940754039500422,-0.497991967870895
2001-01-16,28.07895934352749,28.574904886235416,27.815158522938166,28.29,116434.22139999998,0.027057497181545397,0.27777777777879503
2001-01-17,28.177026515150455,28.293068181817116,27.63901515151411,27.85,45738.0,0.02321228004496172,-0.49999999999763045
2001-01-18,27.803162360199472,29.016583108367566,27.22283069803212,27.36,112004.635,0.06451612903229162,-0.24705882352868908
2001-01-19,27.222358346093905,27.855436447165854,27.222358346093905,27.56,47199.101200000005,0.023255813953524145,0.5333333333341561
2001-02-05,27.59935359753646,27.958060792611477,27.335598307040126,27.42,39738.71,0.022553516819607315,-0.28813559321819016
2001-02-06,27.42330890859902,27.571029695332527,27.233382182798795,27.36,56838.56,0.012312427856904036,-0.18749999999631903
2001-02-07,27.42780337941523,27.849769585252385,27.375057603685583,27.47,30805.32,0.01730769230772814,0.08888888889091855
2001-02-08,27.4877922575689,27.783246454579235,27.350617094671243,27.53,79907.9302,0.015738963531705587,0.09756097561196853
2001-02-09,27.50779394867762,27.803236307926937,27.412830333204624,27.55,67860.1511,0.014192558496391774,0.10810810811052088
2001-02-12,27.549599697884158,27.95055135951556,27.433534743201385,27.94,104246.7288,0.018766756032207076,0.75510204081691
2001-02-13,27.949999999998948,28.02385805964409,27.749528123819264,27.95,55891.251,0.009815024537596698,3.833352148606246e-12
2001-02-14,27.95117448405149,28.162206378985818,27.75069418386388,28.12,155730.341,0.01472253680637729,0.4102564102579679
2001-02-15,27.937899258101215,28.106708317062555,27.009449433813867,27.02,98438.6936,0.039274924471333496,-0.8365384615367395
2001-02-16,26.887838709676334,26.982774193547296,25.08406451612802,26.16,127378.752,0.07061592781486385,-0.3833333333325756
2001-02-19,26.061417322833623,27.433070866140657,25.533858267715534,26.8,134299.706,0.07287449392716112,0.38888888888923784
2001-02-20,27.418473705020663,27.418473705020663,25.867678924475054,26.68,101615.22,0.05656021546752189,-0.47619047618948873
2001-02-21,26.37586628617911,26.37586628617911,25.33138198124642,25.88,91573.9242,0.03960000000003636,-0.4747474747460104
2001-02-22,25.847499999998927,25.847499999998927,25.161749999998957,25.32,54650.399999999994,0.026530612244935574,-0.769230769228116
2001-02-23,25.31628865979277,25.717129896906155,25.158061855669068,25.58,49420.7725,0.02208333333337181,0.4716981132085883
2001-02-26,25.53300931551132,26.06055083029461,25.343094370189334,26.05,72634.7703,0.02809917355375701,0.7205882352945876
2001-02-27,26.164401294497324,26.269902912620292,25.74239482200543,26.08,39257.831999999995,0.02016129032261798,-0.1599999999977021
2001-02-28,26.11275303643619,26.20770850202323,25.848987854249966,26.06,29071.899999999998,0.013737373737411487,-0.14705882352606184
2001-03-01,26.115653738503553,26.622139144341197,26.062894842062132,26.39,121321.009,0.021414141414178862,0.49056603773686114
2001-03-02,26.483859368756434,26.63157810627141,26.167319216938626,26.41,68980.9279,0.017529880478124763,-0.15909090908829573
2001-03-05,26.483782696175997,26.642052313882225,25.956217303821894,26.22,26686.415000000005,0.025896414342666103,-0.3846153846132893
2001-03-06,26.268242424241365,26.37373737373631,25.740767676766637,26.11,90592.425,0.024096385542205927,-0.24999999999794087
2001-03-07,26.11767668562039,26.49741673436123,25.685194963443312,25.97,72025.81,0.03109854604204029,-0.18181818181666484
2001-03-08,25.95089534420908,26.678786311180797,25.687166732987443,26.51,300937.52989999996,0.03821138211385818,0.5638297872345344
2001-03-09,26.531535685644485,26.626479550921147,25.930224538892304,26.31,137100.9162,0.02624254473164709,-0.31818181817984664
2001-03-12,26.89717665615036,27.118769716087264,26.380126182964265,26.76,273431.52,0.02746174970580314,-0.18571428571260587
2001-03-13,26.66091603053328,27.082932904779952,25.848533547608444,26.26,171492.1,0.04629996042742014,-0.32478632478520436
2001-03-14,27.2247914183541,27.2247914183541,26.264537147396652,26.56,188674.32,0.03527131782949274,-0.6923076923058731
2001-03-15,26.591039999998934,26.780975999998926,26.17951199999895,26.38,117650.0,0.022619047619084346,-0.3508771929801162
2001-03-16,26.377795527155502,26.70488019169223,26.21952875399257,26.42,181765.36,0.01840000000003714,0.08695652174111637
2001-03-19,26.41999999999895,26.41999999999895,26.41999999999895,26.42,0.0,3.785011355034072e-14,1.0516032489249483
2001-03-20,26.484693084692058,27.835306915305836,24.163325563324626,27.16,295221.3264,0.13864541832672575,0.18390804597724825
2001-03-21,26.90512223515612,27.422122623204217,26.51473418703817,27.19,382483.494,0.033725490196114295,0.31395348837290576
2001-03-22,27.220639199074807,27.399999999998943,27.04127839815067,27.4,344632.02829999995,0.013178294573679696,0.5000000000015477
2001-03-23,27.407472527471448,27.61846153846045,26.742857142856092,26.88,175000.462,0.03194765204006604,-0.6024096385523224
2001-03-26,26.900773694389674,27.407141199225244,26.900773694389674,27.27,327773.0885,0.01882352941180116,0.7291666666673123
2001-03-27,27.330968494748063,27.425904317385164,26.898483080512374,27.12,260802.24000000002,0.019297568506404027,-0.3999999999972437
2001-03-28,27.21518987341668,27.616033755273204,27.004219409281667,27.5,331275.9219,0.022480620155074637,0.4655172413802706
2001-03-29,27.585924207268853,27.617571539055394,27.216705336425868,27.28,309453.9486,0.01453154875720582,-0.76315789473232
2001-03-30,27.32459893048024,27.746600458364107,27.32459893048024,27.62,267719.298,0.015444015444051598,0.7000000000008408
2001-04-02,27.657177914109376,27.815460122698322,27.435582822084843,27.52,255284.08,0.013735215566613194,-0.36111111110740424
2001-04-03,27.532379459034594,27.532379459034594,26.783414347313727,26.91,193595.39,0.027203065134135056,-0.8309859154904378
2001-04-04,26.923650856914033,27.103001195694418,26.269549621362046,26.47,240613.1,0.03095611285270064,-0.5443037974664366
2001-04-05,26.47803921568524,26.95274509803816,26.37254901960681,26.9,165866.025,0.02191235059764648,0.7272727272732846
2001-04-06,26.906065380069833,27.12764474202335,26.45235525797454,26.79,139431.4701,0.02509803921572249,-0.1718749999981828
2001-04-09,26.797510040159565,26.90301204819169,25.795240963854386,26.27,215458.70399999997,0.04133858267720113,-0.4761904761890935
2001-04-10,26.265353371241822,26.265353371241822,25.759033306254032,25.97,218404.02000000002,0.019277108433772117,-0.5833333333300996
2001-04-11,25.95324165029368,27.09265225933096,25.742239685657143,26.85,291208.3165,0.05203252032523981,0.6640625000002865
2001-04-12,26.90710599444117,27.07593489479845,26.379515680824678,26.58,147109.6,0.025882352941212716,-0.46969696969478175
2001-04-13,26.585703063628177,27.10264728986539,26.385255302434157,26.86,214490.57060000004,0.026984126984163515,0.3823529411774099
2001-04-16,26.90730664593755,27.276622619509244,26.865099106100786,27.15,188210.0613,0.015294117647095465,0.5897435897447116
2001-04-17,27.328755868543535,27.434272300468415,26.80117370891914,26.97,138025.278,0.023166023166059015,-0.5666666666641093
2001-04-18,27.038325973503532,27.059674829384708,26.472581292652492,26.59,137631.4865,0.021713383339949436,-0.7636363636332433
2001-04-19,26.584962406013986,27.129473684209454,26.264661654134304,26.98,148731.8917,0.032530120481963964,0.4567901234574985
2001-04-20,27.00698795180615,27.00698795180615,26.153012048191723,26.58,119630.805,0.03162055335971974,-0.49999999999817063
2001-04-23,26.67824029126106,26.67824029126106,26.261893203882437,26.39,98580.3936,0.015606242497035613,-0.6923076923034722
2001-04-24,26.451466883379666,27.0492401462809,26.259325477447128,26.27,162278.34,0.029862792574693597,-0.22972972972809047
2001-04-25,26.315816749584314,26.6360903814251,25.62189054726262,25.75,139916.502,0.03853955375257206,-0.5578947368405015
2001-04-26,25.67392294946041,26.2183595691787,25.51379453189621,25.77,132179.2942,0.027442827442865296,0.1363636363649567
2001-04-27,25.769872375462096,26.15417867435051,25.72717167558561,25.93,131127.136,0.01657000828504215,0.37500000000161576
2001-04-30,25.941219811705857,26.13337699549627,25.65298403602024,26.08,111864.97,0.01851851851855623,0.2888888888905067
2001-05-08,26.15337423312777,26.18539877300507,25.854478527606307,26.1,51688.52250000001,0.012653061224527628,-0.16129032257694498
2001-05-09,26.099091276250963,26.835630048464182,26.045718901452904,26.43,245951.47920000003,0.030265848670793852,0.4189189189197418
2001-05-10,26.474727052162294,26.88038819247768,26.207844723007433,26.4,167891.97,0.025403225806488305,-0.11111111110936116
2001-05-11,26.420121951218437,26.686991869917616,25.939756097559922,26.26,93578.40000000001,0.0282828282828651,-0.2142857142839954
2001-05-14,26.42148087876215,26.528234336858162,25.91973962571091,26.24,121865.18199999999,0.023030303030340087,-0.2982456140328493
2001-05-15,26.258088235293048,26.322132352940102,25.852475490195022,26.13,108292.17599999999,0.01788617886182604,-0.27272727272442754
2001-05-16,26.2061908679545,26.24888934594709,25.907301522006343,25.95,63570.649999999994,0.013034623217960188,-0.7499999999946998
2001-05-17,26.04864864864758,26.144729729728656,25.877837837836775,26.07,183822.52680000002,0.010245901639382245,0.08000000000371499
2001-05-18,26.15827486586768,26.15827486586768,25.84864630623088,25.87,104770.52,0.011836734693915253,-0.9310344827521692
2001-05-21,25.87716741710905,26.144052394595736,25.610282439622363,26.08,186589.4996,0.020627062706308524,0.38000000000128725
2001-05-22,26.106096059112232,26.15948275861962,25.92458128078712,26.01,80022.59999999999,0.008997955010262858,-0.409090909084633
2001-05-23,26.153252032519262,26.452146341462342,25.939756097559922,26.26,101378.322,0.019591836734731433,0.20833333333501233
2001-05-24,26.37234304472604,26.37234304472604,25.98796881411465,26.02,48209.2214,0.014574898785462361,-0.9166666666615098
2001-05-25,26.045747800585417,26.2058651026382,25.309208211142636,25.48,144795.6587,0.034426229508233805,-0.630952380950484
2001-05-28,25.409362808841554,25.51612483745013,24.45918075422521,24.63,138881.4,0.04159663865549984,-0.7373737373720337
2001-05-29,24.658650519030076,25.08564013840722,24.55190311418579,24.68,79514.9976,0.021645021645061335,0.04000000000192408
2001-05-30,25.08878904578412,25.19554985023427,24.747154471543656,24.95,72734.451,0.017872340425571176,-0.3095238095207389
2001-05-31,25.090301724136854,25.165038793102365,24.620525862067907,24.77,118375.216,0.02170212765961339,-0.5882352941146163
2001-06-01,24.766753246752174,24.83080519480412,24.55324675324569,24.66,83809.11,0.011206896551764073,-0.3846153846101491
2001-06-04,24.658212877791303,24.711585632938036,24.337976346910896,24.37,91527.0681,0.015151515151555045,-0.7714285714236626
2001-06-05,24.374152397259234,25.057440068492085,24.374152397259234,24.94,96744.97279999999,0.028033289531358443,0.8281250000003436
2001-06-06,24.93999999999894,24.93999999999894,24.93999999999894,24.94,0.0,4.00962309542904e-14,1.0622613899613498
2001-06-07,25.04300922045159,25.779568315170753,24.95761106454212,25.47,116069.59459999998,0.03282182438196527,0.5194805194811853
2001-06-08,25.621621621620545,25.707027027025944,25.173243243242183,25.28,61406.975999999995,0.02083333333337154,-0.6399999999968083
2001-06-11,25.314359743039603,25.410449678799772,24.577670235544986,24.93,118127.65000000001,0.03289751159852001,-0.46153846153662553
2001-06-12,24.930303687634495,24.98368763557375,24.556616052059674,24.61,77798.36,0.01713062098504999,-0.7499999999957566
2001-06-13,24.641437632134267,25.249999999998934,24.641437632134267,25.25,76381.6955,0.024696707105758813,1.0000000000001081
2001-06-14,25.302561948759966,25.932456950859898,25.302561948759966,25.42,142071.1747,0.024894514767971047,0.18644067796749766
2001-06-15,25.297195479278972,25.542695688571555,25.11573880284533,25.5,39189.156,0.01687763713084054,0.475000000001393
2001-06-18,25.523180060162204,25.523180060162204,24.77595186935863,24.84,89463.1439,0.02927645336683008,-0.9142857142830659
2001-06-19,24.82375478927098,25.282860791825236,24.82375478927098,25.08,15691.32,0.01849462365595346,0.5581395348848188
2001-06-20,25.090301724136854,25.090301724136854,24.71661637930928,24.77,15013.416,0.014893617021316032,-0.8571428571377085
2001-06-21,24.969999999998937,25.06607952116182,24.76716545532173,24.97,42569.8,0.011970927746939983,3.5537350407794853e-12
2001-06-22,24.993763213529604,25.50623678646827,24.983086680760046,25.25,106635.48499999999,0.020931225971846185,0.4897959183684386
2001-06-25,25.297304128052854,25.52145745576978,25.094498736308974,25.34,93664.03339999999,0.016877637130840503,0.10000000000226042
2001-06-26,25.418783783782715,25.525540540539467,25.20527027026921,25.28,56758.828799999996,0.012599748005078739,-0.4333333333286569
2001-06-27,25.355942881141317,25.5054094918091,25.27053338933116,25.42,72815.742,0.009263157894775918,0.27272727273064384
2001-06-28,25.52225190839587,25.56494910941368,25.105954198472222,25.17,60105.42,0.01798410706821078,-0.7674418604611267
2001-06-29,25.176771720612216,25.411669505961445,24.888488074956353,25.07,37591.48,0.020780322307078908,-0.20408163265062843
2001-07-02,24.95877849462258,25.08688172042903,24.734597849461306,24.82,31514.2125,0.014114627887122387,-0.3939393939352451
2001-07-03,24.81809338521294,24.81809338521294,24.5512321660171,24.69,59513.49,0.010752688172082902,-0.4799999999942144
2001-07-04,24.714053702900618,24.852836725854274,24.53256821134584,24.65,52391.4409,0.012958963282977432,-0.199999999996041
2001-07-05,24.557967867997196,24.77151541467543,24.323065566651135,24.59,80204.278,0.01826086956525735,0.0714285714307956
2001-07-06,24.558644656819087,24.87897480451673,24.35576889661058,24.58,64617.14,0.021304347826126953,0.04081632653257589
2001-07-09,24.556768558950896,24.770305676854818,24.38593886462776,24.45,20161.16,0.015652173913083548,-0.27777777777428836
2001-07-10,24.529325793822338,24.710787298824503,24.34786428882017,24.54,43351.3234,0.014795474325540589,0.02941176470873144
2001-07-11,24.394054409827802,24.682299254057714,23.902970601139803,24.33,72848.235,0.03194748358866109,-0.0821917808204455
2001-07-12,24.469750889678632,24.544483985764032,23.925266903913528,24.0,76656.8,0.025305410122203786,-0.758620689652235
2001-07-13,23.998516556290337,24.23337748344264,23.806357615892995,24.18,49297.725,0.017793594306090576,0.42500000000149485
2001-07-16,24.12978339350072,24.12978339350072,23.659999999998934,23.66,23910.64,0.019469026548713266,-0.9999999999956026
2001-07-17,23.657851851850754,23.753935185184083,23.01729629629523,23.06,28987.2,0.031137184115564435,-0.811594202895998
2001-07-18,23.063551401868086,23.277102803737236,22.743224299064362,22.85,31864.6,0.023148148148190564,-0.3999999999972558
2001-07-19,22.842915717538823,23.440674259680026,22.80021867881445,23.43,55798.217,0.028037383177612764,0.9166666666668978
2001-07-20,22.849009672960715,23.382865039151387,22.849009672960715,23.18,70709.47,0.02336448598135118,0.6200000000008393
2001-07-23,23.175948553053598,23.378778135047156,22.845016077169365,23.24,78437.5277,0.023030861354256884,0.12000000000177224
2001-07-24,23.24751858735952,23.354256505575123,22.948652416355813,22.97,16871.68,0.017447199265423242,-0.6842105263114883
2001-07-25,22.971348837208232,23.22753488371985,22.853930232557076,22.95,14101.85,0.016263940520489018,-0.05714285713984462
2001-07-26,23.03951690821145,23.21033816425009,22.078647342994106,22.1,32431.725,0.04911955514369276,-0.8301886792436076
2001-07-27,21.877932764675272,21.941996989462023,21.269322629201145,21.28,48941.1045,0.030746705710146715,-0.8888888888859843
2001-07-30,21.028453947367268,21.028453947367268,19.42730263157788,19.47,34345.92,0.07614213197973944,-0.9733333333320585
2001-07-31,19.48511099079483,20.285868976717907,19.474434217649186,19.72,52260.865,0.04164383561648779,0.28947368421148273
2001-08-01,19.72759493670782,20.272025316454624,19.72759493670782,20.24,45536.231999999996,0.027597402597451706,0.9411764705884704
2001-08-02,20.2724149108579,20.2830902215008,19.43974068071208,19.76,32031.555000000004,0.04160084254875719,-0.6075949367068725
2001-08-03,19.73785216925443,20.06877343331441,19.65245313336799,19.93,24888.977,0.021092482422980962,0.4615384615399196
2001-08-06,19.96814897164981,19.96814897164981,19.103218454695998,19.21,35026.53,0.04331550802143814,-0.876543209874301
2001-08-07,18.79171796306554,19.09067711247794,18.59952993844328,19.08,55934.5296,0.026136363636415166,0.5869565217401125
2001-08-08,19.004146208400496,20.018412438624118,19.004146208400496,19.57,61044.21569999999,0.05337078651690378,0.5578947368426029
2001-08-09,19.51656004194969,20.370676455164112,19.388442579967524,20.36,78922.3392,0.0503282275711644,0.8586956521741252
2001-08-10,20.451908713691882,20.69741701244706,20.153029045642104,20.58,84543.95680000001,0.02661795407102899,0.23529411764858865
2001-08-13,20.642798955612506,20.674819843340963,20.3652845952992,20.44,18316.017499999998,0.01499482936923087,-0.6551724137875503
2001-08-14,20.57838588989735,20.57838588989735,19.788551576695895,19.97,14069.7329,0.03838174273863606,-0.7702702702679443
2001-08-15,19.959225874866387,20.236733828206777,19.959225874866387,20.13,6601.0,0.013903743315557498,0.6153846153862327
2001-08-16,20.077411764704813,20.12010695187059,19.853262032084505,19.96,4319.7,0.013290802764536242,-0.4399999999943597
2001-08-17,19.977451612902154,19.977451612902154,19.806612903224742,19.86,10918.2,0.008551576697003209,-0.687499999989737
2001-08-20,18.999460916441024,19.96010781671051,18.999460916441024,19.8,12189.0195,0.05056179775285886,0.8333333333335803
2001-08-21,19.80496828752538,20.81923890063315,19.80496828752538,20.2,51441.3988,0.05121293800543875,0.38947368421119444
2001-08-22,20.233546666665585,20.39370666666558,19.646293333332284,20.02,24056.25,0.03693931398421655,-0.28571428571247204
2001-08-23,19.745758218450707,20.17269353128207,19.639024390242863,20.13,38903.8422,0.027027027027076312,0.7200000000006411
2001-08-24,20.04960519199459,20.231097890750664,19.654591671172547,19.74,14015.419999999998,0.02875399361027201,-0.5370370370342605
2001-08-27,19.634670050760317,19.634670050760317,18.684433164127544,18.93,32906.88,0.04839586731924371,-0.7415730337059638
2001-08-28,19.102363325739233,19.102363325739233,18.280182232345204,18.75,23228.368,0.04304080491899914,-0.4285714285696122
2001-08-29,19.005935050390878,19.27287234042446,18.685610302350582,19.07,40620.248199999995,0.030898876404545472,0.10909090909253305
2001-08-30,19.063933147631253,19.426852367686944,18.722362116990602,19.16,16567.85,0.03695408734607526,0.13636363636495272
2001-08-31,19.273557422968107,19.75406162464875,19.01728851540509,19.06,9219.525000000001,0.03822714681445438,-0.2898550724619256
2001-09-03,19.42627737226169,19.42627737226169,18.924609769791196,19.01,2903.0299999999997,0.025824175824225973,-0.8297872340387832
2001-09-04,19.20729339988801,19.303383250137585,19.004437049361123,19.25,14890.6164,0.01556420233468139,0.142857142860237
2001-09-05,19.375401217486473,19.514178195903735,19.225949086883276,19.29,12672.491,0.014876033057902067,-0.2962962962915582
2001-09-06,19.132706935121977,19.378271812079454,19.057969798656657,19.09,8636.039999999999,0.016741071428622613,-0.1333333333295999
2001-09-07,19.218961625281086,19.218961625281086,18.68510158013439,18.92,21722.061999999998,0.02777777777782832,-0.5599999999969549
2001-09-10,18.682960893853707,19.526363128490534,18.682960893853707,19.11,9522.8,0.04514285714290837,0.5063291139247115
2001-09-11,19.111505922164742,19.111505922164742,18.801878172587774,18.93,8289.1296,0.01620111731848711,-0.5862068965463859
2001-09-12,18.413031161472045,18.839999999998934,18.359660056656185,18.84,13477.716499999999,0.026086956521792007,0.8888888888892605
2001-09-13,18.892123287670156,18.988184931505767,18.64663242009026,18.7,7289.3712,0.018079096045249807,-0.5624999999952314
2001-09-14,18.6325455580855,18.952875854213048,18.6325455580855,18.75,5654.32,0.017191977077416817,0.3666666666688497
2001-09-17,18.999654377879097,19.106394009215492,18.33786866359342,18.53,12084.296,0.04044943820229758,-0.6111111111089358
2001-09-18,18.528653624855092,18.944907940160018,18.411248561563962,18.55,6552.259999999999,0.02880184331802472,0.04000000000192276
2001-09-19,18.555410404623206,18.683526011559614,18.352560693640562,18.47,10933.6,0.017836593786013585,-0.2580645161250374
2001-09-20,18.68678160919433,18.772206896550642,18.36643678160814,18.58,40723.13399999999,0.02171428571433789,-0.26315789473357337
2001-09-21,18.684895833332252,18.684895833332252,18.343229166665605,18.45,23016.960000000003,0.018285714285766846,-0.6874999999948644
2001-09-24,18.573371757924,18.893602305474417,18.125048991353424,18.52,20831.971500000003,0.0413793103448792,-0.06944444444296474
2001-09-25,18.519436374199973,18.594154561300492,18.03910517141092,18.37,12955.8601,0.029971181556248602,-0.26923076922836275
2001-09-26,18.358865248225865,18.358865248225865,17.93191489361596,18.06,6954.120000000001,0.023255813953541576,-0.6999999999958617
2001-09-27,17.72308605341141,18.673299703262984,17.72308605341141,17.99,14406.750000000002,0.05361445783137857,0.2808988764053218
2001-09-28,18.149208282581114,18.149208282581114,17.487295980510506,17.53,13099.876,0.03647058823534734,-0.9354838709647141
2001-10-08,17.524484304931615,17.524484304931615,16.585291479819563,16.66,5291.9461,0.05359317904999335,-0.9204545454524272
2001-10-09,16.705832282470574,17.068770491802205,16.54571248423603,16.93,5963.36,0.03130990415341279,0.4285714285726459
2001-10-10,16.927001959502483,16.927001959502483,16.329327237098866,16.34,6799.171,0.03530895334179715,-0.982142857139425
2001-10-11,16.545060080105703,16.545060080105703,15.904606141520967,15.99,9777.446000000002,0.0387096774194129,-0.8666666666636449
2001-10-12,16.013645224170496,16.558109161792295,15.672020792721527,16.43,11073.8745,0.05533333333339235,0.4698795180729674
2001-10-15,16.33511597938039,16.740824742266962,16.33511597938039,16.57,6502.88,0.024836601307249274,0.5789473684222587
2001-10-16,16.604410796575603,16.63644502962366,16.123897300854765,16.22,4710.419,0.030868167202630747,-0.7499999999964573
2001-10-17,16.545178691839748,16.545178691839748,15.477747808495248,15.83,5132.6630000000005,0.0645161290323146,-0.6699999999983729
2001-10-18,16.108218623480695,16.108218623480695,15.819999999998934,15.82,8491.86,0.017892644135249776,-0.9999999999928325
2001-10-19,15.801657458562444,15.823011049722663,15.459999999998931,15.46,10628.32,0.022972972973034758,-0.9411764705826983
2001-10-22,14.95150474799014,15.730562454345089,14.513951789626404,14.61,11569.2821,0.08137044967886237,-0.28070175438485606
2001-10-23,15.695617529879431,16.07999999999893,15.492749003983032,16.08,48979.336800000005,0.03741496598645584,0.6545454545461639
2001-10-24,16.848645569619187,17.168962025315366,16.229367088606566,16.87,72718.078,0.055766793409434974,0.022727272728385966
2001-10-25,16.762483574243312,16.762483574243312,16.07917214191747,16.25,17150.8092,0.04076433121024823,-0.7499999999973388
2001-10-26,16.28286852589533,16.28286852589533,15.72764940238939,16.08,15287.104800000001,0.03409836065579712,-0.3653846153820332
2001-10-29,16.295077519378793,16.861027131781857,16.20965116278965,16.53,14055.84,0.03997378768026858,0.3606557377060042
2001-10-30,16.38675409835958,16.482832786884167,16.14121967213009,16.28,6384.87,0.020846905537518997,-0.3124999999959588
2001-10-31,16.034596026489005,16.11999999999893,15.906490066224112,16.12,4833.661,0.013315579227757885,0.4000000000031284
2001-11-01,16.123388704317865,16.30491029900224,14.948837209301333,16.07,33559.393000000004,0.08410596026495759,-0.03937007873934019
2001-11-02,16.010568031703038,16.37347424042164,15.850462351386005,16.16,16565.2796,0.032666666666727226,0.2857142857157792
2001-11-05,15.936407068061785,16.80100785340204,15.936407068061785,16.31,7472.0728,0.05425318151379,0.4320987654328323
2001-11-06,16.11865079364973,16.353492063490986,16.011904761903708,16.14,5824.0728,0.02119205298019313,0.06250000000293267
2001-11-07,16.02109027777666,16.02109027777666,15.209895833332276,15.37,13233.744,0.05063291139246419,-0.8026315789450618
2001-11-08,15.049690721648448,15.529999999998932,14.95362886597835,15.53,6610.647,0.03829787234048959,0.8333333333337393
2001-11-09,15.423163265305071,15.68999999999893,15.263061224488757,15.69,5293.764,0.02768166089971691,0.6250000000010429
2001-11-12,15.689326988442167,15.902787219577435,15.369136641739265,15.7,2854.3284,0.034013605442238505,0.02000000000196613
2001-11-13,15.482546201230974,15.599999999998934,15.365092402463016,15.6,2863.9982999999997,0.015172413793167003,0.5000000000024124
2001-11-14,15.394593103447214,15.778924137929945,15.170399999998954,15.48,2160.5,0.03952843273237847,0.1403508771945079
2001-11-15,15.586211699163261,15.671615598884703,15.265947075207851,15.33,4236.2,0.026027397260336434,-0.6315789473642357
2001-11-16,16.178513238288108,16.552274270195753,15.729999999998933,15.73,19988.61,0.0508250825083094,-0.5454545454525848
2001-11-19,15.801205626254802,16.004058941726992,15.801205626254802,15.94,5421.0830000000005,0.012837837837900302,0.6842105263176784
2001-11-20,16.2084820846895,16.411355048858866,16.016286644950096,16.39,19016.194,0.024374176548149825,0.45945945946099453
2001-11-21,16.38729694606781,16.526081871343955,16.33391812865391,16.43,22393.3734,0.011726384364881116,0.22222222222662655
2001-11-22,16.447211538460486,16.649999999998933,16.383173076922027,16.65,32370.0,0.016223231667808004,0.7600000000011398
2001-11-23,16.717427652732045,16.717427652732045,16.503922829580933,16.6,13622.111,0.012771392081795988,-0.549999999992422
2001-11-26,16.649904761903702,17.247593650792556,16.54317460317355,16.81,16994.25,0.04230769230774998,0.2272727272739209
2001-11-27,16.852597484275666,16.969999999998933,16.70317610062788,16.97,13114.638,0.015832805573206092,0.4400000000023566
2001-11-28,17.02999999999893,17.211510971785756,16.869843260187032,17.03,35208.03,0.0200626959248224,3.129844527339335e-12
2001-11-29,16.971241422332067,17.15269494697335,16.971241422332067,17.11,16270.45,0.01069182389942926,0.7647058823546109
2001-11-30,17.136973764489497,17.510677242219796,17.08358755338517,17.5,16504.4022,0.024922118380119086,0.8500000000005153
2001-12-03,17.617967332122348,17.820840895340726,17.532546884451452,17.65,23831.301000000003,0.01636363636369215,0.11111111111441994
2001-12-04,17.609999999998937,17.684709090908022,17.353854545453498,17.61,14604.645,0.018787878787934458,3.2106598036874943e-12
2001-12-05,17.616087751370042,18.0217915904925,17.487970749541894,17.52,25509.345,0.03030303030308535,-0.17999999999766425
2001-12-06,17.396545454544405,17.706054545453476,17.300490909089863,17.61,14514.72,0.02331288343563904,0.526315789475002
2001-12-07,17.486756756755682,17.66824324324216,17.379999999998933,17.38,11444.84,0.016483516483572755,-0.3703703703653819
2001-12-10,17.189999999998935,17.307447204967872,17.083229813663536,17.19,11589.907000000001,0.013043478260927097,4.753485434092578e-12
2001-12-11,17.25270471463913,17.327437965259474,17.188647642678838,17.21,6296.472000000001,0.008044554455503018,-0.3076923076824035
2001-12-12,17.190316455695115,17.243702531644477,16.86999999999893,16.87,12276.6,0.02173913043483947,-0.8571428571377061
2001-12-13,16.866881028937822,17.080385852088934,16.546623794211154,16.6,13108.650000000001,0.031645569620310635,-0.4999999999970598
2001-12-14,16.605105401843442,16.679855072462672,16.209999999998935,16.21,17138.22,0.02829581993574983,-0.8409090909050345
2001-12-17,16.02829093281044,16.519497716893902,16.02829093281044,16.37,4955.4225,0.030646235842831878,0.6956521739137977
2001-12-18,16.199638009048726,16.530678733030605,16.199638009048726,16.52,11849.091800000002,0.020435069215617465,0.9677419354841739
2001-12-19,16.62148051947944,16.813636363635272,16.365272727271666,16.44,14537.6,0.02697495183050162,-0.40476190475862095
2001-12-20,16.36221999999891,16.36221999999891,15.988653333332268,16.01,14287.5,0.02283105022837025,-0.9428571428517587
2001-12-21,15.796435643563317,16.21269306930586,15.486910891088089,16.17,9108.9375,0.0459459459460062,0.5147058823537018
2001-12-24,16.230335570468707,16.28372483221367,15.909999999998933,15.91,9029.4,0.023026315789533826,-0.8571428571377023
2001-12-25,15.903830911491683,16.224042272125743,15.903830911491683,16.16,8115.04,0.020134228187981027,0.8000000000008402
2001-12-26,16.098518032785833,16.279999999998935,16.013114754097312,16.28,13375.622500000001,0.016578249336931177,0.6800000000014409
2001-12-27,16.30875247524645,16.436831683167235,16.116633663365274,16.17,18619.350000000002,0.01963350785346334,-0.4333333333286459
2001-12-28,16.26932459016287,16.31202622950713,16.119868852457962,16.28,5364.95,0.011811023622107933,0.05555555556081198
2001-12-31,16.212594771240767,16.45807843137147,16.169901960783253,16.33,11933.235,0.017774851876294896,0.4074074074097063
2002-01-04,16.330887258171025,16.330887258171025,15.967978652433892,16.0,7228.477800000001,0.02222222222228201,-0.9117647058769014
2002-01-07,16.01746138347777,16.01746138347777,15.81457353928705,15.9,3499.15,0.012666666666728383,-0.5789473684129325
2002-01-08,15.93742240215817,16.172267206476644,15.798650472333618,15.82,3586.44,0.02344273275290795,-0.31428571428201646
2002-01-09,15.747584541061716,15.790289855071373,15.41661835748686,15.47,10570.455,0.02372881355938394,-0.7428571428523014
2002-01-10,15.455955983492746,15.530674002749963,14.996973865198418,15.52,16364.6246,0.034530386740393944,0.12000000000177619
2002-01-11,15.672450704224248,15.672450704224248,15.159999999998933,15.16,7213.599999999999,0.0326975476839854,-0.9999999999959653
2002-01-14,14.95965743440124,15.365415451893924,14.596610787170947,14.65,10903.8328,0.05139186295509556,-0.4027777777758621
2002-01-15,14.385967503691699,14.727474150663609,14.364623338255955,14.45,13739.4442,0.025222551928851127,0.17647058823774914
2002-01-16,14.395065693429608,14.73678832116681,14.395065693429608,14.63,5480.273999999999,0.023738872403628666,0.6875000000011103
2002-01-17,14.62596006144281,14.62596006144281,13.878648233485878,13.9,11991.42,0.05109489051101374,-0.9714285714258434
2002-01-18,13.922029208300238,14.220968485779078,13.687148347424007,13.89,11822.187,0.03834355828227776,-0.0599999999978885
2002-01-21,13.88719740048628,13.88719740048628,13.022583265636634,13.14,7262.900000000001,0.062259800153795446,-0.8641975308619612
2002-01-22,13.106732348110581,13.55500821017951,12.914614121509612,13.0,9823.17,0.048859934853492805,-0.16666666666473795
2002-01-23,13.074245939674164,13.853364269140462,12.946171693734499,13.8,14416.6914,0.06938775510211205,0.8000000000002938
2002-01-24,13.664466615501638,14.187559478126309,13.344205679200819,13.91,17711.5487,0.061718750000068524,0.29113924050724976
2002-01-25,13.881859756096501,14.148818597559897,13.881859756096501,14.01,7871.344,0.01923076923083998,0.48000000000220455
2002-01-28,13.787378640775584,14.24660194174642,13.135922330096026,13.2,16846.68,0.08055770720378459,-0.5288461538447181
2002-01-29,12.823426294819695,13.453386454182194,12.823426294819695,13.4,10266.7785,0.04912572855960781,0.9152542372883794
2002-01-30,13.388497246261732,13.76217938630891,13.345790715970626,13.57,6065.847500000001,0.03110047846897192,0.435897435898953
2002-01-31,13.768911917097427,14.569430051812393,13.768911917097427,14.42,33334.168699999995,0.058139534883789326,0.8133333333336505
2002-02-01,14.43941000746718,14.599492158326019,14.04454070201538,14.29,21875.5108,0.03843311160390991,-0.26923076922835876
2002-02-04,14.095575221237896,14.522713864305711,14.095575221237896,14.48,11208.696,0.03030303030309911,0.9000000000004003
2002-02-05,14.572565406975686,14.754055232557068,14.41242732558035,14.69,17242.3808,0.023443223443290397,0.3437500000021156
2002-02-06,14.772417437251335,16.15999999999893,14.772417437251335,16.16,164018.28160000002,0.09393063583821161,1.00000000000005
2002-02-07,16.33526350032425,16.49541314248429,15.886844502276132,16.41,161271.72309999997,0.037254901960843155,0.12280701754540822
2002-02-08,15.69089645587104,15.89370396108298,15.317303683112208,15.36,128385.1337,0.03673469387761242,-0.5740740740712235
2002-02-25,15.797637248087852,15.904378040304662,15.349325920777252,15.36,51336.325000000004,0.03513513513519615,-0.7884615384581966
2002-02-26,15.349999999998932,15.478094575798645,15.083136300416198,15.35,36664.2546,0.025730180806739302,2.703046187456325e-12
2002-02-27,15.328650904032312,15.542141863698502,15.275278164115766,15.35,24041.203,0.01740947075215326,0.08000000000370606
2002-02-28,15.419857142856038,15.547999999998888,14.853892857141794,14.95,32305.980000000003,0.04501385041557445,-0.6769230769205593
2002-03-01,14.950180505414082,15.024931407941152,14.736606498193881,14.79,19074.6355,0.019285714285779822,-0.5555555555499253
2002-03-04,14.701067615657315,14.999999999998932,14.62633451957191,15.0,17041.526,0.025417574437248708,0.8000000000007153
2002-03-05,15.080492371704919,15.475381414700731,15.048474341191744,15.39,30769.396000000004,0.02830856334047501,0.7250000000007987
2002-03-06,15.422018030512106,15.880943134534268,15.19789181691989,15.39,55262.0544,0.04429065743950841,-0.046874999998367264
2002-03-07,15.397627118643024,15.760677966100626,15.397627118643024,15.75,47113.564999999995,0.023578363384252017,0.9705882352943853
2002-03-08,15.819761904760862,16.225396825395755,15.819761904760862,16.14,84962.30399999999,0.02564102564108722,0.7894736842112058
2002-03-11,16.493918918917856,16.974324324323234,16.312432432431383,16.59,90043.26659999999,0.04012944983824605,0.14516129032397532
2002-03-12,16.585662891404624,16.649700199865645,16.009327115255427,16.02,75021.6311,0.03861003861009662,-0.8833333333302863
2002-03-13,16.022254768391278,16.022254768391278,15.616628065394032,15.67,21139.7872,0.02531645569626327,-0.868421052626807
2002-03-14,15.6759034572723,16.391356816698217,15.6759034572723,16.37,35359.5648,0.04564032697553779,0.9701492537314765
2002-03-15,16.45838383838273,16.75723905723793,15.839326599325533,15.85,53378.325,0.055771725032482754,-0.6627906976725345
2002-03-18,16.009999999998932,16.394239999998906,15.743166666665617,16.01,24700.95,0.04066666666672649,1.6424675417782671e-12
2002-03-19,16.01178781925239,16.385396201701614,15.819646365421361,16.3,29878.6563,0.03533333333339367,0.5094339622651359
2002-03-20,16.36594541910225,16.632839506171756,16.205808966860545,16.43,47492.4627,0.02609262883241423,0.15000000000215044
2002-03-21,16.427414921464894,16.63022251308792,16.22460732984187,16.31,37696.8296,0.024691358024750844,-0.289473684207185
2002-03-22,16.31942574257318,16.31942574257318,16.009900990097954,16.17,29817.624000000003,0.01896664486598553,-0.4827586206846434
2002-03-25,16.177964426876407,16.316785243740693,16.01778656126377,16.21,16907.180399999997,0.01848184818487917,0.10714285714606385
2002-03-26,16.276936026934933,16.276936026934933,15.743265993264934,15.85,17938.8,0.03278688524596114,-0.7999999999965045
2002-03-27,15.795292535304924,15.95537995964923,15.741930060523488,15.87,17903.48,0.013513513513575931,0.3500000000033535
2002-03-28,15.985252659573405,16.134747340424457,15.803723404254267,16.06,15579.6352,0.020708082832392564,0.22580645161544466
2002-03-29,15.99507186858207,16.14455852155947,15.589322381929119,15.6,16041.779999999999,0.03471295060086143,-0.7115384615352612
2002-04-01,15.484567901233506,15.623395061727326,15.164197530863158,15.57,10891.1142,0.029655172413855912,0.18604651162982727
2002-04-02,15.507491240363315,15.518163980377329,15.101927119830759,15.23,12914.2073,0.02684101858230628,-0.6666666666625044
2002-04-03,15.173895104894042,15.462209790208707,15.173895104894042,15.27,7850.700000000001,0.019000703729832424,0.3333333333358862
2002-04-04,15.211001362396784,15.766069482287753,15.02953678474012,15.67,11692.9136,0.04842105263164142,0.6231884057977054
2002-04-05,15.674743326487635,15.866940451744295,15.482546201230974,15.6,9438.06,0.024523160763005005,-0.19444444444116463
2002-04-08,15.585399449034739,15.777548209365303,15.318526170797842,15.5,6342.1908,0.029452054794582804,-0.18604651162517544
2002-04-09,15.454986666665636,16.11673333333226,15.422966666665637,16.01,23538.0,0.04488950276249287,0.8000000000003852
2002-04-10,16.099999999998932,16.18541114058248,15.929177718831836,16.1,21754.408,0.015915119363456277,4.173408800493785e-12
2002-04-11,16.102372881354842,16.209152542371783,15.69661016949046,15.75,13771.779999999999,0.03183023872685063,-0.6874999999965777
2002-04-12,15.807978436656617,15.989433962263073,15.754609164419422,15.84,10091.2,0.014854827819103536,0.13636363636759924
2002-04-15,15.99421800947759,15.99421800947759,15.695260663506046,15.77,10752.56,0.018691588785108126,-0.7499999999939203
2002-04-16,15.766069482287753,15.894162125339516,15.669999999998932,15.67,12037.6,0.014218009478735494,-0.42857142856474845
2002-04-17,15.674062927495507,15.695417236661031,15.48187414500578,15.61,6933.0964,0.01362397820169779,-0.2999999999935949
2002-04-18,15.60999999999893,15.60999999999893,15.60999999999893,15.61,0.0,6.40614990390778e-14,1.0693668173189508
2002-04-19,15.612716049381644,15.612716049381644,15.217592592591549,15.57,13109.3154,0.02530779753768207,-0.10810810810512919
2002-04-22,15.565547038326441,15.565547038326441,15.26662020905817,15.32,5180.4935,0.01920438957482294,-0.8214285714222509
2002-04-23,15.355927977838272,15.569501385040471,15.2811772853175,15.42,5898.74,0.018776077886016533,0.22222222222515492
2002-04-24,15.316631944443378,15.519430555554475,15.273937499998937,15.37,4975.2,0.016027874564524182,0.21739130435129717
2002-04-25,15.38746153846046,15.38746153846046,15.216608391607325,15.27,8665.800000000001,0.011103400416441799,-0.6874999999897151
2002-04-26,15.468923076922042,16.120133779263135,15.266086956520718,15.96,23144.693,0.055210489993159695,0.5750000000005784
2002-04-29,16.123086574653943,17.21219573400143,16.059021329986443,17.02,173944.7718,0.0715231788080048,0.7777777777780285
2002-04-30,17.080385852088934,17.2084887459796,16.5359485530536,16.6,69845.313,0.03937500000005615,-0.7142857142830652
2002-05-08,16.597514715499244,16.66155657292239,16.309326357095074,16.32,29527.2835,0.02122186495182749,-0.7878787878735264
2002-05-09,16.277305428383503,16.544146500979952,16.23461085676807,16.32,16960.1267,0.01901639344268307,0.1379310344857551
2002-05-10,16.33556735235459,16.388951559388428,16.025938951558324,16.09,19967.75,0.022222222222282196,-0.6764705882304903
2002-05-13,16.12135278514482,16.12135278514482,15.886472148540062,16.1,20863.18,0.01456953642390206,-0.09090909090414831
2002-05-14,16.324204244030746,16.324204244030746,15.907824933685948,16.1,12923.56,0.025506867233545512,-0.5384615384576757
2002-05-15,16.063366666665598,16.20211999999892,15.903266666665607,16.01,13515.0,0.018604651162851833,-0.17857142856726027
2002-05-16,15.857825484763444,15.900540166203884,15.34524930747816,15.42,26601.801199999998,0.03501683501689595,-0.7884615384581919
2002-05-17,15.661489655171334,15.661489655171334,15.266482758619638,15.48,18899.155000000002,0.025221540559026024,-0.45945945945559397
2002-05-20,15.562124999998916,15.562124999998916,15.167201388887834,15.37,14954.544,0.025377229080995312,-0.4864864864825486
2002-05-21,15.65239946380592,16.132861930293824,15.566983914208071,15.93,23126.746,0.036152796725846016,0.4905660377368698
2002-05-22,15.918113590262616,15.918113590262616,15.587153482081433,15.79,8085.249299999999,0.020791415157673934,-0.3870967741891548
2002-05-23,15.92539083557844,15.957412398920756,15.797304582209177,15.84,13337.746799999999,0.010053619303011152,-0.5333333333233321
2002-05-24,15.760849315067414,15.760849315067414,15.483219178081132,15.59,6232.302,0.01761517615182383,-0.6153846153785559
2002-05-27,15.479999999998933,15.672165517240298,15.330537931033424,15.48,10721.155,0.02206896551730462,3.1250124509264355e-12
2002-05-28,15.589999999998916,15.784874999998904,15.546694444443364,15.59,9316.800000000001,0.015277777777840954,4.549396022283329e-12
2002-05-29,15.558111190305377,15.558111190305377,15.15751960085423,15.19,17561.4913,0.025748086290946423,-0.9189189189139225
2002-05-30,15.239768786126067,15.239768786126067,14.828468208091415,14.98,16625.3,0.026988636363700177,-0.6315789473642551
2002-05-31,14.974136429607041,15.049927431058414,14.844208998547545,14.92,12319.32,0.013738250180832218,-0.26315789473030243
2002-06-03,14.598070836472148,14.598070836472148,14.284250188393798,14.36,11531.63,0.02149740548561196,-0.7586206896493071
2002-06-04,14.217575301203752,14.82396084337238,14.217575301203752,14.38,13851.571199999998,0.04265041888810988,0.2678571428584836
2002-06-05,14.379999999998919,14.379999999998919,14.379999999998919,14.38,0.0,6.954102920723266e-14,1.0818013151947525
2002-06-06,13.856625633597838,15.480448950035086,13.748370745835354,14.95,20151.552,0.12500000000006334,0.631250000000259
2002-06-07,14.9575306859195,15.152346570396018,14.806007220215538,14.99,18346.125500000002,0.02315484804637501,0.09375000000285044
2002-06-10,14.830729550477903,14.830729550477903,14.63587324981469,14.69,8080.935,0.01313868613145339,-0.7222222222129544
2002-06-11,14.638490566036673,15.082409288823289,14.616835994193424,14.92,5736.8895999999995,0.03180473372787679,0.6046511627917265
2002-06-12,14.72510885340967,15.006618287371914,14.72510885340967,14.92,3982.4199999999996,0.01911764705889014,0.6923076923090827
2002-06-13,14.834004474271824,15.05055928411521,14.519999999998918,14.52,5109.21,0.03576642335772924,-0.5918367346907207
2002-06-14,14.501777777776704,14.923844444443338,14.426022222221153,14.61,5453.865,0.034328358209021775,0.2173913043495614
2002-06-17,14.501777777776704,14.718222222221131,14.458488888887818,14.61,1905.7949999999998,0.017910447761261716,0.4166666666692258
2002-06-18,14.978483547924537,15.194935622316509,14.610515021458182,15.13,23240.491800000003,0.039017341040526524,0.2592592592606692
2002-06-19,15.050762527232024,15.08324618736274,14.899172113288678,14.91,2148.12,0.012230215827403804,-0.7647058823429093
2002-06-20,14.930899280574465,15.19075539568236,14.930899280574465,15.05,9257.4,0.0174039158811391,0.4583333333357386
2002-06-21,15.256812804452661,15.57082811412557,15.007766179539665,15.56,26766.1368,0.036905606813405996,0.5384615384625057
2002-06-24,17.109999999998916,17.109999999998916,16.42819734345247,17.11,167635.4853,0.03984819734350955,1.5892834409317812e-12
2002-06-25,17.11102040816214,17.154312047398477,16.342593811717162,16.44,68220.4166,0.047438330170833626,-0.8266666666643159
2002-06-26,16.863058823528306,16.863058823528306,16.235294117645996,16.56,32777.343,0.037227214377463916,-0.4827586206871593
2002-06-27,16.23752495009872,16.562275449100696,16.23752495009872,16.27,34224.2118,0.020000000000060428,0.10000000000302325
2002-06-28,16.291549295773557,16.432273641850003,15.966800804827903,16.14,37362.5217,0.028571428571488085,-0.3255813953458152
2002-07-01,16.136709030099258,16.299050167222994,16.136709030099258,16.18,20062.899999999998,0.01006036217309964,0.26666666667166955
2002-07-02,15.908622994651342,16.23328877005239,15.908622994651342,16.19,16067.04,0.020408163265367697,0.8666666666673377
2002-07-03,16.273308872580635,16.273308872580635,16.13255503669005,16.23,11317.7498,0.008649367930866037,-0.3076923076824233
2002-07-04,16.346510067112998,16.346510067112998,16.12999999999892,16.13,8001.3,0.01324503311264313,-0.9999999999903929
2002-07-05,16.130912724849026,16.32578281145794,16.130912724849026,16.25,4337.89,0.01208053691281299,0.6111111111135255
2002-07-08,16.24999999999892,16.434043970685114,16.022651565621853,16.25,20698.6399,0.02531645569626231,2.6252914372268244e-12
2002-07-09,16.218266129031164,16.29405241935374,16.09917338709569,16.11,10250.832,0.012016021361876633,-0.5555555555471344
2002-07-10,16.033215017063753,16.141474402729273,15.81669624573271,15.86,14673.147,0.020256583389662644,-0.5333333333283657
2002-07-11,15.862550881952794,16.03579375847924,15.808412483038278,15.96,10500.039,0.01433447098982325,0.4285714285742947
2002-07-12,16.025858585857506,16.242424242423148,16.025858585857506,16.08,7410.15,0.013513513513575071,0.25000000000384087
2002-07-15,15.805870307166156,16.07651877132996,15.805870307166156,15.86,4326.438,0.01712328767129516,0.20000000000325943
2002-07-16,16.019060585431177,16.019060585431177,15.889176310414166,15.9,3606.395,0.008108108108170095,-0.9166666666512698
2002-07-17,15.980827118642983,15.980827118642983,15.829247457626044,15.97,5197.9,0.009485094851010492,-0.07142857142094493
2002-07-18,16.19412474848986,16.215774647886235,16.020925553318847,16.14,9817.6386,0.01203208556155814,-0.2777777777707951
2002-07-19,16.08096192384662,16.232464929858633,16.016032064127184,16.2,6912.5472,0.013458950201945607,0.5500000000024653
2002-07-22,16.29794836956411,16.29794836956411,15.800135869564144,15.93,6625.3248,0.03054448871187889,-0.7391304347789514
2002-07-23,15.892477815698575,15.924955631398232,15.805870307166156,15.86,9581.1,0.007493188010961771,-0.27272727271589964
2002-07-24,15.86493150684823,15.983972602738632,15.71342465753317,15.8,6364.724,0.017053206002790477,-0.23999999999511412
2002-07-25,15.914129692831677,16.000737201364096,15.71926279863374,15.86,5048.5365,0.017687074829993737,-0.1923076923031614
2002-07-26,16.227237380626452,16.227237380626452,15.72927012278201,15.87,5087.02,0.030687124749893022,-0.7173913043442132
2002-07-29,15.9674283765337,15.9674283765337,15.72927012278201,15.87,3800.0186,0.0149152542373499,-0.4090909090846507
2002-07-30,15.80504774897573,15.89165075033998,15.750920873123073,15.87,4107.2922,0.00890410958910382,0.46153846154286804
2002-07-31,16.110752542371788,16.17571525423619,15.91586440677858,15.97,5923.452499999999,0.016129032258125727,-0.5416666666604045
2002-08-01,15.996260697826466,16.51576036866251,15.833917050690205,16.44,55338.5371,0.04262516914755634,0.6507936507942855
2002-08-02,16.444957038994282,16.542392597487336,16.315042961003545,16.38,28096.712600000003,0.013824884792686603,-0.2857142857082539
2002-08-05,16.446020671833562,16.976537467699163,16.402713178293517,16.76,92196.7128,0.03489137590525939,0.5471698113216937
2002-08-06,16.7767052767042,16.81999999999892,16.5602316602306,16.82,53320.22639999999,0.01548387096780051,0.16666666667018729
2002-08-07,16.860407626560363,16.860407626560363,16.449178172254012,16.46,32531.6043,0.024390243902496948,-0.9736842105213095
2002-08-08,16.831311799603377,16.831311799603377,16.355056031640324,16.42,19599.64,0.028295819935749023,-0.8636363636322826
2002-08-09,16.325605958021917,16.325605958021917,15.979174001353016,15.99,21416.5,0.021220159151253665,-0.968749999994083
2002-08-12,15.970759233925037,15.970759233925037,15.808344733241054,15.83,19333.341800000002,0.010169491525485694,-0.8666666666546683
2002-08-13,15.833419442555009,15.995757987762339,15.833419442555009,15.92,3618.6600000000003,0.01025290498980955,0.5333333333367118
2002-08-14,15.925216522317395,16.24999999999892,15.925216522317395,16.25,9948.0276,0.020394289598973853,1.0000000000002465
2002-08-15,16.330688502672704,16.330688502672704,16.12506684491871,16.19,12396.4544,0.012591119947045057,-0.6842105263071949
2002-08-16,16.31024820378731,16.775636838666443,16.12625734813742,16.57,33486.6444,0.039814200398200966,0.4000000000010472
2002-08-19,16.622327416172475,16.71972386587661,16.449178172254012,16.46,16516.3869,0.016276041666725787,-0.5999999999937718
2002-08-20,16.353661697989867,16.829876863252313,16.353661697989867,16.7,34090.116200000004,0.029119788219781437,0.7272727272734694
2002-08-21,16.704219354837633,16.812477419353755,16.498529032257,16.78,27489.25,0.018794556059682884,0.24137931034750632
2002-08-22,16.781881313130253,17.626388888887774,16.781881313130253,17.15,155806.8336,0.05032258064521785,0.4358974358982017
2002-08-23,17.139999999998917,17.28075805432614,16.84765634870393,17.14,50001.5878,0.025268477574283098,2.5019011884862993e-12
2002-08-26,17.120669914737082,18.051376370279048,17.099025578561687,17.77,197543.92980000004,0.05562579013911971,0.6818181818186004
2002-08-27,17.751164179103416,18.50883582089442,17.642925373133277,18.13,249647.5275,0.0487804878049316,0.4375000000007464
2002-08-28,18.141540312874962,18.238959085438132,17.838459687122874,17.99,86587.04220000001,0.02207637231508967,-0.3783783783747379
2002-08-29,17.92977777777667,18.081358024690243,17.453382716048306,17.54,127853.316,0.03502415458942578,-0.6206896551697032
2002-08-30,17.43261802575001,17.854898835069417,17.43261802575001,17.66,48511.4854,0.02422360248452783,0.5384615384628184
2002-09-02,17.679173806608468,17.787435740512993,17.592564259484853,17.69,21797.0698,0.011022657685297884,0.0555555555608198
2002-09-03,17.711652386779825,17.8307405140748,17.549259485923045,17.69,29501.87,0.015892420537952777,-0.07692307691896477
2002-09-04,17.72823095822987,17.74987714987606,17.544238329237253,17.62,27019.916,0.011599511599567304,-0.5263157894658563
2002-09-05,17.371157556268976,17.371157556268976,16.721768488744903,16.83,60540.6595,0.037383177570148814,-0.8333333333303824
2002-09-06,16.769263764403536,16.95330345710519,16.70430857874413,16.91,20099.3474,0.014848289218909646,0.5652173913064228
2002-09-09,16.90719424460321,16.90719424460321,16.420111183779177,16.55,15869.491,0.028809218950121333,-0.733333333329608
2002-09-10,16.580129533677685,16.839870466320153,16.580129533677685,16.71,8573.5232,0.015665796344706807,0.50000000000224
2002-09-11,16.5602316602306,16.87411840411732,16.538584298583235,16.82,14504.4144,0.020261437908555873,0.7741935483880035
2002-09-12,16.822571976966294,17.03907869481657,16.822571976966294,16.92,14595.294,0.012870012870071664,0.4500000000029239
2002-09-13,16.991516709510474,16.991516709510474,16.775064267351105,16.84,5173.7,0.012738853503242812,-0.6999999999917583
2002-09-16,16.942201834861276,16.942201834861276,16.509174311925523,16.52,10666.74,0.025559105431367486,-0.974999999995249
2002-09-17,16.615876623375545,16.88649350649241,16.34525974025868,16.67,9883.72,0.032573289902338334,0.10000000000181729
2002-09-18,16.422568807338376,16.671559633026433,16.41174311926498,16.52,4852.68,0.01582069874758811,0.37500000000270844
2002-09-19,16.414487587522824,17.0641374920422,16.414487587522824,17.01,37437.715500000006,0.03957783641166814,0.9166666666669232
2002-09-20,16.982237354084504,16.982237354084504,16.668352788585175,16.69,6124.824,0.018483110261370606,-0.9310344827522141
2002-09-23,16.845306633290562,17.419086357946345,16.834480600749888,17.3,62592.861,0.03470437018000574,0.7777777777783009
2002-09-24,17.311733996269904,17.53909260410084,17.203467992540887,17.42,53785.008400000006,0.019387116948149177,0.3225806451635475
2002-09-25,17.369868173256915,17.41315756434291,17.099309478969424,17.24,18644.312700000002,0.018068535825601514,-0.4137931034435232
2002-09-26,17.320537428021925,17.320537428021925,16.86587332053635,16.92,17230.0431,0.026250000000056308,-0.8809523809480575
2002-09-27,16.848279430788043,17.108150064681944,16.66420439844653,16.74,9863.480000000001,0.026349614395944507,-0.24390243902140651
2002-10-08,16.765527009221557,16.765527009221557,16.36505928853647,16.43,8298.906,0.023886378308644415,-0.8378378378330446
2002-10-09,16.429635627529255,16.64609986504611,15.910121457488804,16.04,12256.14,0.04479578392627692,-0.5294117647036912
2002-10-10,16.023387096773114,16.22909274193439,16.023387096773114,16.11,10250.2368,0.012837837837899501,0.4210526315821745
2002-10-11,16.32308108107998,16.32308108107998,16.01999999999892,16.02,5490.8,0.018567639257354558,-0.9999999999931372
2002-10-14,15.80176870748192,15.96411564625742,15.347197278910523,15.91,20731.263,0.03904109589047183,0.1754385964926963
2002-10-15,15.889999999998917,15.998242506810898,15.781757493186937,15.89,7576.2012,0.013623978201696805,5.005324174131259e-12
2002-10-16,15.916822429905476,16.458210947929473,15.916822429905476,16.22,9860.7348,0.03401360544223761,0.5600000000009687
2002-10-17,16.024060150374844,16.283909774434978,15.8075187969914,15.84,6039.264,0.029729729729790322,-0.38636363636055054
2002-10-18,15.915120967740862,16.185786290321488,15.698588709676361,16.11,5777.4576,0.03061224489801999,0.4000000000014104
2002-10-21,16.016032064127184,16.232464929858633,15.799599198395736,16.2,7237.995,0.027027027027087785,0.42500000000152144
2002-10-22,16.025165562912846,16.566556291389634,16.025165562912846,16.35,13882.788999999999,0.033783783783844244,0.6000000000008906
2002-10-23,16.34411960132782,16.34411960132782,15.986930232557077,16.29,23075.864,0.02185430463582153,-0.1515151515117017
2002-10-24,16.035181998675313,16.533236267371503,16.035181998675313,16.36,16160.144999999999,0.031060094530782643,0.6521739130443457
2002-10-25,16.358173270650344,16.401477501677878,16.076695768971383,16.12,6256.778,0.019854401058961416,-0.7333333333277304
2002-10-28,16.01999999999892,16.01999999999892,15.760216216215152,16.02,7171.488,0.016216216216277692,4.15739944434007e-12
2002-10-29,15.809292929291864,16.188282828281736,15.809292929291864,16.08,4164.237,0.02397260273978765,0.7142857142866874
2002-10-30,16.11158751695956,16.11158751695956,15.808412483038278,15.96,1936.836,0.018817204301136124,-0.49999999999478256
2002-10-31,16.07151597552576,16.07151597552576,15.800951733513541,15.92,4021.714,0.016835016835078032,-0.5599999999939284
2002-11-01,16.065956029312723,17.09443704197088,15.914390406394677,16.25,9309.202000000001,0.07345013477094717,0.1559633027530768
2002-11-04,16.241721854303563,16.458278145694276,16.241721854303563,16.35,9155.280999999999,0.013333333333394017,0.5000000000026866
2002-11-05,16.563394018204384,16.67165149544755,16.26027308192352,16.65,23131.6738,0.0248366013072484,0.21052631579159095
2002-11-06,16.60743606557268,16.61826229508088,16.40173770491696,16.51,10008.727499999999,0.013037809648038403,-0.44999999999291973
2002-11-07,16.490761589402883,16.490761589402883,16.306688741720777,16.35,8171.063,0.011162179908136085,-0.764705882342908
2002-11-08,16.450568561871812,16.461391304346726,15.909431438126028,16.18,10808.85,0.03355263157900611,-0.49019607842852875
2002-11-11,16.109836065572672,16.109836065572672,15.806693989069958,15.85,8915.174400000002,0.018817204301136366,-0.8571428571364577
2002-11-12,16.02040531097023,16.02040531097023,15.425052410900388,15.49,10371.029400000001,0.03716216216222235,-0.8909090909057742
2002-11-13,15.475069637881932,15.561643454037913,15.020557103063021,15.54,11918.943599999999,0.034965034965097265,0.12000000000177505
2002-11-14,15.478853046593875,15.478853046593875,15.078351254479207,15.1,4464.0,0.02587412587418885,-0.9459459459408855
2002-11-15,15.02759800427548,15.39570919458194,15.02759800427548,15.19,6973.0503,0.02449567723349427,0.4411764705899732
2002-11-18,15.104901960783216,15.159041394334412,14.725925925924857,14.91,8716.41,0.028673835125512394,-0.449999999996459
2002-11-19,14.905773722626648,14.916598540144896,14.61350364963397,14.83,8742.381,0.020334059549811562,-0.24999999999560016
2002-11-20,14.832315711093457,14.832315711093457,14.431734921815751,14.54,6815.724999999999,0.027007299270138556,-0.729729729725202
2002-11-21,14.54130366900745,14.725370804058176,13.869999999998916,13.87,8454.6,0.058823529411829355,-0.7848101265800944
2002-11-22,13.9375367931825,14.435305964367588,13.742757552283987,13.97,8279.9576,0.04968944099385692,0.046875000001493375
2002-11-25,13.975963302751223,14.159999999998917,13.651192660549412,14.16,6097.1112,0.03640588690944165,0.36170212766099374
2002-11-26,14.238984374998887,14.238984374998887,13.859999999998918,13.86,4000.0,0.02661596958181736,-0.999999999994507
2002-11-27,13.649285714284641,13.854945054943967,13.649285714284641,13.79,8684.985400000001,0.01506740682005637,0.6842105263177273
2002-11-28,13.821069230768169,14.221523076921985,13.777776923075866,14.07,9074.0,0.032106499608527295,0.5609756097572718
2002-11-29,14.20429752066009,14.6698347107427,14.074380165288199,14.41,17943.610300000004,0.04192073170738456,0.3454545454557837
2002-12-02,14.293979671617334,14.348123534009824,13.806684910084925,13.85,5512.49,0.037878787878855166,-0.8199999999964868
2002-12-03,13.844337442217732,14.16906779660908,13.746918335900327,14.05,5936.0136,0.030492572322196827,0.48717948718089543
2002-12-04,14.072574484338116,14.26742551565972,13.985974025972958,14.17,5844.6849999999995,0.020000000000069674,0.34615384615645944
2002-12-05,13.960138248846855,14.447119815667094,13.960138248846855,14.09,9935.6922,0.03488372093030167,0.26666666666833955
2002-12-06,13.965046296295217,14.22486111111001,13.910918209875467,14.03,4973.9184000000005,0.02248062015510877,0.20689655172693103
2002-12-09,13.911737451736379,14.063305019303936,13.911737451736379,14.02,2952.6,0.010894941634312453,0.7142857142881273
2002-12-10,14.202272373539751,14.202272373539751,13.909999999998917,13.91,3765.0499999999997,0.020579268292751963,-0.9999999999928711
2002-12-11,13.860828772477417,13.914972634869905,13.774198592649432,13.85,4745.089999999999,0.010156250000071348,-0.07692307691485359
2002-12-12,14.034089132133385,14.088232994525873,13.828342455041922,13.85,7712.37,0.01851851851858843,-0.7083333333264517
2002-12-13,13.771808346212227,14.06413446676862,13.771808346212227,14.01,3607.2837999999997,0.021226415094410755,0.8148148148157311
2002-12-16,14.074131274130188,14.171567567566475,13.868432432431364,14.02,6304.0599999999995,0.021538461538531024,-0.17857142856727287
2002-12-17,14.037212750184281,14.610822831726122,13.907338769457825,14.6,94150.8919,0.050115651503537355,0.8000000000003996
2002-12-18,14.540751879698153,14.562406015036496,14.280902255638022,14.4,40872.23,0.019359642591281048,-0.49999999999437145
2002-12-19,14.354954545453458,14.58229545454435,14.246696969695892,14.29,13057.572,0.023378582202179633,-0.19354838709297364
2002-12-20,14.288455772112869,14.450824587705062,14.147736131932971,14.44,16316.020599999998,0.0212121212121897,0.5000000000019313
2002-12-23,14.4382326283977,14.50317220543697,14.286706948639402,14.33,12200.2628,0.01499250374819422,-0.49999999999268024
2002-12-24,14.203393939392862,14.37660606060497,14.203393939392862,14.29,6254.2919999999995,0.012195121951289073,0.500000000003364
2002-12-25,14.242467631377437,14.383160700684357,14.199177456206076,14.21,8277.9398,0.01291793313076845,-0.17647058822844314
2002-12-26,14.241220657275882,14.241220657275882,13.743427230045873,13.83,17607.1338,0.03495440729490068,-0.8260869565179054
2002-12-27,13.747525530242436,13.85577376276403,13.650102120973001,13.78,9998.6512,0.014960629921331585,0.15789473684661195
2002-12-30,13.69647201946361,13.69647201946361,13.339172749390645,13.35,9742.1796,0.026086956521810273,-0.9696969696912251
2002-12-31,13.349091653026731,13.533142389524262,13.229999999998919,13.23,6598.8,0.02270884022716157,-0.3928571428522752
2003-01-02,13.203990024936557,13.290573566083681,12.998354114712136,13.02,7980.701999999999,0.022131147541057584,-0.6296296296237706
2003-01-03,12.943288590602943,13.094798657717023,12.845889261743888,12.9,10953.526399999999,0.019230769230845084,-0.1739130434732216
2003-01-06,12.901069958846673,13.20411522633636,12.846954732509229,13.15,5455.35,0.0276845637584646,0.6969696969707833
2003-01-07,13.152475247523668,13.260726072606166,12.968448844883419,13.12,4189.5204,0.022222222222296525,-0.11111111110703305
2003-01-08,13.011941747571763,13.40165048543581,13.011941747571763,13.38,6531.5184,0.02995008319475022,0.9444444444447965
2003-01-09,13.381000794280114,13.640826052421476,13.316044479744775,13.63,12533.5968,0.024271844660266995,0.7666666666676412
2003-01-10,13.694777327934114,13.74890688258998,13.369999999998917,13.37,14324.888500000001,0.0276679841897943,-0.8571428571377406
2003-01-13,13.311093375896784,13.60328810853842,13.311093375896784,13.56,11313.712899999999,0.021951219512268583,0.85185185185264
2003-01-14,13.421401077751085,14.276474210930386,13.421401077751085,14.06,25332.318600000002,0.06370967741942447,0.7468354430383676
2003-01-15,14.192289719625064,14.289719626167113,13.88917445482758,13.9,17951.604,0.028222730739961635,-0.7297297297252086
2003-01-16,13.900183486237468,14.17082568807231,13.770275229356745,14.16,13361.22,0.028816199377016797,0.6486486486497377
2003-01-17,14.123289777093458,14.155757109914362,13.97177555726257,14.08,20353.8848,0.013026819923441523,-0.2352941176399011
2003-01-20,13.919516250943769,15.14261526832841,13.811277399847784,14.32,16802.3646,0.09564541213070267,0.30081300813066963
2003-01-21,14.446976744184926,14.446976744184926,13.959999999998917,13.96,15660.6,0.03370786516860624,-0.9999999999957214
2003-01-22,13.859242072698079,14.08662026295328,13.859242072698079,14.0,7458.4119,0.016406250000070885,0.6190476190496557
2003-01-23,14.024930232557052,14.252186046510523,13.862604651161716,13.96,10294.329,0.027777777777847144,-0.16666666666345822
2003-01-24,13.740139211135828,14.08662026295328,13.740139211135828,14.0,7279.59,0.02521670606784087,0.7500000000009602
2003-01-27,14.013574144485627,14.44642585551221,13.959467680607306,14.23,19027.524,0.03474903474910351,0.44444444444575454
2003-01-28,14.136702290075258,14.288244274808068,14.136702290075258,14.18,7417.613,0.010719754977098928,0.28571428571953894
2003-01-29,14.135060975608681,14.264939024389157,14.135060975608681,14.2,9985.632,0.00918836140895206,0.5000000000044659
2003-02-10,14.344787644786539,14.355613899612793,14.019999999998918,14.02,7171.709999999999,0.02339622641516253,-0.967741935477764
2003-02-11,13.858499234302156,14.172480857579313,13.858499234302156,14.14,4962.8,0.022656250000070374,0.8965517241385261
2003-02-12,14.143429657793602,14.284106463877242,14.024395437261292,14.23,9405.8005,0.018362662586144374,0.3333333333362153
2003-02-13,14.233408919122128,14.590597127738882,14.211761148902932,14.32,22083.516,0.0266159695818174,0.22857142857368484
2003-02-14,14.163373860181293,14.347454407293743,14.163373860181293,14.25,11736.088,0.012996941896094249,0.4705882352974471
2003-02-17,15.577576208177284,15.577576208177284,14.430096654274022,14.56,46859.665499999996,0.073662265462186,-0.8867924528284741
2003-02-18,14.56157024793279,14.56157024793279,14.345041322312973,14.41,9071.6967,0.01486988847590402,-0.6999999999917702
2003-02-19,14.428463251669305,14.601648106903145,14.341870824052386,14.58,9251.196,0.018004501125349324,0.583333333335267
2003-02-20,14.562406015036496,14.562406015036496,14.37834586466057,14.4,12980.800000000001,0.012639405204528744,-0.8823529411657766
2003-02-21,14.30401702786267,14.347329721361119,13.968343653249693,13.99,19240.7224,0.026495079485306473,-0.8285714285663869
2003-02-24,13.959178931060112,14.045747482570563,13.85096824167205,13.97,10108.4009,0.013953488372163723,0.05555555556082584
2003-02-25,14.080256603772524,14.339999999998918,14.080256603772524,14.34,14081.7025,0.018447348193766772,1.000000000000315
2003-02-26,14.227584650111798,14.389999999998917,14.205929270126846,14.39,6398.470499999999,0.012937595129445334,0.8823529411775553
2003-02-27,14.233520599249871,14.493295880148727,14.233520599249871,14.45,8172.870000000001,0.01825095057041108,0.8333333333342887
2003-02-28,14.434141566263976,14.444969879516988,14.271716867468808,14.38,4064.344,0.01200300075025602,-0.31249999999195927
2003-03-03,14.37423220973675,14.493295880148727,14.309288389512037,14.45,7193.247,0.012801204819345748,0.4117647058860011
2003-03-04,14.45346863468528,14.994797047969373,14.420988929888233,14.67,34951.141,0.0397003745319017,0.3773584905672676
2003-03-05,14.664809274494043,14.664809274494043,14.372595362751355,14.47,11683.2408,0.019926199262059654,-0.6666666666606792
2003-03-06,14.457247148287875,14.576281368820187,14.219178707223255,14.23,9007.75,0.024700598802462684,-0.6363636363588254
2003-03-07,14.080129474484837,14.480563594819918,13.852856054835199,14.21,16093.441,0.044581091468169264,0.20689655172553584
2003-03-10,14.165612403099676,14.198077519378742,13.938356589146206,13.96,8756.52,0.01833460656996985,-0.7916666666594494
2003-03-11,13.96082234290039,14.025756400309229,13.86342125678713,13.95,4833.75,0.011627906976815006,-0.06666666665958323
2003-03-12,13.90753105589954,14.048229813663504,13.820947204967869,13.94,6768.5688,0.01634241245143263,0.14285714286128073
2003-03-13,13.855875486380246,14.072373540854937,13.823400778209042,13.91,4930.031,0.017968750000070876,0.21739130435129767
2003-03-14,13.838343749998918,13.979109374998908,13.838343749998918,13.86,3776.0,0.010172143975032447,0.1538461538527538
2003-03-17,13.838280757096701,13.870764984226037,13.621719242901134,13.73,8821.3492,0.017996870109617202,-0.4347826086895573
2003-03-18,13.730828729280685,14.023204419888396,13.719999999998919,13.72,3826.34,0.02208201892751588,-0.035714285710595636
2003-03-19,13.71164426877362,13.83068774703448,13.59260079051276,13.69,4984.1,0.01736385161806688,-0.09090909090416739
2003-03-20,13.694030448716852,13.694030448716852,13.477524038460457,13.51,5098.08,0.015810276679913915,-0.8499999999910688
2003-03-21,13.668355731224217,13.765754940710375,13.462735177864548,13.69,4301.0,0.022169437846469044,0.07142857143190118
2003-03-24,13.5892350157718,13.751656151418473,13.5892350157718,13.73,1344.08,0.011952191235132309,0.8666666666680036
2003-03-25,13.692472266242975,13.703296354990993,13.551759112518738,13.66,2725.9199999999996,0.011067193675961604,-0.21428571427717308
2003-03-26,13.660824742266957,13.747422680411281,13.541752577318514,13.65,2389.3428,0.015055467511958031,-0.05263157894184354
2003-03-27,13.6461705426346,14.046573643409763,13.6461705426346,13.96,6332.868,0.029341792228461328,0.783783783784533
2003-03-28,13.910731132074375,13.910731132074375,13.74834905660269,13.77,15272.776800000001,0.011673151751043784,-0.866666666654647
2003-03-31,13.6901331245095,13.830822239623036,13.6901331245095,13.82,3797.1595,0.010276679841969411,0.923076923078058
2003-04-01,13.82675947409019,14.054137664345395,13.783449342613011,14.0,11896.2465,0.01957713390766685,0.640000000001639
2003-04-02,13.859999999998918,13.94662499999891,13.643437499998933,13.86,6054.400000000001,0.02187500000007061,3.5680933916842454e-12
2003-04-03,13.84494893951187,13.84494893951187,13.769175176746757,13.78,3424.37,0.005473025801478994,-0.8571428571172417
2003-04-04,13.744110671935672,13.744110671935672,13.59260079051276,13.69,8634.2575,0.011023622047316007,-0.3571428571333623
2003-04-07,13.591924882628046,14.057253521125661,13.34302816901304,13.83,13884.319800000001,0.05254777070070668,0.33333333333437964
2003-04-08,14.557521773553873,14.557521773553873,13.486001583530207,13.67,11680.476600000002,0.07360594795545382,-0.8282828282810449
2003-04-09,13.62741599999891,13.62741599999891,13.389287999998928,13.53,14029.125,0.017474185861867247,-0.40909090908464546
2003-04-10,13.5442130365649,13.728267090618939,13.316852146262852,13.62,24315.0014,0.03037569944051917,0.1842105263179754
2003-04-11,13.635889328062163,13.798221343872427,13.451913043477198,13.69,17145.4305,0.025396825396896843,0.15625000000267328
2003-04-14,13.691071428570364,14.004937888197668,13.691071428570364,13.94,23481.0128,0.022924901185842072,0.7931034482767884
2003-04-15,14.060824345145297,14.071648690291674,13.887634822803244,14.05,31300.4912,0.01308698999237197,-0.05882352940556783
2003-04-16,14.018985849055499,14.397877358489431,13.737523584904578,13.77,26809.053600000003,0.04710424710431508,-0.3770491803256546
2003-04-17,13.647531645568538,13.961392405062186,13.539303797467282,13.68,17313.134400000003,0.0309278350516175,0.07692307692546381
2003-04-18,13.75248618784422,13.86077348066189,13.644198895026548,13.72,20362.2104,0.015748031496134594,-0.14999999999430907
2003-04-21,13.658226837059614,13.701517571883892,13.441773162938226,13.55,11668.64,0.01901743264666453,-0.4166666666608994
2003-04-22,13.554959871587995,13.554959871587995,13.381733547350448,13.49,6003.228000000001,0.012779552715727815,-0.3749999999915697
2003-04-23,13.50478048780378,13.50478048780378,13.309999999998919,13.31,11193.0,0.014423076923149822,-0.999999999989312
2003-04-24,13.204825291180265,13.313061564058794,12.966705490847508,13.01,18798.1982,0.026229508196795082,-0.5624999999952494
2003-04-25,13.095633921073627,13.236330814440535,12.889999999998919,12.89,5609.61,0.026446280991809862,-0.593749999995159
2003-04-28,12.879999999998919,12.96658823529303,12.533647058822478,12.88,10579.1,0.03361344537822626,2.4987258638953635e-12
2003-04-29,12.878355704696908,13.278775167784122,12.748489932884837,12.9,10082.4128,0.04117647058830979,0.040816326532573395
2003-04-30,13.099655765919698,13.099655765919698,12.450086058518721,12.58,8203.4876,0.049586776859576666,-0.7999999999971003
2003-05-12,12.579999999998916,12.579999999998916,12.579999999998916,12.58,0.0,7.949125596184473e-14,1.0835776720341528
2003-05-13,12.587511563366089,12.587511563366089,11.494357076779695,11.7,14059.1617,0.08684436801383019,-0.8118811881170793
2003-05-14,11.386239707226771,11.88411710887357,11.386239707226771,11.83,7569.7901,0.04372623574152889,0.891304347826471
2003-05-15,11.828623771223251,12.283154602322405,11.62300268096411,12.11,13531.8432,0.05580969807876223,0.4262295081977141
2003-05-16,12.095801801800711,12.344864864863752,11.965855855854777,12.02,6271.5,0.03133393017017856,-0.19999999999661333
2003-05-19,11.963466666665603,12.234133333332245,11.963466666665603,12.18,10522.2375,0.02262443438922193,0.8000000000010451
2003-05-20,12.029099999998907,12.072409090907994,11.888345454544375,11.91,5621.0,0.015301530153097164,-0.6470588235200173
2003-05-21,12.23058823529301,12.23058823529301,11.905882352940099,11.96,5251.2915,0.026548672566451312,-0.8333333333274299
2003-05-22,11.960931899640505,12.12329749103834,11.917634408601081,12.08,3872.52,0.017194570135828837,0.5789473684235017
2003-05-23,12.114959568732063,12.114959568732063,11.92008086253262,12.05,19740.724500000004,0.016085790884799684,-0.33333333332605347
2003-05-26,12.17825112107514,12.210726457398007,12.015874439460806,12.07,6864.831999999999,0.016000000000080703,-0.5555555555471484
2003-05-27,12.075743913434438,12.075743913434438,11.816050495941225,12.0,5899.7691,0.02150537634416705,-0.2916666666613762
2003-05-28,12.112684210525252,12.394122807016455,12.02608771929719,12.34,21536.31,0.030384271671214956,0.6176470588247959
2003-05-29,12.179261862916327,12.42826010544706,12.179261862916327,12.32,10589.886600000002,0.020444444444524854,0.5652173913064337
2003-05-30,12.297619461336899,12.665682015637476,12.254317984360362,12.46,16387.8229,0.033450704225430596,0.3947368421069386
2003-06-02,12.501061120542234,12.804117147706894,12.446943972834257,12.75,19391.4114,0.0285714285715064,0.6969696969707688
2003-06-03,12.640692640691546,12.716450216449115,12.445887445886369,12.5,12802.713000000002,0.021404109589118422,-0.519999999994078
2003-06-04,12.326710411197523,12.510691163603456,12.283420822396126,12.37,6605.511299999999,0.018437225636602942,0.19047619048010675
2003-06-05,12.338230088494482,12.435637168140492,12.229999999998917,12.23,5141.5,0.016666666666746367,-0.526315789465854
2003-06-06,12.228214285713195,12.228214285713195,12.022607142856069,12.12,4394.992,0.016814159292115907,-0.5263157894658661
2003-06-09,12.084972972971883,12.214918918917817,11.987513513512432,12.02,2553.0,0.018817204301156458,-0.28571428570826435
2003-06-10,11.993405017920072,12.079999999998916,11.960931899640505,12.08,7304.22,0.009927797834017527,0.7272727272757183
2003-06-11,12.08021052631473,12.361649122805932,12.08021052631473,12.34,8783.586000000001,0.023297491039507318,0.9230769230774915
2003-06-12,12.232667245872094,12.644031277149207,12.232667245872094,12.46,7930.2749,0.03362831858414968,0.5526315789486543
2003-06-13,12.479886064854297,12.490709903592244,12.295880806309176,12.35,5476.8,0.015611448395568852,-0.6666666666576954
2003-06-16,12.429929577463696,12.473239436618622,12.245862676055262,12.3,5589.9151999999995,0.01829268292690818,-0.5714285714213017
2003-06-17,12.349298093586452,12.522469670709487,12.262712305024934,12.49,8187.629999999999,0.021034180543462302,0.5416666666687479
2003-06-18,12.827319587627763,12.827319587627763,12.470103092782432,12.6,11310.3552,0.02784810126589858,-0.6363636363588215
2003-06-19,12.502368421051536,12.534842105262058,12.23175438596384,12.34,7171.626,0.024242424242502274,-0.5357142857089499
2003-06-20,12.318350877191902,12.383298245612949,12.23175438596384,12.34,3323.1,0.01230228471009775,0.14285714286334206
2003-06-23,11.643857142856103,12.455464285713173,11.643857142856103,12.12,5320.0,0.06970260223056318,0.5866666666672768
2003-06-24,12.0991778373537,12.164110813225008,11.99095621090152,12.11,2405.85,0.014311270125305055,0.06250000000588345
2003-06-25,12.029243772240921,12.548959074731979,12.018416370105692,12.17,9520.28,0.04410441044112352,0.26530612245052343
2003-06-26,12.141642857141774,12.271499999998904,12.06589285714178,12.12,5069.12,0.016934046345891976,-0.10526315788896838
2003-06-27,12.129846708745525,12.129846708745525,11.95671776375005,12.0,3770.6,0.01427297056207948,-0.7499999999894195
2003-06-30,11.947397260272883,12.055616438355065,11.806712328766046,11.85,3088.4474999999998,0.020833333333415284,-0.39130434782017387
2003-07-01,11.860821917807138,11.990684931505756,11.795890410957828,11.85,3668.2499999999995,0.01642335766431657,-0.05555555554972846
2003-07-02,11.687671232875648,11.882465753423574,11.687671232875648,11.85,1719.1499999999999,0.016666666666750714,0.8333333333345997
2003-07-03,12.312019748652395,12.312019748652395,11.798563734289784,12.17,2762.7200000000003,0.041703637977007685,-0.27659574467818304
2003-07-04,12.030192660549355,12.172238532108976,11.866293577980562,11.91,2060.1,0.02543142597646624,-0.39285714285228557
2003-07-07,11.881841620625057,12.01289134438195,11.81631675874661,11.86,2238.7889999999998,0.016544117647141605,-0.1111111111049924
2003-07-08,12.190153846152743,12.201076923075819,11.818769230768162,12.07,2331.6605,0.031362007168538215,-0.31428571428203467
2003-07-09,11.980260465115165,11.980260465115165,11.510660465115208,11.74,6589.75,0.039197812215212444,-0.5116279069733294
2003-07-10,11.664331797233947,11.871843317971255,11.587880184330727,11.85,10620.9565,0.024344569288473252,0.6538461538476968
2003-07-11,11.853878504671789,11.853878504671789,11.635373831774613,11.69,6545.297,0.01843317972358509,-0.7499999999915679
2003-07-14,11.630123339657343,11.684724857683902,11.466318785577661,11.51,8638.1624,0.018779342723089034,-0.549999999992496
2003-07-15,11.475355450235876,11.584644549761933,11.475355450235876,11.53,7948.4755000000005,0.00952380952389594,0.5000000000054454
2003-07-16,11.579999999998908,11.634622641508338,11.52537735848948,11.58,3047.5,0.009433962264236494,1.0000060652802516e-11
2003-07-17,11.591850802642908,11.635552407930913,11.526298394710905,11.57,6841.14,0.00942507068811558,-0.19999999998815388
2003-07-18,11.577669902911495,11.577669902911495,11.195388349513475,11.25,11632.614000000001,0.03301886792461171,-0.8571428571377553
2003-07-21,11.1568951612892,11.1568951612892,10.763508064515044,10.84,7530.4704,0.035259549461399045,-0.8055555555507308
2003-07-22,10.869076305219792,11.011084337348292,10.836305220882446,10.88,5333.580000000001,0.016080402010140774,0.06250000000589673
2003-07-23,11.087229862474354,11.294774066796533,10.93430255402643,11.12,4139.2898000000005,0.03251231527102324,0.09090909091186399
2003-07-24,11.03444881889655,11.121850393699692,11.03444881889655,11.1,2987.04,0.007920792079297903,0.7500000000039283
2003-07-25,11.142168674697675,11.142168674697675,10.869076305219792,10.88,2191.2000000000003,0.024509803921656075,-0.9599999999924819
2003-07-28,10.883171987640484,10.883171987640484,10.566292481976253,10.61,5641.51,0.02911646586354299,-0.8620689655110699
2003-07-29,10.589785714284632,10.720928571427477,10.578857142856062,10.71,4018.0000000000005,0.013415892672951815,0.8461538461555962
2003-07-30,10.81834862385211,10.81834862385211,10.665361875636018,10.72,1384.0929,0.014141414141505418,-0.6428571428457974
2003-07-31,10.410595482545132,10.705544147842843,10.410595482545132,10.64,4248.2958,0.02833158447018785,0.7777777777788467
2003-08-01,10.630176715175612,10.67387733887623,10.40074844074736,10.51,2777.4864000000002,0.02569373072979352,-0.4399999999943968
2003-08-04,10.695376016259075,10.760924796746874,10.433180894307885,10.75,7186.9392,0.030643513789671662,0.16666666666949323
2003-08-05,10.738737574551617,11.000924453279225,10.738737574551617,10.99,10310.494,0.0244150559512607,0.9583333333338433
2003-08-06,11.852851524089296,11.852851524089296,11.066302851523004,11.11,16355.4957,0.06635944700468689,-0.9444444444418569
2003-08-07,11.110168986082394,11.110168986082394,10.880755467195739,10.99,3209.8442,0.020648967551710425,-0.5238095238024797
2003-08-08,10.990345528454169,10.990345528454169,10.706300813007044,10.75,7084.8,0.025844930417583633,-0.8461538461470265
2003-08-11,10.542428861787547,10.77184959349484,10.542428861787547,10.75,2041.8,0.021761658031180815,0.9047619047627221
2003-08-12,10.717055276380831,10.869999999998905,10.684281407034101,10.87,3422.7999999999997,0.017329255861457508,0.8235294117661623
2003-08-13,10.88016243654712,10.88016243654712,10.650761421318716,10.76,4304.45,0.021084337349487687,-0.5238095238024841
2003-08-14,10.706474820142786,10.772024665980393,10.564450154161298,10.63,3408.3217000000004,0.019387755102132406,-0.3684210526245429
2003-08-15,10.514198161388098,10.732788559753756,10.514198161388098,10.7,3155.317,0.02079002079011399,0.8500000000011088
2003-08-18,10.599999999998905,10.774845360823631,10.54536082474118,10.6,2036.9999999999998,0.021649484536174785,4.768233327376107e-12
2003-08-19,10.761851475075202,10.783702950151495,10.696297049846317,10.74,1189.43,0.008121827411259592,-0.24999999998464106
2003-08-20,10.801987704916927,10.823831967212005,10.649077868851368,10.66,741.76,0.01617795753295248,-0.8124999999891094
2003-08-21,10.701840490796453,10.701840490796453,10.570797546011189,10.68,1467.0,0.012244897959276106,-0.16666666665707172
2003-08-22,10.719073319754509,10.795560081465297,10.686293279021314,10.73,2842.89,0.010193679918543126,0.1000000000090894
2003-08-25,10.623719008263366,10.700227272726167,10.579999999998906,10.58,1471.36,0.011316872428076675,-0.3636363636242538
2003-08-26,10.601148225468622,10.601148225468622,10.469999999998908,10.47,1312.46,0.012371134020711596,-0.999999999984045
2003-08-27,10.39419421487496,10.754876033056739,10.39419421487496,10.58,1771.44,0.034700315457506,0.5151515151531191
2003-08-28,10.716635514017577,10.760332294910615,10.44353063343609,10.52,2898.63,0.029561671763597093,-0.6206896551670043
2003-08-29,10.683696098561532,10.683696098561532,10.399671457904477,10.64,2172.02,0.02658486707575573,-0.15384615384176487
2003-09-01,10.36096969696865,10.874646464645366,10.36096969696865,10.82,7015.14,0.04957805907182164,0.8936170212769846
2003-09-02,10.869238578679099,10.869238578679099,10.552446700506543,10.76,5170.264999999999,0.029145728643305283,-0.3448275862023588
2003-09-03,10.683532994922773,10.781847715734946,10.60706598984664,10.76,2612.1214999999997,0.016359918200500898,0.4375000000037511
2003-09-04,10.84368048533763,10.920121334680392,10.701718907986786,10.8,5425.7529,0.020140986908448698,-0.19999999999408707
2003-09-05,10.873928571427461,10.873928571427461,10.4914285714275,10.71,3498.6000000000004,0.03517587939707367,-0.42857142856744673
2003-09-08,10.50799999999892,10.682769230768134,10.50799999999892,10.65,931.125,0.016632016632110235,0.8125000000016102
2003-09-09,10.75298969072054,10.75298969072054,10.45793814432882,10.6,1383.2199999999998,0.027439024390334174,-0.5185185185130581
2003-09-10,10.510740740739656,10.630925925924831,10.488888888887807,10.62,1049.76,0.013513513513607552,0.7692307692330507
2003-09-11,10.51185416666557,10.65390624999889,10.489999999998906,10.49,1209.6,0.01559251559260936,-0.13333333332583955
2003-09-12,10.432606438212831,10.65109034267802,10.39983385254305,10.52,1275.9750000000001,0.024083769633601402,0.3478260869594848
2003-09-15,10.488510638296756,10.488510638296756,10.138893617020198,10.27,3525.0,0.03333333333342542,-0.6249999999950876
2003-09-16,10.138150537633317,10.21462365591288,10.05075268817096,10.16,4653.627,0.0161637931035455,0.13333333333919495
2003-09-17,10.217421790721659,10.446903991368885,9.94422869471306,10.13,3874.8599999999997,0.04919786096265993,-0.1739130434757379
2003-09-18,10.146453362254864,10.146453362254864,9.93893709327441,10.07,2083.7200000000003,0.02045209903131283,-0.3684210526245346
2003-09-19,10.043498920085307,10.163714902806678,9.945140388767824,10.12,4472.58,0.021762785636658996,0.35000000000339965
2003-09-22,10.049077090118342,10.10369163952116,9.830618892507074,10.06,8021.910000000001,0.027173913043575054,0.040000000003864805
2003-09-23,9.940760869564139,10.049999999998908,9.918913043477184,10.05,4024.0799999999995,0.01318681318691235,0.8333333333353056
2003-09-24,10.129073275860977,10.161853448274767,9.9542456896541,10.14,4500.0576,0.020496224379816293,0.05263157895238424
2003-09-25,10.134736842104154,10.14565789473573,9.949078947367331,9.96,1468.32,0.019396551724234677,-0.8888888888788168
2003-09-26,9.967213114753006,10.0983606557366,9.89071038251258,10.0,1299.3,0.020833333333431518,0.1578947368466217
2003-09-29,9.842772828506698,10.083106904230503,9.64613585745995,9.81,2433.58,0.044395116537278075,-0.07499999999732473
2003-09-30,10.012093023254705,10.012093023254705,9.7825581395338,9.87,2298.1349999999998,0.022925764192237394,-0.6190476190401608
2003-10-08,9.754460511678559,9.830923248052299,9.677997775304819,9.82,4588.496,0.015677491601444677,0.42857142857577146
2003-10-09,10.016618464959954,10.016618464959954,9.710767519464994,9.82,2130.63,0.030534351145134912,-0.6428571428514717
2003-10-10,9.951684782607616,10.060923913042387,9.755054347825029,10.05,3596.2799999999993,0.030735455543456393,0.3214285714310862
2003-10-13,10.1247530186597,10.157519209658599,9.949999999998907,9.95,4928.509999999999,0.020496224379816273,-0.842105263148571
2003-10-14,10.002760131433734,10.002760131433734,9.82803943044799,9.97,2835.3215000000005,0.017467248908395263,-0.18749999999266598
2003-10-15,9.997222222221133,10.095555555554455,9.909814814813735,10.03,4189.9356,0.01857923497277566,0.17647058824022566
2003-10-16,10.065067114092834,10.065067114092834,9.649787472034715,9.77,1680.7199999999998,0.04125950054298337,-0.7105263157851329
2003-10-17,9.69802441731302,9.894605993339635,9.59973362929971,9.84,2743.545,0.030405405405505608,0.48148148148354547
2003-10-20,9.621707865167458,9.840134831459569,9.392359550560743,9.72,2189.4,0.04653802497172224,0.21951219512390124
2003-10-21,9.4933596392323,9.700924464485942,9.482435174745268,9.69,1782.87,0.023014959723923364,0.9000000000008792
2003-10-22,9.675277161861455,9.882760532149682,9.533314855874776,9.85,6509.373199999999,0.036117381489941584,0.5000000000016929
2003-10-23,9.83014623171993,9.983059617546685,9.644465691787442,9.71,2547.3406000000004,0.03444444444454276,-0.35483870967314324
2003-10-24,9.882183908044844,9.882183908044844,9.44540229884949,9.5,2957.9999999999995,0.04419889502772116,-0.8749999999955007
2003-10-27,9.762188591384197,9.773108265423776,9.292642607682273,9.38,2914.0716,0.04921700223723372,-0.7954545454506208
2003-10-28,9.385748218526201,9.41852731591337,9.079809976245953,9.2,3157.5,0.036088474970998936,-0.5483870967693528
2003-10-29,9.081349009899867,9.201559405939456,8.74257425742466,8.83,4350.433599999999,0.05054151624559198,-0.5476190476154745
2003-10-30,8.827399999998898,8.947574999998881,8.696299999998914,8.74,3825.2,0.02846534653476342,-0.3478260869507945
2003-10-31,8.749999999998908,8.892009987514497,8.728152309611895,8.75,2386.2591,0.018726591760411828,6.6671239957022525e-12
2003-11-03,8.766277915631665,8.842791563274336,8.646042183621756,8.81,3385.5224000000003,0.022443890274425626,0.22222222222665933
2003-11-04,8.797921760390123,9.027432762835081,8.797921760390123,8.94,9250.762,0.026086956521849686,0.6190476190496829
2003-11-05,8.940223048326029,8.962081784385505,8.743494423790738,8.82,3739.638,0.024449877750720283,-0.5499999999924812
2003-11-06,8.841361323154091,8.906933842238052,8.458854961830985,8.59,5354.153400000001,0.05067985166883412,-0.5609756097524069
2003-11-07,8.411081794194141,8.465699208442153,8.083377308706057,8.28,6487.9493999999995,0.04545454545465883,-0.3428571428533912
2003-11-10,8.201582360569622,8.463683527884763,8.201582360569622,8.42,2608.9869,0.03195739014658937,0.8333333333343266
2003-11-11,8.722089171973412,8.722089171973412,8.41605095541294,8.58,4850.5935,0.03508771929835638,-0.4642857142806261
2003-11-12,8.209069148935079,8.547925531913759,8.209069148935079,8.22,2256.1503999999995,0.041278295605975804,0.032258064519260506
2003-11-13,8.353679369249889,8.364599211562632,7.971484888303815,8.31,4985.7676,0.04705882352952576,-0.1111111111080525
2003-11-14,8.314445893088878,8.412777053453924,8.194263363753823,8.38,1817.9434,0.026281208935728065,0.30000000000362415
2003-11-17,8.389076723015814,8.46553966189747,8.323537061117253,8.4,1676.42,0.016927083333450617,0.07692307693023326
2003-11-18,8.37092810457407,8.534849673201498,8.359999999998907,8.36,2756.295,0.02088772845964688,-0.062499999993398364
2003-11-19,8.190661478598159,8.4527626459133,8.03776913099766,8.42,4558.0749000000005,0.050666666666782545,0.55263157894867
2003-11-20,8.357624999998956,8.849249999998893,8.357624999998956,8.74,10914.4,0.058823529411877115,0.7777777777784195
2003-11-21,8.79930817609952,8.94140880503032,8.624415094338536,8.69,13439.316,0.03602484472060651,-0.3448275862023569
2003-11-24,8.778970588234218,8.931838235293023,8.76805147058716,8.91,8441.52,0.018656716418022322,0.8000000000017813
2003-11-25,8.90989117291307,9.19378476420687,8.90989117291307,9.03,8636.1129,0.03186274509814786,0.4230769230792754
2003-11-26,9.039070048308087,9.126509661834646,8.940700483090708,9.05,10201.2084,0.020556227327798677,0.0588235294173349
2003-11-27,9.075663390662275,9.195798525797395,8.889999999998908,8.89,16500.4312,0.03369434416376456,-0.6071428571372977
2003-11-28,8.894439024389161,9.080195121950114,8.79609756097454,8.96,2722.154,0.0319410319411407,0.23076923077226147
2003-12-01,9.120923261389791,9.120923261389791,8.957074340526502,9.11,5445.186,0.017964071856395064,-0.06666666665958074
2003-12-02,9.233915662649489,9.233915662649489,9.059072289155534,9.07,5880.384000000001,0.018934911242709813,-0.937499999988379
2003-12-03,9.071632896304044,9.235578069128813,8.951406436232542,9.17,6418.35,0.03132530120492604,0.3461538461564753
2003-12-04,9.158359469238945,9.169288299154504,8.885138721349955,9.06,6345.7463,0.031026252983399224,-0.34615384614878814
2003-12-05,9.169511002443867,9.169511002443867,8.863496332517254,8.94,6781.219999999999,0.033373063170546426,-0.7499999999939807
2003-12-08,9.020122699385396,9.020122699385396,8.867239263802592,8.9,4335.2294999999995,0.016949152542482006,-0.7857142857019958
2003-12-09,8.878159509201366,8.954601226992766,8.823558282207506,8.9,2949.159,0.014760147601587052,0.16666666667372243
2003-12-10,8.890776699028047,9.032766990290165,8.858009708736788,9.0,4886.4848,0.01965601965613,0.6250000000026736
2003-12-11,9.051837968559969,9.117351874243154,8.89897218863254,9.03,8861.3877,0.024125452352339382,-0.09999999999454276
2003-12-12,9.049773539927406,9.169999999998906,9.006054827174134,9.17,11935.7818,0.018115942029093956,0.733333333335539
2003-12-15,9.167033997654261,9.319999999998908,9.123329425555788,9.32,14030.570499999998,0.021454112038247503,0.7777777777793657
2003-12-16,9.287410926364693,9.309263657956139,9.025178147267336,9.2,9540.786199999999,0.030588235294222037,-0.3076923076873815
2003-12-17,9.222582159623332,9.473908450703115,9.124237089200808,9.31,19833.4524,0.03791469194323244,0.2500000000024055
2003-12-18,9.171837708829456,9.259188544151641,9.040811455846177,9.15,9589.904400000001,0.023809523809630386,-0.09999999999454513
2003-12-19,9.160510204080465,9.247857142855965,8.538163265305034,8.56,12113.2704,0.07747318236005316,-0.8461538461511142
2003-12-22,8.508925410871237,8.73830594184466,8.279544879897815,8.64,10259.5864,0.05391527599497643,0.28571428571604646
2003-12-23,8.706468354429278,8.717392405062188,8.498911392403988,8.63,8263.479000000001,0.02509410288593383,-0.34999999999339576
2003-12-24,8.510747782001456,8.696476552597122,8.510747782001456,8.62,6958.98,0.021822849807560295,0.5882352941203619
2003-12-25,8.567422680411267,8.578350515462812,8.305154639174189,8.48,15652.1528,0.03188775510215366,-0.31999999999482986
2003-12-26,8.48092903225697,8.491858064515034,8.360709677418278,8.47,8544.065,0.015463917525889138,-0.08333333332436006
2003-12-29,8.48925684484896,8.48925684484896,8.358148631028898,8.38,5100.55,0.015444015444131454,-0.833333333318647
2003-12-30,8.442109479304614,8.453030707609019,8.125393858476885,8.18,42573.16,0.03880983182417607,-0.799999999994224
2003-12-31,8.127650834402036,8.575545571244085,7.974711168163289,8.51,67384.0453,0.0739247311829097,0.6363636363643965
2004-01-02,8.195302843015055,8.960197775029792,8.195302843015055,8.84,100704.48180000001,0.09333333333344383,0.8428571428574724
2004-01-05,8.840406607368635,8.840406607368635,8.490724269376303,8.6,51426.515,0.03955500618057844,-0.6874999999949082
2004-01-06,8.61751948051836,8.737662337661202,8.300779220778141,8.41,22417.010000000002,0.050697084917727536,-0.47499999999640985
2004-01-07,8.409999999998908,8.453688311687214,8.21340259740153,8.41,20794.466,0.028571428571544297,4.546501898684416e-12
2004-01-08,8.413513513512433,8.533706563705465,8.413513513512433,8.49,19833.546599999998,0.014285714285831164,0.636363636367431
2004-01-09,8.516326530611158,8.80020408163153,8.439897959182598,8.56,22275.6352,0.04230769230780461,0.12121212121481878
2004-01-12,8.546284987276266,8.622786259540886,8.426068702289005,8.59,13046.421,0.02301790281341334,0.22222222222665103
2004-01-13,8.672768647280826,8.683691529708131,8.519848293298542,8.64,18473.805,0.018891687657544013,-0.1999999999921116
2004-01-14,8.641674999998921,8.794624999998902,8.597974999998925,8.74,20353.6,0.022756005057003266,0.5000000000030037
2004-01-15,8.710488997553947,9.01650366748056,8.710488997553947,8.94,32590.510599999998,0.03513174404026135,0.7500000000011205
2004-01-16,8.973011152415246,8.983940520444984,8.743494423790738,8.82,16851.6126,0.02679658952507807,-0.636363636356447
2004-01-29,8.819565741856596,9.103715319661147,8.819565741856596,9.06,19673.662199999995,0.0322180916977554,0.8461538461547126
2004-01-30,8.979999999998908,9.11109489050984,8.969075425789665,8.98,22284.420000000002,0.01581508515826015,7.692322023435084e-12
2004-02-02,9.014067995309611,9.440187573269704,9.014067995309611,9.32,33364.924399999996,0.04727272727283312,0.7179487179495956
2004-02-03,9.341485714284648,9.57092571428462,9.243154285713231,9.56,37792.5625,0.03508771929834861,0.6666666666679694
2004-02-04,9.560734463275756,9.713706214688168,9.517028248586495,9.67,29269.1625,0.020571428571531013,0.5555555555582874
2004-02-05,9.701497797355762,9.941850220263222,9.614096916298502,9.92,57233.2376,0.03378378378388316,0.666666666667964
2004-02-06,9.939222222221119,10.081211111109992,9.720777777776698,9.83,50656.77,0.03626373626383328,-0.303030303026434
2004-02-09,9.824430939225435,9.999281767954697,9.704220994474067,9.89,26400.931500000002,0.030033370411667103,0.2222222222251716
2004-02-10,9.902335135134065,10.481610810809677,9.902335135134065,10.11,50229.35,0.05849889624733562,0.3584905660390031
2004-02-11,10.033269230768159,10.546955128204003,10.033269230768159,10.23,34182.1584,0.05119825708070469,0.38297872340563716
2004-02-12,10.246466165412434,10.454017185820575,10.115381310417817,10.17,29848.884100000003,0.033049040511821635,-0.22580645160901122
2004-02-13,10.23587458745762,10.23587458745762,9.875379537952709,9.93,26244.3753,0.03521878335121483,-0.8484848484794646
2004-02-16,9.961545064376612,10.212768240342252,9.939699570814383,10.18,15112.7528,0.027412280701852067,0.800000000001075
2004-02-17,10.217932489450396,10.381856540083291,10.141434599155046,10.36,31508.676,0.023529411764801493,0.5909090909111875
2004-02-18,10.37907465825338,10.542954784436327,10.26982124079808,10.39,29687.557199999996,0.02631578947377803,0.040000000003847035
2004-02-19,10.281822759314172,10.904632426987826,10.270896273916389,10.85,56298.03569999999,0.0616365568545015,0.896551724138237
2004-02-20,10.81719197707633,11.527411652338918,10.81719197707633,11.44,77082.6528,0.06565656565665205,0.8769230769233803
2004-02-23,11.553934108526011,11.859709302324429,10.975145348836145,11.27,67743.3696,0.07655954631387933,-0.32098765431939047
2004-02-24,10.983978702806295,11.311858664084093,10.77632139399702,11.29,55619.199199999995,0.04875621890555933,0.5714285714295396
2004-02-25,11.310091743118114,11.397512742098737,10.59979612640055,10.72,42102.4599,0.07053140096626585,-0.7397260273949628
2004-02-26,10.575914893615895,10.575914893615895,10.171670212764877,10.27,38880.374,0.03822314049595849,-0.7567567567521848
2004-02-27,10.246149003146881,10.464616998949586,10.191532004196203,10.41,24112.520099999998,0.026652452025681443,0.600000000001793
2004-03-01,10.490928050051044,10.50185610010318,10.21772679874763,10.48,14864.0205,0.02708333333342602,-0.03846153845755816
2004-03-02,10.49113924050522,10.545780590716186,10.26164556961917,10.36,14125.2,0.02708333333342609,-0.4615384615329832
2004-03-03,10.356302521007317,10.640336134452665,10.301680672267826,10.4,19372.0576,0.032700421941021726,0.12903225806735813
2004-03-04,10.398155136267253,10.485534591193868,10.157861635219062,10.42,11709.2052,0.03151260504210977,0.06666666666980046
2004-03-05,10.421082802546662,10.432006369425645,10.289999999998907,10.29,19395.78,0.013626834381646196,-0.9230769230627086
2004-03-08,10.326910480348216,10.326910480348216,9.944432314409394,10.01,15425.44,0.03703703703713026,-0.8285714285664025
2004-03-09,9.937485970818189,10.046689113354653,9.66447811447703,9.73,17935.83,0.038461538461635254,-0.5428571428528645
2004-03-10,9.93723986856408,10.23208105147752,9.751599123766729,9.97,12284.1411,0.04835164835174415,0.06818181818395466
2004-03-11,9.967692307691243,10.57974358974246,9.43214743589643,10.23,29446.466399999998,0.11513157894745701,0.22857142857218257
2004-03-12,10.173507462685484,10.468550106608692,10.162579957354994,10.25,16726.885000000002,0.030075187970020043,0.25000000000275197
2004-03-15,10.256919087135866,10.529999999998909,10.103993775932562,10.53,28004.2,0.041533546325972136,0.6410256410266951
2004-03-16,10.381443298968001,10.643711340205089,9.998969072163918,10.6,32237.755999999998,0.06210526315798507,0.338983050848627
2004-03-17,10.58907216494736,10.698350515462813,10.370515463916457,10.6,33089.706999999995,0.030959752322072834,0.033333333336568516
2004-03-18,10.575730809672917,10.630357518400567,10.33537329127126,10.39,9315.9009,0.027892561983563015,-0.6296296296237955
2004-03-19,10.386314136124565,10.462764397904662,10.200649214658617,10.43,14103.344500000001,0.025236593060030732,0.16666666667020547
2004-03-22,10.292589473683126,10.489263157893632,10.292589473683126,10.38,15456.5,0.01910828025487238,0.44444444444774933
2004-03-23,10.33011764705772,10.33011764705772,10.155401069517632,10.21,16965.855499999998,0.016913319238995844,-0.6874999999898199
2004-03-24,10.218143009604033,10.272785485591221,10.163500533616848,10.24,11252.9952,0.010695187165872125,0.2000000000081696
2004-03-25,10.175352564101479,10.262788461537367,10.175352564101479,10.23,10241.712,0.00859291084864741,0.6250000000053361
2004-03-26,10.331315789472638,10.789999999998908,10.211184210525282,10.79,67519.6236,0.05602536997894981,0.7924528301891944
2004-03-29,10.79387461459293,10.84849948612427,10.61907502569264,10.63,25251.879800000002,0.021255060728835554,-0.7142857142778392
2004-03-30,10.615263157893663,10.789999999998908,10.57157894736735,10.79,25239.2504,0.020576131687335252,0.8000000000013227
2004-03-31,10.927218344964016,11.058344965103583,10.82887337985934,10.96,26991.131199999996,0.021000000000089433,0.14285714286128218
2004-04-01,10.958329979878172,10.98018108651801,10.794446680079398,10.86,22595.906199999998,0.016949152542462546,-0.5294117646971496
2004-04-02,10.856039215685211,11.139999999998908,10.724980392155814,11.14,31006.98,0.03822937625763363,0.6842105263167759
2004-04-05,11.032612966600094,11.163693516698315,10.868762278977322,11.12,24920.7418,0.026732673267415,0.296296296298994
2004-04-06,11.09054054053947,11.472972972971865,11.03590733590627,11.32,38920.2408,0.03940886699516055,0.5250000000012991
2004-04-07,11.336588235293009,11.522254901959657,11.08539215686166,11.14,20794.025999999998,0.038535645472146524,-0.44999999999647416
2004-04-08,11.162767419037179,11.304759568203014,10.977085377820318,11.13,16091.8442,0.02935420743648619,-0.09999999999636355
2004-04-09,11.08692307692194,11.250769230768078,10.595384615383528,10.65,27599.519999999997,0.059113300492695885,-0.6666666666639799
2004-04-12,10.53971631205567,10.812765957445714,10.375886524821645,10.78,17399.9217,0.04145077720216348,0.5500000000012378
2004-04-13,10.730395833332215,10.730395833332215,10.446291666665578,10.49,24909.696,0.02647657841149602,-0.8461538461470202
2004-04-14,10.485836909870118,10.496759656651234,10.103540772531105,10.18,23587.522,0.037500000000091765,-0.777777777773019
2004-04-15,10.254603854388623,10.429336188435714,10.058029978585648,10.2,9685.7668,0.03620873269444963,-0.14705882352607563
2004-04-16,10.159239130433681,10.344945652172791,9.8642934782598,10.05,10325.251999999999,0.047311827957083046,-0.22727272726998576
2004-04-19,10.137391304346727,10.202934782607588,9.918913043477184,10.05,7809.971999999999,0.028017241379406234,-0.30769230768738376
2004-04-20,10.027991407088074,10.191847475831343,9.853211600428587,10.17,7825.055,0.033769063180924264,0.4193548387116667
2004-04-21,10.086289104637531,10.239277238402346,9.977011866234092,10.13,5294.1897,0.026002166847333648,0.1666666666702012
2004-04-22,10.127225806450522,10.21462365591288,9.9742795698914,10.16,3627.0000000000005,0.023732470334508364,0.13636363636762547
2004-04-23,10.217932489450396,10.381856540083291,9.966582278479958,10.36,21081.3396,0.04064171123004054,0.3421052631597073
2004-04-26,10.242878787877679,10.450357142856012,10.068160173159084,10.09,16407.468,0.03731343283591481,-0.399999999996096
2004-04-27,10.087654867255523,10.19694690265374,9.858141592919264,9.88,10368.789599999998,0.03358613217777738,-0.6129032258014177
2004-04-28,9.833705357141758,9.964821428570314,9.615178571427498,9.79,8126.720000000001,0.03555555555565347,-0.12499999999651609
2004-04-29,9.925862068964378,9.925862068964378,9.49999999999891,9.5,7160.099999999999,0.04290429042913933,-0.9999999999950907
2004-04-30,9.79941780821806,9.79941780821806,9.537226027396171,9.57,4975.7676,0.026755852842908746,-0.8749999999924937
2004-05-10,9.69749136938899,9.77393555811165,9.391714614498344,9.49,3397.79,0.039414414414513495,-0.5428571428528705
2004-05-11,9.450742857141778,9.592777142856047,9.450742857141778,9.56,1907.6750000000002,0.015028901734208205,0.7692307692330459
2004-05-12,9.45687361418964,9.882760532149682,9.19478935698346,9.85,12321.32,0.07274826789848154,0.5714285714293258
2004-05-13,9.872898876403385,9.872898876403385,9.654471910111274,9.72,3551.189,0.022123893805408787,-0.6999999999917905
2004-05-14,9.758556701029809,9.758556701029809,9.474432989689635,9.54,1972.98,0.029115341545452228,-0.769230769224215
2004-05-17,9.606724738674842,9.606724738674842,9.399070847850243,9.41,2040.57,0.021615472127519388,-0.9473684210428025
2004-05-18,9.281390134528108,9.772757847532535,9.281390134528108,9.74,6908.8076,0.05294117647069007,0.9333333333336594
2004-05-19,9.739999999998908,9.739999999998908,9.739999999998908,9.74,0.0,1.0266940451745477e-13,1.092459456231154
2004-05-20,9.757608695651058,9.757608695651058,9.506292906177402,9.55,3933.0,0.02575587905945042,-0.8260869565141009
2004-05-21,9.632629213482064,9.807370786515753,9.446966292133771,9.72,2935.398,0.037414965986494436,0.24242424242660235
2004-05-24,9.72184684684575,9.732770270269173,9.62353603603495,9.7,3063.6000000000004,0.011235955056281497,-0.19999999998815823
2004-05-25,9.651395348836088,9.706046511626779,9.399999999998906,9.4,5340.599999999999,0.031710079275298654,-0.8214285714223142
2004-05-26,9.37370023419094,9.482950819671021,9.286299765806875,9.33,3484.3199999999997,0.020979020979125483,-0.22222222221553586
2004-05-27,9.173302646719314,9.588285385499471,9.173302646719314,9.49,8509.8563,0.04523809523819908,0.7631578947376354
2004-05-28,9.529784824460982,9.737429218571943,9.398640996601426,9.65,22644.3584,0.03555045871569764,0.3548387096795963
2004-05-31,9.669257142856038,9.723885714284604,9.265005714284657,9.56,12117.962500000001,0.04745762711874255,-0.23809523809233799
2004-06-01,9.290270270269266,10.142789189188091,9.290270270269266,10.11,41469.415,0.09176470588245055,0.9615384615386164
2004-06-02,10.19277419354729,10.269247311826852,9.963354838708604,10.16,33584.997,0.03001071811370736,-0.10714285713893136
2004-06-03,10.217094972065897,10.217094972065897,9.747217877093883,9.78,22061.75,0.0459893048129276,-0.9302325581352308
2004-06-04,9.683960612690406,10.132089715534997,9.683960612690406,9.99,37480.5808,0.04627539503395867,0.6829268292692078
2004-06-07,9.74276715410464,9.83014623171993,9.666310461191262,9.71,9254.49,0.016816143497858944,-0.19999999999210474
2004-06-08,9.832369942195394,9.832369942195394,9.417225433524921,9.45,11724.729000000001,0.04222222222231967,-0.9210526315740946
2004-06-09,9.447517730495337,9.502127659573343,9.229078014183305,9.24,6844.2246000000005,0.028901734104149028,-0.7599999999932139
2004-06-10,9.122776442306595,9.242956730768121,9.013521634614301,9.09,7953.8368,0.025149700598909374,-0.14285714285175427
2004-06-11,9.124638554215766,9.365048192769954,9.048144578312161,9.07,5756.05,0.03473053892226147,-0.17241379309944765
2004-06-14,8.980349999998879,9.045899999998868,8.630749999998923,8.74,6883.04,0.04622871046239301,-0.5789473684170328
2004-06-15,8.741275571599429,9.178339350179401,8.632009626954437,9.08,31561.38,0.06250000000010726,0.620000000000866
2004-06-16,9.083023255812899,9.421860465115182,8.864418604650131,9.4,31062.167999999998,0.06137184115533794,0.5686274509813315
2004-06-17,9.278357142856038,9.343928571427458,9.092571428570345,9.18,10290.0,0.0270906949353228,-0.3913043478201812
2004-06-18,9.063977272726241,9.631840909089812,9.063977272726241,9.61,21906.456000000002,0.06265060240974185,0.9615384615386952
2004-06-21,9.705619834709742,10.579999999998906,9.705619834709742,10.58,46334.965599999996,0.09009009009018365,1.0000000000001077
2004-06-22,11.222114583332164,11.233041666665496,10.118479166665612,10.49,230491.872,0.09931840311595179,-0.6568627450964688
2004-06-23,10.046563192903543,10.25404656319177,9.642516629710684,9.85,87104.2458,0.06086956521748479,-0.32142857142626113
2004-06-24,9.835359116021014,10.097635359114907,9.737005524860804,9.89,44729.715500000006,0.03666666666676457,0.15151515151776068
2004-06-25,9.857804583834758,9.857804583834758,9.02721351025223,9.06,37982.7904,0.08425720620851852,-0.9605263157870023
2004-06-28,9.065835411470193,9.153216957604844,8.738154613465245,8.76,22364.0106,0.04578313253022574,-0.7368421052587552
2004-06-29,8.738916256156559,8.946465517240277,8.520443349752645,8.87,19131.938,0.04875000000010886,0.30769230769414885
2004-06-30,8.623492462310473,8.94045226130541,8.61256281406927,8.7,10427.6,0.03802281368832457,0.23333333333595624
2004-07-01,8.783357664232508,9.01277372262664,8.728734793186286,8.98,14957.0298,0.0323383084578216,0.692307692309104
2004-07-02,9.111270036990245,9.111270036990245,8.79445129469682,8.86,9210.7703,0.034772182254302446,-0.7931034482699143
2004-07-05,8.899080882351852,8.931838235293023,8.822647058822449,8.91,5581.4400000000005,0.012269938650417665,0.10000000000907618
2004-07-06,8.953567110035193,9.062756952840502,8.855296251510417,9.03,10630.5061,0.023170731707426298,0.36842105263506125
2004-07-07,9.015779702969182,9.015779702969182,8.819071782177126,8.83,6084.5632,0.021818181818290427,-0.9444444444340849
2004-07-08,8.829072929541553,8.91648949320038,8.741656365882726,8.84,7443.4472000000005,0.01980198019813084,0.06250000000589617
2004-07-09,8.841141781680196,8.92856963613439,8.699071518192135,8.71,5794.19,0.0259579728060434,-0.5714285714213202
2004-07-12,8.707770534549061,8.904432855279154,8.314445893088878,8.38,13368.81,0.06775407779182605,-0.5555555555527616
2004-07-13,8.248891786178847,8.46740547587895,8.216114732723831,8.38,6703.58,0.030463576159058123,0.5217391304370517
2004-07-14,8.379423592492175,8.488672922250872,8.04075067024021,8.15,8895.080199999999,0.05345501955682734,-0.5121951219476393
2004-07-15,8.189999999998909,8.277359999998897,8.080799999998924,8.19,6868.650000000001,0.024000000000119096,5.548855816983891e-12
2004-07-16,8.190661478598159,8.463683527884763,8.136057068740838,8.42,9652.2261,0.040000000000117046,0.7000000000012012
2004-07-19,8.409079118027442,8.474604409856228,8.343553826198658,8.42,6300.3807,0.015584415584532633,0.08333333334104151
2004-07-20,8.377378129116156,8.410144927535123,8.191699604742004,8.29,5862.516,0.026075619296074444,-0.3999999999931759
2004-07-21,8.302774108321227,8.40109643328819,8.215376486128372,8.27,5783.4800000000005,0.022368421052749443,-0.17647058822845654
2004-07-22,8.207429340510336,8.305787348585692,8.09814266487105,8.12,8934.574999999999,0.02529960053274194,-0.42105263157166156
2004-07-23,8.07444295301905,8.194630872482122,8.07444295301905,8.14,3933.6,0.01488497970242257,0.5454545454591021
2004-07-26,8.172778523488835,8.194630872482122,8.063516778522407,8.14,3467.975,0.016042780748783608,-0.24999999998975098
2004-07-27,8.109999999998907,8.197439353098625,8.044420485174118,8.11,4793.2458,0.018867924528422758,7.139377457445242e-12
2004-07-28,8.168159999998911,8.189999999998909,8.058959999998926,8.19,2873.025,0.016042780748783587,0.16666666667372032
2004-07-29,8.163294117645991,8.37092810457407,8.09772549019502,8.36,4291.650000000001,0.03346720214201946,0.7200000000013618
2004-07-30,8.189999999998909,8.375639999998883,8.189999999998909,8.19,4162.5,0.022666666666785906,5.8752591003341325e-12
2004-08-02,8.13448735019865,8.243675099865746,8.13448735019865,8.2,2035.2850999999998,0.01342281879206747,0.6000000000045037
2004-08-03,8.2555199999989,8.2555199999989,8.146319999998914,8.19,2618.25,0.01322751322763274,-0.599999999984511
2004-08-04,8.24616883116776,8.573831168830054,8.235246753245683,8.41,9124.5,0.04105960264912288,0.48387096774373534
2004-08-05,8.376447368419951,8.463815789472573,8.278157894735754,8.3,5206.0,0.022164276401681407,-0.41176470587425024
2004-08-06,8.509232769829843,8.509232769829843,8.27984395318488,8.4,3432.1239,0.02695763799754692,-0.47619047618364
2004-08-09,8.321842105262064,8.332763157893641,8.190789473683134,8.3,3385.7999999999997,0.017060367454186286,-0.15384615383738215
2004-08-10,8.293511749346175,8.380926892949295,8.08590078328876,8.37,10317.4838,0.035573122529760436,0.2592592592620852
2004-08-11,8.255284974092193,8.757590673573993,8.200686528496346,8.43,21088.0292,0.06746031746043031,0.31372549019747903
2004-08-12,8.249261744965336,8.271114093958621,8.085369127515694,8.14,7536.42,0.02251655629150911,-0.5882352941086009
2004-08-13,8.140927419353746,8.28298387096663,8.075362903224722,8.13,5245.200000000001,0.025503355704817775,-0.052631578941854926
2004-08-16,8.075235378030232,8.173580599142914,7.649072753208609,7.66,7907.28,0.06495263870106313,-0.7916666666630731
2004-08-17,7.589872521245384,7.819206798865748,7.480665722378544,7.71,4904.6526,0.044604316546888484,0.3548387096795953
2004-08-18,7.7001440922179105,7.721988472621366,7.547233429393725,7.58,4694.493600000001,0.022695035461119808,-0.6874999999898155
2004-08-19,7.422795857987068,7.586775147927873,7.389999999998907,7.39,2798.64,0.02650957290145672,-0.16666666666026636
2004-08-20,7.393552631577866,7.513684210525217,7.229736842104206,7.47,3023.964,0.038404726735728326,0.2692307692336672
2004-08-23,7.377436281857965,7.432083958019875,7.235352323836997,7.29,2414.54,0.026666666666798514,-0.4444444444366332
2004-08-24,7.343304347825022,7.616492753622084,7.28866666666561,7.54,3739.041,0.044642857142987206,0.600000000001506
2004-08-25,7.4053879941424,7.5146120058554144,7.4053879941424,7.46,1693.9083,0.014749262537006206,0.5000000000054283
2004-08-26,7.509520451338856,7.848377997178018,7.400211565584287,7.75,16747.8562,0.05967976710347313,0.5365853658548999
2004-08-27,7.649584487533566,7.911855955677575,7.649584487533566,7.89,11677.267,0.034285714285840665,0.9166666666673342
2004-08-30,7.951845730026453,7.951845730026453,7.64600550964082,7.93,8690.22,0.03846153846165942,-0.07142857142476797
2004-08-31,7.976631853784858,8.446488250651639,7.954778067884078,8.37,39606.18320000001,0.061643835616556085,0.8000000000005951
2004-09-01,8.331025299599423,8.462050599199937,7.763249001330523,8.2,26510.3,0.08387942332907454,-0.1874999999981698
2004-09-02,7.994827144685276,8.71567221510772,7.994827144685276,8.53,19163.9437,0.09016393442634339,0.7424242424247258
2004-09-03,8.191994572590477,8.42137042062301,7.951696065127823,8.05,57000.0959,0.057333333333448304,-0.3023255813923817
2004-09-06,7.862761506275055,8.015648535563736,7.753556485354568,7.83,15598.263299999999,0.033333333333456255,-0.12499999999535866
2004-09-07,7.814647887322843,7.869295774646779,7.70535211267497,7.76,7866.799999999999,0.02097902097914636,-0.33333333332463105
2004-09-08,7.854621848738396,7.854621848738396,7.679831932772033,7.8,5074.2552,0.022253129346438902,-0.31249999999196265
2004-09-09,7.672075471697,7.792293178518463,7.486284470245648,7.53,6635.07,0.039886039886165035,-0.46428571428062604
2004-09-10,7.460764790763714,7.591847041845947,7.460764790763714,7.57,3803.8077,0.017569546120190287,0.833333333335309
2004-09-13,7.480118694360908,7.556557863500363,7.261721068248182,7.36,4111.400000000001,0.039416058394288966,-0.40740740740232245
2004-09-14,7.229611510790326,7.644604316545662,7.229611510790326,7.59,5299.375,0.05740181268895214,0.8684210526321196
2004-09-15,7.64023255813849,8.077441860464011,7.552790697673386,7.99,20583.717299999997,0.0686695278971176,0.6666666666674789
2004-09-16,7.866122448978522,8.139251700679164,7.866122448978522,8.03,15165.108,0.034722222222344855,0.6000000000018018
2004-09-17,7.989548472774503,8.240929614872744,7.934900398405321,8.23,35818.8546,0.038303693570571846,0.7857142857152908
2004-09-20,8.22329923273552,8.550920716111436,8.114092071610214,8.54,41379.0608,0.05312084993371402,0.7250000000008411
2004-09-21,8.705851755525526,8.705851755525526,8.301690507151067,8.4,30118.038800000002,0.04642409033887983,-0.7567567567521818
2004-09-22,8.302949061661085,8.521447721178482,8.139075067023038,8.15,21519.115999999998,0.046052631579062246,-0.39999999999609503
2004-09-23,8.201582360569622,8.4527626459133,8.081452658883517,8.42,16428.468,0.04527296937428409,0.5882352941190088
2004-09-24,8.462050599199937,8.625832223700582,8.189081225032197,8.2,27532.9367,0.051612903225918695,-0.5999999999961233
2004-09-27,8.042991689749579,8.19598337950025,7.86814404432024,7.89,18662.256,0.040760869565336644,-0.46666666666191237
2004-09-28,8.02468706536745,8.02468706536745,7.762656467314636,7.85,6867.169000000001,0.03265306122461033,-0.6666666666599533
2004-09-29,7.8509192200546165,7.960111420611704,7.7744846796646545,7.84,8372.526199999998,0.02364394993058336,-0.058823529405564255
2004-09-30,7.668643815200049,7.668643815200049,7.319076005960161,7.33,24014.0164,0.045584045584169994,-0.9687499999941037
2004-10-08,7.38520231213766,7.5818497109815635,7.3742774566463325,7.56,9940.9952,0.028106508875871364,0.8421052631591
2004-10-11,7.54071428571321,7.802999999998886,7.51885714285607,7.65,12552.470000000001,0.03768115942041744,0.38461538461787365
2004-10-12,7.655657894735723,7.699342105262032,7.469999999998907,7.47,5841.36,0.02995720399442058,-0.8095238095155176
2004-10-13,7.469999999998907,7.535526315788372,7.317105263156825,7.47,6420.024,0.029239766082001344,5.001621606819253e-12
2004-10-14,7.485778443112652,7.518562874250372,7.267215568861189,7.3,9104.172,0.03357664233589543,-0.7391304347753243
2004-10-15,7.279038461537295,7.279038461537295,6.612339743588684,6.82,11336.270400000001,0.09159159159171637,-0.6885245901612626
2004-10-18,6.821864951767393,6.887459807072848,6.6797427652722385,6.8,4534.38,0.030448717948860084,-0.10526315788897071
2004-10-19,6.858287560580475,6.880129240709712,6.738158319869671,6.76,6135.528,0.020700636942817888,-0.6923076922951267
2004-10-20,6.719444444443314,6.719444444443314,6.435370370369287,6.49,8484.399,0.04227642276437032,-0.8076923076856186
2004-10-21,6.512442067735024,6.534295900177089,6.097219251335811,6.13,12692.3445,0.06711409395987494,-0.8749999999954948
2004-10-22,5.99159784560036,6.232136445241251,5.794793536803268,6.09,7235.43,0.07299270073008177,0.2250000000019864
2004-10-25,6.10553345388678,6.225678119347879,6.0399999999989085,6.04,5530.497700000001,0.030411449016258835,-0.35294117646280576
2004-10-26,6.011403508770875,6.295578947367316,6.011403508770875,6.23,6252.6720000000005,0.047272727272885735,0.7692307692319118
2004-10-27,6.230456852790824,6.492791878171491,6.088358714042964,6.46,11705.1687,0.06491228070190441,0.5675675675688674
2004-10-28,6.4711724137919875,6.514896551723015,6.23068965517134,6.34,9813.658,0.043918918919066616,-0.46153846153299155
2004-10-29,6.205551601422382,6.303879003557595,6.030747330959779,6.14,5577.288,0.044014084507196266,-0.23999999999511754
2004-11-01,6.152371134019561,6.359999999998908,6.064948453607205,6.36,10113.9378,0.047957371225732105,0.7037037037050227
2004-11-02,6.327216494844274,6.447422680411264,6.272577319586551,6.36,8165.46,0.027633851468202113,0.18750000000517736
2004-11-03,6.372554991538685,6.492791878171491,6.252318104905879,6.46,5673.6,0.03773584905675485,0.3636363636393954
2004-11-04,6.3946551724126905,6.503965517240259,6.252551724136853,6.34,10596.716,0.03931623931638963,-0.21739130434261356
2004-11-05,6.380740740739666,6.500925925924832,6.3261111111100465,6.49,8015.8518,0.02739726027412511,0.6250000000026753
2004-11-08,6.41463917525663,6.512989690720531,6.349072164947362,6.36,3492.0,0.025553662691804525,-0.33333333332462967
2004-11-09,6.354489795917287,6.703877551019268,6.288979591835665,6.42,24157.098,0.06529209622007831,0.15789473684435587
2004-11-10,6.58797077921971,6.729999999998908,6.380389610388575,6.73,21793.5256,0.05306799336664452,0.4062500000019626
2004-11-11,6.907256637167123,7.409999999998908,6.907256637167123,7.41,116146.55279999999,0.07278481012671659,1.0000000000001839
2004-11-12,7.371978851962632,7.382900302113688,6.913277945618291,7.23,50623.338599999995,0.06370370370383066,-0.30232558139237825
2004-11-15,7.026094224922945,7.266489361701025,7.026094224922945,7.19,25735.8276,0.03421461897369902,0.6818181818198883
2004-11-16,7.169287925695484,7.2130030959741145,7.027213622289933,7.06,10383.997800000001,0.025914634146477288,-0.588235294108596
2004-11-17,6.88695652173806,7.105590062110697,6.88695652173806,7.04,9466.800000000001,0.031746031746172354,0.7000000000018012
2004-11-18,7.025370370369285,7.101851851850755,6.905185185184119,7.08,11925.662400000001,0.027993779160324958,0.27777777778192697
2004-11-19,7.214414414413331,7.673513513512361,7.192552552551473,7.28,26080.56,0.06666666666679597,0.13636363636562687
2004-11-22,7.277416413372755,7.375759878418332,7.058875379938137,7.19,13500.120200000001,0.04354354354367494,-0.2758620689612007
2004-11-23,7.185399698339792,7.283680241326202,7.1635595776761445,7.24,12266.4282,0.016717325228100408,0.45454545455075707
2004-11-24,7.206431852985114,7.261026033689547,7.097243491576249,7.13,8939.439400000001,0.02272727272740841,-0.46666666665715006
2004-11-25,7.050236593058825,7.0611671924279085,6.842555205046239,6.93,11273.4076,0.031007751938122063,-0.5499999999924842
2004-11-26,6.924468749998918,7.1101406249988885,6.924468749998918,6.99,5625.6,0.026813880126323422,0.35294117647457146
2004-11-29,6.809070512819423,6.994871794870675,6.809070512819423,6.82,4829.76,0.02728731942229373,0.05882352941732642
2004-11-30,6.779905063290067,6.899999999998909,6.779905063290067,6.9,4006.248,0.01771336553959741,1.0000000000007625
2004-12-01,6.906495999998896,6.906495999998896,6.797215999998913,6.83,5331.25,0.015822784810269178,-0.6999999999835967
2004-12-02,6.809763406938989,6.951861198737074,6.744179810724488,6.93,9040.9034,0.030497592295487486,0.5789473684235246
2004-12-03,7.179273570323467,7.179273570323467,6.8842349304471595,7.07,9789.2394,0.041095890411092545,-0.370370370365415
2004-12-06,6.951627906975666,7.115581395347734,6.951627906975666,7.05,2167.2000000000003,0.023584905660517796,0.6000000000030069
2004-12-07,7.046650717702225,7.046650717702225,6.817224880381687,6.85,5271.3144,0.032558139535021104,-0.8571428571343577
2004-12-08,6.849076433119928,6.936464968151761,6.783535031846053,6.86,3566.9144,0.02232854864448084,0.07142857143525494
2004-12-09,6.7817142857132096,6.945523809522708,6.7817142857132096,6.88,7364.7,0.024154589372124675,0.6000000000029987
2004-12-10,6.814736842104142,6.945789473683068,6.639999999998907,6.64,6590.72,0.044871794871935156,-0.5714285714231293
2004-12-13,6.657454242927346,6.6683860232934,6.50440931780258,6.57,3816.35,0.02463054187206754,-0.5333333333234239
2004-12-14,6.551839464881847,6.606438127089196,6.508160535115968,6.53,2685.02,0.01500000000015041,-0.22222222220884097
2004-12-15,6.540102040815214,6.540102040815214,6.278061224488728,6.42,5302.0548,0.04006677796341892,-0.45833333332741805
2004-12-16,6.027036395146268,6.431022530328174,6.027036395146268,6.3,2856.1499999999996,0.06702898550740112,0.6756756756767077
2004-12-17,6.200830449825916,6.331833910033506,6.189913494808617,6.31,3476.67,0.02288732394381956,0.7692307692330448
2004-12-20,6.309999999998908,6.309999999998908,6.309999999998908,6.31,0.0,1.5847860538827488e-13,1.091571277811454
2004-12-21,6.307206896550636,6.3946551724126905,6.307206896550636,6.34,1683.74,0.013864818024419846,0.37500000000821326
2004-12-22,6.350693739423629,6.481861252113962,6.274179357020936,6.46,3401.6187000000004,0.032702237521666774,0.5263157894764188
2004-12-23,6.455538461537358,6.5101538461527335,6.389999999998908,6.39,3404.7,0.018612521150744205,-0.545454545440921
2004-12-24,6.387244897958097,6.51826530612134,6.354489795917287,6.42,905.52,0.02564102564117814,0.2000000000054471
2004-12-27,6.373730569947085,6.373730569947085,6.100414507770967,6.33,1811.7489,0.04288164665538162,-0.15999999999541287
2004-12-28,6.4218430034118725,6.4218430034118725,6.2580204778146316,6.4,3006.1800000000003,0.025510204081784296,-0.13333333332584582
2004-12-29,7.0332998324946345,7.0332998324946345,6.432629815744315,6.52,12812.2767,0.08540372670820474,-0.8545454545422131
2004-12-30,6.522020547944088,6.522020547944088,6.336301369861928,6.38,3941.8832,0.0284757118929462,-0.7647058823429393
2004-12-31,6.361157894735726,6.503245614033947,6.011403508770875,6.23,5546.1,0.07731958762901112,-0.2666666666639007
2005-01-04,6.240214285713172,6.240214285713172,5.912357142856088,6.12,2710.4559999999997,0.05253940455356687,-0.3666666666622171
2005-01-05,6.163502626969149,6.3929947460584255,6.163502626969149,6.24,2164.1471,0.037234042553347675,0.33333333333664117
2005-01-06,6.228342245988194,6.228342245988194,6.119073083777875,6.13,2688.7047000000002,0.017543859649280555,-0.8999999999817574
2005-01-07,6.235522123892701,6.235522123892701,6.137238938052011,6.17,1432.501,0.01576182136618225,-0.6666666666487711
2005-01-10,6.184440559439479,6.26092657342548,6.1516608391597645,6.25,2167.8228,0.017667844523127092,0.6000000000044988
2005-01-11,6.325549738218791,6.325549738218791,6.238150087258946,6.26,1523.607,0.013816925734180018,-0.7499999999789165
2005-01-12,6.259999999998907,6.325549738218791,6.205375218149004,6.26,1095.2322,0.019197207679039707,9.09060802229673e-12
2005-01-13,6.282590051456899,6.369999999998908,6.282590051456899,6.37,2524.39,0.013913043478417752,1.0000000000010576
2005-01-14,6.297202072537772,6.373730569947085,6.176943005180281,6.33,2622.87,0.031250000000153696,0.16666666667138022
2005-01-17,6.230232558138421,6.284883720929109,6.05534883720822,6.11,1921.3948,0.03684210526331254,-0.5238095238024797
2005-01-18,6.092650176677369,6.2236749116596775,6.070812720846983,6.18,3118.094,0.025089605734927127,0.5714285714319732
2005-01-19,6.157248677247591,6.310088183420405,6.135414462080047,6.19,2307.69,0.02836879432639899,0.187500000005178
2005-01-20,6.144667863553654,6.232136445241251,6.068132854577007,6.09,3111.1234999999997,0.026690391459233204,-0.33333333332462883
2005-01-21,6.1753508771918995,6.240929824560308,6.04419298245508,6.23,4132.386,0.031858407079802795,0.2777777777819215
2005-01-24,6.446483704973166,6.446483704973166,6.238885077185894,6.37,5835.8883,0.03220338983065867,-0.36842105262454233
2005-01-25,6.311840277776683,6.311840277776683,6.224479166665587,6.29,2085.0048,0.013840830449983221,-0.2499999999846459
2005-01-26,6.443826086955402,6.443826086955402,6.2253913043467435,6.28,3214.8250000000003,0.03389830508489576,-0.7499999999915662
2005-01-27,6.335701598577916,6.335701598577916,6.139076376553084,6.15,1553.8799999999999,0.0310344827587737,-0.9444444444340858
2005-01-28,6.257624309391113,6.257624309391113,5.919079189685834,5.93,2834.5143,0.05410122164063983,-0.9677419354777866
2005-01-31,5.931230769229628,5.931230769229628,5.658153846152757,5.68,4758.0,0.046040515653936166,-0.9199999999926289
2005-02-01,5.678160919539143,5.787356321837972,5.656321839079377,5.7,2777.4576,0.023076923077095093,0.16666666667372515
2005-02-02,5.733425414363585,5.962762430938128,5.6897421731112905,5.93,5962.5743999999995,0.047619047619213824,0.7200000000013613
2005-02-03,5.931073446326566,6.083992467042169,5.799999999998907,5.8,7125.276599999999,0.04788213628008693,-0.4615384615329894
2005-02-04,5.80257884972063,5.944638218922831,5.791651205935846,5.89,3153.1499999999996,0.02636534839941461,0.5714285714319747
2005-02-16,5.857018181817117,6.042781818180719,5.857018181817117,6.01,1488.3000000000002,0.03171641791061305,0.8235294117661544
2005-02-17,5.906330275228274,5.971834862384225,5.895412844035616,5.95,2016.5545,0.01293900184859579,0.5714285714353958
2005-02-18,5.930922509223998,6.051070110699991,5.8981549815487275,5.92,2102.96,0.025782688766278417,-0.07142857142096133
2005-02-21,5.887989130433716,6.029999999998908,5.887989130433716,6.03,2029.9799999999998,0.02411873840461838,1.000000000000651
2005-02-22,6.0298401420948435,6.204618117228028,5.997069271757373,6.15,5117.6137,0.03442028985523251,0.5789473684235303
2005-02-23,6.747660311957236,6.747660311957236,6.212651646446064,6.3,18366.4293,0.079288025890104,-0.8367346938739469
2005-02-24,6.197896551723069,6.383724137929934,6.186965517240313,6.34,3601.9159999999997,0.03174603174618801,0.7222222222241069
2005-02-25,6.239073426572337,6.359265734264624,6.239073426572337,6.25,7928.778,0.01926444833640944,0.09090909091741642
2005-02-28,6.1681657848313645,6.331922398587948,6.1681657848313645,6.19,2316.8754,0.026548672566529284,0.1333333333391842
2005-03-01,6.203547826085877,6.290921739129341,6.159860869564146,6.28,5277.5225,0.021126760563538093,0.583333333337219
2005-03-02,6.252794376097318,6.318383128294144,6.1872056239004944,6.22,3492.6927000000005,0.020979020979177487,-0.24999999998975592
2005-03-03,6.188133802815813,6.242799295773549,6.133468309858076,6.21,2499.5407999999998,0.01766784452312693,0.20000000000816454
2005-03-04,6.2193023255802835,6.284883720929109,6.09906976744077,6.11,4321.4054,0.029876977153055897,-0.5882352941085994
2005-03-07,6.117229129661436,6.248312611011324,6.07353463587814,6.15,2492.2884,0.028571428571587346,0.18750000000517586
2005-03-08,6.196287215410474,6.239999999998908,6.097933450086498,6.24,3535.632,0.022927689594513977,0.3076923076978302
2005-03-09,6.279999999998908,6.290921739129341,6.17078260869458,6.28,5776.68,0.019130434782764733,9.093285861722627e-12
2005-03-10,6.312907801417321,6.312907801417321,6.1272340425521055,6.16,4946.223599999999,0.029411764706036132,-0.8235294117543895
2005-03-11,6.051687388986492,6.313854351686269,6.007992895203197,6.15,4808.1326,0.05054151624564428,0.3214285714310915
2005-03-14,6.150163043477147,6.204782608694528,6.029999999998908,6.03,4689.0743999999995,0.028419182948648213,-0.687499999989818
2005-03-15,6.0410905730118225,6.084787430682794,5.899075785581164,5.91,2012.6281999999999,0.0307414104884064,-0.7058823529314926
2005-03-16,6.101904761903644,6.101904761903644,5.861758241757168,5.96,2855.6346,0.039355992844522396,-0.5909090909020849
2005-03-17,5.853684210525215,5.962894736840983,5.7663157894726,5.81,3386.446,0.03358208955240379,-0.22222222221553842
2005-03-18,5.789230769229655,5.8875384615373285,5.679999999998907,5.68,3686.8,0.03584905660394007,-0.5263157894658828
2005-03-21,5.676413255359518,5.730994152045667,5.545419103312759,5.6,3370.6665,0.03269230769247814,-0.41176470587425534
2005-03-22,5.786626746505831,5.786626746505831,5.4372455089809515,5.47,5090.16,0.06037735849072833,-0.9062499999942842
2005-03-23,5.353703703702601,5.473888888887761,5.091481481480433,5.31,4726.35,0.07142857142874474,-0.11428571428255764
2005-03-24,5.349083503053901,5.480081466393996,5.2945010183288606,5.36,4644.860000000001,0.03469387755120082,0.05882352941732854
2005-03-25,5.363534136545108,5.516465863452708,5.363534136545108,5.44,2481.7332,0.02851323828938679,0.500000000003874
2005-03-28,5.431134020617437,5.431134020617437,5.20164948453501,5.3,3443.2575,0.042253521126936866,-0.5714285714213203
2005-03-29,5.223713080167673,5.300210970463016,5.005147679323838,5.18,4507.74,0.05648535564871605,-0.1481481481439407
2005-03-30,5.133266533065104,5.537374749497888,5.045891783566123,5.45,20548.6204,0.09574468085123997,0.6444444444453551
2005-03-31,5.247870182554716,5.433732251520196,5.138539553751493,5.39,9348.3153,0.056250000000179774,0.48148148148355496
2005-04-01,5.259443339959192,5.674950298209608,5.150099403577505,5.5,16033.275900000002,0.09979209979227113,0.4583333333345436
2005-04-04,5.45394628099061,5.45394628099061,5.289999999998908,5.29,6151.8336,0.03006012024065887,-0.9999999999872369
2005-04-05,5.330924024639563,5.330924024639563,5.243531827514324,5.32,2111.7781,0.01639344262313541,-0.12499999998607028
2005-04-06,5.386481481480372,5.430185185184067,5.1679629629619,5.31,6051.2832,0.048681541582326536,-0.2916666666613854
2005-04-07,5.321653225805379,5.496491935482763,5.245161290321524,5.42,8108.5088,0.04722792607820772,0.39130434782887585
2005-04-08,5.381752988046737,5.4909163346602625,5.3053386454172715,5.48,6755.966199999999,0.034482758620869074,0.5294117647089102
2005-04-11,5.4450583657576965,5.6637354085592095,5.43412451361762,5.62,13037.6614,0.042168674698971044,0.7619047619062023
2005-04-12,5.571084337348278,5.62570281124385,5.429076305219793,5.44,7768.800000000001,0.0352941176472321,-0.6666666666577126
2005-04-13,5.3518442622939855,5.3518442622939855,5.166168032785827,5.33,43788.09359999999,0.03469387755120069,-0.11764705881701437
2005-04-14,5.306538461537328,5.317457264956129,5.066324786323704,5.11,16812.993599999998,0.047325102880838035,-0.782608695644709
2005-04-15,5.041529680364146,5.118082191779653,4.757191780820831,4.79,17944.86,0.07158351409996729,-0.6969696969647355
2005-04-18,4.774038929439228,4.774038929439228,4.424452554743448,4.49,16761.1554,0.07322654462261996,-0.8124999999945481
2005-04-19,4.474519230768155,4.550913461537368,4.474519230768155,4.54,7458.0896,0.017073170731927156,0.8571428571459208
2005-04-20,4.543840399001361,4.543840399001361,4.325386533664757,4.38,7530.78,0.04807692307713268,-0.749999999991568
2005-04-21,4.4792499999988795,4.490174999998878,4.2388999999989405,4.37,8588.36,0.05609756097582056,-0.4347826086895704
2005-04-22,4.370179948584995,4.370179948584995,4.162596401027208,4.25,7988.892999999999,0.04750000000021794,-0.5789473684130007
2005-04-25,4.191913746629597,4.235579514823655,3.98450134770782,4.05,5587.26,0.05989583333355756,-0.5652173912977458
2005-04-26,4.046874999998947,4.232812499998898,3.95937499999897,4.2,7558.0032,0.06756756756779789,0.5600000000019515
2005-04-27,4.158225806450495,4.201881720428977,4.038172043009666,4.06,6195.8088,0.03937007874038848,-0.5999999999896684
2005-04-28,4.040664961635795,4.411969309461786,3.9642199488480903,4.27,15459.827200000002,0.11081081081103077,0.5121951219525157
2005-04-29,3.882812499998897,4.079687499998841,3.8499999999989067,3.85,35993.232,0.059154929577707044,-0.14285714285175852
2005-05-09,3.8499999999989067,3.8499999999989067,3.8499999999989067,3.85,0.0,2.5974025974026604e-13,1.0933476346508542
2005-05-10,3.8499999999989067,3.8499999999989067,3.8499999999989067,3.85,0.0,2.5974025974026604e-13,1.0933476346508542
2005-05-11,3.8499999999989067,3.8499999999989067,3.8499999999989067,3.85,0.0,2.5974025974026604e-13,1.0933476346508542
2005-05-12,3.8499999999989067,3.8499999999989067,3.8499999999989067,3.85,0.0,2.5974025974026604e-13,1.0933476346508542
2005-05-13,3.8499999999989067,3.8499999999989067,3.8499999999989067,3.85,0.0,2.5974025974026604e-13,1.0933476346508542
2005-05-16,3.8499999999989067,3.8499999999989067,3.8499999999989067,3.85,0.0,2.5974025974026604e-13,1.0933476346508542
2005-05-17,3.8499999999989067,3.8499999999989067,3.8499999999989067,3.85,0.0,2.5974025974026604e-13,1.0933476346508542
2005-05-18,3.8499999999989067,3.8499999999989067,3.8499999999989067,3.85,0.0,2.5974025974026604e-13,1.0933476346508542
2005-05-19,3.8499999999989067,3.8499999999989067,3.8499999999989067,3.85,0.0,2.5974025974026604e-13,1.0933476346508542
2005-05-20,3.8499999999989067,3.8499999999989067,3.8499999999989067,3.85,0.0,2.5974025974026604e-13,1.0933476346508542
2005-05-23,3.8499999999989067,3.8499999999989067,3.8499999999989067,3.85,0.0,2.5974025974026604e-13,1.0933476346508542
2005-05-24,3.8499999999989067,3.8499999999989067,3.8499999999989067,3.85,0.0,2.5974025974026604e-13,1.0933476346508542
2005-05-25,3.8499999999989067,3.8499999999989067,3.8499999999989067,3.85,0.0,2.5974025974026604e-13,1.0933476346508542
2005-05-26,3.8499999999989067,3.8499999999989067,3.8499999999989067,3.85,0.0,2.5974025974026604e-13,1.0933476346508542
2005-05-27,3.8499999999989067,3.8499999999989067,3.8499999999989067,3.85,0.0,2.5974025974026604e-13,1.0933476346508542
2005-05-30,3.8499999999989067,3.8499999999989067,3.8499999999989067,3.85,0.0,2.5974025974026604e-13,1.0933476346508542
2005-05-31,3.8499999999989067,3.8499999999989067,3.8499999999989067,3.85,0.0,2.5974025974026604e-13,1.0933476346508542
2005-06-01,3.8499999999989067,3.8499999999989067,3.8499999999989067,3.85,0.0,2.5974025974026604e-13,1.0933476346508542
2005-06-02,3.8499999999989067,3.8499999999989067,3.8499999999989067,3.85,0.0,2.5974025974026604e-13,1.0933476346508542
2005-06-03,3.8499999999989067,3.8499999999989067,3.8499999999989067,3.85,0.0,2.5974025974026604e-13,1.0933476346508542
2005-06-06,3.8499999999989067,3.8499999999989067,3.8499999999989067,3.85,0.0,2.5974025974026604e-13,1.0933476346508542
2005-06-07,3.8499999999989067,3.8499999999989067,3.8499999999989067,3.85,0.0,2.5974025974026604e-13,1.0933476346508542
2005-06-08,3.8499999999989067,3.8499999999989067,3.8499999999989067,3.85,0.0,2.5974025974026604e-13,1.0933476346508542
2005-06-09,3.8499999999989067,3.8499999999989067,3.8499999999989067,3.85,0.0,2.5974025974026604e-13,1.0933476346508542
2005-06-10,3.8499999999989067,3.8499999999989067,3.8499999999989067,3.85,0.0,2.5974025974026604e-13,1.0933476346508542
2005-06-13,3.8499999999989067,3.8499999999989067,3.8499999999989067,3.85,0.0,2.5974025974026604e-13,1.0933476346508542
2005-06-14,3.8499999999989067,3.8499999999989067,3.8499999999989067,3.85,0.0,2.5974025974026604e-13,1.0933476346508542
2005-06-15,3.8499999999989067,3.8499999999989067,3.8499999999989067,3.85,0.0,2.5974025974026604e-13,1.0933476346508542
2005-06-16,3.8499999999989067,3.8499999999989067,3.8499999999989067,3.85,0.0,2.5974025974026604e-13,1.0933476346508542
2005-06-17,3.8499999999989067,3.8499999999989067,3.8499999999989067,3.85,0.0,2.5974025974026604e-13,1.0933476346508542
2005-06-20,3.8499999999989067,3.8499999999989067,3.8499999999989067,3.85,0.0,2.5974025974026604e-13,1.0933476346508542
2005-06-21,3.8499999999989067,3.8499999999989067,3.8499999999989067,3.85,0.0,2.5974025974026604e-13,1.0933476346508542
2005-06-22,3.8499999999989067,3.8499999999989067,3.8499999999989067,3.85,0.0,2.5974025974026604e-13,1.0933476346508542
2005-06-23,3.8499999999989067,3.8499999999989067,3.8499999999989067,3.85,0.0,2.5974025974026604e-13,1.0933476346508542
2005-06-24,3.8499999999989067,3.8499999999989067,3.8499999999989067,3.85,0.0,2.5974025974026604e-13,1.0933476346508542
2005-06-27,3.8499999999989067,3.8499999999989067,3.8499999999989067,3.85,0.0,2.5974025974026604e-13,1.0933476346508542
2005-06-28,3.8499999999989067,3.8499999999989067,3.8499999999989067,3.85,0.0,2.5974025974026604e-13,1.0933476346508542
2005-06-29,3.8499999999989067,3.8499999999989067,3.8499999999989067,3.85,0.0,2.5974025974026604e-13,1.0933476346508542
2005-06-30,3.8499999999989067,3.8499999999989067,3.8499999999989067,3.85,0.0,2.5974025974026604e-13,1.0933476346508542
2005-07-01,3.649999999998907,3.649999999998907,3.649999999998907,3.65,601.1999999999999,2.73972602739733e-13,1.092903545441004
2005-07-04,3.4599999999989084,3.4599999999989084,3.4599999999989084,3.46,361.38,2.890173410404701e-13,1.091571277811454
2005-07-05,3.2899999999989067,3.2899999999989067,3.2899999999989067,3.29,1032.4299999999998,3.039513677811636e-13,1.0933476346508542
2005-07-06,3.1224683544293916,3.4499999999989086,3.1224683544293916,3.45,40905.726,0.10489510489539167,1.0000000000002796
2005-07-07,3.2754098360645,3.570196721310305,3.2754098360645,3.33,52688.6585,0.09000000000027777,0.18518518518826024
2005-07-08,3.1699999999989066,3.279310344826455,3.1699999999989066,3.17,11605.422999999999,0.034482758620994244,1.0002233881575909e-11
2005-07-11,3.019999999998906,3.107536231882932,3.019999999998906,3.02,16502.039999999997,0.028985507246698343,1.2500376010104812e-11
2005-07-12,2.9109433962253166,2.9766037735837823,2.867169811319673,2.9,22358.632999999998,0.03759398496273655,-0.09999999998908715
2005-07-13,2.886268656715341,2.9846641791033637,2.8534701492526664,2.93,10851.614800000001,0.045454545454876163,0.33333333333912635
2005-07-14,2.875603112839348,2.9302723735397165,2.7881322957187598,2.81,14366.9425,0.04942965779500749,-0.4615384615275205
2005-07-15,2.8122540983595026,2.8122540983595026,2.6699999999989052,2.67,15451.055999999999,0.05058365758788621,-0.999999999985275
2005-07-18,2.626609442058958,2.7251072961361693,2.5390557939903258,2.55,5928.219000000001,0.07083333333368734,-0.41176470587425446
2005-07-19,2.5490598290587396,2.603760683759571,2.472478632477576,2.56,4413.0294,0.05150214592311889,0.083333333341033
2005-07-20,2.556302521007329,2.6109243697468023,2.5016806722678564,2.6,5056.8574,0.0427350427354173,0.4000000000063419
2005-07-21,2.5863485477167685,2.662738589210513,2.509958506223024,2.63,6662.0835,0.05907172995816985,0.2857142857195616
2005-07-22,2.6143673469377084,2.6909387755091054,2.57061224489691,2.68,8033.305000000001,0.046025104602875226,0.5454545454591059
2005-07-25,2.67539999999893,2.729999999998908,2.631719999998947,2.73,9643.05,0.036734693877911125,0.5555555555610115
2005-07-26,2.6862068965506953,2.87183908045867,2.6862068965506953,2.85,19911.8727,0.06910569105725703,0.882352941177599
2005-07-27,2.859087452470396,2.8918250950559345,2.782699619770805,2.87,10886.622,0.03816793893163412,0.10000000000908285
2005-07-28,2.8343396226404396,2.9328301886781385,2.8343396226404396,2.9,10280.6485,0.034749034749375386,0.6666666666710094
2005-07-29,2.8744237918204925,3.005576208177321,2.8416356877312854,2.94,9275.7925,0.057034220532647485,0.40000000000422814
2005-08-01,2.9399999999989066,2.9399999999989066,2.9399999999989066,2.94,0.0,3.401360544217795e-13,1.0933476346508542
2005-08-02,2.8981273408228843,2.952808988762939,2.8215730337068083,2.92,9400.6428,0.04528301886825403,0.16666666667373178
2005-08-03,2.9154044117636335,2.9918382352930175,2.8826470588224695,2.97,13311.843200000001,0.037453183520929384,0.5000000000054279
2005-08-04,2.9718518518507517,3.0155555555544384,2.928148148147064,2.95,8477.973,0.029411764706208692,-0.24999999998464642
2005-08-05,2.93246376811488,3.019999999998906,2.93246376811488,3.02,10247.990399999999,0.029850746268987396,1.0000000000010765
2005-08-08,3.0388275862058483,3.1699999999989066,2.9623103448265646,3.17,25074.357,0.06834532374131372,0.6315789473706457
2005-08-09,3.2436860068248317,3.254607508531312,3.1235494880535413,3.2,12279.044000000002,0.040404040404336226,-0.33333333332245646
2005-08-10,3.193444816052444,3.2809364548484012,3.193444816052444,3.27,14677.431600000002,0.027397260274277194,0.8750000000024969
2005-08-11,3.2661464968142466,3.4299999999989077,3.2333757961773144,3.43,30581.873000000003,0.060200668896608765,0.8333333333346512
2005-08-12,3.562251655627959,3.562251655627959,3.2562913907273985,3.3,32163.271800000002,0.0858895705524037,-0.8571428571364843
2005-08-15,3.2745098039204983,3.3618300653583786,3.2308496732015586,3.34,13114.242,0.0400000000002932,0.5000000000045165
2005-08-16,3.345981308410172,3.509999999998906,3.313177570092425,3.51,26366.554799999998,0.05882352941204612,0.8333333333346544
2005-08-17,3.494362017803118,3.679999999998908,3.3960830860524047,3.68,34949.461200000005,0.08125000000026295,0.6538461538476958
2005-08-18,3.6890855457216256,3.8637168141581526,3.678171091444343,3.7,44616.129,0.05029585798842311,0.05882352941733113
2005-08-19,3.7081231671543375,3.894076246333168,3.53310850439779,3.73,27710.8194,0.09734513274360627,0.06060606060892366
2005-08-22,3.6950847457616676,3.8699999999989068,3.607627118643048,3.87,14266.8726,0.07100591716001486,0.6666666666682936
2005-08-23,3.9134794520537226,4.022794520546843,3.84789041095785,3.99,17417.8,0.044692737430411696,0.43750000000374833
2005-08-24,3.959063360880452,4.024683195591178,3.838760330577455,3.97,16980.414,0.0469613259670917,0.058823529417330794
2005-08-25,3.931578947367387,4.160921052630484,3.9097368421042344,4.15,31342.399999999998,0.06388888888912696,0.8695652173921906
2005-08-26,4.152380952379912,4.359999999998908,4.064962406014019,4.36,42576.0132,0.0710526315791711,0.7037037037050228
2005-08-29,4.411840796018803,4.575646766168016,4.237114427859642,4.39,49078.893599999996,0.07673267326753612,-0.06451612902884138
2005-08-30,4.257329842930822,4.257329842930822,4.1699999999989075,4.17,4908.7,0.02051282051305073,-0.9999999999760395
2005-08-31,3.9699999999989064,3.9699999999989064,3.9699999999989064,3.97,4686.33,2.51889168765749e-13,1.0937917238607042
2005-09-01,3.7731404958667296,4.0793663911834495,3.7731404958667296,3.97,31491.629399999998,0.08115942029009852,0.6428571428586146
2005-09-02,4.007139107610496,4.159999999998908,3.9307086614162907,4.16,29724.858,0.05722070844710177,0.6666666666685249
2005-09-05,4.369999999998908,4.369999999998908,4.304449999998924,4.37,29617.2,0.015000000000225493,1.666604814972928e-11
2005-09-06,4.5899999999989065,4.5899999999989065,4.3932857142846675,4.59,67726.47,0.04285714285735141,5.558048977864118e-12
2005-09-07,4.661932367148632,4.814782608694489,4.476328502414377,4.52,85838.6358,0.07259953161612398,-0.4193548387052119
2005-09-08,4.49885057471161,4.7499999999989075,4.49885057471161,4.75,32154.025499999996,0.05582524271865626,1.0000000000003681
2005-09-09,4.989999999998908,4.989999999998908,4.957242888401541,4.99,16560.0805,0.006564551422518568,3.335029869622612e-11
2005-09-12,5.239999999998909,5.239999999998909,5.239999999998909,5.24,8559.983999999999,1.9083969465649188e-13,1.091571277811454
2005-09-13,5.509999999998906,5.509999999998906,5.509999999998906,5.51,3189.312,1.8148820326679073e-13,1.0933476346508542
2005-09-14,5.77942913385713,5.77942913385713,5.255019685038335,5.55,140217.652,0.09073724007577177,-0.4374999999970826
2005-09-15,5.535508982034824,5.775708582833179,5.4372455089809515,5.47,45330.429899999996,0.06114398422107681,-0.19354838709298042
2005-09-16,5.533719512193998,5.533719512193998,5.20628048780382,5.37,52845.5724,0.0591715976333062,-0.4999999999951407
2005-09-19,5.115348837208311,5.650930232557044,5.104418604650173,5.64,100590.53640000001,0.10683760683778133,0.9600000000002444
2005-09-20,5.536439999998893,5.656559999998868,5.416319999998916,5.46,57381.4,0.04339250493113927,-0.3181818181759501
2005-09-21,5.463157894735692,5.495936842104106,5.189999999998907,5.19,55071.975,0.05600000000017282,-0.8928571428506501
2005-09-22,4.973725055431269,5.0721064301540855,4.929999999998906,4.93,28864.451,0.02857142857162388,-0.30769230768244954
2005-09-23,4.6726605504576435,4.923761467888778,4.6726605504576435,4.76,36276.07200000001,0.05373831775721178,0.3478260869594855
2005-09-26,4.69468599033703,4.73835748792156,4.519999999998907,4.52,22070.339999999997,0.04651162790717986,-0.7999999999913364
2005-09-27,4.377328244273695,4.519236641220224,4.2899999999989085,4.29,41755.38540000001,0.05236907730694958,-0.38095238094595585
2005-09-28,4.288230563001532,4.288230563001532,4.06999999999891,4.07,40054.7169,0.0508905852419516,-0.9999999999904198
2005-09-29,3.9415306122438927,4.279999999998909,3.9415306122438927,4.28,50912.9208,0.08587257617751731,1.0000000000002707
2005-09-30,4.281553398057213,4.4999999999989075,4.281553398057213,4.5,56783.1996,0.051020408163487026,1.0000000000004232
2005-10-10,4.49933503836202,4.532097186699608,4.269999999998907,4.27,17473.79,0.058252427184675486,-0.8749999999924905
2005-10-11,4.14212713936329,4.469999999998906,4.0546943765271255,4.47,29378.060999999998,0.10026385224296123,0.7894736842112575
2005-10-12,4.477239709442015,4.608280871669586,4.335278450362146,4.51,24686.9924,0.0609756097563072,0.12000000000355937
2005-10-13,4.512780487803778,4.589268292681808,4.447219512194038,4.48,23238.389999999996,0.03147699757890714,-0.23076923075991546
2005-10-14,4.531840193703504,4.542760290555801,4.444479418885122,4.51,18214.7042,0.021686746988167745,-0.22222222220885748
2005-10-17,4.540915662649508,4.573662650601308,4.475421686745909,4.53,13459.7365,0.021634615384830996,-0.1111111110988609
2005-10-18,4.575287356320787,4.760919540228791,4.455172413792079,4.75,20227.5,0.06682577565652868,0.5714285714302723
2005-10-19,4.989999999998908,4.989999999998908,4.989999999998908,4.99,6763.097300000001,2.004008016032101e-13,1.092459456231154
2005-10-20,5.239999999998909,5.239999999998909,5.239999999998909,5.24,24380.592,1.9083969465649188e-13,1.091571277811454
2005-10-21,5.4496052631567,5.4496052631567,4.979999999998908,4.98,65682.23999999999,0.08617234468954649,-0.9999999999955442
2005-10-24,4.979999999998908,4.979999999998908,4.979999999998908,4.98,0.0,2.0080321285140934e-13,1.092459456231154
2005-10-25,5.0264900662240555,5.2341059602637445,4.731456953641339,4.95,54836.4654,0.10000000000017906,-0.15217391304100028
2005-10-26,4.710930232557044,4.842093023254688,4.699999999998908,4.7,20507.043999999998,0.03016241299324521,-0.07692307691484337
2005-10-27,4.491858190707949,4.612078239607674,4.469999999998906,4.47,10953.0609,0.03163017031651728,-0.1538461538373838
2005-10-28,4.370179948584995,4.370179948584995,4.2499999999989075,4.25,9199.85,0.027500000000222513,-0.9999999999825889
2005-10-31,4.110196078430365,4.4599999999989075,4.110196078430365,4.46,15235.862400000002,0.0851063829789463,1.0000000000002645
2005-11-01,4.548686868685721,4.548686868685721,4.242525252524182,4.33,11214.2052,0.06730769230789738,-0.7142857142798114
2005-11-02,4.269875621889485,4.411840796018803,4.269875621889485,4.39,5892.556199999999,0.03324808184165865,0.8461538461555786
2005-11-03,4.325242718445552,4.609223300969755,4.325242718445552,4.5,10740.84,0.06565656565678164,0.6153846153862946
2005-11-04,4.503725490194975,4.536519607842026,4.372549019606772,4.46,6613.9655999999995,0.03640776699050528,-0.26666666665837346
2005-11-07,4.67648456056896,4.67648456056896,4.479809976245965,4.6,9341.2743,0.04205607476656011,-0.38888888888135215
2005-11-08,4.545368171020297,4.599999999998906,4.457957244654523,4.6,8338.2839,0.031250000000212955,0.3846153846203737
2005-11-09,4.543689320387246,4.5655339805814155,4.4999999999989075,4.5,6131.796,0.01442307692329374,-0.6666666666398237
2005-11-10,4.532097186699608,4.532097186699608,4.269999999998907,4.27,9721.081100000001,0.057831325301412856,-0.9999999999920166
2005-11-11,4.261654135337277,4.436491228069063,4.261654135337277,4.36,7046.3799,0.041025641025866096,0.5625000000030359
2005-11-14,4.293524999998927,4.435549999998891,4.293524999998927,4.37,4720.0,0.03307888040734974,0.5384615384654405
2005-11-15,4.415577889446126,4.437437185928532,4.284422110551687,4.35,4009.8898,0.034653465346753086,-0.42857142856148733
2005-11-16,4.2835087719287515,4.403709273181854,4.2835087719287515,4.36,3371.55,0.02806122449002281,0.6363636363674321
2005-11-17,4.29535175879289,4.382788944722516,4.284422110551687,4.35,4740.5779999999995,0.022900763359005934,0.5555555555610258
2005-11-18,4.263235294116602,4.470931372547923,4.263235294116602,4.46,7899.288,0.048717948718171776,0.9473684210533351
2005-11-21,4.485481481480375,4.485481481480375,4.387259259258175,4.42,5457.4155,0.021897810219196515,-0.6666666666487661
2005-11-22,4.380924999998904,4.424624999998894,4.348149999998913,4.37,6163.04,0.01745635910246864,-0.142857142840983
2005-11-23,4.359999999998908,4.392781954886117,4.2835087719287515,4.36,7781.9763,0.025062656641827517,9.997507408998909e-12
2005-11-24,4.349999999998906,4.4046482412049235,4.306281407034093,4.35,3362.7019999999998,0.022613065326858094,1.1115002773607176e-11
2005-11-25,4.294436090224488,4.370927318294644,4.294436090224488,4.36,3966.0600000000004,0.01781170483483434,0.8571428571459401
2005-11-28,4.362803030301929,4.37373737373627,4.308131313130225,4.33,2847.6756,0.015037593985188264,-0.49999999997572014
2005-11-29,4.273962765956311,4.350478723403098,4.109999999998907,4.11,18017.92,0.056265984654952216,-0.6818181818108033
2005-11-30,4.110933333332237,4.154666666665558,4.0125333333322635,4.1,6510.0375,0.03457446808534102,-0.0769230769148433
2005-12-01,4.092639593907591,4.299999999998908,4.092639593907591,4.3,12039.3398,0.05066666666689851,1.0000000000004416
2005-12-02,4.355496183204998,4.388244274808043,4.169923664121076,4.29,8095.8786,0.050125313283426044,-0.2999999999936248
2005-12-05,4.2848936170201375,4.2848936170201375,4.088138297871254,4.11,3738.5679999999998,0.04591836734716142,-0.8888888888788168
2005-12-06,4.096467391303234,4.118315217390185,3.9653804347815305,4.02,6727.4816,0.037333333333568426,-0.4999999999895844
2005-12-07,4.013449197859889,4.144679144383918,3.958770053474877,4.09,4540.360000000001,0.04632152588579623,0.4117647058860221
2005-12-08,4.193821138210246,4.193821138210246,3.9972357723566407,4.03,3885.57,0.0468750000002272,-0.8333333333235393
2005-12-09,4.0453333333322545,4.121866666665567,4.0453333333322545,4.1,5300.1375,0.01891891891916133,0.7142857142906671
2005-12-12,4.0981432360731835,4.141856763924631,4.076286472147459,4.12,4292.899,0.016000000000240232,0.3333333333449151
2005-12-13,4.107076923075869,4.259999999998907,4.107076923075869,4.26,7469.28,0.037234042553426,1.0000000000006046
2005-12-14,4.225408163264229,4.290918367345845,4.181734693876485,4.28,7020.72,0.02583979328188434,0.5000000000054181
2005-12-15,4.28654545454434,4.319350649349527,4.209999999998906,4.21,4596.900000000001,0.025510204081860086,-0.6999999999835879
2005-12-16,4.23187012986903,4.242805194804092,4.1553246753235955,4.21,7205.275000000001,0.020671834625554282,-0.2499999999846364
2005-12-19,4.417474747473633,4.417474747473633,4.264393939392863,4.33,7753.7591999999995,0.0346534653467532,-0.5714285714176995
2005-12-20,4.254379746834366,4.330936708859663,4.254379746834366,4.32,3507.6000000000004,0.017994858612055957,0.8571428571459524
2005-12-21,4.259999999998907,4.314615384614278,4.227230769229686,4.26,2382.861,0.020512820513050284,1.2501736734899852e-11
2005-12-22,4.229559902199455,4.480929095353427,4.229559902199455,4.47,18421.36,0.05943152454802589,0.9565217391309786
2005-12-23,4.469999999998906,4.491858190707949,4.338850855744661,4.47,7760.4478,0.034229828851071835,7.145720398999452e-12
2005-12-26,4.469999999998906,4.524645476771509,4.371638141808222,4.47,17065.7704,0.034229828851071634,7.145720398999494e-12
2005-12-27,4.472807881772298,4.472807881772298,4.396256157634386,4.44,6065.9241999999995,0.017114914425647703,-0.4285714285515493
2005-12-28,4.432657004829847,4.563671497583438,4.432657004829847,4.52,9304.277399999999,0.029556650246524284,0.6666666666699144
2005-12-29,4.52748768472795,4.549359605910211,4.429064039407777,4.44,8048.990599999999,0.026570048309393846,-0.7272727272575913
2005-12-30,4.425365853657458,4.501853658535488,4.403512195120878,4.48,9405.482,0.02222222222244319,0.5555555555610151
2006-01-04,4.712129186601744,4.712129186601744,4.548133971290779,4.57,31110.485999999997,0.034802784222942425,-0.8666666666547211
2006-01-05,4.524428571427493,4.633714285713182,4.4916428571417875,4.59,13115.382000000001,0.031400966183789,0.46153846154291056
2006-01-06,4.514415274461928,4.612792362767395,4.514415274461928,4.58,10576.020900000001,0.021791767554696206,0.6666666666710128
2006-01-09,4.574494117645983,4.650917647057729,4.552658823528341,4.64,9067.7575,0.021479713604032422,0.666666666670985
2006-01-10,4.651724137929965,4.826436781608086,4.651724137929965,4.75,11584.441499999999,0.03755868544621634,0.5625000000030305
2006-01-11,4.690934579438156,4.800280373830653,4.658130841120406,4.68,12756.839600000001,0.030303030303237062,-0.0769230769148404
2006-01-12,4.613473193472118,4.7227972027961025,4.613473193472118,4.69,5097.8499,0.02369668246466668,0.7000000000035963
2006-01-13,4.6544444444433655,4.741851851850753,4.6544444444433655,4.72,8080.9056,0.01877934272321561,0.7500000000039306
2006-01-16,4.749176470587117,4.749176470587117,4.639999999998908,4.64,5580.25,0.022988505747332036,-0.9999999999808422
2006-01-17,4.583606557375976,4.670913348945042,4.539953161591443,4.66,7118.089999999999,0.028571428571640495,0.5833333333372108
2006-01-18,4.643518518517443,4.73092592592483,4.643518518517443,4.72,7456.7952000000005,0.018823529411976108,0.8750000000024942
2006-01-19,4.678139534882634,4.732790697673319,4.656279069766359,4.7,11393.194,0.016355140187126225,0.2857142857248248
2006-01-20,4.686304849883444,4.729999999998908,4.653533487296847,4.73,8744.6082,0.01631701631722629,0.571428571435387
2006-01-23,4.734672897195155,4.767476635512905,4.592523364484908,4.68,9352.8272,0.03695150115493789,-0.3124999999919638
2006-01-24,4.62415909090804,4.809999999998906,4.613227272726223,4.81,21636.076,0.04255319148956888,0.9444444444451959
2006-01-25,4.891954022987382,4.891954022987382,4.695402298849495,4.75,11331.749999999998,0.040178571428767844,-0.7222222222129921
2006-02-06,4.757191780820831,4.811872146117623,4.735319634702115,4.79,8441.4864,0.016091954023195344,0.42857142858012737
2006-02-07,4.7499999999989075,4.8155172413782035,4.6626436781598475,4.75,8224.153499999999,0.032183908046180834,7.146163360263934e-12
2006-02-08,4.739080459769025,4.771839080458673,4.6844827586196125,4.75,11338.187999999998,0.018433179723709548,0.1250000000110736
2006-02-09,4.7456074766344045,4.800280373830653,4.679999999998906,4.68,9565.7572,0.02534562212002094,-0.5454545454409185
2006-02-10,4.674470046081873,4.739999999998909,4.652626728109527,4.74,9578.7706,0.01869158878525683,0.7500000000039042
2006-02-13,4.755340909089827,4.831863636362537,4.733477272726196,4.81,7312.756,0.020689655172619708,0.5555555555610316
2006-02-14,4.809523809522768,5.0499999999989065,4.809523809522768,5.05,22058.6058,0.05000000000019746,1.0000000000003881
2006-02-15,5.099999999998907,5.274732334045979,5.023554603853313,5.1,33003.5905,0.04925053533209219,4.3493483892414936e-12
2006-02-16,5.0247747747736415,5.123085585584431,4.849999999998907,4.85,10853.9352,0.05434782608714473,-0.6399999999936521
2006-02-17,4.916478555303631,4.971106094807005,4.818148984197559,4.84,11278.3813,0.031111111111308085,-0.49999999998959466
2006-02-20,4.817076923075864,5.079230769229653,4.795230769229715,4.97,13914.264,0.058956916099968795,0.5384615384634878
2006-02-21,4.968161925600663,5.00091903719803,4.8262144420120725,4.99,6712.827300000001,0.03516483516502941,0.12500000000553768
2006-02-22,4.951623376622305,5.071861471860373,4.951623376622305,5.05,10284.258600000001,0.024282560706598698,0.8181818181841093
2006-02-23,5.108999999998936,5.2945833333322305,5.054416666665614,5.24,34615.968,0.047008547008733505,0.5454545454568197
2006-02-24,5.246280991734453,5.410227272726155,5.20256198347,5.29,25390.4464,0.0395833333335164,0.21052631579372305
2006-02-27,5.233340040240395,5.506478873238328,5.200563380280643,5.43,30145.087699999996,0.05845511482272691,0.6428571428586136
2006-02-28,5.422372881354783,5.422372881354783,5.159999999998907,5.16,30063.615199999997,0.04838709677436899,-0.9999999999920216
2006-03-01,5.047225806450527,5.178322580644047,5.0035268817193534,5.08,14303.307,0.03463203463222593,0.18750000000518105
2006-03-02,5.053660130717852,5.162810457515215,4.999084967319172,5.01,12033.0522,0.03239740820753497,-0.26666666665836647
2006-03-03,5.133690987123361,5.1883047210289295,4.980772532187771,5.09,8893.61,0.04042553191508076,-0.21052631578319317
2006-03-06,5.126515151514042,5.148376623375508,5.0172077922067055,5.05,6902.28,0.025586353944752987,-0.5833333333205524
2006-03-07,5.050499999998851,5.072363636362482,4.79906818181709,4.81,13670.008000000002,0.05411255411274124,-0.8799999999927804
2006-03-08,4.811214953269904,4.811214953269904,4.614392523363407,4.68,10045.16,0.04090909090929029,-0.666666666657723
2006-03-09,4.679067599066509,4.744662004660899,4.635337995336916,4.69,7614.5355,0.023364485981517025,0.1000000000090822
2006-03-10,4.62730769230658,4.692788461537333,4.452692307691238,4.54,9233.3696,0.0518867924530349,-0.3636363636303054
2006-03-13,4.548133971290779,4.613732057415165,4.548133971290779,4.57,3778.72,0.014423076923293449,0.33333333334490567
2006-03-14,4.612558139533811,4.776511627905866,4.514186046510578,4.7,9747.24,0.05687203791489646,0.33333333333622944
2006-03-15,4.710930232557044,4.732790697673319,4.612558139533811,4.7,5519.05,0.02552204176354807,-0.0909090908992432
2006-03-16,4.677215777261097,4.731856148490782,4.600719257539536,4.71,5303.455,0.028037383177777927,0.2500000000064192
2006-03-17,4.7227972027961025,4.7227972027961025,4.613473193472118,4.69,6734.013,0.023148148148355065,-0.2999999999872565
2006-03-20,4.686304849883444,4.740923787527773,4.664457274825712,4.73,4668.606000000001,0.01631701631722629,0.571428571435387
2006-03-21,4.711613636362564,4.809999999998906,4.678818181817118,4.81,10641.400000000001,0.02784222737839649,0.7500000000026258
2006-03-22,4.85725446428463,4.988236607141744,4.85725446428463,4.89,11844.313600000001,0.02696629213503188,0.2500000000064251
2006-03-23,4.846339285713204,4.900915178570334,4.802678571427499,4.89,4448.5056,0.020270270270472318,0.44444444445103287
2006-03-24,4.85725446428463,4.966406249998891,4.813593749998925,4.89,8718.0352,0.03146067415750276,0.21428571429145604
2006-03-27,4.888129175945458,4.909999999998906,4.83345211581184,4.91,5439.0513,0.015659955257472095,0.2857142857248513
2006-03-28,4.900849673201546,5.097320261436797,4.824444444443393,5.01,12013.4529,0.05567928730531515,0.4000000000025357
2006-03-29,5.0283813747217225,5.0283813747217225,4.8972062084246355,4.93,12409.6709,0.02608695652193254,-0.7499999999859541
2006-03-30,4.9599999999989075,5.003700440527532,4.883524229073814,4.96,7157.900200000001,0.02422907489006464,9.090480079269146e-12
2006-03-31,4.9599999999989075,4.9599999999989075,4.9599999999989075,4.96,0.0,2.016129032258102e-13,1.092459456231154
2006-04-03,4.98239999999895,5.21185263157785,4.98239999999895,5.19,28012.6975,0.04605263157913895,0.9047619047627262
2006-04-04,5.14701030927729,5.409278350514349,5.14701030927729,5.3,28364.206499999997,0.05095541401292313,0.583333333335274
2006-04-05,5.297838899802494,5.559999999998907,5.254145383103093,5.56,58906.7736,0.05773195876306453,0.8571428571436278
2006-04-06,5.559999999998907,5.559999999998907,5.559999999998907,5.56,0.0,1.7985611510791668e-13,1.092459456231154
2006-04-07,5.559999999998907,5.559999999998907,5.559999999998907,5.56,0.0,1.7985611510791668e-13,1.092459456231154
2006-04-10,5.571509433961213,5.833698113206446,5.3420943396216325,5.79,49590.934,0.08823529411781082,0.4444444444457628
2006-04-11,5.904129263912764,6.0899999999989065,5.904129263912764,6.09,65574.27320000001,0.03148148148164554,1.0000000000005023
2006-04-12,6.078136200715755,6.154659498206781,5.968817204300005,6.1,34875.0,0.03057553956850476,0.1176470588287863
2006-04-13,6.0947601476003515,6.258597785976705,5.8435424354232754,5.92,42456.1608,0.06810035842309206,-0.42105263157530076
2006-04-14,5.913919156413723,6.219999999998907,5.8592618629163695,6.22,29391.524300000005,0.06099815157132331,0.8484848484855275
2006-04-17,6.4435510887761405,6.519999999998907,6.4435510887761405,6.52,20032.3947,0.011864406779814197,1.0000000000012093
2006-04-18,6.849999999998906,6.849999999998906,6.52224880382671,6.85,109130.60399999999,0.04784688995229203,3.335907381625813e-12
2006-04-19,6.849999999998906,6.849999999998906,6.849999999998906,6.85,0.0,1.45985401459856e-13,1.0933476346508542
2006-04-20,6.849999999998906,6.849999999998906,6.849999999998906,6.85,0.0,1.45985401459856e-13,1.0933476346508542
2006-04-21,6.849999999998906,6.849999999998906,6.849999999998906,6.85,0.0,1.45985401459856e-13,1.0933476346508542
2006-04-24,6.849999999998906,6.849999999998906,6.849999999998906,6.85,0.0,1.45985401459856e-13,1.0933476346508542
2006-04-25,6.849999999998906,6.849999999998906,6.849999999998906,6.85,0.0,1.45985401459856e-13,1.0933476346508542
2006-04-26,6.849999999998906,6.849999999998906,6.849999999998906,6.85,0.0,1.45985401459856e-13,1.0933476346508542
2006-04-27,6.849999999998906,6.849999999998906,6.849999999998906,6.85,0.0,1.45985401459856e-13,1.0933476346508542
2006-04-28,6.849999999998906,6.849999999998906,6.849999999998906,6.85,0.0,1.45985401459856e-13,1.0933476346508542
2006-05-08,6.849999999998906,6.849999999998906,6.849999999998906,6.85,0.0,1.45985401459856e-13,1.0933476346508542
2006-05-09,6.849999999998906,6.849999999998906,6.849999999998906,6.85,0.0,1.45985401459856e-13,1.0933476346508542
2006-05-10,6.849999999998906,6.849999999998906,6.849999999998906,6.85,0.0,1.45985401459856e-13,1.0933476346508542
2006-05-11,7.189999999998908,7.189999999998908,7.189999999998908,7.19,1954.3916,1.390820584144663e-13,1.092459456231154
2006-05-12,7.549999999998907,7.549999999998907,7.549999999998907,7.55,3998.6787999999997,1.3245033112582943e-13,1.092459456231154
2006-05-15,7.549999999998907,7.549999999998907,7.549999999998907,7.55,0.0,1.3245033112582943e-13,1.092459456231154
2006-05-16,7.929999999998907,7.929999999998907,7.929999999998907,7.93,2313.399,1.2610340479193085e-13,1.092459456231154
2006-05-17,8.319999999998908,8.319999999998908,8.319999999998908,8.32,6670.548,1.20192307692309e-13,1.092459456231154
2006-05-18,8.739999999998908,8.739999999998908,8.521499999998936,8.74,70018.8,0.025000000000111496,4.999814444971594e-12
2006-05-19,9.179999999998907,9.179999999998907,9.179999999998907,9.18,45098.844,1.0893246187363945e-13,1.092459456231154
2006-05-22,9.179999999998907,9.179999999998907,9.179999999998907,9.18,0.0,1.0893246187363945e-13,1.092459456231154
2006-05-23,9.179999999998907,9.179999999998907,9.179999999998907,9.18,0.0,1.0893246187363945e-13,1.092459456231154
2006-05-24,9.179999999998907,9.179999999998907,9.179999999998907,9.18,0.0,1.0893246187363945e-13,1.092459456231154
2006-05-25,9.179999999998907,9.179999999998907,9.179999999998907,9.18,0.0,1.0893246187363945e-13,1.092459456231154
2006-05-26,9.179999999998907,9.179999999998907,9.179999999998907,9.18,0.0,1.0893246187363945e-13,1.092459456231154
2006-05-29,9.179999999998907,9.179999999998907,9.179999999998907,9.18,0.0,1.0893246187363945e-13,1.092459456231154
2006-05-30,9.179999999998907,9.179999999998907,9.179999999998907,9.18,0.0,1.0893246187363945e-13,1.092459456231154
2006-05-31,9.179999999998907,9.179999999998907,9.179999999998907,9.18,0.0,1.0893246187363945e-13,1.092459456231154
2006-06-01,9.179999999998907,9.179999999998907,9.179999999998907,9.18,0.0,1.0893246187363945e-13,1.092459456231154
2006-06-02,9.179999999998907,9.179999999998907,9.179999999998907,9.18,0.0,1.0893246187363945e-13,1.092459456231154
2006-06-05,9.179999999998907,9.179999999998907,9.179999999998907,9.18,0.0,1.0893246187363945e-13,1.092459456231154
2006-06-06,9.179999999998907,9.179999999998907,9.179999999998907,9.18,0.0,1.0893246187363945e-13,1.092459456231154
2006-06-07,9.179999999998907,9.179999999998907,9.179999999998907,9.18,0.0,1.0893246187363945e-13,1.092459456231154
2006-06-08,9.179999999998907,9.179999999998907,9.179999999998907,9.18,0.0,1.0893246187363945e-13,1.092459456231154
2006-06-09,9.179999999998907,9.179999999998907,9.179999999998907,9.18,0.0,1.0893246187363945e-13,1.092459456231154
2006-06-12,9.179999999998907,9.179999999998907,9.179999999998907,9.18,0.0,1.0893246187363945e-13,1.092459456231154
2006-06-13,9.179999999998907,9.179999999998907,9.179999999998907,9.18,0.0,1.0893246187363945e-13,1.092459456231154
2006-06-14,9.179999999998907,9.179999999998907,9.179999999998907,9.18,0.0,1.0893246187363945e-13,1.092459456231154
2006-06-15,9.179999999998907,9.179999999998907,9.179999999998907,9.18,0.0,1.0893246187363945e-13,1.092459456231154
2006-06-16,9.179999999998907,9.179999999998907,9.179999999998907,9.18,0.0,1.0893246187363945e-13,1.092459456231154
2006-06-19,9.265935483869473,9.92341935483711,8.700193548385693,9.48,330107.282,0.13201320132022584,0.1750000000011071
2006-06-20,9.484210526314179,9.606587436331138,9.00999999999847,9.01,85144.3675,0.06290322580655054,-0.7948717948678967
2006-06-21,8.697571428569876,8.712857142855588,8.559999999998471,8.56,35436.799999999996,0.017574692442995397,-0.8999999999841053
2006-06-22,8.137594254935701,8.871813285456215,8.137594254935701,8.52,107855.6419,0.09022556390988613,0.5208333333347093
2006-06-23,8.415194346288265,8.797703180210458,8.338692579503826,8.66,84563.7394,0.054545454545566835,0.5333333333355071
2006-06-26,8.717068965515738,8.96175862068811,8.57943103448128,8.87,83927.856,0.04385964912291671,0.4000000000029532
2006-06-27,8.870588235292626,9.237647058821976,8.824705882351456,9.1,86104.83,0.046551724138038646,0.5555555555579135
2006-06-28,9.103602058317477,9.30250428816307,8.8893996569453,8.92,60362.4208,0.045378151260609116,-0.4444444444396634
2006-06-29,8.944709897609394,9.112901023889231,8.807098976107712,8.96,75753.62640000001,0.03418803418814231,0.0500000000048414
2006-06-30,9.104343971629593,9.104343971629593,8.522890070920477,8.63,102444.73439999999,0.06386554621859011,-0.8157894736801782
2006-07-03,8.60826010544664,8.776449912124994,8.348330404216457,8.7,54910.60530000001,0.0497335701599684,0.21428571428878862
2006-07-04,8.697571428569876,8.758714285712724,8.483571428569915,8.56,45912.047999999995,0.03163444639729949,-0.4999999999926273
2006-07-05,8.569541284402096,8.584844036695673,8.294091743117743,8.34,47971.7175,0.033928571428684294,-0.7894736842025398
2006-07-06,8.70410839160687,8.749999999998469,8.68881118880967,8.75,21439.131999999998,0.0070298769772668395,0.7500000000127673
2006-07-07,9.17470881863408,9.18999999999847,8.868885191346278,9.19,169623.2951,0.035000000000105086,0.047619047623660926
2006-07-10,9.546578073088117,9.546578073088117,9.194700996676215,9.21,112769.83059999999,0.036858974359075335,-0.9565217391233694
2006-07-11,9.18700336700182,9.263434343432783,8.972996632995121,9.08,54616.755600000004,0.03161397670559624,-0.36842105262504543
2006-07-12,9.173076923075453,9.53999999999847,9.096634615383156,9.54,124789.5168,0.04833333333343711,0.8275862068981321
2006-07-13,9.468223999998486,10.018879999998397,9.070527999998548,9.56,192519.0,0.10016155088862498,0.09677419354989761
2006-07-14,9.32766990291111,9.541747572813989,9.113592233008234,9.45,86786.2344,0.04590163934436453,0.28571428571719415
2006-07-17,9.326446280990194,9.387603305783571,9.035950413221647,9.25,42292.403999999995,0.037704918032889966,-0.21739130434285947
2006-07-18,9.19176470588085,9.589411764704314,9.176470588233794,9.36,43534.6812,0.04492512479211713,0.4074074074101268
2006-07-19,9.272530120480333,9.425542168673077,8.889999999998471,8.89,58490.432,0.05775577557765932,-0.7142857142815251
2006-07-20,8.744139130433261,9.00401739130278,8.591269565215896,8.79,37089.11,0.04720279720290606,0.11111111111454552
2006-07-21,8.775287958113651,8.867015706804734,8.729424083768109,8.76,21034.83,0.015679442508822996,-0.11111111109918918
2006-07-24,8.758856152511482,8.972859618715951,8.346135181974292,8.82,35392.256799999996,0.07155322862139743,0.09756097561203667
2006-07-25,8.82939550949761,8.890604490499326,8.752884283245464,8.86,27368.519399999997,0.01559792027740782,0.22222222223172555
2006-07-26,8.886475694442902,8.886475694442902,8.73352430555404,8.81,21696.8256,0.017211703958802498,-0.49999999998673145
2006-07-27,8.792328042326492,8.914656084654514,8.639417989416467,8.67,27003.8853,0.03130434782619712,-0.44444444443727577
2006-07-28,8.651565377530638,8.651565377530638,8.23885819521027,8.3,45968.208,0.047703180212124406,-0.8518518518460847
2006-07-31,8.302848837207693,8.318139534882109,7.889999999998471,7.89,37851.644400000005,0.051565377532342555,-0.9642857142798904
2006-08-01,7.658142857141294,7.856857142855539,7.489999999998472,7.49,38638.46,0.04790419161689067,-0.4583333333279165
2006-08-02,7.480659574466492,7.557148936168605,7.128808510636781,7.19,34125.478,0.05725971370155749,-0.6785714285662698
2006-08-03,7.2840918580360565,7.483027139873176,7.222881002086174,7.33,20056.975400000003,0.03571428571441809,0.17647058824050257
2006-08-04,7.338166311299074,7.582771855009043,7.154712153516597,7.17,23271.7331,0.05833333333346173,-0.3928571428526506
2006-08-07,6.8964573991015925,7.003497757845963,6.819999999998471,6.82,19355.508,0.026607538802801877,-0.4166666666560602
2006-08-08,6.825739130433299,7.0553043478245545,6.825739130433299,7.04,17765.199999999997,0.03363228699565739,0.9333333333359289
2006-08-09,7.061135371177498,7.106986899561767,6.938864628819446,7.0,11356.568,0.023809523809662052,-0.36363636362511115
2006-08-10,7.067033898303587,7.21999999999847,7.005847457625634,7.22,17957.3816,0.030303030303167503,0.7142857142895213
2006-08-11,7.322292993629019,7.322292993629019,7.123566878979379,7.2,15555.246,0.027139874739172582,-0.6153846153738266
2006-08-14,7.2077272727257125,7.37606060605901,7.008787878786362,7.07,15617.91,0.05095541401287057,-0.3749999999948107
2006-08-15,7.0375257731944245,7.41999999999847,6.976329896905778,7.42,25468.9505,0.06304347826100266,0.8620689655187488
2006-08-16,7.053970893969429,7.421205821204279,7.053970893969429,7.36,23651.924399999996,0.05206073752724928,0.833333333335229
2006-08-17,7.504715447152946,7.703414634144775,7.351869918697692,7.52,37783.3368,0.04684317718953643,0.04347826087378921
2006-08-18,7.47528688524437,7.551721311473863,7.368278688523081,7.46,19534.5424,0.02453987730074397,-0.08333333332454645
2006-08-21,7.158188976376543,7.76999999999847,7.09700787401435,7.77,35591.1912,0.09401709401722064,0.9090909090918307
2006-08-22,7.765861386137075,7.8575841584142845,7.6588514851469975,7.72,16162.7775,0.025590551181227782,-0.23076923076037528
2006-08-23,7.692343434341881,7.707636363634807,7.49353535353384,7.57,15385.59,0.02783300198819792,-0.5714285714187612
2006-08-24,7.572908366532356,7.695298804779345,7.481115537847115,7.68,11778.175,0.028282828282956755,0.5000000000048022
2006-08-25,7.695298804779345,7.7717928286837115,7.572908366532356,7.68,15278.470399999998,0.025844930417621648,-0.07692307691500484
2006-08-28,7.581296660116389,7.779999999998472,7.581296660116389,7.78,23542.5225,0.026209677419483254,1.00000000000266
2006-08-29,7.795284872297093,7.871709233790203,7.718860510803984,7.78,27518.575999999997,0.01960784313738086,-0.09999999998934066
2006-08-30,7.781729622264854,7.797017892642585,7.65942345924301,7.69,14531.720300000003,0.01768172888028339,-0.6666666666507058
2006-08-31,7.711689320386851,7.910601941746036,7.6657864077655,7.88,32454.167,0.03174603174615735,0.6875000000034445
2006-09-01,7.888158415840022,8.08689108910731,7.71999999999847,7.72,33499.1245,0.04651162790709775,-0.45833333332791576
2006-09-04,7.7041420118328,7.811143984219367,7.688856015777577,7.75,19544.748600000003,0.01587301587314354,0.3750000000094376
2006-09-05,7.7499999999984714,7.780571992108919,7.642998027611904,7.75,18403.086000000003,0.01775147929006759,1.1110787319979987e-11
2006-09-06,7.772893203881985,7.956504854367386,7.726990291260634,7.88,26256.76,0.02952755905524307,0.4666666666713021
2006-09-07,7.95294117646903,8.05999999999842,7.662352941174968,7.8,17427.719999999998,0.05000000000011951,-0.38461538461057326
2006-09-08,7.678814229247495,7.862371541500423,7.66351778655975,7.74,12115.613399999998,0.025896414342756365,0.30769230769845096
2006-09-11,7.834697855748959,7.849999999998468,7.528654970758765,7.85,23137.531199999998,0.04101562500012236,0.04761904762366355
2006-09-12,7.678776290629505,8.045889101336892,7.678776290629505,8.0,45262.8258,0.04780876494036298,0.8750000000017888
2006-09-13,7.978859315587836,8.162281368819741,7.764866920150615,8.04,49663.867999999995,0.04980842911889307,0.15384615384961298
2006-09-14,7.948288973382519,8.085855513306447,7.871863117869226,8.04,30841.063199999997,0.026923076923199257,0.4285714285765665
2006-09-15,8.088333333331867,8.43999999999847,8.042463768114485,8.44,67913.4984,0.049149338374408505,0.884615384617009
2006-09-18,8.764132379247092,8.764132379247092,8.427638640427832,8.55,69775.3303,0.038394415357875945,-0.636363636357202
2006-09-19,8.624072727271159,8.624072727271159,8.364127272725751,8.41,36772.065,0.030141843971743704,-0.8235294117556522
2006-09-20,8.416513761466344,8.462422018347072,8.232880733943443,8.34,31629.6745,0.027272727272843002,-0.3333333333252078
2006-09-21,8.336481481479936,8.412962962961403,8.198814814813296,8.26,30166.182,0.025688073394612102,-0.3571428571340421
2006-09-22,8.294091743117743,8.630752293576396,8.294091743117743,8.34,28382.183,0.04059040590417463,0.1363636363677796
2006-09-25,8.305888888887349,8.39766666666511,8.214111111109588,8.26,20333.916,0.022099447513929914,-0.249999999990296
2006-09-26,8.331725417438157,8.362300556584719,8.163562152132066,8.24,16024.47,0.023853211009291466,-0.4615384615284462
2006-09-27,8.224140480589977,8.285286506467969,8.11713493530349,8.27,15899.611299999999,0.020446096654394216,0.2727272727347397
2006-09-28,8.367037701973361,8.688258527826086,8.229371633750766,8.52,38455.83700000001,0.05484460694709635,0.33333333333594506
2006-09-29,8.516449275360776,8.715217391302769,8.40942028985355,8.44,19519.768799999998,0.035906642729017925,-0.2499999999941839
2006-10-09,8.502965517239913,8.86999999999847,8.487672413791639,8.87,60620.03399999999,0.04496402877709074,0.9600000000014882
2006-10-10,9.027101200684559,9.088301886790894,8.797598627785797,8.92,45758.445700000004,0.032203389830615804,-0.36842105262505015
2006-10-11,8.91587931034329,9.007637931032928,8.778241379308831,8.87,20753.966,0.025728987993248062,-0.1999999999924609
2006-10-12,8.875302245248898,8.951813471501042,8.752884283245464,8.86,23845.941300000002,0.02241379310355833,-0.07692307691499704
2006-10-13,8.75999999999847,8.928167539265456,8.74471204188329,8.76,21629.604000000003,0.020942408377075016,8.336862402815943e-12
2006-10-16,8.758856152511482,8.835285961870222,8.71299826689624,8.82,23893.8585,0.013961605584754821,0.5000000000083964
2006-10-17,8.752884283245464,8.951813471501042,8.722279792744606,8.86,30898.450800000002,0.026223776223887354,0.46666666667130663
2006-10-18,8.761797945203979,8.945291095888878,8.746506849313569,8.93,33231.06,0.02268760907515528,0.8461538461572786
2006-10-19,8.943455497380636,8.943455497380636,8.714136125652928,8.76,38535.969000000005,0.025641025641134567,-0.7999999999898388
2006-10-20,8.760487364619358,8.760487364619358,8.454711191334216,8.47,24813.106,0.03490401396171564,-0.9499999999918967
2006-10-23,8.47787878787718,8.523787878786264,8.049393939392413,8.08,36183.048,0.055956678700472516,-0.8387096774143559
2006-10-24,8.041261595545818,8.301150278291596,8.010686456399256,8.24,14668.992799999998,0.0361216730039222,0.6842105263186982
2006-10-25,8.244703703702175,8.35177777777623,8.152925925924414,8.26,22770.882,0.024118738404571082,0.07692307693039038
2006-10-26,8.241158878503132,8.332897196260124,8.164710280372304,8.18,19002.1835,0.020408163265425022,-0.36363636362510876
2006-10-27,8.108801498125821,8.24649812733928,8.09350187265766,8.17,10256.538,0.01886792452842294,0.40000000000739144
2006-10-30,8.180581613506908,8.226454033769564,8.042964352718942,8.15,7491.848,0.022429906542175537,-0.16666666665742141
2006-10-31,8.155905660375819,8.155905660375819,8.064094339621118,8.11,10910.209,0.011257035647400932,-0.49999999997787614
2006-11-01,8.168186714540722,8.51999999999847,8.168186714540722,8.52,28782.0281,0.04307116104880648,1.000000000001505
2006-11-02,8.491025641024189,8.949999999998468,8.491025641024189,8.95,95192.253,0.0540540540541653,1.0000000000011575
2006-11-03,9.17589576547082,9.389999999998471,9.17589576547082,9.39,48075.217599999996,0.023333333333439652,1.000000000002473
2006-11-06,9.86999999999847,9.86999999999847,9.701674418603146,9.87,59479.2555,0.017054263565991205,9.08621984867842e-12
2006-11-07,10.344013050569275,10.35931484502278,9.379999999998471,9.38,207747.9068,0.09467455621310514,-0.9843749999974332
2006-11-08,9.203203732502457,9.84528771383984,8.897449455675133,9.83,134465.5103,0.102990033222689,0.661290322581559
2006-11-09,9.86768867924373,10.326650943394602,9.577012578614845,9.73,151204.73880000002,0.07596899224815579,-0.18367346938546752
2006-11-10,9.478274760381872,9.906325878592668,9.325399361020875,9.57,66590.06139999999,0.061290322580744315,0.1578947368444661
2006-11-13,9.512941176468988,9.635294117645438,9.09999999999847,9.1,52536.12,0.05627009646312164,-0.771428571424273
2006-11-14,8.795262267341995,9.131776649744646,8.6423011844317,9.04,51982.4688,0.055652173913150874,0.5000000000021068
2006-11-15,8.990082644626613,9.494628099171985,8.913636363634891,9.25,42615.6555,0.06462585034024004,0.44736842105449454
2006-11-16,9.081152542371342,9.264610169489954,9.004711864405252,9.02,34122.65,0.02861952861963563,-0.23529411764027156
2006-11-17,9.00425287356174,9.447586206895,8.86666666666521,9.31,43404.039000000004,0.06451612903236194,0.5263157894754114
2006-11-20,9.265204081631078,9.3263605442161,8.852397959182168,8.99,32075.399999999998,0.05115511551165352,-0.5806451612858724
2006-11-21,8.747655172412284,9.05351724137775,8.747655172412284,8.87,41887.774,0.034965034965145414,0.4000000000036927
2006-11-22,8.793534482757105,8.992344827584656,8.640603448274373,8.87,30794.172,0.040000000000109066,0.21739130435155385
2006-11-23,8.8893996569453,9.011801029157974,8.812898799312382,8.92,25442.12,0.022375215146409447,0.15384615385307804
2006-11-24,8.896693944352062,9.355286415710415,8.820261865792336,9.34,64778.6477,0.060137457044779144,0.8285714285727382
2006-11-27,9.375885245900102,9.55942622950663,9.29940983606405,9.33,37504.325,0.02773246329537284,-0.17647058822873293
2006-11-28,9.342961165047031,9.52645631067807,9.235922330095592,9.45,41854.4208,0.031096563011560344,0.3684210526355745
2006-11-29,9.329984051035195,9.804130781497639,9.177033492821504,9.59,59203.4718,0.06721311475419818,0.414634146343241
2006-11-30,9.793015873014319,10.007238095236508,9.563492063490546,9.64,52985.456999999995,0.04531250000009749,-0.344827586202671
2006-12-01,9.633495145629508,9.740533980580947,9.404126213590711,9.45,42797.241599999994,0.03492063492073503,-0.5454545454483796
2006-12-04,9.53179902755113,9.623598055103788,9.271701782818594,9.44,90381.9237,0.036918138041834504,-0.26086956521230764
2006-12-05,9.479999999998471,9.64819354838554,9.327096774192043,9.48,66307.20199999999,0.033870967742037496,4.76318468960136e-12
2006-12-06,9.53179902755113,9.57769854132746,9.026904376011503,9.44,55349.9594,0.05778491171759484,-0.16666666666358942
2006-12-07,9.454784053154576,9.454784053154576,9.209999999998471,9.21,52972.32779999999,0.025889967637643375,-0.9999999999896666
2006-12-08,9.110572390570857,9.401010101008518,9.0188552188537,9.08,29520.612000000005,0.04194630872493744,-0.07999999999579055
2006-12-11,8.885882352939722,9.405882352939638,8.885882352939722,9.36,41369.792400000006,0.058519793459658576,0.911764705883542
2006-12-12,9.360590163932892,9.513540983604997,9.085278688523102,9.33,25226.55,0.04575163398702983,-0.07142857142483484
2006-12-13,9.315296052630048,9.376480263156353,9.13174342105113,9.3,19354.16,0.026272577996820413,-0.06249999999349619
2006-12-14,9.331661442004807,9.75999999999847,9.285768025076914,9.76,131313.35139999999,0.05081967213124933,0.9032258064529333
2006-12-15,9.738162939295568,9.738162939295568,9.417124600637473,9.57,89866.30639999999,0.03296703296713221,-0.5238095238031287
2006-12-18,9.570108864695246,10.044027993777599,9.478382581647049,9.83,111554.7773,0.0591054313100025,0.45945945946134853
2006-12-19,9.830755555554099,10.319999999998473,9.677866666665233,10.32,150177.0375,0.06531881804053068,0.761904761905956
2006-12-20,10.352953216372756,10.842309941518883,10.184736842103776,10.46,183416.5836,0.06351550960127195,0.1627906976764982
2006-12-21,10.321748878922225,10.627578475334735,10.214708520177846,10.23,84589.698,0.04000000000009303,-0.22222222221798196
2006-12-22,10.097695852533011,10.357788018431588,9.791705069122921,9.96,72505.9062,0.05606060606069936,-0.24324324324011024
2006-12-25,9.912916030532838,10.172977099235089,9.882320610685515,10.02,52754.2895,0.02932098765441895,0.3684210526355728
2006-12-26,9.946511627905434,10.114837209300758,9.732279069765932,9.87,51516.795000000006,0.03846153846163528,-0.19999999999547557
2006-12-27,9.876070901032515,10.349999999998472,9.646750369274795,10.35,50762.6786,0.0712074303406513,0.673913043479476
2006-12-28,10.724788321166317,10.877781021896222,10.449401459852488,10.48,209023.09199999998,0.039942938659148074,-0.5714285714236624
2006-12-29,10.816411682891403,10.99999999999847,10.525730180805212,11.0,156614.8808,0.04384724186713229,0.3870967741959574
2007-01-04,11.24601398601241,11.552027972026353,10.909398601397074,10.94,200600.18550000002,0.05714285714294089,-0.47619047618735233
2007-01-05,10.72005442176725,11.301170068025673,10.567129251699242,11.24,95304.21599999999,0.06847360912990144,0.7083333333344509
2007-01-08,11.152189119169542,11.809999999998471,11.136891191708404,11.81,107752.36319999999,0.06035665294932967,0.9772727272735481
2007-01-09,12.054702154624582,12.314765525980697,11.825234474016247,12.07,93658.4817,0.04060913705591714,0.03125000000305945
2007-01-10,12.070450669913267,12.605895249693956,11.871571254566154,12.56,87197.6711,0.0608365019012184,0.6666666666678448
2007-01-11,12.400208816703897,13.17999999999847,12.400208816703897,13.18,144821.17199999996,0.06288532675716563,1.000000000000679
2007-01-12,13.381215469611778,13.839999999998469,13.381215469611778,13.84,97413.74750000001,0.034285714285786535,1.000000000001158
2007-01-15,13.839999999998469,13.839999999998469,13.839999999998469,13.84,0.0,7.225433526011838e-14,1.531219595563016
2007-01-16,13.839999999998469,13.839999999998469,13.839999999998469,13.84,0.0,7.225433526011838e-14,1.531219595563016
2007-01-17,13.839999999998469,13.839999999998469,13.839999999998469,13.84,0.0,7.225433526011838e-14,1.531219595563016
2007-01-18,13.839999999998469,13.839999999998469,13.839999999998469,13.84,0.0,7.225433526011838e-14,1.531219595563016
2007-01-19,13.839999999998469,13.839999999998469,13.839999999998469,13.84,0.0,7.225433526011838e-14,1.531219595563016
2007-01-22,13.839999999998469,13.839999999998469,13.839999999998469,13.84,0.0,7.225433526011838e-14,1.531219595563016
2007-01-23,13.839999999998469,13.839999999998469,13.839999999998469,13.84,0.0,7.225433526011838e-14,1.531219595563016
2007-01-24,13.839999999998469,13.839999999998469,13.839999999998469,13.84,0.0,7.225433526011838e-14,1.531219595563016
2007-01-25,13.839999999998469,13.839999999998469,13.839999999998469,13.84,0.0,7.225433526011838e-14,1.531219595563016
2007-01-26,13.839999999998469,13.839999999998469,13.839999999998469,13.84,0.0,7.225433526011838e-14,1.531219595563016
2007-01-29,13.839999999998469,13.839999999998469,13.839999999998469,13.84,0.0,7.225433526011838e-14,1.531219595563016
2007-01-30,13.839999999998469,13.839999999998469,13.839999999998469,13.84,0.0,7.225433526011838e-14,1.531219595563016
2007-01-31,13.839999999998469,13.839999999998469,13.839999999998469,13.84,0.0,7.225433526011838e-14,1.531219595563016
2007-02-01,13.839999999998469,13.839999999998469,13.839999999998469,13.84,0.0,7.225433526011838e-14,1.531219595563016
2007-02-02,13.839999999998469,13.839999999998469,13.839999999998469,13.84,0.0,7.225433526011838e-14,1.531219595563016
2007-02-05,13.839999999998469,13.839999999998469,13.839999999998469,13.84,0.0,7.225433526011838e-14,1.531219595563016
2007-02-06,13.839999999998469,13.839999999998469,13.839999999998469,13.84,0.0,7.225433526011838e-14,1.531219595563016
2007-02-07,13.839999999998469,13.839999999998469,13.839999999998469,13.84,0.0,7.225433526011838e-14,1.531219595563016
2007-02-08,13.839999999998469,13.839999999998469,13.839999999998469,13.84,0.0,7.225433526011838e-14,1.531219595563016
2007-02-09,13.839999999998469,13.839999999998469,13.839999999998469,13.84,0.0,7.225433526011838e-14,1.531219595563016
2007-02-12,13.839999999998469,13.839999999998469,13.839999999998469,13.84,0.0,7.225433526011838e-14,1.531219595563016
2007-02-13,13.839999999998469,13.839999999998469,13.839999999998469,13.84,0.0,7.225433526011838e-14,1.531219595563016
2007-02-14,13.839999999998469,13.839999999998469,13.839999999998469,13.84,0.0,7.225433526011838e-14,1.531219595563016
2007-02-15,13.839999999998469,13.839999999998469,13.839999999998469,13.84,0.0,7.225433526011838e-14,1.531219595563016
2007-02-16,13.839999999998469,13.839999999998469,13.839999999998469,13.84,0.0,7.225433526011838e-14,1.531219595563016
2007-02-26,13.839999999998469,13.839999999998469,13.839999999998469,13.84,0.0,7.225433526011838e-14,1.531219595563016
2007-02-27,13.839999999998469,13.839999999998469,13.839999999998469,13.84,0.0,7.225433526011838e-14,1.531219595563016
2007-02-28,13.839999999998469,13.839999999998469,13.839999999998469,13.84,0.0,7.225433526011838e-14,1.531219595563016
2007-03-01,13.839999999998469,13.839999999998469,13.839999999998469,13.84,0.0,7.225433526011838e-14,1.531219595563016
2007-03-02,13.839999999998469,13.839999999998469,13.839999999998469,13.84,0.0,7.225433526011838e-14,1.531219595563016
2007-03-05,13.839999999998469,13.839999999998469,13.839999999998469,13.84,0.0,7.225433526011838e-14,1.531219595563016
2007-03-06,13.839999999998469,13.839999999998469,13.839999999998469,13.84,0.0,7.225433526011838e-14,1.531219595563016
2007-03-07,13.839999999998469,13.839999999998469,13.839999999998469,13.84,0.0,7.225433526011838e-14,1.531219595563016
2007-03-08,13.839999999998469,13.839999999998469,13.839999999998469,13.84,0.0,7.225433526011838e-14,1.531219595563016
2007-03-09,13.839999999998469,13.839999999998469,13.839999999998469,13.84,0.0,7.225433526011838e-14,1.531219595563016
2007-03-12,13.839999999998469,13.839999999998469,13.839999999998469,13.84,0.0,7.225433526011838e-14,1.531219595563016
2007-03-13,13.839999999998469,13.839999999998469,13.839999999998469,13.84,0.0,7.225433526011838e-14,1.531219595563016
2007-03-14,13.839999999998469,13.839999999998469,13.839999999998469,13.84,0.0,7.225433526011838e-14,1.531219595563016
2007-03-15,13.839999999998469,13.839999999998469,13.839999999998469,13.84,0.0,7.225433526011838e-14,1.531219595563016
2007-03-16,13.839999999998469,13.839999999998469,13.839999999998469,13.84,0.0,7.225433526011838e-14,1.531219595563016
2007-03-19,13.839999999998469,13.839999999998469,13.839999999998469,13.84,0.0,7.225433526011838e-14,1.531219595563016
2007-03-20,13.839999999998469,13.839999999998469,13.839999999998469,13.84,0.0,7.225433526011838e-14,1.531219595563016
2007-03-21,13.839999999998469,13.839999999998469,13.839999999998469,13.84,0.0,7.225433526011838e-14,1.531219595563016
2007-03-22,13.839999999998469,13.839999999998469,13.839999999998469,13.84,0.0,7.225433526011838e-14,1.531219595563016
2007-03-23,13.839999999998469,13.839999999998469,13.839999999998469,13.84,0.0,7.225433526011838e-14,1.531219595563016
2007-03-26,13.839999999998469,13.839999999998469,13.839999999998469,13.84,0.0,7.225433526011838e-14,1.531219595563016
2007-03-27,13.839999999998469,13.839999999998469,13.839999999998469,13.84,0.0,7.225433526011838e-14,1.531219595563016
2007-03-28,13.839999999998469,13.839999999998469,13.839999999998469,13.84,0.0,7.225433526011838e-14,1.531219595563016
2007-03-29,13.839999999998469,13.839999999998469,13.839999999998469,13.84,0.0,7.225433526011838e-14,1.531219595563016
2007-03-30,13.839999999998469,13.839999999998469,13.839999999998469,13.84,0.0,7.225433526011838e-14,1.531219595563016
2007-04-02,13.839999999998469,13.839999999998469,13.839999999998469,13.84,0.0,7.225433526011838e-14,1.531219595563016
2007-04-03,13.839999999998469,13.839999999998469,13.839999999998469,13.84,0.0,7.225433526011838e-14,1.531219595563016
2007-04-04,13.839999999998469,13.839999999998469,13.839999999998469,13.84,0.0,7.225433526011838e-14,1.531219595563016
2007-04-05,13.839999999998469,13.839999999998469,13.839999999998469,13.84,0.0,7.225433526011838e-14,1.531219595563016
2007-04-06,13.839999999998469,13.839999999998469,13.839999999998469,13.84,0.0,7.225433526011838e-14,1.531219595563016
2007-04-09,13.839999999998469,13.839999999998469,13.839999999998469,13.84,0.0,7.225433526011838e-14,1.531219595563016
2007-04-10,13.839999999998469,13.839999999998469,13.839999999998469,13.84,0.0,7.225433526011838e-14,1.531219595563016
2007-04-11,13.839999999998469,13.839999999998469,13.839999999998469,13.84,0.0,7.225433526011838e-14,1.531219595563016
2007-04-12,13.839999999998469,13.839999999998469,13.839999999998469,13.84,0.0,7.225433526011838e-14,1.531219595563016
2007-04-13,13.839999999998469,13.839999999998469,13.839999999998469,13.84,0.0,7.225433526011838e-14,1.531219595563016
2007-04-16,13.839999999998469,13.839999999998469,13.839999999998469,13.84,0.0,7.225433526011838e-14,1.531219595563016
2007-04-17,13.839999999998469,13.839999999998469,13.839999999998469,13.84,0.0,7.225433526011838e-14,1.531219595563016
2007-04-18,13.839999999998469,13.839999999998469,13.839999999998469,13.84,0.0,7.225433526011838e-14,1.531219595563016
2007-04-19,13.839999999998469,13.839999999998469,13.839999999998469,13.84,0.0,7.225433526011838e-14,1.531219595563016
2007-04-20,13.839999999998469,13.839999999998469,13.839999999998469,13.84,0.0,7.225433526011838e-14,1.531219595563016
2007-04-23,13.839999999998469,13.839999999998469,13.839999999998469,13.84,0.0,7.225433526011838e-14,1.531219595563016
2007-04-24,13.839999999998469,13.839999999998469,13.839999999998469,13.84,0.0,7.225433526011838e-14,1.531219595563016
2007-04-25,13.839999999998469,13.839999999998469,13.839999999998469,13.84,0.0,7.225433526011838e-14,1.531219595563016
2007-04-26,13.839999999998469,13.839999999998469,13.839999999998469,13.84,0.0,7.225433526011838e-14,1.531219595563016
2007-04-27,13.839999999998469,13.839999999998469,13.839999999998469,13.84,0.0,7.225433526011838e-14,1.531219595563016
2007-04-30,13.839999999998469,13.839999999998469,13.839999999998469,13.84,0.0,7.225433526011838e-14,1.531219595563016
2007-05-08,13.839999999998469,13.839999999998469,13.839999999998469,13.84,0.0,7.225433526011838e-14,1.531219595563016
2007-05-09,13.839999999998469,13.839999999998469,13.839999999998469,13.84,0.0,7.225433526011838e-14,1.531219595563016
2007-05-10,13.839999999998469,13.839999999998469,13.839999999998469,13.84,0.0,7.225433526011838e-14,1.531219595563016
2007-05-11,13.839999999998469,13.839999999998469,13.839999999998469,13.84,0.0,7.225433526011838e-14,1.531219595563016
2007-05-14,13.839999999998469,13.839999999998469,13.839999999998469,13.84,0.0,7.225433526011838e-14,1.531219595563016
2007-05-15,13.839999999998469,13.839999999998469,13.839999999998469,13.84,0.0,7.225433526011838e-14,1.531219595563016
2007-05-16,13.839999999998469,13.839999999998469,13.839999999998469,13.84,0.0,7.225433526011838e-14,1.531219595563016
2007-05-17,13.839999999998469,13.839999999998469,13.839999999998469,13.84,0.0,7.225433526011838e-14,1.531219595563016
2007-05-18,13.839999999998469,13.839999999998469,13.839999999998469,13.84,0.0,7.225433526011838e-14,1.531219595563016
2007-05-21,13.839999999998469,13.839999999998469,13.839999999998469,13.84,0.0,7.225433526011838e-14,1.531219595563016
2007-05-22,13.839999999998469,13.839999999998469,13.839999999998469,13.84,0.0,7.225433526011838e-14,1.531219595563016
2007-05-23,13.839999999998469,13.839999999998469,13.839999999998469,13.84,0.0,7.225433526011838e-14,1.531219595563016
2007-05-24,13.839999999998469,13.839999999998469,13.839999999998469,13.84,0.0,7.225433526011838e-14,1.531219595563016
2007-05-25,13.839999999998469,13.839999999998469,13.839999999998469,13.84,0.0,7.225433526011838e-14,1.531219595563016
2007-05-28,13.839999999998469,13.839999999998469,13.839999999998469,13.84,0.0,7.225433526011838e-14,1.531219595563016
2007-05-29,13.839999999998469,13.839999999998469,13.839999999998469,13.84,0.0,7.225433526011838e-14,1.531219595563016
2007-05-30,13.839999999998469,13.839999999998469,13.839999999998469,13.84,0.0,7.225433526011838e-14,1.531219595563016
2007-05-31,13.839999999998469,13.839999999998469,13.839999999998469,13.84,0.0,7.225433526011838e-14,1.531219595563016
2007-06-01,13.839999999998469,13.839999999998469,13.839999999998469,13.84,0.0,7.225433526011838e-14,1.531219595563016
2007-06-04,13.839999999998469,13.839999999998469,13.839999999998469,13.84,0.0,7.225433526011838e-14,1.531219595563016
2007-06-05,13.839999999998469,13.839999999998469,13.839999999998469,13.84,0.0,7.225433526011838e-14,1.531219595563016
2007-06-06,13.839999999998469,13.839999999998469,13.839999999998469,13.84,0.0,7.225433526011838e-14,1.531219595563016
2007-06-07,13.839999999998469,13.839999999998469,13.839999999998469,13.84,0.0,7.225433526011838e-14,1.531219595563016
2007-06-08,13.839999999998469,13.839999999998469,13.839999999998469,13.84,0.0,7.225433526011838e-14,1.531219595563016
2007-06-11,13.839999999998469,13.839999999998469,13.839999999998469,13.84,0.0,7.225433526011838e-14,1.531219595563016
2007-06-12,13.839999999998469,13.839999999998469,13.839999999998469,13.84,0.0,7.225433526011838e-14,1.531219595563016
2007-06-13,13.839999999998469,13.839999999998469,13.839999999998469,13.84,0.0,7.225433526011838e-14,1.531219595563016
2007-06-14,13.839999999998469,13.839999999998469,13.839999999998469,13.84,0.0,7.225433526011838e-14,1.531219595563016
2007-06-15,13.839999999998469,13.839999999998469,13.839999999998469,13.84,0.0,7.225433526011838e-14,1.531219595563016
2007-06-18,13.839999999998469,13.839999999998469,13.839999999998469,13.84,0.0,7.225433526011838e-14,1.531219595563016
2007-06-19,13.839999999998469,13.839999999998469,13.839999999998469,13.84,0.0,7.225433526011838e-14,1.531219595563016
2007-06-20,13.839999999998469,13.839999999998469,13.839999999998469,13.84,0.0,7.225433526011838e-14,1.531219595563016
2007-06-21,15.22999999999847,15.22999999999847,15.22999999999847,15.23,567.8196,6.565988181221502e-14,1.531219595563016
2007-06-22,16.759999999998474,16.759999999998474,16.759999999998474,16.76,539.4512000000001,5.966587112172026e-14,1.5276668818842154
2007-06-25,18.44999999999847,18.44999999999847,18.44999999999847,18.45,3604.3722000000002,5.420054200542161e-14,1.5276668818842154
2007-06-26,20.299999999998473,20.299999999998473,20.299999999998473,20.3,3439.584,4.9261083743843646e-14,1.5276668818842154
2007-06-27,22.329999999998467,22.329999999998467,22.329999999998467,22.33,15676.312,4.478280340349413e-14,1.531219595563016
2007-06-28,24.559999999998475,24.559999999998475,24.559999999998475,24.56,55034.24739999999,4.071661237785104e-14,1.524114168205415
2007-06-29,27.029999999998473,27.029999999998473,25.699151103563914,27.03,1623955.5189,0.04923599320886371,1.1478890548549855e-12
2007-07-02,27.344259259257854,29.729999999998473,25.386728395060427,29.73,2618051.4792,0.158836689038062,0.5492957746481132
2007-07-03,30.13049579045697,32.699999999998475,29.74812909260853,32.7,1929416.2924,0.09796954314723803,0.8704663212437456
2007-07-04,34.33360969387609,35.96999999999847,33.64540816326388,35.97,1164130.3968,0.06770601336305598,0.7039473684214083
2007-07-05,39.15701584847162,39.56999999999847,37.18386934673223,39.57,555581.0156,0.060937500000024056,0.1730769230774907
2007-07-06,43.52999999999847,43.52999999999847,41.75576247364576,43.53,752535.3356,0.04075895994380278,8.610272633697289e-13
2007-07-09,47.88999999999847,47.88999999999847,47.874704567229394,47.89,227358.8174,0.00031938677740821604,9.987732317536089e-11
2007-07-10,52.669070063692594,52.669070063692594,43.126242038215196,48.02,5914958.044,0.18118466898956248,-0.48717948717927617
2007-07-11,43.21999999999847,43.21999999999847,43.21999999999847,43.22,184961.7,2.3137436372050258e-14,1.5276668818842154
2007-07-12,38.88999999999847,38.88999999999847,38.88999999999847,38.89,50758.28,2.5713551041399164e-14,1.5276668818842154
2007-07-13,35.01016088666304,42.77999999999847,35.01016088666304,42.78,4737639.7129999995,0.2219309742245743,1.000000000000068
2007-07-16,40.44259038537781,42.063965037741674,38.49999999999847,38.5,2463520.5459000003,0.08812405446295746,-0.5450643776818214
2007-07-17,34.6547580299771,37.698137044966266,34.639464668092735,35.71,1798333.4070000001,0.08826125330982332,0.3450000000003874
2007-07-18,33.74351876978591,35.7014382632277,33.039891451830265,33.82,1358102.1069,0.07887579329105171,0.028735632184469277
2007-07-19,33.652212389379045,35.91608849557363,32.09197345132601,34.57,1325878.4940000002,0.11363636363639,0.24000000000033642
2007-07-20,33.49702300405802,35.026567433467065,32.961682453764865,33.91,1215050.7936000002,0.06164383561646615,0.2000000000006464
2007-07-23,33.59905699056853,37.29999999999847,33.27790077900643,37.3,2112188.8779,0.11970869367321675,0.9201520912549049
2007-07-24,37.46999999999847,40.20760408163102,37.30176734693726,37.47,2497362.175,0.07755102040818783,5.25723576842554e-13
2007-07-25,37.24699431356469,38.21067424857684,35.94679122664354,37.66,1255985.8532,0.060780287474357875,0.18243243243302684
2007-07-26,38.23987538940661,39.754174454827115,36.71028037383035,39.28,1805490.9504,0.07960000000002403,0.34170854271395773
2007-07-27,38.240556660038244,39.23481113319924,38.01111332007802,38.47,1094145.217,0.03200000000002521,0.1875000000010937
2007-07-30,38.466474103584126,39.26180478087493,38.16057768924151,38.39,1178065.488,0.028628230616327535,-0.06944444444299279
2007-07-31,38.390909090907705,42.22999999999847,38.23795726186026,42.23,2091081.1756999998,0.10398406374504321,0.9616858237549298
2007-08-01,44.35034272657866,45.267936024369945,39.76237623762225,40.16,2672317.1254,0.12413793103450252,-0.7611111111106954
2007-08-02,40.15045871559486,42.06238532109937,38.69739449541142,41.68,1701764.4075,0.08380952380954655,0.45454545454577383
2007-08-03,40.930590875091966,41.95538519072394,40.45643231114284,40.9,1153113.8332,0.036621823617362874,-0.020408163264275286
2007-08-06,39.99647509578391,40.22590038314022,36.98335632183766,39.92,1355933.367,0.08107074569791978,-0.023584905659897556
2007-08-07,39.76943907156519,41.29903288201,37.933926499031415,39.54,1238164.5925,0.08461538461540752,-0.06818181818134227
2007-08-08,39.311014711428165,41.29950961901014,38.10262165220528,40.55,1135862.0405000001,0.08132295719846695,0.3875598086127971
2007-08-09,40.68661478599064,41.26785214007622,39.00408560311133,39.31,729234.416,0.05563909774438415,-0.6081081081071654
2007-08-10,38.97188609162035,39.537804374740425,35.637556747831795,37.06,884868.4542,0.10007849293565889,-0.49019607843085417
2007-08-13,35.94117647058666,37.01176470588073,34.70235294117495,34.84,696126.7304,0.06425531914896213,-0.4768211920521122
2007-08-14,34.90621869782826,37.15477879799511,34.90621869782826,36.65,458656.696,0.06441717791413716,0.7755102040819687
2007-08-15,36.70346598202667,37.009328198543564,35.02122379118378,35.74,382153.01730000007,0.05416666666669262,-0.4846153846143691
2007-08-16,35.74295246401938,35.941779328389195,34.41234191015987,35.07,360753.3333,0.04278990158325316,-0.4399999999987166
2007-08-17,35.12055387278083,36.08422760709494,35.105257464299655,35.35,351448.0982,0.02787456445995796,0.23437500000131847
2007-08-20,35.944092827002706,36.40295358649636,35.515822784808634,36.25,435845.607,0.024680851063856885,0.34482758620822906
2007-08-21,36.39700726806173,36.855793073961664,35.326507054295206,35.77,395977.49649999995,0.04201680672271536,-0.409999999998736
2007-08-22,35.16229875518526,37.24236514522667,34.87170124481183,36.86,829701.7860000001,0.06742061765987865,0.7161290322584077
2007-08-23,36.86000835770845,37.47179272879075,36.24822398662615,36.6,541903.4648,0.03319502074691436,-0.21249999999857794
2007-08-24,36.55590717299424,36.98417721518832,36.17352320674953,36.25,501429.66899999994,0.022175732217600087,-0.3773584905636843
2007-08-27,36.24524119947691,36.55110821381848,35.14411994784723,35.19,529826.1891000001,0.03881856540087026,-0.7499999999983811
2007-08-28,35.18185840707809,35.25834070796304,33.95814159291885,34.57,488037.96,0.03695652173915791,-0.4705882352925772
2007-08-29,34.56999999999847,34.56999999999847,34.56999999999847,34.57,0.0,2.892681515765158e-14,1.5276668818842154
2007-08-30,34.64001739886757,35.404697694648306,33.96709873858052,35.16,455781.8078,0.0415011037527869,0.36170212766038307
2007-08-31,35.25116024518235,35.557027145357466,34.25709281961321,34.93,333288.8172,0.03687635574840047,-0.2470588235280476
2007-09-03,34.930604490499356,35.93998272884129,34.48708981001579,35.42,638068.422,0.041593695271481004,0.33684210526397984
2007-09-04,35.63167619885457,35.723431588207845,34.45414870215423,34.76,325896.8302,0.03562231759659356,-0.6867469879500643
2007-09-05,35.1807999999986,38.239999999998474,34.568959999998626,38.24,1409764.5,0.10434782608698183,0.8333333333335231
2007-09-06,39.07756363636222,42.059999999998475,38.404603636362246,42.06,2340034.9499999997,0.09354207436401529,0.8158995815901529
2007-09-07,42.366421052630095,46.03715789473523,42.13699999999853,43.59,3040663.8600000003,0.0920577617328733,0.31372549019639073
2007-09-10,43.73799621928002,43.73799621928002,39.22655954631232,40.45,1295103.8835,0.10314685314687372,-0.7288135593215345
2007-09-11,39.769166666665015,41.298749999998286,36.70999999999847,36.71,1167414.0,0.1153846153846377,-0.6666666666661885
2007-09-12,36.705882352939604,37.39411764705722,34.25882352941029,35.62,785893.8007,0.08541666666669169,-0.3463414634140372
2007-09-13,35.6488642078778,37.46877619446616,34.86890192791137,36.49,670807.4366,0.07293007293009887,0.3235294117651714
2007-09-14,36.525136741972396,39.73714625445741,34.99560840269382,38.59,1071135.3609,0.12981574539365873,0.43548387096797236
2007-09-17,37.60473153007519,39.76100121114091,37.161243439643236,37.88,674604.2620999999,0.0691337942253195,0.10588235294172342
2007-09-18,37.13117161716019,37.926402640262474,35.953617986797205,37.07,595566.3768,0.053130148270206796,-0.031007751937197032
2007-09-19,36.78175042589281,36.78175042589281,35.802942930151794,35.91,343285.818,0.026611226611253116,-0.8906249999975276
2007-09-20,35.942910915933254,38.02301129234471,35.942910915933254,36.57,351333.3009,0.05787234042555818,0.30147058823588335
2007-09-21,37.47488292890433,37.47488292890433,35.48641975308492,35.93,315248.4846,0.053061224489821146,-0.7769230769219209
2007-09-24,36.5535497835482,36.5535497835482,35.024112554111035,35.33,308472.78,0.04184100418412666,-0.7999999999984762
2007-09-25,35.65295131408722,35.76001723394934,35.117621714776604,35.5,256838.14640000003,0.01801801801804541,-0.2380952380924878
2007-09-26,35.25122414520746,37.31582946390724,35.25122414520746,36.23,589508.1194,0.05856832971803096,0.47407407407458524
2007-09-27,35.64059278350363,36.37481958762731,35.18170103092633,35.61,276962.16000000003,0.033476394849812546,-0.025641025639726193
2007-09-28,35.739999999998474,36.244672657251336,35.32708600770067,35.74,276148.56690000003,0.025673940949962993,1.6648747915312836e-12
2007-10-08,36.476470588233724,36.70588235293959,35.20705882352789,35.36,252571.43440000003,0.04109014675055044,-0.7448979591821604
2007-10-09,35.19065297741129,37.91291991786292,35.19065297741129,37.24,770631.235,0.07735767057803573,0.7528089887643298
2007-10-10,37.308388725282406,37.75198990323779,35.946992006729666,36.36,480451.6004,0.04838048380486352,-0.5254237288124235
2007-10-11,36.420650095600905,39.99999999999847,35.97705544932941,40.0,1342765.1054999998,0.11045779084420745,0.8897338403043413
2007-10-12,40.7619094488173,42.50557086614006,37.16751968503792,38.85,1737857.078,0.13095684803003987,-0.3581661891113956
2007-10-15,38.250015570259315,41.446438302839965,36.705332814323214,39.29,1000901.6675000001,0.12395041983209015,0.219354838709953
2007-10-16,38.69641342074668,40.53181642884533,37.80930196683232,39.66,796797.0061,0.07035573122532052,0.35393258427009167
2007-10-17,39.74880867849942,40.45232741617198,38.158244575935385,38.77,461980.935,0.05771450557909263,-0.42666666666581404
2007-10-18,38.62330651989676,38.77627011007457,36.09940728196291,36.13,404160.1666,0.06930693069309347,-0.9314285714276509
2007-10-19,35.194661815066986,36.70890410958747,35.194661815066986,35.73,296596.08,0.04302477183835842,0.35353535353612764
2007-10-22,35.78946428571269,35.78946428571269,34.122348214284195,34.26,236464.92799999996,0.046581196581223165,-0.9174311926590859
2007-10-23,34.18235294117498,36.04823529411608,34.18235294117498,35.1,203975.2395,0.054586129753942766,0.49180327868907925
2007-10-24,35.46467191600895,35.98463692038339,34.40944881889614,34.96,221111.9784,0.044415696420898126,-0.3203883495133911
2007-10-25,34.44685436893037,35.18106796116334,31.479407766988764,31.51,282527.146,0.10746003552400463,-0.793388429751438
2007-10-26,30.639451710260037,31.32780684104471,28.452012072433185,30.41,251444.228,0.09385921118325466,-0.07978723404199652
2007-10-29,30.404097763908975,30.648798751948483,28.599427977117596,29.41,220341.9552,0.06740442655938683,-0.4850746268646885
2007-10-30,29.441751269034043,30.588832487308096,29.441751269034043,30.13,163036.41199999998,0.03896103896107159,0.6000000000008056
2007-10-31,30.499883608145954,31.53999999999847,29.979825412219693,31.54,246209.3984,0.0511534603811745,0.6666666666672177
2007-11-01,31.93967806840886,31.93967806840886,30.287625754525646,30.41,164183.94999999998,0.05172413793106408,-0.9259259259244431
2007-11-02,29.819905213268576,29.819905213268576,28.596524486570377,29.04,189508.42619999996,0.04102564102567323,-0.6374999999982326
2007-11-05,28.733426077467065,28.748717948716386,26.760774686305144,28.03,175509.74999999997,0.06918573709423156,-0.35384615384520657
2007-11-06,26.776029735681348,28.90159691629797,26.776029735681348,27.77,114035.3568,0.07938320959455171,0.4676258992810738
2007-11-07,27.545873278235405,28.448264462808357,27.041146005508157,27.76,142989.33,0.051082731815692485,0.15217391304445238
2007-11-08,27.774117647057192,28.064705882351294,25.999999999998472,26.0,110583.29999999999,0.07433920704849156,-0.8592592592581025
2007-11-09,25.694743508548086,25.93945535148664,23.82881570614162,24.15,153412.0083,0.08214285714289285,-0.7318840579699433
2007-11-12,23.870422535209666,23.870422535209666,22.004828973841583,22.8,205587.2805,0.07815502882771316,-0.5737704918021512
2007-11-13,22.801835157757708,24.69816484223923,22.801835157757708,23.75,186562.2006,0.08316566063048939,0.5000000000005438
2007-11-14,24.010611735329338,24.499999999998472,23.521223470660207,24.5,140212.3266,0.040764331210231014,0.5000000000010518
2007-11-15,24.61928251120919,24.61928251120919,23.77825112107471,23.87,116053.4816,0.03416149068326917,-0.8909090909062132
2007-11-16,23.858823529410376,26.259999999998477,23.7058823529398,26.26,194636.02940000003,0.10705128205131964,0.9401197604792715
2007-11-19,28.889999999998473,28.889999999998473,28.889999999998473,28.89,75414.3581,3.4614053305642725e-14,1.5276668818842154
2007-11-20,30.064796828541624,31.777542120910223,29.055500495538702,30.86,1068678.314,0.09053916581895194,0.2921348314611277
2007-11-21,29.82916053019,32.659106529208024,28.75837015218318,31.16,859368.7452,0.1307692307692599,0.3411764705885388
2007-11-22,30.26644256220062,31.964055055583273,28.064134462677185,28.89,452090.7809,0.1288529560384319,-0.35294117647010553
2007-11-23,28.582385224272905,30.478701846964093,28.291820580473445,28.98,300986.64,0.07651150347782784,0.1818181818187953
2007-11-26,28.998249594812048,30.08415451107347,28.14176121015515,28.31,224883.9132,0.06698312236290155,-0.35433070866044747
2007-11-27,27.550154285712715,27.99377142856983,26.081628571427082,26.77,225233.05,0.06940588561913426,-0.4079999999989888
2007-11-28,26.61070129869992,29.439999999998477,26.136602597401243,29.44,594948.97,0.12413793103451579,0.856481481481684
2007-11-29,29.288817148758817,30.4053099173538,27.988791322312608,29.61,543637.7056,0.0825065274151748,0.13291139240564162
2007-11-30,28.748794858059522,30.018023567218528,28.519416175681382,28.55,282231.96290000004,0.05212765957450107,-0.1326530612233814
2007-12-03,27.54702407002038,28.556520787744613,27.531728665206373,27.96,155413.2696,0.03720155469187294,0.40298507462795846
2007-12-04,28.00352941176321,28.737647058821995,27.95764705882204,28.6,134129.49,0.027853631895173862,0.7647058823539239
2007-12-05,28.489447396385312,29.40698193411109,27.95421891604528,28.78,165701.0664,0.050993022007548044,0.2000000000009134
2007-12-06,28.80265054294033,31.617142152022133,28.297877591311536,30.99,601033.5652000001,0.1152416356877631,0.6589861751154705
2007-12-07,30.28119402984924,31.871721393033237,29.89885572139155,30.74,458298.49199999997,0.0651515151515459,0.23255813953554122
2007-12-10,30.438728606355482,31.815354523225835,29.85748655256578,31.28,387616.25299999997,0.06432160804023185,0.42968750000056033
2007-12-11,31.295692307690857,34.26312354312195,31.295692307690857,32.81,731352.5505,0.09481915933531714,0.5103092783508578
2007-12-12,32.58169601482704,33.881904541240324,32.12279888785765,33.01,463100.97339999996,0.05399061032866739,0.24347826087029406
2007-12-13,32.897647058821924,33.64705882352777,31.123529411763187,31.2,376540.95599999995,0.0767085076708789,-0.6727272727264025
2007-12-14,30.756470588233924,34.31999999999847,29.823529411763378,34.32,836138.1864,0.14619592242668122,0.7925170068028847
2007-12-17,34.86715079025908,36.68697137975067,34.31661683041289,35.8,1279745.5742000001,0.06798245614037746,0.3935483870972535
2007-12-18,35.64003458711477,36.3742498919137,34.4316385646332,35.38,490809.81059999997,0.054506437768266816,-0.13385826771568352
2007-12-19,35.40875527426011,36.40295358649636,34.82753164556816,36.25,548369.652,0.04449244060477855,0.5339805825249047
2007-12-20,36.53645965356838,37.316434305025886,35.7870722433445,36.2,460895.37570000003,0.04185851820848167,-0.21999999999885586
2007-12-21,35.9452958705817,36.69479352915979,35.40994040016878,35.93,449278.19639999996,0.035744680851090775,-0.011904761903566883
2007-12-24,36.18358381502741,38.00346820809092,35.95418662262445,37.04,796419.4784,0.05663567202031353,0.41791044776173375
2007-12-25,37.47479166666511,37.47479166666511,36.09816666666517,36.71,399407.76,0.036734693877576656,-0.5555555555540462
2007-12-26,36.704714640197,37.438808933000935,36.39884201819535,36.98,391660.8696,0.02833333333335982,0.26470588235415055
2007-12-27,37.16353182751388,38.00468172484444,36.78119096509089,37.24,489791.2405000001,0.032921810699614557,0.06250000000119679
2007-12-28,37.25999999999847,37.93300492610682,36.21990147783103,37.26,566940.024,0.04597701149427839,8.917540172024616e-13
2008-01-02,37.30521548283969,39.11005985634321,36.402793296087935,38.33,814112.943,0.07257072570728189,0.3785310734467525
2008-01-03,38.509412698411175,39.457619047617484,38.09648412698262,38.54,562015.944,0.0353455123113833,0.02247191011346228
2008-01-04,38.38883064515974,38.541774193546836,37.57822983870816,37.93,458043.3520000001,0.02509960159365099,-0.4761904761883937
2008-01-07,37.56235294117495,38.6788235294102,37.40941176470437,37.7,403625.01599999995,0.03379478827364131,0.10843373494087813
2008-01-08,37.68989264413369,39.28069980119128,37.30748707753331,38.47,726790.4844999999,0.05235389610392124,0.39534883720987546
2008-01-09,38.23586744639228,39.3982378167626,37.62409356725,39.23,699221.052,0.046400000000024956,0.5603448275867481
2008-01-10,39.2730225563895,41.71993984962249,38.99774436090079,40.68,1186561.628,0.069314641744572,0.5168539325846422
2008-01-11,40.68235294117492,41.26352941176314,39.71882352941025,40.04,497948.05059999996,0.03796992481205382,-0.4158415841571576
2008-01-14,40.2218268525297,42.011162876007255,40.19123991195744,41.69,855220.6198,0.045247148288996945,0.8067226890760313
2008-01-15,42.2105499438817,42.2105499438817,40.51295173961689,40.88,570593.8161,0.04021739130437072,-0.7837837837824189
2008-01-16,40.22111024237529,40.802251759185275,39.01294761532295,39.12,510295.42,0.04448669201523292,-0.61538461538342
2008-01-17,39.096149999998374,39.539729166665026,35.94520833333184,36.71,435568.07999999996,0.0919405320814004,-0.6638297872334328
2008-01-18,36.75638219681353,37.704736627193235,36.098652511227606,37.46,252759.8206,0.043695380774058316,0.4380952380959152
2008-01-21,37.46062962962809,37.87362962962808,35.150888888887444,37.17,332243.93700000003,0.07268272764396118,-0.10674157303310582
2008-01-22,37.169999999998474,37.169999999998474,37.169999999998474,37.17,0.0,2.6903416733925586e-14,1.5276668818842154
2008-01-23,35.1811538461525,40.22888461538307,35.1811538461525,39.77,1267213.48,0.14347826086958956,0.9090909090910316
2008-01-24,40.53174010455413,42.06123973114108,39.935235250185215,40.96,1661596.9682000002,0.052452830188702754,0.2014388489214847
2008-01-25,41.30035335688884,41.361539065565715,38.24106792304522,38.96,637739.2548,0.07555555555557801,-0.7499999999992695
2008-01-28,38.21111692844511,38.85357766142937,35.059999999998475,35.06,373764.46200000006,0.09927942353885452,-0.8306451612897017
2008-01-29,34.39589035087568,36.399385964910685,33.6464912280687,34.87,246411.456,0.08003557136507798,0.17222222222271497
2008-01-30,34.94884700665034,35.92772062084098,33.64878048780339,34.49,180098.50650000002,0.06520787746173334,-0.2013422818784369
2008-01-31,33.666151589240414,34.507422982883405,31.218816625915352,31.28,255168.147,0.09768287142210762,-0.7255813953481534
2008-02-01,30.60860841423784,31.205177993525826,28.161143473569144,28.36,306597.834,0.099450274862598,-0.7386934673359419
2008-02-04,28.757822461989765,31.189999999998474,28.757822461989765,31.19,192407.1765,0.08457446808513823,1.000000000000217
2008-02-05,32.1076698564578,32.81131578947212,30.59330143540524,31.97,237689.63899999997,0.06908051453075784,-0.062068965516525576
2008-02-13,32.31891732283305,32.334212598423605,30.69761811023471,31.08,109385.8112,0.05063890203505063,-0.7570093457929951
2008-02-14,31.350585937498472,31.916425781248446,30.7541601562485,31.32,99415.4496,0.03707317073173814,-0.026315789472348146
2008-02-15,31.15112056027859,31.15112056027859,29.68302651325515,30.57,134885.1237,0.047128129602386985,-0.39583333333202647
2008-02-18,30.743994280265465,32.089999999998476,30.743994280265465,32.09,213419.2598,0.04378109452739414,1.000000000000392
2008-02-19,32.57351274787382,32.84878186968684,31.854754485362047,32.39,244283.1306,0.0305164319249125,-0.1846153846136637
2008-02-20,32.45292601431826,32.88114558472397,31.887064439139294,32.04,216829.567,0.030631479736127724,-0.4153846153826604
2008-02-21,32.05469230769077,32.05469230769077,30.815937499998515,31.81,155902.864,0.03864503816796917,-0.1975308641961407
2008-02-22,31.504060150374368,31.748751879697664,29.898270676690238,30.51,166297.8135,0.05873786407769978,-0.5371900826435144
2008-02-25,30.513653433474758,30.8960300429168,28.509999999998474,28.51,129709.4224,0.07819548872183466,-0.8397435897425969
2008-02-26,28.91063602351529,29.889620523782476,27.885761624798086,28.62,115880.9463,0.06931216931220141,-0.14503816793809554
2008-02-27,28.614726804122245,29.822938144328365,28.614726804122245,29.67,101876.38399999999,0.04222340994124125,0.8734177215195268
2008-02-28,30.266458762885044,30.266458762885044,28.752371134019143,29.67,101527.18399999998,0.050025265285529114,-0.3939393939381266
2008-02-29,29.064549180326384,30.24242827868698,29.064549180326384,29.86,127106.0416,0.04052631578950668,0.6753246753253964
2008-03-03,29.71966464834515,32.839999999998476,29.06194690265352,32.84,481659.91229999997,0.12712300566137774,0.825910931174275
2008-03-04,33.039407955595145,35.02789084181152,32.580527289545216,33.07,629171.4032000001,0.07407407407410198,0.012500000000618629
2008-03-05,32.580527289545216,34.26308973172829,31.739246068453667,33.07,277111.32320000004,0.07746478873242256,0.19393939393992066
2008-03-06,32.65470505617825,33.49592696629057,32.04290730336929,32.67,249580.7064,0.044496487119467125,0.01052631579051699
2008-03-07,32.49819711538306,32.49819711538306,31.657067307690784,31.81,115901.552,0.025882352941206607,-0.8181818181790285
2008-03-10,31.046469135800937,31.81116049382559,30.35824691357875,30.97,109206.0225,0.04679802955668088,-0.052631578946280996
2008-03-11,30.286343612333326,31.341776798823727,28.894395496816994,31.25,129329.05050000001,0.08080808080811114,0.3937500000004615
2008-03-12,31.491798201796634,32.88361638361475,30.619999999998477,30.62,119986.0662,0.07187955318118547,-0.38513513513429054
2008-03-13,29.66824254881656,30.738746145938816,29.08711202466449,29.76,94086.7648,0.05567010309281544,0.055555555556450205
2008-03-14,29.76293401015078,30.359416243653286,29.08997969543,30.13,77849.86899999999,0.04265159301133741,0.28915662650699564
2008-03-17,30.163925549913696,30.163925549913696,27.119999999998473,27.12,87016.88970000001,0.10091277890469502,-0.9999999999991696
2008-03-18,27.117124060148676,27.178302005010828,24.40999999999847,24.41,131960.472,0.10208685843206926,-0.9779005524852813
2008-03-19,24.620143027412123,25.843504171631356,24.467222884384718,25.66,116627.712,0.055900621118050664,0.7555555555561173
2008-03-20,25.62108013937134,27.15069686410993,23.479616724737316,26.34,137896.03799999997,0.1432835820895858,0.1958333333336948
2008-03-21,26.2276724137916,27.191137931032927,25.692413793101977,26.61,105168.732,0.05714285714289314,0.2551020408171746
2008-03-24,27.14582098399365,27.298755186720378,25.799999999998477,25.8,90138.09700000001,0.055211267605668544,-0.8979591836718522
2008-03-25,25.388822115383093,25.985306490383053,24.471153846152376,25.45,69099.4304,0.059638554216904456,0.04040404040502139
2008-03-26,25.3893753648555,26.980035026268133,25.2364273204889,26.2,96016.3908,0.06867469879521741,0.46491228070236096
2008-03-27,26.152312499998366,26.152312499998366,24.46999999999847,24.47,73550.56,0.06432748538015276,-0.9999999999984974
2008-03-28,24.19358974358827,25.15705128204975,22.863095238093845,25.05,96389.42039999999,0.09481668773707919,0.3733333333338361
2008-03-31,24.135905006416934,25.007734274709563,23.18759948651969,23.83,47530.5292,0.07541191381499403,-0.16806722688982317
2008-04-01,24.501845280338927,24.501845280338927,21.442938254079387,21.55,83172.0019,0.12484394506869984,-0.9649999999991843
2008-04-02,21.54877125193033,22.282867078823624,19.667650695516254,19.79,72480.4338,0.12136266855930261,-0.6725146198822
2008-04-03,19.80989465763583,20.59005267117979,18.876764484573446,20.33,73278.5349,0.08648648648653276,0.3035714285721431
2008-04-07,19.88235294117511,22.359999999998468,19.2705882352928,22.36,161414.1568,0.1553846153846578,0.8019801980200377
2008-04-08,22.878826666665145,24.010533333331733,22.19062666666519,22.94,225713.1,0.0795454545454947,0.033613445378972144
2008-04-09,22.79070422535051,23.63197183098425,21.505859154928064,21.72,112972.786,0.09328859060406645,-0.5035971223012043
2008-04-10,20.662352941175055,22.48235294117493,20.662352941175055,22.36,69089.734,0.08808290155444833,0.9327731092440262
2008-04-11,22.410540540539028,23.221297297295727,22.39524324324173,22.64,52451.051999999996,0.03686006825942862,0.2777777777792923
2008-04-14,22.62254200145927,22.62254200145927,20.802337472606226,20.94,57339.195999999996,0.08045977011498313,-0.924369747897812
2008-04-15,21.363058419242517,22.402920962197772,20.797250859105098,22.25,49278.522000000004,0.07516105941307126,0.5523809523815612
2008-04-16,22.113514644349923,22.77110878660929,21.562970711295566,21.93,55480.3128,0.05463347164596253,-0.15189873417582447
2008-04-17,21.71764705882197,22.788235294116014,20.891764705880856,21.32,48025.1122,0.08732394366201383,-0.20967741935392126
2008-04-18,21.25945736433944,21.25945736433944,19.729999999998473,19.73,47363.64,0.07194244604320914,-0.9999999999983473
2008-04-21,20.983529411763104,21.56470588235129,19.729411764704373,20.02,61512.1353,0.08746355685135539,-0.524999999998882
2008-04-22,20.00710280373676,20.00710280373676,18.263364485979885,19.64,37613.6244,0.08715596330279803,-0.21052631578847567
2008-04-23,19.72657185628595,20.64408682634576,19.39014970059735,20.43,55373.59279999999,0.06356589147291562,0.5609756097568686
2008-04-24,22.29648979591685,22.479999999998473,21.63891156462438,22.48,219534.504,0.03772290809332166,0.21818181818337584
2008-04-25,22.94352159468286,23.7388970099652,22.178737541526765,23.02,204452.8955,0.06800000000004067,0.04901960784408657
2008-04-28,22.76268714011371,24.307735124758523,21.844836852205894,23.91,208108.76100000003,0.10819892473122211,0.46583850931720083
2008-04-29,23.449954838708166,24.23009032257908,23.373470967740428,23.71,179866.34,0.036529680365337824,0.30357142857285974
2008-04-30,24.46878980891564,24.774649681527087,23.78060509553989,24.01,223252.11599999998,0.04062500000003918,-0.4615384615364599
2008-05-05,24.199949968728944,24.62826766729052,23.86341463414485,24.46,194793.37800000003,0.03160556257905399,0.3400000000015543
2008-05-06,24.421050583656,24.421050583656,23.060077821010175,23.58,165839.4786,0.055729492799036794,-0.6179775280883092
2008-05-07,23.53647969052073,25.019935525465826,23.077678916826365,23.72,292464.1599,0.08252111760887584,0.09448818897711497
2008-05-08,23.30538754764782,24.16175349428055,22.84662007623743,24.07,131702.5612,0.05643044619426635,0.5813953488379306
2008-05-09,24.04125666864114,26.2282157676333,23.521280379370275,25.8,622312.7064,0.11259541984736507,0.649717514124618
2008-05-12,25.084545454544028,28.021272727271135,24.79393181818041,26.92,486959.08800000005,0.12865853658540055,0.5687203791472184
2008-05-13,25.996424314658764,26.91394517282319,24.925983313466933,25.66,303213.4254,0.07647058823532962,-0.1692307692299166
2008-05-14,25.04774999999851,26.026416666665117,25.04774999999851,25.69,209206.53600000002,0.039072039072077444,0.6562500000008937
2008-05-15,25.965249999998456,26.45458333333176,25.506499999998482,25.69,178094.952,0.036513545347504825,-0.29032258064324123
2008-05-16,25.558303293969825,26.154816656306643,24.288800497201724,24.61,171684.1616,0.07301017354880951,-0.5081967213103846
2008-05-19,24.46940063091328,24.46940063091328,23.628264984225638,24.24,101748.5995,0.034375000000039437,-0.27272727272513037
2008-05-20,23.78048365122454,24.743937329698586,22.174727520434455,22.45,96078.69159999999,0.10803858520904074,-0.5178571428563468
2008-05-21,22.47051299133761,23.250632911390856,21.262091938706114,22.96,128879.46239999999,0.08849557522127942,0.24615384615449215
2008-05-22,22.936943111718783,23.013399588757846,22.034756682657843,22.31,110282.0166,0.042666666666708465,-0.640624999997782
2008-05-23,22.3099017543844,22.860385964910677,21.530049122805508,21.79,77716.36499999999,0.05962988348187898,-0.39080459769970655
2008-05-26,21.29476744185892,21.7231104651147,20.98880813953336,21.05,66919.69600000001,0.03448275862073487,-0.33333333333079895
2008-05-27,20.969395683451733,21.56589928057399,20.969395683451733,21.26,54334.127,0.028446389496763976,0.4871794871812315
2008-05-28,21.453687457160967,22.55466072652347,21.254900616859405,22.31,80264.8424,0.060584461867470706,0.6588235294124355
2008-05-29,22.255381325728994,22.255381325728994,21.41411261582171,21.46,51887.9908,0.03780068728526665,-0.9454545454516045
2008-05-30,21.351164095370173,22.024123422158343,21.351164095370173,21.81,39145.839,0.031518624641879114,0.681818181819439
2008-06-02,21.814639889195163,22.763102493073216,21.707555401660546,22.09,64353.1596,0.04838709677423722,0.2608695652185948
2008-06-03,22.141747572814,22.661650485435324,21.53009708737715,22.05,65524.19159999999,0.051104972375733436,-0.08108108107965986
2008-06-04,21.903549295773107,22.2400563380266,21.47526760563229,21.72,55977.81999999999,0.03491620111736246,-0.23999999999769037
2008-06-05,22.02874743326338,23.267864476384446,21.615708418889692,22.35,163793.0022,0.075000000000042,0.19444444444525313
2008-06-06,22.181189488241895,22.869571230980437,21.99762102351162,22.12,162144.4626,0.03931034482762943,-0.07017543859465374
2008-06-10,23.24424890006139,24.329999999998467,22.709019484599448,24.33,933318.784,0.06973684210530323,0.6698113207552475
2008-06-11,24.329999999998467,24.329999999998467,24.329999999998467,24.33,0.0,4.1101520756268884e-14,1.531219595563016
2008-06-12,24.329999999998467,24.329999999998467,24.329999999998467,24.33,0.0,4.1101520756268884e-14,1.531219595563016
2008-06-13,23.861842105261587,23.968914473682634,21.90394736841961,23.25,734829.864,0.08653846153849985,-0.2962962962954116
2008-06-16,23.09299684542441,25.570523659304378,21.42601892744344,24.24,670652.6495,0.17947019867553227,0.27675276752797745
2008-06-17,24.471171729694706,25.832380657158975,23.782920024797043,24.67,1013555.0031999999,0.08375000000003745,0.09701492537383147
2008-06-18,24.77532934131588,26.151736526944546,22.206035928142384,25.54,979128.8489999999,0.15925925925929332,0.19379844961274126
2008-06-19,24.534903526279138,24.932601463737527,22.989999999998467,22.99,425133.3195,0.07917705735664604,-0.795275590549984
2008-06-20,21.108225108223586,23.983838383836652,20.97056277056126,21.2,381089.1546,0.1427536231884463,0.030456852792375335
2008-06-23,21.195685645547616,21.195685645547616,19.069999999998473,19.07,315167.6529,0.10028860028864256,-0.9999999999988108
2008-06-24,18.964705882351453,19.867058823527852,18.444705882351496,19.5,189691.8225,0.07500000000004865,0.37634408602231745
2008-06-25,19.145547445254078,21.17937956204225,19.11496350364824,20.95,294859.346,0.10782747603838523,0.874074074074391
2008-06-26,20.680592592591058,21.231259259257687,20.206407407405912,20.65,268794.72000000003,0.0495562130177974,-0.029850746267133705
2008-06-27,19.887278582929156,19.94847020933817,18.586956521737637,19.0,156516.4674,0.06846153846158516,-0.6516853932568263
2008-06-30,18.57836653386306,19.61814342629326,18.57836653386306,19.19,100715.005,0.055967078189351295,0.5882352941185527
2008-07-01,19.271803278686946,19.562409836063967,18.65999999999847,18.66,55404.835999999996,0.0468253968254462,-0.6779661016924711
2008-07-02,18.62706840390728,19.208208469053815,18.62706840390728,18.78,65596.56719999999,0.031198686371152296,0.2631578947390174
2008-07-03,18.624850393699322,19.572913385825235,17.737952755904118,19.42,186179.079,0.09852216748773321,0.43333333333393026
2008-07-04,18.93468217054117,20.035891472866666,18.674674418603207,19.73,147543.492,0.07189014539584865,0.5842696629220424
2008-07-07,19.729977628633875,20.724123788216204,19.729977628633875,20.51,188781.6888,0.05038759689927301,0.7846153846161343
2008-07-08,20.46640819312213,21.139444038037954,20.00752011704316,20.91,202435.20239999998,0.05530642750378296,0.39189189189289814
2008-07-09,21.135321554768826,21.869399293284673,20.798869257949057,21.64,318527.82,0.050651230101347464,0.471428571429558
2008-07-10,21.516373056993228,21.562250185046516,20.659999999998472,20.66,167392.5477,0.04193319118696694,-0.9491525423701389
2008-07-11,20.492932330825525,21.08936842105104,20.04942857142706,20.34,111221.78200000002,0.050746268656762676,-0.14705882352779823
2008-07-14,20.175265917601486,20.557662921346775,19.961123595504127,20.42,124360.59,0.02956785443522611,0.4102564102582901
2008-07-15,20.727837837836237,20.834918918917307,19.442864864863363,19.81,125900.93599999999,0.06715867158676073,-0.6593406593390889
2008-07-16,19.65048701298542,19.757532467530865,18.365941558440067,18.84,86931.0288,0.07081712062261548,-0.582417582416065
2008-07-17,18.96052416052261,19.847387387385762,18.501801801800287,18.67,92713.5825,0.07096774193553286,-0.21590909090779445
2008-07-18,19.106377151798196,19.5805946791847,18.58626760563235,19.55,99650.5164,0.05204163330669495,0.44615384615493286
2008-07-21,19.550988679243808,20.315894339621106,19.15323773584761,20.27,146196.6575,0.05946791862289622,0.6184210526323628
2008-07-22,20.20062125748352,20.751130239519405,20.17003742514819,20.43,120568.9232,0.028766086298306973,0.3947368421072133
2008-07-23,20.53881203007364,21.028195488720222,20.187067669171412,20.34,119407.40000000001,0.04095309009684494,-0.2363636363615324
2008-07-24,20.620806561857783,22.37999999999847,20.620806561857783,22.38,717457.1019,0.08531157270034119,1.0000000000003
2008-07-25,21.62703678001238,22.72827203330862,21.259958362246962,22.04,513903.54180000006,0.06789250353611087,0.28125000000084993
2008-07-28,21.713543859647597,22.3099017543844,21.698252631577425,21.79,220785.9375,0.028169014084551747,0.1250000000022976
2008-07-29,21.46005843681363,21.521241782321294,20.78704163622931,20.94,173655.8703,0.03421240199576836,-0.7083333333302892
2008-07-30,21.408759124086032,21.408759124086032,20.567700729925505,20.95,89480.454,0.03928571428575935,-0.5454545454520809
2008-07-31,20.956483516481978,21.262417582416024,20.650549450547935,20.88,84773.052,0.029197080292017237,-0.124999999997291
2008-08-01,20.509985454543965,21.22882909090755,20.34174545454398,21.03,91477.2375,0.04325130499631801,0.5862068965527868
2008-08-04,21.04587050359561,22.147107913667472,20.770561151077644,21.26,244134.318,0.06540697674423046,0.1555555555565545
2008-08-05,21.262656249998336,21.537999999998313,19.42703124999848,19.58,137385.98400000003,0.0992805755396107,-0.79710144927426
2008-08-06,19.702374999998458,19.88593749999844,18.67748437499854,19.58,93730.944,0.061335403726755576,-0.10126582278345997
2008-08-07,19.270588235292628,19.836470588233762,19.25529411764557,19.76,65428.172000000006,0.030158730158780647,0.8421052631590721
2008-08-08,19.7306557377033,20.14362295081802,18.629409836064045,18.66,86393.324,0.07674418604655847,-0.70707070706923
2008-08-11,18.662702702701022,19.1216216216199,16.811729729728217,16.98,105111.33899999999,0.12377049180332568,-0.7284768211910753
2008-08-12,16.805291438978433,17.23345173041737,16.331256830599603,16.79,55506.645000000004,0.05368516833490618,-0.016949152540659748
2008-08-13,16.825352112674477,16.825352112674477,15.295774647885887,16.29,73257.303,0.09090909090914501,-0.3499999999987715
2008-08-14,15.74897003745171,16.544063670410434,15.74897003745171,16.33,49148.291999999994,0.05048543689326404,0.730769230770234
2008-08-15,16.337513513512043,17.43891891891735,16.215135135133675,16.98,81410.508,0.07490636704125514,0.5250000000008201
2008-08-18,16.99238593155732,16.99238593155732,15.447623574143018,16.09,75398.7336,0.0909090909091444,-0.5841584158402154
2008-08-19,15.296981499511658,16.765491723464777,15.296981499511658,15.71,85067.53970000001,0.09600000000005912,0.2812500000008493
2008-08-20,15.587897071870843,17.285891748002015,15.450221827860208,17.24,300389.453,0.117762512266985,0.9000000000003423
2008-08-21,16.64271186440537,18.967796610167884,16.535635593218938,18.05,373611.482,0.14613970588240424,0.5786163522016486
2008-08-22,17.897033898303565,18.508898305083175,16.719194915252817,18.05,186664.79,0.10000000000005037,0.08547008547089431
2008-08-25,17.744067796608665,18.58538135593063,17.51461864406631,18.05,65736.974,0.06034482758626002,0.28571428571544843
2008-08-26,18.35540069686251,18.508362369336364,17.284668989545533,17.56,141644.14320000002,0.06666666666671735,-0.6499999999982198
2008-08-27,17.285738539896666,18.050594227502714,16.735042444820312,18.02,301982.53819999995,0.07610619469031898,0.5581395348844579
2008-08-28,18.11916890080267,18.34852546916726,16.957095621088744,17.11,179330.0448,0.0767932489451986,-0.7252747252731058
2008-08-29,17.16521968365403,17.74657293497208,16.99693321616722,17.41,237772.12680000003,0.04367201426030541,0.3265306122464994
2008-09-01,17.17782026768478,17.17782026768478,15.831739961757567,16.0,107458.29960000001,0.07836153161180788,-0.874999999998212
2008-09-02,15.98411259541832,16.519465648853387,15.311097328242813,16.03,83256.4736,0.07559808612445994,0.037974683545540365
2008-09-03,15.94127326150676,16.140156709107135,15.390519098921116,15.62,61087.144700000004,0.04702495201541489,-0.4285714285688119
2008-09-04,15.524685382379912,15.937657308807752,15.402323330104997,15.8,48473.008499999996,0.034482758620751855,0.5142857142876082
2008-09-05,15.451958762885006,15.589649484534476,14.83999999999847,14.84,90723.12999999999,0.04851485148521013,-0.8163265306091163
2008-09-08,14.833333333331632,15.139175257730225,13.34999999999847,13.35,72284.9238,0.12061855670109027,-0.8290598290585097
2008-09-09,13.611764705880752,13.611764705880752,12.571764705880875,13.0,49978.725000000006,0.07640449438209025,-0.5882352941156119
2008-09-10,12.616510538640211,13.42702576112255,12.616510538640211,13.06,50863.04439999999,0.06424242424249825,0.5471698113219651
2008-09-11,13.004186602869257,13.31016746411324,12.667607655500877,12.79,37321.0464,0.04941176470595544,-0.33333333333043436
2008-09-12,12.985886524821158,12.985886524821158,12.787044917256168,12.94,32394.862800000003,0.015312131919981743,-0.23076923076036743
2008-09-16,12.801176470586698,12.923529411763154,12.265882352939704,12.74,40300.290100000006,0.05137395459983512,-0.09302325581148597
2008-09-17,12.691697645599419,12.951648079304466,12.309417596033171,12.34,31248.8154,0.05060240963862892,-0.5476190476158156
2008-09-18,12.114782608694055,12.1300790513818,11.105217391302885,11.61,64855.4115,0.08459595959603511,-0.4925373134308627
2008-09-19,12.693532934130218,12.76999999999847,12.4182514970045,12.77,65786.56049999999,0.02771084337357063,0.21739130435154982
2008-09-22,13.616407982260132,14.06008869179445,12.820842572060664,13.8,174862.17099999997,0.0910112359551228,0.14814814814926366
2008-09-23,13.307142857141217,13.307142857141217,12.419999999998469,12.42,90789.71999999999,0.06666666666673686,-0.9999999999971468
2008-09-24,11.720269938648869,12.46999999999847,11.704969325151938,12.47,59601.113000000005,0.06527415143611108,0.9800000000007196
2008-09-25,12.23809523809378,13.538392857141245,12.23809523809378,12.85,104850.312,0.10625000000007305,0.47058823529493227
2008-09-26,12.712911694509224,13.080071599043785,12.712911694509224,12.82,53937.3672,0.02888086642606913,0.2916666666700381
2008-10-06,12.692335766421815,12.814671532845157,12.264160583940113,12.57,43097.049,0.04337349397597912,-0.22222222221904178
2008-10-07,11.927701863352555,12.615838509315202,11.927701863352555,12.31,29276.723000000005,0.05769230769238666,0.5555555555569728
2008-10-08,12.139332477533744,12.460397946083125,11.65008985879183,11.91,17978.541,0.06675062972299878,-0.2830188679222925
2008-10-09,12.005882352939604,12.357647058821913,11.69999999999847,11.7,26038.305,0.05477707006377296,-0.46511627906673203
2008-10-10,11.593582733811282,11.593582733811282,10.629999999998471,10.63,31864.36,0.08311345646445896,-0.999999999997375
2008-10-13,10.095803183790144,10.585296671489061,9.805166425468915,10.57,32376.044900000004,0.07727272727281854,0.6078431372560866
2008-10-14,10.779347826085393,11.008695652172317,10.549999999998471,10.55,47729.991,0.042553191489450484,-0.4999999999955737
2008-10-15,10.353518796990924,10.689969924810423,9.940601503757904,10.17,20136.1335,0.07237813884794786,-0.24489795918130555
2008-10-16,10.029752066114044,10.029752066114044,9.24999999999847,9.25,20435.326999999997,0.07774390243911636,-0.9999999999967562
2008-10-17,9.268235294116131,9.574117647057257,9.268235294116131,9.36,22038.3648,0.03300330033013725,0.3000000000040228
2008-10-20,9.296166419017933,10.28999999999847,9.280876671618234,10.29,44225.0509,0.10855263157904323,0.9848484848490263
2008-10-21,10.906526772791475,11.151273516640934,10.508813314036106,10.57,139294.8204,0.05890603085562638,-0.5238095238063254
2008-10-22,10.091304347824623,10.993405797099856,9.953695652172469,10.55,90273.597,0.10303030303039207,0.44117647058928267
2008-10-23,10.095266272187855,10.508254437868267,9.957603550294385,10.34,42262.168,0.0545454545455481,0.444444444446417
2008-10-24,10.34239520957929,10.678982035926547,10.097604790417652,10.22,38631.5756,0.05621301775157052,-0.21052631578647987
2008-10-27,10.018201438847479,10.629999999998471,9.436992805754038,10.63,129213.4965,0.11908396946573689,0.5128205128213658
2008-10-28,10.032402234635468,11.301745810054285,10.032402234635468,10.95,143009.3292,0.1265243902439896,0.7228915662656967
2008-10-29,11.014925373132684,11.244402985072947,10.24999999999847,10.25,77228.354,0.09027777777786017,-0.7692307692284583
2008-10-30,10.389999999998471,10.466509572899785,9.90033873343006,10.39,54540.675,0.054491899852815606,2.701381159357109e-12
2008-10-31,10.214662576685551,10.382868098157918,9.908834355826704,9.97,25613.102799999997,0.046407185628835675,-0.5161290322537538
2008-11-03,9.938775510202522,10.076389324959171,9.709419152274771,9.74,21451.1024,0.03692307692317378,-0.5416666666610249
2008-11-04,9.482919254656911,10.01824534161335,9.32996894409793,9.85,36384.0036,0.072580645161388,0.5333333333347828
2008-11-05,9.865857359634315,10.248254931713165,9.743490136569083,10.08,48662.6688,0.05116279069777065,0.4242424242446125
2008-11-06,9.938897168403884,10.550521609536432,9.709538002979178,10.26,63295.2958,0.08461538461547692,0.3818181818195452
2008-11-07,9.945783132528623,10.328313253010494,9.8386746987937,10.16,49619.1264,0.0492307692308649,0.4375000000022299
2008-11-10,10.247058823527977,10.950588235292585,10.247058823527977,10.92,117104.8536,0.06865671641800138,0.9565217391312473
2008-11-11,10.877781021896222,10.908379562042203,10.4341021897795,10.48,89164.3265,0.04360056258799216,-0.8387096774143623
2008-11-12,10.58642045454395,10.846491477271185,10.44873579545306,10.77,52146.688,0.037572254335350885,0.4615384615411512
2008-11-13,10.741561643834144,11.27710958903955,10.542643835614994,11.17,129617.267,0.06837606837615509,0.5833333333346238
2008-11-14,11.362440846822993,12.27999999999847,11.163636363634973,12.28,231751.18009999997,0.09825033647383437,0.8219178082198115
2008-11-17,12.8470588235279,13.41294117646901,12.541176470586759,13.0,347374.855,0.06785714285721546,0.17543859649278076
2008-11-18,12.357647058821913,12.816470588233617,11.69999999999847,11.7,179606.47050000002,0.09034653465353891,-0.5890410958885134
2008-11-19,11.396780072902624,12.742976913728706,11.396780072902624,12.59,139770.00770000002,0.11812080536920488,0.886363636364115
2008-11-20,12.206981818180338,12.987127272725697,11.962230303028852,12.62,176605.275,0.0839598997494485,0.4029850746279643
2008-11-21,12.464705882351383,12.663529411763122,11.715294117645593,12.22,116982.8684,0.076073619631976,-0.2580645161271488
2008-11-24,12.128833333331777,12.618269230767613,11.92999999999847,11.93,66670.656,0.05674653215644599,-0.2888888888862448
2008-11-25,12.235294117645457,12.26588235293957,11.470588235292617,11.7,46616.575500000006,0.06500000000007633,-0.6730769230741531
2008-11-26,11.567591623035133,11.858311518323054,11.49108638743305,11.69,44844.813599999994,0.031746031746115434,0.333333333336597
2008-11-27,12.591471354165028,12.637369791665021,11.719401041665142,11.75,76896.61439999999,0.07290400972060815,-0.9166666666640039
2008-11-28,11.70173969072014,12.267706185565427,11.594664948452113,11.87,67622.0368,0.05751633986936143,0.2500000000019023
2008-12-01,11.941307028358576,12.52231812576911,11.941307028358576,12.4,113092.1658,0.04865556978241006,0.7894736842118004
2008-12-02,12.218853658535096,12.84585365853502,12.096512195120477,12.54,129980.08599999998,0.0613266583229805,0.428571428572895
2008-12-03,12.77520564042153,13.111797884839824,12.576310223265269,13.02,177070.20810000002,0.04191616766474564,0.4571428571448598
2008-12-04,13.154090909089414,14.316545454543826,13.07761363636215,13.46,423042.22400000005,0.0941860465116967,0.24691358024795035
2008-12-05,13.172157079644562,14.013584070794911,13.172157079644562,13.83,298819.2792,0.0638792102207447,0.7818181818190697
2008-12-08,13.951722643552117,14.533044420366789,13.70695557963015,14.12,249299.2541,0.05921052631585687,0.20370370370530966
2008-12-09,14.11999999999847,14.11999999999847,14.11999999999847,14.12,0.0,7.082152974504515e-14,1.5294432387236157
2008-12-10,13.565882352939697,14.101176470586699,13.305882352939726,14.04,169843.5864,0.058624577226676015,0.5961538461550197
2008-12-11,13.989841089669241,14.203893303063085,13.454710556184626,13.47,133676.8611,0.05355191256837343,-0.6938775510174439
2008-12-12,13.152322738384699,13.45819070904481,12.17354523227235,12.51,113330.7098,0.09767441860471993,-0.4999999999984188
2008-12-15,12.724705882351415,13.061176470586666,12.510588235292616,12.74,72151.0447,0.043269230769305854,0.027777777780502652
2008-12-16,12.72586288415925,13.031773049643846,12.389361702126193,12.94,56392.329600000005,0.05048076923084372,0.33333333333519893
2008-12-17,13.13355324073922,13.531076388887321,12.95008101851702,13.21,94940.12160000001,0.04423748544826821,0.1315789473708297
2008-12-18,13.182387387385901,13.57999999999847,13.182387387385901,13.58,89519.36880000001,0.03016241299311312,1.0000000000013316
2008-12-19,13.60119774011146,14.014282485874123,13.524700564970223,13.54,104868.3405,0.03599550056250061,-0.12499999999662478
2008-12-22,13.425452586205449,14.220581896550193,13.379579741377869,14.19,185578.74879999997,0.06264236902057105,0.909090909091646
2008-12-23,14.225328947366863,14.668914473682602,13.751151315787967,13.95,410762.51999999996,0.06451612903232373,-0.2999999999980099
2008-12-24,13.784760479040541,15.32999999999847,13.325778443112444,15.33,521200.0194,0.1453940066593294,0.7709923664125926
2008-12-25,14.988235294116015,15.141176470586586,14.009411764704357,14.04,287393.67,0.07551020408169433,-0.8378378378357472
2008-12-26,14.03999999999838,14.208235294116006,13.1070588235279,13.26,200715.2685,0.07843137254908508,-0.7083333333313031
2008-12-29,13.301816118046162,13.66876276957847,12.690238365492318,13.47,115670.6307,0.07356321839087401,0.17187500000138953
2008-12-30,13.310082063304419,13.661957796012468,13.004103165297423,13.05,91438.10269999999,0.049425287356393184,-0.39534883720637604
2008-12-31,13.439782608694028,13.439782608694028,12.65999999999847,12.66,87887.3976,0.05802047781576968,-0.9999999999967563
2009-01-05,12.84647887323793,13.06058685445856,12.693544600937479,13.03,82100.3388,0.028571428571503986,0.5000000000028048
2009-01-06,13.028898876403028,13.60999999999847,13.028898876403028,13.61,149453.428,0.0446009389672096,1.000000000000911
2009-01-07,13.61118493909041,14.192336655590898,13.534717607971924,13.81,169149.4182,0.04831460674164289,0.3023255813972128
2009-01-08,13.706487093152223,14.088922558920979,13.46172839506022,13.63,118678.527,0.0457589285714981,-0.1219512195095629
2009-01-09,13.62304918032638,14.066448087430155,13.62304918032638,13.99,118677.33000000002,0.0325476992144368,0.8275862068981374
2009-01-12,14.03999999999847,14.299999999998441,13.810588235292611,14.04,153311.2326,0.034858387799633066,3.1250643098859534e-12
2009-01-13,14.013747126435172,14.013747126435172,13.27940229884905,13.31,130736.20499999999,0.05240174672495844,-0.9583333333299461
2009-01-14,13.295121951218038,13.922394678490695,13.126829268291228,13.8,101893.6182,0.05983889528200388,0.6346153846165126
2009-01-15,13.677605321506244,13.907095343679169,13.53991130820249,13.8,127240.35939999999,0.026845637583963886,0.3333333333365941
2009-01-16,13.79806047966488,14.807674661103775,13.79806047966488,14.67,369356.26070000004,0.07317073170738435,0.8636363636370226
2009-01-19,14.745360602797124,14.867728740579672,14.072335844993104,14.21,239560.30099999998,0.05394190871375719,-0.6730769230741552
2009-01-20,14.115314164002756,14.405878594247666,14.115314164002756,14.36,118542.36480000001,0.02058504875413217,0.8421052631602622
2009-01-21,14.249923497266202,14.249923497266202,13.913551912566785,13.99,99065.03700000001,0.023605150214660843,-0.7727272727204282
2009-01-22,14.377658431792225,14.607089151448484,14.087046186894298,14.24,125389.59370000001,0.03617021276602442,-0.26470588234949016
2009-01-23,14.112834821426995,14.189285714284127,13.577678571427056,13.7,116544.60160000001,0.043336944745463006,-0.6749999999963993
2009-02-02,13.699420935410501,13.898184855232303,13.301893095766891,13.73,122622.79800000001,0.04352678571435552,0.051282051284530436
2009-02-03,13.471879049674572,14.297624190063251,13.471879049674572,14.16,176773.02959999998,0.06129398410903676,0.8333333333341757
2009-02-04,14.087600422831493,14.531183932345186,14.087600422831493,14.47,251089.9688,0.03148751357227277,0.8620689655187487
2009-02-05,14.380523560207918,15.283130890050755,14.334628272249805,14.61,353391.73350000003,0.06595744680857571,0.2419354838723253
2009-02-06,14.605313765180709,15.247641700403316,14.605313765180709,15.11,313688.7156,0.04397905759168847,0.7857142857154417
2009-02-09,15.252908366532347,15.558884462149845,14.855139442229598,15.36,358830.102,0.0461384152457996,0.15217391304543285
2009-02-10,15.474186046510127,15.871744186044975,15.07662790697528,15.78,328698.0888,0.05138339920954769,0.3846153846168236
2009-02-11,15.543283582088101,17.256716417908834,15.420895522386619,16.4,595095.5008,0.11811023622052905,0.46666666666724627
2009-02-12,16.41351576994282,16.520593692020732,15.648673469386303,16.49,318759.20999999996,0.053122087604904035,0.08771929824726543
2009-02-13,16.485897435895925,17.097619047617478,16.363553113551614,16.7,277160.52,0.0445269016698166,0.2916666666683543
2009-02-16,16.8088124999985,17.206473214284177,16.747633928569932,17.13,276134.096,0.027297543221167956,0.7000000000018062
2009-02-17,17.205882352939568,17.389411764704253,16.36470588235141,16.38,255403.1907,0.05955555555561015,-0.8059701492514525
2009-02-18,16.06111111110962,16.825925925924366,15.999925925924444,16.52,312130.476,0.05142857142863043,0.5555555555567382
2009-02-19,17.43356282271795,18.16760757314818,16.516006884680163,17.77,990323.796,0.09473684210531524,0.2037037037045056
2009-02-20,16.976470588233866,18.32235294117493,16.594117647057427,18.2,692015.226,0.10180180180185483,0.7079646017703866
2009-02-23,18.350194552527753,20.017003891049026,17.707937743189284,19.65,955228.394,0.12583333333338095,0.5629139072851868
2009-02-24,19.343958333331724,19.787416666665017,18.12062499999849,18.35,598395.96,0.08616600790518551,-0.5963302752280837
2009-02-25,18.633737201363598,18.78672354948645,17.318054607507054,17.93,294357.52760000003,0.07881773399019713,-0.4791666666652995
2009-02-26,17.89348623853047,18.18406422018182,16.134724770640723,16.67,197846.336,0.11452991452996407,-0.5970149253720969
2009-02-27,15.366972477062655,16.284403669723112,14.999999999998472,15.0,234443.99070000002,0.08358208955229843,-0.28571428571287366
2009-03-02,14.680080482895907,15.398792756537686,14.374245472835577,15.2,137511.8486,0.06979166666672997,0.5074626865681621
2009-03-03,14.835864135862654,15.539420579419028,14.52997002996858,15.31,148125.0771,0.06804123711346491,0.4696969696980201
2009-03-04,15.368325358850205,16.056459330142005,15.138947368419604,15.98,210331.53899999996,0.05970149253737463,0.6666666666676058
2009-03-05,16.02883091787285,16.33472463767958,15.32527536231736,15.83,244874.79,0.06297709923669972,-0.19696969696798797
2009-03-06,15.433463740456542,16.18295801526563,15.37228053434968,16.03,190781.7976,0.052527254707692546,0.7358490566047571
2009-03-09,16.49798426745167,16.49798426745167,15.51941986233869,15.55,173394.5337,0.05931417979616445,-0.9687499999974468
2009-03-10,15.542846153844659,16.001788461536925,15.00741346153702,15.91,121510.27200000001,0.06397637795281622,0.36923076923193665
2009-03-11,16.094260528891663,16.262546523015057,15.344622918705642,15.62,129715.0891,0.05703422053237827,-0.5166666666644328
2009-03-12,15.527083333331793,15.634166666665116,14.838690476189003,15.42,107248.78080000001,0.05123152709365731,-0.13461538461329267
2009-03-13,15.451263902930691,15.543053589482756,15.084105156722437,15.13,89275.1509,0.029702970297092623,-0.6999999999951338
2009-03-16,14.985341365460341,15.291164658633,14.893594377508544,15.23,79007.202,0.02653061224496285,0.6153846153869207
2009-03-17,15.298076923075453,15.90999999999847,15.175692307690849,15.91,160406.064,0.04800000000006226,0.833333333334281
2009-03-18,15.96763330215005,16.59471468662146,15.906454630494304,16.35,247887.5237,0.04310344827592202,0.555555555556972
2009-03-19,16.36991720331036,16.767690892362765,15.880349586015098,16.63,281271.7939,0.05420560747669342,0.29310344827725415
2009-03-20,16.629477611938743,16.629477611938743,16.094029850744764,16.4,143117.896,0.03219871205157607,-0.4285714285677666
2009-03-23,16.400434782607213,16.88999999999847,16.339239130433302,16.89,235339.5696,0.03358208955229769,0.8888888888900487
2009-03-24,16.988834080715964,17.248789237666614,16.820627802689074,17.05,212676.661,0.025202520252082552,0.14285714286038428
2009-03-25,16.869957912456492,18.3382407407392,16.594654882153485,18.17,686318.0544,0.10335448776070606,0.7456140350881691
2009-03-26,18.140566194836126,18.81357202331234,17.895836802662956,18.37,918774.3678,0.05059021922433571,0.25000000000139416
2009-03-27,18.47650983746634,18.47650983746634,17.772934131735006,17.88,358607.34979999997,0.03807947019872763,-0.847826086953144
2009-03-30,17.882430069928507,18.142482517480932,17.454108391606866,17.5,211012.2872,0.03849443969209829,-0.5555555555525259
2009-03-31,16.943575221237438,17.295292035396702,16.653026548671093,17.28,212049.58500000002,0.03790613718417245,0.5238095238110897
2009-04-01,17.28292058069878,18.07824081981058,17.221742100767102,17.91,290662.2241,0.049557522123948795,0.7321428571437902
2009-04-02,17.861781170481947,18.38173027989666,17.510050890583756,18.03,441202.5504,0.048801369863067094,0.19298245614188256
2009-04-03,18.01881556683434,18.630659898475578,17.92703891708816,18.08,342897.7272,0.03904923599326202,0.08695652174118679
2009-04-07,18.11183462532144,18.157726098189652,17.591731266148358,17.76,141479.6922,0.03125000000005346,-0.6216216216178214
2009-04-08,17.638213977565346,17.72999999999847,16.949818809316916,17.73,161394.5747,0.04423243712060916,0.11764705882533993
2009-04-09,17.409403508770403,17.669473684208977,17.07284210526166,17.44,99387.25200000001,0.03427065026367592,0.051282051284531165
2009-04-10,17.59110169491376,18.12648305084592,17.315762711862938,18.05,361623.27200000006,0.046086956521793364,0.56603773585025
2009-04-13,18.218262711862863,18.355932203388274,17.744067796608665,18.05,249537.43200000003,0.03358522250215216,-0.2749999999970495
2009-04-14,18.049279999998557,19.425919999998445,17.865727999998573,19.12,723012.375,0.08644067796615218,0.686274509804463
2009-04-15,19.229221374044332,20.269465648853416,18.816183206105435,20.04,1201796.882,0.07557677008755802,0.5578947368427745
2009-04-16,19.85055467511729,19.85055467511729,19.116481774958867,19.3,443293.77979999996,0.03697996918340768,-0.7499999999968973
2009-04-17,19.301176470586654,19.301176470586654,18.689411764704353,18.72,294400.0296,0.031695721077704596,-0.9499999999959448
2009-04-20,18.675218390803167,20.143540229883513,18.491678160918124,19.96,488672.5185,0.0884520884521372,0.7777777777782339
2009-04-21,19.578250591015006,19.975933806145,19.226453900707707,19.41,349194.4101,0.038281250000049165,-0.22448979591602758
2009-04-22,19.57774030353967,19.883642495782475,18.063524451937774,18.14,269175.746,0.09296875000004622,-0.7899159663852839
2009-04-23,18.044773662549954,18.809382716047832,17.738930041150798,18.58,202662.0,0.05932203389835737,0.50000000000096
2009-04-24,18.632787926924653,19.963701350276416,18.632787926924653,19.26,473816.34059999994,0.0714285714286214,0.47126436781688674
2009-04-27,19.116397621068895,19.269328802037446,17.892948173320484,18.0,235211.0915,0.07200000000004865,-0.8111111111094103
2009-04-28,17.897623089981504,18.509507640066342,17.714057724956053,18.02,129419.9098,0.044444444444497855,0.15384615384788095
2009-04-29,18.156414473682716,18.967105263156338,18.034046052630096,18.6,155662.95679999999,0.051390058972251226,0.4754098360667052
2009-04-30,18.654709254707726,19.052268632267072,18.62412776412624,18.67,127559.70150000001,0.022950819672183518,0.03571428571778081
2009-05-04,18.50873397435749,19.27355769230615,18.50873397435749,19.09,167177.712,0.04132231404963868,0.7600000000010058
2009-05-05,19.089999999998472,19.089999999998472,19.089999999998472,19.09,0.0,5.238344683080292e-14,1.5276668818842154
2009-05-06,19.13025547445116,20.980583941604312,19.13025547445116,20.95,897296.57,0.09672262190252531,0.9834710743804576
2009-05-07,20.769411764704333,21.029411764704314,19.86705882352793,20.54,628881.7752,0.055964653902843664,-0.19736842105114477
2009-05-08,20.570588235292583,20.983529411763143,20.34117647058672,20.54,380090.08509999997,0.03122676579930361,-0.04761904761658867
2009-05-11,20.40420803782345,20.801891252953443,19.39470449172424,19.41,313493.76,0.06896551724142486,-0.7065217391288467
2009-05-12,19.352178899081093,20.117087155961766,19.352178899081093,20.01,231798.00480000002,0.03952569169965426,0.8600000000008758
2009-05-13,20.03704545454394,20.251181818180285,19.884090909089405,20.19,196602.91199999998,0.01832061068707183,0.4166666666696956
2009-05-14,20.00701123595356,20.725917602994706,19.60931835205846,20.42,285714.69749999995,0.05581039755356406,0.36986301369966845
2009-05-15,20.154919071075287,22.142885292046294,20.154919071075287,21.73,813187.5703,0.0986342943854772,0.7923076923080636
2009-05-18,21.385911708251992,23.909999999998472,21.202341650670427,23.91,874943.1735,0.12660944206012686,0.9322033898307271
2009-05-19,23.909999999998472,23.909999999998472,23.909999999998472,23.91,0.0,4.182350480970398e-14,1.5276668818842154
2009-05-20,23.909999999998472,23.909999999998472,23.909999999998472,23.91,0.0,4.182350480970398e-14,1.5276668818842154
2009-05-21,22.944145356660638,24.397274562582478,21.6439771197832,22.73,595575.5745999999,0.12000000000003835,-0.07777777777719432
2009-05-22,22.83050102951113,23.228085106381386,21.86712422786398,22.28,321607.98099999997,0.059611520428708244,-0.40449438202105004
2009-05-25,21.843475862067457,22.210593103446744,21.29279999999853,22.18,310698.025,0.04201680672273305,0.3666666666679346
2009-05-26,22.174323473881547,24.3917558212697,22.02139710509616,24.3,709665.0379,0.10689655172417807,0.8967741935486568
2009-05-27,23.90187692307546,26.149846153844553,23.36664615384472,24.85,776473.9125,0.11644273832377355,0.34065934065976505
2009-06-01,24.772375690606214,25.50637200736492,24.451252302024283,24.91,492227.7624,0.042592592592631325,0.13043478261002106
2009-06-02,24.995783783782286,26.296054054052483,24.047351351349914,25.47,444297.42449999996,0.08996328029379413,0.21088435374208062
2009-06-03,25.464705882351442,26.44352941176315,25.021176470586767,26.0,382140.96,0.05585585585589286,0.3763440860223174
2009-06-04,26.0482991556076,26.07889022919023,24.809360675511172,25.36,298436.02079999994,0.04873752202000135,-0.5421686746971668
2009-06-05,25.157687793425755,27.207007042251927,24.851819248824835,26.06,525502.524,0.09361702127663178,0.38311688311736886
2009-06-08,26.05999999999847,26.05999999999847,26.05999999999847,26.06,0.0,3.8372985418266324e-14,1.5276668818842154
2009-06-09,25.462434782607218,26.945831884056414,25.17187246376666,26.38,468633.855,0.06966966966970624,0.5172413793109154
2009-06-10,26.24172474896479,26.6699113998803,25.614737152981363,25.89,265400.9441,0.04020979020982687,-0.333333333331573
2009-06-11,25.897769696968126,26.157818181816598,25.132921212119687,25.24,226494.84,0.03957471943299648,-0.6417910447739986
2009-06-12,24.77886792452674,25.222440251570738,23.87642767295447,24.32,281211.852,0.05432098765435918,-0.3409090909076981
2009-06-15,24.314302741357313,26.042300357566987,24.314302741357313,25.66,281348.58200000005,0.07106918238997545,0.7787610619473346
2009-06-16,25.479412470022456,25.968812949638735,25.020599520382195,25.51,213165.396,0.03721488595441964,0.03225806451770611
2009-06-17,25.388235294116097,25.510588235292555,24.761176470586722,24.96,227385.41760000002,0.029518072289194716,-0.5714285714257765
2009-06-18,24.962316043424313,26.27773220747731,24.855247285885117,25.36,329635.93319999997,0.05698529411768481,0.279569892473994
2009-06-19,25.384846732213692,27.525737420472677,25.354262579524274,26.44,549402.7175,0.08554216867473492,0.4859154929582237
2009-06-22,26.44235903337017,27.222324510930545,26.151783659377095,26.58,323705.107,0.04048582995955051,0.12857142857273512
2009-06-23,26.645384615383048,26.645384615383048,25.054615384613907,25.85,308717.708,0.059701492537348855,-0.4999999999987276
2009-06-24,25.89588757396297,26.53831360946589,25.406420118341696,25.85,178442.87499999997,0.04370939161255915,-0.04054054053915642
2009-06-25,26.231820895520823,26.30829850746112,25.390567164177597,25.62,225154.3375,0.03498542274056145,-0.6666666666642757
2009-06-26,25.69647761193877,25.69647761193877,25.29879402984924,25.62,170600.9275,0.015476190476228883,-0.1923076923033766
2009-06-29,25.622235157158,26.922467986028707,25.39278230500435,26.28,356600.106,0.05970149253735012,0.43000000000071836
2009-06-30,26.275294117645515,26.74941176470431,25.84705882352789,26.0,248674.98,0.03434225844008331,-0.3050847457606812
2009-07-01,25.996460176989622,25.996460176989622,25.705911504423266,25.92,182702.01599999997,0.011176470588273375,-0.2631578947306843
2009-07-02,26.001179245281488,26.230601415092792,25.72587264150792,25.94,210740.5504,0.019411764705919942,-0.1212121212088535
2009-07-03,25.923529411763184,26.382352941174922,25.694117647057315,26.0,252430.62,0.02654867256640926,0.11111111111316764
2009-07-06,26.045305299537677,26.687644009215056,26.045305299537677,26.55,292649.672,0.02466236054026044,0.7857142857154381
2009-07-07,27.068952879579737,29.209999999998477,27.068952879579737,29.21,829058.9930000001,0.07909604519777429,1.0000000000002447
2009-07-08,30.70777724892762,32.129999999998475,29.438481675391273,32.13,1520006.2680000002,0.08764940239046796,0.5284090909094636
2009-07-09,32.27542189528204,35.349999999998474,32.27542189528204,35.35,1828146.1308,0.09526066350713693,1.0000000000001716
2009-07-10,35.349999999998474,35.349999999998474,35.349999999998474,35.35,0.0,2.8288543140028707e-14,1.5276668818842154
2009-07-13,36.70769230769074,37.701858974357364,34.41346153846007,35.79,1965258.8279999997,0.08958333333335812,-0.2790697674413117
2009-07-14,34.898285960377486,35.78527131782791,34.60772179155751,35.51,1008243.0504,0.033742331288371195,0.519480519481372
2009-07-15,35.3329565217376,35.3329565217376,34.7211304347811,35.18,866932.56,0.017316017316045196,-0.24999999999710032
2009-07-16,35.531225382930614,35.60770240700064,34.39936542669434,34.95,845375.052,0.03400774860097442,-0.4810126582261818
2009-07-17,34.723516483514956,35.365978021976474,34.41758241758091,34.8,553296.6075,0.027312775330424536,0.08064516129184846
2009-07-20,34.624133099823354,35.495853765322444,34.608839754814596,34.93,545962.1068,0.02561837455833219,0.3448275862082284
2009-07-21,34.917539808915805,38.419999999998474,34.734004777068684,38.42,2170934.7072,0.10556285589139665,0.9502074688798261
2009-07-22,37.445259740258216,38.087702922076375,36.32863230519333,37.69,1313064.1216000002,0.046977124183031946,0.13913043478340079
2009-07-23,37.01406628940837,39.767178658042056,36.646984640257216,37.84,1021929.9846,0.08429752066118182,0.26470588235334663
2009-07-24,37.69939558149072,37.69939558149072,36.26177157148661,36.69,739810.8169999999,0.03813387423937639,-0.7021276595729198
2009-07-27,36.68769766488993,37.77349446947817,35.6019008603017,37.33,799435.3112,0.05919132972074256,0.295774647887893
2009-07-28,37.77767634854615,37.77767634854615,36.70705394190719,36.86,731507.782,0.02834008097168567,-0.8571428571406287
2009-07-29,36.86327354259925,36.893865470850365,33.17694618833932,34.11,607983.632,0.10082987551869653,-0.7407407407401325
2009-07-30,33.95236411842537,35.17587273530556,33.64648696420532,34.61,394873.58559999993,0.045045045045073034,0.4300000000007162
2009-07-31,34.7992537313418,36.221816631128526,34.7992537313418,35.87,417596.66199999995,0.04087912087914863,0.7526881720435515
2009-08-03,36.01764705882206,38.541176470586656,36.01764705882206,37.44,907018.272,0.07006369426754165,0.5636363636367467
2009-08-04,37.37581589958003,37.37581589958003,35.47949790794831,36.55,470313.99899999995,0.05073649754503373,-0.4354838709667095
2009-08-05,36.47877049180179,38.0847540983591,35.71401639344116,37.32,730731.9319999999,0.06498951781973213,0.3548387096779125
2009-08-06,36.83005128204971,36.83005128204971,35.75941025640873,35.79,420687.774,0.02906976744188686,-0.971428571426236
2009-08-07,35.7399111900517,36.25987566607299,33.69063943161485,34.44,329594.16240000003,0.07188703465984625,-0.50595238095159
2009-08-10,34.71529308065074,35.449360951959655,33.64477743499191,34.7,244155.74500000002,0.05198237885465281,-0.008474576270332025
2009-08-11,34.704064102562626,36.32532051281896,34.56641025640879,35.79,245958.336,0.05068312031734757,0.6173913043483428
2009-08-12,35.60715563506103,36.24955277280697,33.95527728085717,34.2,217917.206,0.0644329896907478,-0.6133333333324021
2009-08-13,33.94997730367526,34.71461643213642,32.89477530639887,33.69,174669.261,0.05360360360363145,-0.14285714285622433
2009-08-14,33.79937379575946,33.87584296724307,30.4806117533704,31.75,252878.80560000002,0.10045248868780932,-0.6036036036029778
2009-08-17,31.047698072803485,31.047698072803485,28.569999999998476,28.57,234300.0644,0.07980295566505431,-0.9999999999989813
2009-08-18,28.112238046794094,30.23824516785197,27.68397761953064,30.07,296248.8726,0.09085963003267639,0.7664670658685637
2009-08-19,30.130026525197337,30.848864721483775,27.98880636604626,28.83,208077.61000000002,0.09492385786805044,-0.45454545454475986
2009-08-20,28.981224696354808,30.281174089067296,28.384777327933783,30.22,247692.7856,0.06543535620056015,0.6532258064520728
2009-08-21,30.221711131553352,33.24999999999847,30.221711131553352,33.25,503184.03959999996,0.10020242914982724,1.0000000000001743
2009-08-24,33.2618462226181,34.500563254356976,32.11488600804506,34.21,619789.7073,0.07172413793106226,0.3974358974363713
2009-08-25,34.186576411196235,34.186576411196235,31.98395135383057,33.33,364786.1721,0.0644295302013697,-0.38888888888802126
2009-08-26,33.95119999999849,34.71586666666512,33.20182666666519,34.41,411564.375,0.04459459459462267,0.30303030303111417
2009-08-27,34.509276743177374,36.17661325248869,33.92800346470187,35.32,453255.5455,0.06515957446811227,0.36054421768759315
2009-08-28,35.31472808988606,35.31472808988606,33.99941123595353,34.03,248997.525,0.03724556084887969,-0.9767441860446074
2009-08-31,33.652631578945766,33.652631578945766,31.511100478467398,31.97,248058.547,0.06363636363639148,-0.785714285713208
2009-09-01,31.97054631828827,32.980142517813164,31.29748218527168,32.2,154090.21,0.05263157894739795,0.13636363636446425
2009-09-02,31.812355212353683,32.194715250963704,31.169990347488845,31.69,157989.17119999998,0.032211538461569024,-0.11940298507302212
2009-09-03,31.996384581301204,34.56588391670206,31.659902525474898,34.52,226791.48520000002,0.09082217973234201,0.8684210526318048
2009-09-04,34.64292267365511,35.407667103537115,33.64875491480849,35.01,377126.484,0.050772626931594636,0.208695652174662
2009-09-07,35.059181969948455,38.05726210350425,34.8603297161922,36.65,797221.5591999999,0.09118673647472049,0.4976076555027144
2009-09-08,36.534686051410176,37.452258744204066,35.32654867256488,36.29,534761.7198,0.058183340309778744,-0.11510791366829208
2009-09-09,36.478282393455174,36.6771157985348,34.56642272922796,35.53,427910.3057,0.05786163522015162,-0.449275362317906
2009-09-10,35.31885017421449,35.609477351914826,34.6458188153295,35.12,278243.5152,0.02728453876139621,-0.20634920634740647
2009-09-11,34.7692777300071,36.37542562338622,34.7692777300071,35.58,299030.3274,0.04619445666522764,0.5047619047625456
2009-09-14,35.56057692307541,36.21825641025487,35.45351282051131,35.79,295704.63,0.021505376344113612,0.30000000000159793
2009-09-15,35.784757894735336,36.64114526315635,35.188345263156414,36.32,388032.4875,0.040598290598317426,0.3684210526323779
2009-09-16,36.400584551146714,37.624133611689466,36.36999582463314,36.63,537417.4029999999,0.03445378151263176,0.18292682926936035
2009-09-17,36.55645295586859,36.92354704412836,36.25054121565212,36.74,414317.8574,0.018410041841031042,0.2727272727291326
2009-09-18,36.863655730718506,37.47550063911217,35.655262036641005,35.9,404591.3502,0.04937759336102168,-0.5294117647047559
2009-09-21,35.52527114967308,35.63232104121321,33.64425162689659,35.25,265695.506,0.055962117950952184,-0.13846153846070033
2009-09-22,35.26880167014467,38.06767014613621,35.26880167014467,36.63,765535.1655,0.07935819601043395,0.4863387978145787
2009-09-23,36.25061675882449,36.556529136536085,35.86822628668499,35.96,410949.1576,0.018987341772178964,-0.4222222222193889
2009-09-24,35.976010521699436,36.06778605874459,33.65103024988893,34.89,295671.2035,0.06717687074832511,-0.4493670886067787
2009-09-25,34.87536748329467,34.87536748329467,34.034075723829226,34.34,122520.2015,0.024122807017571843,-0.6363636363610656
2009-09-28,34.36214150943235,35.15734905660212,32.28236792452679,32.42,114429.544,0.08366711170452146,-0.6755319148928524
2009-09-29,32.80650667985983,33.18886689757382,30.313518060364654,30.91,213385.66820000001,0.08764568764571555,-0.6595744680843436
2009-09-30,31.350605326874998,32.08466828087012,31.350605326874998,31.58,94202.61549999999,0.02341463414637258,0.3125000000016518
2009-10-09,31.663263445759725,33.77414767547704,31.663263445759725,33.56,186184.1564,0.06666666666669611,0.8985507246379809
2009-10-12,33.62824489795766,33.765877551018875,32.94008163265156,33.72,176761.8405,0.024556616643958147,0.11111111111282841
2009-10-13,34.26121707538446,34.3376930063563,33.1905540417787,33.68,119353.0242,0.03348214285717093,-0.506666666664895
2009-10-14,33.5152514725857,34.20360670593411,33.5152514725857,33.76,184921.8816,0.020538566864474615,0.35555555555726065
2009-10-15,33.752346521144446,34.25702592087157,33.507653478852504,33.63,114259.60019999999,0.02220208427732848,-0.16326530612019408
2009-10-16,33.651216154197634,34.11009637448215,32.73345571362861,33.33,97196.9098,0.04090909090911939,-0.23333333333205722
2009-10-19,32.6093195132928,33.93999999999847,32.6093195132928,33.94,143025.2012,0.0408067542214179,1.0000000000003966
2009-10-20,33.94321809645609,36.03885616730534,33.94321809645609,35.84,426007.30590000004,0.06173952230737323,0.9051094890513911
2009-10-21,35.79124726476867,35.79124726476867,34.41466083150834,34.95,238260.149,0.03846153846156519,-0.611111111109554
2009-10-22,34.417539267014206,35.32004363001591,34.417539267014206,35.06,137729.9472,0.026222222222250454,0.7118644067805704
2009-10-23,34.797608695650666,35.577686956520196,34.797608695650666,35.18,157419.82,0.02241758241761047,0.4901960784326986
2009-10-26,35.177660510112794,35.33060686015677,34.42822339489735,34.78,112960.95,0.025652173913071282,-0.4406779660995142
2009-10-27,34.72317241379151,34.753765517239785,33.269999999998475,33.27,204493.5,0.042731277533067165,-0.9793814432972787
2009-10-28,33.26122448979441,33.9340952380937,32.87891156462436,33.72,133776.90899999999,0.031724137931063504,0.4347826086966914
2009-10-29,33.66479924421192,33.66479924421192,32.272933396314016,32.38,177129.39,0.041344843253095294,-0.9230769230751591
2009-10-30,32.4999999999985,33.92235294117491,32.4999999999985,33.02,137366.1591,0.043764705882382404,0.3655913978502781
2009-11-02,32.8829257246362,33.92294384057818,32.11820652173768,33.77,115429.824,0.054883720930261184,0.49152542372938574
2009-11-03,33.81416267942437,35.93997390169483,33.81416267942437,35.16,367702.9796,0.06286748077795615,0.6330935251802751
2009-11-04,34.86715079025908,35.87646304997711,34.79068774028045,35.8,377330.3394,0.03114035087722078,0.8591549295780802
2009-11-05,35.78941076003263,35.91176771989599,35.45292912040839,35.82,303747.3294,0.01282051282054044,0.06666666666985492
2009-11-06,36.17592750532895,36.558336886992045,35.655850746267134,35.87,295602.9615,0.024947145877405447,-0.33898305084539154
2009-11-09,36.016468085104854,36.39880851063675,34.73180425531767,35.94,204589.355,0.04628450106159761,-0.04587155963208636
2009-11-10,35.71628289473538,37.24588815789321,35.67039473684064,37.2,528964.3776,0.04411134903642943,0.9417475728159034
2009-11-11,37.089987714986194,37.62530712530559,36.52407862407713,37.35,480018.0792,0.02969072164951086,0.23611111111228786
2009-11-12,37.16700120433412,39.002408671214816,37.121116017662104,38.1,630993.4663,0.05061728395064277,0.4959349593501419
2009-11-13,38.11647768395504,38.98832328105995,37.474065138719844,38.04,413489.11740000005,0.039727126805803585,-0.05050505050400664
2009-11-16,37.86823529411614,39.12235294117491,37.86823529411614,38.22,568705.4267999999,0.03311793214865226,0.28048780487903807
2009-11-17,38.07878048780333,38.07878048780333,37.08475609755947,37.62,337457.88,0.026104417670708202,-0.4615384615364615
2009-11-18,37.61177333876732,38.19300448430338,37.1376110884616,37.52,269503.2604,0.02806018706793962,-0.08695652173759587
2009-11-19,37.51353539462826,37.91115134255339,37.51353539462826,37.59,246469.5592,0.010599266204673712,0.19230769231104042
2009-11-20,37.5969864108698,38.69828137489854,37.168705035969744,38.27,387933.849,0.040683482506128105,0.4400000000007116
2009-11-23,38.22053415697536,42.089999999998476,37.96053052325444,42.09,1081307.0336,0.10804321728693805,0.9370370370371801
2009-11-24,44.3577754162223,44.75546581650568,41.7574920297541,43.18,1821243.7704,0.06758620689657281,-0.392857142856501
2009-11-25,42.228628019322315,47.489999999998474,41.83096618357354,47.49,1895061.2985,0.13400941687796325,0.9297297297298356
2009-11-26,47.84558421851143,52.00606980272982,47.57025796661463,50.4,1988563.1435000002,0.0927109974424741,0.5758620689657357
2009-11-27,48.78581560283531,48.938749194066766,45.360103159250635,47.44,1104011.7264,0.0733542319749406,-0.37606837606784427
2009-11-30,47.3411635404441,52.18999999999847,45.90333821805259,52.19,1851724.8139999998,0.1327948303715852,0.7712895377130163
2009-12-01,51.539447674417104,53.971130813951916,50.63712499999852,52.61,1413375.2559999998,0.06468842729972152,0.321100917431555
2009-12-02,51.92648977171504,52.5688793359012,50.44287577823746,51.59,1093200.4309,0.040942562592065704,-0.15827338129417148
2009-12-03,50.47707257819464,51.670167020951965,49.68167628302308,50.37,785251.0851,0.03939393939395853,-0.05384615384535664
2009-12-04,50.077734909768196,51.20960796515085,48.0281269446158,49.16,799716.4792,0.06353084911425191,-0.28846153846096784
2009-12-07,50.32177222898749,51.39244823385957,49.86291108404232,50.23,539565.4692,0.03039513677813482,-0.059999999998953536
2009-12-08,50.77647058823373,51.08235294117488,48.83411764705731,49.4,452787.86,0.04427710843375362,-0.6122448979582363
2009-12-09,47.99467711598596,50.18181504702038,47.41347962382297,48.79,294566.833,0.05768005098791003,0.2872928176800057
2009-12-10,48.45508157816527,52.00355977454606,48.45508157816527,51.56,906627.079,0.0732323232323424,0.8750000000001872
2009-12-11,51.59236552748732,51.990053491826096,51.01112927191528,51.47,516535.57599999994,0.01897420693746339,-0.1249999999983054
2009-12-14,51.467112462004515,51.467112462004515,49.05052887537845,50.32,387351.111,0.046953937592886304,-0.4746835443029678
2009-12-15,50.338908754622366,50.47657213316737,49.32937731195902,49.62,251892.05839999998,0.022789425706491662,-0.6266666666647853
2009-12-16,49.32471174820662,50.13531941414614,48.942349641631374,49.08,202353.44290000002,0.024186046511647692,-0.20512820512674407
2009-12-17,48.80109562398545,49.55047001620584,46.66002593192717,47.18,237872.93550000002,0.05922908179256071,-0.5608465608458367
2009-12-18,47.11061744527779,47.87540019601282,46.31524338451336,46.82,212142.605,0.03311688311690367,-0.18627450980282642
2009-12-21,46.757506281405576,48.76118090452109,46.6198492462297,48.7,458234.27520000003,0.04579653254827036,0.907142857143144
2009-12-22,48.68117647058666,48.68117647058666,46.66235294117496,47.06,351272.1662,0.041470311027352366,-0.8030303030291487
2009-12-23,46.79883795997267,47.67058102001138,46.645900581018516,47.38,135609.9932,0.021895424836622237,0.5671641791054121
2009-12-24,47.380624242422805,51.23469696969541,47.380624242422805,50.47,812393.01,0.08134280180763717,0.801587301587491
2009-12-25,50.304717384660854,50.91651084631681,49.7082187595463,50.06,357822.68879999995,0.024019458802086953,-0.20253164556818623
2009-12-28,50.055889869180106,50.82056890781713,49.52061454213419,50.27,257820.4468,0.025970058050737235,0.1647058823539913
2009-12-29,50.62649026763836,50.77944038929286,49.67819951338048,50.29,232998.53040000002,0.02175226586104664,-0.30555555555388547
2009-12-30,50.287058823527865,50.287058823527865,48.421176470586744,49.66,520774.64079999994,0.03710462287106541,-0.33606557376949436
2009-12-31,50.64398058252278,54.636151809354075,50.62868490732419,51.99,1132483.2386999999,0.07913017215344599,0.3358778625957195
2010-01-04,51.546347826085466,53.075913043476724,50.628608695650705,52.77,771997.875,0.047477744807140204,0.5000000000004199
2010-01-05,52.554080046068165,54.26713504174908,51.88109415490781,53.12,714661.4371999999,0.04540162980211349,0.23717948718002924
2010-01-06,53.11931274345984,58.16664162492882,52.76752921535746,54.97,811023.4776,0.10164123236396742,0.342776203966227
2010-01-07,54.606637931032914,54.606637931032914,52.63345689655021,53.23,618287.0759999999,0.036134453781530344,-0.6976744186035224
2010-01-08,52.79529411764555,53.57529411764553,50.92941176470442,53.56,377041.7794,0.050115874855174554,0.289017341040933
2010-01-11,53.22771929824405,54.25250584795162,52.019388888887356,52.31,302530.46400000004,0.04195402298852374,-0.4109589041087143
2010-01-12,52.31113043478109,53.51948695652019,51.546347826085466,52.77,278106.22500000003,0.03771929824563241,0.23255813953554327
2010-01-13,52.15008542141082,54.13821184510097,51.232488610476906,53.71,597514.12,0.05571847507333187,0.5368421052634978
2010-01-14,53.53275582024761,58.1212777476974,52.95154304277063,56.5,755623.2147999998,0.09657142857144542,0.573964497041604
2010-01-15,56.43942857142703,57.47950476190319,55.52171428571277,56.21,430827.23250000004,0.03468834688348598,-0.11718749999915525
2010-01-18,56.20762711864255,57.232364810329365,55.779378531071934,56.85,361069.0083,0.025850340136071827,0.4421052631586476
2010-01-19,57.20510967741788,60.5701161290307,56.134425806450174,59.27,728789.85,0.07754010695188772,0.465517241379551
2010-01-20,59.37296529968298,60.12239221871557,57.98117245005105,58.18,562023.1212,0.036063884595585745,-0.5571428571418793
2010-01-21,57.96178627553541,58.95585385018179,55.820717653220115,58.39,328330.81899999996,0.054089709762549246,0.1365853658541039
2010-01-22,57.35294117646906,58.46941176470432,55.9764705882338,57.2,224889.566,0.04346666666668325,-0.06134969325089645
2010-01-25,57.267016706442384,58.73540175019732,56.89992044550366,57.68,171083.10510000002,0.03205128205129882,0.22500000000071801
2010-01-26,56.832332125938784,58.11702424073396,51.99944274170933,54.89,367717.4552,0.10764262648010188,-0.31749999999969686
2010-01-27,53.917095115679686,55.370179948584536,52.96876606683653,53.55,194226.37739999997,0.04453900709221636,-0.1528662420375137
2010-01-28,53.54702961918043,54.58707475317193,53.54702961918043,54.22,100237.35650000001,0.019423021993734343,0.6470588235302684
2010-01-29,54.03868645232057,55.797658697442806,53.54923330585177,55.66,153007.21349999998,0.0416076988395309,0.7210884353745134
2010-02-01,55.65470604395451,56.77116483516327,54.59942307692158,55.67,147430.192,0.03902170926080299,0.00704225352182992
2010-02-02,55.82831661092375,56.74604236343209,54.879999999998475,54.88,121201.92240000001,0.03342465753426386,-0.5081967213103821
2010-02-03,54.87470042193939,55.364106891700274,51.999437412094174,54.37,190712.952,0.06131549609812201,-0.14999999999950211
2010-02-04,54.308824191278354,54.599409282698886,52.76413502109556,54.37,213745.797,0.03379329766264804,0.03333333333415001
2010-02-05,53.526437445823355,53.526437445823355,51.997110661656976,52.93,143015.0959,0.028571428571446674,-0.38999999999874263
2010-02-08,52.93950468933022,53.490161195778036,52.09822391559051,52.19,79056.3812,0.026292978907848395,-0.538461538460058
2010-02-09,51.71475806451459,52.6172043010737,51.17940860214902,51.21,239277.20759999997,0.02780242531797193,-0.3510638297859316
2010-02-10,51.69763872490992,51.927066115700946,50.3210743801638,51.82,153380.1808,0.031065088757415246,0.07619047619138393
2010-02-11,51.82225058004491,52.770591647330264,51.332784222736336,52.74,128973.47439999999,0.027744982290455626,0.6382978723410407
2010-02-12,52.73940869565064,52.89236521738977,52.14287826086806,52.77,129298.41,0.014211136890969776,0.04081632653261232
2010-02-22,52.73350929813878,52.764097180562295,50.92882423515143,50.99,121087.21260000001,0.03480278422275616,-0.9499999999986403
2010-02-23,50.7788327789522,50.916486241304774,47.71986694889483,50.58,214955.0,0.06295180722893409,-0.06220095693730199
2010-02-24,49.55007518796843,51.23233082706612,48.90775939849477,50.85,129551.31000000001,0.04691358024693271,0.55921052631621
2010-02-25,50.82865474794693,52.618288393902326,50.49214243845104,52.19,179641.8,0.0418296719831666,0.6402877697845899
2010-02-26,52.337065956815955,52.44412599822382,51.54176279207183,51.71,168525.945,0.01724137931036341,-0.694915254234823
2010-03-01,51.71116094986656,52.537071240104,50.47229551451039,52.17,200568.5055,0.039929015084313124,0.22222222222285523
2010-03-02,52.29653846153691,52.77071005917004,51.39408284023517,51.7,96978.62199999999,0.02632348639955066,-0.4333333333319033
2010-03-03,51.54059084194826,52.4429335302791,50.791187592317556,51.77,104554.86450000001,0.03204747774482584,0.13888888888973122
2010-03-04,51.76817906835899,52.4257955232894,50.48353297035539,50.56,139514.1918,0.03751846381094937,-0.6220472440933754
2010-03-05,50.54468215158769,51.217591687040006,49.85647921760239,50.04,69533.9264,0.026928895612727335,-0.37078651685253344
2010-03-08,50.19968181818039,54.75772727272571,49.71022727272586,53.84,383906.688,0.10054844606948764,0.7212121212122838
2010-03-09,53.98991891891746,57.76768378378223,53.22518918918775,56.59,706009.2100000001,0.08413597733712759,0.5723905723907826
2010-03-10,56.58881754949019,57.79706527554687,55.24292134831312,57.17,340240.9836,0.045135135135152125,0.22754491018015274
2010-03-11,56.71179999999842,57.27769444444286,54.876466666665145,55.06,179881.92,0.042340884573911206,-0.6878980891710473
2010-03-12,54.91005933879472,55.659528115285234,53.93116134501119,54.13,96404.4834,0.031476323119794855,-0.4513274336271693
2010-03-15,53.558221070810205,55.072288428323105,52.79354058721783,53.13,79705.719,0.042547115933769836,-0.18791946308649554
2010-03-16,53.01171227080244,54.28117912552738,52.84346967559794,54.22,113210.63850000002,0.027120600115425268,0.8404255319153778
2010-03-17,55.064649243464785,55.814140302611946,54.34574965611955,55.6,378107.61100000003,0.026666666666684356,0.3645833333341272
2010-03-18,55.60065295915376,56.48781606001509,54.65230619616407,55.05,163370.84660000002,0.033012379642383356,-0.2999999999989969
2010-03-19,55.60643869891421,55.60643869891421,54.612374200721305,55.01,75945.97889999999,0.017876787678785443,-0.5999999999978568
2010-03-22,55.01122327469403,56.50999999999846,54.521826792961974,56.51,119091.32800000001,0.03614122880179692,0.7538461538465471
2010-03-23,55.610536277601064,60.30592534174395,55.610536277601064,58.18,401695.5528,0.08443344334435095,0.5472312703585145
2010-03-24,58.24122706107756,58.883593536015916,55.05998356614475,55.84,915398.4354,0.06565126050421774,-0.6279999999994342
2010-03-25,55.80939492166245,57.09412749864782,54.754078876281596,56.62,429935.47200000007,0.04192929569746853,0.34640522875867674
2010-03-26,57.04413333333181,58.879333333331765,57.04413333333181,57.35,333813.75,0.03217158176945408,0.16666666666741214
2010-03-29,57.372343085104845,58.38182712765801,56.240497340424035,57.51,225639.48,0.03732338043190149,0.06428571428640359
2010-03-30,57.50416558861429,59.38528589909289,57.50416558861429,59.11,354236.9125,0.03271276595746354,0.8536585365857288
2010-03-31,58.873436619716806,59.80647887323791,58.15453521126612,59.73,246088.414,0.028059236165254173,0.5185185185191277
2010-04-01,59.499976722531194,65.70999999999846,59.499976722531194,65.71,808937.6592,0.10437017994860115,1.0000000000000862
2010-04-02,63.930565329578606,68.82477128782386,61.88111658456341,65.2,745012.5375000001,0.10861244019140158,0.18281938326010647
2010-04-06,65.25128755364652,65.77134000953588,63.66053886504379,64.15,310191.5952,0.03234880450071814,-0.5217391304338104
2010-04-07,64.5417471264353,68.18177931034326,64.23586206896404,66.53,492166.83,0.0611374407583084,0.5038759689925084
2010-04-08,66.52823691459902,67.75174471992497,65.18237832874047,66.62,331958.9988,0.03862068965518669,0.035714285714870335
2010-04-09,66.68568950563603,72.57421942757867,66.68568950563603,70.54,684453.5451999999,0.0883027522935917,0.6545454545456015
2010-04-12,70.66343949044436,72.6518046709114,69.21040339702613,72.04,420494.199,0.04870129870131215,0.40000000000032976
2010-04-13,72.33994697304303,72.33994697304303,66.52828104286198,69.22,448110.66059999994,0.08033826638479077,-0.5368421052628013
2010-04-14,69.23530263157743,71.88114035087561,69.23530263157743,69.74,265104.26399999997,0.03821515352331849,0.19075144508721056
2010-04-15,68.82295508787004,70.65823389021325,67.59943588630792,70.49,270560.7443,0.04444444444445837,0.5450000000003264
2010-04-16,70.32946123521528,70.8189224704321,68.98344283836906,69.84,113485.64699999998,0.02609830361027928,-0.26666666666568367
2010-04-19,68.89939841089515,70.35232690124698,67.29353007945363,67.37,218456.28399999999,0.044395116537194836,-0.49999999999933475
2010-04-20,68.07236982643374,69.40292389852985,66.52770360480494,68.73,168693.07559999998,0.04223769939340889,0.22872340425576876
2010-04-21,69.1356745181998,71.42999999999847,68.67680942184006,71.43,270438.29900000006,0.039823008849571566,0.8333333333335846
2010-04-22,71.42835198595411,72.63666886109124,69.2870309414073,69.7,495502.2051,0.04689507494648035,-0.5159817351592048
2010-04-23,69.69999999999847,69.69999999999847,69.69999999999847,69.7,0.0,1.4347202295552477e-14,1.5347723092418164
2010-04-26,69.71677746998915,69.74736842105102,64.71515697137431,66.26,497444.8596,0.07218078104433101,-0.6869300911849681
2010-04-27,65.76999999999846,66.25945116278915,64.05692093023106,65.77,502132.07,0.033488372093037976,6.968223575567385e-13
2010-04-28,65.00294811320602,65.3394339622626,64.05466981131924,64.85,81968.952,0.019764705882367933,-0.1190476190463431
2010-04-29,64.25117942583579,67.29473684210366,63.91470574162526,63.93,142640.40999999997,0.05260652225662047,-0.0950226244339093
2010-04-30,63.92941176470437,64.99999999999847,61.32941176470444,65.0,172591.65,0.05741626794259841,0.2916666666670067
2010-05-04,64.69119718309707,66.26642018779187,61.34193661971687,65.15,122175.948,0.0761229314420946,0.09316770186364666
2010-05-05,65.64820393974355,66.45886442641793,64.31749710312712,66.0,183802.603,0.03261882572228892,0.16428571428635144
2010-05-06,66.53340013359905,71.12191048764036,65.7686484079255,68.69,526939.3592999999,0.08045977011495638,0.40285714285735436
2010-05-07,67.82396088019408,71.33847521671322,65.0493442987316,69.35,503664.8496000001,0.09272727272728597,0.2426470588237374
2010-05-10,69.67019990701837,69.82433751743211,66.20210367270883,66.31,370927.4742,0.05199115044249124,-0.9276595744674074
2010-05-11,66.30999999999845,66.30999999999845,66.30999999999845,66.31,0.0,1.5080681646810562e-14,1.5489831639570184
2010-05-12,64.59156479217445,64.59156479217445,60.398508557455735,63.05,518801.36699999997,0.06491646778044399,-0.36764705882307347
2010-05-13,61.657405170329504,63.92331481033911,61.657405170329504,63.8,135445.87769999998,0.03675000000001553,0.9455782312927831
2010-05-14,61.6696214130682,64.42864721485255,61.6696214130682,63.92,115115.7436,0.0447388152961913,0.8156424581008259
2010-05-17,61.66334661354428,63.975722111552194,61.66334661354428,61.91,123251.04,0.037500000000015715,0.10666666666728712
2010-05-18,62.680811881186564,63.23578217821626,59.50514851485001,62.28,173555.97599999997,0.059517953762927026,-0.10743801652848228
2010-05-19,60.89049638313641,62.94073334996099,60.45886754801544,61.8,73565.15000000001,0.04075949367090171,0.3664596273296709
2010-05-20,60.888601705865575,62.26052209873191,58.7305246833792,59.64,126465.22919999999,0.05797468354431922,-0.3537117903924763
2010-05-21,57.03119496855202,61.65534591194813,57.01578113207404,61.27,163162.62000000002,0.08135135135136738,0.9136212624586092
2010-05-24,61.630136785538305,64.05032975085334,61.291001465557855,63.11,122947.73279999998,0.04477238619311196,0.5363128491623779
2010-05-25,62.121220423410655,63.97098381070825,61.55087671232724,61.89,150442.4515,0.03895781637718667,-0.09554140127320794
2010-05-26,61.81501740427495,62.847836897064575,60.92093485827795,62.0,61890.133799999996,0.031172069825452026,0.096000000000748
2010-05-27,62.05693946731084,63.93745278450208,61.34789346246824,63.66,123248.699,0.04172876304025389,0.619047619047976
2010-05-28,63.96950651768938,67.05237430167442,62.44348696461679,66.22,245325.228,0.072048192771099,0.488294314381499
2010-05-31,65.82442222222076,71.2198666666651,64.76074888888745,69.37,516195.0,0.09812646370024813,0.5489260143199619
2010-06-01,68.40810400367997,70.59691670501446,66.46591808559441,66.99,330161.7086,0.06038756196486268,-0.3432835820890964
2010-06-02,66.74223489167464,67.74413911060279,64.90797947548312,67.59,117995.96500000001,0.042494226327959066,0.298913043478701
2010-06-03,67.67505617977375,68.93914606741417,66.62678651685243,68.6,363041.235,0.034168564920287504,0.4000000000004981
2010-06-04,67.59721111110962,69.662895555554,67.59721111110962,69.37,148861.35,0.03055872291905635,0.8582089552242155
2010-06-07,68.96381248611266,70.13530326593934,67.54569206842773,69.38,179789.7444,0.037550290567738724,0.16071428571481897
2010-06-08,68.13340807174735,69.52073991031234,68.13340807174735,68.75,80975.314,0.020361990950240598,0.44444444444523373
2010-06-09,69.30515283842642,70.90829694322989,68.45733624453997,70.6,278260.648,0.03536476868328808,0.5283018867928666
2010-06-10,70.604135503738,71.77573251209697,69.6946062472488,70.08,159854.6348,0.02947598253276475,-0.2518518518509892
2010-06-11,70.08032454360898,70.75862068965358,68.13793103448124,68.4,159783.4692,0.03739551253850893,-0.6411764705874082
2010-06-17,69.06060324825825,70.07801392111206,66.07003248259707,66.44,130657.65000000001,0.05803571428572795,-0.6538461538456035
2010-06-18,65.59169590643121,67.28736842105106,65.34505263157742,65.9,140818.5,0.029612220916583547,0.15873015873087448
2010-06-21,65.515081206495,67.21076566125133,65.515081206495,66.44,129551.70400000001,0.025882352941191206,0.5454545454551357
2010-06-22,66.43469884853707,70.44236049601263,66.43469884853707,69.61,227836.2644,0.0603248259860931,0.7923076923078759
2010-06-23,70.1338883888373,70.1338883888373,67.8217821782163,68.5,85899.8536,0.03296703296704676,-0.7066666666656944
2010-06-24,68.74586129753762,69.80941834451745,68.12930648769424,68.9,65179.75200000001,0.024439461883422095,0.09174311926691975
2010-06-25,68.36121040723826,68.88528733031517,66.74273755655956,68.13,58824.012,0.0313416009019307,-0.10791366906397525
2010-06-28,68.12843568945382,68.74498261877014,66.29420857473775,66.51,74268.4855,0.03597285067874714,-0.6603773584896719
2010-06-29,66.28370370370206,66.7615629629613,61.65925925925773,62.43,130219.245,0.07697674418606043,-0.7552870090629927
2010-06-30,62.11725768321366,65.66241134751618,60.899574468083664,65.2,156312.036,0.07667493796527555,0.6472491909386991
2010-07-01,65.23816226783809,65.23816226783809,62.35547409579515,63.08,118258.8,0.0441871455576706,-0.748663101603484
2010-07-02,63.67384844720339,65.90882981366296,58.571925465837055,62.04,234916.71,0.11522633744857359,-0.22268907563001217
2010-07-05,59.347749999998506,62.02995999999845,59.347749999998506,61.66,65957.6,0.04519480519482143,0.8620689655174948
2010-07-06,60.45424338110127,64.06115132377789,60.43882924459411,63.46,85841.92020000001,0.05991840897502827,0.8297872340427517
2010-07-07,63.512542047091216,65.48574723690375,63.512542047091216,64.16,91257.2606,0.03106796116506363,0.3281250000006159
2010-07-08,64.29298571428417,65.27949999999844,62.98277142856992,64.74,94901.1,0.03572284823784767,0.194630872483811
2010-07-09,63.9676234979959,69.62451935914397,63.9676234979959,69.27,309619.0734,0.0884337349397733,0.9373297002725863
2010-07-12,68.98249049004097,70.13862161557239,67.98051018124708,68.89,132294.0194,0.03128491620113139,-0.04285714285640929
2010-07-13,68.01137769864081,69.66079234364412,67.56434008457451,69.26,93545.1586,0.03082502266547196,0.5955882352945763
2010-07-14,69.52285650324447,70.01614506379964,68.28963510185653,68.86,75428.4219,0.024833702882497522,-0.3839285714274541
2010-07-15,68.59137931034324,69.97862068965355,66.89586206896396,67.05,77295.15000000001,0.0449438202247331,-0.4999999999993353
2010-07-16,67.79458513298322,67.82541486701368,66.43807683564295,67.81,53224.820700000004,0.020463847203288626,0.011111111112225193
2010-07-19,67.36305374409564,69.18201034405061,67.08558578817029,68.55,116333.52,0.03112128146454523,0.5661764705886961
2010-07-20,68.55209250112104,70.0627974854048,67.82757072294415,68.66,267762.0088,0.032606251405455935,0.04827586206963629
2010-07-21,69.28987112819198,69.28987112819198,68.1183404928766,68.18,127093.57809999998,0.01690767519467503,-0.9473684210505026
2010-07-22,68.17949052906448,71.21619856302915,68.17949052906448,70.8,308092.4691,0.04453990504184097,0.8629441624367697
2010-07-23,70.90580026166438,71.2603292629727,69.07149803750394,70.69,298805.8746,0.030869565217404842,-0.09859154929502147
2010-07-26,69.82481092436828,73.81700210083879,69.68608613445232,73.37,400870.54,0.05916114790288324,0.8582089552240476
2010-07-27,73.97389037433013,80.70999999999844,72.81780748662962,80.71,827399.5268,0.10668889351949523,0.8535156250000888
2010-07-28,82.39550406203688,84.69240398818158,79.38949409157902,83.49,811147.2792,0.06435921421890749,0.20639534883746133
2010-07-29,83.23804463336728,91.40770456960517,82.62146652497196,87.03,806714.595,0.10555555555556626,0.4315789473685479
2010-07-30,85.3628664613139,88.5689835115041,84.6229932958854,85.07,478065.7142,0.046226074395099744,-0.07421874999958974
2010-08-02,84.0702691065647,87.92387513455171,84.0702691065647,85.92,553832.0826,0.04583791712505718,0.4800000000002753
2010-08-03,85.98826134301113,86.48156079854651,83.24428312159557,84.94,445264.753,0.03764790247401621,-0.3238095238089448
2010-08-04,84.9329419771978,90.7595575974121,84.00808235494156,90.59,773611.2549,0.07949183303086385,0.8378995433791011
2010-08-05,89.87077783259183,98.61121197171354,89.10001644466222,93.74,897486.2766000001,0.10583190394512161,0.40680713128050916
2010-08-06,93.6396189224689,96.02877792378291,91.3891852825215,93.84,536553.704,0.04954732510289075,0.043189368771087255
2010-08-09,92.29929778072055,96.02949652202555,91.97560284862384,93.07,759417.9778,0.04392117568471306,0.1901140684414
2010-08-10,93.87942735948933,93.87942735948933,86.94252386001966,87.22,1686103.8029999998,0.07389162561577352,-0.9599999999996381
2010-08-11,85.01146797152873,88.60306761565677,85.01146797152873,86.63,571650.664,0.04224841341796218,0.45064377682433976
2010-08-12,86.3987811387885,88.34101957295216,85.10395551601272,86.63,442637.944,0.037466547725256476,0.07142857142902569
2010-08-13,86.89003467153125,86.89003467153125,82.46614963503498,84.47,1960560.42,0.05091360652830616,-0.5470383275256585
2010-08-16,84.31819154627993,86.47624398073683,83.23916532905149,86.43,943547.0814,0.038391224862899906,0.6523809523812276
2010-08-17,86.4638250883377,88.54487632508678,85.55432862190662,87.25,824891.796,0.03458727045820331,0.2628865979385706
2010-08-18,87.27613259668348,87.67690607734646,83.53044198894874,83.7,2406206.217,0.047509713882031485,-0.8624535315979325
2010-08-19,83.5516320474762,84.15283382789163,81.8867655786335,83.12,758355.1440000001,0.027121771217723915,-0.19047619047542733
2010-08-20,82.51424596549651,83.93238731218541,82.51424596549651,83.1,606604.4846999999,0.017186624322821538,0.41304347826166726
2010-08-23,83.11599561563604,85.08907563025053,83.11599561563604,84.38,480971.9152,0.023738872403572465,0.6406250000004589
2010-08-24,84.41425063199559,85.73996749728988,80.96122065727553,85.37,765284.0364000001,0.05661066471878389,0.20000000000028229
2010-08-25,85.02401612312045,86.30338402345022,83.23598387687645,84.13,615865.4376,0.036076867295152686,-0.2914572864315594
2010-08-26,84.7814814814799,85.05894814814657,82.48467407407254,83.24,394176.77999999997,0.030363636363647802,-0.5988023952087473
2010-08-27,82.7954486466429,84.35239154616085,82.3175750834245,83.15,308439.1686,0.024576428970408456,0.1742424242430927
2010-08-30,83.56019207682928,90.21911164465631,83.56019207682928,89.88,1656767.2779,0.07969009407859445,0.9490740740741636
2010-08-31,88.60549439171545,90.73276617773786,88.22011906816067,89.33,1002399.9765,0.02835768963118714,0.28834355828271163
2010-09-01,89.30022084805496,89.79350706713622,84.78356890459214,87.25,709152.1540000001,0.05610219230106349,-0.40923076923038104
2010-09-02,87.09302121690186,89.74434858846064,87.09302121690186,87.91,563144.4459,0.03044247787611729,0.308139534884184
2010-09-03,88.83231134564487,88.83231134564487,86.48934564643646,87.63,406221.675,0.026375151830654774,-0.5131578947359631
2010-09-06,87.97451413427406,89.3927120141327,87.09584805653556,87.25,440530.25200000004,0.026108288067296943,-0.31543624160992684
2010-09-07,86.78787283443317,87.7590337560263,85.24634756206312,86.31,448876.8691,0.02895204262878577,-0.19018404907906464
2010-09-08,85.87298571428418,86.72077142856988,85.41055714285561,86.32,401027.76,0.015257583916723062,0.3411764705891428
2010-09-09,86.6747470534889,86.6747470534889,84.73254215775005,85.01,465981.101,0.022407967277265364,-0.8571428571416172
2010-09-10,85.0095778364101,88.87855408970817,84.0076517150381,87.63,611719.644,0.05729827742521488,0.5379746835445133
2010-09-13,88.63885557649326,91.79902347095954,87.71392838786898,89.98,953477.4521999999,0.04608695652174996,0.3283018867927503
2010-09-14,89.40375667757903,90.76022746854919,88.63303463725507,89.45,609839.0109,0.023793103448286813,0.021739130435496357
2010-09-15,89.44830430145592,89.7103448275846,86.59668681123202,86.72,449094.88739999995,0.03480958125108777,-0.8762376237615989
2010-09-16,86.4032307692292,87.51313846153688,82.47230769230619,85.17,507336.43999999994,0.058340767172178815,-0.2446483180424562
2010-09-17,84.46785586871057,87.2423474848361,84.26747591865707,86.41,319327.2902,0.03521897810220112,0.6528497409329469
2010-09-20,86.4794991893337,87.25026121419407,84.93797513961296,85.57,305621.407,0.026737967914449698,-0.3933333333324992
2010-09-21,85.1680619878859,87.5573922336999,84.16608478802843,86.54,298414.4156,0.03981900452489812,0.40454545454579227
2010-09-27,86.93685314685162,88.63243006992852,85.54956293706144,88.17,473911.152,0.03546099290781252,0.4000000000003736
2010-09-28,88.17120341487296,95.24648005253496,87.27715974388299,93.89,1609214.7905,0.09038461538462564,0.7176015473888847
2010-09-29,93.10846905537308,95.85239413680627,91.72109120521024,94.65,1236814.584,0.044370860927162595,0.37313432835849264
2010-09-30,94.25989780781119,95.4159881325186,92.64137135322082,93.52,482669.8922,0.029435813573190923,-0.2666666666660106
2010-10-08,94.02792792792654,102.87580180180026,94.02792792792654,102.66,1280914.47,0.09409836065574713,0.9756097560976237
2010-10-11,102.66490909090753,107.39736060605898,100.32180606060454,101.74,1301635.5,0.06891891891892798,-0.1307189542481294
2010-10-12,101.68598337949982,101.73222530009076,98.57236072637583,100.16,641402.6346000001,0.031074730938314688,-0.4829268292676541
2010-10-13,100.19686274509647,100.19686274509647,95.72654117646908,98.27,641384.2875,0.04461538461539418,-0.43103448275818007
2010-10-14,98.58735099337585,99.41970198675331,92.32930463576005,93.1,863297.2,0.07191994996873985,-0.7739130434779353
2010-10-15,95.26393388429594,97.11371900826286,92.42759669421335,93.26,723625.98,0.049190938511336886,-0.427631578946945
2010-10-18,91.16348900657853,98.03851709195798,84.78173647889447,96.05,1215435.0606,0.1454176530267258,0.36860465116287944
2010-10-19,92.9488842843466,98.49807140580013,92.25523589416493,96.71,880076.5664,0.0671641791044875,0.6024691358026226
2010-10-20,93.72568705321534,99.24440349483558,92.61577760126937,97.04,834070.5035,0.07072368421053615,0.5000000000001604
2010-10-21,98.5802931854184,99.27397781299366,96.0521980982552,97.27,525269.64,0.03268178264269943,-0.4066985645926954
2010-10-22,97.4650276243079,101.65773480662828,97.4650276243079,100.44,696207.8844,0.04301755495809947,0.7095588235296082
2010-10-25,100.32350391330374,103.28326309451982,99.1211017459347,102.42,687190.2488000001,0.04148740012293521,0.5037037037039505
2010-10-26,102.4111600496262,103.27434863523413,97.64820874689676,99.39,647349.5392000001,0.054936785069244584,-0.5369863013694941
2010-10-27,100.15282115085381,100.15282115085381,97.14684914463304,99.12,395861.021,0.030013852547339025,-0.34358974358911815
2010-10-28,98.65350946999683,99.42424001273119,96.64961005888753,96.85,355633.5075,0.02812500000000982,-0.6499999999992115
2010-10-29,96.85516289945289,99.13664692127671,95.63734372564153,98.89,548969.3985,0.036129237625348205,0.5814977973571025
2010-11-01,100.96392452830037,106.79054490565878,100.96392452830037,102.12,982856.5125,0.05770992366413154,0.19841269841292866
2010-11-02,102.50562568605788,112.33999999999847,102.49021130625546,112.34,1582466.7615999999,0.09609022556391862,0.9984350547731367
2010-11-03,111.75441576086806,123.54643342391138,110.67540760869416,113.45,1024640.7999999999,0.11517241379311143,0.1317365269462167
2010-11-04,114.07263017356323,116.38491321762194,109.29391188250857,115.46,660600.0240000001,0.06216216216217026,0.19565217391323333
2010-11-05,115.5324445893075,119.46316818774291,111.52464797913805,118.23,674910.145,0.06871247498333032,0.3398058252428685
2010-11-08,118.41331909782305,118.76784999332551,114.06646203122763,115.5,682621.2916000001,0.039703202291078044,-0.6196721311470814
2010-11-09,115.53375566817665,118.00012003200696,113.57607895438635,115.58,376720.5144,0.03829219479653913,0.010452961672816697
2010-11-10,115.65450650344152,124.2403468502917,114.40593726090137,120.88,1325337.9941999998,0.08503265360523246,0.5313479623825476
2010-11-11,119.7067990196064,131.79154411764546,119.7067990196064,125.78,1308779.9519999998,0.1009528714911226,0.5025510204082481
2010-11-12,125.87264877479417,130.99017502916985,118.68961493582111,118.89,876340.2618,0.09772226304188816,-0.5676691729321595
2010-11-15,119.01383600493072,126.44353020961621,119.01383600493072,125.01,660578.9639999999,0.062427146742657855,0.8070539419088112
2010-11-16,127.17614678898927,131.02996941895864,121.2566752293563,126.02,893995.11,0.0768484848484922,-0.11829652996828482
2010-11-17,124.82985418875764,124.84526908801531,115.6271593319179,116.29,590158.0672,0.07384539392443304,-0.9264214046820091
2010-11-18,115.6295519505586,121.59524140594668,114.39633449208041,119.73,388043.98020000005,0.06225836555126795,0.5695931477517386
2010-11-19,119.72903773584756,123.30533962263995,119.72903773584756,122.55,422967.03,0.029869962662554653,0.7887931034484874
2010-11-22,122.48397818181671,128.01779999999846,120.2334545454531,127.17,549321.2999999999,0.06355398942865098,0.6019801980199213
2010-11-23,127.16999999999848,127.16999999999848,127.16999999999848,127.17,0.0,7.863489816780719e-15,1.5205614545266144
2010-11-24,127.16999999999848,127.16999999999848,127.16999999999848,127.17,0.0,7.863489816780719e-15,1.5205614545266144
2010-11-25,127.16999999999848,127.16999999999848,127.16999999999848,127.17,0.0,7.863489816780719e-15,1.5205614545266144
2010-11-26,127.16999999999848,127.16999999999848,127.16999999999848,127.17,0.0,7.863489816780719e-15,1.5205614545266144
2010-11-29,135.6509090909076,139.88999999999845,131.02644628099029,139.89,1461160.305,0.06534090909091599,0.4782608695653366
2010-11-30,139.95135286852886,141.63157067474864,130.25541708768242,137.3,1033343.8235999999,0.08128648529574396,-0.23306233062315443
2010-12-01,136.56991334488578,138.55834662044902,132.8396741767749,133.41,783656.5889999999,0.04187358916479256,-0.5525606468999053
2010-12-02,134.12422796709598,136.11273795534507,131.0258519388939,131.18,445020.23799999995,0.03792667509482375,-0.5787878787874661
2010-12-03,131.1774345360187,131.1774345360187,126.39893809581119,127.74,359895.29430000007,0.03642773207991341,-0.719354838709205
2010-12-06,127.73961204819125,127.9554144578298,123.31566265060093,127.94,346928.37999999995,0.03632195004224249,0.04318936877108304
2010-12-07,127.13702857142707,131.021428571427,124.8557142857128,129.48,338931.60000000003,0.048496605237640766,0.38000000000018597
2010-12-08,129.42067772169995,130.25306416726593,127.5863446286935,128.28,258299.06819999998,0.02060505002382852,-0.42774566473913883
2010-12-09,129.3730980817936,135.33847267462738,127.50795512124348,127.77,392555.43539999996,0.06052662933397598,-0.20472440944859618
2010-12-10,127.1745848987986,129.05522724518082,118.81960004847753,127.19,329080.4087,0.08048484848485561,0.0015060240965362383
2010-12-13,127.63562328848522,129.48541493034733,127.41981426360131,129.47,332021.70889999997,0.016183574879234802,0.8880597014928433
2010-12-14,130.74325443786827,131.29816568047184,127.93786982248369,130.25,277372.94,0.025701485498710767,-0.14678899082518415
2010-12-15,131.34785276796077,131.4403404004696,127.78707891637072,130.87,904442.2470000001,0.027813636897085166,-0.13080168776325762
2010-12-16,131.33432016234775,134.24772233496319,128.52882177390322,129.13,568375.2614999999,0.04354460093897434,-0.3854447439349796
2010-12-17,129.13087153232377,129.51624479104504,127.48147398499673,129.47,294493.29709999997,0.015757431061246722,0.16666666666732854
2010-12-20,128.1075465686259,130.25012254901804,123.03626960784165,125.78,373253.088,0.056310913247510794,-0.3226495726493169
2010-12-21,125.78519716382478,127.11087448687489,120.85244433387088,123.92,636201.6366,0.04975490196079176,-0.29802955664995184
2010-12-22,123.77852365930443,123.77852365930443,120.2331861198723,122.16,328074.39499999996,0.028642590286433702,-0.4565217391298714
2010-12-23,121.6412632911377,121.77999999999847,120.39263291139088,121.78,192632.81,0.011405398555324414,0.10000000000103622
2010-12-24,121.01829019607688,121.46530718954091,114.09723398692662,117.92,714089.25,0.060883963826271925,-0.42050209204994626
2010-12-27,117.47852679147685,122.08764364105718,115.01210974822318,119.39,423479.561,0.0602283164939065,0.27015250544680314
2010-12-28,115.62920297283297,120.96285238339158,115.04342644797391,120.3,284742.98720000003,0.051193174243442455,0.7890625000001245
2010-12-29,120.2377358490551,122.54999999999846,118.72705660377208,122.55,356413.605,0.03179487179487994,0.6048387096776598
2010-12-30,122.53530853224831,122.53530853224831,121.00920518029302,121.41,206841.0872,0.012454396779477156,-0.7373737373722417
2010-12-31,121.41020947630771,123.62999999999846,121.16356608478651,123.63,587703.996,0.020314880650084348,0.9000000000002539
2011-01-04,123.00733786287681,125.13453242742281,123.00733786287681,124.78,598311.9735000001,0.017293233082714857,0.8333333333336574
2011-01-05,123.47567088607438,124.86303797468197,121.16339240506176,121.78,305767.13,0.02996254681648734,-0.45833333333279025
2011-01-06,121.77755359394551,124.24393442622795,121.16095838587489,122.24,266188.689,0.02531645569621061,0.15000000000044547
2011-01-07,123.14834104841582,124.55108219692075,122.02306518203274,123.21,299548.8652,0.020528226311185924,0.024390243903040044
2011-01-10,123.1673003300314,123.90722904290266,114.38064686468498,116.77,257855.27250000002,0.0773466833542001,-0.6715210355984766
2011-01-11,115.61301369862856,115.79799452054637,109.29283561643688,112.53,503078.76999999996,0.056266666666674764,-0.4739336492887916
2011-01-12,110.98248540450223,113.29462051709602,108.51620795106885,110.89,196004.127,0.04305555555556411,-0.019354838709354328
2011-01-13,110.98694370349416,115.28768777200457,109.59960690720047,109.8,359082.53910000005,0.05125000000000883,-0.20867208672055934
2011-01-14,109.79999999999846,109.79999999999846,109.79999999999846,109.8,0.0,9.107468123861611e-15,1.5347723092418164
2011-01-17,109.00925951366797,114.38881714521068,106.35801621101653,112.2,801455.0229000001,0.0736708144796465,0.39731285988497866
2011-01-18,112.83283887467887,121.7731457800496,111.10643478260728,120.54,1049346.25,0.09453551912569112,0.7225433526012326
2011-01-19,120.54243902438874,123.31707317073017,118.84682926829119,123.24,636776.9654999999,0.03708439897699019,0.6034482758622748
2011-01-20,123.25833999999846,123.31999999999846,119.9286999999985,123.32,605690.4,0.027513756878447117,0.0181818181822666
2011-01-21,123.31702421276978,128.080144272988,120.23409860745053,122.87,375162.2889,0.06362500000000758,-0.05697445972475061
2011-01-24,122.7981395348821,125.9582724252475,114.30431893687557,116.0,250760.09,0.09490333919157141,-0.5833333333331523
2011-01-25,114.06746712406928,117.90568324756836,106.9305431675228,107.84,341343.23519999994,0.09621621621622395,-0.5674157303368886
2011-01-26,107.83841221373896,112.32397224149743,107.83841221373896,111.06,405841.79899999994,0.04159519725558376,0.7182130584194232
2011-01-27,110.96801104972221,112.06243093922497,107.91596685082725,111.6,225085.084,0.03736630087513012,0.1524163568776615
2011-01-28,111.74551366120066,113.91907103824984,109.67986338797667,112.84,300614.83200000005,0.03793626707132885,0.2581818181821208
2011-01-31,112.8527171801261,113.05311129614054,110.2167638079363,111.08,212722.5612,0.025133178527532246,-0.6249999999992361
2011-02-01,111.12409756097406,112.20312195121795,109.45931707316922,110.6,134751.5225,0.024691358024700072,-0.1910112359544286
2011-02-09,109.45740331491562,111.75414364640729,108.82541436463937,111.6,248421.776,0.026756794817640202,0.731578947368693
2011-02-10,111.1529295660388,114.0970717858576,109.90436663512087,114.02,210065.9236,0.03772014977119157,0.6838235294119662
2011-02-11,114.0197821438103,115.60745789895597,112.5708353381434,115.33,254154.5616,0.026632418548068543,0.4314720812186353
2011-02-14,115.55341798941649,119.45349999999844,114.5360052910038,116.54,330571.584,0.04255602988261229,0.2006269592479176
2011-02-15,116.73342309207783,119.58509129121084,116.73342309207783,117.35,380659.8969,0.024428892116738772,0.2162162162166713
2011-02-16,115.76558842866383,117.59995660749355,115.73475871137259,117.23,235792.26449999996,0.016111850865521256,0.7851239669425496
2011-02-17,118.35897823779038,118.35897823779038,113.3181621549879,116.17,365557.04160000006,0.04258921594165954,-0.43425076452560574
2011-02-18,115.48276697153015,121.77173773025736,113.75638284168346,119.66,591823.9495,0.06940736785905766,0.5211538461539713
2011-02-21,118.68929032257913,120.69313548386941,115.79142193548239,119.46,476928.02499999997,0.04129870129870928,0.15723270440279472
2011-02-22,118.12129355226115,118.53748498197682,114.06728073688275,115.47,282455.646,0.03784418635000173,-0.5931034482753856
2011-02-23,114.10104255318997,117.39982978723248,114.10104255318997,115.92,115333.48800000001,0.028911105106736404,0.5514018691591802
2011-02-24,116.6844609863071,117.30102352784637,115.91375780938301,115.96,88686.39009999999,0.011889035667115414,-0.5222222222207409
2011-02-25,116.84027131267302,116.84027131267302,115.28342864742503,115.9,145844.5392,0.013324538258583478,-0.6039603960382431
2011-02-28,115.85948119325401,119.46660181582206,115.85948119325401,118.85,263009.688,0.031133581692397935,0.8290598290600241
2011-03-01,119.9286999999985,123.73620499999845,119.9286999999985,123.32,808676.0,0.031748071979442495,0.8906882591094818
2011-03-02,123.60009641532604,125.09538318912082,121.47278121137056,124.71,319090.634,0.029309054627096907,0.3063829787237439
2011-03-03,124.78171302149023,124.82795701643334,121.92999999999847,121.93,198684.17099999997,0.023224212476845515,-0.9840425531906195
2011-03-04,121.46673407482152,123.99472194135333,120.23356926187917,121.96,114314.9496,0.030964467005084092,0.13114754098398043
2011-03-07,122.70156803237074,122.85571573090388,120.69764795144008,121.9,277244.9904,0.017587939698500466,-0.37142857142768926
2011-03-08,121.77271589486706,124.08485607008605,120.38543178973565,123.16,359601.13600000006,0.030379746835451065,0.37500000000031347
2011-03-09,123.92205684367835,126.09558713537615,123.16671652954224,123.66,435091.62059999997,0.023634780445336796,-0.08947368420997527
2011-03-10,123.32084592144867,127.63707552869937,122.55009063443961,127.56,824727.0475,0.041250000000007774,0.8333333333334721
2011-03-11,127.55302565361326,128.7090953725282,124.99425800908156,125.58,404942.56149999995,0.029123867069494113,-0.5311203319496481
2011-03-14,125.57282577565483,130.27448448687198,124.55541766109639,129.18,344669.39999999997,0.045543825190285124,0.6307277628033923
2011-03-15,129.12814363307027,131.33243210621447,125.62902836451268,127.71,396013.05799999996,0.04416855676257148,-0.24864864864833777
2011-03-16,128.6941994499566,130.25104627525855,127.35315317469657,128.91,291754.9632,0.02251766678644915,0.07446808510688664
2011-03-17,128.8369849488245,129.25318482841507,127.6346297411183,128.02,249255.4735,0.012562814070359264,-0.5047619047606631
2011-03-18,127.01381395911304,128.83270110076052,126.39724204669014,127.43,132276.1335,0.019174757281561174,0.17088607594992333
2011-03-21,127.94296296296139,128.40540740740582,122.54777777777628,124.86,414806.67,0.04578313253012783,-0.5263157894733335
2011-03-22,125.95100266531125,126.64465033633549,121.00298261200506,121.45,326260.72310000006,0.04479255905030747,-0.797814207649856
2011-03-23,120.83659187075112,120.85200666751994,117.18328503654165,120.22,470884.1225,0.030361015435650434,-0.16806722689029277
2011-03-24,119.92398025461003,120.0472954014014,117.88928033255239,118.66,475509.30900000007,0.017994858611833274,-0.585714285713305
2011-03-25,118.23339818417487,120.39150453955745,117.94051232165867,118.85,390467.553,0.02073011734029487,0.25157232704454674
2011-03-28,119.86530808215366,119.88072285942758,114.06935182715239,115.58,594458.6854,0.04848251028807373,-0.7374005305035908
2011-03-29,115.6269013513498,116.35139999999843,112.51309864864712,114.07,274675.42,0.0331955739234854,-0.4056224899593349
2011-03-30,112.52740184912084,115.42536781455024,112.52740184912084,115.04,132410.0386,0.025753424657542847,0.8670212765959793
2011-03-31,114.98994082840083,117.70284023668484,114.37337278106358,114.62,177270.522,0.028954423592501728,-0.11111111111061725
2011-04-01,114.53597399150593,116.44747611464817,114.10434447982864,116.17,124539.18239999999,0.020457604306872844,0.6973684210529781
2011-04-06,115.61448377978037,116.47773859200274,114.227109974423,114.52,138931.21480000002,0.019466666666675247,-0.48630136986210865
2011-04-07,115.61090610905953,116.38164548311993,111.37183955172735,112.79,210452.2857,0.04333333333334159,-0.5630769230765053
2011-04-08,114.07282149188445,114.08823673803201,112.6392036001621,113.04,117528.9242,0.012702702702711538,-0.7127659574452487
2011-04-11,113.45406737879878,113.45406737879878,111.26514379621872,112.56,376028.17319999996,0.019293478260877985,-0.40845070422446855
2011-04-12,111.69443902438874,115.45560975609602,111.40156097560826,113.76,306658.188,0.03629588738615281,0.5095057034223046
2011-04-13,113.43901436552125,116.50660015961537,112.77616919393306,115.89,214907.29260000004,0.03288490284006835,0.6570247933886639
2011-04-14,115.90678510330154,117.44830372417269,115.42891433083149,117.14,197756.376,0.01742252959170948,0.6106870229012237
2011-04-15,117.13999999999847,117.13999999999847,117.13999999999847,117.14,0.0,8.536793580331267e-15,1.5347723092418164
2011-04-18,116.22773284633297,118.52454082963582,110.98669449517206,118.17,619273.2788,0.06485411140584356,0.2576687116566095
2011-04-19,115.38103380244489,118.38695251874105,114.70277522030626,117.2,220217.0935,0.031930527722119365,0.49372384937266756
2011-04-20,117.29213743455344,118.04746858638588,115.67357068062675,117.77,233302.68,0.020239190432390985,0.2012987012992648
2011-04-21,117.70319788918053,118.9979947229536,116.83999999999848,116.84,196473.6,0.01833420639078891,-0.3999999999991087
2011-04-22,114.53073170731557,118.60019512194967,114.53073170731557,116.92,181384.656,0.03553162853298292,0.587121212121445
2011-04-25,117.99782831518108,120.97282254964614,116.37930813580891,120.31,559975.1884999999,0.038928804702816774,0.503355704698209
2011-04-26,120.07878283151675,122.00559256886459,118.96894042280441,120.31,338256.9925,0.02528883183569488,0.07614213198016943
2011-04-27,120.2307096774178,121.52550193548231,119.16713032257911,119.46,483733.30000000005,0.019615384615392795,-0.3267973856201263
2011-04-28,117.22696636652388,119.36957627118487,115.76259269067644,116.41,262863.97439999995,0.030769230769239035,-0.22649572649524033
2011-04-29,116.2995981853517,119.15121192482022,115.4672352559933,118.92,201663.928,0.031676607024527896,0.7112970711299331
2011-05-03,118.69022575679685,121.7730887634669,118.53608260646337,120.17,374441.87999999995,0.027272727272735338,0.45714285714319064
2011-05-04,120.31023316062021,122.54533678756319,117.68976683937672,119.0,180710.532,0.040358744394626854,-0.2698412698408988
2011-05-05,117.91928571428419,120.231428571427,117.31812857142704,118.69,166201.42,0.024705882352949463,0.26455026455070085
2011-05-06,118.09667753292324,119.69986960490131,117.00219063763052,118.22,170758.72090000001,0.022842970891536744,0.04571428571483411
2011-05-09,118.19543009320752,118.6886817576549,115.60585885485867,115.76,171028.985,0.026082420448625927,-0.7899999999992529
2011-05-10,115.61507936507786,117.15661375661224,115.61507936507786,116.54,116336.30399999999,0.013333333333341977,0.6000000000005935
2011-05-11,116.7788417596833,118.02740118187631,115.76149704530378,117.38,323670.24450000003,0.019403379091877507,0.26530612244953844
2011-05-12,117.69559105431162,122.34146964856076,116.73544281150012,121.18,495662.8875,0.047631578947376574,0.621546961326128
2011-05-13,120.926664931006,120.94215048164384,118.61931788596566,118.96,191965.498,0.01920860545525206,-0.8466666666656492
2011-05-16,118.03097112860738,119.57952755905355,117.70577427821368,118.0,157752.288,0.015875098399378527,-0.01652892561900028
2011-05-17,117.70663151041515,119.0848567708318,117.69114583333182,118.93,154554.624,0.011840547296416825,0.8777777777782478
2011-05-18,117.7042372881341,122.64406779660861,117.7042372881341,120.6,349783.2228,0.04196816208394448,0.5862068965519148
2011-05-19,120.09337711069269,126.55100938086146,120.09337711069269,123.81,685871.8620000001,0.053771760154746745,0.5755395683454744
2011-05-20,124.04197546012118,126.67457668711502,122.53984417177764,126.21,295796.915,0.03333333333334115,0.5243445692886348
2011-05-23,126.67731790162125,126.67731790162125,120.79255252232834,123.1,408864.764,0.04645476772616887,-0.60789473684174
2011-05-24,120.91632785186947,122.41849022400461,116.27046484526586,119.6,229434.1117,0.05084528688525374,-0.21410579345059574
2011-05-25,117.98548569178107,120.78839590443526,117.0873155683891,117.97,224405.71140000003,0.03136894605592109,-0.004184100417989104
2011-05-26,117.96873947368267,120.01282894736686,116.14144736841953,117.69,249324.84000000003,0.03281701233920487,-0.07199999999958613
2011-05-27,117.68921892189059,117.68921892189059,109.48194444444296,112.61,722727.72,0.06973684210527101,-0.6188679245280401
2011-05-30,111.91812499999844,114.2874999999984,108.51118055555403,111.5,90920.88,0.05161201051612862,-0.07238605898095163
2011-05-31,111.50055248618631,113.49827071823049,109.93644751381063,112.12,145922.924,0.031944444444453234,0.17391304347864675
2011-06-01,111.51514615907396,114.59687287559329,111.51514615907396,113.9,276752.469,0.027635050687413194,0.7738693467339159
2011-06-02,112.5974899792659,113.7124699378008,111.15730753282502,112.04,238613.91749999998,0.022692889561279593,-0.21818181818112636
2011-06-03,112.42937119675304,116.76549019607687,111.56214739688829,114.52,170258.7825,0.04628099173554572,0.40178571428593446
2011-06-07,115.29200404858146,115.4468623481766,113.96022267206327,114.75,69150.12,0.012894560107463116,-0.36458333333206366
2011-06-08,115.06228337081473,117.05999999999847,113.06456674163101,117.06,191556.3985,0.03472409152086976,0.5000000000002626
2011-06-09,115.38815109889953,117.06066758241597,111.96568681318527,112.74,206896.144,0.044155146960147884,-0.5197568389053725
2011-06-10,112.74062285635736,113.97953079983381,111.65657840581545,112.88,106472.6097,0.020604395604404347,0.060000000000633644
2011-06-13,112.45582620689501,112.71907999999846,110.72144827586054,112.27,112333.675,0.01776370145966185,-0.09302325581313846
2011-06-14,112.09813022377848,114.97839714208527,112.09813022377848,114.87,229347.49860000002,0.02569415665147994,0.9623655913980529
2011-06-15,114.85896510066961,115.8345771812065,113.52717718120654,115.37,78367.29500000001,0.020088984764738117,0.2214765100676887
2011-06-16,113.45381140291045,114.58432303714636,111.8122465641569,113.81,137956.1629,0.024433524433532885,0.12849162011223517
2011-06-17,112.5384035812657,114.33480578512241,112.27513774104531,112.43,75860.466,0.01830191275630424,-0.052631578946602434
2011-06-20,112.73717514124135,112.73717514124135,107.62683615819057,109.64,239714.64,0.04532967032967885,-0.6060606060601849
2011-06-21,110.447706730095,110.88132083391478,108.93005736672579,110.68,465314.7261,0.017666853617507413,0.11904761904835152
2011-06-22,111.1878796207213,113.72754706609712,110.69233475333091,112.69,150576.4117,0.02729805013928449,0.494897959184018
2011-06-23,112.64262693156576,112.72005518763642,109.94812362030753,112.24,245576.736,0.024608193566134695,-0.14525139664742873
2011-06-24,113.58658831430337,115.28999999999846,112.25483008730541,115.29,352125.4205,0.02672119972734334,0.5612244897962465
2011-06-27,115.29649238914475,117.35618795499515,115.29649238914475,117.0,244176.84449999998,0.01786433848221135,0.8270676691732768
2011-06-28,116.99457142856991,119.23999999999846,115.08982857142706,119.24,342378.95999999996,0.035473196558578925,0.5410447761196407
2011-06-29,119.1992180645146,120.85626838709523,117.697032258063,120.02,480836.35000000003,0.02650383266208435,0.2598039215690319
2011-06-30,120.01383995973679,123.11097131353644,119.23955712128686,123.08,410450.616,0.0322580645161371,0.7920000000001959
2011-07-01,123.54271736375003,124.88994930291352,120.98762230671583,122.18,459595.656,0.03158686387566604,-0.34920634920586224
2011-07-04,123.73374683544148,124.80228607594779,120.83785063290986,122.34,344475.55,0.032040050062586076,-0.3515624999995215
2011-07-05,123.424305555554,123.424305555554,119.55277777777627,122.65,363885.98400000005,0.03136762860728514,-0.1999999999995475
2011-07-06,121.04243121560631,123.95389194597146,121.0269447223597,123.83,351855.98399999994,0.02418116683726491,0.9523809523811497
2011-07-07,123.82967980295415,126.98891625615609,123.82967980295415,125.75,374779.412,0.025512756378197048,0.6078431372551958
2011-07-08,125.7415006889625,126.20606288362615,122.04048853814206,123.62,292190.57279999997,0.033128078817741574,-0.5092936802969114
2011-07-11,123.73369604208868,131.6315915341369,122.4173801267473,129.51,753553.9691,0.0744680851063906,0.6268907563026188
2011-07-12,129.18193830570755,135.0045718232029,128.56250920810166,134.54,1203572.0976,0.049868137137384645,0.8317307692308751
2011-07-13,134.53650103997995,136.30182805638853,132.52340882828597,134.01,553544.456,0.028084714548810143,-0.13934426229463678
2011-07-14,134.41986508490191,135.47292393579747,132.5615259362627,133.15,315744.35400000005,0.021658986175122595,-0.4361702127652757
2011-07-15,134.56140196645305,134.56140196645305,132.25392712550456,133.88,263133.052,0.017148118310514757,-0.29530201342202567
2011-07-18,134.52619480661627,147.24013586063168,133.9532157335364,141.34,536408.3931999999,0.09876827443306747,0.51282051282059
2011-07-19,141.3352951351336,151.75697297297134,139.36864864864717,143.24,818364.15,0.0876520214747516,0.15375000000011363
2011-07-20,143.3953922106402,146.3066593527137,140.14344487109005,141.15,619361.5155000001,0.04298056155508235,-0.3643216080398865
2011-07-21,141.2426699029111,145.22242718446446,140.91747572815385,143.55,620912.9430000001,0.030479114132229104,0.5359712230218211
2011-07-22,142.51367421396992,144.7126247451428,142.51367421396992,144.31,371571.8275,0.01542975116810441,0.8169014084510332
2011-07-25,145.57079213299855,148.2034553949783,140.92491578832838,142.52,807902.8407000001,0.05000000000000654,-0.41914893616994375
2011-07-26,142.29676999999845,144.00018111110953,137.51173333333182,139.37,915344.1,0.045597997605839775,-0.4510739856798861
2011-07-27,139.42331355093816,142.009528519616,137.6423870755013,140.91,413773.38539999997,0.031322892369217335,0.3404255319151613
2011-07-28,140.8881617340544,150.0246769487271,139.38605669028618,148.6,1029501.1024,0.07551110134096065,0.7248908296943994
2011-07-29,148.35373054213474,148.35373054213474,143.41376811594048,144.25,585034.1640000001,0.03329853862213595,-0.8307210031343136
2011-08-01,144.9204975767351,144.9204975767351,142.93825525040234,143.79,371124.2355,0.013678136353928538,-0.5703124999989322
2011-08-02,143.7430782800425,143.7430782800425,140.15027563395657,140.46,410115.46900000004,0.024994613229914028,-0.9137931034475905
2011-08-03,140.14577022933645,144.4043433578522,138.07068368671423,143.15,359119.2316,0.045193370165752755,0.4743276283620252
2011-08-04,143.92194187298014,144.86655543595108,142.63664800860988,143.86,218588.12600000002,0.015493867010981665,-0.027777777777060413
2011-08-05,141.6980533448038,145.2753484620333,139.37513443751195,143.99,345383.50800000003,0.041639344262301904,0.38845144356975153
2011-08-08,141.157988731794,146.81050281704958,141.09604337195557,145.68,686741.1024,0.04048272078991346,0.7913279132792618
2011-08-09,142.4901945525277,148.66926070038753,139.06770428015417,147.26,723032.0294,0.06738398000218014,0.49677419354849495
2011-08-10,147.2056245624548,155.6297629762961,147.2056245624548,154.84,789575.0346,0.0572270145171534,0.9062500000000743
2011-08-11,153.58456310679466,162.98422330096932,153.27485436893056,159.5,1282668.27,0.0632183908046039,0.609250398724175
2011-08-12,160.1860815047007,164.46018808777276,156.1752351097164,163.02,1355520.7347,0.051720804331019186,0.34205607476649846
2011-08-15,163.07919252873407,168.01910919540066,160.27629310344673,161.67,567988.2000000001,0.04747887190200931,-0.18199999999977848
2011-08-16,160.86271844660038,164.14563106795958,157.33203883494994,159.5,396117.4,0.04235656526762244,-0.19999999999974372
2011-08-17,159.49999999999847,161.96218446601787,159.2212621359208,159.5,247094.94,0.017184466019423746,5.599473915727111e-13
2011-08-18,158.7293255422387,160.12304644943887,151.5439199762291,156.36,482591.1635,0.05404878048781086,-0.2761732851983433
2011-08-19,153.32691679626603,161.05443234836548,147.4422356143065,159.32,1413870.5807999999,0.08877891122109483,0.44027303754274044
2011-08-22,156.9944663951104,159.50315682280896,151.76028513238134,152.07,873448.738,0.04931939238509188,-0.6359999999997175
2011-08-23,151.77276699028974,153.81684466019263,149.589320388348,153.12,346182.8352,0.027854300581579793,0.318681318681607
2011-08-24,153.77778915045903,154.9547389969278,150.21596724667197,151.3,423011.69,0.030815709969794818,-0.5228758169930265
2011-08-25,151.5473603750494,153.1888911536878,149.905829596411,151.95,272898.2124,0.021663601062749317,0.12264150943439393
2011-08-26,151.19192971826567,154.3975764919706,151.1454710693714,153.36,272848.4463,0.021509781829362248,0.6666666666669394
2011-08-29,153.36057647058675,159.50862745097885,152.55529019607698,157.96,540970.26,0.04533979602141371,0.6614699331849837
2011-08-30,158.72857142856986,159.5028571428556,157.17999999999847,157.18,319878.265,0.014634146341469607,-0.6666666666657107
2011-08-31,157.33804391217404,159.273797405188,154.70541916167508,155.17,509117.20200000005,0.029035433070872207,-0.4745762711859948
2011-09-01,155.80354130323082,156.68623704463667,149.90341713699178,150.91,321291.6755,0.04353443991651554,-0.7214611872142741
2011-09-02,150.81479081898647,152.34787063119302,148.12028690662342,148.43,429681.1725,0.028031625423561232,-0.5641025641020714
2011-09-05,148.3519743863378,148.3519743863378,144.01600853788534,145.1,280262.322,0.029227557411279928,-0.7499999999994714
2011-09-06,144.79142857142705,146.5722857142842,140.96645714285566,146.34,422264.745,0.03871657754011373,0.27624309392287705
2011-09-07,144.9432150313137,148.58228079331786,143.7198695198315,148.35,448477.162,0.03354700854701517,0.7006369426753363
2011-09-08,147.9196591393252,149.23594588836656,144.0172560715792,145.38,313256.9064,0.035280569514244575,-0.4866468842726015
2011-09-09,144.97871086956366,146.2950097826071,140.92141304347672,142.47,278405.8,0.037064729758605336,-0.4668587896249868
2011-09-13,140.92650508209383,142.01055512118685,138.64999999999847,138.65,306206.0295,0.02384615384616072,-0.6774193548380508
2011-09-14,138.6005561735246,140.22659621801847,133.1804226918784,139.22,546348.371,0.050837988826822514,0.08791208791229352
2011-09-15,139.22229526462243,141.04968467966418,137.85949637882857,138.99,356408.02,0.022914349276981404,-0.07281553398008003
2011-09-16,139.29976892605484,141.60723591549143,138.91261003520975,140.74,216311.6672,0.019344080044476304,0.5344827586210538
2011-09-19,140.13172337113477,140.89053146541985,136.2757393818086,139.28,126589.6506,0.03293181567024683,-0.18456375838888808
2011-09-20,137.04999999999848,138.6915028248572,134.94392090395328,137.05,126295.69499999999,0.027344632768368668,4.095366936958704e-13
2011-09-21,135.57659845132594,141.0739933628303,135.57659845132594,139.99,238715.664,0.04054825813821378,0.8028169014085885
2011-09-22,139.9800342817948,139.9800342817948,135.51999999999848,135.52,252654.4965,0.03186193162961193,-0.9999999999994317
2011-09-23,134.53685614193543,137.06097073115453,131.62560741326556,137.03,335595.67029999994,0.040400552486195014,0.45868945868965727
2011-09-26,134.73167358229443,136.2803135085277,133.5237344398325,134.36,153310.1256,0.020459770114949677,-0.13483146067354165
2011-09-27,134.88360976733316,135.78180142824078,133.64472471780542,134.45,143162.7072,0.015843857634909763,-0.20289855072381954
2011-09-28,135.9643359924902,135.97982167996088,131.62834350070236,132.0,178531.77039999998,0.03200455580866322,-0.9110320284691836
2011-09-29,130.11238352941024,133.6121929411749,129.911067058822,131.63,181235.3,0.02844560818853401,0.4100418410044895
2011-09-30,132.85680793928626,133.80147110332592,131.02942673671768,132.64,109673.9685,0.02086490266931603,-0.07821229050221457
2011-10-10,132.70955315870415,133.79352850539135,128.9930662557766,130.65,225310.08500000002,0.036172695449248934,-0.4290322580641066
2011-10-11,132.31597037036875,132.31597037036875,124.09268148147994,125.44,481411.35000000003,0.062148876404501584,-0.8361581920901052
2011-10-12,125.32693977926914,129.22937260076623,120.94444577734978,129.09,594516.8512,0.06610651180032899,0.454205607476765
2011-10-13,128.52801439711905,131.62507498500145,126.20521895620726,129.07,487911.7295,0.042168674698802706,0.10000000000026263
2011-10-14,128.50333090908936,129.32409212121055,127.10958545454392,127.76,134373.525,0.01723306820921466,-0.3356643356634853
2011-10-17,128.7940626862099,130.15679895125575,127.47778333929058,129.94,480091.065,0.02080076950824375,0.42774566474029047
2011-10-18,129.92514285714134,131.13302857142702,128.50045714285562,130.08,295937.04,0.020262216924918135,0.058823529412324715
2011-10-19,128.5656256709993,132.35972086365106,128.5656256709993,129.82,176712.80169999998,0.02951096121417283,0.33061224489827584
2011-10-20,129.8187899877884,129.8187899877884,124.69293772893619,126.83,181480.57200000001,0.03948467135870961,-0.5830815709965602
2011-10-21,126.83062568605776,128.22436882546498,125.90146359311959,126.97,47616.5124,0.018315018315026146,0.06000000000062754
2011-10-24,126.39831932772958,129.52653061224333,124.1683073229277,129.0,130677.708,0.042391570693464824,0.48554913294817686
2011-10-25,129.1387478220452,133.4903473109521,129.1387478220452,133.32,259926.37159999998,0.033697085981540094,0.9608540925268239
2011-10-26,133.19510526315642,139.37402015677335,133.17961926091678,138.29,577040.526,0.04650622020695969,0.8225000000001156
2011-10-27,139.0656988521254,140.90855165428607,136.34013504388776,137.61,202854.05099999998,0.032850779510029134,-0.3186440677962031
2011-10-28,139.22159608758324,139.82556074246818,136.27920417916934,139.33,295078.2078,0.025472747497226167,0.03056768558994174
2011-10-31,139.33902888888736,140.11330666666512,138.8744622222207,139.37,227244.6,0.008890864636592978,0.02500000000122156
2011-11-01,138.6027648234495,140.05848101265667,137.53420719520167,139.47,219487.02719999998,0.018212290502800346,0.3435582822090678
2011-11-02,137.82285714285564,140.91999999999845,137.82285714285564,140.92,246149.54,0.022471910112366572,1.0000000000001725
2011-11-03,142.08114532684883,145.10085359265105,140.45514856833992,143.32,263756.39400000003,0.03269754768393047,0.2666666666669392
2011-11-04,145.3039141304332,145.3039141304332,140.6116956521724,142.47,291651.96,0.03229244378131334,-0.6039603960391465
2011-11-07,142.558834100371,143.47247424939576,141.22708744247052,141.32,99239.77440000001,0.01575059743646136,-0.5517241379301039
2011-11-08,141.32407313019235,142.23773961218677,139.34188144044168,139.76,145552.4925,0.020490905106296437,-0.5401069518709475
2011-11-09,139.77920199501096,144.17730673316552,138.26154613466187,142.83,233729.266,0.04232218036783296,0.5157068062828993
2011-11-10,142.7450955826748,144.83563451776493,140.96426611944983,143.38,168888.7895,0.027120850509878718,0.1640000000003519
2011-11-11,143.38829001803182,146.54750928184848,142.55202609525682,145.99,242853.6605,0.02786478021385272,0.6511627906978931
2011-11-14,146.49346391752428,150.36485567010155,146.33860824742118,150.21,172479.58000000002,0.027484143763220163,0.9230769230770761
2011-11-15,150.98618090452104,150.98618090452104,147.88902847571035,147.92,112014.3936,0.020512820512827,-0.9899999999991852
2011-11-16,149.6599893696168,149.690962049536,143.57385776549225,145.68,228693.57699999996,0.04087334437086754,-0.650632911392044
2011-11-17,144.7203503321176,146.6561495607441,144.31770409256328,144.55,102985.75559999999,0.016158373461751068,-0.07284768211850962
2011-11-18,144.03548602150386,145.92478064515976,142.6882021505361,144.02,418599.50999999995,0.02247070207505263,-0.004784688994741275
2011-11-21,145.4126030368748,145.4126030368748,142.16056399132168,142.78,247722.96000000002,0.022364217252402945,-0.8095238095230882
2011-11-22,142.7813948497839,146.18832618025598,141.96063412017017,144.33,221340.68000000002,0.029609544468553593,0.3663003663006393
2011-11-23,145.25451444408756,147.08181004157186,143.78338663255363,145.27,242002.5951,0.022707889125806537,0.0046948356812241574
2011-11-24,145.16632248489194,146.57555390649694,143.38542563341312,146.08,128683.0994,0.021975677405596625,0.28640776699068654
2011-11-25,146.8880203467233,149.69104951728278,145.49424893594784,149.18,361063.1427,0.028571428571435114,0.5461254612548497
2011-11-28,149.1417290534289,152.03753461183314,148.6616757255651,151.0,461395.8678,0.02263524036964631,0.5504587155966242
2011-11-29,152.46183047321736,152.46183047321736,148.6677067082668,148.9,215397.153,0.024885728796349788,-0.9387755102034266
2011-11-30,148.9737250786973,151.76117523609497,146.69730745015588,147.58,299513.605,0.03399168399169053,-0.27522935779780533
2011-12-01,149.1460444674235,151.7476990692849,147.73681489141524,149.75,167419.611,0.02689232686118395,0.1505791505794932
2011-12-02,149.41917660598293,149.58951663527776,146.80213433772602,148.01,96182.154,0.01865478287906129,-0.5055555555548154
2011-12-05,147.20719999999838,147.20719999999838,137.82285714285564,140.92,601934.97,0.0637492110246223,-0.6699669966994356
2011-12-06,138.1677679557996,141.62118784530233,136.58817679557862,140.15,190669.925,0.036426810132264384,0.39384615384637844
2011-12-07,140.145429515417,141.4152555066064,138.59686123347868,140.61,97779.79599999999,0.020110497237576054,0.16483516483564858
2011-12-08,140.6433003374562,140.8910753655777,136.1214060742392,137.67,114470.30700000002,0.03391323497027766,-0.623376623376164
2011-12-09,137.04686591463965,137.80565647168115,131.0384835445967,133.16,256723.145,0.04937853107345321,-0.5743707093818398
2011-12-12,132.54720596738602,134.46750664970355,129.8990493812868,133.91,218835.6819,0.03446664329945824,0.29830508474603057
2011-12-13,131.6313953488357,133.48972093023102,131.01195348837058,133.18,127101.12000000001,0.01882352941177216,0.6250000000003686
2011-12-14,131.95604672897042,134.17054205607323,129.15308411214806,132.56,226466.78399999999,0.03802370613778448,0.12037037037065577
2011-12-15,131.42585549132798,134.1977687861256,129.8153583815014,133.95,249179.685,0.033345116059863476,0.5759717314489804
2011-12-16,132.8873243395151,137.82743114108897,132.8873243395151,137.75,270025.515,0.037175154410915165,0.9843260188088888
2011-12-19,137.51121066188668,138.31645649008692,134.47605330943966,138.27,87205.0785,0.027927927927934793,0.19758064516164892
2011-12-20,138.13891402714776,138.9906674208129,136.2805429864238,136.9,123540.76800000001,0.019618834080724627,-0.45714285714211556
2011-12-21,136.89787184009248,137.8115567313329,131.66354144620658,131.71,172595.367,0.04490950226245038,-0.8438287153648535
2011-12-22,131.62828162291015,132.3096515513111,128.23691766109636,129.77,155591.46,0.030941176470595598,-0.45627376425806704
2011-12-23,129.79062336114268,130.70431466030834,129.15568533968857,129.93,149118.826,0.011931750387789503,0.09000000000094228
2011-12-26,129.45913253011892,130.0785542168659,125.43289156626355,128.53,263648.67,0.03588516746412234,-0.1999999999996229
2011-12-27,126.97970660146545,126.97970660146545,122.33410757946062,126.67,209310.658,0.036585365853666105,-0.06666666666632112
2011-12-28,123.88999999999847,125.40765249999845,120.01843749999851,123.89,329634.4,0.04350000000000775,2.847858749820799e-13
2011-12-29,121.62344819276963,128.7467975903599,121.62344819276963,128.53,418707.61,0.05856888209830159,0.9695652173913845
2011-12-30,128.50415212840048,133.18097231914246,126.98650849034512,133.15,569469.6144,0.048204386599188055,0.750000000000125
2012-01-04,132.8704576976405,132.88594376497122,122.74256966334481,122.82,406811.1278,0.07634032634033333,-0.9908396946562384
2012-01-05,122.82219965020688,123.27130364590174,114.59895062558705,115.11,451110.2566,0.0706090026478451,-0.8892857142854348
2012-01-06,115.05756168744874,117.96884319447976,113.09089811620971,116.73,162030.81759999998,0.04239569313594382,0.3428571428573872
2012-01-09,117.38472222222069,119.16562499999846,113.23444444444297,118.19,176518.23839999997,0.05052770448549628,0.13577023498718216
2012-01-10,118.14218670076575,122.66407928388588,116.93428388746653,121.1,476257.55,0.048499147987948674,0.5162162162163976
2012-01-11,121.24204313725333,121.84600784313567,118.31513725490042,118.47,237505.725,0.029122493294170715,-0.78508771929759
2012-01-12,118.31402644542239,120.20333419756133,117.53971998962774,119.46,123369.2306,0.02251308900524385,0.4302325581399472
2012-01-13,119.3966265060225,120.1709236947775,115.40125301204665,115.68,129939.903,0.039948119325559174,-0.7792207792202921
2012-01-16,114.59071729957647,115.48886075949206,110.02257383966091,110.1,147725.18099999998,0.04770270270271102,-0.821529745042064
2012-01-17,109.17947154471398,116.14837398373828,106.08218157181429,114.29,349380.26999999996,0.09219858156029209,0.5076923076924104
2012-01-18,115.06209141274078,117.46244459833632,111.71708310249153,111.81,223114.606,0.04993270524899879,-0.566037735848688
2012-01-19,111.49852348993139,116.14429530201187,110.07382013422671,115.37,302851.44,0.054444444444453004,0.6377551020409666
2012-01-20,115.37260114107734,120.71535918049636,115.37260114107734,119.43,215959.13600000003,0.04630872483222309,0.759420289855221
2012-01-30,119.4419431832907,121.03698015306627,117.78496303022288,119.38,120199.4989,0.027226760015566263,-0.019047619047137584
2012-01-31,118.33847375159901,121.21873495518412,118.33847375159901,120.94,109807.81899999999,0.024339178225603608,0.9032258064518323
2012-02-01,120.90966108197824,123.96027625015829,120.1663639851628,121.08,129020.53709999999,0.03137807377049989,0.04489795918407024
2012-02-02,121.10083756345027,122.02999999999847,119.31994289339951,122.03,80389.396,0.022378516624049008,0.3428571428575768
2012-02-03,122.10375076734041,126.22291344382901,121.88695273173575,126.13,286330.95900000003,0.03551046290425658,0.9285714285715709
2012-02-06,126.12974096385392,128.87068192770928,125.89745783132379,128.53,394674.95999999996,0.023572744014740604,0.807291666666914
2012-02-07,128.8227585365838,129.3028048780472,126.71674878048626,126.98,131323.82,0.020074528188491782,-0.7125748502985245
2012-02-08,126.7559173711141,130.99918204548007,126.7559173711141,130.07,119099.49979999999,0.033475870494815436,0.7810218978103942
2012-02-09,130.06791612521997,133.01027879503684,128.65867926757085,131.09,172036.7345,0.033456363852847115,0.23487544484015935
2012-02-10,131.10015048369604,132.18413471873723,129.4586886420622,129.66,103145.31240000001,0.020789038506976665,-0.5284090909083291
2012-02-13,128.70238000931818,133.27068732525476,128.08294850885218,132.93,181940.45520000003,0.040308025508370045,0.8149253731344653
2012-02-14,132.92742743909392,134.5069471966414,132.38543536542565,132.85,281797.8446,0.01595992544269152,-0.03649635036421993
2012-02-15,132.6844465116264,134.2485372093008,132.6844465116264,133.18,150484.52,0.011788048552761894,0.31683168316909155
2012-02-16,132.84864548300902,137.12259654412458,132.84864548300902,133.53,556610.3385,0.03217158176944415,0.15942028985539608
2012-02-17,133.5308239304169,134.56834743770412,131.61063117066138,131.75,109554.1128,0.022150063782913447,-0.6020942408369795
2012-02-20,132.56975088131458,134.5054148061089,131.59417626321823,131.78,142596.964,0.021960051395872156,-0.2712765957440697
2012-02-21,131.6324187808503,135.03937550223702,131.33818160945782,134.9,309171.6831,0.02811764705883091,0.8828451882846999
2012-02-22,135.70131428571273,137.82285714285558,134.26114285714132,135.5,250557.12500000003,0.026246719160112272,-0.05652173912998151
2012-02-23,135.50367855121522,137.05229202037197,134.5745104697212,136.82,363207.7335,0.018285714285721403,0.5312500000004121
2012-02-24,136.81765760869416,144.9477391304332,136.81765760869416,142.47,668725.92,0.059422750424455106,0.6952380952382002
2012-02-27,142.85451441577996,146.49362670713043,142.46737481031712,142.87,290069.1304,0.028184281842825204,0.0038461538465334034
2012-02-28,142.93597849462213,144.80978709677265,142.33202365591245,144.02,162352.89,0.017334777898165142,0.43750000000044426
2012-02-29,144.02138297872187,148.3575106382963,144.02138297872187,145.57,398475.4,0.03010752688172722,0.3571428571431292
2012-03-01,145.56628029504589,148.05948998946104,144.79199157007224,146.96,207720.91600000003,0.02244680851064505,0.4265402843605345
2012-03-02,146.95718677125137,148.19602501589839,145.4241244435007,146.09,259968.9644,0.01886195995785716,-0.31284916201050395
2012-03-05,146.0980546725986,146.96528925619683,145.66443738079948,146.16,156563.20679999999,0.008903964384149423,0.04761904762017626
2012-03-06,144.7962394067781,147.10368749999841,144.1613040254222,146.19,290100.64,0.02032085561497988,0.4736842105266886
2012-03-07,145.49215871254003,145.5695893451704,137.8884705882338,139.53,254118.94099999996,0.05279403938265668,-0.776209677419058
2012-03-08,139.53171777118212,142.08696010550455,138.67997032640798,140.91,92360.30939999998,0.024417314095456465,0.40454545454578894
2012-03-09,142.00603484466689,148.66498740554002,142.00603484466689,147.55,227983.1256,0.04689203925845808,0.8325581395349901
2012-03-12,147.42155262607085,149.43466206319155,145.59426867545358,148.01,149972.6664,0.026050420168073806,0.1532258064519764
2012-03-13,148.59873877636093,149.2801002296915,146.39979954061238,148.32,81857.4192,0.019383076281790756,-0.096774193547813
2012-03-14,148.33965484879928,154.0694462982257,144.4217163712185,148.51,403802.294,0.06503810418624699,0.01765650080272627
2012-03-15,148.30527525773044,153.77168041236956,147.42259793814284,150.21,131625.12,0.042810901117266424,0.3000000000001967
2012-03-16,150.26226877470208,157.32396047430674,150.26226877470208,156.72,706712.996,0.046995774502737404,0.914473684210616
2012-03-19,157.9981617868985,159.57767884092806,150.99873327296356,153.91,285116.1174,0.05429775556209556,-0.47653429602864433
2012-03-20,153.22210012209854,154.8171957671942,148.70008140007988,152.2,318283.7112,0.03992318576915934,-0.1670886075946539
2012-03-21,152.04193381592398,152.05741985522076,148.356256463287,149.75,239569.41499999998,0.02434304338969871,-0.6192468619241065
2012-03-22,149.74999999999847,151.59283867631694,147.96910548086714,149.75,203087.406,0.024198552223377728,4.2353347403405807e-13
2012-03-23,149.47040998959264,150.47699687825028,147.96827263267278,148.82,283654.52599999995,0.016784086199757922,-0.25925925925855003
2012-03-26,147.97940752931345,153.30641843241975,147.97940752931345,150.55,381556.4174,0.03599832565927815,0.4825581395350835
2012-03-27,148.71021288209445,150.5220524017451,141.77257096069715,141.85,842739.2359999999,0.058835780485271404,-0.7840707964599111
2012-03-28,140.92590909090748,140.92590909090748,133.60085909090756,136.28,1140086.6400000001,0.05197802197802873,-0.6342494714584743
2012-03-29,136.23365904365755,146.93474559579664,135.50579932158732,141.53,1042015.9854,0.08389223598954874,0.4634146341464358
2012-03-30,140.92534246575184,140.92534246575184,133.22865068493,135.66,636180.9839999999,0.05461538461539147,-0.6841046277663111
2012-04-05,134.63414999999853,142.93457608695496,134.4173478260855,142.47,458948.43999999994,0.06326201978376589,0.9200000000000748
2012-04-06,142.59473002159675,144.28269978401573,139.68336933045208,143.4,667274.6739999999,0.03225456125109271,0.17508417508447247
2012-04-09,142.47084233261188,144.01943844492286,140.14794816414536,143.4,313325.06399999995,0.027173913043485067,0.24000000000033236
2012-04-10,142.42097117998756,143.39656334964496,140.14458945078692,142.39,200741.562,0.02283353267370481,-0.009523809523329983
2012-04-11,140.64222686304527,143.69293361178123,139.68210595735172,140.89,357933.516,0.028517947588643806,0.06177606177643182
2012-04-12,137.82024680572093,142.465873102543,137.82024680572093,141.8,325315.2448,0.033707865168546375,0.8566666666668096
2012-04-13,141.65223306353096,142.33362567912027,139.06603836345337,139.67,284921.9347,0.023067672460923134,-0.6066350710893849
2012-04-16,139.53119461581446,139.84091979809153,137.82770611329065,138.06,294076.4305,0.01442841287459096,-0.7307692307680831
2012-04-17,137.75020120724193,140.27446009389516,137.17720992622247,138.54,179805.654,0.022484541877466454,0.25500000000041123
2012-04-18,139.52937451394132,139.90103988445574,137.17549383401692,139.39,361469.35880000005,0.019533851276366723,-0.051136363635772404
2012-04-19,139.38999999999845,139.38999999999845,139.38999999999845,139.39,0.0,7.174115790228883e-15,1.5347723092418164
2012-04-20,137.82451409953782,139.35761824513943,135.74940343781444,137.84,857351.4408000001,0.026179775280906082,0.004291845493993091
2012-04-23,137.98217787518587,138.74100242242315,133.800899757756,134.25,370853.7517,0.035802469135809374,-0.7554858934164653
2012-04-24,134.24895886003065,135.8130544702352,132.4061135371164,134.76,281059.80659999995,0.025377782904609906,0.15000000000040145
2012-04-25,135.65601386481646,135.65601386481646,133.87514153668246,134.03,250928.3565,0.013127853881285734,-0.913043478259493
2012-04-26,134.05817594654638,139.21485523385147,133.96526280623462,139.06,447389.88599999994,0.03915906203073359,0.9528023598821249
2012-04-27,139.2134783986465,146.59999999999846,139.2134783986465,146.6,1329144.0792,0.05305895439377755,1.0000000000000724
2012-05-02,149.34629976071028,150.87119425712092,141.90854905372763,143.06,855487.909,0.060012502604715405,-0.7013888888884677
2012-05-03,142.1836994581046,149.3722384326772,140.37878491037642,149.31,1141561.751,0.06325235281243817,0.7923875432528517
2012-05-04,149.37476316786376,164.24999999999687,147.0096627510393,164.25,2319684.6946,0.11541666666667244,0.8628158844766675
2012-05-07,161.8273299027985,165.4995654659774,157.99949113779002,163.29,2183560.038,0.046346153846159754,0.19502074688835547
2012-05-08,161.85520132916025,161.85520132916025,158.33863956215484,159.21,903443.6488,0.02172659104019068,-0.7522123893794299
2012-05-09,158.08717131473787,159.89210358565418,152.1744621513914,156.22,911210.822,0.048818897637801256,-0.2419354838705317
2012-05-10,154.0409001956917,161.44731115459567,154.0409001956917,159.02,790744.395,0.04808080808081424,0.6722689075633558
2012-05-11,159.05576650943084,162.9146816037704,157.59311320754406,158.34,633615.7632,0.03345724907063814,-0.13450292397599764
2012-05-14,159.61631215749625,160.11423787294174,153.3299999999969,153.33,754706.5279000001,0.04250341197115046,-0.9266055045865591
2012-05-15,152.49036144578005,155.22896385541856,150.24968674698493,154.98,594356.526,0.03265306122449605,0.5000000000005275
2012-05-16,155.00904109588728,155.4136019339211,153.1418372280388,154.48,413513.1136,0.01465569162819327,-0.2328767123273004
2012-05-17,153.54402086677058,155.5979133226293,151.86356340288617,155.1,498790.7456,0.024321037697614928,0.4166666666673885
2012-05-18,154.04602040816013,154.7617897959152,149.8447653061194,152.49,532292.39,0.031919191919198134,-0.31645569620183533
2012-05-21,150.93199999999698,157.62279999999683,150.83863999999696,155.6,768765.0,0.04494845360825381,0.6880733944957694
2012-05-22,155.56376794493303,158.67566568337938,154.19453294001661,158.24,758660.1345,0.02880576115223682,0.5972222222227813
2012-05-23,159.79707907159403,162.44221085758926,156.125013768683,158.21,911563.2336000002,0.03953261927946077,-0.2512315270930625
2012-05-24,157.90062859490226,157.90062859490226,151.2410435497093,151.49,970784.3488,0.04217579818684088,-0.9626168224292937
2012-05-25,151.49133404029368,152.3315694591696,145.79640509013475,146.73,637609.9214999999,0.04313886606409829,-0.7285714285708388
2012-05-28,146.6993648140379,149.00223986627353,143.55625156706762,148.94,588859.3894,0.037123462028008286,0.4114285714290657
2012-05-29,148.74999999999687,148.74999999999687,145.63807531380448,148.75,855015.808,0.02092050209205674,1.0046477188908892e-12
2012-05-30,148.6872936170181,150.55444255318827,146.25999999999686,146.26,533658.68,0.028882377563840805,-0.5652173913034899
2012-05-31,145.58181741156224,148.28930311374393,144.95940690531359,146.92,397478.9298,0.02287302265926277,0.4018691588793219
2012-06-01,147.23198275861756,149.22370689654858,147.20086206896238,148.01,592262.302,0.013739167195103104,0.38461538461673783
2012-06-04,146.17144635192818,146.88721030042603,144.7399184549325,145.02,446291.462,0.01469022780498872,-0.5362318840562592
2012-06-05,145.02206140350557,146.57809210525994,141.9099999999969,141.91,412380.86400000006,0.03218884120172333,-0.6666666666658562
2012-06-06,141.8785223214254,143.0922232142825,138.79758928571118,139.42,532587.776,0.03026979600790328,-0.5724637681150881
2012-06-07,140.28895999999685,141.84495999999683,139.0752799999969,140.04,355567.05,0.019742679680574863,-0.08988764044827269
2012-06-08,140.1676722037621,141.4125005537067,139.66974086378428,140.51,379023.8655,0.012433392539971387,0.1964285714302573
2012-06-11,140.65917502786755,140.65917502786755,136.2713556298743,139.57,798510.297,0.031194690265493808,-0.248226950353845
2012-06-12,138.48262548262235,138.48262548262235,136.304247104244,137.02,524664.5621,0.015730337078658875,-0.6714285714268335
2012-06-13,136.92273336310544,139.87901965162706,136.6737829388089,139.35,460843.07060000004,0.023409090909098138,0.7572815533987997
2012-06-14,139.2928890799626,146.85503654341903,138.4526504729119,144.77,1443890.0860000001,0.06032171581770117,0.6518518518521461
2012-06-15,145.01611498257526,146.07417247386442,140.0059015679412,142.9,767420.0912,0.04184549356223837,-0.3487179487173809
2012-06-18,143.77239130434472,145.1105326086925,141.15834782608388,143.15,882680.2000000001,0.027489177489184263,-0.15748031495980672
2012-06-19,142.74307142856833,145.9794523809492,141.46719047618743,143.77,875286.258,0.031611074776548946,0.2275862068971974
2012-06-20,144.1745476190445,145.41930952380636,142.74307142856833,143.77,395905.35599999997,0.018562486509827638,-0.151162790696448
2012-06-21,143.76999999999688,145.13923809523496,141.43607142856837,143.77,411829.11,0.02575757575758256,8.442471859247477e-13
2012-06-25,144.02104400344817,145.9815724762695,141.93603753235243,144.27,725175.1736,0.02808988764045604,0.06153846153921264
2012-06-26,143.0913698030603,144.02498030634257,140.97518599562054,142.22,497246.162,0.021313614615056875,-0.28571428571316426
2012-06-27,140.34525274724967,144.70186813186496,140.34525274724967,141.59,591372.6,0.031042128603111063,0.28571428571493307
2012-06-28,141.5975929978087,143.12249015316974,139.26356673960305,142.22,538194.2760000001,0.027252747252754343,0.16129032258141188
2012-06-29,141.43955334462018,148.06807366638125,140.0391617273467,147.01,1439623.8832,0.056765676567663424,0.6937984496127068
2012-07-02,147.1301380589296,153.97629507520801,144.26719967030405,151.02,2531069.5322,0.06598984771574225,0.4006410256413066
2012-07-03,149.47181799421895,153.3930024762659,148.13363598844103,150.81,1182319.3264000001,0.03518634186967109,0.25443786982303057
2012-07-04,150.30603647033848,151.73752253196076,147.87873401802247,148.47,697479.6465,0.025672877846797355,-0.47580645161197066
2012-07-05,146.94978373702102,148.2879541522459,142.21950692041216,143.9,682502.8624,0.04129606099111176,-0.5025641025635054
2012-07-06,143.15492957746187,153.7359461114482,143.15492957746187,152.46,1814884.0299000002,0.07391304347826735,0.8794117647060934
2012-07-09,151.3930788076735,157.39901184156474,150.45951408737952,152.42,2038840.5004,0.045837615621794496,0.14798206278069578
2012-07-10,151.39559670781583,156.2813333333301,149.9952263374455,151.24,1268595.108,0.04152106885920445,-0.02475247524702633
2012-07-11,149.86893960815692,154.06999999999687,145.97906887497177,154.07,1571411.2577,0.05398671096346153,0.5192307692310906
2012-07-12,154.07028484231628,157.71121057985437,150.9272634791424,152.95,2174752.829,0.04403150878611004,-0.16513761467841584
2012-07-13,152.02448469081142,156.22577546527603,150.00164098458774,155.51,1383621.3288,0.0409416581371609,0.5600000000004125
2012-07-16,155.5097266277096,156.28774207011358,148.75655258764294,149.13,1348850.7224,0.04842905743446686,-0.8471074380160011
2012-07-17,148.74919600173513,148.74919600173513,142.05859408952318,143.21,988050.7806,0.044979079497914444,-0.8279069767435928
2012-07-18,142.6189146588574,143.925917586126,136.9552353073601,138.2,1014579.7575,0.04887628191141835,-0.6339285714280345
2012-07-19,136.9581775596668,139.6344791434276,136.9581775596668,139.51,798349.2270999999,0.019541013406051057,0.9534883720938356
2012-07-20,139.72264321154395,141.8698285972002,137.60657645466534,137.98,515594.8314,0.030512249443214116,-0.40875912408675996
2012-07-23,136.89991379310024,136.9310344827554,132.57413793103137,133.57,749205.5112000001,0.03182541486702219,-0.7642857142848246
2012-07-24,132.880813008127,135.33926364691905,131.6360278745614,133.97,810628.4865,0.027868852459023864,0.2941176470595793
2012-07-25,133.97361403508458,135.99644444444127,132.57319298245304,133.04,556298.4825,0.02555168408827677,-0.2727272727262843
2012-07-26,132.88119718309545,134.43718309858838,130.7650563380251,132.57,625626.582,0.02763466042155294,-0.08474576271099034
2012-07-27,132.7262121585003,133.37972926408727,125.91096234309312,126.44,761433.8284000001,0.05627198124268004,-0.8416666666661358
2012-07-30,126.19430812041166,126.4121527953421,122.45982797874721,123.02,758136.3827999999,0.03131935881628381,-0.8031496062982199
2012-07-31,122.29790495656303,123.8227388860469,121.20873786407458,121.8,413528.58180000004,0.021374045801534625,-0.19047619047492237
2012-08-01,121.36522842639285,124.10372588832172,121.36522842639285,122.61,483747.29,0.022564102564110688,0.4545454545464278
2012-08-02,122.89473455844505,123.82834864726586,121.68103624297801,121.93,259510.689,0.017472777918468352,-0.4492753623171795
2012-08-03,121.92624878048483,128.71030243902123,121.67729268292386,127.59,734564.61,0.057682491066878436,0.8053097345136055
2012-08-06,128.11872599531313,134.21813583137856,126.90506791568788,132.88,659247.008,0.05708039834831914,0.6510638297875755
2012-08-07,132.87880841121188,135.30610280373514,131.63404205607168,133.19,524514.856,0.02763466042155298,0.08474576271268013
2012-08-08,133.18845419847008,133.18845419847008,129.7965052480885,130.45,301918.7392,0.025467289719633423,-0.8073394495401279
2012-08-09,130.3943518518488,134.7200833333302,129.64746296295993,134.44,690536.448,0.03890214797136782,0.7975460122704008
2012-08-10,135.31302227432272,135.31302227432272,129.99137397420563,132.73,500685.8365,0.039328426862932454,-0.4853801169583888
2012-08-13,130.4202161383254,133.15869836695165,129.14433237271544,129.58,496730.6388,0.03078024337867601,-0.20930232558056555
2012-08-14,129.58029069767127,130.35827034883405,126.5306104651132,128.46,297776.9952,0.029538904899143077,-0.29268292682837377
2012-08-15,128.55982646420514,130.20922631959195,128.52870571221672,129.12,256167.55800000002,0.013071895424844266,0.3333333333349897
2012-08-16,128.74585870888845,130.55085261875445,127.59439707673258,127.75,195268.6925,0.022963500120868265,-0.33684210526198555
2012-08-17,127.74186017477832,127.74186017477832,123.7897977528059,124.63,311433.2055,0.030937880633381466,-0.7874015748021632
2012-08-20,124.32655353131709,124.94896431245007,122.30371849263481,124.7,195735.9395,0.021276595744688733,0.14117647058935875
2012-08-21,124.16605166051353,128.211562115618,124.16605166051353,126.5,364923.5865,0.0325814536340931,0.5769230769237067
2012-08-22,128.39750808256332,128.6153419547344,124.7876896294423,125.13,295955.2504,0.02981095492002673,-0.853658536584334
2012-08-23,124.47502548419662,126.03096330274907,121.30091233434959,122.11,424636.05240000004,0.03800000000000781,-0.49999999999923483
2012-08-24,120.68327746740832,120.7455174248438,115.17504123436775,116.98,800159.535,0.04615781330583567,-0.6648044692730609
2012-08-27,116.70008296459855,116.70008296459855,110.47607853981995,112.53,713088.5791999999,0.05333333333334153,-0.6699999999993924
2012-08-28,112.02783189534895,113.83272474255179,109.41384915112413,111.81,426357.2369,0.039444444444453115,-0.04929577464717077
2012-08-29,110.81871787709188,113.61952793295772,110.47639664804161,111.41,287061.584,0.02836281943275234,0.18811881188211493
2012-08-30,110.78984520123497,112.65708978327825,100.27103405572446,100.52,790864.531,0.11179775280899677,-0.8291457286428988
2012-08-31,101.76298902335766,110.56999999999687,101.76298902335766,110.57,1055685.8356,0.08654434250765419,1.0000000000002414
2012-09-03,116.70329670329349,117.63692307691983,111.10153846153541,113.28,1345277.3879999998,0.056000000000007925,-0.5238095238089676
2012-09-04,115.14788929270014,116.7039418507096,111.28887894883667,111.32,484055.73650000006,0.04702702702703534,-0.7068965517234297
2012-09-05,111.06400286943726,111.06400286943726,108.0454519368692,108.45,429581.66150000005,0.027178481367338535,-0.8659793814419766
2012-09-06,108.60724934229438,109.85203156971322,105.15297866120709,106.46,505628.9315,0.04326647564470782,-0.45695364238334535
2012-09-07,108.38699497767553,112.33909040178257,107.67126116071127,111.53,764662.1696,0.043066322136098456,0.6733333333338596
2012-09-10,113.27834590667467,113.27834590667467,109.85509918971472,111.38,665680.7577000001,0.030219780219788807,-0.5545454545443829
2012-09-11,111.25028256569337,111.25028256569337,109.3831449561992,110.13,312956.6012,0.016783216783225717,-0.5999999999980042
2012-09-12,111.09559607292817,111.25119214585943,110.13090042075427,110.94,464339.4675,0.010084033613454321,-0.13888888888600134
2012-09-13,111.03310584152368,111.03310584152368,107.60999999999687,107.61,641670.9754,0.030829596412564875,-0.9999999999987945
2012-09-14,108.76521994134579,108.76521994134579,105.03079178885322,106.12,702695.631,0.034334763948506826,-0.708333333332309
2012-09-17,105.96754068715774,106.65220614827889,103.13551537070214,103.26,482945.51759999996,0.03318649045522213,-0.7699115044236688
2012-09-18,102.69946332736724,105.15802623732543,102.69946332736724,104.38,336549.4158,0.023939393939403485,0.6835443037984538
2012-09-19,104.77599153566793,104.77599153566793,101.69525997581313,102.94,328161.5392,0.029403029403038607,-0.5959595959583925
2012-09-20,102.94741795665315,102.97853869968723,100.36439628482661,100.52,305395.85399999993,0.025392986698921424,-0.9285714285698743
2012-09-21,100.26461249999686,101.07369999999683,98.9887437499969,99.58,230128.96,0.02079453755432385,-0.32835820895357054
2012-09-24,99.60969393760743,107.04696880517636,98.80061801059156,105.74,649198.0939999999,0.08278662917839089,0.7433962264153812
2012-09-25,105.49286956521432,108.91594202898234,103.62573913043175,107.36,941297.3099999999,0.05014749262537792,0.3529411764711109
2012-09-26,105.25108950528724,110.32380611952787,105.25108950528724,108.83,830934.0597999999,0.0481963335304644,0.7055214723931118
2012-09-27,108.79751716561087,114.99051084866481,108.6107937379811,113.31,1371588.7306,0.05863844393593552,0.7073170731711053
2012-09-28,113.89760869564908,115.85814130434467,112.12379347825782,114.52,915128.784,0.03278688524591006,0.16666666666745353
2012-10-08,113.9025061966369,114.83613329660933,112.34646103001619,113.0,502569.2517,0.02185792349727626,-0.36249999999860566
2012-10-09,112.99529219005699,114.14671764063041,111.75050791916678,113.96,564968.2332,0.02120627926192015,0.40259740259852944
2012-10-10,113.70684297520347,114.01802754820622,112.46210468319249,112.96,459364.88399999996,0.013683634373298186,-0.479999999997692
2012-10-11,112.95993404781221,114.39138224786713,112.52427589996941,113.24,514471.2669,0.016528925619843374,0.15000000000159372
2012-10-12,112.74679600886604,114.20942350332278,111.93768292682616,112.28,305436.3224,0.020149047750491852,-0.20547945205332674
2012-10-15,115.11052519893593,119.18716180371034,114.51925729442665,117.32,1117919.2310000001,0.04055150040552327,0.4733333333338995
2012-10-16,117.25791044775825,128.52313432835498,115.45298507462398,125.1,2067007.218,0.11146496815287373,0.6000000000001946
2012-10-17,125.1315585365823,129.70612682926512,121.4283365853629,127.59,1915249.81,0.06615269833375513,0.2969924812033499
2012-10-18,127.12166064981646,131.94512635378746,125.72129963898617,129.3,2053519.8329999999,0.04895960832314086,0.3500000000004414
2012-10-19,129.36835693359058,130.86214599609053,126.56750244140315,127.47,1112943.4112,0.033197017079632116,-0.44202898550641667
2012-10-22,126.03599999999683,127.3430399999968,121.64807999999697,124.48,914061.6000000001,0.045185185185192614,-0.27322404371524983
2012-10-23,124.47908547674396,125.41267861781954,118.4107300597527,119.78,1304575.8261,0.056250000000007544,-0.6711111111105695
2012-10-24,119.80592105262842,120.36605263157577,116.69407894736534,118.25,1135140.18,0.030649350649358732,-0.4237288135583578
2012-10-25,118.25914149443247,118.75707472177744,116.73422098568847,117.45,733368.5862,0.017105263157903047,-0.39999999999825814
2012-10-26,117.51045489991895,120.28016636339692,115.98555757732997,119.72,1099947.7045,0.03654661016949966,0.5144927536237959
2012-10-29,118.25599999999685,119.09623999999684,113.58799999999697,116.7,598327.875,0.04657894736842928,-0.2824858757055967
2012-10-30,116.73474999999684,118.07295161290003,115.52103225806138,115.77,492796.956,0.021860837110112396,-0.3780487804864281
2012-10-31,115.70576995940145,115.73689039241903,113.86966441136362,114.99,575372.4675,0.01613770844540911,-0.38333333333145775
2012-11-01,115.0778928104545,119.02999999999689,115.0778928104545,119.03,706108.77,0.034342888047601765,1.0000000000005345
2012-11-02,119.1899192498015,121.33720500129925,118.97207866631624,119.47,814094.1171,0.019843342036561844,0.11842105263285485
2012-11-05,119.59787903225482,119.59787903225482,115.73887903225493,115.77,533760.108,0.03226645849597479,-0.9919354838698988
2012-11-06,115.76923507985106,115.76923507985106,108.45585598206478,111.07,925379.9563,0.06317204301076071,-0.64255319148885
2012-11-07,110.60249645389756,110.60249645389756,108.98422695035151,109.7,541370.205,0.014631401238050484,-0.5576923076900326
2012-11-08,109.13537546046729,112.96304902238272,107.36157551714062,109.82,592618.9707000001,0.051325919589401144,0.12222222222275674
2012-11-09,109.22678111587669,110.25369957081227,107.67084406294397,108.76,233054.6385,0.023646723646732527,-0.18072289156498386
2012-11-12,107.64740348870153,109.390177294821,107.36731484128946,108.83,382396.95,0.01879155825383974,0.584615384616631
2012-11-13,108.64073900292935,108.64073900292935,103.94158357770957,106.12,433644.92600000004,0.043254081924958526,-0.5364238410588242
2012-11-14,105.80871599882697,107.3024861070457,104.37718631178402,106.4,237100.47009999998,0.027647058823538535,0.2021276595754665
2012-11-15,105.5004484304901,106.4340807174856,103.94439461883096,104.1,226791.00000000003,0.02359882005900641,-0.5624999999985144
2012-11-16,104.0988854489132,104.0988854489132,100.36439628482661,100.52,458741.719,0.035874439461892775,-0.9583333333322438
2012-11-19,99.83463192182086,101.51514006514327,92.77027361563216,95.54,951151.698,0.08759351620948537,-0.49110320284656345
2012-11-20,93.98356340288623,99.58523274478011,92.58314606741277,96.94,674113.412,0.07450331125828792,0.4222222222226058
2012-11-21,96.47515923566571,98.1556942675128,93.70538853502886,97.72,475941.418,0.046129032258074465,0.2797202797209163
2012-11-22,95.47083700440206,95.47083700440206,91.64329041002739,91.83,897288.1424000001,0.04009126466754599,-0.9512195121940603
2012-11-23,91.64517368069166,95.13049098196075,90.68048764194754,93.17,625111.272,0.048556876061130926,0.3426573426579667
2012-11-26,92.9278133704703,92.9278133704703,88.88206128133396,89.38,473296.6967999999,0.04353650368386823,-0.8769230769220939
2012-11-27,88.84695251594299,89.87390503188908,87.50880226789201,87.82,405523.37539999996,0.026619964973741153,-0.4342105263142941
2012-11-28,87.81604938271288,87.81604938271288,85.26434277414361,85.7,373066.479,0.02905740609497917,-0.8292682926813869
2012-11-29,85.94888165037692,88.31387622149518,85.23315960911745,85.98,259205.5953,0.03584359160030074,0.010101010102015777
2012-11-30,85.98118779512946,86.69691972393437,84.48748637849312,85.67,227661.8127,0.025696706478476754,-0.1408450704210615
2012-12-03,85.26287328490373,85.35622679579963,77.10999999999689,77.11,757022.0616,0.09671532846716398,-0.9886792452825197
2012-12-04,74.4336926147675,80.25271457085508,71.88203592814085,77.95,1182205.692,0.11245819397994487,0.4200743494427009
2012-12-05,76.23949246629358,81.06280729579379,74.77693893734836,78.48,1414474.0402,0.08244897959184873,0.3564356435647929
2012-12-06,78.48306066535896,80.28798434441957,75.80679452054498,79.51,903274.2599999999,0.057097541633636215,0.22916666666731095
2012-12-07,80.2888030888,81.5024710424679,79.10625482625179,80.6,878275.2159999999,0.02984496124032209,0.12987012987136992
2012-12-10,77.95855039637306,83.0935447338587,77.21164212910242,82.44,1081442.3295,0.07544910179641906,0.7619047619051595
2012-12-11,81.84732909973548,84.64818827044886,81.03819200597383,83.31,963005.241,0.044106463878338734,0.40517241379384794
2012-12-12,83.6153931339947,84.48671096345203,81.84163898117085,84.3,620476.6743,0.03163379233346889,0.25882352941284203
2012-12-13,83.99491698112891,85.27086792452509,82.1587924528271,82.47,683809.4450000001,0.037050759540582,-0.48999999999884475
2012-12-14,80.662424916571,84.89471264367504,78.76411939191404,83.93,895793.4468,0.07600308641976465,0.532994923858286
2012-12-17,83.9324999999971,92.11724137930717,83.02999999999713,90.25,1907250.25,0.1082684464219611,0.6952054794523198
2012-12-18,89.59722657580615,94.26536967631706,88.22790459965628,91.34,1698520.307,0.06738450850990965,0.28865979381490126
2012-12-19,91.89652145853205,96.72007744433377,91.14964827363372,96.44,1452175.905,0.06061632238402655,0.8156424581009689
2012-12-20,96.16144775630212,97.34401572223724,92.67598427775656,95.01,1233360.0990000002,0.04854368932039829,-0.2466666666659459
2012-12-21,94.76363184079288,95.75950580430862,92.80300497512131,93.83,700805.997,0.031198686371110465,-0.3157894736830528
2012-12-24,93.78968944099057,93.78968944099057,89.93105590061802,90.18,821959.1604,0.04114134041142377,-0.9354838709666928
2012-12-25,89.77696160266814,94.53809682804359,87.69202003338606,93.2,1144458.6845,0.07625649913345915,0.5000000000003795
2012-12-26,92.85914618369686,96.93573738680152,92.01893272962187,96.22,1080838.9016000002,0.05294906166220853,0.6835443037979634
2012-12-27,96.47085889570255,102.91262269938333,94.60368098159218,101.45,1885687.342,0.08612903225807401,0.5992509363298923
2012-12-28,101.1377025036789,107.85946980853878,100.23524300441531,105.65,1728460.7025000001,0.07538461538462433,0.5918367346942118
2012-12-31,105.6219136522723,108.26712952158377,103.63022170361424,106.68,1308934.4936000002,0.04390100176783466,0.2281879194637106
2013-01-04,106.7420120120088,107.55113513513191,103.31879879879571,103.63,1740931.9919999999,0.0396501457726037,-0.7352941176461504
2013-01-07,102.3814585178594,105.77342781222009,101.35453203424561,105.4,1086083.8875,0.043161094224933416,0.6830985915498441
2013-01-08,105.33819944598045,112.40223822714368,104.71581717451231,112.34,1934689.972,0.07296898079764552,0.9109311740893561
2013-01-09,112.28328150133747,117.7916353887368,111.90983378015787,116.08,1822382.8849999998,0.052383592017746755,0.6455026455030656
2013-01-10,115.44999999999689,118.09508086253051,114.20525606468695,115.45,1238471.829,0.033692722371976014,8.000815831997799e-13
2013-01-11,115.32790785907547,116.69715447154154,111.43800271002408,114.83,1086957.765,0.045601726929311984,-0.09467455621240883
2013-01-14,113.52645229309135,120.37289404322296,111.72148128623847,118.07,1913290.6771999998,0.07620614035088534,0.5251798561154079
2013-01-15,118.44029708222497,119.4983554376626,115.14164456233115,117.32,1364212.5770000003,0.03678402522333967,-0.2571428571420852
2013-01-16,116.3908493150653,116.3908493150653,112.56302191780513,113.59,1690356.2449999999,0.03288770053476764,-0.7317073170721642
2013-01-17,112.34089658965587,115.07940044004083,112.2475385038473,113.15,580950.2628,0.02520775623269559,0.28571428571528884
2013-01-18,114.8367713004452,114.96125560537793,107.99013452914495,111.04,1085131.9152,0.06070460704607854,-0.544642857142332
2013-01-21,109.63567671394473,110.47591607564684,104.25192080377941,105.31,1594930.9752000002,0.05676979846722401,-0.6949999999993857
2013-01-22,105.18481962481657,107.82999999999687,98.61854834054549,107.83,1602671.994,0.08757396449705003,0.2871621621624711
2013-01-23,105.99690108633202,109.70025728987679,103.72509433961967,108.86,1566259.9326,0.05637110980623318,0.4791666666671079
2013-01-24,107.36254396248222,109.94546893317381,105.65096717467453,106.18,1091412.8176,0.04000000000000886,-0.2753623188397949
2013-01-25,104.25606060605745,106.59015151514828,101.85972727272417,102.7,780460.5599999999,0.04537313432836744,-0.32894736842032385
2013-01-28,101.1407384032786,102.38554749131896,95.69469864310207,98.62,1615842.9945000003,0.06615384615385535,-0.37674418604599025
2013-01-29,97.96599441513814,100.6734408935743,96.09878994725113,100.3,1158199.5534999997,0.0466963151207213,0.5102040816332194
2013-01-30,100.51798798798497,105.34160660660345,99.2731831831802,103.63,1134895.9679999999,0.060371517027873266,0.5128205128209398
2013-01-31,103.25624190064477,103.62968219684961,100.20647948163838,100.86,568675.9071,0.033152501506941094,-0.6999999999988913
2013-02-01,100.76536809815642,103.00598159508885,99.20938650306442,101.45,690205.5700000001,0.037677578752325885,0.18032786885323235
2013-02-04,99.95947936507619,102.38688888888565,97.5631904761874,98.03,575052.9750000001,0.0482565379825748,-0.3999999999992725
2013-02-05,97.99442822384127,102.38223844281924,96.78077858880482,102.32,1262779.7448,0.05716100349318202,0.7722222222226456
2013-02-06,102.32377777777462,102.946185185182,100.39431481481171,100.83,736085.88,0.024939172749401294,-0.5853658536570888
2013-02-07,100.70351477449142,101.45038880248518,98.02721617418047,100.05,591366.4569999999,0.03399258343635073,-0.19090909090812688
2013-02-08,99.54782894736529,100.97927631578631,98.80098684210216,99.33,430307.136,0.021881838074408112,-0.09999999999852015
2013-02-18,99.39820885657306,100.05173496364507,93.98327825511917,94.17,971799.5974000001,0.06105197244835002,-0.861538461537809
2013-02-19,93.98439669421177,96.31844628098855,93.3619834710713,94.14,676823.785,0.03145695364239439,0.05263157894840405
2013-02-20,94.66948993288273,94.66948993288273,91.33956375838619,92.74,847623.75,0.03517422748193001,-0.5794392523353402
2013-02-21,91.52353366173757,97.09399014778008,90.9322561576325,94.76,1527535.5165000001,0.06732403944237673,0.5252525252529424
2013-02-22,95.22537313432551,104.24999999999689,95.22537313432551,104.25,2473973.995,0.09477124183007496,1.000000000000234
2013-02-25,107.11089924811708,107.11089924811708,101.75846616541048,103.47,1895286.9075,0.04997094712377404,-0.6802325581388277
2013-02-26,102.69653767820475,108.92057026476262,102.0118940936834,106.96,2134012.3342999998,0.0672727272727363,0.6171171171174784
2013-02-27,105.80896226414782,107.98738207546852,103.66166273584601,105.56,1137906.7776,0.040882352941185494,-0.05755395683379892
2013-02-28,105.37386602583041,106.24523881045039,100.51907479723337,103.6,1563791.4249,0.05434140578855008,-0.30978260869505375
2013-03-01,103.0043321299608,105.12043321299322,101.91516245487057,103.44,1220977.6632,0.031117824773423345,0.1359223300980147
2013-03-04,102.69655797101139,106.27537741545572,102.57207729468288,103.07,1185153.8255999999,0.03606060606061547,0.10084033613526629
2013-03-05,102.47847559149137,106.11952680442927,100.51790955375557,103.91,1317685.9311,0.05466140297601906,0.2555555555560672
2013-03-06,103.93973150528123,109.69687232219053,101.1078406169637,108.95,2041981.3566,0.08263473053893097,0.5833333333336289
2013-03-07,107.98286118979864,115.14022662889192,107.45383852690914,109.85,2843188.374,0.07118155619597404,0.24291497975745752
2013-03-08,109.91748040638286,112.93616545718102,106.68095210449616,107.21,1212778.8335,0.0569082672706767,-0.4328358208949553
2013-03-11,104.77984638108997,106.46030723781074,102.94378729689504,105.34,812580.4205000001,0.03356103356104277,0.15929203539906922
2013-03-12,105.18510895883458,106.83446125907665,101.91752421307197,102.82,746610.8271999999,0.04674556213018642,-0.4810126582271178
2013-03-13,102.81577102803436,106.54999999999688,102.06892523364186,106.55,1084773.8752000001,0.04358353510896827,0.833333333333843
2013-03-14,105.49826243259119,106.8364409826211,103.44431396045225,103.88,730993.2932000001,0.03215339233039255,-0.477064220182426
2013-03-15,102.69800569800245,103.10257359923702,96.47388414054777,98.31,877996.3491,0.06454545454546369,-0.6619718309853455
2013-03-18,98.2467079037767,100.02056357387973,90.06207560137148,90.56,1186955.535,0.10136205258157395,-0.7718749999996098
2013-03-19,90.65569506726146,92.11838565022106,83.34224215246351,90.22,1857588.7511999998,0.09680741503605526,-0.04964539007056356
2013-03-20,88.72692910701812,91.62121336059676,87.45095432855872,91.31,1716201.6372,0.04700105226237483,0.6194029850752213
2013-03-21,91.18061581525224,91.27397480755454,88.37984604618305,88.94,1143300.6016,0.031740614334481644,-0.7741935483857558
2013-03-22,88.65992302308997,90.49598320503533,88.06864940517538,88.94,910579.9492,0.027378027378038287,0.11538461538584772
2013-03-25,88.72028419182634,89.24930728241246,86.82202486678199,87.6,844047.911,0.02735882146616328,-0.4615384615369919
2013-03-26,87.53992204110249,88.87807228915347,86.82416725726127,87.82,693275.9426000001,0.02346249555635667,0.13636363636508742
2013-03-27,87.85568837897529,88.22914507771695,83.65430051813162,84.09,1075306.0233999998,0.05207226354942639,-0.8231292516998191
2013-03-28,83.39595574207999,83.39595574207999,80.0041053033163,81.56,860161.3526,0.040671641791056236,-0.5412844036686473
2013-03-29,81.56455521472081,83.3694938650275,79.29282208588654,81.16,627954.24,0.04998092331172478,-0.09923664122059034
2013-04-01,81.16204146730139,81.16204146730139,77.9877591706508,78.05,621580.4628,0.03911042944786457,-0.9803921568614586
2013-04-02,77.73538095237788,79.60252380952066,77.4864285714255,78.42,510159.38399999996,0.02722177742195008,0.32352941176601796
2013-04-03,78.89233359746123,79.35915213945803,76.90057448494149,78.55,491741.83359999995,0.031163708086797325,-0.13924050632779847
2013-04-08,77.17736446378801,79.35575781558848,75.3724099722962,78.64,474083.39440000005,0.05161290322581867,0.3671875000006879
2013-04-09,79.20439215685964,80.16916078431059,78.42635294117339,79.36,456190.41,0.022003929273097,0.08928571428744703
2013-04-10,79.35385729807754,86.44902571531742,79.35385729807754,85.92,1391387.1752,0.08941176470589385,0.9254385964915346
2013-04-11,84.89732982323864,85.488623542682,82.43879277923722,82.75,722928.6541,0.03592375366570049,-0.7040816326518129
2013-04-12,82.62289356984175,86.63733924611654,82.1872172948972,84.21,852928.494,0.05386064030132967,0.3566433566439715
2013-04-15,83.84112142591594,84.02784998143024,81.38252877831113,83.81,526150.5303,0.03155159613958109,-0.01176470588117397
2013-04-16,81.84639097744054,84.42937593984645,80.6015789473654,82.78,450835.154,0.0467680608365135,0.2439024390251393
2013-04-17,82.93202602230176,85.51489962824962,82.93202602230176,83.71,439824.953,0.031144465290818532,0.30120481927819104
2013-04-18,83.3958935361185,83.6759543726204,81.21764258554825,81.84,354408.80600000004,0.029477611940310126,-0.6329113924035411
2013-04-19,81.81195268493873,84.0214044310896,81.5318813368351,82.87,493333.79870000004,0.03042982122481218,0.4250000000010774
2013-04-22,81.71847123719144,82.46532702915358,78.10866824270774,78.98,652547.9717999999,0.05331302361006489,-0.6285714285705727
2013-04-23,78.98352800953202,80.41506555422804,77.80095351608749,78.33,449637.88680000004,0.03309692671396033,-0.24999999999871383
2013-04-24,78.26590541632667,79.0127768795441,74.68714632174314,76.99,575793.8119999999,0.05526838966203998,-0.2949640287761934
2013-04-25,76.83092585170034,78.2001282565099,74.99494989979661,77.64,515356.721,0.04171729445120718,0.25242718446690754
2013-04-26,77.17833815625973,78.85883422901699,75.21775940470958,75.28,354908.6649,0.047177419354850994,-0.5213675213665235
2013-05-02,74.68641114982253,74.68641114982253,70.85873257839414,71.45,494078.76560000004,0.05125000000001255,-0.8455284552835212
2013-05-03,71.42318181817872,72.91699999999685,71.29869696969388,71.89,394972.57800000004,0.022657952069730574,0.2884615384632867
2013-05-06,71.88553921568335,76.2422385620884,71.44986928104285,76.18,573789.6576,0.06666666666667959,0.8961038961043577
2013-05-07,76.1805050885761,83.49358462118042,75.30915944213814,82.56,1417933.7879,0.10743464052288747,0.7794676806086506
2013-05-08,81.47142967841606,82.1560635412599,79.10633087950102,80.32,1024654.9352,0.037433155080225614,-0.3775510204070215
2013-05-09,80.31769290123147,83.55405092592271,80.09986111110801,80.66,1053246.7584,0.04300658659435539,0.09909909909997043
2013-05-10,80.132164988378,82.12379938032215,79.2297056545283,80.35,652015.677,0.03611650485438103,0.07526881720534905
2013-05-13,80.2876153846123,82.09253076922761,79.72746923076618,80.91,617249.36,0.029457364341097178,0.2631578947380477
2013-05-14,80.84627247302915,80.87739113063999,77.8899999999969,77.89,504471.1398,0.03695150115474609,-0.9895833333319712
2013-05-15,77.79565567175875,79.63163314561226,76.92434432823504,77.36,528175.0628,0.03480000000001259,-0.16091954022868094
2013-05-16,77.20896077638183,77.76912252324796,74.59487262433987,76.96,803374.3286,0.04111245465539341,-0.07843137254801437
2013-05-17,76.80794060179457,80.13794450957093,76.7768190699462,79.64,768195.4224,0.043760129659655984,0.8425925925932679
2013-05-20,79.97982998454097,82.03378670787939,79.73086553322723,80.54,783968.0884,0.02879377431907833,0.2432432432444865
2013-05-21,80.43999999999689,81.18683172146687,79.38198839458107,80.44,707206.1095,0.022437137330766403,1.724347557633977e-12
2013-05-22,80.2258208955194,84.02238805969837,80.2258208955194,83.4,1557019.432,0.047323506594271036,0.8360655737710891
2013-05-23,82.7812075471667,85.08414339622321,81.94094716980824,82.47,1359766.94,0.037969924812041644,-0.09900990098908234
2013-05-24,82.46223564954373,83.70694864048022,80.53293051359213,82.4,796807.2968,0.038490566037747365,-0.01960784313627137
2013-05-27,81.78216318785269,82.62239089183747,80.6307400379476,82.0,618980.4720000001,0.024353120243543108,0.10937500000150524
2013-05-28,81.84279362726633,84.45678399406876,81.25153390144197,83.99,961764.3589999999,0.039163498098871104,0.6699029126221171
2013-05-29,84.42694029850432,85.57835820895204,83.27552238805661,83.4,958245.7920000001,0.0272760781422893,-0.44594594594440407
2013-05-30,83.02929878048465,83.02929878048465,81.31767530487495,81.66,737305.1647999999,0.02061469265368505,-0.7999999999977193
2013-05-31,81.6601688411327,82.43818112048801,80.97551803530004,81.1,433299.0988,0.017911585365865665,-0.3829787234018667
2013-06-03,81.09649790635397,81.99895317852753,80.97202131708866,81.75,415771.0868,0.012663085188039849,0.6363636363660446
2013-06-04,81.84294720251846,81.99854215917725,78.60657210401583,78.98,551997.7416,0.04144486692016394,-0.8440366972465401
2013-06-05,78.7346798780458,81.65999999999688,78.26787347560678,81.66,590915.8783999999,0.04308300395258123,0.8623853211015767
2013-06-06,81.0359110417448,82.40518142801085,79.44880218493644,79.76,501505.28559999994,0.03648233486944356,-0.4315789473672227
2013-06-07,78.82255832662595,79.91169750603058,76.79987127916023,77.36,463376.97559999995,0.03947887879985427,-0.46999999999884906
2013-06-13,75.62104183756868,77.17703035274499,74.06505332239237,75.87,457790.57399999996,0.04115226337449827,0.08000000000097436
2013-06-14,76.82377833752827,76.88732157850224,75.61645675902287,75.68,342734.7846,0.016542597187771218,-0.8999999999967948
2013-06-17,75.61694036300452,76.0617458945516,72.43975799481105,73.52,532726.0718,0.04789915966387824,-0.578947368420017
2013-06-18,73.71063094208843,74.12366464995358,72.78924805531233,73.52,448726.252,0.018103448275875372,-0.1428571428546564
2013-06-19,73.17319801159599,76.69999999999682,71.80695940347674,76.7,816742.3798,0.06686930091186664,0.7207792207797233
2013-06-20,75.87136842104931,76.57035087718964,71.64570175438283,72.44,555565.5480000001,0.06490787269682989,-0.6967741935476008
2013-06-21,71.80147186146876,75.26446320345995,70.30825541125238,73.39,477829.737,0.06902654867257936,0.32051282051339647
2013-06-24,72.08738030713316,74.18423667569675,69.5775067750646,70.34,458983.4544,0.0639048038783737,-0.3793103448268146
2013-06-25,68.90893805309413,71.9906194690232,63.5398230088466,68.21,612635.9297,0.12263715998157118,-0.08270676691690783
2013-06-26,68.05645522387744,68.75544776119084,66.02302238805663,68.12,448150.672,0.040149393090583727,0.023255813954639642
2013-06-27,68.30567580567252,69.03638768638437,65.9546897546866,66.05,456459.62669999996,0.0451162790697813,-0.7319587628853328
2013-06-28,65.60924329501603,68.43695402298523,65.60924329501603,66.34,344772.8568,0.04309927360776263,0.25842696629316414
2013-07-01,66.33973568281613,66.72099853156796,64.49696524718236,64.91,441903.3516,0.03352490421457396,-0.6428571428554225
2013-07-02,64.9712541099077,68.52958196335987,64.43115077500873,67.64,895121.0179999999,0.06308068459659139,0.6511627906982915
2013-07-03,66.93784779447084,67.3508482792018,64.65046049442249,65.54,801069.9141999999,0.04034171808259609,-0.5176470588221672
2013-07-04,64.65794685990026,66.78673429951368,64.02248792270223,65.77,599964.453,0.0427518427518575,0.4022988505757136
2013-07-05,65.76284074605138,67.63724055475527,65.73107125776828,66.43,545069.7522,0.028985507246391453,0.35000000000148446
2013-07-08,65.29398101897776,65.64348651348324,63.51468031967715,63.61,543540.3974,0.03260340632604895,-0.7910447761175387
2013-07-09,63.381426372495476,63.85797845048417,61.31636736787783,61.92,513497.76769999997,0.0401002506265816,-0.5749999999985265
2013-07-10,61.57713426853399,63.45177354709101,61.57713426853399,63.42,532343.5792,0.03044375644996413,0.9830508474587991
2013-07-11,63.44749089252898,69.76999999999683,63.22509107467836,69.77,1408713.7968000001,0.10315473209816141,0.9660194174760656
2013-07-12,69.76681690140518,70.37044600938637,66.87575117370578,67.67,1425581.949,0.05009107468125228,-0.5999999999989191
2013-07-15,67.29454630495476,68.05709073900526,66.18250233863115,67.93,1113142.6446,0.027856468366398043,0.33898305084896896
2013-07-16,67.54881818181512,71.4568636363604,66.72272727272426,69.9,2061178.9,0.07008466603952444,0.4966442953025796
2013-07-17,68.62797731568675,69.26342155009127,66.72164461247323,67.23,1009675.85,0.03703703703705123,-0.549999999998534
2013-07-18,66.71896053897657,67.86271414821617,66.01999999999683,66.02,555244.7170000001,0.027619047619062052,-0.37931034482565873
2013-07-19,65.44610808130562,66.58982647495951,63.82584035696262,64.08,822040.452,0.042233009708752475,-0.4942528735618891
2013-07-22,62.939143988121565,65.19491340920013,62.939143988121565,64.21,436629.57230000006,0.0358404846037508,0.5633802816913023
2013-07-23,64.20854862118703,66.30541364295762,64.14500725689095,65.67,560664.6552,0.033646709549743054,0.6764705882364446
2013-07-24,65.26113647401336,66.27786304030762,63.76781932976865,65.42,680972.8641,0.03846153846155317,0.0632911392417429
2013-07-25,65.285546691691,71.95706241200978,64.17362740497119,67.7,2071616.4885,0.11922141119222769,0.31020408163301894
2013-07-26,68.15268536121349,68.15268536121349,66.08745247147975,66.85,1173332.8408,0.030303030303044442,-0.6307692307673891
2013-07-29,66.0491003460175,66.77980227384742,64.26999999999683,64.27,707518.3556,0.03799903799905262,-0.7088607594921233
2013-07-30,64.37339539441135,66.08917197451905,63.54728074472986,64.85,489465.06830000004,0.03948667324779368,0.1875000000011754
2013-07-31,65.4197666335618,65.7374925521318,63.54518371399884,63.99,640623.3914,0.03351141330744556,-0.6521739130417353
2013-08-01,64.81053144807095,65.25530960506751,63.85743539736403,65.16,763051.7839,0.021568627450995335,0.25000000000209577
2013-08-02,65.44530870199002,66.97024793388104,65.09584346134831,65.35,978534.6472,0.02864077669904409,-0.05084745762540096
2013-08-05,65.48091428571117,67.1647999999968,65.13142857142547,66.72,770409.99,0.031052886948098206,0.6093750000012643
2013-08-06,66.56328161729823,68.8826704278294,66.24555712270494,67.58,1007602.6527,0.039618138424835345,0.3855421686757591
2013-08-07,67.35822725129339,68.72445544554131,66.78631777463146,67.39,839787.2553000001,0.028773584905674745,0.01639344262458045
2013-08-08,67.22987341771837,68.88202531645247,66.81683544303485,67.77,754676.3034,0.03071833648394634,0.26153846153987215
2013-08-09,68.59141978229681,68.6231897775642,66.36752011357946,67.13,667606.9986,0.03288559518296915,-0.6478873239419729
2013-08-12,67.38692825111805,71.42188340806854,66.87858744394319,70.85,1613924.813,0.06742102781708116,0.7622377622382948
2013-08-13,71.29406125166129,73.70865512649473,70.72218375499021,71.58,1650872.9079,0.041889483065967,0.09574468085209284
2013-08-14,72.78603090507406,74.34278145695036,71.45167328918006,71.96,1178109.6254999998,0.03972064600612415,-0.28571428571309215
2013-08-15,71.86873350923167,73.80683817062122,71.16974494282888,72.25,1154354.031,0.036693191865619264,0.14457831325415887
2013-08-16,71.48914518317181,73.5543871551301,70.18645409316734,70.25,1026843.4539,0.04711111111112442,-0.3679245283008383
2013-08-19,70.1487567567536,70.81593243242925,68.6237837837807,70.53,533453.568,0.031250000000013885,0.17391304347962996
2013-08-20,69.92469147005129,71.79909255898042,69.51168784028722,70.02,582316.4156,0.032712403452989966,0.04166666666802999
2013-08-21,69.95804202056011,71.06999999999682,69.73565042467278,71.07,448507.09130000003,0.019073569482302932,0.8333333333350909
2013-08-22,70.53166368514891,71.64364937387874,70.24572450804696,71.04,534828.3928,0.019819819819833755,0.36363636363837226
2013-08-23,71.01037087911763,71.4551785714253,68.78633241757926,69.39,496534.584,0.03758389261746324,-0.6071428571414396
2013-08-26,68.91317853922143,70.50177186654328,68.84963480612856,70.47,432360.9504,0.0239741816505444,0.9423076923090339
2013-08-27,70.3379788172961,72.2441571050277,69.51196822594574,71.99,793498.816,0.03884372177056467,0.6046511627916369
2013-08-28,71.79963882618188,71.79963882618188,70.21115124153184,70.37,690984.0904999999,0.022123893805323324,-0.899999999997442
2013-08-29,70.91807999999685,72.03014666666347,69.93310666666356,71.49,581992.875,0.029569892473131975,0.2727272727286551
2013-08-30,70.43191567369063,70.78137488542296,68.81169569202251,69.32,622259.9234,0.027965719440699314,-0.5645161290303612
2013-09-02,68.63106320430825,68.78993140617007,64.18275355217715,64.85,1063039.1343,0.06712962962964335,-0.8206896551715455
2013-09-03,64.9733028406324,66.43480500721876,64.52849783341047,65.99,761550.3276,0.02933985330074846,0.5333333333347194
2013-09-04,65.31753846153532,66.68361538461218,65.12692307691995,66.08,549008.9280000001,0.02383268482491764,0.4897959183690729
2013-09-05,66.05481355931884,66.56317191282972,65.16518644067483,65.61,473250.918,0.02116402116403583,-0.3181818181793274
2013-09-06,66.08772946859585,66.56432367149438,65.3251787439582,65.77,285833.46599999996,0.018750000000014873,-0.2564102564074979
2013-09-09,65.76284074605138,66.52530846484619,64.49206121472673,66.43,697415.4119999999,0.03091787439614994,0.32812500000140166
2013-09-10,66.52999999999683,66.87948901623368,65.70393505252791,66.53,593683.7604,0.017669531996194275,2.6957678671742675e-12
2013-09-11,66.56566037735536,68.28143396226093,64.94520754716676,67.36,1229384.396,0.050119331742257585,0.23809523809611763
2013-09-12,67.83431279620532,68.18381042653706,66.91290995260347,67.04,711532.512,0.018735362997672617,-0.6249999999970076
2013-09-13,67.07374187557721,69.90157845867829,66.88310120705354,68.44,1194627.786,0.04500236854572719,0.4526315789482666
2013-09-16,68.44030188678923,68.78981132075148,67.04226415094024,67.36,648066.616,0.025533890436411685,-0.6181818181796478
2013-09-17,67.35405804229872,67.51291195277584,64.43114608951971,64.59,649250.3414,0.04575471698114629,-0.8969072164935258
2013-09-18,64.55780548628108,65.12967581047057,63.286982543637755,63.7,581908.9445,0.028543307086629093,-0.46551724137734146
2013-09-23,63.76696039603646,64.37063366336317,63.004425742571144,64.18,696890.1020000001,0.021425012456418088,0.30232558139744675
2013-09-24,65.06441427852866,65.06441427852866,62.999381598790194,63.19,951488.4717,0.03173828125001499,-0.90769230769033
2013-09-25,63.222123893802014,63.28566371681087,60.362831858403936,61.03,1184850.9006,0.04623115577890971,-0.7499999999986519
2013-09-26,60.687547169808056,60.687547169808056,58.87645283018551,58.94,847851.6795000001,0.02984293193718885,-0.9649122806994692
2013-09-27,58.93682170542311,59.25454042081622,57.221140642300284,57.38,743080.1448,0.03450134770891109,-0.7656249999980699
2013-09-30,57.255176211450596,58.24014317180296,56.39730176211144,57.7,583098.3504,0.03218645948947297,0.2413793103464205
2013-10-08,57.66920565832113,58.46354733405558,56.652448313381036,58.4,679542.2354,0.03140495867770273,0.403508771931353
2013-10-09,58.36792735042424,59.47999999999683,57.923098290595206,59.48,675274.3919999999,0.02667392487753429,0.7142857142872923
2013-10-10,59.40909592061415,59.40909592061415,57.43938257993069,57.63,501979.33139999997,0.033155080213919996,-0.9032258064495428
2013-10-11,57.57051014810437,58.07885902358432,57.44342292923437,57.92,407218.8232,0.01103752759383635,0.5500000000041099
2013-10-14,57.95288935500483,60.65354483481591,57.19035133717582,60.59,1102663.8237,0.05975877192984079,0.761467889908955
2013-10-15,59.886459989398,60.20416004239215,59.155749867511446,59.95,826877.739,0.017506631299751038,0.06060606060903021
2013-10-16,60.36630434782282,60.81110869564888,58.17405434782293,58.46,626335.448,0.043684210526331764,-0.7228915662635835
2013-10-17,58.494043243240085,59.54255135134813,57.89035675675363,58.78,472544.01999999996,0.0282455187398318,0.17307692307874042
2013-10-18,58.235937499996815,58.77604166666346,57.505208333330195,57.95,351919.4592,0.02182214948174076,-0.2249999999973269
2013-10-21,57.9516521739099,58.55531521738813,57.50684782608384,58.46,349838.83199999994,0.018092105263174743,0.4848484848510511
2013-10-22,58.33417943106902,58.93785557986549,57.88936542669268,58.08,344305.9936,0.01797385620916725,-0.2424242424209801
2013-10-23,58.26760456273448,59.220727865287394,57.94989679521684,58.49,412935.0113,0.0218102508179014,0.17500000000235763
2013-10-24,58.46320441988627,58.46320441988627,57.22403867402999,57.51,309185.467,0.021195652173929633,-0.769230769227587
2013-10-25,57.43972508590736,57.94804123711008,55.34292096219615,55.47,457292.0664,0.04535398230090139,-0.7560975609741032
2013-10-28,55.120249406172505,55.34263657956917,51.30789786222973,53.5,547393.4619999999,0.0731988472622648,-0.40157480314871996
2013-10-29,53.15133211678509,53.75496350364637,51.62636861313555,52.23,332692.3344,0.04004781829051429,-0.43283582089382844
2013-10-30,52.16936893203568,52.677718446598746,51.75633495145317,52.36,257587.6736,0.017661388550566964,0.20689655172734803
2013-10-31,52.739106453389276,57.59999999999683,52.35785990071417,57.6,948107.2622,0.09939759036146278,0.9272727272731539
2013-11-01,57.59999999999683,57.59999999999683,57.59999999999683,57.6,0.0,1.7361111111111762e-14,3.169020601490047
2013-11-04,58.14596375617473,58.33660626029334,55.60406370125999,57.86,846633.7059000001,0.046994535519142074,-0.10465116278949638
2013-11-05,56.93807734806315,58.050149171267506,56.429701657455446,57.51,504577.50100000005,0.0284598214285884,0.3529411764723307
2013-11-06,57.22285562632394,62.65600849256568,56.714490445856875,59.86,1726156.9727999999,0.10383120488618987,0.4438502673801371
2013-11-07,59.66936305732168,61.03559447982692,59.09745222929624,59.86,896787.5796,0.03248136315230586,0.09836065573928883
2013-11-08,59.414050026606745,60.65316657796379,57.82543906332849,59.7,583754.5669999999,0.047593582887716646,0.10112359550670381
2013-11-11,59.35192365645106,64.21318935208116,58.81178302360328,63.26,1512717.4007,0.09100642398288461,0.7235294117651602
2013-11-12,62.907945205476594,69.57999999999683,61.95479452054513,69.58,3182704.005,0.12121212121213507,0.8750000000003005
2013-11-13,69.76604467805215,75.2304161191382,68.17756460796899,72.53,3761481.3017999995,0.10109289617487631,0.39189189189228396
2013-11-14,71.80568927789619,73.29899343544537,69.99466083150678,72.6,2504197.308,0.0460176991150576,0.2403846153855048
2013-11-15,71.99313059033669,72.5967799642186,70.53166368514891,71.04,2437435.4264,0.02868490732569764,-0.46153846153670297
2013-11-18,70.27399463806657,71.41769436997,68.62198391420606,71.1,2929239.8699999996,0.03978300180833176,0.2954545454555741
2013-11-19,70.27845800825746,72.97903166589845,68.6263423588771,69.23,2938473.2358999997,0.061934900542508546,-0.24087591240797734
2013-11-20,69.16420309050467,72.05531125827497,68.17932008829722,71.96,2612213.4014999997,0.05604042259992176,0.7213114754104688
2013-11-21,71.32475409835732,71.38829508196386,67.67114754098044,67.83,2280580.0990000004,0.05211581291760776,-0.940170940169837
2013-11-22,67.86505747126112,67.96037356321516,66.08582375478612,66.34,1426671.3095999998,0.027621722846456403,-0.8135593220317675
2013-11-25,65.67193139097436,68.9444078947336,65.4495300751849,67.61,1471225.1456000002,0.05321722302855816,0.5545454545462032
2013-11-26,67.35733456732682,68.78708931050122,65.70517353076976,68.66,1395528.8512,0.04575471698114621,0.4226804123720292
2013-11-27,68.08292035397913,68.75008849557202,66.65327433628008,68.21,1010589.4647999998,0.030797946803560673,0.06060606060754202
2013-11-28,68.27910004567984,70.59849246230833,67.38947007765796,69.55,1593586.0897,0.04699860400187513,0.39603960396126353
2013-11-29,69.04204396632045,69.5821796071062,67.5169550982195,67.93,1211329.867,0.02991256327659002,-0.5384615384597449
2013-12-02,66.72097759673795,67.10224032586217,62.39999999999682,62.4,1346228.9064,0.0704761904762045,-0.9189189189180482
2013-12-03,62.21156356551085,68.53439357038147,61.95737944471204,65.23,1447109.1962,0.1057201225740695,0.4589371980680471
2013-12-04,64.8422147001903,67.79680851063503,64.07973887814005,65.7,1836352.98,0.05732484076434572,0.23076923077002182
2013-12-05,65.51581642511762,66.69141545893397,64.65794685990026,65.77,882149.5439999999,0.031037827352100027,0.12500000000149347
2013-12-06,65.67561576354387,71.17241379310026,65.16724137930744,70.95,2953496.6537999995,0.09143686502178429,0.8783068783072608
2013-12-09,70.37026789635176,74.46858146683908,69.29009222661092,72.34,3543536.1654,0.07358916478556646,0.38036809816004863
2013-12-10,71.64906318082477,73.55546840958286,70.98182135075945,72.92,1715429.88,0.035920177383605395,0.4938271604948702
2013-12-11,72.09276855894883,75.84197379912335,71.74326637554273,72.76,2284632.011,0.05685323931248572,0.16279069767515078
2013-12-12,71.64195945945625,72.94454054053726,70.1487567567536,70.53,1530314.5979999998,0.03902439024391591,-0.3977272727259978
2013-12-13,69.67872108843221,71.64866213151603,69.26566893423723,70.06,938504.6685,0.0341997264022027,0.1600000000012677
2013-12-16,69.6148999046678,69.90085795995853,66.59645376548777,66.66,1269032.5754000002,0.047466910086732025,-0.8942307692295384
2013-12-17,66.72016651248535,69.10302960221696,66.65662349675918,68.69,1095368.4357999999,0.036666666666680905,0.8051948051957789
2013-12-18,68.08721017907314,68.94505183788554,67.03873704052465,67.42,734689.45,0.027998133457783785,-0.349999999998151
2013-12-19,67.67146788990516,69.800100917428,66.59126605504284,69.26,1123484.582,0.04741784037560073,0.49504950495133254
2013-12-20,68.9140495867737,70.9792470156074,68.72341597795827,69.2,1088597.2878,0.03273397879208433,0.12676056338163225
2013-12-23,68.27809386972854,68.30986590037988,63.79823754788967,66.34,855238.3272,0.06607724523035338,-0.4295774647879334
2013-12-24,66.36716634429081,67.19318181817857,65.12814313345915,65.7,646026.4491999999,0.031115366203939763,-0.32307692307523506
2013-12-25,65.41450858778315,66.71708015266859,65.41450858778315,66.59,569667.648,0.01991257892182178,0.9024390243919826
2013-12-26,66.68697916666335,66.68697916666335,63.7322916666635,64.05,771948.3744,0.04430681276799903,-0.8924731182781914
2013-12-27,63.76808888888575,65.38850370370048,62.62426666666358,64.34,844103.6325,0.04334828101645743,0.20689655172521032
2013-12-30,64.40051521098802,65.44896957801447,64.36874386653267,64.75,576019.9123999999,0.016773556980775164,0.32352941176733463
2013-12-31,63.70033452274471,71.22999999999683,63.70033452274471,71.23,2551039.5220000003,0.11820448877806879,1.000000000000288
2014-01-02,70.8482294934975,71.7060331689793,69.00554011653658,70.88,1972936.2142,0.038116591928264616,0.011764705883522639
2014-01-03,70.59100398053646,71.82999999999683,69.51085360459666,71.83,1676722.3284,0.03285328532854663,0.534246575343606
2014-01-06,71.80612529001988,73.39475638050703,68.3111368909481,68.47,1661358.6755000001,0.07079646017700407,-0.6562499999992479
2014-01-07,68.21147018661502,70.05416477013792,66.71825216203611,69.8,1100312.3053,0.04890544946438286,0.4761904761912828
2014-01-08,69.67439330543608,70.37336122733285,68.30822873081969,68.34,1108684.9827,0.02963976288191094,-0.6461538461519881
2014-01-09,67.03959821428273,71.26531696428255,66.59478571428275,71.17,2447834.8159999996,0.06966824644551159,0.8843537414970862
2014-01-10,70.56886732851667,72.28463447653104,69.74275722021346,70.41,1652404.4984000002,0.036019810896006484,-0.06249999999872799
2014-01-13,70.53454075032037,74.34721862871608,69.104786545922,73.68,2468952.1056000004,0.07432432432433746,0.6000000000004927
2014-01-14,73.6457886044561,77.52188274153274,72.62910817505895,76.95,4007674.4386,0.06643658326144498,0.6753246753251834
2014-01-15,76.5055419654122,76.5055419654122,74.78988612399516,75.33,1743562.27,0.022425249169447933,-0.6851851851829348
2014-01-16,75.2045580226194,78.3499958106377,75.2045580226194,75.84,2205395.6078000003,0.04182509505704693,0.202020202021147
2014-01-17,75.84159593279948,75.93691423518673,71.74290893014714,71.87,1986319.2024,0.05529953917051929,-0.9469696969687144
2014-01-20,71.1713537117873,74.95233187772601,70.63121397379606,72.76,1731989.0590000001,0.06071428571429894,0.36764705882417603
2014-01-21,72.02696491227755,73.55201754385642,71.2644385964881,72.44,1200782.064,0.03176003528894149,0.18055555555686204
2014-01-22,72.75678807946719,78.25326158940074,71.99427152317584,76.76,2525101.4864,0.08602620087337488,0.6395939086298492
2014-01-23,76.7311363636332,78.06559090908769,75.46022727272415,76.89,1964710.396,0.03395445134576836,0.060975609757291965
2014-01-24,76.88999999999683,80.19436363636032,75.65086363636051,76.89,2517260.042,0.059090909090921295,6.974844506414618e-13
2014-01-27,76.24999999999694,79.9671874999968,75.36041666666364,79.3,2755650.144,0.060416666666679116,0.6620689655177855
2014-01-28,78.79709208400328,81.43425282713726,78.06631260096616,78.67,1520716.8604000001,0.042741935483883026,-0.037735849055649404
2014-01-29,77.90197765825081,78.6644766239107,75.2967728589129,76.79,2083469.2271000003,0.04323001631322608,-0.33018867924424006
2014-01-30,76.31915361827862,77.08170969106742,73.39602200592158,75.08,1024905.6440999999,0.04829308909243535,-0.3362068965507732
2014-02-07,74.31166878980575,74.97885350318153,72.53250955413704,74.82,1259350.6155,0.03292005130398919,0.20779220779342264
2014-02-10,74.37275325766817,75.86592686002203,73.10196721311169,75.58,1546435.8819,0.03716360529689444,0.4367816091963948
2014-02-11,75.2374261432588,81.1788951841327,75.2056535815429,78.51,2979687.9672000003,0.07939189189190402,0.5478723404259722
2014-02-12,78.5408881578915,78.5408881578915,76.34860608552319,77.27,1409072.3456000001,0.027912621359235473,-0.579710144925826
2014-02-13,77.04351095831213,79.7122346368681,73.19927804039223,73.93,1708133.6519,0.08453608247423874,-0.47804878048724375
2014-02-14,73.39588235293812,76.7002857142825,73.10992436974485,75.62,1648116.6800000002,0.04891774891776174,0.6194690265493812
2014-02-17,74.76048301268627,78.1283585755187,74.6651657797759,77.62,1857683.0958,0.04632384190396518,0.8256880733951727
2014-02-18,77.3263076923044,77.3263076923044,74.27646153845838,74.34,1646187.426,0.039441248972896505,-0.9791666666653072
2014-02-19,74.40897413792783,76.1246379310312,73.45582758620374,73.71,1536282.1919999998,0.035866780529474854,-0.2619047619034767
2014-02-20,73.80657694032868,73.80657694032868,69.26316733961107,70.82,1622956.0754999998,0.06155832974603083,-0.6573426573418157
2014-02-21,70.78397515527638,71.80062111800925,69.98972049689132,71.61,700434.1063999999,0.025583482944358346,0.45614035087868776
2014-02-24,71.48174157303036,71.48174157303036,66.90691011235641,67.86,1235638.6199999999,0.06400000000001317,-0.7916666666657985
2014-02-25,67.89493532337971,68.435044776116,63.60583084576798,63.86,1332258.5520000001,0.07112774918110867,-0.8355263157886441
2014-02-26,62.654424870463075,64.40188601035936,60.08089119170674,61.32,1332752.8150000002,0.0689655172413941,-0.3088235294109581
2014-02-27,61.255547329452085,61.60503437334418,59.28571126387841,60.08,1117350.6762,0.03786307053943482,-0.5068493150669092
2014-02-28,60.049740124737006,61.38417879417562,59.73201663201354,61.13,856434.7375999999,0.027513227513243737,0.6538461538476803
2014-03-03,61.129999999996826,61.60658523908205,60.20860187109875,61.13,765964.602,0.02286902286903894,2.27193405986452e-12
2014-03-04,60.94192631578627,61.41853157894413,59.35324210526004,60.37,662502.4500000001,0.0338894681960533,-0.27692307692140755
2014-03-05,60.654006009010494,64.1807711567319,60.43159739609113,63.45,1535292.2020999999,0.06181246726036105,0.7457627118650547
2014-03-06,62.811145307766765,63.89135721493119,61.95332996972443,62.97,814029.5984,0.030854830551355805,0.08196721311634836
2014-03-07,62.6165337423281,63.25191206543646,60.9963190184018,62.14,789571.0872,0.0360223236935721,-0.2112676056323061
2014-03-10,61.31715388857909,61.47600661886039,57.18698290126547,57.6,892541.5316999999,0.06994818652851266,-0.8666666666657257
2014-03-11,56.87335456475282,59.98709129511359,56.26967091294819,59.86,799888.7496,0.0653631284916364,0.8034188034194425
2014-03-12,59.503138006568484,60.99627601314014,57.37462212485994,58.01,787080.6834,0.060864922584105544,-0.41228070175339543
2014-03-13,58.20927741283183,63.833208691254995,58.20927741283183,62.88,2724744.9868,0.09661572052403301,0.8305084745766873
2014-03-14,61.98292071610937,62.26884910485616,60.52150895140356,62.11,1388810.2995,0.028190671450553886,0.0727272727290445
2014-03-17,61.797460639915606,62.78240731335386,61.289101066528126,62.56,919674.8099,0.024164524421609747,0.5106382978741223
2014-03-18,62.58469336036176,65.44389254941383,62.298773441456554,62.68,1805724.9167,0.05025380710661435,0.030303030304028335
2014-03-19,62.362773613190285,64.14184407795781,61.18731634182603,63.57,1210469.5323,0.047376464595022816,0.4086021505385729
2014-03-20,63.37898773005812,65.28512269938318,62.108231083841424,62.14,1141631.7227999999,0.05012531328322293,-0.3899999999988812
2014-03-21,61.60546546546239,63.8294894894863,60.04864864864564,63.48,921575.7018,0.06137184115525003,0.4957983193284369
2014-03-24,63.063449999996855,64.81079999999676,62.777519999996876,63.54,915047.8,0.03224181360203023,0.23437500000144423
2014-03-25,63.25940563086219,63.29117831073706,60.68581856099788,60.94,1038628.2633999999,0.04118533400302877,-0.8902439024374642
2014-03-26,61.00354535974655,61.1624087591209,59.89150156412618,60.94,562075.4622,0.02083333333334939,-0.049999999997458196
2014-03-27,60.751284210523124,61.48207894736519,60.05226315789157,60.37,435139.33,0.023535564853572655,-0.26666666666426275
2014-03-28,60.36655592469213,60.747818383163875,56.77633444074991,57.38,1013584.0889999999,0.0657894736842261,-0.7519999999990119
2014-03-31,56.89999999999683,57.98017867113021,56.80469011724976,56.9,452114.1297,0.020658849804595668,2.6959178726377043e-12
2014-04-01,56.42499999999692,58.36302083333015,56.42499999999692,57.95,510448.95359999995,0.03434684684686394,0.7868852459028672
2014-04-02,57.95340946166079,59.25609026644593,57.76277324632638,58.43,523431.2598,0.02576754385966592,0.31914893617213086
2014-04-03,58.20123076922758,58.83661538461216,57.43876923076608,57.82,368846.66,0.02401746724892515,-0.2727272727248087
2014-04-04,57.6669584245045,58.14354485776488,56.58669584244767,58.08,402053.06200000003,0.02699724517908042,0.26530612245084956
2014-04-08,57.7931745181982,59.699491434686315,57.50722698072499,59.35,648212.4384,0.03793293018143483,0.7101449275373571
2014-04-09,59.509867724864584,61.47976190475866,59.096825396822275,60.05,893013.6599999999,0.040042712226390983,0.22666666666789997
2014-04-10,59.76114528101487,60.80958642629584,59.15749734888341,59.92,579509.334,0.027644869750149195,0.09615384615570581
2014-04-11,59.473361344534695,61.95141806722364,59.473361344534695,60.49,827582.5488,0.04166666666668281,0.41025641025752596
2014-04-14,59.98730948677761,61.92545878693303,59.09766718506693,61.29,999530.8329,0.0471398305084903,0.46067415730433053
2014-04-15,61.28284615384302,62.4583076923045,60.9333846153815,61.95,1001105.04,0.024883359253515192,0.43750000000179295
2014-04-16,61.66437375745221,64.33300198806837,61.31491053677628,63.92,1505265.1244,0.04894384337971656,0.7473684210534355
2014-04-17,64.01780684104305,64.30374245472514,62.93760563379965,63.16,906360.014,0.021339950372223818,-0.6279069767413982
2014-04-18,63.576719146771794,64.78407313356706,62.27404773996638,62.56,1064496.9258,0.03948025987008007,-0.4050632911378163
2014-04-21,61.50663865545896,62.523277310921095,60.2358403361313,60.49,635625.6479999999,0.037190082644643796,-0.4444444444428609
2014-04-22,60.21054369918393,64.3410823170699,60.14699695121646,62.53,672036.7727999999,0.06965699208444819,0.5530303030309295
2014-04-23,62.27183513247979,65.0041707556396,61.79526496564957,64.75,1568295.6183999998,0.05153061224491326,0.7722772277235156
2014-04-24,65.19438805969826,65.89335323382757,63.60583084576798,63.86,1069810.4400000002,0.03508771929826038,-0.5833333333316929
2014-04-25,63.53846153845829,66.65184615384275,61.791153846150685,61.95,780003.315,0.0765000000000147,-0.3267973856201955
2014-04-28,61.573930753561015,63.86150712830632,61.16089613034312,62.4,689795.8836,0.04385964912282255,0.30588235294224075
2014-04-29,62.2052231237291,63.15831643001709,61.31566937119366,62.65,479075.9052,0.029622063329944017,0.24137931034642
2014-04-30,62.27303543913395,62.62252696455766,61.510508474573115,61.86,411338.01719999994,0.017857142857158757,-0.37142857142539
2014-05-05,61.79374017810048,61.79374017810048,58.93438973284134,60.65,693688.6020000001,0.04627249357328007,-0.3999999999987493
2014-05-06,60.20230971128293,61.409532808395724,59.884619422569045,60.52,337466.74950000003,0.02532981530344606,0.2083333333352838
2014-05-07,60.52069606800954,61.6008554728979,59.5993836344283,59.79,371134.54040000006,0.03307086614174812,-0.3650793650776
2014-05-08,59.414550264547124,61.162037037033805,59.25568783068469,60.05,298127.65499999997,0.03208556149734261,0.3333333333348208
2014-05-09,59.73290870488007,61.321549893839645,59.73290870488007,59.86,446129.8812,0.026595744680867384,0.08000000000194248
2014-05-12,60.87106295149326,61.95123839008969,59.79088751289682,61.57,695030.3663999999,0.03549060542799075,0.32352941176602223
2014-05-13,61.57645360824426,62.52964948453287,60.33729896906906,61.64,815981.46,0.03560371517029435,0.02898550724780903
2014-05-14,61.25006802720769,61.313605442173674,60.51938775509888,60.71,356684.51910000003,0.012966804979269273,-0.6799999999951526
2014-05-15,60.62399999999673,60.97350943395898,58.93999999999683,58.94,444091.45200000005,0.03354297693921926,-0.8281249999980298
2014-05-16,58.93822737068649,59.510134698272665,58.55695581896237,58.97,382089.70879999996,0.01617250673856116,0.03333333333661882
2014-05-19,58.68177139761329,58.99948537377796,57.188515709639375,58.65,381997.9488,0.030860855441272646,-0.017543859647359567
2014-05-20,58.934262295078746,59.22019672130824,57.8858360655706,58.14,258296.997,0.022641509433978992,-0.5952380952352633
2014-05-21,58.17167298321288,58.965933946937795,57.31387114238997,58.68,291611.3786,0.028399781540158677,0.30769230769404293
2014-05-22,58.71609220636342,59.51041163556206,57.73113611415711,57.89,278381.0114,0.030303030303046746,-0.46428571428367554
2014-05-23,57.916460273969435,58.2976986301338,57.34460273972289,57.98,331592.09750000003,0.01645639056501985,0.0666666666699207
2014-05-26,58.016954866772274,58.84304513322138,57.85809135399359,58.43,342447.3621,0.01697699890472668,0.41935483871247026
2014-05-27,58.236567656762475,58.71313531352813,57.75999999999683,57.76,354365.83259999997,0.01636661211130981,-0.49999999999614686
2014-05-28,57.54148047722031,58.939506507589,57.03310737526806,58.59,831555.3036000001,0.03313086692436806,0.5500000000013764
2014-05-29,58.209016574582414,58.5902983425382,57.351132596681914,57.51,406740.1230000001,0.021288209607003682,-0.5641025640995426
2014-05-30,57.43938257993069,58.233621830206275,57.24876515986455,57.63,272605.0176,0.01714601769913208,0.19354838709980146
2014-06-03,57.9483185840676,58.266017699111835,57.40823008849241,57.44,324182.89759999997,0.01480263157896443,-0.5925925925882083
2014-06-04,57.59931514799434,57.59931514799434,54.517608821819245,54.74,735675.1682,0.053502482073927035,-0.927835051545061
2014-06-05,54.77456422018034,55.537087155960116,54.55216169724458,55.41,356751.9424,0.017981438515099087,0.6451612903251576
2014-06-06,55.24761168384564,56.041855670099885,54.802835051543255,55.47,433509.62580000004,0.022426682001167778,0.1794871794895917
2014-06-09,55.53634408601836,56.33062818335844,55.37748726655035,56.14,426088.72560000006,0.017162471395898705,0.6333333333360052
2014-06-10,56.13988789237355,56.74354260089368,55.56800448430182,56.68,345864.79360000003,0.020939445387680212,0.4594594594617557
2014-06-11,56.87516629711437,57.733059866959124,56.30323725055121,57.32,400153.7188,0.025139664804486556,0.31111111111311074
2014-06-12,57.280534729875576,57.94769570010706,56.67691289966612,57.63,406525.9258,0.022185246810887776,0.2750000000022762
2014-06-13,57.470538461535305,58.29653846153527,56.89869230768919,57.82,496431.754,0.02432283029299661,0.25000000000209205
2014-06-16,57.763546255503435,58.144823788543064,57.255176211450596,57.7,377663.532,0.015401540154032549,-0.07142857142492504
2014-06-17,57.73221529744717,57.79576203965679,55.952906515577574,56.08,421326.50349999993,0.031920748486533056,-0.8965517241357278
2014-06-18,55.91936579841134,56.4594960362369,55.79227633068767,56.11,178308.605,0.0119318181818359,0.28571428571859947
2014-06-19,56.071907514447624,56.453132947973614,54.547005780343675,54.96,367753.53900000005,0.03399433427763749,-0.5833333333313613
2014-06-20,54.777585210857616,55.28596187174725,54.65049104563521,55.0,244837.6599,0.011600928074263916,0.35000000000444115
2014-06-23,55.279381443295804,55.88300687284904,55.05699312714461,55.47,189620.31420000002,0.014942528735650173,0.23076923077279188
2014-06-24,55.469076923073885,58.455384615381405,55.15138461538159,57.82,985141.4299999999,0.05956471935855071,0.7115384615392051
2014-06-25,57.53353786622126,58.35953012713885,57.184079601986895,57.47,433209.0087,0.020430701270033574,-0.05405405405131157
2014-06-26,57.827092511010036,58.208370044049666,57.50936123347702,57.7,422067.2744,0.012087912087929068,-0.18181818181338072
2014-06-27,57.700347071580396,59.702066160517376,57.287293926244196,58.59,705049.3432,0.04185022026433364,0.36842105263274044
2014-06-30,58.74719979024338,61.44785527005446,58.74719979024338,60.59,1035384.2916,0.045970795024353764,0.6823529411773955
2014-07-01,60.46482795129379,60.75078877712755,59.416304923236666,60.02,338267.5747,0.02207041513401529,-0.33333333333070525
2014-07-02,60.396354166663535,61.508333333330135,60.396354166663535,61.0,586850.496,0.018411362440836732,0.5428571428595033
2014-07-03,61.00547368420732,61.48207894736519,60.0840368421021,60.37,361763.04,0.022916666666682732,-0.4545454545428585
2014-07-04,60.40078274760063,60.654968051114984,59.12985623002881,59.67,438411.40020000003,0.02524986849028436,-0.479166666664277
2014-07-07,59.542907348239645,60.08305111820767,59.09808306708952,59.67,280118.53620000003,0.016542155816451836,0.12903225806760973
2014-07-08,60.053383458643395,60.37712137486249,59.27641245971755,60.28,340766.1096,0.018328840970366682,0.20588235294392868
2014-07-09,60.281005347590366,62.06159358288439,59.89251336898076,60.54,578397.919,0.03598281417831899,0.11940298507606063
2014-07-10,60.4776243980706,61.448892455855464,60.21861958266131,60.51,307279.6734,0.020342612419716365,0.02631578947629097
2014-07-11,59.72944736841791,61.898484210523065,58.69348947368112,61.51,665293.93,0.05365853658538187,0.5555555555563901
2014-07-14,61.99707459775417,67.6626036079928,61.899951243292946,66.4,1985366.3592,0.09295039164492316,0.7640449438206551
2014-07-15,66.43754874651502,72.71868152274502,66.21090993500157,69.74,2721659.775,0.09795321637428286,0.5074626865675818
2014-07-16,69.66848598130517,72.29076635513681,67.8879252336417,69.28,1332172.47,0.06319702602231818,-0.08823529411689425
2014-07-17,69.44743346007276,70.22446768060504,67.53722433459755,68.12,811481.0295999999,0.03869463869465275,-0.4939759036130699
2014-07-18,68.12053811658888,74.07784753362897,67.667264573988,72.2,2430282.99,0.09410646387834021,0.6363636363640429
2014-07-21,72.68148828662966,73.10236104730946,69.83250344510475,70.48,1125121.2763,0.044988864142551974,-0.6732673267314829
2014-07-22,69.28495412843719,71.84266972476735,69.05832110091426,70.58,853955.922,0.04018691588786444,0.4651162790707599
2014-07-23,70.19228331779729,71.19595526560713,67.05176141658589,69.48,1332106.3232,0.059040590405917366,-0.1718749999991771
2014-07-24,69.41386542923112,70.64414849187607,68.11883062644695,69.77,1442629.6235,0.036380597014939245,0.1410256410268636
2014-07-25,69.86684906520429,73.42818057455206,68.96032831737033,71.0,1488486.6885,0.06394810009269172,0.2536231884064654
2014-07-28,71.35683787404773,74.82107637337764,71.06545332737512,72.49,1576687.0075,0.052631578947381706,0.30172413793181524
2014-07-29,72.39037404235816,72.61699864803639,70.90112663361555,71.84,1196196.1081,0.02370304114491518,-0.3207547169790548
2014-07-30,71.87021081576206,71.87021081576206,68.79468377634882,70.64,1335216.2042,0.04279279279280617,-0.3999999999988183
2014-07-31,70.248818181815,72.28829999999671,69.92509090908774,71.22,830528.1599999999,0.03364055299540523,0.41095890411078395
2014-08-01,70.24813793103125,72.28759999999667,70.11864827585885,70.41,699315.3525,0.030875576036880095,0.07462686567309898
2014-08-04,70.35124156544893,72.03475033737868,70.15699055330319,71.97,1113320.1924,0.0266912103083434,0.862068965518502
2014-08-05,72.03829225351797,73.75426056337706,71.87640845070108,73.56,1138644.1535999998,0.026067415730350704,0.8103448275874922
2014-08-06,73.20345565748916,75.08129750982634,72.8796898208793,74.11,1030982.0808,0.03007518796993797,0.41176470588363684
2014-08-07,74.55634624145448,74.55634624145448,70.99525284737719,71.06,1164010.256,0.04776378636562288,-0.9818181818169998
2014-08-08,70.96662700228508,71.64650800915004,69.67161556063755,70.74,810057.0675000001,0.02782846715329832,-0.11475409835896005
2014-08-11,71.03336665151882,71.68089050431297,69.44693321217314,71.26,782316.1767000001,0.031449407474945255,0.10144927536372039
2014-08-12,72.03048513985699,74.78221153845827,72.03048513985699,74.07,1787453.096,0.03820224719102459,0.7411764705891398
2014-08-13,73.49208211143387,77.27999999999676,73.36258064515822,77.28,2724263.0492000002,0.0533039647577221,0.9669421487609104
2014-08-14,77.47019957536826,78.31191507430665,76.0781316348163,76.24,1268682.303,0.02883409945676141,-0.5507246376794633
2014-08-15,76.30221386800015,79.3128654970727,76.17272347535187,77.5,1301136.1272,0.04115400933391154,0.3814432989699829
2014-08-18,77.53751527494593,80.2246191445996,77.05189409368323,79.48,1190257.1590000002,0.04091858037579527,0.6122448979600099
2014-08-19,79.48316115702151,79.48316115702151,76.73119834710427,78.35,1111922.724,0.03462321792261912,-0.41176470588102987
2014-08-20,77.54004407050971,81.87840144230441,76.34213942307386,80.81,1743897.2928,0.07139874739040866,0.5906432748542806
2014-08-21,80.61412911083717,80.61412911083717,78.12124238732935,79.74,927923.1813,0.030923694779128576,-0.35064935064791375
2014-08-22,79.47525834657873,83.06864069951976,79.47525834657873,81.45,1125259.8656000001,0.04521384928718107,0.5495495495502954
2014-08-25,80.93672966310268,81.42235004108129,77.73163516844382,78.8,847926.495,0.04560000000001166,-0.5789473684200234
2014-08-26,78.66869747898829,79.18668067226558,76.69388655461863,77.05,1015586.46,0.03168724279836619,-0.6493506493490924
2014-08-27,76.72862547288454,77.8293736864196,76.40487599831542,77.02,497303.06729999994,0.018565400843894606,0.2045454545475798
2014-08-28,77.05078318218975,78.83136850782859,76.24142621599027,78.54,668714.77,0.033613445378163825,0.575000000001025
2014-08-29,78.5424703087855,82.55700712588747,77.86258907363113,81.78,1329699.7878,0.059769167353680465,0.6896551724143356
2014-09-01,81.19755713750163,86.53950168602148,80.61479955039037,86.41,1595773.2142,0.07296650717704502,0.879781420765425
2014-09-02,86.43816631129756,92.58919687277567,85.30508173418318,91.1,2173964.9862,0.08426966292135898,0.6400000000003557
2014-09-03,90.64987405541237,95.47374235336109,89.1930010795218,89.97,1901601.8923999998,0.06928571428572453,-0.10824742267988201
2014-09-04,90.64525339043217,90.93661313347285,89.35032119914028,90.71,777300.5783999999,0.017500000000010854,0.04081632653261973
2014-09-05,90.48338686652068,93.39698429692744,88.31437544610678,90.71,1473008.8782000002,0.05617173524151314,0.04458598726177483
2014-09-09,90.54747240617768,90.54747240617768,87.60152317880471,87.99,1034477.3232,0.03253485877727208,-0.8681318681304723
2014-09-10,88.18440306680948,89.60882073749217,87.08371668491831,88.67,773139.4473,0.02863436123349133,0.19230769230890016
2014-09-11,88.66983443708283,89.18780353200555,87.31016556291068,87.99,1014386.9544,0.021175611537068467,-0.3620689655153233
2014-09-12,87.8284783413518,87.8284783413518,86.72778970751251,87.44,727431.6994,0.012532252119436295,-0.35294117646732237
2014-09-15,87.54199999999679,88.31899999999676,85.17862499999687,88.06,1841893.968,0.035872781065099855,0.16494845360922347
2014-09-16,87.98932046044978,90.22304493130005,87.17999999999678,87.18,1731177.2762,0.03458425312731051,-0.2659574468073621
2014-09-17,87.41325390915534,88.67588979895426,85.82686522710031,86.96,691620.826,0.03259259259260359,-0.15909090908971882
2014-09-18,87.3774141709245,88.96373995616915,86.56806428049356,88.64,855570.5138,0.027417562060033394,0.527027027028157
2014-09-19,88.9005018181786,89.38611999999675,87.41127272726955,89.03,832134.325,0.022214129643128282,0.06557377049340402
2014-09-22,88.93784003090848,88.93784003090848,83.2072256568747,83.79,1666882.922,0.06443392792137924,-0.8983050847450424
2014-09-23,83.78186604722868,84.29983739837074,82.84304297328369,83.62,612838.7054999999,0.017387944358589806,-0.11111111110882156
2014-09-24,83.20313575525495,84.82187380496808,82.87938814531233,84.66,598520.4155,0.02334630350195711,0.7500000000012819
2014-09-25,84.78591836734374,87.18154950868906,84.75354497354176,85.66,916763.0597999999,0.028636884306998792,0.3600000000011822
2014-09-26,85.66172519083644,85.66172519083644,83.7192824427449,84.82,627974.7,0.022675736961462748,-0.43333333333145047
2014-09-29,84.9183590733558,85.43635135134807,83.46150579150257,83.85,714264.502,0.023255813953499963,-0.5409836065554683
2014-09-30,83.85287311993505,84.50038565367974,82.36359429232232,83.95,686125.6917,0.025482625482637182,0.045454545456043834
2014-10-08,83.94938473519923,84.07888629283163,81.97448598130524,83.14,848973.0959999999,0.025067489394535243,-0.3846153846136684
2014-10-09,83.03907849829037,85.62899127796415,82.68296549108523,85.37,1013492.9772,0.03547758284601555,0.7912087912096227
2014-10-10,85.0146062235849,85.1117287744877,84.2376258163625,84.27,714950.6523000001,0.010281797410521923,-0.8518518518471833
2014-10-13,83.7176582278448,83.7176582278448,80.8040506329082,81.84,788950.6272000001,0.03480278422274934,-0.6444444444431124
2014-10-14,81.81515151514826,82.68931419457407,80.552472089311,81.2,537484.7148,0.026117926394946585,-0.2878787878771395
2014-10-15,81.23207776904631,82.49475255302113,80.51979968577847,82.43,817967.1684000001,0.024312475089689263,0.6065573770505065
2014-10-16,81.58387988936857,83.3321058869979,81.4220071118103,81.94,754336.4559,0.023412698412710316,0.18644067796769392
2014-10-17,81.58524212144191,84.46662567255633,80.77586471944348,84.24,1010914.9892,0.045238095238107054,0.7192982456147139
2014-10-20,84.49938104448415,84.82313346227912,83.3338723404223,83.69,641709.9645,0.017624521072808617,-0.5434782608670223
2014-10-21,83.52999999999678,85.08404651162462,83.20624031007429,83.53,673235.52,0.02248062015505062,1.7178897469216174e-12
2014-10-22,83.49789840229073,83.49789840229073,77.76733306021804,79.03,917925.3568000001,0.06863125242343118,-0.7796610169484518
2014-10-23,78.6689154568711,78.9279077711324,74.94590093936485,75.82,1000221.1258,0.05061728395062935,-0.7154471544705532
2014-10-24,75.59941558441233,76.40883116882787,74.46623376623056,74.79,535728.27,0.025695931477528897,-0.41666666666479096
2014-10-27,74.3684101479884,76.60237632134984,73.17048625792503,76.57,546662.182,0.04614714845451871,0.6415094339630184
2014-10-28,76.5643907562993,77.27661764705559,75.98165966386236,77.05,788092.494,0.016913319238913548,0.37500000000220696
2014-10-29,77.47187185929324,78.34597989949421,76.92150753768523,77.31,922363.3284,0.018386961972432166,-0.11363636363401448
2014-10-30,77.70227081580833,78.47929352396642,76.50436080739796,76.99,839651.1113999999,0.025416666666679195,-0.3606557377030961
2014-10-31,77.04979321753197,79.57495450785444,74.1361455748522,78.28,2479784.4942,0.07058823529412962,0.2261904761910296
2014-11-03,78.02100909842524,79.47783291976513,77.37353184449638,78.28,1065047.0298,0.026970954356859207,0.12307692307839653
2014-11-04,78.05829868476546,78.54393720831233,76.05099278743843,76.31,864255.8034000001,0.0319369556200872,-0.7012987012971169
2014-11-05,75.97915254236966,77.20932203389505,75.97915254236966,76.4,514796.476,0.016190881977005064,0.3421052631602489
2014-11-06,76.24682008367883,77.99515481171223,76.24682008367883,77.38,498678.758,0.022929936305745288,0.6481481481496218
2014-11-07,77.43839999999663,77.89163478260531,73.90964347825765,74.46,1006074.74,0.05142140468228658,-0.7479674796737964
2014-11-10,74.85214229248716,81.90999999999676,74.85214229248716,81.91,3138818.188,0.09429065743945841,1.0000000000003173
2014-11-11,83.85175507019954,88.25478159126023,81.29411466458342,83.01,4958312.428800001,0.0830115830115941,-0.12093023255765709
2014-11-12,83.14198142414538,85.31118421052302,80.84327399380491,83.66,2593859.5104,0.05373831775702093,0.1159420289862057
2014-11-13,82.55308151093112,83.03868787276012,80.64302982107037,81.42,1826063.5349999997,0.02901960784314883,-0.472972972971431
2014-11-14,80.93607305935765,86.56922374428893,79.93246575342162,85.08,3508694.3087999998,0.08200000000001112,0.6243902439028338
2014-11-17,86.12150914040895,87.28706339945207,82.8838584208447,83.24,1803147.1968,0.05112781954888306,-0.6544117647050025
2014-11-18,82.45605780346504,84.81934489402371,81.48484393063272,84.01,1564945.1114999999,0.04043973301924978,0.466019417476559
2014-11-19,83.52939334637638,83.85315068492822,81.91060665361715,82.72,898714.096,0.023255813953499998,-0.41666666666478847
2014-11-20,82.0347472353838,82.52035150078663,80.8369233807235,81.97,935614.512,0.020520915548551826,-0.03846153845959222
2014-11-21,81.29165094339304,82.55424528301563,80.70891509433646,82.36,1208387.7888,0.02270011947432502,0.5789473684224903
2014-11-24,82.5533828705482,84.10732890105264,81.0965584669503,82.78,1633874.417,0.036470588235305725,0.0752688172053498
2014-11-25,81.96863076922763,85.75628076922747,81.96863076922763,84.17,1605076.72,0.0462085308056987,0.581196581197281
2014-11-26,84.27319025099732,89.35612950163372,83.26955256456591,89.0,3986615.4693,0.07222435651172826,0.7765957446812523
2014-11-27,88.28152245344694,90.19153705731689,87.40744797370984,88.67,2859844.4061000003,0.03153648698204254,0.139534883722044
2014-11-28,88.44965155488616,88.61152866241706,85.21210940426806,86.41,1827760.5590000004,0.03843338213763902,-0.599999999998872
2014-12-01,86.66513964577362,95.04999999999677,86.66513964577362,95.05,3941999.2608,0.09675009338813148,1.0000000000002653
2014-12-02,98.3859345200223,104.24570883661463,95.86072790845213,101.85,7462160.6774,0.08522540309313216,0.41312741312774853
2014-12-03,100.49435151514845,111.79349090908751,99.7173333333303,106.84,6487712.55,0.12016752577320464,0.5254691689010308
2014-12-04,106.12160237388407,111.68991097922515,104.7295252225488,109.1,4950593.019,0.06558877364247367,0.4279069767445918
2014-12-05,108.68352558139198,108.68352558139198,98.74434108526825,104.41,4487413.672499999,0.09145070002979694,-0.4299674267097285
2014-12-08,100.39776054590259,106.38730769230438,98.94084367245348,104.38,4135351.6152000003,0.07416962270236338,0.534782608696015
2014-12-09,102.81844908967962,108.71043830073808,95.8257585974344,96.02,4854676.132999999,0.12531486146096565,-0.5276381909544828
2014-12-10,95.50469711693891,101.78534499513762,95.14857790735033,99.94,2756970.0648,0.06949152542373867,0.6682926829272161
2014-12-11,100.03495081966885,101.91262950819338,97.8659081967181,98.74,2120956.8850000002,0.040453074433666594,-0.31999999999912165
2014-12-12,98.6812628946515,104.83265395435747,98.42225695529545,103.57,2982804.5422,0.06496062992126941,0.7626262626266463
2014-12-15,103.24326267280789,108.61748079876777,100.36190476190168,105.38,2949171.2669999995,0.07996237064911506,0.2588235294121256
2014-12-16,103.6265939133076,108.22358745772799,101.65182908084532,105.31,2113596.0875,0.063417681974392,0.2561576354684349
2014-12-17,105.3482499999967,107.22599999999663,102.66112499999679,103.6,1764284.16,0.0433312845728424,-0.38297872340346195
2014-12-18,104.24850374064513,108.45729426433577,103.60099750623118,103.86,1857046.7192,0.0465838509316862,-0.07999999999931785
2014-12-19,102.94762653253372,106.28209368122899,100.2282552656366,102.98,2003876.6757999999,0.05880503144654992,0.005347593583419541
2014-12-22,101.75093603286085,110.32999999999674,99.06390845070132,110.33,4413192.3264,0.11072223989819502,0.7614942528737855
2014-12-23,110.07655502392033,119.14168308471376,107.74552209400203,115.03,5509472.5961,0.10352941176471388,0.4346590909093387
2014-12-24,112.66573191250384,121.4394139091385,112.34197980930702,115.45,4849653.02,0.08074712643678965,0.30604982206438075
2014-12-25,115.41438547485711,117.84245810055538,111.6913407821198,115.9,2402582.75,0.05329593267883007,0.07894736842156679
2014-12-26,114.27879213482824,116.41544943819898,113.6313202247159,115.25,2215313.952,0.024362606232303175,0.3488372093033678
2014-12-29,115.4125671321129,121.72545649838555,112.01331901181224,120.56,3636299.0552,0.0841514726507793,0.53000000000028
2014-12-30,119.49146464646148,125.02737373737043,117.51666666666355,121.79,3605381.5445999997,0.0628555946897938,0.3060344827590104
2014-12-31,119.52287956697917,123.34294993233766,117.61284438429992,119.62,2345024.7295,0.047941495124601746,0.016949152542936212
2015-01-05,119.30234454637821,127.75225280325873,116.22670744138337,127.04,4031570.1816000002,0.09660786974220581,0.6713483146069634
2015-01-06,124.6389901093148,126.90515356584781,122.27570536178754,124.38,2364896.6118,0.037142857142864895,-0.055944055943342196
2015-01-07,122.73234770889154,125.71081671158689,119.3653827493229,120.11,2170139.643,0.051701398048016205,-0.4132653061218685
2015-01-08,119.78848195328767,125.93978237791596,115.93582537154681,121.99,2485209.2688,0.08351351351352107,0.2200647249193972
2015-01-09,119.13937072503094,123.31572366620732,118.32999999999676,118.33,1550728.0489999999,0.04184782608696479,-0.16233766233698052
2015-01-12,116.77201751824475,117.12812846714985,110.81525255474128,110.88,1912884.0775,0.05406154699196816,-0.9333333333326717
2015-01-13,110.49280575539238,112.79136690647145,107.41726618704715,108.0,1712610.9936,0.048637562261948306,-0.46385542168605975
2015-01-14,108.06800740283441,109.58963602714034,103.82687230104551,104.96,2465495.2878,0.05332534451768409,-0.5393258426959725
2015-01-15,105.41177039274605,107.67799395770065,104.89377643504213,107.16,1805560.3150000002,0.02641277641278562,0.6279069767451266
2015-01-16,108.03101046337494,109.35833183856175,107.44828400597585,108.29,1917192.4365,0.017680551393476383,0.1355932203406128
2015-01-19,104.01777125192878,110.65444822256227,99.48540649149615,104.73,2244977.7455,0.10737628384688068,0.06376811594231352
2015-01-20,106.02287980475576,108.12715070164403,104.24234289200415,106.12,2208835.0636,0.03664122137405466,0.02500000000082943
2015-01-21,106.18581021897498,110.87999999999676,105.70020437955894,110.88,2829837.4075,0.04878048780488712,0.9062500000004519
2015-01-22,110.98337117903607,111.43662882095745,108.94371179038983,111.21,1881419.574,0.022462077012844393,0.09090909091035053
2015-01-23,111.04765741569348,111.04765741569348,108.00436884511764,108.49,1515547.7223,0.027405247813419686,-0.8404255319135554
2015-01-26,108.13503030302701,108.45878787878458,104.76795151514833,106.84,2719433.64,0.03413173652695504,-0.3508771929814782
2015-01-27,106.83876923076593,108.45753846153511,102.66234461538144,105.22,2294004.6999999997,0.054242424242433085,-0.27932960893793923
2015-01-28,105.2218798150969,106.16078274267777,103.95921725731574,105.06,1942486.854,0.020923076923086203,-0.07352941176319479
2015-01-29,103.56762499999675,104.95974999999672,102.95249999999677,103.6,1110704.96,0.019381056580190827,0.016129032259672035
2015-01-30,103.88924009461549,109.71662034298906,103.88924009461549,109.49,4616936.9618,0.05609224057339645,0.9611111111115023
2015-02-02,108.39225496091075,110.72327119662928,106.1907396271766,107.68,2253474.758,0.04181600955795413,-0.15714285714210485
2015-02-03,107.18883302863779,108.71039000609052,104.56657525898521,106.25,1969590.558,0.038659015403210546,-0.2265624999991589
2015-02-04,106.38214866084543,109.91095395726424,104.86055371651807,107.58,2721768.2808,0.04747413268412347,0.23717948718008017
2015-02-05,107.97444954128109,109.78751376146451,105.38435779816189,105.87,2134471.245,0.04077961019491149,-0.4779411764697399
2015-02-06,105.5137348211321,105.5137348211321,98.64999999999677,98.65,2515271.077,0.06505062902731804,-0.9999999999993823
2015-02-09,96.51108090614575,101.82064724918766,96.15495145630757,100.04,1383383.421,0.05870513250588038,0.6228571428576032
2015-02-10,100.36113774368488,104.24608501118236,100.23163950143496,101.3,1303778.8911,0.04000000000000965,0.23387096774268082
2015-02-11,100.65498570974594,102.56513178786592,99.71610034931409,101.95,1112875.8089,0.028304921196535892,0.45454545454642725
2015-02-12,101.1689926211068,101.84884825152064,100.42438883541544,100.91,855740.2449,0.014080000000009845,-0.1818181818157823
2015-02-13,101.0087619047587,103.27498412698085,101.0087619047587,101.98,1244772.9,0.022435897435907157,0.4285714285726683
2015-02-16,102.01237460317138,102.4979936507904,100.06989841269525,101.98,1064684.25,0.023801967629333516,-0.013333333331999517
2015-02-17,102.01692208628134,102.30830650353826,100.46287186091114,100.56,1023621.4356,0.018089495398296,-0.7894736842083456
2015-02-25,100.58581859855599,101.23329731499344,98.57863457759993,98.87,965102.7858,0.026392018023826992,-0.6463414634131721
2015-02-26,98.73811817597628,100.87474630699741,98.57625240847469,100.81,1055932.7994,0.023278688524600008,0.901408450705242
2015-02-27,100.80982233502219,102.29898477157037,100.77744923857549,102.04,1373280.0655999999,0.01509312780990072,0.8085106382994605
2015-03-02,102.3068544600907,103.60187793426907,100.78520187793113,103.44,1899467.1179999998,0.027531645569629757,0.4022988505757149
2015-03-03,103.24613278791368,104.08790119571731,101.98348017620825,102.89,1369159.9432,0.020382565067428766,-0.16923076922914998
2015-03-04,101.6933795013819,106.1289073561063,101.6933795013819,105.19,1801012.6467000002,0.043616682585173414,0.7883211678837656
2015-03-05,104.4061138767858,105.21546359676087,103.04640634722765,104.05,1293119.7958,0.020775193798458998,-0.16417910447604314
2015-03-06,103.91813374805277,106.05476827371365,103.10880248833273,104.08,1199658.603,0.028348909657330085,0.05494505494613077
2015-03-09,103.9222396486793,103.9222396486793,100.06967063989649,103.21,1126794.7744,0.03707165109035188,-0.1848739495789442
2015-03-10,103.24463044851223,103.34175615918815,101.33449147188563,102.5,1303120.851,0.019441831295086295,-0.3709677419336915
2015-03-11,101.97672975488359,104.56661495500762,101.75011479987275,104.34,1865546.2066999997,0.02761904761905711,0.8390804597709672
2015-03-12,105.31419373892187,112.66320141759854,104.34295924394256,109.62,4135322.4772,0.07900399631110619,0.5175097276267869
2015-03-13,108.7789976133619,111.04522673030692,106.22139618138107,108.52,2269207.4624,0.04434523809524675,-0.05369127516710086
2015-03-16,110.16863423211869,111.23697538100494,107.96720398592883,110.46,2122636.5903999996,0.029679694387314128,0.0891089108920508
2015-03-17,110.6196534653433,114.1159726266711,109.74557367501136,111.17,2775739.9740000004,0.03950834064970134,0.1259259259266404
2015-03-18,111.36490315119653,113.08069962416555,110.13470945359612,111.98,2341520.2404,0.026453488372101656,0.2087912087922459
2015-03-19,112.6602423884093,112.78973691989025,108.93727460833256,109.52,2264897.1870999997,0.03419540229885926,-0.8151260504191095
2015-03-20,109.59307580174608,112.18316326530284,108.94555393585688,111.05,2157294.3839999996,0.029542097488930476,0.45000000000085977
2015-03-23,111.04366197182777,112.98611670019795,111.04366197182777,112.63,2476629.1284000003,0.017492711370271374,0.8166666666679149
2015-03-24,112.63165645879418,116.32237472160031,108.13157015589898,116.29,5512168.6152,0.07272204656511312,0.4466403162058764
2015-03-25,115.1928727885393,117.4915501263657,113.50933445661013,115.29,3406946.8668,0.03456998313660186,0.024390243903248798
2015-03-26,114.63987499999689,123.15449999999666,113.8304999999969,119.14,4275713.615999999,0.0813329567918748,0.4826388888891832
2015-03-27,117.68086692434794,120.36794036443621,116.58013804527562,117.26,2256023.1873999997,0.032187070151315056,-0.11111111111022555
2015-03-30,117.23012355848111,119.46400329488961,115.93512081273705,117.91,2808314.8788,0.030102181717765696,0.19266055045958366
2015-03-31,117.51865714285377,118.68413142856802,112.82438571428249,113.31,3972214.75,0.04986225895317606,-0.718232044198218
2015-04-01,113.31535623048217,114.41613397672114,112.34408174850661,114.06,2386928.3255999996,0.01828571428572295,0.3593750000013897
2015-04-02,114.86207132667289,115.12106134093824,112.69302995720078,113.47,2691475.1295,0.021138669673063885,-0.5733333333317571
2015-04-03,111.88932330826758,116.32475076580016,111.88932330826758,116.26,3441672.2150999997,0.03964120370371216,0.9854014598545228
2015-04-07,116.2578838745152,118.16799669785033,115.28664006603974,117.65,3827881.8948000004,0.024784182678927853,0.4831460674167022
2015-04-08,117.35590087622897,121.30553395399447,116.83791621029252,118.23,4352987.5224,0.03806896551724951,0.19565217391372913
2015-04-09,118.26458873239103,119.65669859154593,113.99113521126439,114.93,2809390.48,0.04790583082398842,-0.5885714285707507
2015-04-10,114.38278679653368,119.72475108224782,114.35041125540815,119.66,4334080.0272,0.04698556467592109,0.9819277108437983
2015-04-13,120.2407499999968,123.28399999999671,118.81624999999684,121.73,4684118.888,0.037156704361881884,0.3333333333339871
2015-04-14,122.37864653545097,124.64491776758896,119.78862227015043,120.08,4173518.8690000004,0.03968253968254759,-0.47333333333256233
2015-04-15,119.78161244695558,119.78161244695558,114.43999999999676,114.44,2671424.245,0.04459459459460249,-0.9999999999992062
2015-04-16,114.28131087127888,125.6123190313207,111.20575151355327,122.99,5931736.185900001,0.1260623229461831,0.6044943820226576
2015-04-17,123.18323661302762,126.58251121075901,121.40266420469214,122.73,4235496.6455,0.04204993429698545,-0.08749999999935808
2015-04-20,122.76587588373599,128.91711966483035,120.27300340402932,123.64,6127315.496699999,0.07041139240507084,0.10112359550598059
2015-04-21,123.02151589241753,133.3164743276251,122.85964547676961,132.41,6817265.988,0.0850000000000073,0.8978328173376866
2015-04-22,131.73461463887224,133.70950072709323,129.8244789141995,133.58,4718813.7776,0.029491275497672567,0.4750000000007121
2015-04-23,133.48113198458248,136.81573217726063,129.1752890173379,134.42,5213631.9384,0.057239873878251045,0.12288135593261622
2015-04-24,131.95845381525768,133.7066767068239,128.20301204818952,128.98,3527434.3968000007,0.04170755642787768,-0.5411764705875427
2015-04-27,128.68912988966576,131.11722668003682,126.68190320962572,129.11,3876105.4936,0.03446540880503883,0.09489051094962059
2015-04-28,127.87732095490375,128.75141909813982,122.04999999999676,122.05,2635616.802,0.0524050632911467,-0.8695652173906886
2015-04-29,122.56610860926827,123.92579602648678,121.4006622516524,122.21,2504263.2750000004,0.02060221870048345,-0.14102564102430268
2015-04-30,122.34851075125769,123.90255375630146,121.73336872842788,121.96,2101617.2107,0.017729558084157274,-0.17910447761036316
2015-05-04,121.40196078431053,125.25444967319932,121.07822222221904,123.83,1905053.8725,0.03440000000000792,0.5813953488378503
2015-05-05,124.63921242373473,124.63921242373473,112.62852468108393,116.74,2246208.7722,0.09636363636364362,-0.6576819407004828
2015-05-06,116.86997983289781,118.16493805819309,111.65777297608437,112.37,2470656.4116,0.05567867036011887,-0.6915422885566093
2015-05-07,112.40773898110726,115.15965655408944,112.40773898110726,113.12,1468980.6729999997,0.024481566820285204,0.25882352941284853
2015-05-08,113.31395348836895,117.10187707640873,113.31395348836895,116.94,1580666.8247999998,0.03342857142858007,0.9572649572655566
2015-05-11,116.94180634662011,119.46712774613184,114.96687550854043,119.37,2149476.756,0.03848283499447108,0.5395683453243393
2015-05-12,119.13474714518433,119.45848287112234,116.25349918433612,119.07,2936457.0876,0.02690217391305175,-0.02020202020099708
2015-05-13,118.2621626016228,122.3412845528422,117.51756097560656,119.46,2545680.447,0.04078839310156846,0.2483221476516265
2015-05-14,119.10241503177345,119.62039237358057,115.44420005526068,117.16,2037683.0165999997,0.0350638760532837,-0.46511627906887937
2015-05-15,116.15783722894632,117.93840608279025,114.11827654181599,114.96,1890668.8727999998,0.03288740245262816,-0.3135593220329705
2015-05-18,114.9307451649569,116.09624004550295,113.31200227530962,113.83,1287323.9795999997,0.024225352112684607,-0.39534883720799363
2015-05-19,113.89500824628603,117.90949972512044,113.47413413963402,117.78,1757544.7212,0.03894258101194717,0.8759124087596573
2015-05-20,117.6491307924289,119.59160405812668,117.19588703043276,118.07,2485624.8851,0.0203632361034755,0.17567567567695327
2015-05-21,118.07016542155502,121.37237459978333,116.71043223051983,121.34,3132771.4219999993,0.039484507814650446,0.7013888888894303
2015-05-22,122.43848806365722,123.3449602121983,119.58957559681377,122.05,5575753.092,0.030671602326819238,-0.10344827586117655
2015-05-25,121.98899999999686,127.00712499999672,121.40624999999687,126.91,7029176.616000001,0.04591295116773598,0.8786127167634324
2015-05-26,127.13201876743275,128.39459802180755,124.70398173978889,127.65,6101721.526000001,0.02902979373568367,0.1403508771938191
2015-05-27,127.81196122296475,131.43783246333257,126.25801640566428,130.24,6364307.551499999,0.04052684903749494,0.4687500000005357
2015-05-28,130.27415972035146,134.74181231513487,120.1086313525109,120.4,6439660.111099999,0.11232604373758134,-0.6747787610616813
2015-05-29,119.81698123469893,122.98965460973285,116.7738047321154,119.04,3495973.2006,0.05187787084572533,-0.12499999999945549
2015-06-01,119.29780291211338,124.73661726468734,117.84097763910249,124.51,4156863.7188,0.05780189959295231,0.755868544601299
2015-06-02,124.50954031650025,129.72171816126274,123.0527204220014,128.88,3689431.56,0.05356214248570718,0.6553398058256296
2015-06-03,127.59304504504175,128.9204530244497,124.3230888030856,125.78,2855065.9095,0.036031464095414814,-0.3943661971823056
2015-06-04,126.16347464238942,128.5268140442099,117.19573472041307,124.48,3212290.639,0.08981267641776447,-0.1485714285711277
2015-06-05,125.1900224662974,130.62884423364625,124.70441337992699,129.69,4894327.6958,0.047323506594266616,0.7595628415304774
2015-06-08,129.76241480038632,133.71226874391104,128.46738072054214,133.0,5998845.439599999,0.04041916167665405,0.6172839506177846
2015-06-09,133.86519509754544,133.86519509754544,128.3940420210073,129.43,3971173.8197999997,0.04087061668682708,-0.8106508875732239
2015-06-10,128.04429928740788,139.21377672208695,126.8464133016597,136.3,8075597.582,0.0965865992414735,0.6675392670159161
2015-06-11,135.65050071530433,136.0713733905547,132.6720171673788,135.78,4154570.5283999997,0.025059665871128917,0.038095238096184175
2015-06-12,136.00143384899246,144.06245670745452,136.00143384899246,140.21,6920274.057700001,0.05927160199953078,0.5220883534139944
2015-06-15,140.82747818303557,152.12605057059406,138.88503020809713,144.68,6587905.739800001,0.09402298850575369,0.29095354523249595
2015-06-16,142.4440179142644,154.6812539987171,140.8253358925114,151.8,8992224.2475,0.09727272727273352,0.6752336448599987
2015-06-17,148.59858375746518,149.99068377959395,136.94379287452674,146.3,5691524.5945,0.08779956427015873,-0.17617866004936514
2015-06-18,144.0630308448783,153.87226642824868,141.63500223513316,144.84,4434413.6006000005,0.08494382022472556,0.06349206349232348
2015-06-19,139.2075925036007,143.73993272464816,130.36952907255815,134.74,3083709.4561999994,0.09604651162791336,-0.3341404358350838
2015-06-23,133.7048309178713,140.82712215320586,125.25520358867894,140.73,3328669.1718,0.11646489104116903,0.4511434511436297
2015-06-24,140.76305285411965,154.6515877378403,140.76305285411965,153.13,6520588.8,0.0986660533578721,0.8904428904430587
2015-06-25,154.6572429614149,163.49572471323953,148.95917413972575,155.24,6511157.352,0.09399204521666908,0.040089086859909445
2015-06-26,148.92513245795556,162.4902695231476,139.73062428011656,140.54,6686187.049199999,0.1528260869565274,-0.36842105263142055
2015-06-29,145.03952502120134,153.78074639524695,135.90980491942037,152.68,8699716.497599998,0.12321428571429169,0.42753623188421547
2015-06-30,154.09837189374136,158.2421936589512,137.39359040273914,151.12,8658415.0596,0.13529411764706448,-0.1428571428569812
2015-07-01,142.513507900674,159.5102347629761,139.69690744920678,143.42,6467076.581,0.1390277146751538,0.04575163398708772
2015-07-02,136.10542262352305,139.50482066716484,129.07999999999677,129.08,4751657.9586,0.07659372026641993,-0.6739130434778834
2015-07-03,116.15999999999676,127.2321070234078,116.15999999999676,116.16,3244320.1908000004,0.09531772575251606,2.926339917248718e-13
2015-07-06,125.54589910244115,125.6106468585538,104.53525224388409,104.6,4275418.165200001,0.1678700361010896,-0.9938556067586315
2015-07-07,100.36623108665407,100.36623108665407,94.14999999999678,94.15,1353420.4223999998,0.06193548387097713,-0.9999999999993202
2015-07-08,84.7202901554375,101.00393782383071,84.7202901554375,93.72,7546414.7385,0.19220481467329947,0.5526838966204428
2015-07-09,93.88351648351353,103.10999999999677,93.72164835164541,103.11,2018509.3565,0.10000000000000966,0.982758620689895
2015-07-10,107.8068493150654,113.43999999999676,104.92552511415224,113.44,1484923.0176000001,0.07897897897898767,0.6615969581752071
2015-07-13,118.12775574112426,124.76999999999674,110.70407098120796,124.77,3960706.1504,0.11907386990077926,0.4722222222224201
2015-07-14,120.53711999999678,130.4027999999965,117.80207999999685,122.1,3818406.375,0.10453808752026657,0.12403100775218712
2015-07-15,119.23471999999646,119.23471999999646,109.88999999999675,109.89,2176319.475,0.0783724740578995,-0.9999999999995447
2015-07-16,109.8957109283164,116.40804935369812,98.98754406580203,110.84,2082858.5824,0.15851851851852625,0.054205607476818976
2015-07-17,110.83289668401996,121.15429158673275,110.83289668401996,118.81,1641198.6883,0.09312573443009053,0.7728706624608105
2015-07-20,117.96303541781631,125.6145157719943,117.21416712783295,117.67,2035284.4538,0.07121170300856428,-0.03488372092983922
2015-07-21,117.57132861420861,121.41331609038602,114.60843996732605,119.59,1721504.6141,0.05787870396012975,0.2966507177037859
2015-07-22,119.81805592542956,123.52981091877167,117.99473768308609,122.26,2019948.929,0.04619565217392086,0.4411764705887468
2015-07-23,120.66697395833019,125.97423697916338,119.98321614583021,125.03,1781549.5679999997,0.04964921748516699,0.7282608695656411
2015-07-24,125.03263327947965,127.80028271405148,119.822940226168,120.93,1622849.3844,0.06380208333334089,-0.5142857142852383
2015-07-27,117.38087047561716,122.62312294346026,108.84999999999673,108.85,1940388.1876,0.11733703190014617,-0.6193853427893153
2015-07-28,106.66940451745064,113.96303901437035,99.37577002053094,111.0,2017769.3732000003,0.13675213675214495,0.29687500000020445
2015-07-29,112.27208310551907,119.10999999999675,109.82996992891991,119.11,1392623.6453999998,0.08265661252901049,0.7368421052634295
2015-07-30,119.82487778380988,126.98832156436374,117.93633351439114,119.89,2302049.7304000002,0.07554347826087739,0.007194244604676505
2015-07-31,117.60820565552396,126.95304370179623,117.60820565552396,126.66,3375170.9480000003,0.07945736434109327,0.9686411149828218
2015-08-03,126.65660566557716,132.8429180245642,121.31684131360937,129.88,2490478.6974,0.0910025706940945,0.2796610169494116
2015-08-04,127.9586013985984,140.65678321677996,126.98181818181523,139.68,2776107.048,0.10687022900764068,0.8571428571430332
2015-08-05,137.0772671114372,139.61694094390563,131.47696071163503,131.77,2254814.7837,0.059382422802857104,-0.6519999999995226
2015-08-06,128.60928823826026,135.34906612821464,127.40459363957277,129.0,1448055.532,0.06177215189874131,0.04918032786925557
2015-08-07,128.32232737207826,131.80633879781092,128.32232737207826,131.09,1172256.0564,0.02715046942401172,0.7943925233651971
2015-08-10,131.90141859344575,137.4040944123281,131.8688583814997,135.19,1438391.892,0.04196494692669217,0.5941176470593038
2015-08-11,133.89123192019613,135.19367581047044,130.2118279301713,130.57,1555448.1230000001,0.03720817120623299,-0.6666666666658729
2015-08-12,128.61124401913568,136.68607655502063,128.5461244019108,136.1,1734845.8819999998,0.06329113924051356,0.9200000000002867
2015-08-13,135.1296476306164,136.1390498177367,131.22228432563472,133.99,1645084.4124999999,0.036385542168682034,-0.23178807946948687
2015-08-14,134.47238335434716,137.8911727616611,128.28600252206485,129.1,2744444.9305000002,0.0714285714285785,-0.5593220338979054
2015-08-17,129.5280448877773,131.54683291770243,127.86742892767761,130.57,1278918.523,0.028406234288594564,0.28318584070877795
2015-08-18,130.56666666666305,131.05507065668797,117.50999999999675,117.51,1963650.0429,0.10374064837905919,-0.9639423076919965
2015-08-19,113.96030245746383,122.58872535781465,111.7462165811474,120.57,1477120.0346000001,0.09514285714286497,0.6096096096098553
2015-08-20,119.82337662337322,120.47459062676113,115.29743929982733,115.33,857381.8330000001,0.043206521739138484,-0.8679245283010857
2015-08-21,112.33434466019075,116.20906553397703,107.09207524271518,107.32,979921.2352,0.08115942028986312,-0.5499999999995826
2015-08-24,102.13903852595973,105.81825795644536,96.60392964823798,97.19,1785632.97,0.09021357985337188,-0.5371024734978231
2015-08-25,92.14479999999695,106.92703999999647,90.77727999999698,97.68,1758946.5,0.1752650176678537,0.34274193548405
2015-08-26,99.30885152283949,106.79771573603722,97.68083756344868,102.63,1888344.6032,0.09180327868853373,0.3642857142860309
2015-08-27,102.2358834244049,107.24999999999675,97.74271402549795,107.25,2044968.5628,0.09299363057325728,0.5273972602742605
2015-08-28,106.76532077692447,113.96115361977299,103.21624484990868,110.64,2297732.3572,0.10064043915828838,0.36060606060632955
2015-08-31,107.87094577553256,108.35934426229169,103.0846406052931,103.28,1156362.1160000002,0.04889827950498928,-0.8703703703695905
2015-09-01,102.95131313130969,102.9838720538686,94.87670033669716,96.7,1113155.406,0.07874762808350035,-0.7710843373489039
2015-09-02,92.4039852398493,98.62285810130498,92.27374706474029,97.06,1667074.1692,0.06871035940804385,0.7333333333337305
2015-09-07,97.71297250858771,101.9783505154604,93.31735395188683,94.75,1938067.8570000003,0.08863712095968934,-0.3421052631574801
2015-09-08,94.03783251231219,99.14999999999675,92.9633004926078,99.15,1101857.9145,0.06578947368422038,0.8263157894740774
2015-09-09,98.91410452517212,102.5607074569757,98.6861918419344,102.17,1833951.3816,0.03917050691245211,0.8403361344544049
2015-09-10,99.66374342104936,101.32426315789142,98.10090131578626,98.98,859981.0399999999,0.03234237177393986,-0.212121212120137
2015-09-11,98.33318032786563,100.57986557376721,97.87733114753779,99.31,774171.13,0.027483443708619163,0.36144578313360004
2015-09-14,99.31259044862159,100.224312590445,89.70694645441066,90.0,1071861.5104,0.10590163934427119,-0.8854489164082763
2015-09-15,90.05801520912206,93.41158555132725,84.32764258554812,85.63,765782.36,0.10086767895879531,-0.4874551971322056
2015-09-16,86.28840732910197,93.09379492600095,85.01850246652273,92.41,1197897.096,0.09358490566038784,0.7580645161293402
2015-09-17,90.78162440278975,92.7678794560789,88.59999999999674,88.6,1182035.8683000002,0.04591104734577801,-0.5234374999990934
2015-09-18,90.35720904373275,90.35720904373275,85.83120830244307,87.85,867582.6398,0.050090090090100625,-0.5539568345315333
2015-09-21,85.96120689654865,91.04073275861744,85.04949712643374,90.65,1060295.5872,0.06969696969698062,0.782608695652585
2015-09-22,90.64370634354631,92.07629365644719,90.12276550249145,91.36,937577.7592,0.021551724137941885,0.3666666666681409
2015-09-23,90.05982398239495,90.28774110744078,86.80386505316882,88.79,1125399.9033000001,0.038684020245852976,-0.36448598130737325
2015-09-24,88.79449927953571,90.8458573486999,88.59913184437723,90.39,720880.5632,0.02530253025303609,0.7101449275373674
2015-09-25,90.1919284148981,92.04786340394114,87.48942658874773,89.15,849150.999,0.05054151624549787,-0.2285714285706645
2015-09-28,89.37889419544125,89.96498530491955,86.61124173401593,88.63,464999.26,0.037522768670320346,-0.22330097087275236
2015-09-29,86.29007065823406,91.14185198958381,84.27120862773953,87.56,738427.6345,0.07962264150944452,0.1848341232231959
2015-09-30,87.55730332967116,89.47841931942594,87.26425173801366,88.99,777232.9506,0.025288211230951967,0.647058823530584
2015-10-08,91.20521846370363,93.64734319943294,91.20521846370363,92.41,1089761.9172,0.026776151374519858,0.4933333333344583
2015-10-09,91.91511875221227,92.24071251328988,90.77554058844059,91.85,1341401.8618,0.01594048884166846,-0.04444444444219409
2015-10-12,91.92137698278464,97.00098548767815,91.82369220384436,96.48,1545067.6094,0.056323060573868,0.8805031446545408
2015-10-13,95.46695681740582,96.34608636517865,94.52270656239054,95.76,879980.4333,0.019099590723066266,0.1607142857159762
2015-10-14,95.82213622290692,96.96171310629182,94.42208462331978,94.65,822226.9266,0.026503567787981616,-0.46153846153699535
2015-10-15,94.42706919945405,96.08768317503066,93.67816485752735,95.99,2067844.5303999998,0.025517241379320692,0.6486486486497294
2015-10-16,96.70498463639137,97.35619665414485,94.42574257425422,95.37,1997447.9523999998,0.030303030303040226,-0.4555555555542893
2015-10-19,95.69184745762388,96.92910169491196,94.71506779660696,96.05,1574629.76,0.02313712146989787,0.16176470588374756
2015-10-20,96.05122749590521,99.63279869066777,95.10699509001326,99.47,2038527.5690000001,0.04711864406780649,0.7553956834537889
2015-10-21,98.59372493844184,100.31944073161799,90.84428420682057,92.57,2025786.1889,0.09610303830912408,-0.6357388316147106
2015-10-22,92.4689893066543,94.52023801310473,92.07827526733041,94.39,972698.8609000001,0.02640845070423586,0.7866666666676724
2015-10-23,94.94495999999685,100.83831999999664,94.94495999999685,97.68,2223617.6999999997,0.062071330589858816,0.46408839779052813
2015-10-26,97.68521567335866,100.29015475798155,97.68521567335866,98.89,2119611.5878000003,0.026666666666676647,0.4625000000010718
2015-10-27,97.93791402865384,98.58909696767415,94.74711762745436,97.71,1557664.2484,0.03922872340426509,-0.05932203389744001
2015-10-28,98.00488047808439,99.82822709163014,97.3536852589609,98.07,1769312.3532,0.02524916943522595,0.02631578947498959
2015-10-29,98.65830608240357,100.25377043819162,98.0070961412656,99.57,1509238.2865999998,0.02277227722773263,0.4057971014505445
2015-10-30,100.28181238034142,104.02610082960742,98.65386088066056,102.04,1988547.4452,0.05357142857143795,0.32727272727327145
2015-11-02,101.26440316686659,107.93938794153142,100.38525883069121,106.93,2593996.7896000003,0.07459807073955897,0.750000000000333
2015-11-03,105.45999999999674,107.28332818770895,102.8878048780456,105.46,2243884.6212,0.041679530719366975,7.403636610517178e-13
2015-11-04,105.460923031551,111.02863462105246,103.93061633736055,110.41,1632524.3826,0.06730472368015701,0.6972477064223785
2015-11-05,110.44232106037965,113.47036818850917,108.13058615610873,110.54,1720812.1070000003,0.04834905660378224,0.018292682927438287
2015-11-06,109.89063417498208,111.844245449204,108.42542571931564,110.9,1494757.1600000001,0.031111111111120145,0.29523809523896416
2015-11-09,108.42671253364914,110.6082710140559,108.10110679030487,108.85,2056059.6649,0.023123123123132014,0.16883116883240964
2015-11-10,108.72429607250426,109.70115407854652,106.96595166162818,107.78,1315804.4400000002,0.025157232704411437,-0.34523809523677557
2015-11-11,107.84038243202546,109.207923513591,107.0589303854166,108.98,1217055.8872999998,0.019927536231892924,0.5303030303043047
2015-11-12,108.58799120234286,111.87656304985009,108.58799120234286,111.03,1845058.5890000002,0.03028485757122326,0.7425742574265068
2015-11-13,110.54159824046597,111.90912316715213,107.44838709677104,111.03,1796935.646,0.04035346097202624,0.10948905109559502
2015-11-16,108.42222872184531,111.9711845568847,107.64080725357978,111.32,1016748.0322999998,0.03993993993994862,0.6691729323314276
2015-11-17,112.1052672413761,114.80777586206567,111.6494224137899,113.31,1611546.24,0.028173104850429724,0.3814432989699816
2015-11-18,113.80227653630968,117.12354469273416,112.46725698323708,116.57,1687270.1099999999,0.04091559370530172,0.5944055944061629
2015-11-19,117.21719833564168,117.37999999999673,114.38444937586368,117.38,1277078.0995,0.0255555555555637,0.054347826088025165
2015-11-20,116.89169006175977,117.02193149915449,113.99381807972729,115.98,1485749.3819999998,0.025905292479116944,-0.3010752688160292
2015-11-23,115.55294582722942,115.58550512444756,110.70161054172443,111.19,1051718.5744999999,0.042265426880819724,-0.8933333333324873
2015-11-24,112.01247058823198,112.01247058823198,108.43067647058503,110.71,1007002.14,0.03197674418605513,-0.36363636363534885
2015-11-25,111.0334109429537,112.04280558788962,110.15426076833205,111.88,759511.3072,0.017008797653967764,0.44827586207045156
2015-11-26,112.40036417033446,112.59572980910096,109.14427019089256,110.87,908483.6234999999,0.030706836616462743,-0.4433962264140279
2015-11-27,110.86447326794968,110.86447326794968,102.82232204998093,102.92,912961.2844,0.07254038179149155,-0.9878542510116174
2015-11-30,104.02919999999678,105.81999999999672,100.96855999999688,105.82,760579.2999999999,0.046635367762137406,0.3691275167791225
2015-12-01,105.78705089820043,108.91279940119436,104.41953592814059,108.75,627884.5959999999,0.04247460757156967,0.6594202898556463
2015-12-02,107.4514592019027,111.97744490767981,107.4514592019027,109.34,942201.072,0.04212121212122107,0.417266187050988
2015-12-03,109.40704225351793,113.96566901408117,109.40704225351793,110.97,1075024.632,0.041666666666675393,0.3428571428577792
2015-12-04,110.61297402209283,110.93859361002951,107.19396834875761,109.05,927099.6512000001,0.03385340005888419,-0.4173913043468417
2015-12-07,108.59413257688537,110.31991639294982,107.51958793669431,109.05,542794.8683000001,0.025787106446785574,0.16279069767552565
2015-12-08,109.63369612402761,109.63369612402761,104.45645891472543,105.01,835705.86,0.04722304722305603,-0.8930817610054848
2015-12-09,103.798111801239,106.04468322981036,103.798111801239,104.84,455292.86600000004,0.021643663739030747,0.463768115943278
2015-12-10,104.18976279650111,106.33867665417894,104.18976279650111,104.32,426914.7372,0.02062500000000931,0.060606060607546385
2015-12-11,104.25913700787075,105.10571338582348,102.82646929133534,103.38,428521.1775,0.021861336664594184,-0.3857142857126941
2015-12-14,102.40544478527293,106.14999999999675,102.40544478527293,106.15,684288.996,0.036565977742457796,1.000000000000602
2015-12-15,105.98597560975286,108.36292682926499,105.36731707316751,106.8,684157.816,0.028264208909379467,0.2717391304357804
2015-12-16,107.41495395948105,107.83823204419558,105.8520810313043,106.08,375033.267,0.018490451652024908,-0.6721311475390086
2015-12-17,107.05688622754172,109.04303892215243,106.47080838323036,108.75,1046694.8779999999,0.02402676399027668,0.6582278481022701
2015-12-18,107.6093998234743,112.00494263018204,107.54428067078236,110.67,1235211.2157,0.0414523449319302,0.6861313868618961
2015-12-21,109.69298208076731,121.73999999999674,109.69298208076731,121.74,4717388.9907,0.10982487384981533,1.0000000000001872
2015-12-22,124.05930481283092,124.12442780748331,120.15192513368663,121.78,3925385.442,0.03202099737533587,-0.5737704918023169
2015-12-23,121.12118918918591,124.11665945945609,120.14440540540214,120.47,2439160.25,0.032795698924739186,-0.16393442622864668
2015-12-24,119.82390481340941,121.94035965386367,118.84707950243055,120.41,1591346.6573999997,0.025815217391312453,0.1894736842115174
2015-12-25,119.81844284925126,120.37195196023964,116.85554113748988,117.93,1531904.2545999999,0.0293478260869646,-0.5370370370359591
2015-12-28,118.29666382978387,120.77135319148594,114.38925957446484,114.78,1560222.4575,0.05394990366089435,-0.5510204081626666
2015-12-29,114.77779302772126,118.81536645621415,113.6381553664531,118.62,1482522.8573,0.045106382978731735,0.7421383647803592
2015-12-30,118.15999999999674,120.08103609809535,117.31344171947872,118.16,1304000.9491,0.023422430421612125,1.1758535697730087e-12
2015-12-31,117.71034246575017,120.73857534246243,117.71034246575017,118.85,1688992.97,0.025726141078846514,0.3763440860224624
2016-01-04,117.87429083308098,119.33957897879606,107.45446401910695,109.05,956786.8617000001,0.1008287292817756,-0.7424657534243208
2016-01-05,104.91353873239129,113.47724471830654,104.2297447183068,110.97,1719105.2784,0.08814400993172816,0.6549295774650696
2016-01-06,112.00702350608574,115.52352308127679,110.1510931747349,114.97,1376609.4309,0.04796511627907821,0.5515151515156574
2016-01-07,113.30947881743023,113.30947881743023,106.40671746418448,106.83,208684.72400000002,0.060919540229893356,-0.9386792452824081
2016-01-08,109.07322485206778,112.26402366863573,107.7708579881625,110.05,1145876.4459999998,0.04119402985075493,0.21739130434850185
2016-01-11,108.58607494442337,111.9071483010444,101.5857732613496,102.53,1319883.1964,0.09505247376312664,-0.5867507886431633
2016-01-12,102.59451056910237,104.2550373983706,99.7292878048748,100.12,691238.7825000001,0.044112980006356654,-0.5467625899272175
2016-01-13,100.93699731903146,103.15109919570699,97.02975871313348,97.16,759802.1936,0.06064516129033184,-0.6170212765951119
2016-01-14,94.45846229507889,99.34256065573446,92.83042950819369,99.31,1014284.5150000001,0.06894174422613877,0.745000000000383
2016-01-15,98.17263157894392,99.44252631578598,92.47438596490903,92.8,698649.5700000001,0.07097844112770435,-0.7710280373825994
2016-01-18,92.27464084506718,95.36782746478538,89.5396126760532,92.47,642082.82,0.06316160903317874,0.03351955307317694
2016-01-19,92.40875510203769,97.9441632653028,91.56216326530303,95.73,1238903.358,0.06906272022552093,0.5204081632657336
2016-01-20,95.40571138897954,97.5873436971917,94.6242311591722,96.35,813295.945,0.031058020477825864,0.31868131868230803
2016-01-21,95.95340941010899,97.02787921347975,92.72999999999675,92.73,463628.76800000004,0.04479131319987428,-0.7499999999990659
2016-01-22,94.06681007344898,95.30410283315511,91.16894018887405,93.09,507850.4598,0.043959847698175555,-0.23622047244010252
2016-01-25,93.80392894101092,95.39934460158348,93.44577440496403,94.39,611362.2827,0.020826102047910425,0.3000000000015057
2016-01-26,93.12159999999677,97.6474399999966,89.73535999999689,93.61,1193060.6,0.08496503496504472,0.06172839506213033
2016-01-27,91.92206713780595,94.36420494699315,85.1817667844493,92.15,872099.875,0.0998937300743989,0.024822695035811915
2016-01-28,90.51848484848142,91.16969696969352,85.27622727272406,85.96,673042.656,0.06510791366907494,-0.7734806629827445
2016-01-29,86.2853998532617,89.54145267791309,84.98297872340115,88.76,710920.9002,0.05283018867925627,0.5428571428577386
2016-02-01,88.82255958928903,90.51565823248662,86.80386505316882,88.79,710937.081,0.041788856304996104,-0.008771929823686329
2016-02-02,88.76276132714632,91.4979307884377,88.40458437388197,91.27,648498.7164,0.03484959647836747,0.8105263157902605
2016-02-03,90.48670845271882,91.2356088825182,88.79354226360712,90.91,388728.764,0.02698812522491177,0.1733333333345972
2016-02-04,91.49694927278853,92.73427456544546,90.68291947498793,91.79,507477.2257,0.022419928825633435,0.14285714285866258
2016-02-05,92.11487449981479,92.11487449981479,89.37975627500586,89.51,415208.4102,0.02969247083776246,-0.9523809523794183
2016-02-15,86.86928358208631,87.8460746268624,84.81802238805655,87.26,388727.836,0.0348575712144039,0.1290322580655505
2016-02-16,87.32723726976933,90.51816540266918,87.32723726976933,90.16,856615.9017,0.0365398956003094,0.8877551020415555
2016-02-17,89.86464208242627,90.38559652928092,87.94362255964977,90.06,778076.0765999999,0.0271739130434891,0.08000000000129337
2016-02-18,90.67839350180179,91.00398916967181,89.4736895306827,90.19,913013.883,0.01687612208259603,-0.3191489361678877
2016-02-19,89.90196408940676,90.45550751190582,88.50182484426207,88.86,619773.9114,0.02173125679102855,-0.5333333333314033
2016-02-22,89.01638194444135,93.9653541666634,89.01638194444135,93.77,1334833.632,0.05559619604975462,0.960526315789937
2016-02-23,92.76802846233625,96.87079139187448,92.40985074626546,93.81,1393651.4827999999,0.04808704808705841,0.2335766423364439
2016-02-24,92.67083188304586,94.26635920640118,92.14984336929719,93.55,841969.999,0.022839072382301377,0.41538461538595256
2016-02-25,93.45209424083421,94.29869857890449,85.31166791323541,87.07,1007593.1488,0.09616724738676934,-0.710144927535792
2016-02-26,87.52378319388552,90.9752419061444,87.52378319388552,89.51,699094.0665,0.03943452380953485,0.5754716981139795
2016-02-29,88.40636836241781,90.91365763089155,84.98733754177184,87.69,889991.5269,0.06703499079190735,-0.12087912087855146
2016-03-01,90.77759547382988,93.34984441300944,87.6843847241836,92.08,772836.9712,0.06241032998566324,0.2298850574717998
2016-03-02,93.42002571520112,101.29999999999676,91.82449373191605,101.3,1839012.8964,0.1014290693621568,0.8316151202751679
2016-03-03,101.29792847937817,109.73128221649132,100.93975515463592,101.07,2488729.4655999998,0.08678881388621942,-0.02592592592555239
2016-03-04,99.80076781326473,108.6900368550335,98.04245085994782,106.02,2080580.4184,0.10668841761827987,0.5840978593274692
2016-03-07,104.19582089551928,111.94538507462353,104.19582089551928,109.08,1844210.51,0.07437500000000896,0.6302521008406743
2016-03-08,109.07877128953439,110.93473844281901,103.86903892943722,107.06,1217848.896,0.06477611940299371,-0.2857142857137827
2016-03-09,104.22888036809495,107.35476993864701,102.99154907975144,106.15,515079.348,0.041861918150587166,0.4402985074633362
2016-03-10,106.63598484848161,110.54325757575423,104.91027272726954,107.45,947974.83,0.05282442748092496,0.14450867052078478
2016-03-11,106.80122699386175,109.04796012269604,103.5450920245367,106.15,612567.6919999999,0.05152439024391132,-0.11834319526565648
2016-03-14,107.28471454879967,110.28022099447175,104.67992633517174,106.08,942739.4411999999,0.05220030349014533,-0.21511627906915112
2016-03-15,105.49990627928443,106.05345517025599,102.11348953451727,104.23,860953.1238,0.037345679012354874,-0.3223140495858682
2016-03-16,104.25648337992844,106.04727244485537,102.56337371854295,104.81,693912.7481999999,0.03341661461587442,0.1588785046737799
2016-03-17,105.62503500760711,107.44840182648073,104.29007001521752,106.96,609205.5495,0.029901356350194037,0.4226804123720385
2016-03-18,106.47151442307373,108.91352163461211,104.19230769230455,108.36,1536770.56,0.04434250764526898,0.4000000000006034
2016-03-21,108.43132278291701,109.0825619587904,106.86834876082092,109.05,1729613.1534000002,0.020420420420429408,0.27941176470723955
2016-03-22,109.04983785377036,115.26916273584564,108.105542452827,110.45,1746877.2864,0.0656912511197457,0.1954545454549754
2016-03-23,109.08098380323607,110.90442711457376,107.12729454108856,108.56,1529260.7910000002,0.03462686567165078,-0.13793103448185506
2016-03-24,107.44918032786565,111.35642324887895,107.44918032786565,109.24,1705468.9575,0.03636363636364543,0.4583333333340474
2016-03-25,108.46037412992726,115.23304234338413,108.42781322505485,112.27,2012232.112,0.0627439207445299,0.5598086124405846
2016-03-28,112.59619328858757,122.59244295301683,112.59619328858757,121.29,3380286.265,0.08877964141122842,0.8697068403911202
2016-03-29,120.47282913164926,121.12403361344197,112.3978935574198,116.24,1433094.747,0.07243243243244012,-0.48507462686524105
2016-03-30,116.57092704333195,118.85024684585521,114.94284147010104,118.72,1478027.1472,0.033519553072634184,0.5500000000006932
2016-03-31,118.48434182014846,120.34023835319283,117.21451787648652,120.21,1191539.8352,0.026380873866455032,0.5520833333342005
2016-04-01,119.07733628073724,119.76112738325173,116.76547112461684,117.84,961560.3381999999,0.02515723270441067,-0.41304347825964294
2016-04-05,117.63732702702384,120.69791621621295,117.21405405405088,120.47,845995.38,0.029615278162200345,0.8130841121502345
2016-04-06,120.44128805620295,125.55328649492257,119.23654957064481,125.13,1380808.7307,0.05244660719114077,0.7422680412375092
2016-04-07,124.83455029270557,128.05797764768153,122.09952102181686,122.36,1208767.8402,0.04773082942097795,-0.4153005464474719
2016-04-08,121.74524093123657,123.73145641580608,118.84731997834005,120.28,565081.5231999999,0.040117678523677286,-0.2999999999992746
2016-04-11,121.41374595468928,123.59522114347024,118.48340614886412,120.73,816655.482,0.04210244033253674,-0.13375796178277427
2016-04-12,119.82561307901578,120.50940054495582,117.90449591280331,119.5,552836.689,0.021739130434790727,-0.12499999999869181
2016-04-13,118.87535802468808,122.29412345678676,118.4520823045235,118.68,951021.324,0.03231991235278816,-0.05084745762625268
2016-04-14,119.82655246252355,122.07330032119587,118.7845824411103,121.65,1041981.2344000001,0.02744565217392121,0.5544554455453791
2016-04-15,122.23402520782723,124.05744167336755,120.54085277553982,121.42,513495.6057,0.02876931273309257,-0.23148148148048722
2016-04-18,121.288631346575,121.288631346575,115.19977924944494,118.0,939124.0848000001,0.0502013422818869,-0.5401069518710329
2016-04-19,117.99559490868516,118.19095185389821,112.91631433314573,117.67,788991.8556,0.04470198675497495,-0.06172839506109806
2016-04-20,118.84399999999658,118.84399999999658,109.17367999999686,113.96,734420.3999999999,0.08136986301370634,-0.5050505050501148
2016-04-21,113.31121387282907,115.9811907514417,112.33439306358055,112.66,699801.608,0.03218390804598544,-0.17857142857048194
2016-04-22,112.00823824102109,117.86913442805127,110.70581686612549,116.99,932499.1946,0.06395348837210149,0.6954545454549019
2016-04-25,116.56900489396092,120.80195758564109,115.91778140293323,119.76,1075632.2034,0.04189944134079036,0.653333333333871
2016-04-26,119.07641740489527,125.84915320479087,119.07641740489527,124.97,2301710.3918000003,0.05687722176648316,0.8701923076926624
2016-04-27,124.70471921961177,125.19311890323952,120.47192196150486,123.5,855540.7354,0.03785900783290598,-0.2551724137923554
2016-04-28,124.05841897232874,124.97013438734848,121.64888537549085,123.57,704567.5560000001,0.026771653543315024,-0.147058823528386
2016-04-29,125.6851269035501,130.86231218273778,124.96878680202728,128.29,1558486.7,0.046891191709852065,0.4419889502767218
2016-05-03,126.3976309052798,141.11471724458596,126.16971142657373,139.91,2775733.9494,0.11823802163833787,0.9041394335513556
2016-05-04,139.3624528301854,146.52594339622297,137.11572169810998,138.06,2762445.224,0.06752336448598804,-0.13840830449790859
2016-05-05,139.35607695917082,140.59335053964946,134.3418629751259,138.77,1901405.2076,0.04485981308411906,-0.09374999999946146
2016-05-06,137.4027872860602,138.9982224938841,130.56520782395768,133.17,1757165.432,0.061374407582945066,-0.5019305019300583
2016-05-09,133.17674707783803,135.09787863715158,129.30192240735815,130.93,1835233.4562000001,0.04352078239609515,-0.3876404494375744
2016-05-10,129.92102564102245,136.10774114773778,127.31609279608968,133.34,3086323.2855,0.06766917293233778,0.38888888888921846
2016-05-11,133.50059340137352,143.85502967006542,133.4354711606899,137.18,2770831.9606,0.07804878048781198,0.3531250000002785
2016-05-12,134.60078172827562,140.4614834000438,128.64240169531132,138.28,1746015.5977999999,0.08780841799710398,0.31129476584046933
2016-05-13,136.45778220140193,145.37914519905982,135.38331147540666,139.03,2252129.5160000003,0.07325220711048165,0.2573289902283161
2016-05-16,139.03275626423374,142.93999999999673,133.49749430523613,142.94,1910974.4629999998,0.06791569086651719,0.4137931034485764
2016-05-17,143.9225806451579,144.7040607210592,136.10777988614478,137.28,1362456.4727999999,0.05972850678733686,-0.7727272727268056
2016-05-18,137.1464501844985,137.89535055350217,127.50842804427731,132.36,1451496.054,0.07573599240266597,-0.46081504702158527
2016-05-19,131.3502431761754,134.96449131513313,127.37782630272636,131.22,1093212.4579999999,0.057759048091231835,-0.017167381973818962
2016-05-20,130.8903367496308,135.12310883357407,129.32746705709786,133.43,1134718.5786,0.04427860696518153,0.43820224719149464
2016-05-23,132.19564375604713,135.41913359147784,130.73042110357864,134.54,1143125.6508,0.03546798029557381,0.5000000000005874
2016-05-24,134.63443550414547,134.63443550414547,128.70856675886023,129.49,971766.4282000001,0.04401451027812077,-0.8681318681311707
2016-05-25,130.6940496705491,131.08476431829365,127.8939280283799,128.48,823910.9890000001,0.024414549078233615,-0.6938775510191627
2016-05-26,127.99042612203411,129.94398134139863,125.51592284417232,129.13,730751.7605999999,0.034596794708732975,0.2573529411771432
2016-05-27,129.58771331057702,135.64382252559392,128.9365187713279,133.56,1750281.9698,0.05175879396985626,0.5922330097091434
2016-05-30,132.67970645317487,135.0891048034902,131.2145317806858,134.21,898641.7542,0.029202453987737482,0.3949579831940104
2016-05-31,134.08609756097246,139.62146341463088,133.01158536585052,138.84,1210711.2056,0.049295774647894613,0.7192118226604804
2016-06-01,139.52106010411407,141.6374822527179,136.94879318504172,137.6,1445033.3687999998,0.033605600933495745,-0.4097222222214435
2016-06-02,137.59817050690927,143.328714285711,136.94697235022727,141.31,1598201.528,0.0463795551348862,0.5816326530616449
2016-06-03,140.925264516126,155.15454838709343,140.82758064515824,151.41,3477943.785,0.10166358595194736,0.7318181818183576
2016-06-06,149.84768427918786,151.31294846705475,146.52641878668956,149.75,1467421.7859,0.03194263363755535,-0.020408163264619368
2016-06-07,149.28927561452798,153.03371764193707,147.79149880356434,149.68,1720643.309,0.03511450381680034,0.07453416149128918
2016-06-08,150.09995540690858,150.09995540690858,144.10898104793435,146.03,1292416.8855,0.03991323210412789,-0.6793478260862984
2016-06-13,145.7768138661924,152.25650695517436,143.53008611172126,147.47,1429730.1186,0.05986151440697533,0.19402985074661927
2016-06-14,146.52596075224557,159.35512264921994,144.70252657399539,159.29,2427890.7944,0.10000000000000611,0.8711111111112742
2016-06-15,155.96401850361713,163.7784995977441,155.31281174577322,161.89,2858510.6924,0.054279749478085414,0.7000000000003014
2016-06-16,160.8531589537191,168.63532595573102,158.63898591548977,161.83,2367365.5670000003,0.06214574898786011,0.0977198697071585
2016-06-17,161.3690345937216,167.3601367658856,160.0015004022494,161.89,1822715.8092,0.045601291364009096,0.070796460177423
2016-06-20,159.641843808725,159.7069638755448,152.3158362914982,155.93,3925788.0179,0.04629818478483156,-0.5022026431712987
2016-06-21,155.63923566878648,156.90909554139793,151.89477707006046,153.36,1817455.2360000003,0.03221757322176356,-0.4545454545447074
2016-06-22,153.6882815734958,158.89805383022446,151.409006211177,157.27,2282416.983,0.048728813559328156,0.478260869565588
2016-06-23,156.6797868258334,158.07987635898192,150.59102536772224,152.74,1740907.0324,0.04779717373234178,-0.5260869565212369
2016-06-24,151.40155055224827,156.28547153780465,148.145603228544,153.29,1624847.5584,0.05376344086022133,0.2320000000003709
2016-06-27,152.70670219306922,161.19040787046194,152.70670219306922,159.2,2038225.1813,0.05555555555556165,0.76538461538491
2016-06-28,157.60630705393862,158.25892116182243,154.9958506224034,157.28,1935090.702,0.020703933747418312,-0.09999999999896333
2016-06-29,156.95101400794152,157.2120551954807,154.69953376541594,156.07,1396342.8021,0.016008316008322313,-0.3506493506479146
2016-06-30,156.0684421272126,163.14911366005916,156.0684421272126,156.46,2057762.2625000002,0.04536901526239373,0.055299539170961545
2016-07-01,156.85357052096236,156.85357052096236,153.3947649301111,154.08,1296154.0572,0.022051175369259376,-0.8018867924516506
2016-07-04,153.23425929816864,156.7910170203791,151.406934229877,155.29,1889834.1166,0.03513628620102835,0.3818181818187216
2016-07-05,155.31581814372188,157.7630211606923,154.01064320133767,155.74,2876339.1483,0.024159663865552457,0.11304347826170687
2016-07-06,155.6481925343781,166.38367583496728,154.99557956777693,166.09,4440635.615,0.07316561844864329,0.9169054441262792
2016-07-07,164.12930894308604,165.63029268292343,159.88739837398046,160.54,3170808.1440000003,0.03499005964215297,-0.6249999999993164
2016-07-08,159.39890834191226,159.88836251287,154.66751802265384,158.42,2673847.0694999998,0.03275332650972972,-0.18749999999934008
2016-07-11,158.21863300970566,174.10901747572476,156.78295145630761,168.04,5110659.15,0.1095071148690508,0.5668549905839599
2016-07-12,165.7606366459595,176.69170225154934,164.94488548136323,168.11,4483020.528,0.07086614173228913,0.20000000000026363
2016-07-13,166.6729444778479,166.77083383443238,159.69017037482138,162.79,3600624.6603,0.04248238057948892,-0.5483870967736507
2016-07-14,162.82468712151467,164.12989503431237,159.5616673395204,161.65,2361664.9351999997,0.028056112224454727,-0.257142857142085
2016-07-15,161.1941727791328,162.4667583537049,158.02902404237656,160.15,2092605.8003999998,0.027530364372475604,-0.23529411764626512
2016-07-18,159.85300747197675,159.88563719385306,156.78581361560487,157.21,1793291.8805999998,0.01939171259441328,-0.8526315789460313
2016-07-19,157.2444297484788,157.60336079791506,149.15216608846166,150.49,4436500.9476,0.0537455903714523,-0.7992277992273183
2016-07-20,150.4589780077587,152.90626131953096,150.42634756360175,151.34,1821484.9866000002,0.01648232487530459,0.3552631578959221
2016-07-21,151.3031476683905,153.3588082901521,150.2590025906703,151.14,2414642.1456,0.020487384084543942,-0.052631578946296054
2016-07-22,151.2741217695981,152.31829172141587,148.5331756460765,148.99,2102495.5182,0.02502157031924711,-0.6034482758610522
2016-07-25,147.8087125296496,151.39788656458592,147.8087125296496,151.3,1700942.9489,0.024282560706408482,0.9727272727279118
2016-07-26,151.40016963528092,154.30418150975075,149.89921967768976,153.88,2117222.7336,0.029094827586213415,0.5629629629635754
2016-07-27,154.3031986754933,154.3031986754933,144.22079470198358,147.81,2729479.926,0.06534150983295173,-0.6440129449834319
2016-07-28,146.86242529233115,151.7241229969651,146.5035080121233,150.68,2122153.8728,0.03554765607643398,0.7312500000004893
2016-07-29,153.13077548330065,153.13077548330065,148.52999999999673,148.53,1568679.7416000003,0.030044747496277245,-0.9999999999990722
2016-08-01,147.80876288659445,147.80876288659445,137.10649484535762,139.26,2377807.7928,0.07240618101545863,-0.7987804878044993
2016-08-02,138.71219168590903,141.7141963048466,137.70064665126702,141.29,1465352.971,0.0289343683839167,0.6422764227648788
2016-08-03,141.18619770974198,142.71976630053416,139.3263379294195,139.62,1294236.6096,0.024035128264393215,-0.46153846153736683
2016-08-04,140.08421493370224,140.6389392882033,137.76742498255086,140.28,1616086.0986000001,0.020498485907298043,0.06818181818293516
2016-08-05,139.68568562661932,140.95822515930752,138.05422468727548,138.25,1379276.9655,0.02078953515534461,-0.4943820224706162
2016-08-08,138.64701089423198,144.06367453472208,137.04811620517165,143.77,2031629.0706000002,0.05060014120970308,0.7302325581399005
2016-08-09,142.59487293802624,147.78310744538234,141.9422648238934,146.38,2074060.3802,0.040961098398176056,0.6480446927378779
2016-08-10,144.91371797727453,148.60100690576633,144.91371797727453,146.48,1682278.7862000002,0.02544471965774154,0.4247787610627215
2016-08-11,146.47406879384144,148.39921249151055,143.70055668703,144.19,1606161.1149,0.03207841390065268,-0.4861111111103115
2016-08-12,143.63324013528427,145.493098083424,141.47972040585927,144.71,1261307.3475,0.027941844616090353,0.2682926829275723
2016-08-15,145.2033639143699,151.40305810397223,143.6044954128409,149.38,2032870.5138,0.053707865168545914,0.5355648535568358
2016-08-16,150.45619938379951,152.44661971830652,146.83428697182777,148.27,2105726.4063999997,0.037302103665155004,-0.3895348837202787
2016-08-17,149.70422289943082,153.48924684370587,148.4969307792741,149.9,1869241.1749999998,0.03334786399303185,0.03921568627515018
2016-08-18,148.49781818181486,149.90089578713634,146.6705543237218,147.16,1490870.7,0.021753460777857413,-0.41414141414027295
2016-08-19,146.0800489323811,148.4619661921675,146.0800489323811,146.7,893664.9744,0.016305561760113822,0.26027397260399887
2016-08-22,146.8378740509123,148.8283430102691,144.81477445287751,146.12,1098929.4114,0.0273333333333398,-0.17886178861702415
2016-08-23,145.2046896239206,146.7056819211566,142.5616379700919,144.03,1157910.9366,0.02853932584270334,-0.283464566928277
2016-08-24,144.68523441055657,144.88101957214053,142.20528903049288,143.38,1014604.9185999999,0.018493459630137675,-0.4878048780473831
2016-08-25,142.5911136363604,143.89629545454218,140.7964886363604,143.57,856512.8,0.021739130434789665,0.3157894736851534
2016-08-26,143.57100388748813,144.09308026526082,142.26581294305643,142.69,663866.8792,0.012727272727279589,-0.48214285714080424
2016-08-29,142.03569273613036,143.8303086562974,139.75163611046318,140.6,1722987.2602000001,0.028715828164491232,-0.3519999999991087
2016-08-30,140.47421711899463,141.6489144050071,140.1479123173245,140.67,739707.2459999999,0.010685249709646686,0.1304347826107937
2016-08-31,140.6700618131836,143.99837225274396,140.6700618131836,142.53,1128032.5055999998,0.023660403618656945,0.5588235294125763
2016-09-01,142.52776871065183,142.8540685474436,139.6563301468841,139.95,1077983.9641,0.022435897435904333,-0.8061224489783172
2016-09-02,139.62729749103607,140.27991397849127,135.61370609318672,136.56,1620503.982,0.03341902313625369,-0.6573426573418139
2016-09-05,136.95210714285386,138.09419047618718,135.87528571428248,137.05,931985.0399999999,0.016202049082685195,0.04411764706028872
2016-09-06,137.6628062412637,140.17525850022963,135.41138798322928,140.11,1241513.0556,0.03460535671960882,0.5136986301375626
2016-09-07,139.98315052508423,140.8641633605568,138.0906044340691,139.82,1771274.5955,0.019813519813527004,-0.05882352941056143
2016-09-08,139.7853333333301,141.80837037036707,139.52429629629304,140.96,1410590.1600000001,0.016339869281052834,0.5142857142869183
2016-09-09,141.8141674462081,141.87942937324271,139.36684518241023,139.53,848695.7764,0.0177174413253635,-0.9090909090892546
2016-09-12,136.71605875152662,136.97709179926224,131.65854345164917,133.29,1632975.8905,0.03890214797136731,-0.6441717791403685
2016-09-13,133.7796650717671,136.6510334928197,132.47449760765232,136.39,1219513.328,0.03121951219512923,0.6250000000006329
2016-09-14,135.67734782608366,136.00365217390976,133.7847826086924,135.09,638493.57,0.01635401635402367,-0.2647058823513405
2016-09-19,134.5011551312617,137.2747112171805,134.43589498806364,136.72,659289.796,0.02110625909753272,0.7816091954031771
2016-09-20,136.78202549915474,137.30409429876983,135.3789656001892,135.64,464129.05,0.014074427480923059,-0.5932203389810549
2016-09-21,135.47951137724226,136.58892934131407,135.38162155688298,136.23,474084.1925,0.008911368015421469,0.6216216216238107
2016-09-22,137.01686005209245,138.8768174283652,136.42950509116423,137.8,1077060.1025999999,0.01786139557038096,0.32000000000119594
2016-09-23,137.63047437425175,138.28306078664747,136.684224076278,136.88,575913.5115,0.01161688003793989,-0.4693877550996844
2016-09-26,135.7386454183233,136.06494023904042,129.57167330676967,131.04,1105028.1024,0.0478365384615455,-0.7236180904516465
2016-09-27,130.48486692951872,132.9973287333629,130.48486692951872,132.41,678451.7446,0.01925481370343332,0.7662337662347607
2016-09-28,133.68464374071908,133.68464374071908,131.49844136565727,131.89,294355.0122,0.016353429338547863,-0.820895522386181
2016-09-29,131.9522056303517,135.28037698898078,131.65854345164917,133.29,909726.232,0.027448071216624573,0.369369369370174
2016-09-30,132.2824457409537,141.61465577595933,132.2824457409537,139.82,1672481.3495,0.07054760730143783,0.8076923076925725
2016-10-10,140.24582448036625,141.84471824480042,139.0058660508051,141.29,1364635.872,0.02024197301070959,0.3678160919550494
2016-10-11,140.50168237186531,143.43831762812817,140.37116524936474,141.97,1245697.8265,0.021830004644688848,0.47872340425622306
2016-10-12,141.93840663135754,144.2224729449656,140.6658553994902,141.71,1191368.7199,0.02505747126437475,-0.06422018348529929
2016-10-13,141.71526146048973,142.4331375259124,139.26795669200325,141.65,907204.3190999998,0.02233479161870353,-0.020618556699997695
2016-10-14,141.64470166512157,141.64470166512157,139.36063598519564,141.09,576399.1452,0.016125316747300125,-0.24285714285559218
2016-10-17,140.210069204149,143.60356401383748,139.9164013840798,141.45,1059350.4525000001,0.026297416802427198,0.33628318584150496
2016-10-18,141.41621335684061,148.20314745426168,140.9920299757518,148.04,2481939.0817,0.050992155053075625,0.9185520361994159
2016-10-19,148.37016452991136,152.9710427350395,145.7923675213644,152.71,3355235.676,0.04838354959314496,0.6045454545458228
2016-10-20,151.72999999999672,154.0141075268784,150.55531612902902,151.73,1450125.75,0.022795698924737585,9.449822809573923e-13
2016-10-21,151.75706698986002,151.75706698986002,146.8301013662374,148.07,1314570.5628000002,0.03246613631477741,-0.7483443708601119
2016-10-24,148.52695538628623,150.58257889009465,147.1565397170806,149.93,1175029.2645,0.02306678383128946,0.4095238095246398
2016-10-25,149.37514007307857,163.6339727973982,148.82044863986704,160.73,4797659.966399999,0.09916994320664647,0.7665198237887146
2016-10-26,158.74480122323837,168.04434250764186,158.35324159021087,160.05,4196068.087499999,0.0610483042137777,0.1346801346804572
2016-10-27,160.2778895905447,162.10516194744017,156.49282542268983,160.18,1821783.899,0.035016286644957095,-0.017441860464529675
2016-10-28,161.51283378182237,161.51283378182237,156.97742289380756,157.63,1602095.3510999999,0.028080808080814094,-0.856115107912762
2016-10-31,156.62582781456626,160.31306084436753,155.58165562913584,157.67,1219560.56,0.030208333333339527,0.2206896551730607
2016-11-01,157.79547169811002,161.1236640292116,155.57667681070896,160.83,2129725.2774,0.03515301902399294,0.5470588235299001
2016-11-02,160.51042282857404,160.51042282857404,156.04001666319192,156.66,1454071.6685,0.027851189266117037,-0.8613138686122174
2016-11-03,155.97208228379185,158.41934298908146,155.25421914357355,155.45,1234947.4236,0.020292887029294965,-0.1649484536071659
2016-11-04,156.32821497120585,157.2744721689026,151.43378119001594,153.0,1402809.5367,0.03736171989146957,-0.5698324022339724
2016-11-07,154.27625641025313,155.8425128205095,151.73108974358652,152.71,1476328.932,0.02664974619289971,-0.38095238095149564
2016-11-08,153.45874617736692,161.68149847094472,152.87140672782564,160.05,2701925.136,0.05741016372528779,0.748148148148434
2016-11-09,160.0157037037004,160.17885185184858,156.62222222221902,158.58,1775780.8199999998,0.022226753670479184,-0.40366972476960766
2016-11-10,159.85009317398908,162.75408547700707,158.87121936398302,161.09,1875067.1693,0.0242906715656319,0.31932773109318996
2016-11-11,161.12248770491473,162.98234631147207,156.58704303278367,159.23,1757195.2799999998,0.03969218307007487,-0.2959183673463837
2016-11-14,159.46526100306735,161.6515046059332,157.60532241555458,159.4,1559663.26,0.025373439738086753,-0.01612903225725126
2016-11-15,160.54324915489838,165.27470670113013,156.8559753430074,164.1,2350147.7539000004,0.052439024390249854,0.4224806201553754
2016-11-16,162.85522535210936,163.08363380281358,159.8859154929545,162.17,1576880.6060000001,0.01963534361851931,-0.21428571428461815
2016-11-17,160.86407407407077,161.90822222221888,158.0579259259227,158.58,1289430.9000000001,0.023935091277896385,-0.5932203389820516
2016-11-18,157.69515334863013,158.2172146880835,154.98696015021582,156.39,1375399.7592999998,0.02048417132216642,-0.4040404040392704
2016-11-21,155.77789142737046,157.1157409348112,154.37478096834724,155.68,1512280.0914,0.017595307917894737,-0.03571428571308429
2016-11-22,155.96951905059012,157.11155527794799,155.05589006870383,156.72,1074898.9122000001,0.013179916317997796,0.36507936508078337
2016-11-23,157.27280898876083,159.88314606741244,157.27280898876083,159.72,1675943.7365,0.016597510373450104,0.9375000000008991
2016-11-24,159.9552795283562,160.86893677576415,157.76902825777276,160.51,1701193.3546999998,0.019379844961246416,0.17894736842203982
2016-11-25,160.82887323943334,161.5793427230014,156.48920187793107,159.85,1350193.794,0.03164942178941567,-0.1923076923070141
2016-11-28,161.45673029045307,161.84829875518335,157.27999999999673,157.28,1585837.3580000002,0.02829426030720079,-0.9142857142847981
2016-11-29,156.81535315984806,161.51394052044276,154.49868855844372,157.99,2702084.3945999998,0.04473574698294417,0.16744186046555912
2016-11-30,156.6544710920737,156.9155074946433,150.16119057815524,152.38,2038433.051,0.043116017496360876,-0.632850241545314
2016-12-01,151.88956780923667,154.98935490738438,151.75905045773573,153.26,1055787.4327,0.021267454350167653,0.4242424242433109
2016-12-02,152.37680412370804,154.66082474226468,151.72422680412043,151.92,587733.8640000001,0.01927194860814335,-0.15555555555438783
2016-12-05,152.6763289249114,154.86254692832432,150.7837819965838,152.97,609685.6512000001,0.026715110066259824,0.07200000000078971
2016-12-06,151.83110569794215,154.04999999999674,151.37427451810737,154.05,1133395.0192,0.01762303889964111,0.8292682926838353
2016-12-07,154.07314394742093,155.05200763196618,153.2574242102999,153.91,643545.4987,0.011647606946215737,-0.09090909090721605
2016-12-08,154.56903998333703,159.88775510203746,153.23120366513632,156.69,1714708.7244000002,0.04306523115896748,0.31862745098083795
2016-12-09,156.13738813735367,158.94361914671885,155.19110093652122,156.79,1311024.5495,0.024033437826547453,0.17391304347908323
2016-12-12,156.92032719392944,159.17183531960652,150.10054171180607,150.59,1474750.017,0.05780827614889343,-0.69784172661827
2016-12-13,149.44295075036672,156.13199112238095,148.8229909110093,154.37,1203401.2881,0.04890829694323785,0.6741071428575003
2016-12-14,153.84732808175102,157.92599531615585,151.9874558228624,153.26,1357504.3943999999,0.038600212089083645,-0.09890109890053102
2016-12-15,153.68132842924808,154.52967546516325,148.98279099956406,150.81,1403206.3838,0.036093418259029654,-0.5176470588228473
2016-12-16,150.09733740724246,152.70772588389013,149.21633129637385,149.51,792328.604,0.023260869565223836,-0.16822429906443942
2016-12-19,149.5137617823447,153.2336589545811,149.5137617823447,152.32,1032415.0248,0.024879965080757228,0.7543859649129578
2016-12-20,152.31191294885414,152.31191294885414,149.50582372143307,149.93,620270.3195,0.018423307626399033,-0.8488372093008533
2016-12-21,150.02878145695033,150.7139933774801,146.83112582781135,147.81,1132381.314,0.025880817746852757,-0.5714285714275866
2016-12-22,147.88256790123125,148.76359820426157,143.60793939393616,145.37,1174494.3705,0.034863195057376645,-0.4873417721511674
2016-12-23,143.73588826815322,152.70918435753848,143.73588826815322,146.02,1267308.8125,0.06242905788876918,0.2545454545457908
2016-12-26,146.07990087857297,146.07990087857297,141.93602162648926,144.84,871986.9503,0.028367210185398638,-0.29921259842433806
2016-12-27,145.14109851011463,147.81681120746836,144.8800533689094,146.74,757857.8244,0.02023381294964705,0.5444444444453723
2016-12-28,146.4446900269509,147.32570754716647,143.76900718777753,145.27,530215.3920000001,0.02428698752228818,-0.3302752293567883
2016-12-29,145.52474226803798,145.94891752576993,143.73015463917204,145.59,474626.9558,0.015246636771307203,0.029411764707338067
2016-12-30,145.23955384615064,149.44892307691978,145.04376923076606,148.47,1145596.725,0.030330262862284643,0.7333333333339144
2017-01-03,148.46216097987428,149.702064741904,147.28751531058296,149.18,830352.0096,0.01626373626374291,0.29729729729852145
2017-01-04,148.4609408258802,154.6930374627468,148.4609408258802,153.29,1352390.2397999999,0.04197802197802831,0.7748691099480455
2017-01-05,152.7379305939929,154.4020268256301,152.41163721524052,153.26,835504.7085,0.013031403546257281,0.2622950819687239
2017-01-06,152.9658644067764,156.6203389830475,152.4111673728781,154.01,1162714.888,0.027517064846422676,0.24806201550459445
2017-01-09,153.52366908006485,154.17626703577184,151.72902470187069,153.23,484904.26399999997,0.01594048884166434,-0.11999999999861073
2017-01-10,153.19585360693563,156.6219589591674,152.41274381213978,154.24,696075.3304000001,0.02747603833866438,0.24806201550459364
2017-01-11,154.4409589632796,154.4409589632796,149.8400345572322,151.08,564217.8189999999,0.029790830340170958,-0.7304964538998409
2017-01-12,151.8951421017812,151.8951421017812,148.07736946463655,148.11,349142.1495,0.02513426423201498,-0.9914529914518789
2017-01-13,148.1425498543547,149.28461796997198,145.53210844722952,145.63,435285.31600000005,0.025330396475777454,-0.6695652173902528
2017-01-16,145.78628981605775,147.41773889636278,140.46776581426334,145.46,503647.008,0.04767233661594202,-0.046948356807034713
2017-01-17,145.4352926774951,147.81733808145677,143.5753394168675,146.61,296902.8316,0.029167601525696557,0.27692307692378
2017-01-18,146.60594281972615,149.96681798341007,146.60594281972615,149.51,530610.7206,0.022924549298916134,0.8640776699036289
2017-01-19,149.44675094255598,149.44675094255598,146.34687292082177,147.13,480955.6413,0.020742358078608997,-0.7473684210513357
2017-01-20,146.82999999999674,148.10252666666338,146.17742222221898,146.83,536834.7,0.013111111111117825,1.697828184817305e-12
2017-01-23,147.15587846763216,150.2882430647259,146.99273447820016,148.2,641591.5650000001,0.022394678492246387,0.31683168316920324
2017-01-24,148.2025873507265,148.7899159663833,146.83215391419404,147.55,476430.6848,0.013210039630125544,-0.3333333333314984
2017-01-25,147.55204368174398,147.55204368174398,145.33321595720648,146.41,310237.0131,0.01503759398496909,-0.5147058823512399
2017-01-26,146.7078922768719,147.49103049187298,146.2184308924962,146.61,228795.69110000003,0.008674377224206014,-0.07692307692045326
2017-02-03,147.61997780243846,147.61997780243846,146.6084350721388,147.0,234675.361,0.006852343059246391,-0.6129032258026162
2017-02-06,146.8368479467226,147.5547169811288,145.66215316314882,147.0,475142.80049999995,0.012888888888895585,0.08620689655340354
2017-02-07,147.4825777777745,148.42881555555226,146.50371111110786,146.83,417174.30000000005,0.013053097345139429,-0.3389830508455847
2017-02-08,146.769541850217,148.30314977973242,145.43171365638446,148.14,493281.89599999995,0.01956425077813035,0.47727272727370385
2017-02-09,148.29804305283434,150.3210306588356,147.8412393998663,150.06,825244.1001000002,0.01672167216722344,0.7105263157905019
2017-02-10,150.09389671361183,155.08615023473848,150.09389671361183,152.9,1887629.9838,0.033260869565223845,0.5620915032685145
2017-02-13,153.29182499999678,159.52399583333,152.41083749999683,156.62,2129765.7600000002,0.046402724563650175,0.46788990825728005
2017-02-14,156.30052235687094,156.85524237358635,154.60373171750618,156.17,706678.2658,0.014405010438419567,-0.05797101449128094
2017-02-15,156.9135230866507,159.1649335863344,153.8463841450526,154.76,718812.0846,0.033894780619677684,-0.40490797545943474
2017-02-16,154.76419027483817,155.3841606765295,153.29583932346398,154.34,572539.539,0.013493569470805543,-0.20312499999833972
2017-02-17,153.42861821903475,162.01044012282165,153.42861821903475,159.4,2411984.8705,0.05593364525734329,0.6958174904945965
2017-02-20,159.6899358600552,172.5134227405214,159.6899358600552,167.88,4302561.301500001,0.08030241111565757,0.638676844783921
2017-02-21,167.81897485492902,171.14729206962915,165.11063829786912,168.7,1912370.5920000002,0.035971223021588436,0.14594594594646584
2017-02-22,170.1679124450359,176.26981074364028,165.30597208946347,170.69,2498623.767,0.06442953020134778,0.04761904761934312
2017-02-23,170.49171062546776,177.76819894498533,170.49171062546776,173.2,2917126.5836,0.042679425837326174,0.3721973094174383
2017-02-24,171.60475568181494,172.94261363636033,169.7448068181786,172.29,1307753.568,0.018634721429935216,0.21428571428666557
2017-02-27,170.03612273085693,171.92867600631072,164.32583267560844,165.37,2286421.1048,0.04471310688927825,-0.6137339055788877
2017-02-28,166.18844652614817,167.6568306010896,165.37267759562516,167.2,1132239.0071999999,0.013744354997060781,0.44285714285838435
2017-03-01,166.4084507042221,173.13004694835342,166.4084507042221,166.8,1667241.9936,0.04039215686275084,0.058252427184943334
2017-03-02,166.40849736893068,168.00732410835766,164.87492886376603,167.42,1251017.3305,0.018823529411770592,0.3229166666676032
2017-03-03,166.41434339549767,171.86359738511496,165.56595654681476,169.71,2063171.6875,0.03784313725490769,0.5233160621766025
2017-03-06,169.6721562619653,171.4015070854046,165.91979126771034,170.39,1217011.6434,0.03230769230769802,0.13095238095295572
2017-03-07,169.44864663057365,177.21463505693154,168.56763113682715,174.8,1665426.4803000002,0.051030233005975305,0.6188679245286078
2017-03-08,173.03293836246232,180.70081324746678,172.5108702851854,177.34,1137134.0705000001,0.047331699038285845,0.5258964143429627
2017-03-09,177.96459988807726,177.9972299944007,171.37331841074106,174.93,1144999.1634,0.03722038870554259,-0.45812807881717127
2017-03-10,174.24430871737601,179.07355173051678,173.36329816768142,176.3,1244299.5537,0.03277153558052993,0.36000000000050897
2017-03-13,175.9354066458569,180.37294657609363,174.6955057829966,177.73,1386174.8927,0.03227002967359604,0.3160919540235036
2017-03-14,177.40920683111617,178.51862618595487,170.85058064515803,171.96,1891291.803,0.04322236527497333,-0.7106382978718175
2017-03-15,172.18785727877884,174.08039010465893,169.381687916267,171.47,1403446.544,0.02728823194997732,-0.15277777777705057
2017-03-16,171.5650888030855,173.71862548262217,167.616938223935,169.02,1607286.66,0.035564853556491194,-0.41711229946463496
2017-03-17,169.0225968992215,172.0571724806168,167.39110465115954,168.37,1617919.548,0.027606177606183294,-0.13986013985940285
2017-03-20,168.56642201834538,170.71999999999673,167.7506727828714,170.72,881324.1216000001,0.017615176151767435,0.7252747252755841
2017-03-21,172.28505409865812,178.81100311754668,170.65356684393598,177.93,2698499.9356,0.04734848484849034,0.6920000000003174
2017-03-22,177.17540565177433,180.07938559707964,175.05452142205695,178.97,2314130.276,0.028360957642731017,0.35714285714343974
2017-03-23,178.65261228230654,179.7946837763487,174.24747937671543,178.0,1831001.2979999997,0.031050228310507768,-0.11764705882292019
2017-03-24,176.81779843807774,184.02885831163655,173.0654369654114,175.48,2620656.3759999997,0.06200405978963434,-0.12202380952349831
2017-03-27,174.31089272030317,174.63719540229553,169.02478927202742,170.33,2272333.8600000003,0.03219767877200118,-0.7093023255806824
2017-03-28,170.16946153845825,171.050492307689,168.21161538461214,169.68,1014063.96,0.01668264621285333,-0.17241379310223034
2017-03-29,170.6542530922898,172.2531170313954,169.15327878210908,171.47,1312130.409,0.01816443594646831,0.2631578947378164
2017-03-30,171.2788764044911,171.2788764044911,164.65483146067098,168.44,1742704.6212,0.03867403314917696,-0.4285714285708741
2017-03-31,166.41630648329732,168.66782121807134,164.9479273084447,166.09,1144636.146,0.02235294117647648,-0.08771929824471207
2017-04-05,164.77653359298608,170.8781596884095,163.7976630963941,167.55,1297791.6575,0.04297029702970857,0.39170506912483244
2017-04-06,167.59004252029055,168.82999999999674,165.92588906068485,168.83,694834.0516,0.017328660436142954,0.4269662921358067
2017-04-07,168.86362301819986,169.2878214914823,166.67736934820576,166.71,870882.6945,0.015458937198073624,-0.8249999999984201
2017-04-10,166.44450100603282,166.44450100603282,162.13737022132466,162.17,970476.493,0.02587727896491471,-0.9924242424232464
2017-04-11,162.00537848605254,165.75776892429948,156.62151394422,163.8,1159105.45,0.05639476334340957,0.19642857142891018
2017-04-12,162.49619377162315,171.14307958477178,160.7015570934225,169.74,1688202.459,0.06425702811245554,0.6937500000002491
2017-04-13,169.74260517174508,172.54880741026298,166.610100347353,169.09,848426.0592,0.03498654363706842,-0.10989010988954101
2017-04-14,169.15021200712962,170.2922369724555,164.32107786803718,164.68,590457.1099,0.03530092592593145,-0.7486338797807557
2017-04-17,164.45121378229905,169.2803367266999,164.45121378229905,166.67,756156.6503999999,0.029365079365085218,0.4594594594600386
2017-04-18,167.3949267192753,174.7368094701207,165.27393836903107,173.66,2302923.0672,0.05653021442495688,0.6620689655175181
2017-04-19,173.19733081285116,176.85183364838988,170.52171266540321,172.61,1496984.831,0.03654860587792582,-0.09278350515410577
2017-04-20,172.9370370370338,182.0080740740707,171.37081481481164,176.2,3127921.38,0.061509433962269544,0.3067484662579487
2017-04-21,177.50757459831337,177.8338752869132,169.35005738331733,170.59,1485459.8712000002,0.04779411764706429,-0.8153846153841334
2017-04-24,167.06953846153525,172.4862461538428,163.153846153843,169.68,1317654.0,0.05585937500000558,0.2797202797206009
2017-04-25,169.7765093813827,176.17208805498467,169.54809585732548,175.65,1636928.8509,0.039015952335196995,0.8866995073895171
2017-04-26,175.54698516663117,179.49516085532306,168.53163167019517,169.38,2659008.7704,0.062453531598518366,-0.5624999999996511
2017-04-27,169.5421959136878,172.21780408630565,164.41938514416336,170.88,1211180.8906,0.04599692070824269,0.17154811715520787
2017-04-28,168.04825358368325,172.22498687663693,159.8905713708831,161.62,2804951.2608000003,0.0733980582524327,-0.521164021163713
2017-05-02,161.44762886597604,162.78541237113066,157.53216494845034,158.25,1565943.2650000001,0.03253839935328013,-0.6086956521731727
2017-05-03,157.5680436556475,161.15729294165314,157.5680436556475,159.95,728988.1848,0.022779043280188444,0.6636363636370958
2017-05-04,159.16525840852833,160.53568498769155,157.92534864642826,159.1,808703.1288000001,0.01640016400164629,-0.024999999998746997
2017-05-05,159.13162260127592,159.39265458421835,151.7248400852846,153.03,1534174.509,0.04818535985237432,-0.7957446808505326
2017-05-08,153.03618320610354,154.34139585604896,149.25106652126175,149.61,1465275.2170000002,0.03326226012793792,-0.6730769230761529
2017-05-09,149.73432549103927,151.3331448305601,148.6249406432085,151.17,1088193.0170999998,0.018086729134894564,0.5301204819287152
2017-05-10,151.46469621621293,154.53183999999663,150.12689945945618,150.91,806736.4375,0.029082292115473925,-0.12592592592515428
2017-05-11,150.25750589748765,152.14999999999674,149.11548359424944,152.15,774431.5063,0.020195439739420132,0.6236559139793738
2017-05-12,150.81154880693813,153.0303253796062,144.15521908893396,150.42,1632357.666,0.058848983124194856,-0.044117647058449436
2017-05-15,150.25677115987145,156.68469383489747,149.63681922674712,156.13,1175631.9135,0.04690553745928993,0.8333333333336769
2017-05-16,154.33585929647933,162.32999999999674,154.33585929647933,162.33,2007746.3225,0.05179704016913926,1.0000000000002838
2017-05-17,162.55764127763794,162.8839312039279,158.18535626535302,159.36,1282195.5432,0.028904054596553687,-0.6805555555547085
2017-05-18,159.23637101684272,162.95623706108864,158.81217576618312,160.77,858664.7498000001,0.026024590163940473,0.37007874015818054
2017-05-19,160.7036716842929,163.8035394629747,159.36583401138813,160.41,736582.4691999999,0.0276142131979756,-0.06617647058748743
2017-05-22,160.70517846090033,161.22726635031646,156.95267175572195,158.16,748041.8723,0.026598984771579647,-0.5954198473273408
2017-05-23,156.98538289660456,164.5556611822026,156.98538289660456,160.64,1487204.8236,0.0482228226979898,0.48275862069002223
2017-05-24,160.47784273363195,160.47784273363195,150.39495265541066,158.52,758392.096,0.06283041886946497,-0.19417475728121028
2017-05-25,158.51288035450182,158.51288035450182,153.0637961595241,154.63,1648678.6700999998,0.034376286537675924,-0.712574850298671
2017-05-26,156.09685529337742,158.2503654207526,155.64005011484326,156.26,1344763.1725,0.016722408026762173,0.062500000001218
2017-05-31,156.2689092826971,157.90044936708526,152.71215189873092,154.67,1281743.8739999998,0.03320108582168096,-0.30817610062824097
2017-06-01,153.3647532302446,155.58364753229918,153.33212243168498,154.05,782137.9841,0.014680851063836039,0.30434782608827576
2017-06-02,154.04310410900246,155.21776027251104,151.04120502448046,153.26,607912.5129,0.027112899809368825,-0.18749999999917252
2017-06-05,153.2657053087724,154.01620801733145,150.00265005416793,150.59,1186179.605,0.026186927826278517,-0.6666666666656814
2017-06-06,151.0718512256942,154.5305156382047,150.09298393913463,154.4,742085.0164000001,0.029373650107997768,0.7500000000005675
2017-06-07,154.4071764237325,165.76256471524957,153.68930704898142,163.87,2155760.7948,0.07819103972950704,0.783783783783991
2017-06-08,163.37747087857525,168.04353405725237,163.37747087857525,165.27,1483330.3284999998,0.028560015977637365,0.40559440559501914
2017-06-09,166.57466956006772,171.17545867034582,164.91055434996716,165.4,1875231.9428,0.03761018609207246,-0.18749999999944553
2017-06-12,166.2174572981334,172.28664596272955,165.2385559006179,168.11,1751705.2448,0.0424028268551293,0.2685185185189475
2017-06-13,167.7137087378608,169.99774757281222,164.54868349514243,168.04,829755.64,0.03249027237354658,0.05988023952154864
2017-06-14,167.42207233626263,171.27235581622344,165.3011534701825,166.9,1075112.643,0.035665562268569394,-0.08743169398851211
2017-06-15,168.04562624254137,168.04562624254137,160.44278528826717,164.13,1193480.172,0.04524271844660761,-0.5150214592269695
2017-06-16,162.597851072437,163.80518008902948,160.54212869283367,161.26,1009565.1034,0.020068231988767816,-0.40999999999887476
2017-06-19,161.94424218123171,163.47786688050994,160.86744186046187,162.76,1162997.0920000002,0.016119282691926324,0.31250000000112693
2017-06-20,163.1525698097903,163.70728854714358,160.08530149736623,161.26,988800.7962000001,0.022200000000006,-0.5225225225214766
2017-06-21,161.58697053044872,166.08999999999673,160.54278978388686,166.09,1445138.0389999999,0.03432956381260672,0.8117647058827949
2017-06-22,165.85828999999666,165.85828999999666,163.0847399999967,163.15,1464437.5,0.016722408026761778,-0.9764705882337547
2017-06-23,163.12055831511697,164.42578382674023,160.96693622093858,164.23,919618.1841,0.021204240848175702,0.32075471698197855
2017-06-26,163.7688206106839,171.4694465648822,163.7688206106839,170.98,2430691.9,0.047021318987851855,0.9364406779664066
2017-06-27,170.65314832535557,172.21937224880054,167.87962679425516,170.49,1350698.5525,0.025430210325053562,-0.03759398496164051
2017-06-28,170.7525058184606,171.24195500387563,167.00006206361195,168.24,1329274.5472,0.02484234664628888,-0.5923076923067802
2017-06-29,168.40574330923678,169.56124243015884,167.38230123070588,169.0,691541.5789,0.012938639482460218,0.27272727272867014
2017-06-30,167.74779391560023,169.26647105004574,167.05448478900556,168.21,601061.226,0.013186380633739336,0.20895522388200607
2017-07-03,168.10743086172008,168.965795591179,163.81560721442557,164.74,962217.2089999999,0.030636292223100912,-0.6538461538453816
2017-07-04,164.6742822135968,165.30154992852428,159.16092914028673,161.67,1392459.9911999998,0.03728949478749573,-0.4892473118273424
2017-07-05,161.89767857142527,163.2512276785681,160.67618303571103,162.69,1037654.9568,0.015905383360528037,0.30769230769347533
2017-07-06,162.5959362139884,162.99210905349454,160.0538271604905,160.45,1364173.3260000001,0.018071065989853703,-0.7303370786503143
2017-07-07,160.78102083333,161.11116666666328,156.68721249999672,158.47,1457460.96,0.027515400410683587,-0.5223880597006313
2017-07-10,157.97122495351874,160.31520760173186,157.64108655236194,159.82,736906.2178999999,0.016927899686526637,0.6913580246923277
2017-07-11,159.88889896906886,162.36498144329562,159.82287010308949,160.12,1021761.1400000001,0.015899236010743306,0.09090909091035816
2017-07-12,160.12014462809586,161.11057851239335,158.0072190082612,159.79,636564.0599999999,0.019381443298975138,-0.10638297872230663
2017-07-13,159.79095601899317,162.26705554408088,158.20625232293705,159.89,745254.4004,0.025413223140501928,0.024390243903247465
2017-07-14,159.8496059113268,161.0380788177307,158.79318555007885,160.84,864705.9456,0.014043783560518469,0.4411764705894973
2017-07-17,161.03939987230982,161.6996680144677,154.2386380080835,155.13,1387607.6515,0.04633046330463906,-0.7920353982295368
2017-07-18,155.13588272784884,156.29139579349572,150.5468451242798,155.4,1100841.6231000002,0.03702915513939748,0.04597701149482095
2017-07-19,156.15356992859813,158.79464510709454,154.66796514069395,157.21,1503803.885,0.026427061310788494,0.25600000000074413
2017-07-20,157.41353333333004,159.13029166666334,155.89486249999675,158.47,1280012.16,0.020553691275173962,0.3265306122458232
2017-07-21,158.4697931599394,162.92675609256273,157.4793569526898,161.21,1571973.4474,0.034375000000006074,0.503030303030821
2017-07-24,160.74845699143575,166.42698124744868,160.45132490827228,161.97,1782982.674,0.03717395769152376,0.204419889503286
2017-07-25,162.52727592630586,162.72535913889126,159.32493065617552,159.49,868479.0151,0.02092220190941096,-0.8932038834938973
2017-07-26,158.62971380471043,161.86503367003024,156.05466329966,156.88,1233426.7440000002,0.03662851196670736,-0.3011363636357394
2017-07-27,156.9143769246529,160.97506877437567,156.05601929788224,160.81,1483784.0489,0.03134862192300215,0.7919463087253423
2017-07-28,160.24574859286753,176.88436772982783,159.3213808630364,175.96,4969258.137999999,0.10960032962505709,0.894736842105401
2017-07-31,176.26639033456922,184.38804832713413,175.0778550185841,177.62,4575290.266,0.05281887994006913,0.14539007092232412
2017-08-01,177.58559090068098,181.8444756796711,176.62816719067547,178.51,2302948.3586000004,0.0293734894961942,0.17721518987402157
2017-08-02,178.14233628986264,179.46288733723003,173.4213662955242,174.94,2073668.7979000001,0.03391401037806306,-0.5300546448081107
2017-08-03,174.18626083605906,178.94039684068238,170.19146599884087,171.38,2025735.3208999997,0.0502274450341224,-0.32075471698071767
2017-08-04,170.9757298985134,172.72543325526593,168.36768149882573,169.16,1239357.252,0.025487545858279496,-0.41666666666580526
2017-08-07,168.537276453052,178.27645305513826,167.15068181817873,177.22,2290332.8888000003,0.06601371204701818,0.7804154302672913
2017-08-08,176.39134235976445,179.4616015473853,169.4584990328787,170.68,3331403.24,0.056709713644025675,-0.5709570957091793
2017-08-09,169.49323959296635,180.18973543015392,169.49323959296635,178.44,3029554.388,0.06310868718348807,0.8364197530866507
2017-08-10,178.43971444161187,187.51851582393257,177.81245180065156,181.51,3728414.8196,0.054394079555972,0.3163265306125534
2017-08-11,179.92341760472078,184.215168850338,177.7775419819122,178.9,1865512.9679,0.03577981651376678,-0.15897435897381829
2017-08-14,178.27962861823812,187.19361004915004,176.76095030037905,181.35,2621354.6289000004,0.05851851851852389,0.29430379746864477
2017-08-15,179.03495238094902,180.85072268907226,175.0072436974757,176.79,2193002.091,0.03263876083349255,-0.3841807909598183
2017-08-16,176.29578051087648,178.0785468306494,172.73024787133068,174.48,1691923.5165,0.0303370786516909,-0.33950617283882173
2017-08-17,175.96704069988255,175.96704069988255,171.8402339292474,173.59,1501759.9894,0.023452157598504598,-0.5759999999990609
2017-08-18,173.65013333333002,174.87162666666333,171.2071466666634,173.32,1415393.175,0.021102661596963876,-0.09009009008916413
2017-08-21,173.7516487730028,174.31288343557947,170.02108895705194,172.2,1526345.0399999998,0.024700741022236256,-0.3615384615376132
2017-08-22,171.43832155476693,171.43832155476693,165.59495877502616,168.17,2143619.3844,0.03408434430965333,-0.5593220338976411
2017-08-23,168.04434274585844,169.9922044790619,167.05390457643296,169.53,1255214.805,0.017485265225939028,0.5056179775290482
2017-08-24,169.0670409982141,169.66130124776848,166.32684095860236,166.69,1194885.2322,0.01972271040812928,-0.7128712871275044
2017-08-25,167.0855521115814,171.17932971716056,167.0855521115814,170.42,1175870.0469999998,0.024501086741756543,0.8145161290328673
2017-08-28,174.97120921304847,176.62188099807722,171.66986564299094,172.0,4422473.593,0.028301886792458368,-0.599999999999213
2017-08-29,171.60507026205522,174.47725977971564,170.08644132168305,173.85,1849058.479,0.025586764140059576,0.5112781954893573
2017-08-30,173.19522079907907,173.59139743834496,169.72867520550236,172.7,1830419.4886999999,0.022302706824252724,-0.12820512820423904
2017-08-31,172.69368918918585,173.5850540540507,168.76508108107782,171.01,1482980.1279999998,0.02791053335882794,-0.3493150684923946
2017-09-01,170.38096049573642,171.4703950425993,169.6876839659146,170.48,1070098.5392,0.010463088548736673,0.055555555557381744
2017-09-04,170.01932692307363,171.6699999999967,167.31222307691985,171.67,1867075.6,0.025631067961170793,0.3787878787885507
2017-09-05,170.4179442508678,171.67247386759252,170.05479094076327,170.55,778220.1882,0.009492444788847402,0.08163265306320669
2017-09-06,170.5477971411754,170.67985118464517,168.17082435872,168.6,764805.9347999999,0.014711575687191282,-0.7763157894720476
2017-09-07,168.60752847152511,168.70657342657006,164.67874525474198,165.24,1788287.5009999997,0.023888780105742927,-0.8360655737694682
2017-09-08,164.40849514562774,165.03575647248857,162.03150485436564,163.22,1140831.9552,0.018273092369484004,-0.3956043956031618
2017-09-11,163.02164383561325,168.96410958903778,162.0642465753393,168.7,2050944.4900000002,0.04232482786553838,0.8229665071773932
2017-09-12,168.37306590257558,172.8299999999967,166.68933524354983,172.83,2097413.7435,0.036470588235299715,0.725806451613328
2017-09-13,171.8693150684899,178.00986301369525,171.4401369862981,173.52,2564762.9616,0.03822512485594107,0.25125628140749845
2017-09-14,173.05559746006978,175.23447373484365,170.5796016932813,171.57,1489194.6332999999,0.026898130484553542,-0.31914893616943335
2017-09-15,171.01165010714647,172.56330021429628,168.37054354178514,169.46,1203567.8745000002,0.024517374517380328,-0.370078740156597
2017-09-18,168.5061282323739,186.39999999999668,168.5061282323739,186.4,5665772.8566000005,0.10619122257053826,1.0000000000001301
2017-09-19,188.1760266760234,189.82669357669027,183.2570393120361,188.11,5271118.3756,0.03491228070175957,-0.01005025125578108
2017-09-20,186.96075839276074,199.37418681509482,186.96075839276074,189.8,6108937.9912,0.0663959032315076,0.22872340425556556
2017-09-21,191.44754166666334,194.0556388888855,186.56148611110785,190.16,3148815.168,0.03914468011726667,-0.17180616740041754
2017-09-22,190.16067784886408,193.29700847310747,184.44925471208393,190.92,3223357.455,0.04652777777778281,0.08582089552274992
2017-09-25,189.82931034482428,193.0976758620656,188.14560689654846,191.48,2546785.8,0.02608695652174427,0.3333333333339375
2017-09-26,190.99059181896968,192.31118363794266,185.3120469973858,189.67,1941924.9000000001,0.036646499567852785,-0.18867924528252003
2017-09-27,188.74565254820612,191.98110365013443,186.8638085399417,191.75,2039694.6767999998,0.027112121742177586,0.5870967741940782
2017-09-28,192.80116354233687,207.26125080801214,191.67869101486437,204.29,4449827.928,0.08082191780822391,0.7372881355933869
2017-09-29,203.6297220426599,214.06211376858087,200.1962766645087,204.29,3618103.7984,0.06809338521401236,0.0476190476192843
2017-10-09,208.28648936169895,216.04482269503214,204.62191489361388,214.13,3073158.2526000002,0.054842288793791175,0.5115606936418591
2017-10-10,211.94899388880296,224.0320673721833,211.68488299299136,221.49,2489077.2413,0.0582554517134,0.7727272727274762
2017-10-11,219.8750071326645,237.30653922966854,217.23386590584573,231.43,3498140.715,0.09129129129129536,0.5756578947369774
2017-10-12,231.43028612302956,234.40157367667763,225.58675393418847,230.77,2166826.6050000004,0.03808844507846359,-0.07490636704081043
2017-10-13,230.0045100303041,233.76804012122625,226.075912830131,228.75,1933960.8119000003,0.03344337591503209,-0.16309012875491563
2017-10-16,226.24078124999664,230.69758928571085,219.10988839285392,221.85,2478721.728,0.05121844447687546,-0.37891737891706406
2017-10-17,222.21341641790715,227.46255223880263,217.5915358208923,221.19,2009412.41,0.044421334125691596,-0.10367892976554353
2017-10-18,221.6214923857836,227.79506889049708,218.8813488034776,227.63,2063276.3480000002,0.04022046774914787,0.6740740740743657
2017-10-19,226.14743954480477,236.97610526315455,226.14743954480477,232.09,2771322.311,0.04788321167883636,0.5487804878051303
2017-10-20,229.5429734145221,230.0051626318101,216.56866181493814,222.28,2654372.1355999997,0.05853588379117352,-0.5405405405402556
2017-10-23,222.28273548577872,225.58412766587344,218.88230154028113,222.91,1822863.0976,0.030150007426114508,0.09359605911377623
2017-10-24,223.50659928656032,224.10085612365896,217.23388822829642,222.12,2011092.0464,0.0307237813884828,-0.2019230769225703
2017-10-25,220.82973477998465,222.84358047015942,217.89150090415586,219.08,1666956.564,0.022424876663182866,-0.35333333333259764
2017-10-26,224.20286764705554,232.25845588234952,224.20286764705554,224.5,2883857.56,0.03592990723016178,0.03688524590204287
2017-10-27,223.63664670658363,234.13508982035597,223.63664670658363,231.56,2648987.901,0.04694419840567315,0.7547169811323163
2017-10-30,228.45649592709887,243.57688250724502,224.49482258732257,239.12,4573438.798400001,0.08352601156069775,0.5588235294119083
2017-10-31,239.02515757741523,242.26058098108737,232.75239791723442,240.94,1887019.7766,0.03977900552486578,0.20138888888921178
2017-11-01,240.34111111110778,243.57647222221885,236.37944444444116,237.7,1775424.96,0.029945054945059037,-0.36697247706371217
2017-11-02,236.41544635192795,238.363290414875,229.35038483547598,230.77,2107916.283,0.03812316715542931,-0.6263736263731898
2017-11-03,231.06045115951886,237.69613492620886,229.47581026001083,234.89,2332044.4175,0.03557651093013691,0.46586345381560934
2017-11-06,232.42164350289798,245.95756308190195,232.2895857509077,244.67,2772386.1777,0.05880681818182214,0.8961352657006579
2017-11-07,244.53095951416674,257.86841160593445,241.75782591092795,244.63,3222106.602,0.06588362359930168,0.006147540983810931
2017-11-08,246.94370709381815,249.25467761474962,239.68065688517643,245.26,2359075.2355000004,0.038770053475939835,-0.17586206896515047
2017-11-09,243.97414146941796,243.97414146941796,236.0507593377995,241.3,2770461.1011,0.03247631935047767,-0.33749999999954267
2017-11-10,240.67122243397446,248.2644160087089,237.898056084941,242.52,2677694.8675999995,0.043072702331965584,0.17834394904488185
2017-11-13,241.99266106442235,241.99266106442235,234.72957983192947,235.72,2614885.0560000003,0.030013642564806133,-0.863636363635788
2017-11-14,235.39154309205352,235.95278520040765,224.49684334164994,224.86,3096829.5666,0.04866760168303344,-0.9193083573483357
2017-11-15,226.48051646597665,231.03653851733307,223.90537356738392,227.57,2585013.5493000005,0.03148688046647673,0.152777777778224
2017-11-16,227.76555714285388,231.49617142856815,224.49714285713966,231.1,3354998.5,0.030729091172638022,0.4764150943400261
2017-11-17,227.13949984934882,228.46007833684504,213.471512503763,219.15,3544112.5026,0.06598837209302745,-0.5330396475768375
2017-11-20,217.8902735562277,218.88068389057418,207.49096504558955,217.23,1881846.442,0.05227272727273162,-0.05797101449246008
2017-11-21,216.3091746078256,226.51056883154635,216.3091746078256,225.19,2654836.8791999994,0.04716117216117669,0.8705501618125316
2017-11-22,225.19135025532856,227.73346049864486,218.6544953439439,219.81,3056557.3032,0.04031666911010538,-0.5927272727268451
2017-11-23,217.5647444089422,217.5647444089422,204.68913738018838,206.67,3192385.282,0.059180576631263956,-0.8461538461535223
2017-11-24,206.2758823529378,208.19073529411426,194.81977941176152,202.05,3087464.112,0.0648207426376487,-0.3160493827157769
2017-11-27,201.08796247093653,201.38508801062434,192.10816838259393,198.81,2388742.5246,0.046133639796425756,-0.2455516014231029
2017-11-28,196.53611707316753,204.0304390243869,196.5031024390212,203.04,1997863.1700000002,0.03830001679825773,0.8640350877196249
2017-11-29,202.76708250824748,202.76708250824748,194.77788778877564,200.06,1607198.658,0.03940084662976715,-0.33884297520615514
2017-11-30,198.18285456039112,203.39906162694814,195.80584880854238,200.89,1103520.835,0.03831417624521543,0.35652173913082685
2017-12-01,200.8576346869406,205.0504222617666,198.0844523539848,204.06,2132474.6688,0.03468113083498186,0.4597156398108356
2017-12-04,203.99430141286965,213.6014128728381,201.4522135007818,210.3,1946587.9160000002,0.05955656255057903,0.5190217391306651
2017-12-05,208.84865923566548,213.23956528662083,204.68885350318146,207.33,2202562.42,0.04094214353462369,-0.1776061776057708
2017-12-06,204.9171379591803,209.27496979591496,200.7243755102008,202.21,1406761.825,0.04172708232641047,-0.3166023166018895
2017-12-07,202.24036638655122,203.36282352940836,195.76973109243366,196.43,1363124.77,0.03754489063010616,-0.7652173913038066
2017-12-08,196.10530902049064,204.6890430853606,195.54406487009527,204.59,1602942.6671,0.046632996633001605,0.9277978339352742
2017-12-11,204.58535295979416,211.28711617600172,204.58535295979416,208.58,2538929.367,0.03275778602550093,0.5960591133008986
2017-12-12,208.74241151865817,212.4729021878988,204.8468548906016,205.21,2174071.4856000002,0.03653329115926454,-0.4632034632029691
2017-12-13,205.60816216215912,220.0680810810778,205.60816216215912,219.87,3311595.09,0.0703275529865169,0.986301369863173
2017-12-14,219.57369545454216,219.77177727272394,215.61205909090583,217.89,2675337.7199999997,0.01894451962111402,-0.40476190476102625
2017-12-15,216.43643163702922,221.15736051501807,214.12548743102064,215.38,1766714.2051999997,0.03248932275778353,-0.15023474178355306
2017-12-18,215.44848697241792,222.74455127228066,215.44848697241792,216.67,2341477.5722,0.0338645418326737,0.16742081448005827
2017-12-19,216.7327700165208,221.68477542436207,214.5869010064562,219.77,1944737.3693999997,0.03274942878903726,0.42790697674457956
2017-12-20,217.89642702155047,230.6070519311409,217.73135397077658,228.23,3792538.1648,0.05909090909091323,0.8025641025642964
2017-12-21,226.96836174515713,233.24094192429604,225.9119271886706,228.52,2989274.0064000003,0.032290909090913346,0.21171171171212844
2017-12-22,227.23620035304165,230.43857016769297,219.14774051191202,224.43,2754313.0296,0.04968763620514733,-0.2485380116955897
2017-12-25,224.16357100059582,227.2998801677617,217.89095266626396,220.4,1963438.9716,0.04197349042710286,-0.3999999999996089
2017-12-26,219.87137195121616,220.72972865853325,214.78725914633822,216.57,1895708.1439999999,0.027027027027031456,-0.5555555555549078
2017-12-27,217.23336971775743,217.56351161702457,210.96067363168237,211.72,2199884.0963,0.030395136778120124,-0.8349999999993717
2017-12-28,214.09929545794913,220.80124718932365,212.38253934941972,220.24,2851957.9017999996,0.0393215111796498,0.729411764706189
2017-12-29,220.23340947159707,222.84148012790894,212.70631947616553,216.8,2418104.0235,0.04602008694349104,-0.3387622149833531
2018-01-02,217.65729910713966,222.7743749999967,214.9171874999968,221.85,2672228.832,0.03609889276505832,0.5336134453784961
2018-01-03,222.18636762127085,226.3131575102246,220.43660870835447,225.95,2402403.4652,0.0264487369985184,0.6404494382027031
2018-01-04,225.4828848379597,231.65642795138552,223.83220486110784,228.19,3358182.7584,0.034699853587120036,0.34599156118181285
2018-01-05,227.17249160215823,229.12034467649735,223.40884328902845,226.05,1707513.0764,0.025141694521149553,-0.19653179190690268
2018-01-08,226.04889991245656,229.68047271665841,222.4503414064747,226.28,2107513.1564,0.03198481086607693,0.03196347032008951
2018-01-09,223.89969804870785,233.40767696908944,223.89969804870785,231.79,3272403.1459,0.042465349454442546,0.8298611111113663
2018-01-10,231.0998573466444,232.09028530670145,226.27977460770012,231.43,2435098.0489999996,0.025142857142861283,0.05681818181873311
2018-01-11,230.60579365079033,230.60579365079033,226.84214862914536,228.79,1397198.88,0.016320687186833223,-0.48245614034987516
2018-01-12,228.82117280452937,233.7402832861157,228.82117280452937,233.08,2005820.836,0.02149761939114551,0.8657718120810287
2018-01-15,233.67478640913245,240.97093331453203,233.67478640913245,234.17,3228773.3208000003,0.03122350946595496,0.0678733031678653
2018-01-16,236.05458776595432,252.4958723404222,234.56892952127347,248.27,5144765.888,0.07594405594406001,0.6813996316760192
2018-01-17,244.96524822694707,250.18148936169877,237.10787234042232,242.06,3682329.8304,0.05336927223720074,-0.22222222222195617
2018-01-18,242.25571485148197,251.96179009900658,237.6998019801949,250.08,3439568.13,0.0588716271463652,0.5486111111113046
2018-01-19,247.6705932203356,248.2648441771426,240.20944231820343,241.53,2497952.3604,0.03252466009064631,-0.7622950819667116
2018-01-22,241.49886023185832,255.86003647257712,241.2677608440766,253.45,3250303.6139999996,0.06042378673958005,0.8190045248870438
2018-01-23,251.20027144550994,252.88396363156866,248.95534853076492,250.54,2504634.8561,0.015639374425026904,-0.1680672268898774
2018-01-24,250.40749999999662,251.86009459459123,243.83781081080753,244.3,2148880.82,0.03203691496374822,-0.7613168724274728
2018-01-25,244.27152268404993,248.2002037489779,237.2064995924988,243.05,2561711.7042000005,0.04500608190296395,-0.1111111111107991
2018-01-26,242.68574840547916,244.0723354593535,239.35133668068613,243.28,1818285.2751,0.01945313562780994,0.12587412587479205
2018-01-29,241.49752203438467,242.61999855511863,223.868037855798,228.49,3631515.1415999997,0.07764866712235506,-0.6936619718307767
2018-01-30,227.79369250985215,228.75108628996605,221.1579632063043,226.11,1522242.3023999997,0.0333333333333377,-0.22173913043431895
2018-01-31,226.11446313065656,234.50007761966035,225.48719275549487,229.68,2049108.5187,0.0398598335523477,0.39560439560471344
2018-02-01,228.75406235878557,229.11721644825687,216.96806145503515,219.18,1970788.4778,0.05311011689998981,-0.7880434782605344
2018-02-02,217.88786217697384,218.64716836334816,207.15853563038044,210.79,2904187.879,0.0527272727272771,-0.6178160919536791
2018-02-05,206.37188657407066,206.5039434523775,192.34084325396506,199.67,3982006.8288,0.06862901935690735,-0.4731934731932077
2018-02-06,195.1751354880804,204.58395037544557,195.1751354880804,202.24,4496204.0418,0.04820703653586411,0.7508771929827279
2018-02-07,207.98932443702734,208.78166472059698,196.6654612176781,197.92,2261931.4850000003,0.05825396825397278,-0.8310626702993833
2018-02-08,197.98011100385784,208.47830598455266,197.98011100385784,205.21,1977975.3335999998,0.05302651325663313,0.6886792452832657
2018-02-09,201.38985270048767,202.64441243862188,187.06145990179724,201.72,1726177.037,0.0773770491803326,0.021186440678178858
2018-02-12,201.05302325581073,208.11794065757485,200.39275060144027,205.84,2178552.645,0.038423645320201726,0.6196581196584688
2018-02-13,209.63543524071633,209.8005025125594,203.39589236504776,203.66,1348906.7541,0.030551181102366824,-0.9329896907209897
2018-02-14,204.38794352265148,207.59027440969675,201.58177728142627,206.93,684000.5144,0.029397512518176253,0.4230769230774056
2018-02-22,209.87011682242664,212.5112383177537,206.3376168224267,211.95,1415116.3020000001,0.029416391379586217,0.33689839572240304
2018-02-23,212.90325727773072,213.43147128245144,208.3143981117198,209.8,780183.014,0.024034734067301854,-0.6064516129024594
2018-02-26,210.55903999999668,211.61546666666334,206.49839999999674,210.46,1037301.75,0.024302289118850746,-0.019354838709024463
2018-02-27,209.66833013435362,211.97927063339387,204.45220729366272,206.4,1050749.8824,0.03589985829003756,-0.43421052631529006
2018-02-28,203.10435537741813,203.10435537741813,195.61009519037748,197.69,1557112.9332,0.036898569570876144,-0.7224669603518852
2018-03-01,197.75031066055922,202.63629496402547,196.09964028776656,201.91,1153667.1959999998,0.03305509181970449,0.6363636363640421
2018-03-02,201.42038411458006,205.18401692708,198.15196614583013,202.84,845410.7136,0.034912309457470675,0.20187793427274167
2018-03-05,203.1962905592662,206.0024131746257,200.0600358715115,202.47,806477.2339999999,0.0292445166531323,-0.12222222222164471
2018-03-06,202.47779729949238,204.35962258011705,196.96437937204817,202.94,1454198.8635,0.03652372411544592,0.06250000000043952
2018-03-07,202.2106782693526,206.3704407937507,200.65902081977552,202.97,1080184.5411999999,0.028244897959188477,0.13294797687916737
2018-03-08,202.9664707761066,207.55533535611292,199.07088789523795,206.73,1164742.0192,0.041802212101501104,0.4435797665373039
2018-03-09,207.49283385092846,214.59083850931344,207.49283385092846,212.61,2053975.5320000001,0.03420843277645651,0.7209302325585042
2018-03-12,214.5872347066134,216.73310705367956,209.3050873907583,211.55,1169728.4951999998,0.03461538461538923,-0.40888888888838926
2018-03-13,210.95725627182895,211.15533820260063,207.85397268973946,207.92,835065.0457999998,0.015649452269175218,-0.9199999999987192
2018-03-14,207.72693056864267,210.30205780709693,205.51496229971403,210.17,969981.6906,0.02304513668150504,0.5103448275867861
2018-03-15,209.30455955334662,214.58669354838378,207.98402605458733,212.87,1166512.8384000002,0.03154574132492587,0.5400000000004184
2018-03-16,212.94522940148892,214.23280520717233,206.34227655183034,207.96,830857.6269,0.03705426356589601,-0.6317991631794161
2018-03-19,207.26382829888382,208.9805723370396,203.6652686804419,207.66,579921.017,0.02564510990761867,0.0745341614912903
2018-03-20,205.3463052597579,206.1716521458502,202.63916747337527,204.62,560152.3073999999,0.017202572347271673,-0.20560747663452325
2018-03-21,204.3590431549991,206.17483433004355,202.9724389849652,204.26,669034.3385,0.015670436187403877,-0.03092783505050621
2018-03-22,204.5266328735216,204.5266328735216,197.2963935516005,198.65,764597.0376,0.03535108958838252,-0.8127853881272814
2018-03-23,194.68742501703824,196.70131901840153,184.98111622358238,193.73,790390.26,0.060200101746655674,-0.08169014084478035
2018-03-26,191.48199259508257,197.9527633793302,189.93032817232933,196.17,623893.9566,0.04189655172414298,0.5843621399180363
2018-03-27,198.34701208980658,199.7335924006874,190.52273747840778,191.15,992319.15,0.04643808255659597,-0.7813620071680148
2018-03-28,191.14615784007975,192.03751298026665,184.57654032536888,190.75,1456239.7404,0.039032815198623415,-0.05309734513229186
2018-03-29,190.02552188551869,196.72725589225257,186.92225589225274,196.1,837584.5499999999,0.05159833217512661,0.6195286195288925
2018-03-30,194.81948364007846,197.4276414451227,192.17831117927415,193.73,1146668.2272,0.02694458566345174,-0.2075471698106514
2018-04-02,193.1271186440645,194.0184745762679,190.0899058380382,192.83,702832.3433999999,0.020341880341885478,-0.07563025209997865
2018-04-03,190.32855072463443,194.7855072463735,189.50318840579388,193.63,570065.0970000001,0.027753686036431826,0.6250000000005078
2018-04-04,193.62333055091494,201.38146911518862,192.9300500834692,197.75,1395739.484,0.04364876385337248,0.4882812500003343
2018-04-09,197.68548942449257,201.41602721757334,197.68548942449257,201.35,1022801.0802,0.018871075484306898,0.9823008849563738
2018-04-10,201.3554758488729,207.39713055953757,200.23298262394067,207.1,1119724.227,0.035579603213646435,0.8018433179726987
2018-04-11,207.09880167282918,210.96147659642574,203.89641306095857,205.25,738629.9577,0.034114458791651515,-0.2616822429901431
2018-04-12,204.91644048582666,207.29343157894402,203.3978072874461,203.86,658538.4325,0.01901079426454481,-0.2711864406770493
2018-04-13,203.36178756476355,209.27116418393442,200.55565900258742,203.89,484062.528,0.042857142857147514,0.06060606060643105
2018-04-16,203.7001461038928,207.95903084415247,199.87045129869804,203.37,459819.36000000004,0.0397082658022738,-0.04081632653019773
2018-04-17,201.3814943097443,205.0129638792643,198.4102919346825,200.16,513936.25800000003,0.03278688524590654,-0.1849999999994695
2018-04-18,202.7385179045059,203.2007128647181,196.96108090185348,199.14,491375.768,0.03077674645823636,-0.576719576718953
2018-04-19,198.54972447325446,205.2186709886514,198.12053484602595,203.7,745464.336,0.03574991686066318,0.7255813953492047
2018-04-20,202.63974034510758,204.6535924404239,199.89958093672635,200.89,479390.904,0.02346041055718958,-0.3680555555547832
2018-04-23,200.6968580268099,203.04090752835677,190.36323135097643,192.08,928905.3707999999,0.06316828425728387,-0.6796874999996859
2018-04-24,192.56657152124242,204.8145053519266,192.46753162503742,203.56,1484171.615,0.06411794959712468,0.8903743315509974
2018-04-25,205.3825320259338,211.29210817649516,204.3590858769539,208.75,1778474.0038,0.033756630766762476,0.48571428571469083
2018-04-26,208.5135553784827,214.52202071712804,204.4528892430246,207.16,1652187.42,0.04829005699810472,-0.1344262295078516
2018-04-27,208.05759024847308,215.58490389122963,205.2183403656789,211.26,1629776.0277,0.04982545223738965,0.308917197452516
2018-05-02,216.07411497730388,219.4745173978787,207.98577912253847,218.22,2392717.5449999995,0.05317035905271646,0.18678160919566977
2018-05-03,215.8791788984128,227.7972678389736,215.2519110594359,227.17,2194377.7359,0.05811286129378021,0.9000000000001899
2018-05-04,226.5467664843043,236.25308378922787,226.5467664843043,229.32,2686835.7441999996,0.042844651705046546,0.2857142857145905
2018-05-07,228.95185754189626,240.1766061452481,226.47581005586278,236.38,2702068.724,0.05984138428262858,0.5421686746989941
2018-05-08,236.4458884239856,245.75582147837875,234.99327475592426,236.71,2363045.58,0.045518011728571325,0.02453987730091426
2018-05-09,237.3017823431394,243.83847584674842,235.71712937256754,237.83,2280055.194,0.03422370617696561,0.06504065040690557
2018-05-10,240.0149819494554,256.7533032490942,240.0149819494554,256.06,4926970.3028,0.06973865199450184,0.9585798816569434
2018-05-11,256.6815068493117,259.48767123287325,230.43561643835312,250.64,5605018.723200001,0.11318327974276858,-0.2079545454544254
2018-05-14,249.35435406074507,255.19782296962256,249.05722852300553,253.25,2636952.2759999996,0.024625976433209178,0.6344086021509667
2018-05-15,252.8899521531068,257.5119617224848,247.60765550238918,255.3,2204102.9648,0.039164490861622756,0.24333333333363952
2018-05-16,252.56036446468931,264.0163705391007,252.56036446468931,260.88,2861853.9066,0.04535947712418676,0.7262247838618938
2018-05-17,259.159804697806,259.8861124307171,248.00107680126357,250.18,1946967.0408,0.04585987261146871,-0.755555555555211
2018-05-18,250.24410216916635,257.50712360415537,250.24410216916635,257.21,2149402.1157,0.029023746701850914,0.959090909091225
2018-05-21,257.18249097472597,262.5308303249064,252.6264981949426,256.06,1365519.8088,0.03851091142490753,-0.11333333333299207
2018-05-22,253.2523018134682,257.51113989636974,251.17240414507447,254.87,1376870.492,0.025029331247559662,0.25520833333381837
2018-05-23,254.9666022607748,257.3766193480513,250.11355415351937,251.17,1003085.8896,0.028486339505377142,-0.5227272727267561
2018-05-24,252.72652980132116,254.01409801324166,243.68053774834118,249.26,1699622.78,0.04088830829523551,-0.33546325878559347
2018-05-25,251.7013873897558,256.38942477293335,250.512870870077,250.81,1322279.1216,0.02334732423924855,-0.15168539325783886
2018-05-28,255.86035658728903,275.8999999999967,252.59194687088367,275.9,4612231.6428,0.0910967741935518,0.8597733711049208
2018-05-29,276.2937767441829,295.3758418604617,275.0062325581364,283.92,5211564.739999999,0.07372445931413878,0.3743922204215364
2018-05-30,275.4403187919432,304.0639261744932,274.0537080536882,295.15,4551723.222,0.10895361380798588,0.6567656765677462
2018-05-31,299.1719606735191,301.4169058650661,286.98983161938884,292.14,3680135.3935,0.048223350253810096,-0.4874141876427638
2018-06-01,291.3460297337756,296.8593200414856,273.4195828051138,286.46,3488659.8691,0.08045325779037159,-0.20845070422520268
2018-06-04,284.615806267803,290.52535612535286,277.91391452991144,289.7,3901658.9625,0.04431040482542953,0.40314136125677563
2018-06-05,286.6562058492656,295.47080989875934,283.5199235095581,293.49,3227322.476,0.04169065991017269,0.5718232044201215
2018-06-06,292.7638378378346,294.74464864864535,287.44866216215894,293.16,1881657.792,0.024921064501582064,0.054298642534374955
2018-06-07,293.83452311292814,293.83452311292814,281.7472393212372,285.32,2653621.5515,0.041136363636366996,-0.7044198895024298
2018-06-08,285.25170327733724,288.7576647480291,282.01286268060284,284.25,1729953.1203,0.023645089547001046,-0.14851485148463903
2018-06-11,283.5848299401164,288.159317365266,278.4760958083799,278.81,1749419.355,0.034145767102322956,-0.49310344827546765
2018-06-12,281.40886348647746,305.18236975159044,281.3754737304871,303.78,4596320.517600001,0.0845989558614178,0.9396914446003775
2018-06-13,303.7811977528056,305.05001348314266,293.3635528089855,297.17,3464475.41,0.03846999340514711,-0.5657142857139538
2018-06-14,295.0970867768561,297.6680842516036,281.24041207529524,290.89,3447132.7968,0.0556687033265477,-0.2560975609753898
2018-06-15,289.82845985987956,293.0673262891893,281.78137934994515,290.73,2103240.2818,0.03894009216590182,0.07988165680502131
2018-06-19,284.8474304556321,290.15639088728676,274.3964580335699,278.47,2008450.476,0.055327628648461954,-0.4046610169489137
2018-06-20,277.09891538101596,289.82028985506906,275.93028517998744,285.68,2288651.2848,0.050126521267625936,0.6177884615386571
2018-06-21,285.64698892477753,297.50025380710315,284.4449676972741,289.42,2357085.7728,0.04570426651081559,0.2890025575449909
2018-06-22,288.15739793016843,296.8388490844957,283.81667235300483,293.6,1898556.4224000003,0.04519119351101154,0.41794871794894456
2018-06-25,295.49840612049417,321.07487833386125,293.1611305918575,314.23,3346272.0933,0.09446327683616126,0.6710526315790428
2018-06-26,311.9952567132083,321.14409022556055,301.31048764768747,310.86,2364636.659,0.06357020547945516,-0.05723905723888664
2018-06-27,307.72189207194856,311.2278381079245,292.4960692871386,300.71,2858525.1138,0.060872395833336375,-0.37433155080193903
2018-06-28,295.4399247058789,295.4399247058789,281.9835176470555,283.82,2566410.95,0.0455470162748677,-0.8635235732006822
2018-06-29,282.14890741157603,299.17801306600245,281.0136337012809,296.44,2163027.0420000004,0.06437869822485517,0.7867647058824943
2018-07-02,310.5233766233732,323.87922077921723,301.1408961038928,308.52,5528084.100000001,0.07322580645161582,-0.08810572687209517
2018-07-03,308.5196162752199,312.82687065828304,287.150292204209,302.81,3726993.5193,0.08322510822511121,-0.22236671001286568
2018-07-04,304.04813656387336,312.79628193832264,300.4754207048425,303.18,2117684.816,0.040522732264444424,-0.07046070460677266
2018-07-05,303.88328295928386,311.1957144468218,290.9613149881551,296.07,2276690.92,0.06658608944072372,-0.38613861386120524
2018-07-06,295.5008546034606,297.1703509571525,276.4685961713733,293.03,3681086.1792,0.07005649717514452,-0.11935483870951002
2018-07-09,293.83198069751813,306.48678986619535,287.22076113182396,304.45,3223598.6914000004,0.06556818181818509,0.5511265164646163
2018-07-10,301.40966124210894,313.86405402413027,297.8369533931109,301.61,2329889.8197,0.05317381189764341,0.012500000000207147
2018-07-11,293.09491883300836,299.47235441025884,290.12323419230006,294.13,1579439.6056000001,0.03189792663477199,0.11071428571463081
2018-07-12,292.5932814569504,307.8523399558465,292.5932814569504,302.51,3101744.4539999994,0.05215108980942924,0.6498905908098029
2018-07-13,303.07671282359723,332.7599999999967,301.27367850692053,332.76,6709027.4856,0.10388895009364627,0.9427359490986957
2018-07-16,332.52797098548945,335.4996538269101,325.5495247623779,333.73,4556705.5075,0.029922683000304182,0.12080536912783921
2018-07-17,334.03763589478774,334.2379783393468,317.2088705518276,323.72,4070838.3975000004,0.05097960815674022,-0.6058823529409455
2018-07-18,323.91149661986145,326.8831617264657,318.8696827873082,321.04,2449216.4505000003,0.02473971755489429,-0.3583333333328722
2018-07-19,321.04615262489085,325.55382091447586,312.5316680778968,315.47,2712635.1208,0.04056162246490159,-0.42820512820484363
2018-07-20,316.34133347354805,318.51171416552404,309.83019139762007,317.51,2762965.4688,0.02744352966012542,0.1346153846157529
2018-07-23,313.7642372881322,313.7642372881322,296.8355932203358,305.35,4598948.2545,0.05395338937959223,-0.49704142011811875
2018-07-24,305.454962901893,325.5559563066743,300.51319043693013,324.02,4786603.7736,0.08198513336248663,0.7413333333334353
2018-07-25,320.8141310541277,325.95623931623595,315.0709971509939,316.44,2469338.4924,0.03393005828476574,-0.4018404907972049
2018-07-26,315.5310114503784,322.8099279050009,312.79307039863966,314.93,2087461.944,0.0317460317460349,-0.05999999999966646
2018-07-27,315.47318119675765,322.1512756336069,307.2257345672489,317.51,2317848.2279000003,0.04731160033869892,0.13646532438500145
2018-07-30,317.9363925901818,318.87130321741614,305.51543711406885,308.22,2318998.8966,0.04200798151649122,-0.7274999999996928
2018-07-31,307.31750186825764,314.8635422226933,306.0486986228215,312.76,2309368.281,0.028683181225557207,0.6174242424245512
2018-08-01,315.36433623503467,317.10059303590515,305.5144178454809,306.85,1683378.25,0.036739015352041104,-0.734870317002531
2018-08-02,306.582709302322,306.582709302322,279.06973255813625,287.15,3082672.58,0.08974079721193935,-0.7063106796115028
2018-08-03,287.6876716344944,290.7261556315625,270.0577864646925,273.33,2701380.0,0.0718430826369576,-0.6946688206783198
2018-08-06,271.5990589992498,282.78490664674774,261.94917849140825,268.26,2660983.7202,0.07671502335874429,-0.16025641025624307
2018-08-07,271.79538647342673,276.46999999999673,262.1122584541032,276.47,2502105.8759999997,0.05282555282555624,0.325581395349045
2018-08-08,276.1317645566374,276.1317645566374,262.4420398325477,263.21,2577171.0591,0.04957678355502169,-0.9439024390240783
2018-08-09,260.70746940288956,273.1618605513627,260.70746940288956,270.09,2235274.6239,0.04777151639344643,0.7533512064345225
2018-08-10,268.7917082294231,275.1358603491238,263.8499476309194,267.79,2130525.832,0.041987577639755205,-0.08875739644939816
2018-08-13,264.8202535211234,266.122483994875,251.7645582586396,260.78,4254524.054,0.05421762703316448,-0.281395348836961
2018-08-14,261.28066008636324,270.9972954966037,261.21387908698017,270.63,3233441.12,0.03744408945687264,0.9556313993176481
2018-08-15,269.0543656473616,270.3899544567305,254.3628887443039,256.6,3311048.4359999998,0.05956813104989181,-0.7770833333330799
2018-08-16,250.4250797024409,261.7776833156183,243.84724760892345,251.36,2319360.2384,0.07160000000000391,0.05214152700204448
2018-08-17,257.0644469829289,259.3683107109225,247.548488106434,248.45,2170929.6084,0.045979997402263835,-0.7288135593216877
2018-08-20,249.32720882713193,251.69793761067635,235.40335104208918,245.12,2754105.3516,0.06535422525780472,-0.25819672131125776
2018-08-21,246.7207858769901,268.79176157934364,242.1129271070585,263.85,4233928.7394,0.10813371227500686,0.6420525657072342
2018-08-22,262.14755483028387,262.4480678851141,253.09877284594972,255.77,2259368.3219999997,0.03566424659279436,-0.6821428571424354
2018-08-23,257.1011889377067,260.8742323597795,252.7939092788802,258.37,1869660.9766,0.03142857142857506,0.1570247933888229
2018-08-24,257.0387496660399,257.0721399946533,245.7862089233203,249.96,3227272.2421999997,0.04390750844375535,-0.6272189349108953
2018-08-27,252.76294441662185,267.12068102152904,251.3939509263865,266.72,3843466.1399999997,0.062219286657863714,0.8874734607220205
2018-08-28,267.4891944865925,277.1389731917011,260.6775859888687,264.05,4504672.7891999995,0.06154038197478823,-0.20892494928984687
2018-08-29,264.57747772618563,269.78622160873044,261.1383711883516,266.08,2309946.1385,0.03268551236749482,0.17374517374554116
2018-08-30,264.2853382991898,272.39921539416173,264.2853382991898,268.96,2536997.9669999997,0.03070120025268834,0.5761316872431355
2018-08-31,266.48423728813225,268.05355932203054,259.7728813559289,262.01,2200192.8655000003,0.031073800275658425,-0.5403225806446981
2018-09-03,261.7487977099204,263.1178117048313,253.36776081424617,262.45,1963781.7,0.03724964918995141,0.07191780821950702
2018-09-04,262.1827038026166,263.7854508457299,255.43780999618144,262.55,2017781.0436,0.03183902190525086,0.04400000000039096
2018-09-05,260.21094592816394,260.21094592816394,253.7999999999967,253.8,1522912.7969,0.024637495187992926,-0.9999999999993253
2018-09-06,247.0896570348333,255.4372805833074,245.68725627868963,247.29,1976576.231,0.039459459459463435,0.020547945205817746
2018-09-07,247.9215007982937,254.76647152740483,244.78283129323785,250.96,2347446.7256,0.04026936026936417,0.30434782608725863
2018-09-10,248.65149572068677,250.42113843227486,241.739872299956,245.78,1846888.1498,0.034913387941456785,-0.3307692307688107
2018-09-11,245.41190316072303,248.2499999999967,241.57212508405865,248.25,1740879.2275,0.02721088435374549,0.4250000000004307
2018-09-12,246.91431448811997,248.04955271565157,239.0678149742987,240.37,2102102.2408,0.03637592968222174,-0.7286245353155346
2018-09-13,242.9124033731519,244.5819044272629,226.71824314827512,237.57,3174495.9925,0.0735395189003474,-0.29906542056054525
2018-09-14,236.39849288305564,246.08148199832206,232.55868685458796,239.27,2419088.2476,0.0572033898305124,0.21234567901257426
2018-09-17,238.9690047000243,246.08097871163608,237.0658003870578,241.54,2038314.7758,0.03772530389828551,0.2851851851855274
2018-09-18,240.27402945468697,252.22762903011474,238.9384317367621,251.66,2814703.2018,0.05530850472485113,0.8567839195981787
2018-09-19,251.76128536678723,266.72004608884566,251.09348354883818,260.81,3626505.1398,0.062068965517245105,0.5790598290600035
2018-09-20,260.20762348436176,264.681872367578,255.96710402041796,261.61,2396071.494,0.033491595021176525,0.16091954023024527
2018-09-21,262.1076779026185,270.98928838950974,260.4382022471878,267.45,3242132.4059999995,0.04025477707006723,0.5063291139243157
2018-09-25,266.35673637042237,271.13159073935435,261.6152725914829,268.26,1833495.378,0.035727717186916114,0.20000000000032903
2018-09-26,268.7912291169419,280.64475536992506,267.2552792362737,279.81,3751228.2279999997,0.0498136645962768,0.8229426433917092
2018-09-27,277.1374607772113,280.10917571807533,274.29930605840855,276.67,2114370.9354,0.020963855421690093,-0.08045977011436121
2018-09-28,276.66459209419344,279.7698065601312,272.8248107653457,277.9,1504232.4360000002,0.025102582669566765,0.17788461538507247
2018-10-08,270.32354769424796,270.32354769424796,258.10289324067895,264.28,2386549.796,0.04520750988142644,-0.4945355191253684
2018-10-09,266.4513730569913,266.4513730569913,252.42761658030759,257.77,2863542.5439999998,0.05263157894737188,-0.6190476190473355
2018-10-10,257.59989892182944,258.00057277627684,246.7483153638781,247.75,2946602.946,0.04368114063512994,-0.875370919880936
2018-10-11,238.30338709677093,244.94796801764207,233.72897711607067,242.21,2953397.1870000004,0.047078604455657674,0.3482142857145505
2018-10-12,240.33884532179235,248.78643185505345,237.0666576527821,246.95,2569329.7219999996,0.04876354542928986,0.5641025641027971
2018-10-15,246.74980598669285,247.75149667405427,239.23712583148233,240.94,1577157.1024,0.03450608930988209,-0.6823529411760036
2018-10-16,241.67458144329564,245.7147340206152,239.4708618556668,242.91,1665950.265,0.02583586626140228,0.19786096256734859
2018-10-17,245.11938908085358,246.7221313061473,234.40105044920207,241.58,1591344.038,0.050265631385373696,-0.28726287262843286
2018-10-18,237.33284938553533,239.70350671620125,233.5932209202596,233.66,1386535.4338000002,0.025745638716942933,-0.6010928961742139
2018-10-19,230.32224697469434,246.5496479647931,227.2170035753544,242.81,2108757.1032000002,0.08393737315164226,0.645941278065767
2018-10-22,245.8856617647027,255.43526785713954,245.8856617647027,254.3,2746579.4047999997,0.03883758826724996,0.8811188811191363
2018-10-23,252.32420722134648,252.32420722134648,228.85141144569394,233.96,4196654.161699999,0.09302633320100911,-0.7823613086769239
2018-10-24,228.35006515151173,228.35006515151173,212.18959848484528,220.37,3388450.56,0.07077058049422848,-0.49380165289232597
2018-10-25,211.19285826032208,214.33153473091028,204.7485544430506,213.43,2182756.14,0.04537549407115075,0.23344947735224333
2018-10-26,214.19314903845813,216.66396634615037,206.38002403845823,208.35,1834150.656,0.04801247077163344,-0.5681818181814412
2018-10-29,196.6689458689424,196.6689458689424,187.51999999999666,187.52,2402892.0864,0.04651952461800157,-0.9999999999995242
2018-10-30,180.502011173181,185.24327746740806,174.62551210427978,179.3,3722298.7350000003,0.058823529411769875,-0.11320754716948454
2018-10-31,182.34001992753292,186.84760144927196,179.30157608695328,184.31,3850577.0160000003,0.04138436183849629,0.26106194690306456
2018-11-01,185.95294096977887,198.6748067463071,185.58564300772687,190.06,4403783.1448,0.07038965702999239,0.31377551020431454
2018-11-02,195.66887925283197,202.18004503001663,193.99934956637435,200.21,4305340.2584,0.04180887372014135,0.5551020408166673
2018-11-05,196.9969156956786,196.9969156956786,192.28902330362936,194.86,2432471.6456,0.023898305084750604,-0.4539007092190541
2018-11-06,195.0014243529582,195.90297203404208,189.25823171790532,192.23,1644301.0989,0.034075342465758385,-0.4170854271351103
2018-11-07,193.99164481733624,196.59600769095968,190.71949659150164,191.02,2110555.2777,0.030292598967302808,-0.5056818181811618
2018-11-08,193.36101853455406,197.9354373809077,191.99203187250663,192.76,1543311.6771,0.030737351061997743,-0.10112359550503905
2018-11-09,191.32660966672148,193.66393299598337,187.98757633920454,191.36,1195835.6179,0.02966841186736989,0.005882352941767884
2018-11-12,191.35796951646478,191.65847932725663,181.9753854239632,190.59,1991863.68,0.05060198918164858,-0.07931034482723448
2018-11-13,188.65074906366718,196.63084269662585,184.44367041198188,196.13,2837984.919,0.06460176991150927,0.6136986301372126
2018-11-14,195.26632037649998,195.26632037649998,190.9923653477394,191.56,2085704.1346999998,0.021887824897405733,-0.8671874999990148
2018-11-15,191.12896551723802,193.19919540229546,189.0253448275829,191.73,1473703.2486,0.021837875611465583,0.14400000000077195
2018-11-16,192.8600034983349,192.89339338813724,189.65457407730992,190.89,1492572.0637,0.01679362880886949,-0.6082474226791855
2018-11-19,191.15358996539464,195.86147750864714,189.78462975778223,192.99,2162400.306,0.03179039301310533,0.3021978021983005
2018-11-20,190.3211652580437,191.95725948570058,185.64661032188124,185.68,1759338.0188000002,0.03315789473684714,-0.7354497354490898
2018-11-21,183.5418953779974,188.31658903618435,180.97090648512753,186.38,1276438.1728,0.0400218300891447,0.38636363636404136
2018-11-22,187.18815770608984,188.18987813619734,183.84908960573148,186.32,1057262.13,0.023189439885841746,-0.19999999999918786
2018-11-23,186.44636481241568,188.24939197929794,180.30271668822434,180.67,1248925.8964,0.0426217765043032,-0.7268907563020074
2018-11-26,180.37558015126027,183.64785095000582,179.64098874746023,181.01,808987.7562,0.022213994816740017,0.15833333333412733
2018-11-27,181.30848462393143,182.9779918488295,179.63897739903337,180.24,870859.34,0.018416206261515432,-0.31999999999890416
2018-11-28,181.8054325955701,182.94067312968383,178.6668264130203,182.54,959008.5659,0.023507805325992528,0.17187500000074357
2018-11-29,183.54050291544854,187.94787900874292,183.1398323615127,183.24,1564262.2016,0.026196106967441984,-0.062499999999289096
2018-11-30,183.64226786027413,190.95456907143776,181.47195014919816,190.22,2917985.7393,0.051636363636368726,0.6936619718312641
2018-12-03,196.43336999999673,202.47695999999664,192.9274199999968,200.34,3674484.6,0.04861465238824212,0.4090909090912162
2018-12-04,199.94136820925215,200.97646881287386,197.10318913480552,199.14,1764659.3328,0.01937207748831485,-0.2068965517232174
2018-12-05,195.50226210350255,203.21550250417022,195.00140233722544,200.01,2336424.0590000004,0.0420153714773747,0.5487804878052205
2018-12-06,197.03013529713652,199.9350025689296,193.89154307244058,194.96,1578644.8858,0.03067276732757652,-0.3425414364634743
2018-12-07,195.3669517618851,199.47396510434143,193.66404379062274,195.2,1360052.0236,0.02973850623825488,-0.028735632183326133
2018-12-10,193.49729426002432,195.6008886583645,190.32520746887636,193.13,1207267.1352,0.027264883520281134,-0.06962025316391199
2018-12-11,193.1325284580857,196.67195584684035,191.0622973439084,193.6,949679.9312,0.029045643153532003,0.08333333333390873
2018-12-12,194.66101169992783,195.32880247762913,191.98984858912266,194.06,988721.1664,0.017152658662097604,-0.17999999999894573
2018-12-13,193.33236916903203,201.4463183414111,193.33236916903203,199.71,2330865.6777,0.041968911917103335,0.7860082304529933
2018-12-14,198.59980312287507,201.0038357094331,196.52966395111682,196.73,1865208.0504,0.022528581035647175,-0.41791044776034847
2018-12-17,194.12745517241044,196.5315103448242,192.09068620689325,193.66,1160916.98,0.022875816993469026,-0.10526315789395994
2018-12-18,193.3249045470289,194.25980909406118,189.71884415133303,192.39,1142185.1264,0.023488773747846223,-0.20588235294039128
2018-12-19,191.82113857016432,194.9931156222384,188.71593998234445,189.15,1086354.39,0.032724107919935304,-0.4255319148930198
2018-12-20,188.5869627507129,190.08951468481033,181.47488359598526,186.45,1506505.1264,0.0456798866855575,-0.24806201550345436
2018-12-21,184.14692943077418,187.58611959058737,184.14692943077418,185.95,1031345.9428999999,0.018676337262018044,0.5242718446610183
2018-12-24,187.31409123054829,190.98691654879434,184.3424416548765,188.85,1048863.9112,0.035472370766493566,0.23115577889494363
2018-12-25,187.31762917932798,188.21915787591297,182.3091364205224,186.75,1161042.4804999998,0.031550802139042614,-0.09604519773953551
2018-12-26,186.58603982300542,187.8882688053063,180.30862831858076,181.11,1412304.3744,0.04062276306371316,-0.7224669603518855
2018-12-27,183.6447638603662,184.21239313048005,178.83661004293114,178.87,1752981.824,0.02927272727273261,-0.8881987577631892
2018-12-28,178.80102853965568,181.5055819125244,177.29849888806194,180.17,1772800.7608000003,0.023529411764711215,0.3253968253975448
2019-01-02,182.6107386363602,183.64583333332988,175.9660984848452,176.3,1322501.136,0.04205522033278993,-0.8217391304342436
2019-01-03,177.3627065302876,177.62981904012238,168.78171715184558,169.75,1637434.8924000002,0.04988704819277661,-0.8603773584900859
2019-01-04,168.45333269488282,174.83085232713705,166.95077571346167,174.33,1346204.0461,0.04677898909812257,0.7457627118647371
2019-01-07,175.69831072042467,177.6015421364384,172.62642843492887,174.73,1258444.3992,0.028316229570510974,-0.19463087248250913
2019-01-08,175.76173393123736,180.0689648729413,174.29260089685772,178.7,1620159.0456,0.03286474164134282,0.5086705202317054
2019-01-09,179.3054154302637,184.5810682492547,176.63419881305308,180.04,1725249.1232,0.04432029795158823,0.09243697479032717
2019-01-10,180.0022121604106,181.97218628718937,176.96377749029426,180.67,1285881.4031,0.02782415136338877,0.1333333333339786
2019-01-11,180.64081262470197,184.7144132051481,177.30179575548382,184.08,1469525.9845000003,0.04103512014787954,0.46396396396435435
2019-01-14,182.40897833934687,185.64779783393166,181.14016245487036,184.98,1189062.388,0.024711696869857122,0.5703703703709845
2019-01-15,185.01115229110198,202.9413072776246,183.64218328840659,198.2,3335608.1696,0.1043133008482272,0.683391003460346
2019-01-16,197.09844803853758,198.2003028217447,192.19018582243305,194.06,2153275.0936,0.030492969676440614,-0.5055555555549198
2019-01-17,194.32830253841837,196.86592298393722,191.99102054912467,193.36,1660634.6883,0.025085910652925966,-0.19863013698558057
2019-01-18,193.99391686380207,201.97404528556604,193.99391686380207,197.6,2895043.5822,0.04113597246127856,0.4518828451886451
2019-01-21,198.070269393051,207.95374878285935,198.00348912690365,205.75,2972630.1384,0.05023600809171083,0.7718120805371683
2019-01-22,205.0113472858044,206.98132603008168,201.53884238063765,204.21,2000498.9531999999,0.02654723127036323,-0.1472392638030426
2019-01-23,203.64262246022676,213.69286501810973,202.37382107418173,211.99,2942088.506,0.055582882439748835,0.7374631268438878
2019-01-24,211.69404948324126,216.9363153773846,207.05280770435,213.23,2442275.2506,0.04668769716088782,0.15540540540572886
2019-01-25,213.32608990535942,216.59826971608493,210.48797476340363,211.69,1927099.426,0.028642980122089427,-0.26775956284094193
2019-01-28,213.90034374999667,220.97915624999658,211.6965624999967,213.7,2882487.04,0.04339681548548693,-0.021582733812589565
2019-01-29,211.3960468749967,217.03906249999662,206.62118749999678,213.7,2604748.8,0.04928131416838233,0.2211538461541441
2019-01-30,213.72694809255452,218.33471544715104,212.49153220762645,213.56,2447793.972,0.02733947820653469,-0.028571428570854585
2019-01-31,213.9293207664712,216.66729552889524,211.89253466271677,214.33,2191359.9435,0.02231933822382232,0.08391608391676873
2019-02-01,215.20054100673963,215.20054100673963,208.75621138466036,212.93,2038032.4447,0.029945694336699708,-0.35233160621704457
2019-02-11,213.09500806096713,228.32085006595005,209.08820753334004,227.82,4194636.4347,0.09025383892197233,0.7656250000001328
2019-02-12,226.3880248160406,233.36665271966191,224.21763814745026,231.43,3255568.3272,0.040412979351036625,0.5510948905112548
2019-02-13,231.4233896103863,236.29827272726934,226.7154545454513,231.39,2811717.216,0.041408166209786205,-0.003484320557146395
2019-02-14,229.6888074551538,241.37525644618503,228.0527045964094,238.27,2766121.2576,0.058002616659402415,0.6441102756894187
2019-02-15,238.2678076655019,245.07927526132065,235.76359163762737,239.57,2064347.9500000002,0.03909753363229113,0.139784946236903
2019-02-18,239.7082873144017,263.3819432143753,239.7082873144017,256.37,3789496.095,0.09876027301852992,0.703808180536077
2019-02-19,257.7691531997381,260.50711570781823,254.1296664511926,258.27,3203184.9395,0.024740932642490745,0.07853403141411729
2019-02-20,257.6999578947335,262.9421052631545,248.9185263157862,253.76,2853504.36,0.05441824306815614,-0.28095238095212444
2019-02-21,253.06445982262497,253.09785004030834,245.9523434560569,248.49,2469843.518,0.028235915028371698,-0.6401869158872983
2019-02-22,245.74650576846247,252.52456835963068,243.74313751491525,251.79,1703197.4403000001,0.0357336956521778,0.6882129277569548
2019-02-25,250.42194092826688,261.30694796061556,247.41687763712764,261.14,3407867.0108999996,0.05546666666667064,0.7716346153847937
2019-02-26,259.606281473625,259.606281473625,251.85983037370468,251.96,3067416.5522,0.029839228295823476,-0.9870689655166941
2019-02-27,252.13102619807987,265.7543156549487,252.13102619807987,261.28,4298511.944999999,0.05403257846643202,0.6715686274511729
2019-02-28,261.10557840616633,264.74502956297863,253.75989717223322,259.77,2481830.892,0.04207161125320077,-0.12158054711215001
2019-03-01,258.77069587949387,268.95457487862234,258.77069587949387,268.22,2684016.4853999997,0.03935483870968112,0.9278688524592541
2019-03-04,270.4583176159906,276.9693511882274,265.0157613479157,265.55,4353976.4202,0.04419753086420104,-0.41061452513935404
2019-03-05,265.549322033895,268.4542372881323,259.47237288135267,263.98,3338708.5436,0.03382371432164349,-0.17472118959069072
2019-03-06,262.44697280656413,262.44697280656413,256.7706387891194,260.31,2637650.3047999996,0.02162849872773894,-0.37647058823464696
2019-03-07,258.1003825554672,267.11553175210065,253.12535577658437,261.84,3471572.6274,0.05420439844761043,0.2673031026255192
2019-03-08,256.1641443951836,270.4214553514849,253.7934908169696,263.61,4132055.0990000004,0.06491136600626007,0.44779116465880886
2019-03-11,263.6794915254206,279.00542372881023,263.6794915254206,275.8,3852088.1699999995,0.05812333797645029,0.7908496732027782
2019-03-12,276.73439823334223,279.2052410747114,270.4905115936662,272.16,2326810.5432,0.031491312741316356,-0.5249042145589418
2019-03-13,273.3014217156536,278.84424835032667,270.2962747450478,278.31,3154771.6615,0.031276725717780014,0.5859375000003214
2019-03-14,276.2326172413762,293.5618482758587,272.1256896551693,290.49,3092806.5,0.07760183730207028,0.6651090342680347
2019-03-15,289.4896698731932,316.7357564494937,282.81170747704107,305.45,3326501.8768000007,0.11718569780853821,0.4704724409449656
2019-03-18,308.75404948822114,335.99999999999665,307.1847361621752,336.0,3784565.4936,0.09332756569698566,0.9455388180765603
2019-03-19,339.4747546941213,356.2698566525302,323.88168786593656,330.76,4145221.1736,0.09540670797679035,-0.26907216494834146
2019-03-20,328.888974358971,337.9375948717914,321.6433999999967,325.55,3658109.325,0.049543147208124784,-0.20491803278666665
2019-03-21,321.8505140186883,328.8958982346799,314.23749221183476,321.55,3105097.1999999997,0.04554414358336233,-0.020501138951935775
2019-03-22,323.1821509813758,332.43119073980546,319.87653749370594,331.73,3172520.6994999996,0.038846988325243165,0.6808510638299935
2019-03-25,325.54779033915395,328.2189516957829,318.7363288797501,324.88,2239033.545,0.02912820512820814,-0.0704225352109136
2019-03-26,325.5553918679992,345.1554959732829,321.11448241995373,339.98,3812723.2103999997,0.07384615384615661,0.6000000000001127
2019-03-27,340.5789473684178,365.25422600618845,334.73568111454784,345.12,4613013.648,0.08960784313725764,0.14879649890601124
2019-03-28,345.0827198462245,360.942835175393,340.5751081210924,347.42,3076204.954,0.0590227382680239,0.11475409836081267
2019-03-29,348.2552744186014,368.9569302325547,345.9179906976712,358.94,4130744.475,0.06615532118888097,0.4637681159421537
2019-04-01,356.27447629547635,370.43196251377833,350.5981256890817,363.42,4172417.3172000004,0.05567010309278614,0.36026936026951045
2019-04-02,357.30899999999673,362.2841463414601,352.26707317072845,355.94,2876316.378,0.028034763106254523,-0.1366666666663277
2019-04-03,350.62375895212637,363.27840180926904,347.8858151149609,354.33,3147889.5588,0.043900580897060004,0.2407809110631074
2019-04-04,354.37204278074546,379.24787165775064,352.2684491978578,374.64,4321489.59,0.07613304437953716,0.7512376237624732
2019-04-08,377.3029746602977,383.9809034153472,357.1022401762729,363.68,6692171.1472000005,0.07123893805309975,-0.5068322981365042
2019-04-09,354.5998333333301,360.60999999999666,347.2874638888857,360.61,4703195.88,0.037570621468929116,0.45112781954908937
2019-04-10,354.63731034482436,373.9702359346609,347.9592704174197,367.96,4196619.87,0.07334525939177372,0.5121951219513272
2019-04-11,367.9295961650168,369.96641487506906,337.24375363160624,344.79,3460385.0988,0.08893729013522356,-0.7071428571427325
2019-04-12,337.2387757072479,350.5947668243666,337.2387757072479,345.82,1995185.9441,0.03960396039604242,0.6425000000002005
2019-04-15,347.2554416788644,356.07038750609706,340.57745241580926,342.08,2606810.5395,0.04461538461538738,-0.3340517241376962
2019-04-16,337.2394393426744,349.32663508941187,336.23773803769615,345.42,1926320.7255000002,0.038811881188121775,0.6250000000002025
2019-04-17,345.65152542372556,356.60338983050514,338.9067796610138,354.6,3077664.318,0.051197836166926976,0.5056603773586522
2019-04-18,354.5996756172251,381.21134618849896,354.5996756172251,370.56,3961230.2262000004,0.07504708097928697,0.5997490589712461
2019-04-19,368.923905099775,377.33813481152663,357.9386607538771,376.47,2109721.625,0.05258394424835087,0.38898450946658886
2019-04-22,370.6302031150344,385.8894826486894,364.7201539302271,366.59,1600166.1941000002,0.05711711711711953,-0.1908517350156075
2019-04-23,366.22016421546186,374.23373454840413,363.98304249751544,370.06,1445356.196,0.027990517870170498,0.3745928338765057
2019-04-24,370.1928796574623,373.9325389450636,359.6083082809478,366.52,1474918.0188,0.038693965906018674,-0.2564102564100108
2019-04-25,366.52016949152204,367.28813559321696,356.93728813558994,358.54,1738738.8381999999,0.0282408672679265,-0.7709677419350874
2019-04-26,359.0128082901524,390.1659844559552,354.63867530224223,386.66,4602696.81,0.09895833333333574,0.778195488721876
2019-04-29,377.3073651981598,400.68038782105464,367.65764585813605,392.6,5678294.4673999995,0.08752212389380773,0.46309403437824576
2019-04-30,391.9991492981677,403.58549553381204,384.9872394725616,392.5,3451424.3415,0.0474446337308373,0.026929982046853852
2019-05-06,378.77666036546606,387.25773156899464,354.6022684309987,370.93,3695965.4109000005,0.0862129760225694,-0.2402862985683982
2019-05-07,366.125517924695,382.9876598810991,361.15035128805295,370.7,3146388.9548,0.059644322845419914,0.20948012232430047
2019-05-08,360.61578947368105,393.0044298245579,359.8812017543828,380.65,4615239.84,0.09185185185185428,0.6048387096775018
2019-05-09,375.6352261790147,383.4150490856556,346.58610202117086,346.92,5985211.45,0.09804444444444686,-0.7796917497732335
2019-05-10,354.0343659889062,362.8159408502739,342.2476894639525,361.28,5403840.174,0.0580967650664931,0.35227272727287057
2019-05-13,357.26832885345857,371.2919455000429,351.4585448141594,360.24,4722437.0065,0.05551401869159126,0.1498316498318104
2019-05-14,358.53699725022585,368.1197983501341,356.26650779101413,364.28,3547885.087,0.03306016017880692,0.4845070422537608
2019-05-15,370.2638379530885,394.67206823027385,364.5875053304873,391.5,5005713.2125,0.08125169086482349,0.7058823529412643
2019-05-16,387.3197660047756,411.6941995550761,383.379789074727,405.25,5190579.8146,0.07310344827586449,0.6332547169812268
2019-05-17,399.38270547944865,410.03424657533895,373.97260273972284,390.0,3587758.448,0.09029345372460719,-0.2601851851850858
2019-05-20,386.9865622497074,390.35892142030445,360.60870339058147,375.2,4046754.9649,0.07687661777394546,-0.3961840628506061
2019-05-21,375.2039004186303,380.6464772423588,364.3521368130368,374.87,4447187.5958,0.043427961199610926,-0.020491803278483132
2019-05-22,374.8725106194657,378.9461230088462,363.61999115043926,377.31,3795708.4199999995,0.04088358421662319,0.15904139433572118
2019-05-23,371.4344684431943,371.6348106591831,355.5740430107494,357.11,3404794.9605,0.04323984178353363,-0.89189189189163
2019-05-24,357.24064969921,367.6249699213293,353.5343489125372,360.78,2790787.7934999997,0.03944293859239447,0.25118483412344195
2019-05-27,362.01423979308737,363.88407906890484,353.9338629225905,361.48,2383013.7070000004,0.027485703744699264,-0.053691275167443014
2019-05-28,358.8757497921061,368.5922405987215,357.2730296590561,361.38,3155724.8834,0.03154075176777345,0.2212389380533714
2019-05-29,360.2766101380748,368.223397275504,357.27152256509726,360.31,2356768.4283000003,0.030398517145507842,0.00304878048810206
2019-05-30,360.6096585093481,365.6181259886446,353.9317018702861,358.84,2568918.8172999998,0.032407407407410084,-0.15142857142827512
2019-05-31,360.45007492741075,361.8524744778463,353.9389341575316,356.51,2387244.8052,0.021954608615102417,-0.49789029535817103
2019-06-03,357.2424164936747,360.58144272503904,349.5626561615366,353.87,1870335.04,0.030844004112536558,-0.30606060606027524
2019-06-04,354.83213562653214,355.6000982800948,335.73323832923506,339.74,2980810.0025,0.05598946080738006,-0.7596638655460118
2019-06-05,345.1878470588201,345.58852941176133,337.77522352940844,340.58,3001856.94,0.022634939059782366,-0.5897435897430843
2019-06-06,341.2480206369646,343.0844825875549,334.4698065284221,336.54,2104336.9597,0.02524461839530617,-0.5465116279065286
2019-06-10,338.14401387802644,350.19792806880037,323.8863369820141,341.65,3346509.6392,0.07781179026365428,0.1332487309645867
2019-06-11,344.6220737878338,367.0604066611431,344.5219026589352,362.92,5393481.4809,0.06540063947292198,0.8118518518519643
2019-06-12,362.61458955223543,368.9586753731309,352.2637126865639,357.94,4134965.5680000004,0.046040515653777946,-0.27999999999978376
2019-06-13,360.8423499577312,361.20963651732546,350.5917159763281,355.5,2201856.0291,0.02942537244378915,-0.5031446540876883
2019-06-14,352.8705523809491,360.5503619047585,346.0255047619015,350.6,3181674.3,0.04116199848599816,-0.15632183908022354
2019-06-17,347.25101136582214,354.6634848776695,341.60818243112755,346.65,2974058.866,0.037596153846156506,-0.04603580562634218
2019-06-18,345.4578474724813,349.8987805590694,339.1470478231193,342.82,2707935.6238,0.031123139377540222,-0.24534161490650014
2019-06-19,352.2596796985365,360.4735073009858,345.2478756476652,354.43,4724036.971500001,0.04322274881516848,0.14254385964933236
2019-06-20,353.5289615144178,377.1354004821826,351.2584695062028,373.93,5492895.599099999,0.07319607102380324,0.7883870967742902
2019-06-21,372.2774049216969,380.0613870246051,368.8930648769542,378.2,4670064.9075,0.03000000000000254,0.5303030303032829
2019-06-24,380.1946271578539,389.19692116034537,373.5275146823245,380.33,4035037.614,0.04121417126580273,0.00863930885550418
2019-06-25,380.36095166430266,385.6742953257757,372.3740146954642,382.29,3755321.3119999995,0.03496752380105239,0.14503816793917065
2019-06-26,378.02940338379005,386.4902226179841,374.5435458593021,380.06,3650289.04,0.03160250671441611,0.1699716713883707
2019-06-27,382.2979131029731,400.6411734519295,382.26406944919273,395.7,5305050.9128,0.04807011331445008,0.7292817679559465
2019-06-28,395.1912209940056,409.87932495147743,390.9607763057937,401.08,3959891.9549,0.04787188490194641,0.3112701252237746
2019-07-01,408.34925787593045,419.65280935368287,408.34925787593045,416.81,5105462.324,0.027681087352894793,0.748502994012208
2019-07-02,416.27011913444835,424.73089391360384,412.2089472404537,417.59,4097992.8969,0.030081300813010588,0.10540540540566595
2019-07-03,415.2268715813502,420.3372520205697,406.29216670748303,414.55,4412745.121499999,0.033825087619205135,-0.04819277108409464
2019-07-04,409.84284051222005,411.1965740894694,398.20073174787626,407.0,3087715.1858000006,0.03170933113129884,-0.21874999999971814
2019-07-05,410.5166747967446,421.2110910569071,407.80922764227313,416.27,3067469.94,0.032646331409730125,0.4292929292931522
2019-07-08,416.7132247125927,418.0331155404812,406.15409808948476,409.2,2494263.2719,0.028506456590597508,-0.6324786324782986
2019-07-09,410.04522388059365,417.28768656716073,402.5658582089519,408.15,3185477.748,0.035902938263455614,-0.12873563218367362
2019-07-10,413.90697199771074,421.62330802514145,407.8151277655286,414.55,2957625.1665,0.033360588716273676,0.046568627451221575
2019-07-11,420.06622972416284,421.2845977768594,410.1162239604742,411.03,2553102.468,0.026587173702870417,-0.8090909090905365
2019-07-12,413.9081385979016,422.3690572119225,411.53908138597575,420.0,2532068.145,0.02616516762060746,0.562500000000258
2019-07-15,414.8810330578478,416.3024380165255,401.03925619834376,409.5,2859406.6599999997,0.036789297658865336,-0.3525498891350073
2019-07-16,409.5005813953455,412.88488372092684,403.6457383720897,407.47,3327420.1520000002,0.02256198347107682,-0.2197802197798307
2019-07-17,407.73970728443254,409.4995400183959,403.610868947057,404.66,2095176.0862999998,0.01444223107569967,-0.5229885057464665
2019-07-18,407.2374346733634,409.0988207705158,402.736264656613,404.09,2096341.62,0.01562370148757819,-0.49468085106322157
2019-07-19,406.1245298788098,410.2196188884211,399.6942248223953,404.94,1781669.8620000002,0.025916666666669003,-0.11254019292571449
2019-07-22,406.0481830394593,409.09405205709146,399.3472712006684,403.07,1878585.738,0.024004000666780146,-0.3055555555551832
2019-07-23,402.73480899068113,402.73480899068113,386.25314075719695,396.0,2967989.0726,0.040924369747901555,-0.40862422997923675
2019-07-24,400.3675082886985,405.57939301198337,396.30629941341164,398.1,3113954.2935,0.023161453930687186,-0.24452554744486593
2019-07-25,399.35343888748935,406.25751528859513,391.1633090391188,403.99,2204985.9282,0.03779661016949399,0.3071748878925792
2019-07-26,401.0397050245779,408.3497958503424,399.6182984751237,406.15,1756673.9773,0.02177215189873667,0.5852713178297758
2019-07-29,408.01391937753164,412.10894959026234,402.0575117953779,408.86,2665449.1515,0.024635036496352795,0.08417508417540966
2019-07-30,409.4370845672885,412.21224086870336,402.0592300098683,411.4,2287437.0659999996,0.0247974871879673,0.19333333333364805
2019-07-31,409.03026618523467,413.19299353429835,400.97555798135534,403.04,2075153.9681000002,0.02986927023002049,-0.49030470914096047
2019-08-01,401.0395489877817,404.085418980094,392.5787990091365,396.2,1805267.3986999998,0.02869198312236542,-0.42058823529378947
2019-08-02,392.5838383838351,404.76747474747134,386.2889595959564,402.06,3769120.0799999996,0.0470689655172437,0.5128205128206691
2019-08-05,395.69528874846065,405.3744584869194,385.6099999999966,385.61,2692019.3616,0.04994868286007779,-0.5102739726025419
2019-08-06,385.817202432664,390.8260573414389,372.2797567332722,389.54,2917177.272,0.04807017543859904,0.20072992700746722
2019-08-07,387.8429569892438,392.07335573476354,375.89631093189627,377.69,2291729.4359999998,0.041710296684121226,-0.627615062761256
2019-08-08,382.2269898223186,394.54597550456793,380.7378816629259,392.38,2186883.468,0.03612537630600558,0.7352941176472514
2019-08-09,395.5229359649088,401.377771929821,382.4257017543826,385.81,2279779.98,0.04791648840592341,-0.5124999999997953
2019-08-12,390.88586387434214,394.64242931936826,382.49281675392336,387.84,3312557.6939999997,0.0310822510822535,-0.2506963788297866
2019-08-13,384.52799392639895,385.84788406573443,373.9688728117152,378.91,3906604.6056,0.03089244851258848,-0.47293447293415186
2019-08-14,384.2587141858807,391.87349406009446,381.754297693917,387.44,4149816.4296,0.026334331513125756,0.3143812709033056
2019-08-15,382.19239211073574,383.95224373472917,368.4858554238635,374.07,5120324.356,0.040467546267601885,-0.5251641137853078
2019-08-16,373.9651671068175,378.2970713049779,368.31338584828006,371.63,5313819.0043,0.026696832579188156,-0.23389830508438572
2019-08-19,372.95038623595184,385.8107443820191,372.95038623595184,385.54,6790281.344,0.03448275862069211,0.9789473684212404
2019-08-20,386.5901568627419,402.9702352941142,381.6152156862713,396.98,4801318.908,0.0552394292217479,0.486529318542131
2019-08-21,397.0145888073674,401.04192970482507,390.82128305749535,396.71,3051726.5796,0.02574375586054289,-0.029801324502979783
2019-08-22,397.4940045727801,402.7397747480701,392.9927953255958,399.66,2972613.4396,0.02452107279693727,0.2222222222225487
2019-08-23,398.6746630499246,405.0372128507214,396.3394718996322,399.25,3235155.0138,0.021816638370121332,0.06614785992255466
2019-08-26,401.71578859619547,417.8250316772223,393.6273241080328,405.98,5702500.1328,0.060235888795284485,0.17622377622390636
2019-08-27,408.79615645695026,412.72200745032774,403.753468543043,408.83,4294644.152,0.021938902227007978,0.003773584906035674
2019-08-28,409.1317961205777,412.85456041648825,400.0617885632681,403.04,3665228.1664,0.0312680949623648,-0.47619047619017746
2019-08-29,401.55167450058417,405.68056656034577,397.6596860835958,403.21,2275015.2334000003,0.01997471554993928,0.20675105485271425
2019-08-30,405.4076927999968,430.1132287999966,404.8323583999968,423.04,6233062.5,0.06235912847483325,0.69745649263732
2019-09-02,425.03537236160554,430.2133651931467,416.270011947428,424.9,4357452.5505,0.03280515964647101,-0.00970873786383613
2019-09-03,422.87680938227635,424.73821190456727,417.63103863763826,421.32,3495206.138,0.016806722689077944,-0.2190476190471194
2019-09-04,419.65690721649145,421.2813855670069,409.5039175257699,410.35,2885644.5125,0.02806451612903453,-0.7902298850571213
2019-09-05,412.31605516673187,419.017079456563,406.122684232191,411.03,3050723.1965,0.03127308544693653,-0.09973753280812989
2019-09-06,411.3304786395653,411.8719701368693,403.41116549149405,407.98,2860005.352,0.020569359881522826,-0.39599999999955815
2019-09-09,409.30260256732606,411.80701736722534,402.0601057135632,403.38,3637318.8462,0.023813461220442304,-0.6076388888884812
2019-09-10,404.2281391216011,404.43120081238555,398.37319370398245,399.93,3071855.1474,0.01498660415271511,-0.7094972067032398
2019-09-11,399.9272446827175,400.7733292318474,383.5132044295976,385.07,3303176.7627999997,0.04315816197004562,-0.8607843137252426
2019-09-12,382.0922056528492,392.14370123113935,381.75377145829395,390.35,2593409.5194,0.027192205491587965,0.7947882736158804
2019-09-16,389.196902462365,392.5473801444323,384.89881493082413,388.96,2389116.5694000004,0.01965217391304583,-0.030973451326990736
2019-09-17,389.09779348014234,395.59573001560267,385.81498179295664,390.35,2040045.1082,0.025136992258852686,0.1280276816612285
2019-09-18,393.36041135474767,402.2950365459766,390.3483596804319,398.2,3213778.1826,0.030370816484558978,0.40509915014188813
2019-09-19,399.3494867911795,403.54604072017156,392.5808514218375,402.26,2951846.4990000003,0.02745762711864643,0.26543209876571905
2019-09-20,405.1012054286403,407.4025322431054,399.6863188063694,401.48,2187505.1699,0.019047619047621416,-0.46929824561353867
2019-09-23,401.5849325132376,401.6526191696532,391.9057406458193,396.17,1875542.3436,0.024271026462163246,-0.5555555555551467
2019-09-24,399.35302686953383,419.65911298154407,396.273270475879,418.17,5486239.4552,0.058559322033900706,0.8046309696093723
2019-09-25,417.8289534693843,419.62264653060885,409.16507755101713,414.58,2261669.725,0.025028349262921405,-0.31067961165013214
2019-09-26,414.5852941176436,419.25572436974437,401.28472100839997,402.74,2435887.16,0.04334693877551253,-0.6591337099809446
2019-09-27,405.74613461866227,405.74613461866227,392.58112950008194,396.71,1910087.0058,0.03244640920844343,-0.6863753213364517
2019-09-30,393.0581565217357,398.2362086956487,385.30799999999664,389.2,2180661.0500000003,0.03289133804029869,-0.29842931937144446
2019-10-08,390.1415704628152,397.31627665106265,386.48653146125514,390.48,1754785.575,0.027758501040946307,0.03125000000030532
2019-10-09,389.16501275846554,389.16501275846554,379.0458424988968,384.63,1803081.1165,0.02600226106618217,-0.44816053511667636
2019-10-10,386.0815694517395,392.24100543001936,373.62732527587696,386.42,2780233.9026,0.04821178120617352,0.018181818181999772
2019-10-11,389.8789261273874,395.53081680996326,382.43332163537127,385.75,2038362.4697999998,0.03359375000000264,-0.3152454780358946
2019-10-14,386.96587415055706,389.9102532874381,381.24633306856964,383.48,2048708.2536000002,0.02238936505160282,-0.40234374999957134
2019-10-15,383.44016868739783,389.9041644702127,377.8222456510247,385.2,2716515.7613999997,0.03150926743159995,0.14565826330558654
2019-10-16,381.7201475113088,381.7201475113088,368.2166153846121,373.97,4558842.145,0.035375476549342005,-0.5739348370924411
2019-10-17,373.9308221708973,375.0476397228603,365.50392609699435,366.35,2614211.52,0.025522671735001244,-0.7943262411343152
2019-10-18,365.7479409545334,365.7479409545334,358.7423127711719,358.81,2091025.0385999999,0.01915425187378808,-0.9903381642505872
2019-10-21,357.72515553904395,365.7122072615808,352.9193871297209,364.46,2408657.0002,0.03576158940397622,0.5264550264552472
2019-10-22,364.1158618427185,365.50342112662514,358.76868216327347,361.07,1740515.0544,0.01849614276420003,-0.4522613065321003
2019-10-23,359.95480956937456,365.065111961719,352.44164976076223,353.66,2542910.315,0.035069575028208705,-0.498659517425966
2019-10-24,355.45259691455345,355.68949762657877,339.37719145569287,342.22,3234063.3216000004,0.04589165000476319,-0.8112033195018168
2019-10-25,344.8588798332038,358.90367228961,343.16673616375726,357.11,4126794.3424,0.04563297350343731,0.7784946236560784
2019-10-28,358.7431616340998,389.20248667850456,358.7431616340998,381.08,6734917.901999999,0.08490566037736116,0.7333333333334197
2019-10-29,381.74957865168204,389.1950491573,377.688412921345,385.54,4184410.3296,0.03014184397163386,0.32941176470614825
2019-10-30,382.8019095792266,385.44168934646024,376.2024601611425,378.03,2552348.351,0.024135797011761072,-0.5164835164830921
2019-10-31,381.1093686594168,384.62907155796756,372.5131711956488,373.63,3034134.24,0.0317911375543939,-0.6173184357538564
2019-11-01,377.01752009391873,378.1343583491341,367.74437821728196,374.75,2552583.3936,0.027558348294437037,-0.2182410423449288
2019-11-04,377.01312308365857,388.2490617608376,375.6932387209779,386.32,3497594.811,0.03330341113106179,0.7412398921834967
2019-11-05,385.7781589661853,386.2858063374015,377.0127810231867,382.36,2714431.4946000003,0.02403719624528716,-0.3686131386857255
2019-11-06,379.5538076957381,381.3136648513492,374.44345326309815,379.08,1991267.8559,0.01810075791351141,-0.06896551724088397
2019-11-07,382.3572649113346,382.3572649113346,375.01335214042297,377.89,1562054.1708,0.019206939281291285,-0.6082949308750384
2019-11-08,377.8918343625102,381.1407700690122,371.1909044678499,372.68,2723590.2516,0.026329930145085886,-0.5238095238091333
2019-11-11,369.6379384902109,371.87160484622206,359.95871761416254,363.14,2372662.6659999997,0.03222852957334079,-0.5454545454542168
2019-11-12,365.68124473560727,366.8996181562905,357.1187870846949,361.62,1463672.9714999998,0.0267468764460925,-0.4152249134944216
2019-11-13,363.50768600428006,365.47058012850016,358.3973926808795,363.44,2274727.4627,0.019458151010150526,-0.009569377989950157
2019-11-14,366.2492828146111,377.28211096075444,362.4250202976964,375.15,2927769.0915,0.040565514692296065,0.5990888382689754
2019-11-15,378.13494909090565,378.3718545454511,369.8432581818148,372.28,1966726.3000000003,0.022554372147142964,-0.6865079365074634
2019-11-18,373.9679504443813,379.3151844869344,370.7189981147288,376.98,1700664.6474,0.02298642533936899,0.35039370078775117
2019-11-19,378.9809460418852,383.3806176783779,375.2581469648529,381.35,2165095.494,0.021432398642617426,0.2916666666670448
2019-11-20,381.44592278801315,395.4569787754355,379.88913878941065,387.47,3520298.4485,0.040812705172569325,0.3869565217393203
2019-11-21,385.072178672313,390.8594297316349,379.92795550847126,383.38,2147266.5792,0.028388117419583952,-0.15479876160958514
2019-11-22,387.33626638138196,390.8898101096515,375.2203744316629,379.62,3005745.4578,0.0404543468763676,-0.49244060475137447
2019-11-25,379.7506570126005,382.35655671761526,370.5792437650812,378.6,1797405.2217,0.031013278673917538,-0.09770114942499031
2019-11-26,379.9918333480415,384.7975726012853,376.37060729101967,383.41,3313468.5343,0.022176701104384546,0.40562248996019334
2019-11-27,382.3658340048314,383.1103948428653,374.2771958098275,378.0,1793630.8269,0.02310143388210552,-0.4942528735627834
2019-11-28,380.4676868327368,383.71665480426697,378.16633451956955,380.4,1344563.644,0.014588151574455433,-0.012195121950601953
2019-11-29,377.0152551775114,377.0152551775114,360.4658422707068,366.05,2747232.6336,0.043895870736088756,-0.6625766871163234
2019-12-02,366.92752512903775,376.3359232092695,363.9493271755831,373.73,2458616.8329,0.03375760929718023,0.5491803278690794
2019-12-03,372.5855417032452,386.46146795434254,369.81035645302575,385.48,3507875.115,0.044690707602872914,0.7743902439025961
2019-12-04,387.4704740088071,392.1746748898644,380.90489867841075,384.12,2468200.51,0.02908550965150042,-0.2972972972969668
2019-12-05,385.4759026548639,385.88202300884615,379.51947079645686,382.43,1597738.6400000001,0.016505706760318525,-0.4787234042547201
2019-12-06,383.4469953397074,414.0076870247697,382.77012509197624,413.94,5611547.3301,0.08146513680494506,0.9761646803901093
2019-12-09,413.9346277073935,418.3003841438462,409.5011851246391,414.07,3326750.334,0.021257460551061085,0.015384615384992395
2019-12-10,414.4739276401531,425.64208279008784,412.88331160364726,415.32,3550849.2032000003,0.030783048909939485,0.06631299734773939
2019-12-11,416.27280177005315,419.55560354010964,411.8054838973989,412.99,2028664.5493,0.018617886178864104,-0.4235807860257115
2019-12-12,415.73201243592626,416.1719763045087,400.70555415510967,402.77,2659409.361,0.0372028655161207,-0.8380743982491845
2019-12-13,407.81003896211223,414.03717980601505,404.4595664428385,408.25,2573807.5194,0.023485477178425605,0.04593639576006059
2019-12-16,408.48408231835026,410.3792860142763,398.66963460730454,402.9,2228444.568,0.028666114333059566,-0.47687861271643983
2019-12-17,400.1678472280609,405.4136199209187,396.91885252796845,402.3,3147340.0092,0.021228010825442258,0.25099601593662463
2019-12-18,401.31827548162266,407.3086056182601,396.64784859543073,398.78,2888821.6138,0.026564344746165296,-0.23809523809490116
2019-12-19,399.3527801539743,400.30039692044136,394.61469632163903,395.63,1797275.543,0.014237288135595641,-0.6547619047611938
2019-12-20,396.4070496683076,399.3514203095731,393.83495577478834,397.93,1790651.6875999998,0.013916161529926413,0.27607361963246335
2019-12-23,389.9758624229947,400.8395482546167,389.23131074606107,395.56,2011754.9231999998,0.029766553848826476,0.4810495626824616
2019-12-24,395.8352775919699,405.7853093645451,395.56452842809034,404.77,1927807.284,0.02582079343365505,0.8741721854307103
2019-12-25,406.04864617728896,406.1163322326611,391.5638303276574,399.72,2700415.0716000004,0.0358393065510942,-0.4348837209299713
2019-12-26,398.6695242814635,412.78201932606197,396.6727923686786,409.77,2366938.434,0.04040747028862711,0.6890756302522681
2019-12-27,411.7348279525917,420.09406702083845,409.8057727829963,414.07,2574226.871,0.024987670557293094,0.22697368421083103
2019-12-30,414.88777026524696,455.49999999999665,411.67263541124595,455.5,5763176.1016,0.1056366750958501,0.9266409266409822
2019-12-31,453.23131253678304,460.643025309002,445.0412007062946,460.0,5561615.336,0.03442353643966765,0.4338394793928116
2020-01-02,444.3624562682184,483.5529912536408,444.3624562682184,464.33,6889366.288,0.08819497334349012,0.5094991364422133
2020-01-03,460.94288720222096,466.5269970692082,442.29534455549384,450.35,5213340.6101,0.05256975036710919,-0.4371508379886699
2020-01-06,446.6970626110092,460.0989897868527,441.34982904084933,457.29,6007352.7768,0.0419728767330879,0.564981949458633
2020-01-07,455.19638901195947,460.2390850686719,452.4889011962749,458.31,2498798.2781999996,0.017026022304834968,0.4017467248912065
2020-01-08,460.60826577880385,480.16973364215056,457.9007961783407,467.58,3725698.548,0.04834680382072194,0.3130699088147276
2020-01-09,467.6136401702329,504.1983072487609,467.6136401702329,493.03,5622773.0832,0.07823695447637163,0.6947271045329141
2020-01-10,497.1560596241057,529.6116526247536,487.34154244977003,522.2,4550151.157000001,0.08502382573179218,0.5924739791834128
2020-01-13,515.7762711864373,535.0671159749063,499.6328800213499,507.18,7116127.5762,0.06870078740157662,-0.24259789875825555
2020-01-14,507.13800205619935,507.2056881425599,490.25032350924954,493.77,5684840.305,0.0334334334334353,-0.7884231536923678
2020-01-15,493.7688443235861,503.9894194425526,493.7688443235861,497.83,4035857.665,0.020699108978754325,0.3973509933777716
2020-01-16,498.71752990710087,512.4918265053765,497.8375994118793,506.4,3857272.8662,0.02938382193268379,0.5242494226329878
2020-01-17,512.3857026476544,512.3857026476544,492.58744399185,498.51,3385745.001,0.03863936591809968,-0.7008547008544957
2020-01-20,492.42040427414076,500.1028394473525,490.7282379364289,497.26,3100835.6980999997,0.019037800687287373,0.5162454873649253
2020-01-21,497.56530125408614,505.9584582878919,487.3446019629193,496.55,4507691.7648,0.0374098762073207,-0.05454545454527483
2020-01-22,497.6970199484293,500.81058759668537,492.45133532364974,498.78,2605535.4414,0.016795865633076886,0.1295546558708285
2020-01-23,493.06705027932617,500.81722905027584,478.31125139664476,484.64,3652148.456,0.045644862379025784,-0.3744360902253984
2020-02-03,436.16999999999666,436.16999999999666,436.16999999999666,436.17,1391259.5999999999,2.2926840452117414e-15,3.353761712787673
2020-02-04,401.0431889763748,433.194330708658,392.9546385826741,429.81,12561785.9,0.10033755274261828,0.7148864592094865
2020-02-05,416.27447538498035,424.5661214393966,406.29065666639747,424.16,11839989.018299999,0.04390243902439258,0.4314814814816425
2020-02-06,414.5475882776811,423.07612058611244,406.797453759305,422.67,9459691.8891,0.039268511715244384,0.4989604989606744
2020-02-07,417.2920510304185,418.0704546941412,410.08335623159627,413.84,5088563.5884,0.019140308191405418,-0.4322033898300279
2020-02-10,410.1151841038086,417.96686942416534,406.7308369829651,417.29,6357929.976,0.027397260273974943,0.6385542168677102
2020-02-11,415.933512861733,434.3780827974241,414.6474694533728,421.01,8459223.636,0.0474369406021178,0.25728987993154745
2020-02-12,421.2837742532774,423.0436357781143,412.8905885194396,420.37,4409196.6432,0.02410025706941106,-0.0899999999996616
2020-02-13,417.1174946973372,427.77810409528126,414.5792543644933,414.85,5679356.947199999,0.03164300202839993,-0.17179487179460562
2020-02-14,413.02440890354154,416.1718417147533,409.2001088211013,410.52,3206073.022,0.01687971156997937,-0.35922330097034316
2020-02-17,411.8758167815127,417.59537413862654,409.5406128901467,417.46,4071825.4389999993,0.01955628594905738,0.6932773109247
2020-02-18,417.4545081300779,417.4545081300779,410.88894878048444,416.27,3589649.2199999997,0.015727604377789178,-0.18041237113347863
2020-02-19,416.5749823008817,428.7585060337858,412.24306275140464,420.67,6037211.223999999,0.03964578763506599,0.24795081967231758
2020-02-20,421.3463971086483,450.4514494390449,421.3463971086483,449.47,10254946.7277,0.0690763052208857,0.9662790697675252
2020-02-21,439.8271681150702,453.466006892415,439.62410848066804,451.74,6520259.070799999,0.03147122191443739,0.8606356968216933
2020-02-24,453.30121847767066,453.30121847767066,436.5824785995186,438.85,5532600.065899999,0.0368821860534588,-0.8643724696353777
2020-02-25,427.4418191815221,439.1854701123209,423.9221082397265,430.86,4552077.2635,0.03570863024544969,0.22394678492260042
2020-02-26,424.39185191044686,440.63651609840645,421.65056482872865,427.81,4767098.074,0.0447368421052652,0.18003565062405064
2020-02-27,429.43355323623007,440.7032650517919,428.1136770776507,434.51,3935435.9579999996,0.029316731026875906,0.40322580645184436
2020-02-28,420.3301717089091,426.35422730989023,407.06371218315286,413.9,5041044.564,0.04589371980676555,-0.3333333333331442
2020-03-02,413.9344466800772,424.9672837022099,410.17786720321607,420.5,3847990.1950000003,0.03572888561851263,0.4439359267736513
2020-03-03,428.18679432048333,428.22063772819126,413.6341290060819,417.12,5723117.4475,0.0340657603540964,-0.7587006960554008
2020-03-04,413.73534710544953,423.9222051405203,410.8586596204628,422.67,4356732.6984,0.03157464212679163,0.6839378238344026
2020-03-05,419.96531346428526,457.903996387443,419.96531346428526,449.68,9858414.5478,0.09033765815134402,0.7832292595897196
2020-03-06,443.006468315298,463.6507727975235,437.2531375579564,437.93,8649859.459999999,0.05958747135217946,-0.19230769230755665
2020-03-09,429.80832526621145,429.80832526621145,412.8867376573055,419.52,5225313.1512,0.039370078740159686,-0.6079999999997664
2020-03-10,412.8842187499968,438.7064039062466,412.8842187499968,433.19,4987898.88,0.06254098360655953,0.7863695937091433
2020-03-11,433.1983458416263,450.1201562260648,431.50616480318246,441.93,6086948.831800001,0.04296875000000214,0.4690909090910692
2020-03-12,438.26636135900713,438.4355761703427,424.7291764521652,432.31,3486050.148,0.031274131274133664,-0.43456790123429206
2020-03-13,411.3950864886376,429.73797369469565,411.25971462733827,424.56,4026947.509,0.04491609081935083,0.7124542124543564
2020-03-16,416.07128360655395,427.64574098360305,406.1213114754065,412.89,3707298.1799999997,0.051732552464619136,-0.14779874213820052
2020-03-17,409.6073473053857,419.6588537211256,391.12882035927805,395.63,3610120.9970000004,0.06965215235892164,-0.4899169632264349
2020-03-18,399.4512524584266,409.5026819238297,377.2839585195747,378.57,3895099.4319999996,0.08065745996780703,-0.6481092436973546
2020-03-19,378.02892389447356,378.02892389447356,343.5088252040203,356.64,5661927.2446,0.09131602506714653,-0.6196078431371399
2020-03-20,359.9621877951978,364.49725108633703,347.5753731343251,358.27,4720188.3642,0.04701015419330838,-0.09999999999979423
2020-03-23,345.20080402009705,348.14516381909203,335.081682412057,336.74,2978249.92,0.03784313725490478,-0.647668393782075
2020-03-24,341.8156862745065,345.8091764705849,336.3669411764673,345.2,3492361.6799999997,0.027623762376240455,0.35842293906841427
2020-03-25,355.3527522935747,372.2743119266021,355.3527522935747,368.89,4328032.48,0.04761904761905026,0.8000000000001524
2020-03-26,365.5064516129,384.45863799282813,362.12213261648424,377.69,3904644.0599999996,0.06111111111111369,0.545454545454671
2020-03-27,383.10846948688175,394.0399213989191,382.803877947537,383.21,3658240.5015000002,0.02932862190812989,0.009036144578609346
2020-03-30,373.42536818785675,387.50412051395324,372.2747009304354,381.92,2573947.1245,0.04078303425775138,0.5577777777779596
2020-03-31,384.7624713297698,391.0572923049952,382.4611389302251,386.59,1970747.3635000002,0.022341454833321145,0.2125984251972256
2020-04-01,387.5088820150209,388.8626248342874,379.7248608042388,382.94,2128306.2399999998,0.023580786026203508,-0.4999999999995751
2020-04-02,382.8324354796056,385.6414075574705,379.5496608825828,384.22,1598866.8313,0.01591230551626849,0.22777777777829425
2020-04-03,384.66279882864154,389.1977992723366,379.07865649125586,381.38,1650277.436,0.026306528242128212,-0.32441471571869696
2020-04-07,388.1855096370864,400.9783712450043,386.8994547664491,389.81,4237353.5646,0.03626852659110987,0.11538461538484758
2020-04-08,389.8095881006831,391.23101566625246,383.92081675760966,384.53,2212867.6648000004,0.018753255773574375,-0.7222222222216624
2020-04-09,386.15274896265225,393.1244813277974,384.76517116182237,391.5,2015671.9440000001,0.021647677475900906,0.6396761133606522
2020-04-10,391.4679272477661,404.7007412491387,389.2342553191457,394.48,3098269.7040000004,0.03950894786893989,0.19474835886234673
2020-04-13,394.1757474970271,400.8090819616461,390.9944544374649,398.88,2499172.9774,0.024899115652101757,0.4793103448278751
2020-04-14,400.5316115702446,414.5764462809883,400.5316115702446,409.5,2965857.62,0.035065483734687736,0.6385542168676662
2020-04-15,410.61863443061577,432.1428618680073,410.61863443061577,429.74,5722048.948,0.052419022500620374,0.888364779874331
2020-04-16,426.3617954169586,431.50602409638213,423.0789652728528,429.78,2720971.5534,0.019765042070172077,0.4056224899601907
2020-04-17,432.8267769049455,439.62935585231395,428.1225058915913,430.83,4176411.2989999996,0.02658534678239348,-0.17352941176439549
2020-04-20,432.2777260638264,436.575797872337,427.7089095744647,432.65,2411461.2608,0.020512017536994345,0.04198473282480499
2020-04-21,431.46734441804887,432.51648456056665,419.65605700712257,427.44,2631543.858,0.02980625931445829,-0.31315789473655675
2020-04-22,430.8226316609502,438.47117170457744,423.3094640074757,434.41,3074141.1332,0.03519245875883955,0.23660714285735293
2020-04-23,434.8854642313513,450.7240943683375,434.8854642313513,444.7,4158519.606,0.03642023346303724,0.6196581196582951
2020-04-24,446.66199176833425,474.1426356019369,443.34536234014087,460.47,5175247.550600001,0.06894984088498461,0.44835164835174385
2020-04-27,455.1878518518485,463.6485925925892,439.9585185185153,456.88,4888678.05,0.052044609665429564,0.07142857142870998
2020-04-28,460.40454296028554,481.2858722021627,454.17737184115197,468.73,5170091.43,0.058879741252575,0.307116104869025
2020-04-29,470.4258366105181,472.0503287081659,453.74094902426015,456.11,1969610.9897000003,0.03892086330935455,-0.7818853974119696
2020-04-30,453.49796130179817,468.9981155015164,451.1289421009679,456.51,2231251.9102999996,0.03940298507462907,0.16856060606078152
2020-05-06,456.3467372502203,461.49096033402583,452.0824470623289,453.91,3238704.2772000004,0.020617027588254858,-0.2589928057550101
2020-05-07,455.6990036630003,468.69480146519805,450.1148717948685,461.96,3817844.9400000004,0.04077237281842022,0.33697632058304083
2020-05-08,466.19299058756087,482.26861095264917,460.2703936109494,474.62,4504089.4824,0.04718693284936683,0.3830769230770589
2020-05-11,474.62222648752083,502.7462332053709,473.8438243761964,493.71,4179838.3704,0.06089560752995076,0.6604215456675361
2020-05-12,493.4397156398072,502.64517535544695,480.6129905213238,499.87,3472288.162,0.04465020576131893,0.2918586789555868
2020-05-13,499.49579236804703,507.8212862987022,494.8253933337771,504.64,3104331.5277000004,0.02601802290128252,0.395833333333566
2020-05-14,507.31178538267346,514.4188884467402,500.0693089269101,510.29,3107725.0722000003,0.02828552368245687,0.20754716981153806
2020-05-15,510.3868763074397,513.6696511235541,497.9326378298097,501.52,2316929.9034,0.030833499104835738,-0.5634408602148053
2020-05-18,501.52049704530197,521.5217531188409,496.13944845698944,515.43,3436850.5360000003,0.05061070247655237,0.5480000000001111
2020-05-19,517.8344240077411,527.5474152952531,513.0625363020296,524.4,3197303.3789999997,0.027972027972029915,0.4532710280375849
2020-05-20,524.43914904623,536.555128354345,511.44323827998375,523.39,2999589.8535,0.04788332472896407,-0.04177897574110249
2020-05-21,526.597726542929,536.3106794682388,522.3673463489787,526.97,2761188.3019,0.02647814910025908,0.026699029126457986
2020-05-22,524.5747262115515,530.2942829037935,507.8898655649518,516.08,3480587.2998,0.04270967741935659,-0.3791540785496825
2020-05-25,520.0712418086467,523.4894233289613,508.02299803407277,516.45,4238115.546,0.029739051213641475,-0.23413566739582922
2020-05-26,516.4875886990769,519.7704204993397,506.3006570302201,515.1,2547205.502,0.026079549177644414,-0.10301507537663492
2020-05-27,514.8595634813177,515.9087087168347,499.1223849485619,500.07,3364873.4655999998,0.03260369420890219,-0.881048387096524
2020-05-28,505.24186029212535,512.0442994319685,494.1075196104917,500.47,3842110.2076,0.03550137316632262,-0.2660377358488515
2020-05-29,500.8835470085437,506.8399999999966,497.29613782050956,506.84,3125636.4672,0.019054054054055906,0.6241134751775911
2020-06-01,506.8358708143417,524.2312793078362,506.632811571227,512.42,5403571.5594,0.03472222222222428,0.3173076923078681
2020-06-02,513.6385900925387,515.7707131192126,493.09575394664876,497.36,6269437.046399999,0.04414574685379382,-0.7179104477610131
2020-06-03,500.54481410344016,502.23698724104474,486.2290293593052,493.37,4366826.7798,0.031981068289386794,-0.44820295983062813
2020-06-04,493.3719299436529,503.42347770008485,493.3719299436529,498.55,3085407.95,0.020373165043217786,0.5151515151518002
2020-06-05,498.54481621621284,505.9564864864831,491.0654594594561,500.88,3510494.8800000004,0.02986898377571308,0.1568181818183987
2020-06-08,502.6428847845173,513.2358839050097,494.9942656112543,500.24,3864009.1113,0.036291408564505016,-0.13172541743951277
2020-06-09,503.24914077767704,506.971898375898,494.68679830176904,502.2,2985633.5102,0.02441156691325015,-0.08539944903553064
2020-06-10,504.0965743686919,509.9853158215387,497.0910026403053,499.9,3392687.4747,0.025579053373617166,-0.3254593175850091
2020-06-11,499.8016374913818,504.60742246726045,482.5075802894522,491.07,4278962.725,0.044217226435538146,-0.3950995405817602
2020-06-12,480.5063570052265,494.0098107624519,475.49755711532845,491.81,2953274.4192,0.03852655303564075,0.6106032906765693
2020-06-15,488.25693822802344,494.3825711260114,470.4215319449314,479.39,3715660.812,0.04907465169474099,-0.3700564971749877
2020-06-16,480.5737079431115,491.9450294831739,480.5737079431115,487.85,3051935.151,0.023661971830988057,0.6398809523811894
2020-06-17,489.0371863171142,491.98156245618617,478.8841651479008,482.81,2001772.3082,0.02678200692041732,-0.4754521963821341
2020-06-18,483.0786959247616,486.19227586206557,476.8515360501534,485.82,2226047.0760000004,0.019335855401431193,0.29347826086989004
2020-06-19,485.8180057096215,503.9240755845534,483.95663404023594,497.9,5107236.9624,0.04110066179031901,0.6050847457628484
2020-06-22,507.64689636124757,514.4155216460642,485.64886418559354,490.15,6076486.0317,0.05666666666666852,-0.6082352941175075
2020-06-23,490.01346821191726,512.7221523178774,484.12477814569223,511.03,6212410.29,0.058360384004422027,0.7349112426036442
2020-06-24,507.6461168935115,522.469383506802,504.26180944755475,507.24,3288403.1712,0.03586666666666859,-0.02230483271356982
2020-06-29,502.1673799999966,511.03433333332987,495.8386766666633,507.65,2570382.0,0.030260142876400425,0.36080178173739225
2020-06-30,508.5953727369508,521.252723642169,505.10952476038,508.46,2888457.1488,0.03174075059888399,-0.008385744234591949
2020-07-01,505.61647058823235,556.2119607843105,503.3828235294088,552.32,8678478.239999998,0.10448460508701647,0.884048686739315
2020-07-02,544.2042732049006,598.6923876240479,543.4258715703412,579.74,10657561.401,0.101554726368161,0.6429883649724908
2020-07-03,575.3399243256403,575.6783595752436,546.9113633589616,554.56,7189401.7422,0.05000000000000162,-0.7223529411763276
2020-07-06,554.68750754011,565.5511249849163,535.735402340448,561.05,7541237.7054,0.05375228798047751,0.2133938706016961
2020-07-07,565.1172274562551,589.4844812452421,550.361501550702,578.35,6876208.590699999,0.0692298478859761,0.3382352941177243
2020-07-08,573.267023157147,583.1153438218103,565.1785398621143,574.35,4984433.613,0.0312887419564337,0.060377358490753444
2020-07-09,576.8821044992709,593.1351901306207,570.5993991291695,588.15,5056608.8950000005,0.03906481207457991,0.5000000000001317
2020-07-10,585.7605787318768,629.3639747703849,580.7412371362145,617.14,4930630.5776,0.0830078694258249,0.6453651685393837
2020-07-13,617.1396891504421,678.8399999999966,612.9739791760948,678.84,5987833.1397,0.1067278964258064,0.936754795230727
2020-07-14,680.9862908366499,701.6439676294785,666.9185836653353,685.63,6124460.24,0.05099277978339489,0.13372664700107997
2020-07-15,679.382971936386,735.1417492984064,679.382971936386,730.02,7383230.23,0.08207267427250486,0.9081445192896945
2020-07-16,717.0470845026467,718.6177590687003,657.0199999999966,657.02,8877466.029599998,0.08590476190476336,-0.9745011086473772
2020-07-17,643.9034938144297,670.6389077319552,633.9331989690688,662.41,6676005.600000001,0.05700498462191256,0.5041860465117063
2020-07-20,662.3787053880079,663.7786500718013,604.3663634913005,641.96,5772903.453,0.08969534512088398,-0.34367816091947867
2020-07-21,638.5094560243995,680.7808307066565,638.5094560243995,671.63,6868602.705999999,0.0662032085561512,0.7835218093700119
2020-07-22,668.0850354027672,681.1967932272926,660.095057978447,665.49,5540159.1850000005,0.03158540325053825,-0.1229773462781462
2020-07-23,658.9301104231132,675.4904329205332,649.4378018575817,661.73,5670347.688,0.03953777593533173,0.10747051114036338
2020-07-24,661.7321048275826,664.7368739310308,595.5588943448242,618.88,6607289.3125,0.10454076367389202,-0.619447186574473
2020-07-27,620.9964241417463,631.2058006644484,609.6944053156112,616.66,5134454.387999999,0.03464012756364599,-0.20158730158713403
2020-07-28,631.6850451585768,652.8550304557832,611.2321077504694,650.26,6436919.61,0.06589189189189344,0.4462674323216453
2020-07-29,650.1887718942967,680.6802419763052,636.8039384428439,674.5,7883039.1416,0.06748240731015781,0.5540856031129047
2020-07-30,674.498408258405,741.6614319014284,669.6156871699696,717.76,8057012.964000001,0.10681380986129534,0.6004739336493283
2020-07-31,716.0235556599309,743.3396665100952,713.2236542977892,726.95,5548465.6729999995,0.0420600858369111,0.3628117913833218
2020-08-03,736.6165821525011,739.1433344391227,713.636794464714,720.5,4204684.4347,0.03462661660408982,-0.6318607764389291
2020-08-04,720.7308098323138,734.1156154725576,710.9653649009114,716.77,4308467.3536,0.03212052302444701,-0.17109144542757956
2020-08-05,713.4618625118901,722.7151845861051,703.3890580399586,717.73,3198262.366,0.02708782005264562,0.22084805653726472
2020-08-06,717.7278092313562,718.0009691968107,694.167762210917,711.65,3131120.7545999996,0.03320647002854559,-0.2550143266474076
2020-08-07,711.5800858700337,722.8479087269009,689.7273385112611,707.79,3299633.9283999996,0.046545105566220144,-0.1144329896906162
2020-08-10,700.6197681159387,712.2631884057937,680.4401159420257,706.8,3511976.4899999998,0.04542131682830684,0.1942060085837904
2020-08-11,709.66817391304,734.115942028982,705.7073623188372,706.8,3148443.0900000003,0.04003079291763024,-0.10096153846141648
2020-08-12,703.3844487122633,703.3844487122633,679.4488905303557,693.38,2821775.4306,0.034029126213593594,-0.4179743223964186
2020-08-13,703.3840840548658,718.339532055644,687.2677108668125,701.95,2865579.62,0.044174757281554754,-0.04615384615373406
2020-08-14,703.4242555423742,754.4029659702547,703.4242555423742,748.53,6251812.4168,0.07247221008689042,0.8847957133289174
2020-08-17,748.5291601817249,781.2401781296354,744.3634564347051,759.08,6410402.220199999,0.04926557795821674,0.2861111111111949
2020-08-18,758.0199213630374,795.5794670161608,756.3126692878953,781.58,4929146.334000001,0.051801801801803105,0.6000000000000704
2020-08-19,778.5060630557768,826.3090669276228,768.2625622260955,802.51,5622258.3935,0.0745614035087732,0.4135294117647561
2020-08-20,791.4184972137299,793.7062286536004,751.2636886571959,759.8,4957227.1284,0.05362844076279341,-0.744971842316876
2020-08-21,763.140875420872,777.720792817056,751.1901234567868,760.58,4597738.2,0.03476510067114222,-0.09652509652496358
2020-08-24,768.196603404252,802.4099999999966,760.7529702127628,802.41,6595477.100000001,0.054227042403770374,0.821311475409901
2020-08-25,797.2919188614395,852.8462637003073,797.2919188614395,834.92,6141344.7584,0.06967880085653226,0.6773202212661831
2020-08-26,833.1710239070734,883.6714109550863,830.0638330880273,858.37,7429142.641399999,0.06434162534322488,0.4700636942675691
2020-08-27,859.0923370305474,884.3597587079164,841.2685611986735,877.36,6027389.208,0.05015898251192479,0.42393026941369866
2020-08-28,870.6969382843993,947.7962985450334,862.1606937914149,922.29,7125118.243800001,0.09835294117647156,0.6024720893142294
2020-08-31,904.9105643288398,921.8464801052758,877.7311511069789,882.17,9455937.246,0.048751037657536404,-0.5154798761608973
2020-09-01,877.7013045046455,880.6036429945459,817.0936478037801,851.99,10790864.1848,0.07235946313946788,-0.4048387096773611
2020-09-02,850.2136663485837,858.8182383935574,802.4104883209525,823.0,8741813.427099999,0.06634538152610563,-0.4824455205810429
2020-09-03,822.8954048318609,850.2114348677733,819.5491911524616,836.69,7317874.56,0.03726141078838291,0.44988864142548585
2020-09-04,819.1426934455569,823.2401141714204,795.3435080628327,819.45,6525277.7021,0.03405585660692063,0.011015911872825211
2020-09-07,816.8224859435991,829.7293875273581,793.2281235246113,795.55,5629776.9783,0.04468689908870618,-0.5827876520111125
2020-09-08,795.9245418326658,802.3438388667516,748.3944276228387,771.34,7870538.978999999,0.06778206778206883,-0.45569620253157406
2020-09-09,764.8454976303283,771.3330264048712,743.5732322274848,756.48,4688026.8015,0.03629464285714406,-0.3013530135300006
2020-09-10,775.1248010783042,807.835675464147,768.9787077698996,785.3,5772774.298900001,0.05012995022245835,0.2618629173990292
2020-09-11,777.1434076567069,811.8690159865344,773.4215872949063,811.63,5108180.130999999,0.049472759226714874,0.8969804618117846
2020-09-14,812.6858997885801,818.2515399577131,789.603858350948,807.53,4215174.975000001,0.035250619721861484,-0.17997616209761103
2020-09-15,798.9948704796068,807.189689664013,789.1269423783843,798.79,3434601.8069999996,0.022606837606838792,-0.011342155009266799
2020-09-16,797.3937696358016,802.2423935936778,771.5799688459816,778.17,3773294.7199999997,0.03845330364407254,-0.6269487750555484
2020-09-17,777.6893927125471,777.8259732170629,747.8465524758609,767.48,4192005.4540000004,0.03854935019318711,-0.3405466970385979
2020-09-18,774.415728344708,774.415728344708,753.211488163841,770.25,3063471.1436,0.027380952380953668,-0.19645732689193937
2020-09-21,775.2274478199811,775.2274478199811,749.5162837868395,754.16,4142047.9971000003,0.033165961945033004,-0.8193891102255985
2020-09-22,744.4007262800479,758.3661359882512,742.6593182235239,744.23,3563055.3284000005,0.02109994954360018,-0.010869565217169773
2020-09-23,730.4336474506064,761.096017280947,711.0391863552463,758.74,5826308.424300001,0.06853029169783219,0.5654843110505376
2020-09-24,751.1889908256846,761.0227376146754,741.6284036697214,744.36,2853245.04,0.025818181818183114,-0.3521126760561438
2020-09-25,744.4998987201882,754.538559985265,734.8026885185493,741.7,2052822.4046,0.026508897450010508,-0.1418685121105491
2020-09-28,744.3635274051503,754.6070621859552,734.1199926243455,740.71,3187441.4313000003,0.027522935779817896,-0.17833333333315582
2020-09-29,744.0257169811285,744.0257169811285,722.1727358490532,723.88,3385970.7199999997,0.02937127122533399,-0.9218749999998017
2020-09-30,726.6102038933449,747.7802380293351,723.1956822585076,740.2,4425585.378,0.033834586466166765,0.5527777777778902
2020-10-09,744.3587050033926,758.0166628933632,738.1443341634562,754.09,3526512.9235,0.026697247706423278,0.48969072164963273
2020-10-12,757.9835264417814,785.3336235038051,754.6373223068521,784.48,6352732.242500001,0.0404973196990868,0.8631813125696023
2020-10-13,788.4128141483055,788.4128141483055,767.4818026683181,770.35,5626063.6432,0.026548289302729604,-0.862969004893761
2020-10-14,773.4873402394691,784.6527646979649,758.6342526570663,761.4,4510907.0781,0.03363792875116006,-0.46456692913370623
2020-10-15,755.0870739725992,760.891758904106,746.3800465753391,747.78,3503943.06,0.019218594555486405,-0.5035294117644362
2020-10-16,744.2977275747473,750.8536117702861,717.0498338870399,719.44,5362390.852,0.04541701073493114,-0.7353535353534114
2020-10-19,720.8043877452367,727.974871943555,699.8051125930187,706.6,3773793.0197999994,0.03908100426338354,-0.5042424242422853
2020-10-20,706.6308093005601,721.0399999999966,696.8994838281919,721.04,5178853.4469,0.03416284126600769,0.596888260254713
2020-10-21,721.1475967510714,726.2693836598148,703.8018117534605,714.66,4106131.1200000006,0.031155303030304296,-0.28875379939192863
2020-10-22,706.7716136082832,728.6586904875002,700.3523149291995,718.62,4909981.2896,0.04005024397314013,0.41857659831132477
2020-10-23,718.6203591947052,723.8445782841659,698.2698064017733,707.25,3659827.6099,0.03558871044379118,-0.4445927903870328
2020-10-26,693.1449744797768,702.63730467216,670.8140969768323,695.74,2959815.7224,0.0459113300492625,0.08154506437778501
2020-10-27,695.7414619269956,720.8039979033607,689.7319165157692,716.57,4890010.818,0.04466038476639315,0.670329670329762
2020-10-28,715.0311746515649,787.4186485191605,710.216724738673,783.97,12241433.959999999,0.1079700109832399,0.8929677134011814
2020-10-29,775.0907811400389,795.0997325826849,765.5301900070339,776.32,12697062.4368,0.038149779735684265,0.04157043879918984
2020-10-30,781.9227878211191,782.5715447193113,713.6325880114144,717.73,9972871.736,0.08816593886462991,-0.931154036651746
2020-11-02,716.9127152879105,732.7560902114002,713.6347756485678,725.21,4009271.1626999998,0.02667174699942972,0.4339285714287246
2020-11-03,723.8785015824993,728.317379186543,710.5618687703685,722.82,3641648.0306,0.024528301886793783,-0.05961538461518777
2020-11-04,722.8175136055997,728.8611954001196,713.6324830817249,721.52,3388514.3325,0.0210685436251136,-0.08520179372174565
2020-11-05,723.9136012089932,779.843532758464,723.8453106942808,768.2,9360387.3916,0.07735484175274875,0.790853658536632
2020-11-06,770.1442764044909,777.3489069662886,741.633060674154,759.73,6891040.825,0.04637552649080147,-0.29158699808785055
2020-11-09,761.0297503331819,773.5610639715649,752.9031763660562,768.61,6342300.5479999995,0.02714465183058289,0.36694214876047365
2020-11-10,764.8467895740591,819.4787031150634,759.3835982199587,805.65,10606296.987,0.0785714285714298,0.6789772727273163
2020-11-11,804.1140888208236,843.7222562531867,795.6802807554841,802.68,11245000.0824,0.059745222929937405,-0.02985074626858655
2020-11-12,788.7470423477247,824.974774465947,778.4011395844623,816.78,6780397.8816,0.05904761904762029,0.6019061583578295
2020-11-13,802.4063936938875,802.4063936938875,754.6034596014857,779.7,7560161.562999999,0.05957446808510749,-0.47499999999991893
2020-11-16,778.5044617838479,792.8111885157529,759.7930387550081,792.06,8417223.985100001,0.042412280701755636,0.4105480868666905
2020-11-17,785.1972549887139,797.5577266492598,760.8177611610072,771.71,7094415.478300001,0.04679074621673468,-0.3671003717471085
2020-11-18,763.756886161733,774.4101474493966,734.1531120065906,745.66,6539437.1436,0.05270922746781249,-0.4495335029685221
2020-11-19,744.365643609708,758.638342647729,730.1270897846966,745.39,3636965.3200000003,0.03830275229357926,0.0359281437126947
2020-11-20,740.843440668673,757.9842162236196,738.2825678267985,747.57,4197106.0728,0.026593538277182603,0.3414211438476425
2020-11-23,747.5746132748184,763.8277198756593,736.8530261473729,746.96,5771982.6,0.036082945099114964,-0.022784810126456258
2020-11-24,737.8389033457215,743.472825278807,723.873605947952,734.8,6299299.967999999,0.026563006154844332,-0.1550522648081839
2020-11-25,737.9472874378957,739.1765166784918,713.6358646794383,721.66,5284965.2625,0.03461040162872593,-0.6377005347592042
2020-11-26,713.2215198310222,728.9965266369363,710.5582069936602,727.46,4937906.721000001,0.025852163921870387,0.7722222222223696
2020-11-27,727.4932703461144,733.4003545369469,719.4350514499498,730.02,3883217.33,0.019196470477800986,0.18092909535475848
2020-11-30,730.0176704545421,732.8516960227238,706.3894090909058,721.14,5155805.952,0.03624883068288239,-0.3354838709676057
2020-12-01,721.1414402237207,737.2920037287312,717.3172053134435,732.58,4064478.1100000003,0.02769886363636487,0.572649572649721
2020-12-02,732.5862790915005,735.147172632953,725.7913748948466,730.64,3153448.9376,0.012770915870427913,-0.20802919707990958
2020-12-03,731.045964518299,760.4107253536907,725.5827532000866,760.24,6853788.1935,0.04764128911723623,0.8382352941177209
2020-12-04,755.3244814159258,781.9235398230053,755.3244814159258,771.68,6887707.08,0.035215406175128944,0.6148908857510696
2020-12-07,768.9520947097079,787.5954270237178,765.9131632519299,781.62,6730004.3602,0.028197158081706374,0.5842519685040667
2020-12-08,775.0968079996474,788.0719968560292,766.0483210340127,781.96,7333690.2845,0.02841409691630087,0.311627906976883
2020-12-09,783.6001229870786,787.4243947973777,759.0496637763196,771.82,5570495.853999999,0.03621072813630346,-0.41516245487351544
2020-12-10,768.2348760942434,790.4634597796229,764.8886376899927,784.01,6142953.794600001,0.03329036846082179,0.6168224299066501
2020-12-11,784.0750261603342,816.9568033755239,784.0750261603342,809.24,7809481.800000001,0.04193702913382514,0.7653167185878289
2020-12-14,826.3446388888856,890.1617592592557,817.3303425925894,885.04,15164273.088,0.08813685384901553,0.8059071729958184
2020-12-15,887.7734299329709,903.9923675952078,863.8718375886216,881.32,10833697.4898,0.04519230769230884,-0.16085106382969688
2020-12-16,884.0853160919507,928.3715301724102,877.5294540229852,903.07,11569220.0496,0.05750811061331781,0.373404969778435
2020-12-17,904.8429546397159,921.9154632178238,884.0144941744243,905.56,8901906.254999999,0.04188679245283137,0.01891891891901079
2020-12-18,908.2907979873241,922.153662691014,898.0131569138989,916.11,7954767.674,0.026577948197437275,0.32390381895345616
2020-12-21,904.8482176360191,919.394079549715,896.4826397748559,909.97,6543020.055,0.025320754716982103,0.22354694485856436
2020-12-22,908.2577893175038,938.6127206973256,902.7945845697293,920.55,7915493.744000001,0.03943609022556496,0.34318398474746986
2020-12-23,920.5479961620749,966.3363812827478,899.7195734002476,925.26,11372098.4288,0.07236646884273087,0.07073295745776507
2020-12-24,911.6721522242186,963.1628490614517,887.8047801491351,929.53,8441049.2215,0.08265917602996357,0.23697326687815945
2020-12-25,903.1409240924058,942.4079207920757,872.4102310230991,931.14,9273098.052000001,0.07750472589792166,0.400000000000044
2020-12-28,942.4037342908405,967.6027906642694,937.9307310592426,950.94,9852218.785,0.031485507246377796,0.28768699654786184
2020-12-29,945.785189692979,945.990060307014,915.1228877923942,934.21,6387402.672,0.03263655727643705,-0.3749999999998746
2020-12-30,933.2867868131832,947.1838241758205,921.9164835164801,932.16,6334334.369999999,0.02707350089635331,-0.0445945945944514
2020-12-31,941.1788602941141,954.8028033088199,907.5799632352907,928.75,10055992.32,0.050174140182848104,-0.2631959508314462
2021-01-04,924.6475005363621,971.9042265608201,911.6723878995889,954.9,11633349.815400003,0.06514032496307334,0.5022675736961958
2021-01-05,942.7435871091443,1007.2776464947394,932.1586355697079,997.0,11586896.0949,0.07968127490039945,0.7222727272727631
2021-01-06,997.0342556917653,1007.2777583187356,952.236004203149,974.84,9879045.155,0.055205479452055756,-0.4032258064515429
2021-01-07,973.1327495621682,976.0350753064765,944.4509422066518,974.84,8148946.5600000005,0.032456140350878154,0.05405405405416169
2021-01-08,975.8655039187512,986.6553394414357,911.6728115686025,927.96,10846210.2504,0.07683694891532618,-0.6388888888888351
2021-01-11,921.9209263591985,921.9209263591985,854.5865535154823,861.04,14201997.533799998,0.07303703703703797,-0.9041582150100792
2021-01-12,845.7747832908381,878.2126534614596,835.8044063541838,870.53,9889729.757,0.0501412999596297,0.5837359098229317
2021-01-13,870.1846615939093,880.5647336804129,840.9907088506175,852.6,7933623.214,0.04547773199921617,-0.4443485763588346
2021-01-14,847.6571398747354,848.852225469725,814.9800851774496,817.78,7585350.595,0.03995971802618437,-0.8820564516127763
2021-01-15,810.9417372881322,821.1852118644034,768.29473813559,805.82,10510783.92,0.06522105263158016,-0.0968366688185266
2021-01-18,816.004534076293,816.004534076293,781.7226463780506,796.61,6389632.065,0.04201188383965293,-0.5657370517927102
2021-01-19,802.7481610738218,818.9670201342245,755.8329771812047,763.14,8274942.225,0.07864738409187694,-0.627366143861482
2021-01-20,763.0734852276186,781.9215505509426,739.9231441239705,777.79,7127811.0585,0.05503848219080142,0.35040650406511253
2021-01-21,775.090767297774,798.5825050907639,772.4616047831516,788.1,7431622.6881,0.03370044052863567,0.4980392156863855
2021-01-22,788.3112086355603,805.0765225975329,783.0186960813734,795.55,5425297.9646000005,0.027981114913155927,0.3281733746131422
2021-01-25,795.4057708065051,875.0999999999966,788.406063443752,875.1,12306630.6102,0.10899334621163456,0.919259551004362
2021-01-26,887.7770164053333,898.6352122213677,843.3881655850665,847.11,9616883.8521,0.06223076923077038,-0.7360939431396032
2021-01-27,826.3446692401429,845.4317594473757,799.3359244209638,840.31,7015941.85,0.05578281889178257,0.30296296296302855
2021-01-28,840.3089402390405,863.83485896414,826.4460621513911,857.04,7764338.62,0.04449410808614513,0.44748858447496337
2021-01-29,860.0463245901605,880.1577778688488,826.310983606554,833.14,5277449.16,0.06260917897411566,-0.49968294229542676
2021-02-01,833.1080202854961,846.7660885716634,811.2551110276282,818.05,4564641.0744,0.042624697733514766,-0.42403846153835345
2021-02-02,818.0444550607255,848.1602914979723,804.1133198380534,843.38,5360749.68,0.0538442273979476,0.5751937984496759
2021-02-03,843.3811930405931,851.4394101077016,821.3576760563346,824.26,5236509.15,0.035668016194333234,-0.63564131668545
2021-02-04,821.9018387755068,847.4763673469351,803.4294489795885,836.55,6938142.75,0.05359145860163781,0.3325581395349547
2021-02-05,836.8972727272693,870.427795853266,826.3122807017511,856.36,8929029.252,0.05271317829457476,0.44117647058830534
2021-02-08,862.8492288761245,877.5316652994222,824.7090393765349,832.46,7795870.7,0.06121883656509801,-0.575307045895206
2021-02-09,834.4680009904224,835.8679432155793,809.7470699900924,827.4,6687639.4416000005,0.031302426449528596,-0.27058823529397596
2021-02-10,827.4076996792427,871.2160555181528,826.2809064269559,862.27,11499238.9089,0.054308352591615504,0.7758358662614586
2021-02-18,881.6241182715335,925.3297290921207,832.7284661660015,868.41,14739489.142700002,0.10503485670023341,-0.14269911504420915
2021-02-19,854.9293611940265,876.0994308457676,821.1938308457679,857.9,8173132.350000001,0.06422238197939234,0.054104477612001024
2021-02-22,857.8942471288777,860.1136750318977,802.4085495533782,802.75,9903194.883,0.06726368159204092,-0.9556213017750727
2021-02-23,786.4678997951758,870.021364424134,781.9265794863685,866.88,10152392.0872,0.11201319845439267,0.9127906976744464
2021-02-24,855.1291115343179,863.8702492340777,809.2381386105787,824.74,9918115.48,0.06388755789810044,-0.5562499999999266
2021-02-25,812.6832736931541,829.3801402464902,786.084379940498,803.43,5517507.346,0.053275072475947594,-0.21372239747625504
2021-02-26,781.5116783336146,815.315268055315,770.4828303739083,799.95,5250711.4736,0.057366305487592924,0.41127189642047957
2021-03-01,809.2744340702861,811.5621597815519,766.0466616753247,775.3,4110585.2512000003,0.05624235264334959,-0.7464366091521951
2021-03-02,775.4000804326687,783.9704895298812,728.9969491055298,738.66,7168579.1292,0.07089700118895712,-0.6683229813663853
2021-03-03,731.8960470133457,761.3631003640579,728.5157013798341,759.69,4192461.3913,0.04487986937252278,0.8461538461539271
2021-03-04,754.5397741935449,754.7787903225773,734.8721612903192,740.95,4284636.79,0.026382478052313783,-0.6826758147510747
2021-03-05,750.8546094396875,750.9911905419048,726.6114637961141,742.25,2807549.652,0.03246930422919636,-0.3529411764704361
2021-03-08,742.250512820509,746.4162393162355,669.2478632478599,671.16,5317816.7952,0.10396540620112364,-0.9212389380530414
2021-03-09,662.4537018434374,668.9754613945996,628.3083638792378,639.03,4600109.57,0.061388588217103614,-0.5759865659108993
2021-03-10,652.7867518964476,660.7084239562853,631.6850564956733,643.67,5138993.731199999,0.04446071764829102,-0.3141176470586961
2021-03-11,644.9330933680071,668.2200676202826,635.4407490247041,656.44,4790001.03,0.05082592121982357,0.35104166666675957
2021-03-12,656.4377701963609,659.9888509818185,633.799630189069,655.55,3377157.8572,0.03989596879063858,-0.033898305084614166
2021-03-15,652.1409383463404,659.0041421060981,631.244019436033,642.99,3082069.77,0.042567673700195124,-0.32964329643283075
2021-03-16,645.3401298492212,647.0132338895711,625.467751247515,636.36,3437287.1394999996,0.033386243386244976,-0.416798732170976
2021-03-17,637.0131091730555,652.7540527477112,626.7695450246894,649.92,2884077.3616,0.04079116638079049,0.49671484888315726
2021-03-18,642.9192892373155,669.5866621670698,639.2657567104478,657.67,4338607.6635,0.04716129374900559,0.4864864864865851
2021-03-19,641.9294368828363,651.5583784360788,632.9151086202262,639.71,2330735.169,0.029042553191490877,-0.11904761904743322
2021-03-22,636.7381741424769,650.8059630606825,633.3919525065929,647.05,1988980.6300000001,0.027348777348778844,0.5921568627452581
2021-03-23,648.3097678422337,668.8650151293788,645.7488981636027,654.49,3083559.9936,0.03565597514088722,0.26735598227487956
2021-03-24,648.7546468401455,709.2936988847548,646.0230483271343,679.69,6318703.8526,0.097526315789475,0.4889368591473754
2021-03-25,677.6065227272693,694.2692580808047,647.0467929292897,676.07,3092466.96,0.06969009826152825,-0.032537960954372544
2021-03-26,676.0719801980165,696.3882846534619,671.1209480197988,689.73,3189309.32,0.037373737373738655,0.5405405405406556
2021-03-29,699.9715596330244,749.4817431192627,699.9715596330244,744.36,7486579.98,0.07073170731707441,0.8965517241379811
2021-03-30,737.5294771968821,764.0600514460477,727.2860122358143,736.71,4949335.9008,0.04986111111111245,-0.022284122562582404
2021-03-31,729.92227767997,741.6340866917222,710.220488176235,717.63,3369277.304,0.04303690882724545,-0.3913043478259694
2021-04-01,717.1483810810779,764.0295279279245,714.6899378378347,758.02,4584906.06,0.06879969528162766,0.8283737024221972
2021-04-02,768.2634338138892,809.2374836172966,768.2634338138892,781.58,4268765.256,0.05333333333333455,0.325000000000077
2021-04-06,776.6290282823007,802.2719564089224,769.3902789309775,789.57,4210693.0956,0.04233897559903404,0.39356178608524356
2021-04-07,782.9770246168101,782.9770246168101,730.7011611704564,735.14,5709469.651,0.06676551393310487,-0.9150881776615765
2021-04-08,735.1144750044762,764.4453001254221,728.182976169142,762.26,4204794.604400001,0.04932881229969022,0.748587570621541
2021-04-09,751.1595626966259,778.1001006741539,746.0719325842663,759.73,3726875.0,0.0426383017409896,0.2675906183369824
2021-04-12,771.8802028613155,788.7477964299916,764.4366089382966,770.89,6420332.117300001,0.031496062992127295,-0.04073033707850601
2021-04-13,775.0928486240525,789.6727889924433,768.297981801313,773.01,3954886.1464999993,0.02757709251101458,-0.09744408945671
2021-04-14,768.1946969696936,793.1205627705593,766.5557359307327,788.75,2826592.23,0.03458085163125727,0.7737789203085862
2021-04-15,784.2755378103558,798.9920146616015,775.0905441375365,782.5,2900524.4804999996,0.03047585876616427,-0.07428571428557205
2021-04-16,783.5642796952768,819.3484598033756,783.4276988551696,802.31,4007164.2817999995,0.045842774969497416,0.5218631178708051
2021-04-19,802.4087277197262,843.348645359554,785.6776521204639,833.31,6036947.706,0.07187234042553303,0.5358200118413761
2021-04-20,833.346961735697,887.6377783037441,826.517928205125,865.58,7273982.234999999,0.07334262066705015,0.5273743016760235
2021-04-21,865.5750284629947,904.9783256166949,865.3701586337727,899.72,7425819.9799999995,0.04575936883629316,0.8620689655173058
2021-04-22,899.7223765432063,901.4296296296261,871.2112499999967,885.04,4124343.744,0.03358633776091182,-0.4858757062145601
2021-04-23,885.0430579065429,899.4181785615838,853.2880407825813,867.39,5099065.4407,0.05212191358024815,-0.38267949666904916
2021-04-26,867.3867179797945,876.7424618181782,841.6754949494915,845.09,5083934.625,0.04042829587056752,-0.6358325219083572
2021-04-27,846.7306330043198,850.9987727383927,823.6485333224535,837.17,4663774.7312,0.032300992015486266,-0.3495630461921188
2021-04-28,837.780225993209,863.1499157516437,829.0391215811507,855.16,5128134.056,0.04071568307792751,0.5095095095095893
2021-04-29,855.1288127004202,866.9088574369497,819.310647689929,862.47,7024179.3258,0.05566203481872011,0.15423242467725742
2021-04-30,819.1403598293194,819.3793753574064,776.2199999999966,776.22,4468625.8100000005,0.05268862025844221,-0.9944620253163529
2021-05-06,764.8895010750549,764.8895010750549,698.6134186864705,698.75,12628680.2416,0.08664791750368395,-0.9979392065944738
2021-05-07,704.4178202954677,714.3199612496937,690.4182417050099,704.93,5841058.882499999,0.03393116820164945,0.021428571428710578
2021-05-10,700.2508837071109,703.3581018862286,672.2517748403353,689.7,5876361.7566,0.044421689096939256,-0.339187705817665
2021-05-11,686.4146944657923,717.34996348962,683.0684953881597,710.76,4579574.121599999,0.04994279460777142,0.7101593625498767
2021-05-12,710.2182840264842,720.9739936163083,697.9601896050656,716.74,2953003.3845,0.03240384615384746,0.2833827893176432
2021-05-13,704.924629655588,730.6699999999965,704.924629655588,730.67,3845122.1130000004,0.03652216032937905,1.0000000000000937
2021-05-14,734.1244377122889,757.6164197190822,719.066350408516,743.89,4202074.9656,0.05251162790697796,0.2533215234721817
2021-05-17,746.0328103919747,759.6566417502245,744.3597082953476,749.14,3926562.308,0.020504370909425158,0.20312500000020656
2021-05-18,749.142060046186,757.8490438799041,728.3818789838303,739.24,2981666.145,0.03933454876937229,-0.33603707995352444
2021-05-19,738.8321768487226,740.9150293668746,717.047588216248,738.32,3171056.196,0.032304279508273914,-0.021459227467670636
2021-05-20,737.5329729729697,764.8490090090056,732.2746360360328,758.02,5690756.88,0.04416666666666794,0.6289308176101475
2021-05-21,766.1175587678972,780.3902841574316,752.2545766909811,758.23,5247462.109800001,0.03672505236885631,-0.2803398058251137
2021-05-24,758.0190772505802,834.0599999999965,747.7755762066535,834.06,9458911.1786,0.11382882882883001,0.8812821527503268
2021-05-25,833.1419354838677,863.2238225806417,802.7527419354806,846.8,11423787.680000002,0.07258196721311595,0.22586109542636373
2021-05-26,846.7668623547542,863.3955756886292,831.2307954822426,840.45,5657321.142399999,0.03798540263720437,-0.19639065817398763
2021-05-27,836.5505219376903,851.9498805251962,817.7025265046451,837.37,5678208.483200001,0.04093877551020521,0.023928215354036896
2021-05-28,831.0872457801531,845.0866611774359,823.4387846850522,829.38,3175446.2739999997,0.026047658175843532,-0.0788643533121461
2021-05-31,829.6200232748026,836.4831596569994,798.1725177623487,836.21,4979654.557999999,0.04617854056056423,0.17201426024964037
2021-06-01,836.5570078423453,851.9223406394497,812.6553790468497,849.02,7164039.151000001,0.04693877551020531,0.3173913043479033
2021-06-02,843.384470163339,858.7497742756266,826.311910038575,831.98,6462360.2664,0.03846153846153972,-0.3515789473683051
2021-06-03,828.086270296864,869.6066770542855,813.3014544038018,832.73,9863507.108,0.06799439221507621,0.08247422680418218
2021-06-04,822.8975276381877,850.2136281407002,819.4830150753737,849.36,7196449.4375,0.03734439834025006,0.8611111111111933
2021-06-07,860.117888540028,881.4927912087878,834.8504317111427,870.02,9849989.604000002,0.05422786820166849,0.21229868228410842
2021-06-08,859.7739077511593,863.8030309090082,783.0156970829859,785.44,11164480.7467,0.0939634630659263,-0.9201183431952143
2021-06-09,785.4049463914871,827.8509077425061,759.5593083866561,811.01,7907154.1255,0.08695081393313614,0.37493709109214346
2021-06-10,810.7673435147309,816.1976631533628,789.905292751126,798.91,4632737.798,0.0324289953370082,-0.45098039215672003
2021-06-11,796.8865491228036,796.8865491228036,766.7103052631546,783.62,5096219.5200000005,0.03786767877167369,-0.43963553530739047
2021-06-15,783.999111806833,805.4799519663732,773.344615087701,801.39,4234681.979499999,0.04098899653675997,0.5411764705883195
2021-06-16,800.8043875685522,808.3656307129763,778.464351005481,789.6,2917417.7172000003,0.03733905579399261,-0.37471264367803087
2021-06-17,792.2075989782853,817.5376206896518,790.007977011491,807.33,3500533.827,0.03475054229935048,0.5493133583022263
2021-06-18,800.7999999999965,823.1399141630866,791.6921888411983,800.8,3898628.2300000004,0.039270386266095574,1.0845315827261197e-13
2021-06-21,793.2052976764543,815.2359140727715,772.4119701885105,783.96,5284483.94,0.05398847437064102,-0.2158908507222273
2021-06-22,787.7409358752132,796.3332235701871,777.4301906412444,793.24,3358970.8800000004,0.023996509598605054,0.29090909090926187
2021-06-23,787.0537383177534,791.7966822429871,738.9369158878471,750.21,7845594.384000001,0.06716157205240297,-0.69700910273074
2021-06-24,745.8145012030318,752.6883675735667,732.1011377938148,742.79,4823988.5856,0.027603686635945947,-0.14691151919848738
2021-06-25,742.2023720574302,766.4326416707893,737.2188414277323,763.58,4937132.8344,0.03936096318592396,0.731764705882444
2021-06-28,756.1248761149619,775.027998017836,755.7811829894551,762.93,3980394.4135999996,0.025454545454546763,0.3535714285715851
2021-06-29,763.0016168148712,774.9621827000773,742.3799514955504,765.27,4538365.2234000005,0.04270270270270394,0.06962025316466111
2021-06-30,772.5830505219174,839.2247398747355,763.6470839248402,823.14,7819349.28,0.09782463632723992,0.668940427467068
2021-07-01,824.8569549490265,847.1968308122293,807.8442802532029,836.13,4083746.736,0.04770833333333445,0.2864628820961498
2021-07-02,827.2289816993429,827.2289816993429,770.5543965141579,788.77,5944467.6899999995,0.06851136316423725,-0.6785930867191525
2021-07-05,774.0288566567386,838.196161633344,760.1093287962537,808.02,5878990.534,0.10088361973269504,0.43529929577468474
2021-07-06,800.7316011879475,817.1256682223132,780.1788714467511,810.08,4332785.891,0.04614129968237737,0.25302325581403795
2021-07-07,810.083193909985,833.7292370754525,800.8034967374905,821.7,4453842.8372,0.04064488756894469,0.3528183716076091
2021-07-08,824.171451688452,841.9746548567012,800.9035587446203,807.09,4182162.6156,0.04983319432860833,-0.4158995815898631
2021-07-09,807.7118435804259,807.7118435804259,753.7177451903639,766.4,4475812.911900001,0.06684821922471496,-0.7651177593888461
2021-07-12,769.8704560475844,838.9525817911399,759.1816296265665,832.01,8611954.8464,0.10361607142857258,0.7789745799224802
2021-07-13,831.8752084033578,850.6408613445342,813.8656806722655,817.99,6756244.04,0.04420756899686108,-0.3775700934578383
2021-07-14,817.5040946306956,817.5040946306956,783.650502887181,797.57,5851928.9586000005,0.04141091398301654,-0.5888324873095268
2021-07-15,793.9321206933413,807.6798630430095,780.184378343673,803.04,5216687.1945,0.03463203463203591,0.33125000000011323
2021-07-16,803.0379601597086,820.0507481023175,780.1823965600422,783.31,6529373.0781,0.04964690776803026,-0.49482758620679923
2021-07-19,769.9051384615351,786.883538461535,765.0590769230736,781.9,3808723.1,0.028346948796929883,0.5496062992127302
2021-07-20,782.8651790827755,788.7423388695502,770.2516256222707,780.15,2953117.201,0.023619281763105918,-0.1468401486986918
2021-07-21,799.9394704684285,858.1606289205668,799.9394704684285,843.76,15147106.955,0.07278195488721927,0.7526564344746627
2021-07-22,837.2704514594559,841.9790451891855,777.7771978378346,794.79,12688521.0,0.07667993924715825,-0.6616702355459778
2021-07-23,790.4923076923042,790.4923076923042,756.1230769230735,759.56,8653979.879999999,0.043478260869566444,-0.8999999999998766
2021-07-26,755.7464680622614,756.0901610305922,683.9490069779891,704.33,9025768.8774,0.09545681931875157,-0.7127203430204267
2021-07-27,687.1478852130291,704.229488721801,665.7701037593952,685.67,6841094.399999999,0.05596958935627605,-0.03842716711340391
2021-07-28,674.148631979692,696.3166598984736,653.6990558375601,677.07,4999830.449999999,0.06321692582207641,0.06854838709685389
2021-07-29,690.4728281147547,711.4379065194337,672.5322200373081,681.64,6135909.7404000005,0.05634644101543198,-0.22703180212004725
2021-07-30,677.0742374522531,677.0742374522531,622.0834364409026,638.89,6372781.360599999,0.08121827411167652,-0.6943749999999254
2021-08-02,637.4413375262021,663.3211740041894,608.365186582806,655.76,7601430.024,0.08621340378498017,0.3333333333333893
2021-08-03,649.3042858613909,674.2907465760443,639.2684584491781,667.52,5991222.8142,0.053938174888843234,0.520117762512352
2021-08-04,666.5913256652143,666.5913256652143,639.611475670515,648.41,6333561.458000001,0.04047434905903723,-0.6738853503183201
2021-08-05,632.4247849077353,644.4195813825356,622.1140716056148,623.97,4775776.2335,0.035269822292268306,-0.37904468412925246
2021-08-06,626.0002372505509,627.2375277161827,608.3688481152959,620.02,3450848.148,0.03014164928077459,-0.31693989071018513
2021-08-09,617.7492972318496,633.0778933465376,617.7492972318496,624.52,3523227.8859,0.024813619672862164,0.4417040358746346
2021-08-10,628.0982314057895,683.4327404379821,625.5205368856564,681.13,8915882.3658,0.09220246238030222,0.9157270029674044
2021-08-11,671.4027408679801,694.2582731268594,660.2671131207969,680.27,5593523.5723,0.050627079600717974,0.260869565217488
2021-08-12,673.3568810289356,697.2433159163953,671.982122186492,684.08,5560869.0879999995,0.03751531237239817,0.4244897959184862
2021-08-13,694.2594351167425,710.8941661363714,684.4641906113825,702.13,4368004.1631,0.0380693069306945,0.29778933680115677
2021-08-16,705.3930312049894,734.4006183389306,701.1312530004766,715.91,4437237.845000001,0.047164295458976234,0.3161157024794328
2021-08-17,714.8837820091887,715.9148643870867,676.0463457750357,680.48,4766237.0288,0.055769230769232285,-0.8629310344826464
2021-08-18,687.3847069324572,699.3795700684286,673.6370127938081,693.09,3793539.1896,0.037450000000001336,0.22162883845139283
2021-08-19,689.4116207070672,704.1216348484812,673.3268388888854,680.51,3102927.3000000003,0.0446682287252619,-0.2890624999998778
2021-08-20,656.517189501309,677.0698687664006,637.5454855643011,654.73,4677944.67,0.060203120092138414,-0.04521739130426108
2021-08-23,654.048368829864,695.9789526434442,648.3086905537426,685.84,5310763.835000001,0.0728849185496599,0.6669069935112321
2021-08-24,687.3877939922738,700.723117195724,677.4894097587851,685.36,2951537.2035,0.033800000000001405,-0.08727810650872592
2021-08-25,693.5344607961366,717.146045838356,690.8193003618785,712.3,4920345.0475,0.03796025571138446,0.7127937336815635
2021-08-26,704.5691382765497,705.4283689329844,673.6368346448962,703.16,4662219.4249,0.045121951219513526,-0.044324324324215944
2021-08-27,687.4527642194399,697.6260478015294,673.636345300521,681.61,4576206.2352,0.034896510348966445,-0.2435530085958379
2021-08-30,687.3819418209262,747.5278617302572,677.1399508877944,727.8,12019046.5512,0.10240000000000127,0.5742187500000395
2021-08-31,737.5660283018833,738.5283698113172,708.7988910377325,728.63,6820080.279999999,0.040307548928239914,-0.30057803468195493
2021-09-01,721.7219597649154,782.933770343577,701.134719710666,760.25,7649668.907999999,0.11333873041573521,0.4710084033613811
2021-09-02,756.3249522683847,790.6939858168889,750.757168833527,756.05,5187280.186199999,0.052803780787059336,-0.006884681583393333
2021-09-03,749.2462754360431,759.4882658066825,723.4694540334269,756.67,3382712.1664,0.048073394495414055,0.2061068702290965
2021-09-06,753.3367566135197,793.9266881596927,732.0622709004958,778.22,5888051.7555,0.08212053469592721,0.40222222222226994
2021-09-07,778.219587447879,796.3664735571614,766.4997235023009,783.1,3036415.6829999997,0.03837830676147276,0.16340621403923436
2021-09-08,788.7691494516108,793.9245033695952,776.7399903096473,780.28,3079271.4584000004,0.02178649237472885,-0.4939999999997722
2021-09-09,770.8995956521707,800.388309565214,770.8995956521707,790.49,3499624.8000000003,0.03825234061524859,0.6643356643357569
2021-09-10,783.6560356754371,806.9241000652565,781.9031977376517,789.98,2450164.224,0.03192842419192265,0.2527472527473795
2021-09-13,783.2069975980751,789.3934667734154,766.4347922782638,772.69,3493444.2569999998,0.029313673863438194,-0.4580838323351606
2021-09-14,779.8414543476255,794.3109674494478,752.6896364130893,758.12,3167312.6316000004,0.053371529308066545,-0.5218827415358251
2021-09-15,760.1466128146418,772.8632672768844,738.9407322654429,750.97,4605053.56,0.04462630555681275,-0.270516717325117
2021-09-16,745.2233323943626,762.9577436619682,732.0599999999965,732.06,3166147.02,0.04146105243739454,-0.4260289210232343
2021-09-17,734.1262868153008,761.277961280848,732.7858876961157,749.18,3114365.2721999995,0.03881086142322218,0.5283474065139744
2021-09-22,735.5042693339803,738.9412051719896,699.5882898267837,704.4,3944809.9664999996,0.05350467289719751,-0.7903930131003313
2021-09-23,710.7586034192116,721.0694148808055,690.7556291837192,713.68,3677267.6205,0.04264990328820259,0.09637188208627731
2021-09-24,706.4602637614647,757.842316513758,706.4602637614647,749.25,5072550.44,0.07273169545122958,0.8327759197324923
2021-09-27,752.716729357795,824.1699999999965,752.716729357795,824.17,10137571.378,0.09492717227523982,1.0000000000000338
2021-09-28,812.9319409004823,843.761009136551,787.0520207424448,835.1,9557071.594999999,0.0697585929903194,0.3909090909091446
2021-09-29,842.0501048217994,849.5426322851118,800.806834381548,819.71,5930056.845000001,0.05787755102040938,-0.45839210155140014
2021-09-30,819.0138814355156,845.4780311923492,804.4070455307698,819.77,5837063.8252,0.05014687368862882,0.018410041841087025
2021-10-08,828.1929318088983,860.8779746835407,815.3732462229449,841.7,6106353.743,0.054944598912728716,0.2968277945620031
2021-10-11,847.2344872368976,870.6742633228806,831.73399014778,844.21,3804076.7226,0.04596162427487844,-0.07766990291253115
2021-10-12,839.0217852437383,862.6678194993377,817.2316897233169,834.76,4457433.340799999,0.05415369490414656,-0.09379727685317611
2021-10-13,829.778321268246,860.9512880656738,820.7391919763788,849.85,7383155.8036,0.048461251708570935,0.49914529914536987
2021-10-14,838.7158123541146,847.1706781427108,797.3694564854919,824.59,5648023.8976,0.059377945334591155,-0.2836438923394708
2021-10-15,816.0634821124327,823.109178449741,788.7742972742726,806.99,4898714.58,0.042073787061995806,-0.26426426426415683
2021-10-18,790.488829311882,790.488829311882,749.245933869523,769.18,7362673.109999999,0.05217391304347937,-0.516666666666571
2021-10-19,769.8671186440646,816.2653601694881,768.1486652542341,811.11,7068827.76,0.0625000000000012,0.8571428571429102
2021-10-20,813.482825387413,827.8491197391786,804.3062689474096,811.73,3710512.9754000003,0.028940808652669316,-0.07445255474437651
2021-10-21,811.1774760572896,820.2508958386269,798.048512585809,811.04,2793080.5182,0.027370561816796292,-0.00619195046424477
2021-10-22,812.7597152542338,821.0082915254203,802.0709351694882,811.11,2092522.3200000003,0.023300067658999866,-0.08711433756786945
2021-10-25,816.0634821124327,816.7164978705246,798.9475954003374,806.99,2788768.908,0.02177392183288513,-0.5106382978721231
2021-10-26,801.005616403243,814.5470311832515,792.688300726182,804.58,2256688.8850000002,0.027289110100404565,0.16352201257876856
2021-10-27,804.445108867424,804.445108867424,773.615951273043,782.93,3018336.3320000004,0.038323506793131214,-0.6978818283164757
2021-10-28,799.9820495204068,800.1195271023832,764.7877885344601,770.39,7428781.5415,0.04416566420347263,-0.8375486381321725
2021-10-29,770.665656050952,811.8058598726078,770.3563312101876,782.42,6685247.301,0.05378406100878688,0.28358208955231556
2021-11-01,762.9934216146913,828.5696129859,747.8366604015347,804.58,10649422.031000001,0.10581081081081196,0.5151128139634252
2021-11-02,796.8464537918295,800.7988946883601,763.6803193122472,783.58,6407446.9193,0.0465818417080021,-0.35740740740730437
2021-11-03,777.5379227139933,793.9321051449076,763.0340548191383,764.89,3875988.6629999997,0.03973831940945173,-0.4093437152390305
2021-11-04,765.0905922960633,841.3899999999966,765.0905922960633,841.39,9626661.1819,0.09972597816809776,1.0000000000000318
2021-11-05,831.735939700154,853.7322620723895,828.2990143294921,829.88,7134932.9298,0.03057851239669551,-0.07297297297283553
2021-11-08,834.035818518515,844.3465592592557,812.486370370367,835.17,4187026.0800000005,0.038200024724936214,0.03559870550172498
2021-11-09,830.0117580953932,843.7593648547372,814.8893906601148,825.75,4204790.26,0.03478260869565335,-0.14761904761892508
2021-11-10,825.7566764318735,830.9464399439527,804.5851908461733,809.5,2691316.5192,0.03192374927162358,-0.6166883963492593
2021-11-11,810.0824600298408,814.5160891067968,798.4656644638635,806.13,4117497.1040000003,0.019813322019517667,-0.24625267665929212
2021-11-12,811.0755772287829,819.6678436090191,797.3623200859257,799.94,3552879.8725,0.027501165303615776,-0.499229583975173
2021-11-15,798.6400309881251,824.1764402932926,785.3734711068402,787.47,4135611.4176,0.048586306321815605,-0.28786536758183595
2021-11-16,793.8969483791582,866.2099999999966,785.4077260643544,866.21,9829966.414800001,0.10177929780510087,0.8949383241174277
2021-11-17,854.3530659507938,869.2006210433493,828.7135379437422,857.79,8622307.6466,0.047389170488375064,0.08488964346358106
2021-11-18,861.1228197562998,903.9125986665609,842.3915510767075,896.97,11051628.717000002,0.07144282578327792,0.5826815642458576
2021-11-19,897.0331072537036,929.6837375943558,882.0825554661418,896.93,6596789.2212000005,0.053065134099618126,-0.0021660649818729606
2021-11-22,895.4852172921147,939.1338922474395,886.7211132656519,903.94,7623578.9289,0.058530032623297965,0.16131147540990026
2021-11-23,911.4691937332789,920.5082735957167,893.9753091325912,899.44,5553009.683,0.029110105580694746,-0.4533678756475206
2021-11-24,906.3147664261264,937.1439035320891,899.440934295477,904.94,6184450.959,0.04160030337504853,-0.03646308113026129
2021-11-25,913.2635252625894,916.2880318944991,890.61409491681,896.56,4132763.2424000003,0.028112298660244943,-0.6506024096383939
2021-11-26,896.1740565669159,896.5177474802686,872.974919915615,879.78,3385537.7242,0.026270373921381852,-0.6963503649633282
2021-11-29,885.9385517808827,888.9286846126683,860.9864088397755,877.14,4120965.1935,0.031539744733678404,-0.3148831488313481
2021-11-30,883.2848977017351,883.2848977017351,857.508101076198,871.84,4210564.3253,0.02918287937743302,-0.443999999999851
2021-12-01,879.8569411764671,896.6292141176435,868.2744494117612,876.42,4988236.05,0.032226562500001166,-0.12121212121199569
2021-12-02,882.0903162826985,885.0117141741472,869.5798594299067,880.2,3636594.39,0.01749464250925496,-0.12249443207102749
2021-12-03,879.8545454545421,931.4085227272691,872.9806818181785,907.35,8931146.4,0.06640625000000097,0.4705882352941705
2021-12-06,906.2859923047291,927.9730665640595,890.5448195459759,893.26,5861807.990999999,0.04129849444423473,-0.34802571166197566
2021-12-07,890.1327489160697,910.7887503871132,879.8563022607584,887.83,4406443.2256000005,0.03475037646241272,-0.07444444444433022
2021-12-08,886.0718682505366,935.7353355179825,872.9772100990508,922.95,8244723.1362000005,0.07082735347736807,0.5876232201533884
2021-12-09,919.8967547942618,955.4690746602085,916.5285544591289,922.99,8072194.062,0.04233140295161684,0.07943512797891043
2021-12-10,910.788018953065,932.1313910198519,908.485271886278,913.95,6414482.352,0.025962264150944388,0.1337209302327058
2021-12-13,913.9436358118326,942.5043744309523,903.2204704097081,905.97,6869698.052,0.04298285198556068,-0.20297462817138281
2021-12-14,897.0398540145952,943.4384671532812,893.6716583941572,941.72,9186022.62,0.05547892720306622,0.8977900552486707
2021-12-15,931.4092762865157,939.6579193237394,909.7565883138033,927.01,5855329.9024,0.0321033210332114,-0.14712643678148302
2021-12-16,927.2856752767492,938.2151357933544,905.048691143908,931.41,5127035.45,0.03576723498888181,0.12435233160632046
2021-12-17,927.2764665757127,931.1257980900374,899.1282298772135,906.93,4464213.6492,0.0345070422535222,-0.6358754027925683
2021-12-20,893.5967803756196,924.528976619391,893.5967803756196,896.69,3325830.577,0.03461538461538562,0.10000000000010482
2021-12-21,902.1578146203054,905.8009525817422,866.276342622759,896.59,4234457.4922,0.04381119280734606,-0.14086956521729815
2021-12-22,900.4708097928402,915.9369114877554,895.3154425612018,912.5,2640439.98,0.02290076335877969,0.5833333333334765
2021-12-23,911.4744094488152,922.6788082979974,879.8546335554174,907.9,5640719.4272,0.04698340874811559,-0.0834670947029627
2021-12-24,904.9108098739061,937.939762294766,900.0647304864541,902.23,7562836.9721,0.04185498879562559,-0.07078039927395494
2021-12-27,893.6033254156735,910.5817885985713,862.6709026128232,868.17,5254832.748,0.053615384615385765,-0.5308464849353554
2021-12-28,869.6117348314574,919.3784644194722,866.106067415727,917.66,6587287.83,0.06125997944826607,0.9019354838710147
2021-12-29,917.6210387459056,917.6210387459056,835.2038976202948,850.67,9996508.133,0.08981609798119881,-0.8123436196830185
2021-12-30,842.0105080440271,890.4710499576594,838.6079593564742,852.39,7647137.8599000005,0.06159435078982917,0.20013253810476692
2021-12-31,856.9975553278654,859.2315573770458,807.677663934423,838.61,10356575.120000001,0.060156406657310146,-0.35666666666659314
2022-01-04,832.0790138100448,833.7287367618368,800.9061238668103,811.32,6544952.348,0.039446509706733864,-0.6324607329841689
2022-01-05,817.9149378130903,821.4205821385351,795.6437856279116,795.85,5075264.9276,0.03151525338263841,-0.8559999999998338
2022-01-06,789.5262390943492,813.8595395156796,788.8732267949067,807.57,6286735.1356,0.031647222705904164,0.7221458046768586
2022-01-07,807.5717896856631,810.6650126959074,773.6838131512093,785.06,5009954.1336,0.04579307996765656,-0.6087360594794446
2022-01-10,782.9290195391187,789.115464820815,759.626742311396,784.51,4472800.352,0.0376646180860416,0.05361305361316504
2022-01-11,787.051141470426,787.051141470426,762.9928096350856,764.78,3361182.4016,0.030567685589520815,-0.925714285714106
2022-01-12,765.0601830252971,774.4429965907018,755.4367844966771,766.16,3604346.6668,0.024842767295598794,0.05786618444864137
2022-01-13,766.609823191946,766.609823191946,721.757735352202,730.9,9929176.2108,0.05850706119704235,-0.7961685823753845
2022-01-14,721.1728858802597,735.1612271352407,712.0649978395472,715.88,6369387.391799999,0.03202592574941758,-0.22916666666651248
2022-01-17,715.7422966507143,723.2691904306186,697.9389588516713,718.32,4765145.66,0.035390156062426376,0.10176390773419151
2022-01-18,720.0696303921064,729.0056288600531,704.9128022214741,717.87,7457293.9648,0.03345902343563704,-0.09129814550627047
2022-01-19,712.8864277286101,713.8143967551588,687.41883333333,699.07,7267040.622,0.03702632340179483,-0.5234374999998491
2022-01-20,698.7295905978308,710.2089650818284,689.9653975037605,707.7,8871578.8134,0.028971962616823655,0.4431239388796003
2022-01-21,701.4789141531289,751.3145058004606,697.8701299303913,740.66,11020398.469999999,0.07618814306712517,0.7331189710611455
2022-01-24,744.9847642817491,762.9941763727086,725.6349570160809,743.61,8715017.5812,0.05014762871378616,-0.03679852805878203
2022-01-25,741.7199834538801,754.7458800170153,725.1884366283708,727.01,7405386.0804,0.03984986793939244,-0.4976744186045181
2022-01-26,727.0143843803926,783.6206667552098,727.0143843803926,776.3,14440517.346900001,0.07786129627003395,0.8706739526412095
2022-01-27,773.310068649882,781.833664073223,745.8145995423307,750.97,8707268.7,0.04657777777777897,-0.6202290076334752
2022-01-28,756.1279236276813,756.7465737470131,718.3215274462973,720.04,6420908.935,0.050818181818183136,-0.9391771019676841
2022-02-07,735.5699796885547,792.0386030241444,735.5699796885547,761.45,13045315.962000001,0.07676852630595378,0.4583079732197729
2022-02-08,761.1421151931702,761.1421151931702,701.1333491348628,725.02,7971777.295499999,0.07884042264968967,-0.6019473081328087
2022-02-09,724.9806904761872,783.4424404761869,717.9006666666635,779.49,8375733.072000001,0.09040485446098528,0.8316727844782806
2022-02-10,776.7443104582294,800.8027625520683,768.7706520499856,783.79,6774375.763,0.0412389380530985,0.2199570815451655
2022-02-11,796.2331657574451,831.9428501888341,773.6525472093966,819.02,8009730.068,0.07320757974705519,0.39091981132080855
2022-02-14,807.6798227100008,842.7365639510306,797.3690164626391,814.21,4737272.717,0.056170212765958495,0.1439393939394668
2022-02-15,811.6639373658256,824.1743401944656,800.8032579871162,816.51,3388829.1435,0.02879403794038062,0.207352941176607
2022-02-16,813.5557837489217,817.9894239036938,795.9930696474601,799.43,4180803.572,0.027037303029024014,-0.6421874999998191
2022-02-17,797.3675139652674,805.6848819988707,778.7393591131479,793.69,5534976.426,0.03379310344827699,-0.13647959183660188
2022-02-18,787.0599354144208,803.8322170075315,776.7491065661969,798.23,3326913.8975,0.03441048034934615,0.41243654822346015
2022-02-21,793.9258358662579,811.110377768125,783.6151107251377,791.52,3438427.363,0.03463203463203584,-0.08749999999987061
2022-02-22,785.6777003791517,792.2078299973512,767.7370284807301,779.56,3292011.0431999997,0.03114610673665916,-0.24999999999984696
2022-02-23,779.5632917969231,786.3684029765277,761.6912826383656,780.56,3124749.7125000004,0.03165505687329298,0.040389972144986075
2022-02-24,780.0072788018397,782.0694262672775,734.3994506912409,745.81,4142645.01,0.06111478299184967,-0.7173756308578794
2022-02-25,750.2428074585222,762.9250006855227,743.7126808646736,752.03,4150735.9879,0.025608135965918228,0.09302325581412879
2022-02-28,749.2148615384582,768.0835692307658,735.8795999999967,759.56,4290553.67,0.04298362310197842,0.32123799359667854
2022-03-01,765.6738807174853,782.4459811659157,739.5190273542567,766.43,7637861.5,0.05606427866056325,0.01761409127309811
2022-03-02,759.5607798165103,761.6573050458682,741.9637155963269,749.25,3899666.8400000003,0.025927601809956125,-0.52356020942388
2022-03-03,751.3089881235119,751.9963705463148,722.0952351543909,723.47,4120417.515,0.03979871912168471,-0.9310344827584742
2022-03-04,723.4697386840844,740.6542930471268,711.4405506299547,736.53,4077854.6960000005,0.04038004750593957,0.4470588235295113
2022-03-07,735.4303397068779,735.4303397068779,704.5668737260958,708.21,6819314.609800001,0.041966538928873184,-0.881959910912999
2022-03-08,716.5639967219593,735.1921173139925,690.8214463097214,691.99,4885609.7298,0.06192143508082047,-0.5538342370254712
2022-03-09,692.7755549923938,701.3334313228551,652.9762747085624,678.1,6178435.689,0.0698020538770663,-0.3034825870645988
2022-03-10,698.3824893045432,702.8504875136766,681.3353576758498,690.89,6077234.6298,0.030807086614174455,-0.34824281150141956
2022-03-11,680.783541922287,683.911131901837,649.6107494887492,672.26,10256706.54,0.05038368336026,-0.2484969939878704
2022-03-14,663.3301340482539,665.0142364611226,635.8345844503988,640.99,5783159.850000001,0.04398963730570102,-0.7656065959951438
2022-03-15,629.2316179090717,629.2316179090717,595.0342473705351,597.99,6910546.9993,0.05434782608695814,-0.9135678391958528
2022-03-16,611.3632593270737,611.7756923781151,570.5323872739725,600.64,8856468.0564,0.06746120980436397,-0.2599999999999125
2022-03-17,608.7483189303733,645.7296418283566,602.8368063481678,632.36,7066698.9594,0.07046070460704752,0.5504807692308377
2022-03-18,630.6776612903192,645.0784209677385,619.335774193545,639.27,4181062.3800000004,0.040817438692099625,0.3337783711616689
2022-03-21,640.988467741932,644.2535564516094,629.4747338709643,639.27,2615476.2,0.023056300268097997,-0.11627906976720215
2022-03-22,642.7048336403998,646.6229272786353,627.16993605722,634.25,2489800.7621999998,0.03026737967914595,-0.434628975264823
2022-03-23,634.0750974337099,648.8194313704577,634.0750974337099,645.52,3833289.7516,0.023253292861403138,0.7762237762239518
2022-03-24,639.2722243315037,647.1772034495815,628.617687259312,633.67,3807137.2528,0.029032258064517712,-0.30185185185164554
2022-03-25,637.552879493071,637.552879493071,607.6858470251747,612.91,4657244.8804,0.04684636118598522,-0.8250863060988235
2022-03-28,600.6743929074648,604.420659934238,578.5404849694659,585.38,5836735.2536,0.04308519768839213,-0.5909694555111341
2022-03-29,585.6156613434074,601.3910935023736,556.7799585517461,563.86,7285256.563000001,0.0761781794706277,-0.4876733436054596
2022-03-30,567.094508670517,601.4638728323665,567.094508670517,594.59,6636648.489999999,0.06060606060606222,0.8000000000000759
2022-03-31,594.5865429505101,596.3050011671301,582.5573354341702,588.95,3229709.3136,0.023121387283238738,-0.4099999999997158
2022-04-01,586.7828664756413,607.2324538681914,580.9744962750683,599.74,4246448.775,0.04474901891876237,0.49345549738231137
2022-04-06,598.0540820016295,598.0540820016295,587.1934941094098,589.29,3185536.4794,0.018159875869204496,-0.8069620253160641
2022-04-07,584.9943596888392,596.954763729243,583.6196006037352,592.04,3655727.559,0.02279537042477102,0.5283505154641264
2022-04-08,594.5147712878219,606.5439174290369,580.8359136758118,586.06,5872647.4128,0.04324199329402387,-0.32887700534744607
2022-04-11,581.4557929354411,585.9237710109587,555.0603532277677,564.34,4556382.516,0.05307956023170749,-0.5545657015588912
2022-04-12,564.3734450292366,590.8032105263125,551.8631269005816,587.71,7156577.430000001,0.06899701601607873,0.5992939099735918
2022-04-13,576.995103909824,596.3107608312752,572.4926998943257,585.45,3779837.7864,0.04127948534667778,0.35497835497848657
2022-04-14,591.1886791618257,626.3142433792192,587.7517355006325,621.64,6146183.2614,0.06522876576943364,0.789661319073151
2022-04-15,618.6411503715154,661.8429240391263,611.767359811832,642.94,9487445.861399999,0.08094444444444589,0.4852436513384255
2022-04-18,636.5161752136718,652.669663461535,632.391880341877,643.39,3061223.568,0.03185745140388921,0.33898305084761177
2022-04-19,639.8901780160824,661.1648595174228,639.2715281501306,640.99,4240595.97,0.03421420131056124,0.05023547880706243
2022-04-20,642.365201561837,666.080128746303,622.4309149430106,651.37,6240484.2368,0.0679507758159459,0.2062992125984999
2022-04-21,647.9238868467282,660.880989824726,618.6415214959212,645.14,4289924.34,0.06519202206662565,-0.06590724165980417
2022-04-22,642.708331109566,653.0191599508959,637.20922239419,643.98,2914328.6219,0.024598930481284944,0.0804347826089034
2022-04-25,631.089892533933,635.8328619909466,605.553470022621,607.65,3087870.3440000005,0.04797952292778716,-0.7741203178205185
2022-04-26,614.5188066298309,640.9486143646374,608.3323756906044,622.08,4101295.29,0.05307606263982254,0.23182297154909667
2022-04-27,621.7742737792506,662.3299999999966,621.4993197031778,662.33,6904541.068600001,0.06566801171853559,0.9932659932660527
2022-04-28,652.9802772727239,699.2755787878752,650.3338494949462,680.51,5434547.58,0.07495131322701336,0.5625000000000596
2022-04-29,697.2456472814656,724.0191652600854,659.4396527031834,671.95,6334924.7955,0.09262089022526855,-0.3916977115486397
2022-05-05,686.2517498658044,739.1460976918912,685.3237788513118,704.33,10774989.8784,0.07842940852406605,0.3358876117497405
2022-05-06,694.2593019179694,696.5276738945331,672.2629675997764,686.32,4946704.7047999995,0.03495049504950627,-0.3271954674219415
2022-05-09,683.8445214385188,683.8788906661127,643.3575713327452,666.11,5521596.509400001,0.05925516409509105,-0.43765903307878545
2022-05-10,648.4814820973827,670.2373003169948,642.020038455539,661.37,3935258.9262,0.04351282594869754,0.456760048721179
2022-05-11,663.3276237623729,716.9437425742539,660.4749712871254,694.26,7315377.4799999995,0.08512953367875788,0.5477784540475256
2022-05-12,694.1903570214179,720.5859503570179,681.8174226453554,707.56,4113698.4574,0.055847113575602896,0.34485815602844844
2022-05-13,706.9791082802512,714.4372738853468,694.6061146496781,701.48,2394639.988,0.0280505590666032,-0.2772963604850769
2022-05-16,705.5991791801425,720.0342330162681,701.1655555019038,711.82,3061988.7996000005,0.026741354115929376,0.32969034608394865
2022-05-17,707.7306214254784,722.4406401691704,704.9123468063599,715.12,3066327.59,0.024766899766901093,0.4215686274511554
2022-05-18,714.8827920504085,716.704368395537,688.1090567135207,709.04,4802272.03,0.04000000000000137,-0.20432692307679534
2022-05-19,694.9408716252865,706.626326439955,689.8198928976818,696.35,2716359.8524,0.024183976261128965,0.08384458077729981
2022-05-20,700.1037951467237,730.8299999999966,700.1037951467237,730.83,5065548.3552,0.04388807069219573,1.0000000000000786
2022-05-23,730.8302702702666,738.1509459459425,703.2660360360327,709.59,5086608.6996,0.04773325808878991,-0.6088669950737712
2022-05-24,717.6302043233604,718.2832203138846,694.60279834172,696.39,3826061.3027999997,0.03299808429118918,-0.896952104499091
2022-05-25,696.3941814159257,701.1027986725628,663.9494026548639,683.54,6090214.7328,0.053351100582372295,-0.34597594819601346
2022-05-26,680.4730801919775,689.7527272272738,670.1967303269639,687.45,5215777.5256,0.028738825193193006,0.3567662565906649
2022-05-27,685.4932184588044,707.6269679041527,684.9776808164439,697.11,3352104.4760999996,0.03304086237152306,0.5128983308043809
2022-05-30,703.848628884823,751.9999999999966,697.6965265082234,752.0,8773118.576,0.07715220469749645,0.8867088607595405
2022-05-31,742.3715075222566,790.0757506908163,735.5664353699692,783.58,9030930.1292,0.0734259259259271,0.7559899117276653
2022-06-01,776.7436918990669,793.9970252324001,767.4640106241666,776.4,4061313.783,0.03415929203539938,-0.012953367875516885
2022-06-02,774.4379905829561,776.7407174887857,753.1979125560504,766.43,3154526.7800000003,0.0303998579860661,-0.3401459854012992
2022-06-06,760.6917675243976,776.7421472936966,739.7266033717801,774.68,6929077.75,0.048660371391136686,0.37790157845876454
2022-06-07,769.8748072772091,809.3996299722444,764.7193956213349,780.22,6915673.5018,0.05803571428571553,0.2315384615385324
2022-06-08,777.1260724377054,824.177754944769,777.0917030567651,802.8,7813031.4348,0.06058997832913305,0.5452554744526154
2022-06-09,798.0827881773364,802.5163905060422,759.6238656515865,767.46,6544719.797,0.05374445544980955,-0.7139423076922116
2022-06-10,760.6923850046994,767.531845747298,756.1900264254008,767.36,9905938.4231,0.014909863100349212,0.5878787878790396
2022-06-13,761.9134404019526,777.082286573053,751.5347561796207,773.75,6887569.0313,0.033530751708429674,0.4633152173914176
2022-06-14,767.0875672333815,796.9740958268899,760.1799955840108,786.04,6889462.7165,0.04796597131092026,0.5150943396227204
2022-06-15,781.8008251464787,815.6789766068953,777.6007674346853,787.91,5778788.5966,0.04870576743773146,0.16043755697365272
2022-06-16,784.7493747524936,797.9396066352762,779.438570862847,788.88,4704275.3662,0.02357572540693684,0.2232645403378839
2022-06-17,784.504063047282,805.2959719789807,782.1437127845851,792.8,4743292.432,0.029511968496970253,0.3583208395803459
2022-06-20,798.1813515228392,828.3799936548189,792.3846006768157,820.57,5760280.788,0.045096760165254504,0.6219864995179213
2022-06-21,820.5728241873436,825.9183493533693,785.1673977630165,794.47,5590661.7896,0.04966159052453575,-0.6405451448039907
2022-06-22,792.2827611218535,809.98546465623,787.7703072797574,789.61,5183937.0792,0.028039430449070243,-0.12031249999984146
2022-06-23,788.9507938248288,797.7327266347933,775.7952502083209,791.45,4648008.9311,0.027805886752607943,0.11392405063306646
2022-06-24,791.2746208273612,801.8268003646273,782.9439527716248,799.64,5242251.342300001,0.02386383576066096,0.44301470588251435
2022-06-27,801.8270609318962,822.6537378392181,794.8848352961222,813.49,6226532.726400001,0.03463203463203577,0.42000000000011184
2022-06-28,812.5541701403623,820.9542773287927,802.7656154827698,816.06,3950312.4189999998,0.022384552949721418,0.19274809160323209
2022-06-29,810.9626577181174,860.8429530201306,807.4568053691241,827.52,9383097.391999999,0.06583058682532322,0.3101430429129332
2022-06-30,826.126732356001,879.9291035808666,822.6209004245742,866.6,8640148.3956,0.06936974789916087,0.7062386432465634
2022-07-01,883.748932150481,883.748932150481,833.0704780680104,845.15,6063586.9632,0.05734485467399944,-0.7616438356163555
2022-07-04,838.4813378906215,856.4616878255173,813.9405900065071,853.06,5607564.9024,0.050712038416957476,0.3428571428572182
2022-07-05,853.0681408856814,858.8996613800172,827.9023530381016,842.62,4998727.420000001,0.03633626302083458,-0.3370660694287681
2022-07-06,845.2196662541043,850.4263582433492,801.1363407451634,813.32,5404638.9788999995,0.05831622176591478,-0.6471830985914668
2022-07-07,809.332082170087,839.6698862452567,809.1238134922254,833.04,5703179.9576,0.03774232286841785,0.7761363636364494
2022-07-08,838.2734234045196,841.7445348885963,813.9756430159828,827.27,3718160.1137,0.033126293995860374,-0.3962499999998596
2022-07-11,817.8616309931473,820.8814918664349,794.5358090753391,810.85,3569882.208,0.03221288515406281,-0.2661396574438664
2022-07-12,809.3300369774184,819.7434445556148,794.6818436507557,797.91,2835618.8525,0.030965860353406535,-0.4556786703599539
2022-07-13,797.9396839378204,812.240673575126,791.4139896373023,803.91,2109148.776,0.026100574212633915,0.28666666666681706
2022-07-14,802.7976399026729,810.8158972019429,794.5364051094856,798.91,2099535.6311999997,0.020278450363197285,-0.2388059701490295
2022-07-15,798.6682133703064,850.2142300096607,795.0582566494357,826.09,6868358.0814000005,0.0690599330696695,0.49716803020773165
2022-07-18,826.1309976500712,829.7062704550274,783.5401264686999,812.42,4141767.5240000007,0.055882352941177584,-0.29699248120292626
2022-07-19,810.9922568303705,838.483519773773,808.0765168212218,834.7,3527500.1193,0.0374935798664624,0.7796803652968938
2022-07-20,826.1315436241576,841.7516778523454,826.1315436241576,827.52,2603714.208,0.018907563025211196,0.08888888888910235
2022-07-21,822.7969740033153,831.683070246348,813.2860741181944,815.82,2227487.4238,0.022359095511307152,-0.3792452830186631
2022-07-22,820.9207565803564,820.9207565803564,802.4890896989962,808.39,2317176.3174,0.022452431289641788,-0.6798493408660704
2022-07-25,809.9865667819148,816.2692995261842,788.9168497887019,813.18,2224976.9823000003,0.03376901649882272,0.11675126903565518
2022-07-26,819.1805260022095,840.0071495446385,812.2383181547332,815.64,2620959.8705999996,0.03389830508474688,-0.1274999999998719
2022-07-27,815.7501075361657,820.3319982725078,800.1300254804543,803.74,1963388.8615,0.02476490362112379,-0.5945017182128525
2022-07-28,804.3310407553347,810.5096582788307,796.9722378621822,801.45,1921281.868,0.016830657690317042,-0.21282051282024875
2022-07-29,798.1854012374575,798.3589575325733,729.2141295584479,740.53,9622278.286799999,0.08662752772341918,-0.8338353413654003
2022-08-01,780.9694647803267,814.5699999999966,777.9495819661621,814.57,9744495.747499999,0.04689097293213146,0.9175355450237638
2022-08-02,797.4551087999969,885.1355999999964,796.6220399999968,867.78,22857875.0,0.11099503786889636,0.7945098039215979
2022-08-03,867.8169693548352,876.6336370967708,840.0132258064483,860.84,10563066.48,0.042198312067518506,-0.1905213270141174
2022-08-04,873.7520213217936,907.8731971107386,845.566472246897,898.64,9214267.9016,0.07130939138725682,0.3994428969359811
2022-08-05,898.915463453177,922.5884891347257,869.7233599367804,878.54,6175194.544000001,0.05880990076070695,-0.3854235062376169
2022-08-08,878.2324368627417,904.2312549019573,876.6704250980358,885.14,4664697.15,0.03138215880795338,0.2506297229220297
2022-08-09,879.4828996895963,894.6864956190292,870.5620682880797,883.44,4168064.4581999998,0.027430240359948937,0.1640287769785535
2022-08-10,883.4736500196584,905.2723869445501,873.7544679512353,882.71,4279126.444000001,0.03567499607103678,-0.02422907488975783
2022-08-11,878.6133077629914,885.1390387150869,861.5700423508696,868.79,4730340.837599999,0.02682522123893909,-0.4167893961706781
2022-08-12,871.2150691170561,877.4977866560093,857.4694550539319,868.82,3741046.375,0.0229889637037343,-0.11958405545909538
2022-08-15,860.8386350029899,889.7530939932113,850.4252644182764,869.69,4028395.5154999997,0.04568548387096885,0.22506619594006785
2022-08-16,869.6941197691164,872.9222799422764,850.4292929292895,865.98,3400270.1964,0.025863101177410756,-0.16512345678996457
2022-08-17,864.278663668358,892.1171908486473,850.9494935471223,887.57,5903292.203,0.04763243503755271,0.5657672849916399
2022-08-18,885.2070317712435,885.2070317712435,859.4165516282729,874.03,4909087.764,0.029134969806290816,-0.4333781965005208
2022-08-19,866.5654362010598,874.028347027546,857.6099432092764,861.81,2521283.4,0.018946525135190437,-0.2896405919659461
2022-08-22,861.848785628739,874.0324790419127,853.8998802395175,869.52,3540574.515,0.023359780901366478,0.38103448275877433
2022-08-23,871.2559778402343,873.0262589107464,846.2984858853687,852.13,3186315.3609,0.03067729083665449,-0.7155844155842586
2022-08-24,853.8647675706691,861.8483805850702,845.2563500594887,846.02,3057583.1007999997,0.01943168421480666,-0.472803347280104
2022-08-25,849.9390914990232,860.4913043478226,840.0463919532737,855.84,3318374.6064,0.024054561790412054,0.28862478777604483
2022-08-26,855.5287534468741,890.1358929440354,850.4261962692585,855.98,5928436.62,0.04641538523958409,0.011363636363722193
2022-08-29,857.3375742857108,873.6172342857108,847.7572199999964,850.43,5055655.850000001,0.03016316450058837,-0.2671140939595896
2022-08-30,852.7191244747221,858.9671682101878,829.6013626534991,850.81,5053665.7245000005,0.03443784091834349,-0.06501182033084876
2022-08-31,852.7189323927067,907.0421893004079,847.1651169900025,885.66,8972342.0955,0.07021900187250783,0.5501449275362815
2022-09-01,877.3589262166371,902.3856624803733,870.416697017265,884.44,6588880.844,0.03643772748852782,0.221498371335607
2022-09-02,884.788435706432,897.2497557699318,848.7929234338714,852.75,5600983.6527,0.05476657512750209,-0.6611747851002031
2022-09-05,847.7564635218247,850.3945297392288,809.8169059478431,829.29,6718641.3546,0.04786471768415129,-0.455089820359184
2022-09-06,832.9998925475159,854.5555610728933,824.0443974113688,852.82,4988511.8721,0.03662805233769589,0.6496018202503793
2022-09-07,850.8065576336787,850.8065576336787,834.1104638708049,842.58,1879640.1982000002,0.019623842356494198,-0.49272349272325755
2022-09-08,846.7438741379988,859.0663335673253,835.4974604616557,840.6,3213767.8406999996,0.027834713454129335,-0.2606774668628751
2022-09-09,845.2219527109628,867.7843456991404,836.1969955156917,851.47,3365390.897,0.03737166324435434,0.19780219780229968
2022-09-13,853.9303600308015,914.6055467847481,845.2178475163618,901.45,9101500.737,0.08125685947725807,0.6848424212106466
2022-09-14,899.614227130552,919.8509479862495,884.4453643279109,898.92,4147901.7724000006,0.039356406991550984,-0.019607843137151217
2022-09-15,899.0192176483931,918.4574710029531,892.5976518080474,915.75,5488513.918199999,0.02876447876447998,0.6469798657719223
2022-09-16,910.4406862821476,916.7234177708459,890.3428877630517,890.69,3220966.3680000002,0.028975561401503258,-0.7486842105261493
2022-09-19,890.7297051702559,908.2589714151793,871.2565995001528,888.89,3038629.9152,0.04154163906317098,-0.049718574108725294
2022-09-20,894.9564008645609,905.5085765564055,874.7198270871093,899.33,2952206.1868,0.03440251328394785,0.14205186020304283
2022-09-21,899.3378518258664,905.9677306208313,881.3920542499673,890.66,3104272.0061999997,0.02732641167162108,-0.3531073446326078
2022-09-22,883.4044313725456,890.3467058823495,864.3131764705848,885.14,2309223.9000000004,0.029469548133596462,0.06666666666679658
2022-09-23,881.6671130366252,900.0988152816035,872.9892871209104,881.32,4035316.487,0.03074803149606413,-0.012804097311012458
2022-09-26,872.3585786259507,918.3160335877826,871.3866687022867,909.43,5378126.4,0.053795957345218276,0.7899408284024273
2022-09-27,912.5558355824606,955.8059143628238,902.8367167554129,951.71,6755178.295,0.05804488398630755,0.7391874180865556
2022-09-28,947.6211397058787,957.2014852941139,937.1730091911729,944.15,4386274.72,0.02113553113553206,-0.17331022530310475
2022-09-29,954.2164429896309,966.0877424986325,938.9781374795382,954.39,5151501.693,0.028410331029466256,0.006402048655701921
2022-09-30,964.0330505607614,967.5041665747344,941.4013741496562,943.97,4188108.8655,0.027076657185036972,-0.7686170212764304
2022-10-10,941.1937826440167,947.6153518783573,887.5997129260613,897.18,5935567.112800001,0.0637654434814688,-0.7333718912665546
2022-10-11,897.2822222222186,904.2244444444408,864.862044444441,890.34,4837064.175,0.043868471953579305,-0.1763668430334133
2022-10-12,890.3464818763291,892.0820500671211,861.0153794519433,879.1,4493982.2004,0.03489278752436741,-0.362011173184235
2022-10-13,878.0186253518858,897.8386939455181,873.0549304151268,875.45,4607594.2248,0.02822692231666454,-0.10364145658248673
2022-10-14,878.1959826703393,891.6639684915286,867.8867254824701,881.32,4250009.249,0.027075098814230324,0.13138686131400792
2022-10-17,850.4595322195668,850.4595322195668,793.1860238663451,799.92,8915681.863,0.06734419003306095,-0.8824242424241682
2022-10-18,787.9498772595367,803.7088748047274,765.3874358402109,777.71,11687801.262,0.048634361233481256,-0.2672101449274373
2022-10-19,770.6292986238498,777.5021692660516,750.7396275229324,756.71,8858273.04,0.03472816539795635,-0.5201037613487495
2022-10-20,749.7660204036536,786.7683619661672,741.4352868436129,785.97,7849354.450999999,0.06046296296296431,0.7986217457887236
2022-10-21,777.1806546275361,780.998871331825,765.9342708803578,768.85,4338312.29,0.019383653416705126,-0.5529953917048089
2022-10-24,761.9100475059346,761.9100475059346,712.2036608075977,730.67,7963486.545,0.06523917995444298,-0.628491620111651
2022-10-25,718.5547111111076,739.3466666666632,715.0835999999965,726.33,5779549.867500001,0.03376648471088501,0.3204577968527792
2022-10-26,728.9388794567029,740.9143039049201,713.0757809847165,736.02,4867851.049199999,0.03819047619047744,0.25436408977567365
2022-10-27,732.4025467647167,738.0951542372007,699.1146774591544,703.28,7871343.795300001,0.05322274881516717,-0.7471059661619563
2022-10-28,702.9030414471688,715.2255392108106,687.8730653016564,698.46,7016464.936400001,0.03891358024691509,-0.16243654822321668
2022-10-31,689.0184207855441,697.6962346493418,672.287595656142,684.02,6019911.0572,0.03687657430730604,-0.1967213114752686
2022-11-01,690.75102572766,722.0951551865584,681.3443157793084,719.11,8248914.822099999,0.058994974874373295,0.695911413969401
2022-11-02,708.1118402282419,759.7276395625261,704.5365696623837,729.98,8590389.078000002,0.07794117647058947,0.3962264150943972
2022-11-03,718.5218583176995,728.9352185831734,716.8904318761087,721.75,2723770.7177999998,0.016763285024155875,0.26801152737779654
2022-11-04,714.8046066847469,771.9737023585087,711.75003448117,755.0,7542783.5037,0.08425193026756793,0.6674351585014867
2022-11-07,746.2959381044453,780.3131483064154,742.7900827673035,771.67,6329339.101799999,0.050279069767443216,0.6762257169288436
2022-11-08,764.3399229781736,773.8160718870312,750.1083440308053,757.12,3202117.2036,0.031017257039056792,-0.30453879941418605
2022-11-09,755.9773389121303,763.6138242677789,743.0647364016702,746.64,3010264.272,0.027182147940678122,-0.4543918918916989
2022-11-10,739.9426523743626,760.526505301979,736.2979566620529,752.89,3922697.232,0.03274381948679584,0.53438395415485
2022-11-11,775.7935533894515,787.8730234824953,760.2082600797485,783.43,8580439.157,0.03565995525727192,0.27603513174415667
2022-11-14,781.800534058756,816.2687634385165,781.800534058756,797.49,6138380.0875,0.04408826532877629,0.45518630412899147
2022-11-15,797.4889013500326,867.7790003808843,784.0556824241365,820.19,6719714.2617999995,0.10498367791077379,0.2711442786070035
2022-11-16,816.1636354358,866.0435803225114,802.8692590324524,850.25,6793881.7605,0.07740398928252572,0.5395604395604846
2022-11-17,846.1866052972891,853.892464119834,815.0160592493376,829.56,4335022.880700001,0.04594306341783683,-0.42767857142847054
2022-11-18,826.338640653966,831.3370765211495,813.9813964267622,823.77,4376895.133199999,0.02100310846005327,-0.14799999999979974
2022-11-21,814.4692440677932,831.3390042372847,801.8689911016916,819.19,6236085.24,0.036183088987386175,0.16018845700835854
2022-11-22,819.1510635055005,846.9547840812835,815.7146486028755,819.88,4250204.058,0.03813720920378096,0.023333333333439347
2022-11-23,814.3971572273846,839.1810448013489,808.7739222316111,821.27,3982604.99,0.03733697042025517,0.22602739726037943
2022-11-24,824.1889326389736,832.3808374613624,807.3885854608544,819.85,3285211.5861,0.030323450134772063,-0.17361111111096406
2022-11-25,815.7466156053474,826.1252479216744,812.6226125669882,822.55,2620831.3272,0.016552487128208483,0.5038560411313251
2022-11-28,807.9774765100638,831.6506577181174,793.8499328859027,827.52,4573658.704000001,0.0467843794303402,0.5169880624426841
2022-11-29,832.5167835051512,846.887278350512,817.4520618556668,841.75,6502620.525,0.03535690460306986,0.3136792452831251
2022-11-30,829.2826654357734,847.9572321765731,823.2776467626167,827.2,3781605.5533000003,0.029760160729983148,-0.08438818565386158
2022-12-01,840.0142693127733,885.1390027882529,840.0142693127733,846.54,9075723.4932,0.053719008264464005,0.14461538461545784
2022-12-02,847.7911898312113,854.4557782871397,831.8586580537578,832.9,6099718.5605,0.026654110710777376,-0.6589861751150287
2022-12-05,840.0168514049619,860.9478498098046,838.9755082007408,848.66,5541847.4953000005,0.026157024793389657,0.3933649289100937
2022-12-06,842.3745109374967,918.4617421874965,840.8472124999967,888.61,9235888.64,0.09213779462667011,0.5957066189624697
2022-12-07,888.6059945504053,912.903814713893,873.263656675746,891.73,6665003.323999999,0.04460937500000107,0.07880910683020802
2022-12-08,898.1915108137509,902.4262984285014,882.1548560759262,892.36,3569602.0744,0.02256917607049129,-0.287671232876522
2022-12-09,895.5463220377154,923.9399999999965,886.8685475993655,923.94,6045176.7148,0.041395348837210445,0.7659176029963294
2022-12-12,919.84827059048,931.8583649913971,901.1041926237306,908.22,5376515.024999999,0.03343396226415195,-0.3781038374716578
2022-12-13,903.186392953227,958.0301477905099,899.0210444845727,941.82,6049009.313599999,0.06533435818601177,0.6547058823529905
2022-12-14,938.3866534037439,964.9408366490596,928.1815163133873,959.63,4382084.522,0.039172893393505534,0.5779036827196261
2022-12-15,955.4296806489294,978.7557022800315,940.677360420926,949.98,3872634.9464,0.0398546775658504,-0.14311759343654587
2022-12-16,949.9799999999965,954.5618971061058,937.5533396667606,949.98,2780441.0127999997,0.01790412160187184,2.0720698871365166e-13
2022-12-19,947.6158314643885,961.465601308868,937.5495827052431,944.11,2839553.8408,0.02523809523809615,-0.14658925979665294
2022-12-20,943.6275618574139,947.168117726807,910.8253530674465,921.69,4464217.8144,0.03851388633437678,-0.6036294173828873
2022-12-21,922.8663172986193,935.4317668364423,917.5555057536277,920.02,3024525.3075,0.019370368977320928,-0.1592233009706621
2022-12-22,923.3167924669273,943.1715746207275,916.3745609446196,928.94,3139787.4212,0.02902255639097858,0.20984455958561551
2022-12-23,920.1990151430971,942.8308430523124,916.3807619682294,937.52,3200339.6243999996,0.028743870237647202,0.654855643044724
2022-12-26,937.5513451652811,940.6753592735696,923.3197253386329,925.09,3085021.1512999996,0.01851166234727981,-0.7179999999997572
2022-12-27,925.0858222222188,973.3342666666631,919.1502222222189,937.2,4870713.6,0.058571910997712154,0.22357463164644165
2022-12-28,933.4881410447725,940.6733582089515,923.6648731343248,930.26,3472007.0,0.018220354739152414,-0.18979591836712711
2022-12-29,926.7875918912864,938.9364929085879,910.2303753619927,934.91,3261747.8009999995,0.030973782771536458,0.28295042321655534
2022-12-30,933.6252034469805,940.6715623829115,923.6631097789401,926.44,3376629.301,0.018217645090531483,-0.42244897959161637
2023-01-03,926.4454089960108,929.8124080470642,903.6747762383719,914.47,4739597.225,0.028212813787936632,-0.4581673306771338
2023-01-04,912.8714581120014,924.1179067385001,897.2861018363905,914.85,3872750.64,0.02939275257614482,0.07373868046584504
2023-01-05,914.8510140728444,1006.3499999999964,914.8510140728444,1006.35,10406594.3232,0.1000151768098356,1.0000000000000289
2023-01-06,1020.5113741636609,1040.852179104474,986.2166381883651,1011.66,11062200.422999999,0.05353741496598739,-0.16200762388811601
2023-01-09,1028.283067567564,1033.5591621621586,998.9868581081048,1027.45,7512556.96,0.033621388063732924,-0.024096385542066633
2023-01-10,1027.487781309166,1044.808696240191,1017.0396943467641,1026.62,4870102.464000001,0.027026113982636556,-0.03124999999987132
2023-01-11,1023.9777331381259,1030.9199550577064,1009.4337782166048,1019.5,3768037.8981,0.0209830508474585,-0.20840064620338214
2023-01-12,1019.5089396933523,1028.0826589437784,1007.7764817717169,1018.78,2858631.3,0.019917605801642216,-0.03589743589725159
2023-01-13,1023.6351058425026,1038.9080609652801,1011.1737629127822,1024.85,6466993.6125,0.027093930145813235,0.04380475594506004
2023-01-16,1037.7636069767407,1069.1079069767404,1030.9254817275712,1044.81,8741223.61,0.03679298926313763,0.18454545454554122
2023-01-17,1041.3355015753596,1044.8066199139441,1016.7599837381812,1024.57,5719399.8771,0.026933333333334208,-0.5977722772275721
2023-01-18,1027.4551738158127,1050.0869566985123,1015.3062106119095,1024.47,4720776.1056,0.03385135135135224,-0.08582834331326955
2023-01-19,1020.5111262798598,1027.4533788395868,1003.5373187713275,1017.04,3791469.81,0.023435374149660817,-0.14513788098678004
2023-01-20,1020.1620418757534,1032.449805156598,998.2245661879182,1002.98,3738206.8294999995,0.03354882613133828,-0.5020283975658009
2023-01-30,1001.071608887649,1018.1842407594108,971.9141833860671,998.26,6330129.1104999995,0.04622052704577066,-0.060765191297745574
2023-01-31,992.7389208633057,998.5703942446007,961.5335960431619,964.97,6464987.3,0.03730769230769341,-0.7497656982191864
2023-02-01,971.7088892829241,982.3999780126212,954.5614937229554,978.79,4401823.4118,0.02864899621347524,0.2543640897756864
2023-02-02,983.6775433546773,984.0593653306433,962.1913794344067,964.76,4962418.583199999,0.022230847948058557,-0.8650793650791595
2023-02-03,963.0947952303181,981.630534459504,948.6549684150723,978.09,5538715.582599999,0.034239169610034904,0.4547368421053543
2023-02-06,971.571341201713,978.8607296137302,941.9278283261767,970.53,5296062.972,0.03801357627724283,-0.028195488721704468
2023-02-07,972.295398991714,977.1202556715843,958.098518545189,963.93,3192344.7819999997,0.019563742815323592,-0.4397810218975984
2023-02-08,965.0110109051217,970.1830061795674,951.0917484551036,954.91,2849876.4420000003,0.01978346102658288,-0.5290909090906873
2023-02-09,954.9104350635331,978.1323573120792,952.827751453798,966.99,4440606.987,0.026499454743730583,0.47736625514415054
2023-02-10,964.9711191335705,971.9133574007184,951.0866425992745,961.5,4088619.72,0.02158273381295061,-0.16666666666649035
2023-02-13,954.5558146930952,995.4455146824939,952.8202586663805,982.29,7762871.3139,0.04465454545454641,0.6506514657981156
2023-02-14,982.3311016860001,1001.3529194854323,976.0136366504223,990.28,5866093.0394,0.025795053003534615,0.313698630137115
2023-02-15,988.1615237290487,1003.1568089001513,982.677137022951,985.94,5890211.3304,0.020725024589013197,-0.10847457627100424
2023-02-16,985.7994519787693,1013.5684506260586,978.857202316947,1000.76,5441214.0849,0.03521126760563481,0.43100000000009075
2023-02-17,999.6805002842486,1020.0212215747547,975.4521326037484,976.91,3977189.0608,0.0445833333333345,-0.5109034267911813
2023-02-20,971.9490971929789,995.3791761403472,971.9490971929789,989.27,2996709.45,0.02410628191850389,0.7392592592593816
2023-02-21,987.5302029089568,992.320331836951,955.0059217094596,966.53,3574952.722,0.03778558875219792,-0.5627906976743096
2023-02-22,958.0352899824219,1012.0115536028084,954.6335704745131,987.54,5650548.385000001,0.05989130434782725,0.5142165759226153
2023-02-23,988.2264298093552,996.14057192374,949.384653379546,961.36,4817744.1263999995,0.047312961011592235,-0.5746102449887758
2023-02-24,954.5236698223949,954.5930922501067,936.8556619697603,945.95,3222439.992,0.018582493908870526,-0.48336594911915065
2023-02-27,945.9874368613102,959.9413850364929,933.3178072992666,951.09,3870778.8200000003,0.028143690602870503,0.19165580182542377
2023-02-28,944.5591089036559,963.2336936673692,937.5474618362394,950.46,2871794.0398,0.0271938850507138,0.2297297297298583
2023-03-01,950.2193778528521,970.6989918412787,944.2490497070733,965.77,4014319.1338,0.02783561643835723,0.5879265091864619
2023-03-02,965.9419122302122,971.2180071942411,954.6607881294929,964.97,2134756.44,0.017141009055628514,-0.058700209643382205
2023-03-03,967.6801831728113,982.2936187534038,949.3526440123535,955.08,2661509.441,0.03404117942463705,-0.38250790305572885
2023-03-06,955.0408486818311,961.3582665222067,939.1778819068222,961.15,2123141.826,0.02322454023406361,0.27543035993754794
2023-03-07,959.7273307898275,970.1406621666205,941.0180454161896,946.19,2821941.6347,0.030344677926869915,-0.4648390941595837
2023-03-08,937.7201730452946,943.0309702496601,922.6208476603344,928.73,2825987.4492,0.021765685730150898,-0.4404761904759914
2023-03-09,929.2569237549546,959.768179814893,929.2569237549546,945.12,4143736.7447999995,0.03283403683090029,0.5199089874858764
2023-03-10,933.7286687534489,956.117330141775,930.2575584606851,942.58,3052352.344,0.027695167286246356,0.34228187919475583
2023-03-13,942.5806526390836,981.9777817403672,935.9508273894402,973.3,4213949.34,0.04883078622721505,0.6674208144797004
2023-03-14,973.3692042151127,987.1495185319731,942.4068859011593,955.25,3443324.4159999997,0.04596676413950599,-0.40496508921636043
2023-03-15,951.2991569831952,962.4067878025274,937.2063503811672,937.97,2775116.1648000004,0.026490549514705773,-0.5289256198345457
2023-03-16,930.2580386145445,959.4153801233584,927.1340377386002,951.05,3130368.6288000005,0.034701492537314214,0.6440860215054702
2023-03-17,958.0317991631763,959.2466945606659,905.6524518828418,912.56,7758284.16,0.0559420289855083,-0.8484455958548419
2023-03-20,912.5603480094876,923.9456577906635,888.6095438966483,921.62,4554011.5894,0.03872194750855946,0.25638506876237377
2023-03-21,922.3169905956079,952.8283238060079,910.5845325465576,941.2,4277857.628,0.0458018140077538,0.4470008216927602
2023-03-22,942.5167045540046,963.1352337222395,913.255054572823,922.28,3857355.547,0.05292232902441821,-0.40570633263735933
2023-03-23,922.3144557772997,953.9017560203221,914.9903674791925,942.69,3231620.0414,0.04218885250837485,0.5236396074933886
2023-03-24,940.6756982227024,978.8581066376461,939.981472615158,956.99,4397059.346999999,0.04132841328413381,0.4196428571429369
2023-03-27,957.0285133446034,964.942716712003,933.73715168002,944.22,3175501.6356,0.03260672445685796,-0.4104560622913061
2023-03-28,947.6157514502261,989.2691910744119,940.6735115128618,975.35,4599387.6249,0.05128205128205236,0.5707142857143471
2023-03-29,974.0658106861528,981.5634307812353,962.8193805435287,978.37,3717479.7260000003,0.019243104554202393,0.22962962962980488
2023-03-30,975.3865917444127,990.312436386765,966.9864652247633,982.19,3020411.2463999996,0.023914590747332026,0.29166666666680446
2023-03-31,982.3255067567534,1038.4881452702668,982.3255067567534,1027.45,8845883.040000001,0.05717314487632619,0.8034610630408384
2023-04-03,1017.1140401146096,1047.5906672124402,1013.5734752353628,1017.6,4435613.406,0.03344481605351276,0.01428571428582081
2023-04-04,1022.1413283828349,1059.1782013201284,1006.6254125412507,1051.75,5738701.83,0.0514144055421614,0.5634081902246264
2023-04-06,1047.8604297945749,1065.875520660594,1011.8302480625367,1025.68,3894307.0335,0.05157678547767418,-0.4104046242773823
2023-04-07,1020.5089156626469,1037.170285714282,1002.459098106709,1008.36,3129010.3600000003,0.03401360544217783,-0.34999999999988474
2023-04-10,1008.3615503609453,1017.0393606050154,958.064962186315,1009.75,8081434.719999999,0.05848537005163605,0.023543260741670888
2023-04-11,1010.3012386970602,1014.7789704290716,982.4282264427572,994.23,5070189.0876,0.03202088916374744,-0.4967811158796976
2023-04-12,994.2342563085762,997.5665360490231,955.531215573176,962.89,7646653.055999999,0.04227909087735321,-0.7456647398842947
2023-04-13,958.0990595633908,964.416501373424,944.422839381231,960.39,5555311.079600001,0.020868053039635737,0.11458333333351348
2023-04-14,957.1291722869372,982.3295704547879,956.157256104155,962.44,4105237.4384,0.027344599985494707,0.2029177718834103
2023-04-17,980.5963755882001,1001.3537785121557,954.5628434929381,966.33,4541495.7776999995,0.047716814159293144,-0.3048961424331522
2023-04-18,964.3455730750159,982.325956303468,958.6182309269569,981.84,3250279.2022,0.024584263191995682,0.7379209370425881
2023-04-19,977.8853209746879,978.8572359607481,951.0882363590248,958.69,3451458.0492000002,0.02839698991906951,-0.6912499999998549
2023-04-20,958.7254269870574,960.9816598890908,933.6985974121961,938.94,2846971.9250000003,0.028457639391746246,-0.7251908396944957
2023-04-21,943.6254097458989,967.7497305026912,930.2615773842225,946.68,2925007.4316000002,0.03972779106124811,0.08148148148157583
2023-04-24,949.3516421291018,949.3516421291018,912.904869762171,919.5,5024305.319999999,0.03839122486288959,-0.8190476190475018
2023-04-25,918.2203122886095,933.250342728294,909.8895794813943,923.67,2551595.646,0.025441348807319776,0.23328380386344852
2023-04-26,923.6337851967997,934.4290088878895,915.0947979684781,929.5,2605507.4334,0.020932767108873974,0.3034111310594178
2023-04-27,923.3149862952775,947.647460182232,904.2238869545857,937.13,4119068.6612000004,0.04703007518797084,0.3181454836131866
2023-04-28,946.5800138817822,965.3588839774934,939.9848469350445,950.19,3545297.0742,0.02680601393472777,0.14227086183323898
2023-05-04,992.1165416723655,1034.6725167647426,982.3279731764028,1014.54,13552173.065199997,0.05276047862291049,0.4283819628647793
2023-05-05,1023.9777777777743,1045.151555555552,1007.4205777777745,1038.73,6297683.3325,0.03684745762711946,0.39098436062565856
2023-05-08,1042.4866010458286,1044.8122628934652,1008.3653234902048,1015.62,5719309.396199999,0.034961542303467145,-0.7371428571427437
2023-05-09,1010.4111043072096,1025.892342155333,1000.726652828227,1003.33,6776739.6735,0.024906386340995162,-0.28137931034466923
2023-05-10,1004.5472331460637,1004.8943469101088,982.3319522471875,988.58,4148801.216,0.02246026261230231,-0.7076923076921124
2023-05-11,988.5778073461922,999.303598865503,984.0653384222103,991.32,2771648.0941,0.015414325842697531,0.17995444191365362
2023-05-12,989.2682014183349,996.2104344107443,968.4415024411068,974.03,3045892.4694000003,0.028070175438597494,-0.5487499999998493
2023-05-15,973.4758783521831,988.4711209782535,951.5383937695988,985.0,4000941.3348,0.037939026564450896,0.31203007518805764
2023-05-16,985.8358625004433,986.9813356690822,961.503235493901,970.91,2006138.8590999998,0.025844160416887592,-0.5858310626701435
2023-05-17,965.6283099719626,971.9110204973204,947.7868005242618,953.41,2505394.1648999997,0.024982925338798277,-0.5064748201437108
2023-05-18,953.8654665898583,978.4410397465402,951.0885656681993,964.14,3396099.3024,0.028675400291121863,0.3756345177666093
2023-05-19,960.3245250731038,971.0156243907686,937.9009855951442,961.47,2907973.9751999998,0.034482758620690786,0.034591194968659485
2023-05-22,954.562777525258,1006.6298381175448,943.8022516695186,992.78,4768590.3881,0.06581818181818291,0.6082872928177245
2023-05-23,992.8129538812423,999.1651240287939,971.7084760139675,973.93,3010137.9965999997,0.027655408712678527,-0.6877370417191835
2023-05-24,968.3771262065162,973.5491167364743,951.0908759788709,953.0,2553350.6914999997,0.023191626639903578,-0.6846986089642633
2023-05-25,952.9957952502212,952.9957952502212,914.2233930176772,926.65,3702604.3896,0.04068475687488722,-0.6794986571171729
2023-05-26,926.6486801644049,933.0355305221459,905.9608387882444,912.07,2604887.0256,0.029217860353612065,-0.5384615384613842
2023-05-29,912.2476152690538,919.8493894688149,888.609221524591,901.14,4200832.4852,0.03424527224991546,-0.3555555555554286
2023-05-30,897.3206071579885,911.170397195358,892.3568979466005,901.0,3007972.4353,0.020966306912693033,0.1955719557197347
2023-05-31,888.9593720228611,892.9858963162875,867.8548308986948,874.45,4300831.1432,0.028270206950410992,-0.5773480662981901
2023-06-01,874.4153137795241,890.9032370078706,872.7491657480281,881.67,3590226.5,0.020761383033624372,0.39961759082234355
2023-06-02,878.0902461240274,895.5499999999963,873.0224050387561,895.55,4089705.06,0.025655216033522846,0.7750385208013589
2023-06-05,885.1322740572134,887.9091596228832,852.1567579648859,854.17,5071942.576,0.04039215686274627,-0.8660194174756017
2023-06-06,857.3693752552027,863.6174111882366,833.0714577378487,850.08,5994911.998000001,0.03562753036437367,-0.23863636363624102
2023-06-07,849.8339122233366,852.0901391683399,825.6402171361468,828.07,5132460.9504,0.0311236368092157,-0.8228346456691313
2023-06-08,829.7018525458215,855.7352537678173,826.1265987780007,852.16,4228580.38,0.035685897167720734,0.758499413833619
2023-06-09,849.7358766827965,866.0155386993092,843.5919530646244,853.45,4032848.2532,0.026388888888889968,0.16563467492274517
2023-06-12,850.9500059382389,895.5541567695926,844.3201282660299,876.81,4397803.890000001,0.06020803589639107,0.5047425474255322
2023-06-13,876.3160553282647,897.6633726865347,871.4217923241736,890.86,3814617.1815,0.0299453378753081,0.554232804232913
2023-06-14,890.8652707702622,936.7883081062863,890.8652707702622,928.77,5322186.7074,0.051548801870252445,0.8253968253968856
2023-06-15,928.4934639961101,937.9002354172079,920.6139912559286,928.91,3999019.3306,0.018617518411904233,0.024096385542376152
2023-06-16,930.2571108622585,940.6357256438935,920.1908958566596,929.91,3789608.9189999998,0.02197761194029944,-0.016977928692528017
2023-06-19,928.5230746009548,937.2008603448891,905.9608316667261,919.88,5297454.4964,0.03364485981308514,-0.27666666666654305
2023-06-20,923.2840977716586,924.8461032756146,896.5911592707223,908.15,3687496.9416,0.030602654235122685,-0.5356265356263892
2023-06-21,905.752948986719,914.2224714651724,892.076752853479,894.09,3188580.2441999996,0.024450065149077507,-0.5266457680248958
2023-06-26,885.0997913029644,888.5361958419263,864.2383859704775,874.86,4217057.668,0.02745205694341062,-0.42142857142841533
2023-06-27,876.493586982245,890.3086615384581,867.6075088757361,879.93,2774907.3299999996,0.025899964357848478,0.1513761467891365
2023-06-28,879.1626231832649,897.8024813895746,871.595604395601,881.28,2889087.9381,0.029808907138345997,0.08079470198688109
2023-06-29,877.775205135358,888.2579681830833,864.3072843985453,870.59,2581469.4493,0.02728566909206058,-0.2999999999998427
2023-06-30,871.9497453310662,876.1151103565331,850.8105178268219,858.69,3257245.0385999996,0.029020700636943782,-0.5240054869682944
2023-07-03,861.9154859154896,889.8580563380248,845.3234999999968,887.22,4738317.912,0.05166928436229016,0.568199532346129
2023-07-04,887.2221426904189,892.4288454057383,869.6929102155104,892.29,2777954.8784,0.02562597809076796,0.22290076335892578
2023-07-05,888.5781328887796,888.5781328887796,865.0090656505482,874.52,3242180.5884000002,0.026524473612251707,-0.596465390279651
2023-07-06,874.3791433891957,881.668528864056,851.4696461824919,857.44,3502545.984,0.03453751488686094,-0.5609195402297512
2023-07-07,853.8641550607252,864.3122672064742,845.5681457489844,857.37,2310176.18,0.021952111874467547,0.1870370370372155
2023-07-10,859.4840635437847,865.4543902240291,845.1830484725017,852.16,3102584.81,0.02358547716166666,-0.3613013698628275
2023-07-11,850.4292205665595,851.4358510725361,840.6058952840967,847.93,2485908.0916,0.012734693877552128,-0.23076923076889452
2023-07-12,846.8504246647885,859.242341769569,843.7958344540863,851.71,2213092.6317,0.018239947534534093,0.3146067415732379
2023-07-13,856.3137131503148,878.4524869226677,854.6620903450757,866.61,4302173.1025,0.027782337491793575,0.43279172821283574
2023-07-14,867.5542387096739,878.4478637096738,862.9859443548353,871.49,2713794.56,0.017822423849644546,0.2545454545456704
2023-07-17,868.0175276722919,874.5888923002308,860.2513694756369,869.88,1977624.2894,0.016517549896766348,0.12990196078455143
2023-07-18,870.4363128263672,874.6883432604402,859.8940886096569,861.37,2192010.112,0.016996366572467874,-0.6128266033251313
2023-07-19,861.371263916172,869.7347740667941,852.1643745906972,858.56,2044552.8288,0.02039817232376098,-0.1599999999997937
2023-07-20,860.247183673466,885.5485714285679,857.9981714285681,860.95,3472627.55,0.03202614379085075,0.025510204081756575
2023-07-21,860.9545939959622,894.7602396867425,856.4214045010448,888.47,6590805.3079,0.044530612244899,0.7176901924840353
2023-07-24,888.3613527348909,888.3613527348909,864.5358386069536,871.81,3382461.5409,0.026819620253165675,-0.6946902654865478
2023-07-25,903.1246136012329,927.7233384853132,897.85345826893,909.45,8388836.368,0.03307392996109057,0.21176470588246762
2023-07-26,905.5483515679139,924.2082209723363,897.887614222972,912.19,3077105.4486,0.029065931933719914,0.2523364485982584
2023-07-27,913.5948560258594,945.2920081196868,906.6369445906289,934.82,6953627.1298,0.04231094699592388,0.5490909090909839
2023-07-28,938.3315225536786,979.0246505260089,927.7541205505082,975.37,7471124.154,0.054640101865029975,0.7224126113777107
2023-07-31,975.3366689941531,1036.6576017051889,954.076402925284,956.22,8456071.3123,0.08466942893172494,-0.23148936170208112
2023-08-01,956.2541470406801,964.5825401337509,938.1917248894634,945.8173,4211204.336499999,0.027598118477143385,-0.39547270306243487
2023-08-02,941.4242212474874,951.6150769459485,938.2966827745114,945.36,2465562.9195999997,0.014147069802166172,0.29551451187359273
2023-08-03,941.7071661721031,955.8338278931712,929.5835385756639,947.4,2954055.728,0.027875214568252475,0.21686746987964942
2023-08-04,955.6518020690387,973.3978642144649,943.0011439059627,947.71,2684076.2405000003,0.03180731752160416,-0.26127167630045356
2023-08-07,934.7879627539467,948.0712923250527,927.7246049661363,934.05,3144299.7060000002,0.021766099018834893,-0.03626943005163324
2023-08-08,934.047571801563,947.2957258485603,925.1920417754533,942.13,2765826.8400000003,0.02366440933032468,0.36565977742462946
2023-08-09,939.9817019474985,959.3442918676104,936.5027611088577,954.53,3133252.05,0.024299973830798523,0.6369230769232046
2023-08-10,950.1407649508053,957.8014901064854,943.1125767345852,953.69,3048841.3962999997,0.015459723352320017,0.24162679425859884
2023-08-11,957.3063265917567,964.8616037453146,938.2599999999964,938.26,3040155.45,0.02778797445121604,-0.7159841479522855
2023-08-14,930.0730272672457,935.1333104850823,910.4644297981284,933.06,3229368.4136,0.02652359542071374,0.12108262108275382
2023-08-15,942.4108382983533,943.535349702095,922.5210428446702,926.0,2512267.4486000002,0.022298456260721567,-0.7809364548492921
2023-08-16,921.3919051419415,935.202241477593,917.5966982100067,924.66,2360081.3838,0.01910755148741527,0.1856287425151601
2023-08-17,918.4074500513201,966.3747800425216,914.4013873267801,958.5735,4306576.989399999,0.056590778649321945,0.7728194726166827
2023-08-18,954.4268633131383,962.790397682377,932.9909138793747,934.01,2810412.9599,0.0312223858615622,-0.6851415094338167
2023-08-21,934.7830982811072,974.3166115161828,931.3744309177274,946.5553,5412347.449600001,0.04593812262696986,0.27414075286423567
2023-08-22,946.5904627670245,954.5323064981508,931.2338888267494,942.5844,3231868.4001,0.02461298585588702,-0.1719457013572987
2023-08-23,941.7761236550956,951.0884621912373,927.5791999999964,927.5792,1961980.3652,0.024962686567165167,-0.6038863976081924
2023-08-24,927.5792257460467,969.0103481568132,926.2438715037998,960.8928,3646087.2416,0.04610547052583833,0.7789646672145285
2023-08-25,954.1457219171465,962.5092561620006,938.9648530357305,950.9479,3047628.7627,0.02467589864466803,-0.13582089552222773
2023-08-28,987.4592912428093,1003.2726962627119,943.5331661875241,953.4429,4639387.5024,0.06049822064057035,-0.5694117647058139
2023-08-29,947.047241260011,966.3747359796031,941.7761063364859,964.9691,3265779.3560000006,0.025974025974027024,0.7285714285715474
2023-08-30,966.3044670159287,989.2163337878534,960.2953731232919,979.3066,3442007.3348000003,0.029929449414503928,0.44957472661007153
2023-08-31,994.4874459295226,1018.7346663426451,961.1035917375422,1012.2336,6951669.0775,0.057950530035336546,0.30792682926835135
2023-09-01,1012.0579356559163,1029.9797949331564,1008.9303955075352,1027.8362,4783501.3809,0.020798611111111996,0.7495826377296889
2023-09-04,1027.414477301638,1050.2912028454136,1019.0860841313234,1027.5199,6151265.584,0.030372473235969078,0.0033783783784920346
2023-09-05,1038.8352716164404,1039.0461170135618,1015.2205871388594,1018.067,3407803.6850999994,0.022934848792369705,-0.8716814159290113
2023-09-06,1018.0318980089075,1020.7377473753794,1006.0839917153961,1009.5278,2258279.3519999995,0.014394200897481169,-0.5803357314145845
2023-09-07,1001.5156134807758,1017.1181725118447,996.912155748636,1000.9885,3558930.1425,0.02017543859649228,-0.026086956521557358
2023-09-08,996.2445176058791,1005.9434060312485,985.104852276741,993.9955,2001650.3042000001,0.020917107583775307,-0.10792580101162265
2023-09-11,993.9954588713923,1010.4765403325633,982.1881169290608,993.2575,2851336.4555,0.028459308491834444,-0.026086956521616175
2023-09-12,993.2575123845024,998.6340699431379,985.9130644776084,988.8649,1807344.9659999998,0.012807358924465946,-0.34530386740300095
2023-09-13,990.9733588842719,996.2444937719542,976.9169991837858,990.2354,2062147.6737000002,0.019503546099291752,-0.03818181818162615
2023-09-14,987.3538466924105,999.7585841335044,984.2263066576869,991.7816,2133094.3400000003,0.015731216855893067,0.28506787330337946
2023-09-15,992.4141428658219,997.4392914947588,977.4441196775196,982.9261,3296376.7557999995,0.020148011755958647,-0.47451669595762513
2023-09-18,973.4380780447268,996.2445223121189,971.997301134152,994.5929,2512570.522,0.024908848056027763,0.8724637681160535
2023-09-19,994.5928704157575,994.5928704157575,975.5113621432863,986.3699,2051178.6647,0.0191852453803492,-0.43093922651912564
2023-09-20,985.4914390417575,985.4914390417575,973.4029689579476,976.9522,1419624.7038,0.0122664384538593,-0.7063953488368591
2023-09-21,971.9973053760247,976.2142134253783,956.535309195061,956.957,2554957.9808,0.02024584237165687,-0.7642857142854967
2023-09-22,955.8324690290947,977.9009539757958,950.7370385875794,975.7925,3741746.3304000003,0.028419117647059705,0.7347994825356866
2023-09-25,976.0735914766263,981.9772623928156,961.8766685591237,963.1066,2326451.4171,0.020593317972351144,-0.6451048951046858
2023-09-26,961.8064070024262,967.3586690523488,953.0211822398903,954.4971,2298103.4825999998,0.01490683229813759,-0.5098039215683395
2023-09-27,962.4741243981983,979.6580247534766,957.3084120214583,969.3266,2968118.3936,0.023221001131842164,0.306603773585051
2023-09-28,969.3969059676197,973.2624051214091,953.7240639440728,955.1297,2454976.4220000003,0.020155151163634828,-0.7302158273379099
2023-10-09,955.3053458288911,965.2853612129412,938.402573294637,956.6407,3490209.1063,0.028140518668384226,0.0496732026145137
2023-10-10,956.9218472933802,973.9651837825761,945.8173229004196,946.485,2832085.8593999995,0.029415004957586314,-0.3707865168537894
2023-10-11,946.55527750454,954.251134564738,943.8494282185342,947.4338,1890235.7100000002,0.010989010989012112,0.084459459459803
2023-10-12,954.0753976977311,963.1417495432564,937.840302532488,946.3444,2632703.73,0.02651933701657551,-0.3055555555553985
2023-10-13,941.8464350131393,945.2551024333421,926.8061292827601,935.8022,2272870.5,0.01958809044101292,-0.32761904761882726
2023-10-16,935.7319062690163,936.5050060864237,917.9506104686515,923.784,2050319.416,0.019828751689951404,-0.6439393939391632
2023-10-17,926.3844266585479,934.0451430310372,915.4907474132648,923.784,1964794.0368,0.020028829375617646,-0.1401515151513176
2023-10-18,920.6564403030732,938.2620312260793,914.4013600948991,918.302,2435771.5596000003,0.025917019733578812,-0.09867452135478108
2023-10-19,916.1232222656213,917.1774492187462,898.4473503515588,899.607,2386068.48,0.020444955887994897,-0.8818011257033257
2023-10-20,896.1983627641537,907.0217598441584,889.4161691393456,892.9654,2024580.7674000002,0.01964474767674501,-0.1836327345307223
2023-10-23,892.9653942216387,912.4334524798254,884.1450284765034,888.5025,2061852.0468000001,0.03167919404982186,-0.15776397515515125
2023-10-24,890.400108974604,911.9063394068583,882.0365749176162,906.4595,3459431.9375,0.03354645196937518,0.5376470588236313
2023-10-25,924.2057175555011,930.8473479972497,910.6413294575382,921.1836,2944136.2824,0.021863117870723484,-0.14956521739112247
2023-10-26,913.6282375808845,935.2047496726826,910.1492885628257,934.0451,2276460.048,0.02742413169737397,0.8148667601684125
2023-10-27,934.5722670822353,952.9509584033111,927.790073153043,949.8937,2188559.5088,0.02692235382590822,0.6089385474861538
2023-10-30,950.139695151819,980.0094614392309,950.139695151819,969.8186,3293219.6636,0.031437236481989254,0.6588235294118668
2023-10-31,975.1599831553259,985.3508442405526,961.911863744531,980.5014,3121413.4812,0.024036036036036924,0.2278860569716537
2023-11-01,1019.0860627674714,1036.5862303280992,983.9451640513518,985.3508,5678893.532,0.05165517241379416,-0.640854472630092
2023-11-02,985.38592591636,988.3377613636326,961.1035652727236,966.3747,2696053.25,0.0276381013515933,-0.6980645161288752
2023-11-03,968.1317663073233,975.5113550886134,958.5031599926879,961.6307,2924842.349,0.017568058076226217,-0.3822314049584428
2023-11-06,961.8415839999963,967.9209597638339,941.7761298892952,952.3184,3861218.8400000003,0.02718205399875886,-0.36424731182780096
2023-11-07,947.0472675348801,948.7340307572058,934.7479523720895,944.4117,2699824.875,0.014768089053804504,-0.1884422110550049
2023-11-08,938.2619999999963,945.2198979775244,932.9205833707829,938.262,2150895.93,0.013108614232210783,2.9578711687701384e-13
2023-11-09,934.0099968060404,943.1114900590883,931.2690065599486,939.5974,2121446.3959999997,0.012679182813500363,0.47181008902102856
2023-11-10,936.1184818035027,938.9297539437588,925.962761196828,936.0482,2600255.9934,0.013851871316491824,-0.005420054200262432
2023-11-13,932.9908747004415,933.5531290882084,919.2156422001563,923.8191,2113519.9284,0.015367231638419288,-0.639705882352642
2023-11-14,923.7488166749533,930.8121374096003,915.2798599732123,918.4074,2179321.8585,0.016814394948074306,-0.3438914027146737
2023-11-15,923.6785916688742,934.0451575635791,920.9024604631735,927.1224,2558264.5311999996,0.014228647517596744,0.2620320855617383
2023-11-16,926.8763837595333,931.9366733887937,915.6664365947133,916.5801,1521734.386,0.017553836821353776,-0.6328293736498507
2023-11-17,913.6633983890918,916.5098112840732,899.607038413875,907.4786,2063288.5344000002,0.018500000000001064,-0.36590436590412756
2023-11-20,907.3380514142738,926.1384331922226,898.2014172791959,913.1363,2747848.7875,0.030790085205268374,0.20754716981144647
2023-11-21,913.6634385697948,929.4065624343822,904.9484950018983,923.8543,2987337.9579999996,0.026769230769231964,0.41666666666679375
2023-11-22,917.8803340279583,929.4768313567954,915.4907527601979,927.4738,1781479.9926,0.01523736600306384,0.6859296482414232
2023-11-23,924.3813392925393,927.3683156787724,911.9063202676828,918.9345,1603334.95,0.016726858011785754,-0.3522727272724734
2023-11-24,917.1774494144713,922.4485841812212,908.7436337876717,915.2447,1582494.2,0.014942528735633237,-0.1410256410253687
2023-11-27,907.8651338220885,910.4655603714529,890.8217976539555,898.7285,2584161.9375,0.02163731372169629,-0.46511627906957503
2023-11-28,892.5788703956308,908.3922755798053,891.9111932878545,901.5398,1741307.47,0.0184645669291349,0.5437100213221496
2023-11-29,897.8500219961472,901.3289712007507,886.8157790643746,894.6522,1429759.6187,0.016164383561644978,-0.22033898305059596
2023-11-30,897.1471667311228,911.906344562187,892.5788497834124,908.6031,1995472.9984000002,0.021543282412848655,0.5927272727274285
2023-12-01,908.63828691345,911.8712498401638,889.7676228738273,890.4353,2293711.619,0.024326101249179357,-0.8235294117645062
2023-12-04,889.0998771155857,894.3007301179615,852.6236243016267,857.9299,4939777.3932,0.04687561756452431,-0.7478920741988843
2023-12-05,852.5534013369621,855.6809415339445,837.0211230553192,838.4619,2582966.686,0.02188697910226412,-0.7551789077210508
2023-12-06,831.7148298898497,851.7451430991287,827.5682036465254,842.2571,3619028.9856000002,0.029068784857192196,0.43604651162803454
2023-12-07,842.2570717170836,846.1928524260419,828.3061347397937,838.6727,2597289.048,0.021236648865154733,-0.2003929273082448
2023-12-08,839.6918154149344,849.6015493319468,826.1274278547685,846.8957,3741341.84,0.027955639255075406,0.30688622754504524
2023-12-11,839.7621086523451,859.1247450446723,815.3391825313518,857.3677,5485568.2464,0.05214043603799748,0.40208667736764847
2023-12-12,855.8565820307657,863.2713116061503,850.8665744492273,856.5594,2076494.0625000002,0.014493943748718057,0.05665722379631221
2023-12-13,853.5725080195666,855.5755394299048,825.8111954903177,825.9869,3718780.1115,0.03487031700288285,-0.9268004722548701
2023-12-14,825.8111758241722,830.8011837802162,795.5197190769196,799.4555,4187355.9,0.04272340425532036,-0.7470119521911129
2023-12-15,799.4203623965261,808.2407286087345,783.6420977380338,793.8681,4038315.2007,0.03077058332234505,-0.22571428571413513
2023-12-18,788.9483495088373,797.3470246472549,780.2334062689731,787.0156,2988726.0436,0.02169168411206755,-0.11293634496898655
2023-12-19,784.5206007674084,790.3188493285113,776.8247435863082,787.613,2148662.5884000002,0.017200447928332745,0.22916666666690558
2023-12-20,787.1912969416845,792.9544045127053,772.9943734130724,775.5948,2491120.6635000003,0.025356010892372154,-0.5809859154927488
2023-12-21,769.2343207207173,786.4885030630596,768.9531935135101,780.128,2438303.7,0.022795797167657818,0.6212424849701037
2023-12-22,780.1982825197382,790.670270997843,775.5245426956176,783.2204,2476691.5936,0.019412665525629636,0.1995359628772421
2023-12-25,780.1279350966847,792.7435174705456,780.1279350966847,790.4945,1840948.0595,0.016171171171172543,0.8217270194988132
2023-12-26,789.5105728097851,793.8329033592846,785.3990876529442,789.7917,1815604.6675,0.010682334089999988,0.03333333333374771
2023-12-27,792.3569645811206,801.247611735592,785.7504757864936,795.3088,2513632.1328000003,0.01955827567855358,0.19047619047640735
2023-12-28,794.1491901478008,828.6224126591949,788.2806599139549,825.0029,3973693.5430000005,0.05079870790743092,0.7648083623694027
2023-12-29,825.002957706182,833.507056005151,808.2758883247387,818.0802,4175733.6,0.03058312390850733,-0.27437325905277343
2024-01-02,814.6012539449014,818.1504850673049,785.7505732370473,788.351,4228936.8738,0.039773952806178736,-0.81019522776559
2024-01-03,785.0477314985237,788.9132306240759,755.1779655283472,763.5415,5492158.3136,0.04297224709042188,-0.6374999999998797
2024-01-04,759.0433996691054,762.5574894823882,737.1154792342201,743.4057,4373134.0985,0.03351851851851973,-0.614640883977739
2024-01-05,739.1185207360026,755.4590385956631,736.2721079475456,747.6929,3310096.9332000003,0.025959206960491817,0.4468864468866094
2024-01-08,750.6095865263123,762.557491929821,744.9870428070142,751.1367,3980012.175,0.023408239700375713,0.0300000000001959
2024-01-09,746.2873127945456,748.3606259487049,727.4166490016055,742.6678,4238356.0712,0.028064227527429854,-0.17281879194613492
2024-01-10,741.4378002509317,753.4208463614377,735.8855384167382,742.2109,2774851.6348,0.023650409972037927,0.04408817635289999
2024-01-11,738.3102891634143,752.015239795196,732.6877453144783,748.1146,2774503.8272999995,0.02617801047120548,0.5072727272728828
2024-01-12,745.0573929968302,759.4300216986369,739.0131579437478,754.686,3034309.6784,0.0274030751815879,0.47160068846830866
2024-01-15,750.4338805959576,765.3687623217024,741.4729515605106,746.4981,3529063.4769000006,0.03184265979864327,-0.16470588235279057
2024-01-16,744.4248471819762,757.2864169548521,739.4699801383273,751.945,2812114.461,0.02393315709969923,0.42209072978320744
2024-01-17,751.9449391450493,752.015220941399,731.2820910182483,731.6335,3458882.814,0.027572670343024016,-0.979661016948936
2024-01-18,726.1867305304038,742.597531554246,718.2800276816577,741.3676,3147946.661,0.033486571497702615,0.6242774566475191
2024-01-19,735.1475961520467,758.2703073503282,735.1124552535691,752.5072,2918237.8193999995,0.03150095602294587,0.749620637329402
2024-01-22,750.0122165346307,751.488134310691,724.7459098444559,727.4869,3634732.9480000003,0.03565571850255483,-0.8423127463861718
2024-01-23,727.2760184555951,742.0000545849387,716.8743127413094,728.1194,3038364.224,0.03454773869346872,0.03356643356656612
2024-01-24,729.5602002261429,735.3935894288566,711.0760874512788,730.3333,2912290.6155000003,0.03333172775877987,0.03179190751459223
2024-01-25,730.2981593505848,748.1497359529377,723.9025157647025,746.7441,4092490.7499999995,0.03320180925801315,0.6782608695653327
2024-01-26,743.4760047133241,757.2863781052198,738.5211379238654,744.0734,3257586.0216,0.025239873327977922,0.0318352059926988
2024-01-29,744.0733894151177,761.1167252924357,721.5129324393688,739.0131,4028584.611,0.053225654104091275,-0.12777284826965066
2024-01-30,731.5983648538238,737.9237265750251,704.539873046463,705.5941,4405593.626999999,0.04563139439934817,-0.7789473684209229
2024-01-31,705.5238484933673,708.4405431900326,686.6180443149824,699.7256,3347796.5952,0.030930915973503514,-0.26570048309161287
2024-02-01,696.8440019993968,711.6031790462827,694.2435755673264,703.0288,2910905.0096,0.02491174987392985,0.35627530364390103
2024-02-02,705.9455219398939,732.6877461519631,699.8661463962828,719.1585,4699877.296,0.046493105679726573,0.4025695931478487
2024-02-05,706.2618083912058,747.728070402432,702.9585637903115,738.732,4901153.1680000005,0.06338939197930285,0.7252747252747864
2024-02-06,738.5914706557344,773.3458223770457,734.4448442622918,771.6942,5768094.852,0.052669140736512826,0.850948509485163
2024-02-07,771.6941591091279,788.9131999999964,761.8547071714888,788.9132,5560092.720000001,0.0350637522768682,0.6363636363637454
2024-02-08,789.1240503999963,811.0168310999962,766.7744379999965,773.0998,4316617.800000001,0.0560651941574646,-0.36219221604439217
2024-02-19,794.1842994623377,810.48967623006,769.585670717929,777.7735,4586896.0392,0.05150442477876222,-0.4012027491407965
2024-02-20,775.2082844436258,784.6260460134758,755.8807886846052,766.4582,3094381.0975,0.03708068902991961,-0.3044009779949746
2024-02-21,755.3184757591774,808.6623599223128,752.7180492584712,796.1522,5745828.9408,0.07406718153903548,0.7298994974874863
2024-02-22,789.4052183564532,797.6984711846283,780.7956974119496,790.2486,4257763.2312,0.021412037037038218,0.049896049896256754
2024-02-23,789.9673995364558,798.4012151898697,779.4251299696881,788.4212,3099084.68,0.02402135231316832,-0.08148148148129507
2024-02-26,782.0256086486452,793.2706969369334,771.5184792792759,780.128,2843524.74,0.02781522422935322,-0.08723747980597381
2024-02-27,774.1540721640057,777.6681623690171,761.1870793075137,771.3428,3812989.375,0.02128915115751374,-0.17057569296353528
2024-02-28,769.0937389152976,778.3357956335067,761.3275999999964,761.3276,3583278.342,0.02211459380425976,-0.45661157024770277
2024-02-29,759.0433988956293,770.4641907771608,758.1648764432038,770.0425,4459010.631,0.01620370370370506,0.8942857142859266
2024-03-01,764.4551622680657,781.1119493837715,760.8005085549152,778.4061,4214473.6261,0.026569826238853837,0.6868512110728079
2024-03-04,775.4893581735452,789.6159995540854,775.4893581735452,788.0698,4180033.7197999996,0.018216421968462234,0.8905472636817804
2024-03-05,784.9071433665047,815.1985992038043,783.6420709649468,812.1062,5584032.324,0.040204154727794886,0.8619153674833772
2024-03-06,811.3330800523753,830.0983202095118,802.2667280663431,805.078,4266598.029999999,0.03430353430353534,-0.22474747474734094
2024-03-07,803.1452309797802,828.0249869865044,803.0398082848363,815.2337,3550463.1162,0.03110916648435905,0.4838255977497688
2024-03-08,813.0901799772831,820.5049102035432,797.6984651000228,804.5158,2266668.5473999996,0.02804909672400496,-0.37596302003064835
2024-03-11,799.4554527055783,832.4176159863621,799.4554527055783,824.7569,3571016.8279999997,0.041230769230770355,0.7675906183369675
2024-03-12,825.3894130045734,857.4027711128485,817.5529927431625,852.2722,6463834.3757,0.04827997275204477,0.6746031746032446
2024-03-13,846.8957129772228,855.5052337108086,836.4588653940596,844.0493,2622346.3819999998,0.022489626556017637,-0.1494464944647525
2024-03-14,844.0141784239883,867.980273422954,843.381642192344,849.5313,3319094.5375,0.029144808060622387,0.22428571428584643
2024-03-15,845.1738275376724,860.9520924149921,841.0272011333881,846.4389,1921008.1023,0.023574903330423887,0.0634920634922361
2024-03-18,846.8605198299562,871.1077399918993,840.5351580485795,867.9802,4155125.3899999997,0.036101083032492126,0.6908045977012379
2024-03-19,867.9802491338671,920.6916002958428,861.65488699443,902.7346,6820986.951299999,0.06801619433198494,0.5886904761905257
2024-03-20,902.3480231113149,906.6000719779116,886.6400409347141,903.7888,5264200.9266,0.022120102811746534,0.0721830985917279
2024-03-21,899.2556497279005,938.2269086395161,896.0929686620345,936.3293,5337728.902,0.04685423993747662,0.8798999165972279
2024-03-22,934.7479043977017,934.7479043977017,885.5506462715069,918.9345,6114126.27,0.05263157894736942,-0.32142857142848996
2024-03-25,906.6352272022297,914.7176342664355,883.758501120499,906.3541,4781063.04,0.034147286821706445,-0.009080590238248646
2024-03-26,906.3540889156591,934.7479359939722,903.2265488290626,933.3423,4271559.808,0.034778225806452755,0.8561872909699881
2024-03-27,934.747905559783,939.4216450875819,918.5830921553656,922.8,2756165.5680000004,0.022293233082707798,-0.5733558178750093
2024-03-28,923.1163225194294,937.6295145404628,907.3380580704126,922.2378,3285735.6780000003,0.032814343903461426,-0.029002320185496432
2024-03-29,920.6564390999964,925.9978558999964,905.3350066999964,913.6634,2519618.4,0.022443604717738447,-0.33843537414946934
2024-04-01,917.0720575985097,947.9960492713718,912.4685997472085,945.2902,4350835.59,0.03874008506725004,0.7942631058358838
2024-04-02,940.3704719640144,946.8715383808059,931.3744016791569,937.5592,2490191.14,0.01647982062780358,-0.18140589569136864
2024-04-03,935.5210098876369,955.7621676404458,927.719730337075,938.262,2333580.0,0.029975208474195412,0.09774436090237802
2024-04-08,931.2338725567429,931.2338725567429,889.4864823455199,891.7355,7089156.0896,0.04483018867924624,-0.946127946127841
2024-04-09,887.1320622077583,908.3923077072907,886.6752304862807,901.8561,2903091.1488,0.02448009506833154,0.6779935275082227
2024-04-10,899.642217523022,906.2487069919619,890.0838923339177,896.6201,1781926.776,0.017968048123121232,-0.18695652173889768
2024-04-11,892.4734751293084,910.1493485785363,891.8760798039866,903.578,1817669.9690999999,0.020474859235343784,0.6076923076924735
2024-04-12,903.1211134903605,907.5137259100607,882.0365738757996,886.1832,2108514.807,0.028210116731518485,-0.6648275862067338
2024-04-15,886.1831792347195,926.7709170416869,882.0365532076873,922.9757,3625599.5879999995,0.050479816004442415,0.8224666142969966
2024-04-16,918.2317392417997,924.5571013950154,890.8218365778654,891.7355,3338540.1504,0.03673938002296322,-0.7854166666665388
2024-04-17,890.0486883028296,901.3289168619424,886.2534712175207,896.7606,2186131.0692000003,0.01693777637397456,0.4452214452216493
2024-04-18,896.7605905513012,912.9254038924823,889.7675517363119,895.5658,2280548.1615,0.025823895920687855,-0.0515933232168446
2024-04-19,894.8630385256935,896.9363516720912,875.7815293986779,884.7776,2537441.3578,0.023640290594935394,-0.47674418604632035
2024-04-22,886.7454520957124,913.5930991354653,883.8287574565769,910.5007,2762083.73,0.033565823888405684,0.798110979929258
2024-04-23,910.114193677347,926.3141490148217,903.8239724074815,922.0621,2883771.056,0.024711378817716147,0.5312500000001327
2024-04-24,917.1774510477463,926.2789437612086,904.9484183671096,920.6564,2124120.6036,0.023256704980843958,0.16309719934118075
2024-04-25,920.6212553255659,920.6563962239294,897.4985442024182,908.2868,1706677.4100000001,0.02515459195358539,-0.532625189681151
2024-04-26,909.8681779054787,940.3353380415842,909.8681779054787,929.4768,3937487.185,0.03348524640815783,0.6435986159170517
2024-04-29,927.7197744869543,955.0945360144293,917.1775043223298,934.9588,6475988.1998000005,0.04087121212121328,0.19091751621880929
2024-04-30,941.3544572481899,969.4671780858243,934.3965588408753,953.1618,4073756.2724,0.037255487531731725,0.3366733466934798
2024-05-06,966.269326511891,1009.3872107767231,961.3847414158748,980.8528,7846456.7592,0.04967814670691456,0.30380673499274713
2024-05-07,980.3960146729404,991.5005395891254,970.34571680576,985.2806,3188988.8477999996,0.02157783433098062,0.23089700996693333
2024-05-08,985.7022518740052,987.4592968862584,966.3747567392207,975.0897,2454835.0372,0.021390374331551863,-0.5033333333331348
2024-05-09,976.9169907873867,983.8046069814272,969.8888109975494,976.4953,3092006.8844,0.01424460431654773,-0.03030303030276942
2024-05-10,976.2142435711137,979.9391791297363,959.3466108528222,967.4993,2408780.1864,0.02109431245500465,-0.4232081911260895
2024-05-13,955.8324286792416,960.7521544150906,910.0789793358456,931.2338,8056461.100000001,0.05301470588235381,-0.48543689320380506
2024-05-14,923.5731719480482,934.326287792204,911.9063926661537,919.9888,4587010.89,0.024275169317404546,-0.1598746081502976
2024-05-15,923.6785548018055,933.02603418462,913.6633983202184,924.6625,2730310.5564,0.02096252615560313,0.05081669691488012
2024-05-16,924.6625503982062,936.7861615367074,914.0499980392865,926.5953,2990993.4336,0.024588606392278473,0.08500772797542898
2024-05-17,924.2056271757405,942.6545988208835,919.5318876923043,938.7891,3537453.3674999997,0.025019011406845013,0.6306990881460254
2024-05-20,938.7891566401778,959.346583427919,924.6273737419563,928.774,4519548.501,0.036982968369830636,-0.2884615384614219
2024-05-21,924.205667695352,926.5249670895686,915.771851716383,922.3432,2195897.5116000003,0.011634980988594319,-0.1732026143787221
2024-05-22,922.3432108046562,923.819128618265,904.0699426361637,910.9927,2667133.7072,0.02141197089191244,-0.574733096085204
2024-05-23,910.0790380255764,914.5067914733802,892.9302786404315,898.4474,2102382.0801,0.02370839447061657,-0.5390879478825541
2024-05-24,896.6903634986742,896.7255043993874,875.0787095600575,877.0466,3424419.7934,0.024140768899166266,-0.9074675324673303
2024-05-27,878.5225458898608,889.0648164405391,873.2514106145217,880.631,2859325.952,0.01800000000000101,0.13333333333354777
2024-05-28,879.119916200505,885.1290102433674,868.1208142390085,870.6861,2135242.2168,0.019346844145981906,-0.495867768594806
2024-05-29,867.1017313551025,877.4682971403003,860.9520736859174,865.0987,2047092.5574,0.0190476190476201,-0.12127659574446183
2024-05-30,863.7633535617861,871.1429428314351,851.604601717507,859.3356,2251279.2572,0.02262001627339416,-0.22661870503578518
2024-05-31,864.395894503387,886.429239728756,858.3868003510138,880.9824,3986751.7359999996,0.032441661923734745,0.5914786967419602
2024-06-03,880.9823348314571,915.4204157303335,878.9090217977493,891.3489,4431597.7815000005,0.04144395692062339,0.2839268527431109
2024-06-04,890.4001034877348,906.1080854223397,885.902068392367,902.7697,3091087.5939999996,0.022693188096930657,0.6121739130436264
2024-06-05,902.7696898389305,906.6000478067175,879.9281056273578,883.6179,2360944.514,0.029544569871546515,-0.7180500658759901
2024-06-06,888.2565084706702,889.0647491517171,862.0062567862302,869.9481,3045530.1564,0.030462475768486142,-0.6766233766232252
2024-06-07,867.9802608445577,874.129918563092,852.3425597888562,855.4701,2185665.18,0.025101214574899864,-0.5741935483869105
2024-06-11,850.4098230313259,850.4098230313259,809.9977859864488,830.0281,5406835.304,0.04752066115702601,-0.5043478260868594
2024-06-12,825.8463009529422,840.3946337300376,821.5942520011826,829.7118,3633695.1224,0.022764988723885233,0.20560747663568965
2024-06-13,829.2901441474107,833.3664887688396,806.4485579066456,822.8945,4748967.6,0.032459002500107074,-0.23759791122701504
2024-06-14,818.7830093425868,828.6224618153732,803.6372807148333,819.9778,5963071.368600001,0.030515021459228645,0.04781997187074164
2024-06-17,815.5851187215156,834.5963449367053,806.4484850506295,832.8393,3730607.52,0.034512473609376836,0.6129837702872403
2024-06-18,832.8393493150649,834.4558307525541,804.7266286630796,810.6303,3646522.5428,0.035696202531646744,-0.7470449172575373
2024-06-19,810.6302781121775,816.8853582883509,800.5096989507284,813.8281,3180538.9491,0.020201144442518963,0.19527896995728145
2024-06-20,811.7137052084685,822.1065076151111,803.9011847786475,807.0907,2155469.1453,0.02242825607064138,-0.2539370078738055
2024-06-21,804.7254650335353,810.9969839104388,784.9074653825202,790.7131,3552006.1359999995,0.03242039634825315,-0.5370879120877606
2024-06-24,781.2520480870447,831.3166862144576,774.8013431028397,816.8026,4831176.9352,0.07233944954128561,0.6290424857324539
2024-06-25,812.0720571683751,822.7157200535916,797.7371576596659,802.396,2845529.427,0.030759046778465388,-0.38737446197975556
2024-06-26,798.9198389916893,827.1237556151343,798.1314194672727,815.3333,3333592.5501,0.03628941820302466,0.5661310259580713
2024-06-27,817.0893380939265,820.9239240227006,780.4278296347122,782.9006,4792575.48,0.04956140350877297,-0.8442477876105101
2024-06-28,779.1734526744644,781.8970835457395,754.5532630880715,756.4168,4960189.3247,0.03509336767546817,-0.8322411533419064
2024-07-01,750.3961341627725,757.9219562256304,739.3582618039143,744.5905,3830048.8016000004,0.02473852619513945,-0.31274131274109884
2024-07-02,738.2473546664089,762.8675455720314,731.9399986265406,751.4713,4293396.4593,0.04189320388349642,0.4275782155273307
2024-07-03,752.5822827357719,755.7717981245091,734.6636569563487,735.6671,2735333.4192,0.02804761904762024,-0.8013582342952106
2024-07-04,738.2473499999963,746.7766154999963,731.0798999999964,731.0799,2533347.48,0.021262135922331348,-0.45662100456595495
2024-07-05,727.4961835700768,736.3838216747753,712.4445383927649,721.5472,2399918.4381999997,0.032906403940887965,-0.24850299401181647
2024-07-08,716.7449880120354,722.7656459113365,700.6182257817646,702.5176,2413403.742,0.030900000000001298,-0.6423948220062848
2024-07-09,702.2309415838032,714.200583558235,693.6300012428943,706.4239,2872682.9824,0.029293187037510864,0.20383275261340816
2024-07-10,701.8724950542726,720.3645148371679,698.9338407476885,706.4955,2375195.9477999997,0.030533571610928113,0.21571906354530787
2024-07-11,716.7449681024641,737.2080369417895,705.0261878739889,724.665,3733524.556,0.0449000000000013,0.24610244988874694
2024-07-12,724.8084162130316,733.4451938796492,721.009667529789,730.7574,2716719.4382999996,0.01715698393078013,0.478386167147221
2024-07-15,727.4961624691322,735.6670553283915,724.1991355259224,725.7043,1880998.2,0.015763546798030877,-0.15624999999967193
2024-07-16,719.0027392526123,723.8766052017902,712.0861500747349,719.2536,2002227.3539999998,0.016398345212581864,0.02127659574498124
2024-07-17,716.7449606450339,752.510534181221,713.5196083221313,746.7049,5062333.3124,0.05440000000000122,0.7683823529412521
2024-07-18,742.4761651447467,775.1239007585541,738.2832067838075,746.4541,5265673.2621,0.04961868906265216,0.10797665369658943
2024-07-19,742.1178017909288,762.2583370722934,736.4196788198665,760.3948,4172120.8016,0.03481746185049373,0.7073509015257732
2024-07-22,759.7497425294109,760.4306503175269,727.5678902279293,727.9621,4992659.1432,0.04325471698113329,-0.967284623773037
2024-07-23,722.1922750621688,724.8442316101342,676.9656647441627,677.2882,6989702.544900001,0.06629614926558287,-0.9378742514969137
2024-07-24,669.9057445302341,680.7644317710548,663.2758529805582,663.7059,3656774.0,0.026106028994812246,-0.35450819672109146
2024-07-25,661.1255667695604,674.3853488437547,656.3592126726203,661.7348,2865287.91,0.02726582827406908,0.033797216700001464
2024-07-26,662.9891354762126,668.9739563207816,655.8575226135225,664.4943,2349098.9593999996,0.019783783783785126,0.11475409836091639
2024-07-29,662.6307788733138,669.9774154157167,644.8913394172678,646.9699,3610554.8675,0.037858301784750005,-0.6242857142855455
2024-07-30,642.7051996309309,643.2785955935769,628.8361847844287,640.8775,3624428.0835,0.022471283595406802,-0.12655086848609864
2024-07-31,642.4185604059261,684.4198185112338,638.2972765474701,674.4929,4724797.4906,0.07179515787124992,0.6954156954157582
2024-08-01,673.740324360471,673.740324360471,642.2035432201936,643.0278,4465472.615700001,0.04680851063829935,-0.9738636363634909
2024-08-02,637.9030824453133,648.1166992148028,635.3228003140738,638.9782,2926728.5290000006,0.020056179775282384,0.08403361344565213
2024-08-05,630.7355528554035,665.1393102838801,630.6638783607609,648.8692,4198048.107,0.054659090909092434,0.5259875259876153
2024-08-06,649.4068155173331,657.971918376372,641.7018066692438,648.045,2559377.4050000003,0.025053804977651802,-0.08370044052841184
2024-08-07,644.3537804365366,668.1497153759058,642.167708100239,664.9602,3735427.6575000007,0.04032258064516274,0.7931034482759688
2024-08-08,660.6955846273177,698.6830721357228,658.5811867376989,692.8416,7320196.8542,0.060696463441094965,0.8016085790885423
2024-08-09,692.8415139961203,701.8725004714227,682.4487120999388,684.1689,4164575.6494,0.028034966120106926,-0.4464944649444458
2024-08-12,677.6106851839965,687.0358814079964,669.1530946559965,671.9484,2907744.375,0.026390945631480166,-0.31663326653285223
2024-08-13,670.6224176339733,673.7402581904931,654.7823541169415,660.6955,2422066.3720000004,0.02826911772564668,-0.5236294896028048
2024-08-14,659.4054146932444,662.200720255531,643.9953968498697,650.7328,2146813.0768,0.027608695652175302,-0.47637795275567946
2024-08-15,648.61839000498,658.007749537623,643.0994534857929,647.1849,3027714.1512,0.02298469528703408,-0.09615384615359773
2024-08-16,644.3537924976486,649.2276587812793,633.6026168719926,648.6901,2560744.8498,0.024249165739712256,0.2775229357800272
2024-08-19,649.0125568946152,661.985640582956,638.261382567261,639.3365,2856519.392,0.03655438983986906,-0.4078549848940889
2024-08-20,638.4405835875671,641.450912468923,631.2014593728778,634.3193,1836918.39,0.01605388717373157,-0.4020979020975173
2024-08-21,630.8072844784544,638.8348286054385,629.4096317063456,632.1691,1480495.212,0.014941483922282997,0.1444866920155734
2024-08-22,632.4558318115011,632.4558318115011,598.5179537105553,609.9142,4102562.6981999995,0.0536604714415246,-0.664202745512017
2024-08-23,607.9072908156676,620.8803757225396,606.3662890173374,613.7846,2235554.7687,0.023875493721630996,0.40493827160515716
2024-08-26,612.7094597062619,617.1532786805601,600.058910529429,605.1478,2069294.87,0.02789963151430249,-0.44234800838550736
2024-08-27,600.4172506494248,605.6494888370108,592.7839168552068,598.7329,1930326.78,0.02142771875373217,-0.1309192200554219
2024-08-28,594.8983315601691,595.9376117779549,561.3546665999089,572.6434,4755979.9726,0.05813253012048351,-0.6435233160620565
2024-08-29,576.8363298637339,600.883122690434,575.7253752025897,597.0127,3913577.2593,0.04361332007952457,0.8019943019944094
2024-08-30,593.3932100453401,630.2339045692325,584.5055716777084,616.4724,4110194.274,0.07706244715545538,0.5047021943574329
2024-09-02,613.5695883414007,619.5902466464853,592.0313999999964,592.0314,3548291.1519999993,0.04491560072425818,-0.7815344603379498
2024-09-03,591.9238852706687,608.0506485068375,587.7309268292648,602.4242,2239423.1569999997,0.03432826784525191,0.5167548500883355
2024-09-04,602.0658151260468,612.7811531452544,593.1423396518571,597.0486,2202791.864,0.03261904761904926,-0.2554744525545502
2024-09-05,591.3145813281967,601.3490105870994,591.3145813281967,595.7584,1509618.7903999998,0.01696969696969861,0.44285714285745414
2024-09-06,595.6867181975272,596.4751376296259,580.5633999999964,580.5634,1484072.28,0.026711587053304526,-0.9504504504501629
2024-09-09,573.0375863515023,579.882500609985,560.8529222264548,564.0066,3628065.4020000002,0.033208255159476334,-0.47457627118622897
2024-09-10,564.1141982254464,575.2595838837981,560.2079376570852,567.4829,3196611.4499999997,0.026681913474368116,0.2238095238097409
2024-09-11,557.9501095412808,560.1003444036661,545.8012825688038,546.8764,4173133.888,0.025627850215172932,-0.7744360902252607
2024-09-12,541.178299365184,546.7689102320782,522.578767058017,525.0157,5502859.37,0.04469902655453441,-0.6681481481479721
2024-09-13,521.1453327097508,523.0805443702052,509.56989999999644,509.5699,4450276.839,0.02592490716545361,-0.8567639257291116
2024-09-18,509.4623106116607,515.2321074608783,501.8289768918884,503.8717,3133010.89,0.02630838491840366,-0.41711229946494766
2024-09-19,508.74558635487966,532.1831471801889,501.14808957358673,521.0736,5510229.616,0.06100309946463965,0.3972286374134975
2024-09-20,517.6332392498754,524.4064795031451,510.6808127465192,517.8841,2999949.5645999997,0.02651620049847897,0.018276762402343667
2024-09-23,519.5684786239063,537.5229418457699,518.4216865618313,521.8979,3319660.6070999997,0.036763691543663005,0.12195121951237892
2024-09-24,529.7103485479598,550.4242773390241,518.20659224704,545.4429,6396048.233999999,0.06082132467356932,0.48832035595114887
2024-09-25,551.8220014947842,565.7985296531792,546.4822509932436,546.6256,6672263.1682,0.035004546044942644,-0.2690166975879248
2024-09-26,544.7262176659879,601.2773999999963,543.6511001311208,601.2774,9019196.780199999,0.10578947368421215,0.9813432835821352
2024-09-27,637.9030635023805,661.4122999999964,631.4523583658396,661.4123,9786648.3552,0.04696629213483311,0.784688995215403
2024-09-30,727.24526477194,727.5677999999964,710.3659211703246,727.5678,8040213.2412,0.02365347656827608,0.01875000000021238
2024-10-08,800.3175117560088,800.3175117560088,738.247391284873,800.21,17308232.801099997,0.07755686906681103,-0.0017321016165701797
2024-10-09,752.5822750796141,780.8220290206967,720.1853999999964,720.1854,15340581.030400002,0.08057142857142975,-0.5342789598108076
2024-10-10,709.6492339351956,756.1301478031861,688.3260699016918,714.5231,11736063.0702,0.09554590445409686,0.07188160676537825
2024-10-11,704.1661767171092,727.8904379511022,667.3971555296822,677.2524,7217990.940599999,0.08590767978014281,-0.44490521327007665
2024-10-14,677.3240487437153,713.1612999999965,665.7127793366801,713.1613,9773055.17,0.07005291005291142,0.755287009063502
2024-10-15,709.5417015520561,712.8387285000225,680.9077392539555,681.1586,6450394.1858,0.045002272842064026,-0.8888888888887527
2024-10-16,673.7044782805635,691.6231036936324,666.8595633727713,672.3785,4987114.0866,0.036757274323103634,-0.053545586106944064
2024-10-17,675.7830654900858,680.1910475156086,659.333766711916,659.943,4111865.0935,0.030863870180836184,-0.7594501718210932
2024-10-18,655.8574684909636,691.8739023379347,647.1490173219945,674.457,7007572.421999999,0.06819299491831186,0.4158653846154552
2024-10-21,674.1703210711438,685.7099151273264,662.989099501178,682.5204,6716979.1455,0.033701892409101986,0.3675078864354701
2024-10-22,682.5204106165596,695.5651693177635,672.6651670922985,687.6093,6013159.7512,0.033552113415596115,0.2222222222223725
2024-10-23,687.9318631493637,728.4637936151863,678.0766192253132,707.7857,7861734.375,0.07324442592206844,0.3940256045519817
2024-10-24,702.4101476227964,707.7857354872566,679.1517707958988,682.1621,4239366.7005,0.0407653061224503,-0.7071339173965975
2024-10-25,680.5493703742007,704.2019551265427,670.4074287303935,692.4115,5176209.8939000005,0.04965771458662609,0.3510074231178043
2024-10-28,701.6933623682854,727.4961826392337,686.3550192072219,714.2364,7360445.957,0.05863125638406668,0.30487804878056946
2024-10-29,710.2226637596267,723.1240745454509,689.4728947457592,697.7513,6306278.484,0.047381168634576025,-0.3706070287538795
2024-10-30,686.3550071171667,693.4507825666863,662.9891202833951,667.6838,5585879.3484,0.044381787802841875,-0.612941176470451
2024-10-31,671.948410381611,689.293638681595,668.4363600233498,675.2096,4175531.1153999995,0.031040000000001358,0.15635738831631774
2024-11-01,670.3357975415352,700.6182754310083,666.9670958591558,688.0394,6208910.5224,0.050200481154772804,0.5260915867945529
2024-11-04,691.6589497435862,701.263333087176,677.6107472410222,698.8264,5671303.95,0.03419689119171133,0.3030303030304439
2024-11-05,697.9662926576183,724.091648343971,688.8277937549847,718.4652,7660942.239999999,0.05052372150339021,0.5813008130082122
2024-11-06,714.5947275187934,723.9124120300716,701.7291554436055,714.9531,5835564.525,0.03104312938816589,0.016155088853146166
2024-11-07,709.075829854831,785.0507999999963,707.785688852366,785.0508,13232242.629,0.10896593550995769,0.9833024118738756
2024-11-08,796.0170074576234,796.1603564595066,756.9185671939701,761.1832,8715727.8,0.04929767693138953,-0.8876712328766004
2024-11-11,745.4147751196138,752.5463876315755,725.1308922966473,748.9985,7217760.659999999,0.036778846153847584,0.13071895424848937
2024-11-12,749.1418402773728,768.9240013868787,734.9502899162057,744.1963,5355053.016,0.04535017221584497,-0.14556962025305484
2024-11-13,734.6995066458097,750.0020133204969,733.2660165591881,744.6981,3627209.2620000006,0.02277937661577607,0.5974304068524283
2024-11-14,741.5444244306382,748.4251768707446,726.0627314403987,726.9945,4587549.0696,0.0301565822540125,-0.6506410256408363
2024-11-15,721.9772080985879,730.3272869969782,706.2446560110627,712.4445,3928864.5200000005,0.03335649756775682,-0.39583333333316756
2024-11-18,711.3694421730428,725.7043427709882,695.6010515153029,701.2275,3729229.5259,0.04231738035264605,-0.33690476190463275
2024-11-19,701.5499934190195,711.1185389974256,678.4349675835441,697.0345,4149297.6750000003,0.04658765835717331,-0.13815789473672913
2024-11-20,691.6588847015651,706.9972268079002,686.4983210022373,703.7002,2715462.4400000004,0.029637305699483255,0.5874125874127321
2024-11-21,700.6898619916678,704.8828199424158,690.2253857385189,697.0703,2922481.6284,0.020918576104747816,-0.24694376528091705
2024-11-22,694.5259309090873,698.6113775614937,668.3647374331516,670.1566,3799164.9299999997,0.043550051599588524,-0.8056872037913264
2024-11-25,670.1923724787295,677.2881475576445,659.548709860357,669.834,3383669.112,0.026469172771511167,-0.020202020201817612
2024-11-26,663.0607946259186,687.1792636986265,663.0607946259186,680.191,2920691.748,0.036374446005838626,0.7102526002972965
2024-11-27,678.2199797885537,702.374287126862,668.4722474502453,691.5156,3715066.5984000005,0.04998678996037124,0.3921775898521014
2024-11-28,691.5872532988728,694.740931311636,676.8939807394088,679.5101,2393098.1476000003,0.025805782982694092,-0.6767068273089869
2024-11-29,680.0476842693631,694.6692828771783,679.0442412276503,679.5818,3746722.8141,0.02297639123103008,-0.02981651376123652
2024-12-02,676.6072366972442,688.0751559632992,667.6120875229323,683.5955,3308282.1625,0.030243644067798087,0.3415061295973565
2024-12-03,683.5955185185148,684.9931712169275,673.7402751322716,677.324,2283858.9899999998,0.01646133682831065,-0.5573248407639647
2024-12-04,677.3957251356203,682.6996383363436,668.6872730560543,673.812,2288859.5898,0.020685641731035202,-0.255754475703052
2024-12-05,670.1566051220929,672.4501892251844,658.3661493421373,661.8782,3519925.4464000002,0.021016042780750026,-0.5877862595416917
2024-12-06,661.9856460091337,672.235098951891,659.4412013974702,666.752,3016837.9600000004,0.019326548289304267,0.3725490196080958
2024-12-09,667.9346164526281,694.7050402368385,657.6493264578913,680.9077,5744296.6,0.05547805558536464,0.35009671179892465
2024-12-10,715.3115488831132,729.8973104259703,686.2833748051913,689.8671,8842676.15,0.06097194388777685,-0.5834018077238161
2024-12-11,686.2475306545755,712.0503517977837,680.9077801679949,699.6865,7316078.185200001,0.04538095984124632,0.43153049482173583
2024-12-12,698.396285742127,738.9640502874927,694.8125609589674,735.452,9210546.5426,0.06321839080459903,0.839285714285776
2024-12-13,728.8938703741529,730.5782212226502,699.9015334287432,701.12,6119147.707599999,0.042086631594475,-0.9053738317755552
2024-12-16,698.4680266766222,700.6540990022904,667.5046416048622,671.6976,6208570.0182,0.04746023601847245,-0.8075675675674353
2024-12-17,671.8408999999965,677.1448127967105,665.1393345068509,671.8409,3795183.9234,0.01786952579079464,2.9355698159452566e-13
2024-12-18,670.4791264623013,676.9656688691471,659.2262296902044,661.699,4136122.4863999994,0.026457854508526727,-0.494949494949265
2024-12-19,655.3916668555204,655.7858766288916,625.3600495750674,632.5275,7747929.930000001,0.046423884514437255,-0.7514723203767693
2024-12-20,632.814142972203,636.9354266080508,621.1670370448065,631.8107,4904997.444,0.024917884245102665,-0.06363636363613741
2024-12-23,631.8107426857107,638.1180989371393,625.3958746799964,627.1519,3883635.0,0.020136131593875808,-0.3661971830982827
2024-12-24,627.1519159806946,632.8858763553752,623.6398652512028,631.2732,2704143.8255000003,0.014742857142858596,0.4457364341088748
2024-12-25,631.2731211111076,635.4660791111075,627.2593493504238,628.9437,1917430.5150000001,0.013000283848993944,-0.2838427947593557
2024-12-26,629.2304255534215,629.5171235488895,614.1071062924839,616.7949,4512367.9323,0.024490260849756463,-0.806976744185768
2024-12-27,616.6873550499153,625.9333649059633,608.3372763814685,617.4041,3547739.6436,0.028533240353325436,0.0407331975562026
2024-12-30,616.5082505863692,629.230475137794,608.5165433329389,611.1685,4420722.5314,0.033598790908564054,-0.25778546712784656
2024-12-31,614.6087954414274,645.0704558568917,614.6087954414274,621.0595,8861147.872,0.04956268221574489,0.21176470588246432
2025-01-02,609.2332452586425,624.643262638714,598.0520233456602,610.3442,6726231.6555,0.043647058823531024,0.0417789757413718
2025-01-03,609.2332247935772,625.8258708570728,607.6205486103,616.329,5982725.0134,0.029882352941178043,0.3897637795277288
2025-01-06,598.4820963898451,624.1774055581996,584.684754646726,601.5641,5257799.8858,0.06598802395209728,0.07803992740480979
2025-01-07,603.2483915641756,607.2621633134293,590.2753078746234,600.2739,3376934.0,0.028158973445020257,-0.17510548523184863
2025-01-08,596.2243174569438,615.8631301014353,591.3504515451722,607.6564,4755610.3212,0.041113181463005806,0.4663742690059753
2025-01-09,607.6563980112123,629.4096082962327,600.1664129213124,619.8769,4984888.1586,0.04812455767869936,0.41789215686285175
2025-01-10,617.7983145288935,621.0595040771346,602.0657627522136,602.1016,3943092.2139,0.030744242705495004,-0.8264150943393925
2025-01-13,591.3145934001144,611.3834523276334,591.3145934001144,608.1581,2935910.1229999997,0.03393939393939559,0.8392857142858484
2025-01-14,607.4413648756072,638.440584971029,605.6495024423457,630.9506,5929672.630399999,0.05398230088495747,0.7169398907104667
2025-01-15,630.4130409512923,632.5274386214717,622.8513814867524,629.1229,2603931.3945,0.015348757887557478,-0.1333333333329475
2025-01-16,630.6639216710146,636.8279286335908,612.3869242819808,617.655,3960096.291,0.03875440390953676,-0.5322580645159594
2025-01-17,616.3648731634148,627.1518855956601,613.1753578595283,621.4896,3423406.1809999994,0.022675736961452836,0.36666666666689096
2025-01-20,625.7184316579451,644.4254775528734,624.6433140777768,630.3056,5834476.034,0.03161512027491569,0.23188405797118328
2025-01-21,634.3551113850538,634.3551113850538,614.7879744540195,623.5681,4371887.46,0.03084571493136118,-0.5512820512818416
2025-01-22,619.5901821390653,619.5901821390653,605.040259416614,608.1581,3821818.7909999997,0.023483139568513254,-0.7857142857139889
2025-01-23,612.8169308035677,619.2676353383422,607.4413436912557,610.0933,2280538.4448,0.0192982456140368,-0.2303030303026993
2025-01-24,612.7969724131689,612.7969724131689,599.6030379521288,600.9729,3821660.04,0.021530678275194243,-0.8961748633876369
2025-01-27,601.0089360308249,606.0557960982622,596.86330097543,598.7018,2462981.3472,0.015295105566220374,-0.2509803921564378
2025-02-05,598.4134337655696,598.7018257818422,563.5179997965894,567.1229,7357211.388,0.05879518072289326,-0.8893442622949551
2025-02-06,562.3643879132195,568.1322277892525,548.5215722107403,558.3269,6833911.1808,0.03487179487179655,-0.2058823529409808
2025-02-07,555.1545793076938,567.6275328427887,552.6311494017497,563.4098,6058719.385199999,0.027012987012988817,0.5504807692309661
2025-02-10,563.9866348378857,568.2404170629334,554.9743843610898,567.0508,4462704.818,0.023521891978269552,0.23097826086982312
2025-02-11,567.1589262191512,571.3766592877104,551.9462479718696,553.6766,4908751.759,0.03425920040678994,-0.6938775510201887
2025-02-12,552.7753463157859,561.6433999999964,546.358624544284,561.6434,5171693.752,0.0276509716968846,0.5801886792454837
2025-02-13,561.4631720882373,589.4011469433502,558.9397421013239,578.4783,10181219.7375,0.054253611556984015,0.5585798816569029
2025-02-14,573.179139162558,587.6708381527058,569.6102879187156,585.4358,5429889.472,0.03150943396226607,0.6786427145710139
2025-02-17,585.4357295235753,605.6231684726641,583.9937695986404,595.4934,5646012.491,0.03694581280788349,0.4650000000001435
2025-02-18,593.5467951573066,594.5922161751968,578.1178228932722,584.3543,3520129.559,0.027755845733375334,-0.5579868708969068
2025-02-19,579.0190718482672,590.9152425436929,572.0976634436557,581.6146,3649806.0522000003,0.03249906611879151,0.13793103448293734
2025-02-20,581.5785249629777,594.4480181391868,578.5864579220101,584.2822,2915021.7664000005,0.027273290770472303,0.1704545454547595
2025-02-21,589.4011758796994,612.4725368927274,587.1661377815623,592.1409,5613092.72,0.04293577981651541,0.108262108262243
2025-02-24,587.5987009789167,611.6794330190343,584.2461439733314,600.2519,6597454.2247,0.04668711656441889,0.4612352168200862
2025-02-25,593.0060022957915,600.7925856694019,588.6801226437858,596.683,3125825.3376,0.02042553191489512,0.30357142857170016
2025-02-26,593.5107260157635,603.820739842325,586.2288281382621,594.448,3520573.775,0.029640427599612818,0.05327868852479555
2025-02-27,591.3117352751931,612.2201548606112,589.5813833095034,605.1906,6520358.472,0.038285679448882864,0.6130573248408965
2025-02-28,605.4429900208484,623.2872460530199,604.073127941611,605.0825,6897975.3495,0.031735635605836664,-0.01876172607861222
2025-03-03,605.6592749613658,630.6412330322083,604.5057069119185,606.5605,6077645.4256,0.04315219332182753,0.034482758620825435
2025-03-04,606.3081524436852,606.3081524436852,588.3197008074762,593.7631,2798304.3087999998,0.029668826921935135,-0.6973947895789187
2025-03-05,593.366511280906,604.7219457313001,587.4184265687949,599.1704,2896973.816,0.02916160388821567,0.33541666666685765
2025-03-06,600.7205023159075,625.4501149292485,594.8805646433694,624.1884,6297029.1620000005,0.05088814210273785,0.7676886792453802
2025-03-07,622.1697105902349,638.0673200908024,617.8798794551611,635.1834,5060560.909999999,0.03244683933020611,0.6446428571430002
2025-03-10,631.7587103429015,654.8661188067988,627.7572714357367,646.5388,5272759.0745,0.04291012838801875,0.545212765957556
2025-03-11,641.3116789660061,681.974948998252,641.0953849764729,681.9389,9286949.2938,0.0637436762225983,0.9938271604938913
2025-03-12,681.9389420757999,691.2756332000603,669.4659879097998,676.2432,4759000.7244,0.03198181529841018,-0.2611570247932081
2025-03-13,674.1163501340446,693.258370557637,668.600852723857,672.3139,5459934.835,0.03657754010695333,-0.07309941520452934
2025-03-14,672.2417076779959,713.3375649684783,668.3123669370639,697.6923,8654832.0378,0.06697769197769335,0.5652522017614775
2025-03-17,703.0276416922801,709.0117760641865,677.7212421195193,691.8885,6851960.4983,0.04450825556353339,-0.35599078341001394
2025-03-18,688.5719183074415,691.8884261596107,670.3311251205106,673.0348,5472119.123,0.03130726139992824,-0.7207357859529758
2025-03-19,670.3311632151498,677.3967673017413,649.6029879611185,652.7753,6441352.4088,0.04146275880613213,-0.6316472114135938
2025-03-20,652.7753256031004,653.0276686160903,638.2115288533956,641.0594,3502168.0153,0.02269715043075039,-0.7907542579072467
2025-03-21,639.8697792820944,648.4494416747219,630.8575288696705,633.7054,3726860.5056,0.02749295774648038,-0.350409836065353
2025-03-24,631.2900406489373,641.672151870208,627.2525529517765,639.9418,4303908.4928,0.02284148012791373,0.6000000000002154
2025-03-25,640.2302510616576,640.8430840722459,627.9735908498916,636.6614,2615770.7100000004,0.02010135135135297,-0.27731092436943994
2025-03-26,634.7146962548685,647.0795023442319,631.1097965203602,638.1754,3165446.8754999996,0.02516044754927186,0.21670428893925894
2025-03-27,634.4984093581045,646.286431621618,633.2006454391857,640.2302,2181460.8,0.020623828191581546,0.438016528925864
2025-03-28,638.0312090761995,641.5640108440658,622.4940910971135,623.9721,3193063.9277999997,0.0298886942765143,-0.7372400756141446
2025-03-31,620.2230197356791,627.2165254508039,611.0305251101286,613.7342,2765541.0,0.026097064806743786,-0.4008908685966335
2025-04-01,613.1934711341976,622.674357842504,608.8675912672896,617.5554,2263519.0300000003,0.022516166960612923,0.315926892950628
2025-04-02,616.0052819683619,621.7370726889244,612.8690191212618,615.3564,1317614.523,0.01439606741573212,-0.07317073170690015
2025-04-03,610.4537630882065,632.5878489826295,607.6419411016186,628.9469,3303941.8794,0.04086453289240725,0.7413294797689036
2025-04-07,616.4379104204717,620.0428104814101,569.2137196221782,591.5641,5124413.058,0.0824561403508787,-0.48936170212757985
2025-04-08,591.0954606229625,626.5316280799591,588.8964715946037,620.3312,5725836.3816,0.06367018357016686,0.7768199233717255
2025-04-09,613.3737149587716,647.0074308598314,608.7954921083593,642.7176,6767480.1159,0.06229797237731561,0.7679245283019588
2025-04-10,638.0673344453677,651.874102190711,628.1899079121456,648.3413,5750250.528,0.037118644067798245,0.4337899543380297
2025-04-11,643.4746093394042,647.3679010933905,623.755807585418,633.0204,4224674.356,0.036694677871149946,-0.44274809160288714
2025-04-14,629.0550600808745,631.9389801270905,620.0428099364493,624.0082,3566346.4110000003,0.018911174785101903,-0.4242424242420839
2025-04-15,621.8452499999964,626.0990319999964,615.1401359999965,620.0428,2665540.76,0.01762318840579875,-0.1644736842101816
2025-04-16,616.4378550131505,619.2857258053165,604.3614408944718,616.6181,3065583.7575000003,0.02421052631579102,0.012077294686228451
2025-04-17,609.3362959941993,624.8373672405761,607.0652088115907,621.8453,3343489.875,0.02916642016210307,0.7038539553754158
2025-04-18,618.6008340464866,623.5755959986086,611.7154751127524,623.4314,2553632.04,0.019172494172495582,0.40729483282701795
2025-04-21,620.0427504264419,623.2871601670454,610.597913181574,612.869,3656304.7641,0.020465116279071417,-0.5653409090905795
2025-04-22,612.8329830329325,625.0175446955873,604.5417132624868,614.0226,3629650.5416,0.0334117647058841,0.05809859154946887
2025-04-23,614.0226502931907,618.2403835218823,605.6592818397169,608.6153,2626729.7369000004,0.020489637761993102,-0.42979942693377404
2025-04-24,608.1466299999963,609.2641489999963,601.5857119999964,602.0183,2022573.74,0.01262596324837145,-0.7981220657271311
2025-04-25,602.018261025668,610.5618734725593,601.2972810723439,602.4148,2052538.6016000002,0.015389221556887921,0.04280155642062701
2025-04-28,608.9397218183907,626.7479282225042,608.9397218183907,616.9426,6681943.9522,0.02924461283447955,0.44939271255078383
2025-04-29,616.9786143546404,617.3751533413714,597.3319100120591,597.6924,5563564.904,0.03248612328367086,-0.9622302158271079
2025-04-30,591.1314910274311,604.3975227811875,591.1314910274311,592.6095,3562796.5237,0.02244176119039093,0.11141304347852693
2025-05-06,594.4480049863145,595.8899649741527,587.2742540468191,592.8258,4305463.8055,0.014493632504550007,-0.1882845188280197
2025-05-07,602.0182706857903,603.5323286120658,593.1502171176044,595.5655,3399750.8556000004,0.017245508982037454,-0.6215277777773803
2025-05-08,593.0060748114595,607.461724416286,587.9592146002981,597.5122,4672170.945,0.0328875379939227,0.23105360443640105
2025-05-09,597.4761410992979,597.8366311084081,591.383859945335,593.5468,2146851.5919999997,0.010800048268373861,-0.6089385474853853
2025-05-12,593.8712140824657,599.4588089703365,593.0060380998277,597.9808,2544250.852,0.010865606410102396,0.6368715083803512
2025-05-13,598.7018170497702,601.2973451583675,594.9166718913991,597.5122,2308708.545,0.010657514450868917,-0.18644067796550684
2025-05-14,596.0341904948114,618.1322284029593,591.3838693037003,608.3269,6249700.125,0.04487722269263479,0.45956873315375624
2025-05-15,604.4696739430138,606.0558300530743,590.0861219449662,590.8792,4450561.3577000005,0.026419370229009358,-0.8510158013541225
2025-05-16,590.9512967368973,591.2036397538654,578.0457538690995,579.9924,4155365.5592999994,0.022265601171233364,-0.8328767123284309
2025-05-19,572.8185797717149,573.1790697526915,563.0493012872507,568.4927,4860632.554,0.017684078036502834,-0.4270462633447994
2025-05-20,565.9693501597409,567.8799473290699,562.7249398722009,564.1669,3665946.7700000005,0.009108280254778736,-0.34965034964959274
2025-05-21,564.1668071560415,569.3939117590846,564.1668071560415,566.2216,2535582.5807,0.00926517571885148,0.39310344827647187
2025-05-22,566.6181517148327,567.7717196531756,561.1387040077036,561.2829,1992636.1439999999,0.01170632395979308,-0.8043478260863051
2025-05-23,561.6794507671268,564.4552236770215,554.1452100116985,554.5057,2899645.438,0.018355689621977207,-0.6958041958037796
2025-05-26,553.3521721849918,558.2548363815494,546.8633519248419,548.7379,3442243.7142000003,0.02058631921824298,-0.4050632911388898
2025-05-27,548.4855649704494,553.3161312344022,547.0075558896879,549.0263,2171085.236,0.011501807426883124,0.08571428571484364
2025-05-28,548.197145990949,551.0089680062903,546.7191369828851,549.8554,1751172.5252,0.007825343591768777,0.38655462184949163
2025-05-29,550.8286813315128,559.5885877165624,549.1343784504539,555.5511,3075107.8578000003,0.018979057591624677,0.451724137931346
2025-05-30,555.5511441182296,556.9210061308498,540.7350049817301,542.7177,3762131.5875000004,0.029135033417690356,-0.7928730512246781
2025-06-03,539.6535735144964,539.6535735144964,532.6240179476744,533.2729,3658693.518,0.01302605210421019,-0.907692307691659
2025-06-04,532.66005498951,536.8777882348925,529.9924288343108,532.8403,3255258.0606,0.012926367081755907,0.02617801047172028
2025-06-05,532.8402689999965,546.0702519999963,531.7587989999964,540.735,4323817.5,0.02685880522292316,0.5516372795971869
2025-06-06,540.6989309746293,547.404044726298,537.9592070760979,540.014,2826291.58,0.017467831188747642,-0.07251908396908469
2025-06-09,539.2930399999964,539.2930399999964,528.6225359999964,533.5252,5457337.2,0.019786096256686325,-0.5405405405401501
2025-06-10,533.5252266740571,533.5612756758594,517.2310778594169,520.0429,6736800.625199999,0.030608108108110023,-0.8256070640173874
2025-06-11,519.3939740919727,525.9188428670036,517.8799161441754,522.0616,4033683.0456,0.015477512493061242,0.331838565022822
2025-06-12,519.8265738612138,519.8265738612138,507.4978160068078,508.0746,5237531.9442,0.023717059639391493,-0.9532163742686368
2025-06-13,504.6138657491638,504.6138657491638,485.4357991268924,487.2022,7603370.0625,0.03800542934705144,-0.9078947368418666
