Date,adjopen,adjhigh,adjlow,adjclose,amount,amp,body
1998-02-18,9.999999999998895,10.279999999998864,8.899999999999018,9.05,12068727.05,0.13800000000008608,-0.688405797100226
1998-02-19,8.989999999998979,8.999999999998977,8.539999999999027,8.8,2744033.6,0.051167964405000044,-0.41304347825779564
1998-02-20,8.79999999999901,9.079999999998979,8.659999999999025,8.88,1383379.6800000002,0.04772727272738105,0.19047619047811815
1998-02-23,8.839999999999032,9.249999999998986,8.799999999999036,9.13,1627970.3,0.05090497737567284,0.6444444444452381
1998-02-24,9.169999999998968,9.179999999998968,8.819999999999009,8.89,1016811.53,0.0392584514722966,-0.7777777777728382
1998-02-25,8.87999999999901,8.999999999998995,8.749999999999023,8.95,638851.0,0.02815315315326253,0.28000000000287073
1998-02-26,8.989999999999004,9.149999999998986,8.899999999999013,9.02,612232.5,0.027808676307116042,0.12000000000351639
1998-02-27,9.049999999998992,9.119999999998981,8.88999999999901,8.96,486545.92000000004,0.025414364640991404,-0.3913043478200458
1998-03-02,8.87999999999899,9.029999999998973,8.70999999999901,8.79,570928.08,0.03603603603614452,-0.2812499999960002
1998-03-03,8.799999999999013,8.979999999998993,8.779999999999013,8.91,387861.21,0.022727272727384028,0.5500000000022411
1998-03-04,8.999999999999034,9.479999999998983,8.899999999999045,9.32,2025385.12,0.06444444444454842,0.551724137931809
1998-03-05,9.319999999999006,9.44999999999899,9.239999999999014,9.37,973692.9199999999,0.022532188841306422,0.2380952380988634
1998-03-06,9.379999999999027,9.749999999998987,9.369999999999026,9.63,2110501.1700000004,0.04051172707899366,0.657894736843002
1998-03-09,9.749999999998984,9.79999999999898,9.519999999999007,9.59,1235940.02,0.028717948718048527,-0.571428571422958
1998-03-10,9.559999999998988,9.579999999998986,9.299999999999015,9.44,947917.6,0.02928870292897189,-0.42857142856632985
1998-03-11,9.429999999998982,9.45999999999898,9.229999999999004,9.26,723724.5599999999,0.024390243902542526,-0.7391304347750478
1998-03-12,9.259999999999016,9.539999999998985,9.249999999999016,9.4,548189.2000000001,0.031317494600536545,0.4827586206914376
1998-03-13,9.379999999999,9.489999999998988,9.309999999999008,9.37,312939.25999999995,0.01918976545852667,-0.05555555554970566
1998-03-16,9.39999999999901,9.57999999999899,9.269999999999023,9.48,532017.6,0.03297872340435813,0.25806451613142517
1998-03-17,9.57999999999903,9.999999999998987,9.479999999999041,9.88,2539308.2,0.05427974947817794,0.5769230769238937
1998-03-18,9.899999999998975,9.949999999998969,9.599999999999007,9.67,887145.14,0.03535353535363264,-0.6571428571381231
1998-03-19,9.649999999999025,10.139999999998976,9.609999999999028,9.89,1575091.29,0.05492227979284419,0.4528301886802759
1998-03-20,9.899999999999025,10.199999999998996,9.83999999999903,10.15,1249830.4000000001,0.03636363636373381,0.6944444444452906
1998-03-23,10.149999999999014,10.429999999998987,10.109999999999017,10.3,1553270.9000000001,0.03152709359615464,0.468750000001661
1998-03-24,10.279999999998994,10.339999999998989,10.089999999999012,10.23,971062.29,0.024319066147954965,-0.19999999999519255
1998-03-25,10.329999999998966,10.38999999999896,9.959999999999004,9.99,1183325.49,0.04162633107463279,-0.7906976744144434
1998-03-26,9.979999999998993,10.149999999998975,9.899999999999002,9.91,751881.61,0.025050100200498346,-0.27999999999488223
1998-03-27,9.909999999999046,10.399999999998998,9.849999999999051,10.39,1618024.31,0.055499495459227534,0.8727272727275046
1998-03-30,10.389999999998977,10.389999999998977,10.049999999999011,10.16,949065.92,0.03272377285861086,-0.6764705882303639
1998-03-31,10.149999999998984,10.179999999998982,9.979999999999002,10.0,888820.0,0.019704433497633504,-0.7499999999912473
1998-04-01,10.059999999999015,10.499999999998971,9.999999999999021,10.21,889903.6000000001,0.049701789264507905,0.3000000000014023
1998-04-02,10.219999999998988,10.309999999998979,10.079999999999002,10.1,997294.2,0.02250489236800172,-0.5217391304281677
1998-04-03,10.07999999999899,10.149999999998983,9.949999999999001,9.98,991233.56,0.019841269841367238,-0.4999999999924907
1998-04-06,9.999999999999003,10.12999999999899,9.909999999999012,10.03,1105486.54,0.022000000000097747,0.13636363636755724
1998-04-07,10.049999999999011,10.249999999998991,9.989999999999016,10.15,829732.05,0.02587064676626613,0.3846153846177466
1998-04-08,10.149999999998984,10.149999999998984,9.969999999999004,10.0,744660.0,0.01773399014787985,-0.8333333333231525
1998-04-09,9.999999999999037,10.669999999998973,9.949999999999042,10.39,3079959.6500000004,0.07200000000009286,0.541666666667304
1998-04-10,10.449999999998981,10.599999999998968,10.199999999999006,10.27,1139754.3299999998,0.038277511961814545,-0.44999999999637325
1998-04-13,10.349999999998992,10.489999999998979,10.209999999999006,10.27,744400.4099999999,0.027053140096712357,-0.2857142857096963
1998-04-14,10.279999999998989,10.299999999998988,10.019999999999015,10.18,561864.74,0.027237354085697763,-0.35714285713800537
1998-04-15,10.159999999999,10.249999999998991,10.069999999999009,10.15,418291.65,0.017716535433167514,-0.05555555554969525
1998-04-16,10.099999999998987,10.099999999998987,9.959999999999003,9.98,659548.26,0.013861386138711363,-0.8571428571295912
1998-04-17,9.97999999999898,10.07999999999897,9.759999999999003,9.79,620196.5,0.03206412825660993,-0.5937499999950243
1998-04-20,9.699999999998989,9.779999999998982,9.539999999999006,9.6,371395.2,0.024742268041337695,-0.4166666666607604
1998-04-21,9.599999999999005,9.799999999998986,9.589999999999007,9.66,242823.42,0.021875000000102025,0.2857142857176923
1998-04-22,9.679999999999009,9.799999999998997,9.609999999999015,9.77,292279.32,0.01962809917365512,0.4736842105290844
1998-04-23,9.799999999998988,9.819999999998986,9.629999999999006,9.68,308966.24,0.019387755102140837,-0.6315789473598397
1998-04-24,9.679999999998989,9.749999999998982,9.529999999999005,9.58,566791.12,0.02272727272737374,-0.4545454545388389
1998-04-27,9.549999999999011,9.779999999998987,9.45999999999902,9.65,499387.5,0.03350785340324253,0.312500000002147
1998-04-28,9.679999999999026,9.979999999998999,9.669999999999028,9.95,455182.64999999997,0.0320247933885299,0.8709677419358965
1998-04-29,9.999999999998984,10.02999999999898,9.769999999999007,9.84,215692.8,0.026000000000097355,-0.6153846153784047
1998-04-30,9.849999999999014,9.999999999999,9.749999999999025,10.0,524450.0,0.025380710659997436,0.6000000000016047
1998-05-04,10.069999999998977,10.089999999998975,9.819999999999002,9.85,360904.0,0.02681231380347304,-0.8148148148080916
1998-05-05,9.899999999998998,10.049999999998983,9.829999999999005,9.88,408745.48000000004,0.022222222222320967,-0.09090909090413109
1998-05-06,9.849999999998985,9.879999999998983,9.649999999999006,9.71,250343.22000000003,0.023350253807205856,-0.6086956521669112
1998-05-07,9.709999999998988,9.749999999998982,9.479999999999011,9.58,377289.14,0.027806385170027956,-0.4814814814760025
1998-05-08,9.549999999999027,9.849999999998996,9.549999999999027,9.81,274385.7,0.031413612565546374,0.8666666666671122
1998-05-11,9.799999999998978,9.799999999998978,9.549999999999004,9.58,256619.46,0.025510204081732032,-0.8799999999924837
1998-05-12,9.579999999999002,9.849999999998975,9.569999999999004,9.6,203760.0,0.029227557411374828,0.07142857143188762
1998-05-13,9.579999999999002,9.699999999998989,9.49999999999901,9.6,260006.4,0.020876826722440286,0.10000000000450045
1998-05-14,9.599999999998996,9.679999999998989,9.519999999999005,9.57,222904.44,0.01666666666676919,-0.18749999999256994
1998-05-15,9.59999999999902,9.949999999998983,9.589999999999021,9.8,621143.6000000001,0.03750000000010014,0.5555555555567926
1998-05-18,9.799999999999008,10.059999999998983,9.77999999999901,9.88,430501.24000000005,0.028571428571527804,0.28571428571683977
1998-05-19,9.919999999998977,10.049999999998963,9.679999999999001,9.7,175366.3,0.03729838709687124,-0.5945945945902852
1998-05-20,9.699999999999,9.809999999998988,9.609999999999008,9.7,148555.5,0.020618556701131933,5.000444502887209e-12
1998-05-21,9.69999999999899,9.779999999998982,9.579999999999004,9.61,143064.06999999998,0.02061855670113177,-0.449999999992754
1998-05-22,9.619999999999,9.69999999999899,9.569999999999006,9.61,180273.99,0.013513513513615886,-0.07692307691479958
1998-05-25,9.609999999998998,9.649999999998995,9.519999999999007,9.59,218460.19999999998,0.013527575442350509,-0.15384615383727426
1998-05-26,9.549999999998999,9.63999999999899,9.509999999999001,9.53,183976.65,0.013612565445129673,-0.15384615383728792
1998-05-27,9.579999999999002,9.599999999999,9.479999999999013,9.6,207139.19999999998,0.012526096033505926,0.16666666667361185
1998-05-28,9.649999999998984,9.68999999999898,9.479999999999002,9.5,185126.5,0.02176165803118944,-0.7142857142775518
1998-05-29,9.699999999999028,10.049999999998994,9.509999999999048,9.99,839839.3200000001,0.055670103092880854,0.5370370370378975
1998-06-01,10.009999999998978,10.049999999998976,9.769999999999003,9.8,383356.4,0.027972027972125203,-0.7499999999937434
1998-06-02,9.799999999998988,9.799999999998988,9.659999999999002,9.68,145170.96,0.014285714285814951,-0.8571428571295929
1998-06-03,9.699999999998994,9.779999999998987,9.629999999999002,9.65,140388.2,0.015463917525874688,-0.33333333332443593
1998-06-04,9.619999999999001,9.719999999998993,9.609999999999003,9.64,132492.16,0.011434511434614401,0.1818181818256324
1998-06-05,9.699999999998992,9.699999999998992,9.599999999999001,9.62,160451.97999999998,0.010309278350617613,-0.7999999999820027
1998-06-08,9.499999999999009,9.649999999998995,9.499999999999009,9.59,276853.71,0.015789473684314315,0.6000000000026625
1998-06-09,9.59999999999899,9.679999999998982,9.479999999999004,9.51,189220.47,0.020833333333435226,-0.449999999992754
1998-06-10,9.499999999998991,9.549999999998986,9.369999999999004,9.42,149646.12,0.018947368421156012,-0.44444444443641484
1998-06-11,9.419999999998973,9.44999999999897,9.149999999999004,9.18,180579.78,0.03184713375806452,-0.7999999999939997
1998-06-12,9.379999999998995,9.469999999998986,9.279999999999005,9.33,136889.76,0.020255863539550303,-0.2631578947301944
1998-06-15,9.349999999998984,9.48999999999897,9.209999999999,9.21,162713.07,0.029946524064274827,-0.49999999999463624
1998-06-16,9.209999999998987,9.209999999998987,9.009999999999007,9.08,153488.32,0.021715526601626498,-0.6499999999917482
1998-06-17,9.099999999999,9.249999999998984,8.99999999999901,9.1,147383.6,0.02747252747263443,4.000355602313789e-12
1998-06-18,9.199999999999019,9.549999999998983,9.199999999999019,9.38,220157.98,0.03804347826097428,0.5142857142871035
1998-06-19,9.479999999998991,9.49999999999899,9.359999999999005,9.4,117622.20000000001,0.014767932489555349,-0.5714285714173463
1998-06-22,9.39999999999901,9.66999999999898,9.379999999999013,9.49,441560.21,0.030851063829890092,0.31034482758858933
1998-06-23,9.579999999998986,9.599999999998984,9.409999999999004,9.44,177405.91999999998,0.019832985386323616,-0.736842105254022
1998-06-24,9.439999999999024,9.749999999998993,9.399999999999029,9.68,403123.6,0.03707627118654271,0.6857142857151838
1998-06-25,9.669999999998998,9.859999999998978,9.589999999999007,9.66,486506.58,0.027921406411682646,-0.03703703703319242
1998-06-26,9.699999999999028,10.079999999998991,9.659999999999032,9.99,1152006.84,0.043298969072263695,0.6904761904769295
1998-06-29,10.009999999998987,10.07999999999898,9.749999999999014,9.89,726509.51,0.03296703296712954,-0.36363636363222823
1998-06-30,9.919999999999005,10.279999999998967,9.899999999999007,9.96,1747960.08,0.03830645161299997,0.10526315789709116
1998-07-01,10.199999999998955,10.229999999998952,9.65999999999901,9.76,858753.12,0.05588235294126904,-0.771929824558295
1998-07-02,9.749999999999039,10.249999999998991,9.699999999999044,10.16,896193.28,0.056410256410353354,0.7454545454550089
1998-07-03,10.229999999999025,10.779999999998973,10.119999999999035,10.5,2488017.0,0.06451612903234959,0.4090909090918047
1998-07-06,10.62999999999899,10.759999999998977,10.459999999999006,10.51,1549983.27,0.028222013170364137,-0.3999999999953402
1998-07-07,10.509999999998989,10.749999999998966,10.30999999999901,10.4,1169688.0,0.041864890580490706,-0.24999999999715788
1998-07-08,10.399999999999048,10.979999999998995,10.349999999999051,10.92,1592136.0,0.06057692307701356,0.8253968253970994
1998-07-09,10.979999999999015,11.239999999998991,10.819999999999029,11.14,1357732.06,0.0382513661203062,0.38095238095385553
1998-07-10,11.099999999999019,11.379999999998995,10.909999999999036,11.32,1542293.4000000001,0.042342342342428736,0.4680851063841105
1998-07-13,11.319999999998997,11.419999999998987,11.179999999999009,11.27,1026268.74,0.02120141342764832,-0.2083333333283047
1998-07-14,11.249999999998977,11.249999999998977,10.979999999999002,11.0,1294051.0,0.024000000000086688,-0.9259259259187939
1998-07-15,10.949999999999031,11.449999999998987,10.909999999999036,11.31,1063558.47,0.049315068493237406,0.6666666666672875
1998-07-16,11.299999999998983,11.399999999998972,10.999999999999009,11.1,670451.1,0.035398230088580854,-0.4999999999962543
1998-07-17,11.049999999998988,11.219999999998972,10.869999999999003,10.9,905212.3,0.03167420814488414,-0.4285714285673496
1998-07-20,10.899999999998988,11.059999999998972,10.649999999999011,10.76,922293.4,0.03761467889917078,-0.34146341463087776
1998-07-21,10.699999999999031,11.149999999998991,10.699999999999031,11.05,611606.4500000001,0.042056074766444754,0.7777777777782727
1998-07-22,11.04999999999902,11.349999999998992,10.999999999999025,11.27,966526.47,0.03167420814488389,0.628571428572489
1998-07-23,11.219999999998993,11.299999999998986,11.109999999999001,11.13,394091.04000000004,0.016934046345898877,-0.4736842105185576
1998-07-24,11.169999999999009,11.399999999998988,11.159999999999009,11.26,572345.8,0.021486123545298004,0.3750000000025999
1998-07-27,11.24999999999898,11.289999999998976,10.959999999999006,11.02,474256.72,0.029333333333419594,-0.6969696969645601
1998-07-28,11.019999999999,11.079999999998995,10.899999999999011,11.01,256599.06,0.016333938294100157,-0.0555555555496947
1998-07-29,10.999999999999002,11.22999999999898,10.899999999999011,11.01,343137.66,0.030000000000088164,0.03030303030596579
1998-07-30,10.999999999999014,11.249999999998993,10.969999999999018,11.16,436623.84,0.02545454545463401,0.5714285714301042
1998-07-31,11.199999999999015,11.519999999998987,11.179999999999017,11.39,920858.7200000001,0.030357142857229392,0.5588235294130692
1998-08-03,11.389999999998995,11.449999999998989,11.149999999999016,11.33,393649.52,0.026338893766547182,-0.1999999999960021
1998-08-04,11.249999999998996,11.299999999998994,11.129999999999008,11.22,254626.68000000002,0.015111111111198736,-0.17647058822836334
1998-08-05,10.999999999999018,11.299999999998992,10.999999999999018,11.21,307781.76,0.027272727272815777,0.7000000000010045
1998-08-06,11.24999999999898,11.25999999999898,10.979999999999006,11.04,329279.04,0.02488888888897555,-0.7499999999937513
1998-08-07,10.999999999998963,11.01999999999896,10.459999999999013,10.6,925242.2,0.05090909090917719,-0.7142857142826543
1998-08-10,10.499999999998957,10.499999999998957,10.059999999999,10.07,648588.56,0.041904761904853205,-0.9772727272682316
1998-08-11,10.009999999999009,10.279999999998982,9.999999999999009,10.1,405878.6,0.02797202797212512,0.32142857143099435
1998-08-12,10.099999999999016,10.379999999998988,9.999999999999025,10.26,811884.0599999999,0.037623762376332956,0.42105263158046996
1998-08-13,10.299999999999008,10.549999999998983,10.279999999999008,10.36,403884.6,0.026213592233104318,0.222222222225093
1998-08-14,10.349999999998968,10.379999999998965,9.949999999999008,10.03,475371.85,0.04154589371989936,-0.744186046507572
1998-08-17,9.899999999998924,9.949999999998917,9.149999999999006,9.19,537045.22,0.08080808080817353,-0.8874999999976438
1998-08-18,9.049999999999063,9.74999999999899,9.009999999999067,9.65,538537.55,0.08176795580120629,0.8108108108110675
1998-08-19,9.599999999999039,10.079999999998991,9.599999999999039,10.0,386220.0,0.050000000000099014,0.8333333333336826
1998-08-20,10.009999999998998,10.08999999999899,9.889999999999011,10.0,298030.0,0.01998001998011786,-0.04999999999474467
1998-08-21,9.99999999999902,10.249999999998995,9.89999999999903,10.2,383622.0,0.03500000000009634,0.571428571429797
1998-08-24,10.249999999999043,10.699999999999,10.199999999999045,10.7,1484582.2,0.0487804878049709,0.9000000000001966
1998-08-25,10.799999999998976,10.979999999998958,10.349999999999017,10.54,1260910.74,0.058333333333420535,-0.41269841269617225
1998-08-26,10.39999999999898,10.59999999999896,10.179999999999001,10.2,373646.39999999997,0.040384615384707674,-0.4761904761869637
1998-08-27,10.129999999999017,10.359999999998992,10.019999999999026,10.3,278913.7,0.033563672260707354,0.5000000000014735
1998-08-28,10.189999999999017,10.47999999999899,9.999999999999035,10.37,531649.1599999999,0.04710500490686491,0.37500000000130046
1998-08-31,10.199999999998997,10.229999999998997,9.789999999999038,10.19,355457.76999999996,0.04313725490205478,-0.02272727272494576
1998-09-01,10.149999999998995,10.38999999999897,9.999999999999009,10.09,267970.22,0.038423645320291785,-0.15384615384319786
1998-09-02,10.149999999999,10.189999999998996,10.019999999999014,10.15,189327.95,0.01674876847300317,5.882875885744488e-12
1998-09-03,10.159999999998998,10.279999999998985,10.099999999999003,10.14,106003.56000000001,0.017716535433167518,-0.11111111110493668
1998-09-04,10.179999999999001,10.269999999998992,10.099999999999008,10.19,164150.71,0.01669941060913398,0.05882352941729541
1998-09-07,10.249999999998995,10.249999999998995,10.08999999999901,10.19,164507.36,0.015609756097657,-0.37499999999141265
1998-09-08,10.179999999998996,10.229999999998991,10.079999999999007,10.14,183128.40000000002,0.014734774066894345,-0.26666666665822003
1998-09-09,10.099999999999003,10.199999999998994,9.959999999999019,10.14,272786.28,0.023762376237720324,0.16666666667014543
1998-09-10,10.199999999999005,10.379999999998988,10.169999999999009,10.26,535654.08,0.02058823529421367,0.2857142857176923
1998-09-11,10.299999999998986,10.319999999998984,10.099999999999005,10.15,341344.5,0.02135922330106598,-0.6818181818105379
1998-09-14,10.149999999998997,10.199999999998992,9.989999999999013,10.12,418077.43999999994,0.020689655172510306,-0.14285714285170267
1998-09-15,10.14999999999899,10.219999999998983,10.019999999999001,10.04,322083.19999999995,0.019704433497633667,-0.5499999999922531
1998-09-16,10.029999999999031,10.499999999998986,9.989999999999036,10.35,750509.5499999999,0.050847457627213204,0.6274509803928868
1998-09-17,10.349999999998975,10.389999999998972,10.079999999999002,10.1,429502.5,0.02995169082134986,-0.8064516128973953
1998-09-18,10.099999999998994,10.179999999998987,9.979999999999007,10.05,379829.7,0.01980198019811682,-0.2499999999937429
1998-09-21,9.97999999999901,10.149999999998991,9.94999999999901,10.06,208765.12000000002,0.02004008016041897,0.40000000000299335
1998-09-22,10.05999999999901,10.199999999998996,9.999999999999016,10.15,298460.75,0.01988071570586278,0.45000000000275087
1998-09-23,10.169999999998998,10.239999999998991,10.089999999999007,10.15,243955.25,0.01474926253696995,-0.1333333333257764
1998-09-24,10.149999999999014,10.299999999999,10.019999999999026,10.3,668222.8,0.027586206896647692,0.5357142857159436
1998-09-25,10.279999999999037,10.77999999999899,10.24999999999904,10.69,1765528.3299999998,0.05155642023355522,0.7735849056608082
1998-09-28,10.689999999998989,10.78999999999898,10.529999999999005,10.58,562221.2,0.024321796071185703,-0.423076923071447
1998-09-29,10.599999999998994,10.719999999998985,10.499999999999005,10.55,387955.15,0.020754716981224476,-0.22727272726714065
1998-09-30,10.529999999999003,10.729999999998984,10.509999999999005,10.56,391110.72000000003,0.020892687559447225,0.1363636363675642
1998-10-05,10.559999999999013,10.839999999998987,10.549999999999015,10.7,554837.7999999999,0.02746212121221327,0.4827586206914378
1998-10-06,10.699999999998976,10.759999999998971,10.379999999999008,10.46,251824.50000000003,0.03551401869167891,-0.631578947364123
1998-10-07,10.449999999999001,10.559999999998992,10.35999999999901,10.48,211056.72,0.019138755980955168,0.15000000000426109
1998-10-08,10.549999999999013,10.679999999999,10.419999999999025,10.68,308919.0,0.02464454976312555,0.50000000000192
1998-10-09,10.649999999999027,11.03999999999899,10.549999999999036,10.94,2108225.52,0.04600938967145096,0.5918367346947101
1998-10-12,10.899999999999004,11.099999999998985,10.799999999999013,10.95,661018.6499999999,0.027522935779905704,0.16666666666944474
1998-10-13,10.899999999998998,10.99999999999899,10.699999999999015,10.88,373466.88,0.027522935779905878,-0.06666666666310925
1998-10-14,10.899999999999,10.969999999998995,10.819999999999007,10.9,430909.7,0.013761467889998892,6.667259337171695e-12
1998-10-15,10.959999999998999,10.979999999998997,10.81999999999901,10.95,343906.64999999997,0.01459854014607536,-0.06249999999336298
1998-10-16,10.949999999999031,11.41999999999899,10.919999999999034,11.3,1919305.0000000002,0.04566210045670814,0.7000000000006013
1998-10-19,11.399999999999022,11.679999999998998,11.229999999999036,11.65,2184666.25,0.03947368421061062,0.555555555556543
1998-10-20,11.669999999998987,11.839999999998971,11.449999999999005,11.52,1420934.4,0.03341902313632967,-0.38461538461183586
1998-10-21,11.589999999999009,11.869999999998983,11.349999999999028,11.68,2510756.16,0.04486626402078989,0.17307692307851105
1998-10-22,11.54999999999902,11.899999999998991,11.479999999999027,11.79,2567355.03,0.036363636363719795,0.5714285714295902
1998-10-23,11.94999999999905,12.96999999999897,11.899999999999055,12.6,8426754.0,0.08953974895405109,0.607476635514386
1998-10-26,12.619999999999063,13.799999999998978,12.619999999999063,13.48,7714967.96,0.09350237717915283,0.7288135593222634
1998-10-27,12.779999999999056,13.769999999998983,12.779999999999056,13.55,4200201.9,0.0774647887324666,0.7777777777780034
1998-10-28,13.559999999998983,14.049999999998946,13.089999999999018,13.32,6214725.72,0.07079646017705968,-0.2499999999986983
1998-10-29,13.299999999998992,13.529999999998973,13.099999999999007,13.18,2226128.36,0.03233082706774182,-0.27906976743888945
1998-10-30,13.199999999999,13.479999999998979,13.109999999999006,13.2,2283230.4,0.02803030303037671,2.7029429745397627e-12
1998-11-02,13.129999999999022,13.499999999998995,13.109999999999022,13.42,1590524.98,0.02970297029710369,0.7435897435903975
1998-11-03,13.449999999998981,13.449999999998981,13.149999999999004,13.2,739345.2,0.022304832713827362,-0.8333333333272249
1998-11-04,13.199999999999013,13.479999999998993,13.119999999999019,13.39,1122630.99,0.027272727272801073,0.5277777777790912
1998-11-05,13.449999999999074,14.559999999998999,13.449999999999074,14.54,5799089.9799999995,0.08252788104096051,0.9819819819819974
1998-11-06,14.389999999999034,15.359999999998967,14.27999999999904,14.9,7398282.100000001,0.07505211952751388,0.4722222222227113
1998-11-09,14.779999999998992,15.24999999999896,14.499999999999012,14.68,4741126.2,0.05074424898517922,-0.13333333333182132
1998-11-10,14.649999999999004,14.879999999998988,14.499999999999012,14.7,2436495.6,0.02593856655296763,0.1315789473707028
1998-11-11,14.709999999999013,15.399999999998967,14.499999999999027,14.88,4764739.680000001,0.06118286879680076,0.18888888888978894
1998-11-12,14.749999999998995,14.849999999998987,14.499999999999012,14.68,1544923.2,0.023728813559388127,-0.1999999999965712
1998-11-13,14.599999999998985,14.749999999998975,14.109999999999019,14.39,2419289.97,0.043835616438421696,-0.3281249999979235
1998-11-16,14.349999999999042,14.999999999999,14.129999999999058,14.99,2906456.07,0.060627177700413926,0.7356321839083504
1998-11-17,14.999999999999025,15.479999999998993,14.879999999999033,15.37,3590309.04,0.04000000000006397,0.6166666666673035
1998-11-18,15.499999999998966,15.719999999998953,14.719999999999018,15.0,2780520.0,0.06451612903231849,-0.499999999998499
1998-11-19,14.819999999999022,15.159999999998998,14.809999999999022,15.15,965130.75,0.02361673414311579,0.9428571428573089
1998-11-20,14.949999999998994,15.099999999998984,14.799999999999004,14.86,441683.77999999997,0.02006688963217254,-0.2999999999956688
1998-11-23,14.859999999999001,15.149999999998983,14.809999999999006,14.9,606847.2000000001,0.022880215343268957,0.11764705882613037
1998-11-24,14.879999999999,15.079999999998988,14.809999999999006,14.9,902135.4,0.01814516129038856,0.07407407407750717
1998-11-25,14.979999999998991,15.349999999998966,14.699999999999008,14.85,2084138.0999999999,0.04339118825106529,-0.19999999999815427
1998-11-26,14.499999999999028,14.969999999998997,14.479999999999029,14.92,718606.88,0.03379310344834257,0.8571428571431463
1998-11-27,14.819999999999006,15.05999999999899,14.799999999999006,14.88,844782.24,0.017543859649189184,0.2307692307721855
1998-11-30,14.999999999999005,15.149999999998997,14.91999999999901,15.09,764700.84,0.015333333333399077,0.3913043478287335
1998-12-01,15.149999999998993,15.269999999998983,14.979999999999004,15.03,1580705.0999999999,0.01914191419148381,-0.41379310344340847
1998-12-02,15.069999999998995,15.199999999998985,14.799999999999013,15.0,998220.0,0.026542800265492505,-0.17499999999706195
1998-12-03,15.014999999998507,15.734999999998434,14.999999999998508,15.09,3504561.96,0.04895104895111227,0.10204081632843355
1998-12-04,15.104999999998421,15.374999999998392,13.949999999998543,14.37,3350183.48,0.09433962264156931,-0.5157894736827956
1998-12-07,14.480116648991043,14.630169671260381,14.1049840933177,14.15,1224598.66,0.03626943005188006,-0.6285714285673761
1998-12-08,14.14499999999852,14.504999999998482,14.14499999999852,14.34,1067555.6400000001,0.02545068928957047,0.5416666666693302
1998-12-09,14.375015706804776,14.465047120417333,14.17994764397757,14.33,423437.45,0.019832985386289637,-0.1578947368362813
1998-12-10,14.315101604276542,14.390128342244449,13.954973262030594,14.03,408370.6,0.030398322851220627,-0.65517241378815
1998-12-11,13.979999999998537,14.324999999998502,13.949999999998541,14.31,837678.7799999999,0.02682403433483357,0.8800000000016486
1998-12-14,14.225069518715056,14.225069518715056,13.729893048126874,14.03,280705.7,0.03481012658234634,-0.3939393939355694
1998-12-15,13.9349999999985,14.219999999998471,13.709999999998525,13.95,452603.10000000003,0.03659849300329852,0.029411764708768582
1998-12-16,13.93499999999846,13.93499999999846,13.49999999999851,13.59,423065.76,0.031216361679294407,-0.7931034482705897
1998-12-17,13.589999999998454,13.61999999999845,13.199999999998498,13.2,460222.4,0.030905077262764445,-0.9285714285656457
1998-12-18,13.184999999998531,13.769999999998467,13.12499999999854,13.47,347723.56,0.04891922639370115,0.44186046511792204
1998-12-21,13.50495049504802,13.925104510449511,13.32488448844738,13.64,1317495.51,0.04444444444451503,0.2250000000021266
1998-12-22,13.754999999998507,14.00999999999848,13.544999999998529,13.83,908216.1000000001,0.033805888767791115,0.1612903225835268
1998-12-23,13.844999999998471,13.949999999998461,13.49999999999851,13.56,274725.6,0.03250270855911654,-0.633333333328596
1998-12-24,13.565027808674795,13.625050055615837,13.354949944381161,13.49,194732.39,0.019911504424851068,-0.27777777777118184
1998-12-25,13.520011123469018,13.730088987762654,13.47499443826324,13.49,114173.0,0.01886792452837439,-0.11764705881718324
1998-12-28,13.529999999998482,13.589999999998478,13.349999999998504,13.38,167357.04,0.017738359201846472,-0.6249999999911379
1998-12-29,13.319999999998503,13.67999999999846,12.899999999998549,13.35,386162.10000000003,0.0585585585586291,0.038461538463412576
1998-12-30,13.274999999998489,13.454999999998469,12.899999999998531,13.2,262011.2,0.041807909604592006,-0.13513513513218503
1998-12-31,13.204983012456037,13.5801245753099,13.054926387314488,13.25,275778.56,0.039772727272800144,0.08571428571697763
1999-01-04,13.319999999998501,13.409999999998488,13.199999999998514,13.32,111666.00000000001,0.015765765765839497,7.1392627259374105e-12
1999-01-05,13.339988776653945,13.445028058359883,13.054882154880687,13.37,131921.46,0.029246344207047113,0.07692307692672709
1999-01-06,13.439999999998538,13.799999999998496,13.379999999998542,13.77,466316.45999999996,0.03125000000007204,0.7857142857159826
1999-01-07,13.724999999998511,13.949999999998488,13.664999999998516,13.83,516061.84,0.02076502732247591,0.3684210526355474
1999-01-08,14.089968253966765,14.22501587301437,13.90990476190329,14.18,527328.8999999999,0.02236421725246566,0.28571428571813284
1999-01-11,14.219999999998475,14.219999999998475,13.949999999998504,13.98,213856.72,0.018987341772220893,-0.8888888888800411
1999-01-12,14.024999999998471,14.084999999998466,13.709999999998507,13.77,195175.97999999998,0.026737967914507898,-0.6799999999941844
1999-01-13,13.775005452561201,13.910054525625528,13.654961832059579,13.76,220703.56,0.01851851851858983,-0.05882352940564785
1999-01-14,13.87983281086584,14.480041797281663,13.804806687563863,14.36,1013587.41,0.04864864864871736,0.711111111112281
1999-01-15,14.480031282584518,14.660093847756551,14.299968717412481,14.39,753227.37,0.024870466321310788,-0.24999999999514022
1999-01-18,14.354999999998507,14.474999999998495,14.12999999999853,14.4,263683.2,0.02403343782660933,0.13043478261266075
1999-01-19,14.444999999998526,14.78999999999849,14.354999999998535,14.7,683569.6000000001,0.03011422637597567,0.5862068965538252
1999-01-20,14.92499999999846,14.92499999999846,14.47499999999851,14.55,403044.69999999995,0.03015075376890905,-0.8333333333281492
1999-01-21,14.579999999998492,14.624999999998487,14.32499999999852,14.49,230883.66,0.020576131687309835,-0.2999999999940055
1999-01-22,14.519999999998483,14.669999999998465,14.294999999998504,14.37,403049.76,0.025826446281058832,-0.39999999999493063
1999-01-25,14.405144694532217,14.48017148981624,13.954983922828086,14.0,404380.86,0.03645833333340018,-0.7714285714242435
1999-01-26,14.104952581663424,14.405057955741368,13.954899894624452,14.24,293506.72000000003,0.03191489361708978,0.3000000000026688
1999-01-27,14.479979360163624,14.615025799792093,14.254901960782842,14.54,470662.68,0.024870466321310895,0.1666666666703703
1999-01-28,14.759999999998469,14.759999999998469,14.099999999998538,14.46,257735.04,0.04471544715453622,-0.45454545454249184
1999-01-29,14.264999999998494,14.48999999999847,14.099999999998513,14.22,125041.20000000001,0.027339642481666437,-0.11538461538046936
1999-02-01,14.19511351351198,14.19511351351198,13.849989189187694,13.88,150321.75,0.024312896405988372,-0.9130434782538795
1999-02-02,13.819873015871556,14.179999999998499,13.714835978834529,14.18,229899.59999999998,0.0336590662324259,0.7741935483886558
1999-02-03,14.07499467518487,14.375101171457466,13.87992545260768,14.09,328659.39,0.03518123667384246,0.030303030305998225
1999-02-04,14.00999999999849,14.09999999999848,13.799999999998512,13.92,109615.35999999999,0.02141327623133331,-0.2999999999939978
1999-02-05,13.874999999998467,13.874999999998467,13.544999999998502,13.56,172853.84,0.023783783783854213,-0.9545454545380176
1999-02-08,13.50495049504802,13.805060506049085,13.339889988997433,13.64,524665.71,0.034444444444515776,0.2903225806477651
1999-02-09,13.639924160345217,13.895016251352773,13.564897074754759,13.85,177446.75,0.024202420242095755,0.6363636363662556
1999-03-01,13.910065573768971,13.95508196721159,13.579945355189773,13.73,64644.75,0.026968716289174636,-0.47999999999471793
1999-03-02,13.649999999998482,13.649999999998482,13.484999999998502,13.5,101781.0,0.012087912087984314,-0.9090909090763092
1999-03-03,13.499999999998547,13.9499999999985,13.499999999998547,13.95,234155.40000000002,0.03333333333340505,1.0000000000011096
1999-03-04,13.919999999998513,14.099999999998495,13.784999999998528,14.07,203433.44000000003,0.02262931034489788,0.4761904761937348
1999-03-05,14.099999999998536,14.579999999998487,14.099999999998536,14.43,796622.58,0.034042553191557905,0.687500000001688
1999-03-08,14.429999999998525,14.759999999998492,14.29499999999854,14.67,778664.0399999999,0.03222453222459925,0.5161290322601791
1999-03-09,14.774999999998531,15.389999999998471,14.729999999998537,15.12,3334615.2,0.04467005076148598,0.5227272727287567
1999-03-10,15.230110775426464,15.530211480360975,14.854984894258324,14.9,1683472.6199999999,0.04433497536952088,-0.4888888888859449
1999-03-11,14.99999999999851,15.224999999998488,14.78999999999853,15.12,1270231.2,0.029000000000064804,0.27586206896833415
1999-03-12,15.23009027081091,15.335125376126847,14.794944834502026,14.96,654321.13,0.03546798029562986,-0.4999999999962957
1999-03-15,15.004916420844147,15.350029498523563,15.004916420844147,15.26,1487586.24,0.023000000000065166,0.7391304347848189
1999-03-16,15.37499999999851,15.4799999999985,15.029999999998543,15.48,766032.9600000001,0.029268292682989982,0.23333333333615017
1999-03-17,15.30502463054036,15.425064039407346,15.094955665023143,15.23,973588.0,0.02156862745104425,-0.22727272726748296
1999-03-18,15.005170630815407,15.080196483969486,14.494994829367684,14.51,597151.51,0.0390000000000641,-0.8461538461498332
1999-03-19,14.419968976213605,14.660051706306653,14.344943123059531,14.51,630648.39,0.021852237252929334,0.28571428571814816
1999-03-22,14.504999999998507,14.819999999998476,14.369999999998521,14.58,655108.56,0.031023784901824898,0.16666666666963126
1999-03-23,14.780040941656624,14.780040941656624,14.49494370521858,14.66,281659.33,0.019289340101589066,-0.4210526315722095
1999-03-24,14.584994861252355,14.750051387459942,14.479958890029344,14.6,252639.45,0.018518518518585735,0.055555555560905474
1999-03-25,14.674964467003585,14.960060913704066,14.599939086292935,14.78,822415.9,0.024539877300679976,0.29166666667002444
1999-03-26,14.854876847289177,15.275014778323616,14.794857142855683,15.23,1341099.2,0.032323232323297445,0.7812500000015
1999-03-29,15.184917395528164,15.575043731776912,15.169912536441673,15.44,1643868.66,0.026679841897297364,0.6296296296317794
1999-03-30,15.590169154227304,15.680199004973563,15.004975124376616,15.08,1045571.8500000001,0.04331087584221725,-0.7555555555522144
1999-03-31,15.1499999999985,15.23999999999849,14.999999999998515,15.15,701727.7999999999,0.015841584158480745,6.2542563720296316e-12
1999-04-01,15.179999999998522,15.479999999998494,15.104999999998531,15.45,933138.8,0.02470355731231716,0.7200000000020916
1999-04-02,15.60478380864622,16.325004599814505,15.60478380864622,16.31,5112693.63,0.0461538461539072,0.9791666666673887
1999-04-05,16.38481906442927,17.18005295675047,16.38481906442927,17.0,6258590.03,0.04853479853485654,0.7735849056612918
1999-04-06,17.204999999998485,17.354999999998473,16.619999999998537,17.01,3007640.16,0.0427201394943887,-0.26530612244657836
1999-04-07,16.844999999998517,17.309999999998475,16.634999999998534,17.04,4228680.4799999995,0.040071237756067656,0.28888888889068165
1999-04-08,16.9499999999985,17.219999999998475,16.649999999998524,16.92,2237997.1199999996,0.03362831858412787,-0.05263157894464616
1999-04-09,16.895040286480135,17.015076096686034,16.504923903310967,16.76,1925875.55,0.030195381882828304,-0.26470588234947917
1999-04-12,16.799999999998498,16.90499999999849,16.58999999999852,16.83,1338680.6400000001,0.01875000000005847,0.09523809524256423
1999-04-13,16.889999999998405,16.904999999998406,15.824999999998509,15.9,1589448.8,0.06394316163415839,-0.9166666666644284
1999-04-14,15.859953139642379,16.11503280224779,15.679896907215026,16.01,1076528.31,0.027436140018982903,0.3448275862095462
1999-04-15,15.91499999999854,16.349999999998502,15.524999999998577,16.35,1116105.5,0.051837888784225475,0.5272727272739068
1999-04-16,15.914999999998452,16.049999999998438,15.449999999998498,15.45,940596.0000000001,0.03770028275218095,-0.7749999999962079
1999-04-19,15.5599999999985,15.78507232401005,15.30491803278541,15.56,1483355.91,0.030858244937381436,3.1261233247790223e-12
1999-04-20,15.604910292727517,15.995033050045706,15.574900849856888,15.89,983789.82,0.026923076923139246,0.6785714285733844
1999-04-21,15.785121713727772,15.905160662121139,15.22994157740845,15.41,807489.02,0.042775665399300104,-0.5555555555525121
1999-04-22,15.320019665681876,15.500078662732005,14.854867256635707,15.26,603233.55,0.042115572967741224,-0.0930232558114842
1999-04-23,15.224999999998513,15.509999999998485,15.089999999998527,15.36,599582.72,0.027586206896615482,0.3214285714313783
1999-04-26,15.67499999999843,15.67499999999843,14.969999999998503,15.0,714460.0,0.04497607655508471,-0.9574468085071527
1999-04-27,14.999999999998519,15.419999999998476,14.864999999998533,15.18,893717.44,0.037000000000064044,0.3243243243264422
1999-04-28,14.999999999998515,15.404999999998473,14.924999999998521,15.15,608636.1,0.03200000000006453,0.31250000000247447
1999-04-29,15.074999999998573,15.809999999998501,15.044999999998574,15.81,1181154.5599999998,0.0507462686567794,0.9607843137261912
1999-04-30,15.560009661834245,15.800086956520213,15.304927536230405,15.53,878497.65,0.03182256509167265,-0.06060606060290867
1999-05-04,15.449999999998498,15.599999999998483,15.22499999999852,15.42,552878.96,0.024271844660257273,-0.0799999999957902
1999-05-05,15.2999999999985,15.494999999998482,15.089999999998522,15.3,223808.4,0.026470588235357743,3.706225998246056e-12
1999-05-06,15.37499999999851,15.524999999998494,15.299999999998516,15.48,254945.28,0.014634146341527514,0.4666666666712633
1999-05-07,15.749999999998451,15.749999999998451,15.194999999998508,15.27,211255.36,0.03523809523815633,-0.8648648648606054
1999-05-10,15.290151668350322,15.425197168855869,14.70495449949295,14.84,804966.88,0.04710500490683352,-0.6249999999970483
1999-05-11,14.864999999998524,15.179999999998492,14.864999999998524,15.12,556657.92,0.021190716448098054,0.8095238095260061
1999-05-12,15.079990069511908,15.155014895728383,14.89993048659236,15.11,357726.68,0.01691542288563737,0.11764705882895139
1999-05-13,15.200090452259781,15.200090452259781,14.884984924621621,14.93,234780.19999999998,0.020730503455148364,-0.8571428571353815
1999-05-14,14.960010050249755,15.1550753768829,14.779949748742235,14.93,557737.2999999999,0.02507522567709623,-0.0799999999957937
1999-05-17,14.854984894258324,14.990030211478855,14.719939577037795,14.9,158582.1,0.018181818181884205,0.1666666666716016
1999-05-18,14.924999999998475,14.924999999998475,14.609999999998507,14.67,123687.65999999999,0.021105527638256523,-0.8095238095164815
1999-05-19,14.669999999998556,15.479999999998476,14.669999999998556,15.24,1681662.8800000001,0.05521472392644479,0.7037037037046873
1999-05-20,15.274965853657047,15.515043902437512,15.019882926827803,15.38,1310319.0,0.03241650294701822,0.2121212121238135
1999-05-21,15.419999999998504,15.674999999998478,15.194999999998528,15.48,2187324.0,0.031128404669323352,0.12500000000286948
1999-05-24,15.569999999998538,16.124999999998483,15.404999999998552,15.96,3272512.8800000004,0.04624277456653517,0.5416666666679972
1999-05-25,16.02477211796103,17.060080428952897,15.9797587131353,16.79,6643279.199999999,0.06741573033713681,0.7083333333340689
1999-05-26,16.499999999998504,17.00999999999846,16.34999999999852,16.53,3157571.6199999996,0.040000000000058156,0.04545454545674866
1999-05-27,16.61999999999863,18.1799999999985,16.604999999998633,18.18,10913502.479999999,0.09476534296034315,0.9904761904765146
1999-05-28,18.589661399547136,20.000015048907454,18.574657637319902,19.94,13222048.229999999,0.07667473769173645,0.9473684210530194
1999-05-31,20.42999999999848,21.629999999998393,19.51499999999855,20.22,8545174.200000001,0.10352422907493374,-0.09929078014108589
1999-06-01,19.76999999999852,20.369999999998477,19.64999999999853,20.07,5371588.32,0.03641881638851609,0.41666666666817315
1999-06-02,20.030099312450723,20.75028265851637,19.6099923605791,19.64,6086103.87,0.05692883895135796,-0.34210526315627793
1999-06-03,19.205241605240033,19.625356265354657,18.304995904994403,18.32,4795465.29,0.06875000000004862,-0.6704545454529005
1999-06-04,18.37499999999854,19.12499999999848,18.329999999998545,18.9,2217146.4,0.04326530612250091,0.6603773584916249
1999-06-07,18.874917904611504,19.2950273651275,18.379788897574795,19.19,1960003.5499999998,0.0484896661367754,0.3442622950832308
1999-06-08,19.35509881422772,19.535146245057746,18.889976284583486,18.98,1249933.85,0.03333333333338338,-0.5813953488339815
1999-06-09,19.004999999998613,20.5799999999985,18.749999999998632,20.58,5141816.96,0.09629044988165769,0.860655737705267
1999-06-10,20.444999999998473,21.059999999998425,19.81499999999852,20.07,5577854.4,0.060895084372753115,-0.3012048192756624
1999-06-11,20.04500374531685,20.36008239700222,19.654906367039725,20.03,2236138.35,0.03517964071861103,-0.021276595742522372
1999-06-14,20.149926632426986,20.705062362434283,19.639801907555416,20.45,3358990.83,0.05286671630682299,0.28169014084621524
1999-06-15,20.63030888030729,20.975397683396064,18.979884169882705,19.43,3710343.3499999996,0.09672727272731649,-0.6015037593974444
1999-06-16,19.53479734708773,20.48002947678552,19.53479734708773,20.36,3102468.39,0.04838709677424224,0.8730158730165357
1999-06-17,20.55483415666757,21.545067043047176,20.37479181368946,21.26,5365513.01,0.05693430656938902,0.6025641025648681
1999-06-18,21.710113074203413,21.770127208479025,20.704876325086875,21.23,3748193.5,0.04906703524537892,-0.45070422535028154
1999-06-21,21.299999999998516,21.704999999998492,20.99999999999854,21.54,2504441.44,0.03309859154934123,0.34042553191653807
1999-06-22,21.569999999998533,22.559999999998464,21.314999999998548,22.02,4731290.6,0.05771905424204649,0.3614457831334422
1999-06-23,21.899999999998485,22.349999999998456,21.449999999998518,21.72,1416708.72,0.041095890411002714,-0.19999999999810958
1999-06-24,21.749999999998476,21.86999999999847,20.86499999999854,21.45,4780375.600000001,0.04620689655176809,-0.2985074626847746
1999-06-25,21.29999999999849,21.73499999999846,20.519999999998547,21.18,6155402.199999999,0.05704225352117107,-0.09876543209744917
1999-06-28,21.079861591694044,21.755017301036556,20.70477508650376,21.68,8848284.1,0.04982206405698451,0.5714285714294552
1999-06-29,21.824999999998465,22.049999999998445,20.879999999998528,21.27,4591413.1,0.05360824742272373,-0.47435897435729074
1999-06-30,21.2699999999985,21.2699999999985,21.2699999999985,21.27,0.0,4.701457451810172e-14,1.4992451724538114
1999-07-01,20.82535907335747,20.82535907335747,19.144926640925163,19.43,5874068.199999999,0.08069164265134107,-0.8303571428557568
1999-07-02,19.949999999998465,20.24999999999844,18.764999999998555,19.5,2367872.0,0.07443609022561032,-0.3030303030290883
1999-07-05,19.64999999999841,19.64999999999841,18.389999999998512,18.57,1450366.52,0.06412213740462781,-0.8571428571409841
1999-07-06,18.42493172690615,19.17513253011894,18.124851405621033,18.68,1306764.45,0.0570032573290414,0.24285714285834198
1999-07-07,18.599999999998534,19.094999999998496,18.14999999999857,19.08,1397317.4400000002,0.050806451612954266,0.5079365079375597
1999-07-08,18.979976396536667,19.385082612114918,18.75491738788208,19.07,1250460.6400000001,0.03320158102771885,0.1428571428592953
1999-07-09,19.034999999998472,19.259999999998456,18.59999999999851,18.69,925379.28,0.03467297084323431,-0.5227272727242065
1999-07-12,18.75517812758751,18.90521955260821,17.73489643744675,18.11,1075618.05,0.06240000000004991,-0.551282051280299
1999-07-13,18.1199999999985,18.269999999998486,17.75999999999853,18.15,1356240.5999999999,0.02814569536429191,0.05882352941458947
1999-07-14,18.1199999999985,18.359999999998482,17.90999999999852,18.15,473908.6,0.024834437086146587,0.06666666666985017
1999-07-15,18.229879518070824,18.905060240962335,17.974811244978476,18.68,876666.75,0.051028806584414124,0.48387096774302973
1999-07-16,18.67499999999847,18.97499999999845,18.029999999998523,18.3,576718.4,0.050602409638605225,-0.3968253968233878
1999-07-19,18.079942575880388,18.68010664478928,17.82487284659411,18.29,814191.4325,0.04730290456436788,0.24561403508918572
1999-07-20,18.149999999998588,19.3199999999985,18.0449999999986,19.32,2299067.12,0.07024793388434886,0.9176470588239872
1999-07-21,19.2050274941069,19.460094265513007,18.76991358994354,19.1,1459558.1500000001,0.0359375000000503,-0.152173913041087
1999-07-22,19.17520782395932,19.26523227383706,18.379991850039254,18.41,825501.0599999999,0.046165884194102856,-0.8644067796583488
1999-07-23,18.47999999999851,19.09499999999846,18.43499999999851,18.6,664255.6,0.035714285714338094,0.18181818182018233
1999-07-26,18.620081900080372,18.77012285012131,18.259983619982123,18.32,468131.4,0.027397260274024837,-0.5882352941135461
1999-07-27,18.379967558798185,18.72506082724909,18.154906731547594,18.5,622701.99,0.03102040816331815,0.21052631579173464
1999-07-28,18.41999999999851,18.94499999999847,18.224999999998527,18.57,700608.9600000001,0.03908794788278834,0.2083333333351312
1999-07-29,18.524999999998467,18.674999999998455,18.1499999999985,18.15,432296.7,0.02834008097171234,-0.7142857142814971
1999-07-30,18.454979757083528,18.680040485828446,18.07987854250866,18.53,964979.6,0.0325203252033043,0.12500000000229053
1999-08-02,18.52499999999848,18.704999999998467,18.224999999998506,18.33,562413.28,0.02591093117414169,-0.4062499999960265
1999-08-03,18.37987271280681,19.160079554493304,18.34986475735733,18.86,1535060.97,0.04408163265311322,0.5925925925937124
1999-08-04,19.00998426435728,19.295059008653084,18.69490165224086,19.07,1029942.14,0.03157063930549681,0.10000000000233147
1999-08-05,19.160047430828524,19.400110671935224,18.754940711460968,18.98,916973.2000000001,0.03367267032111536,-0.2790697674391003
1999-08-06,18.974999999998477,19.124999999998465,18.269999999998532,18.72,873687.36,0.045059288537599815,-0.2982456140329827
1999-08-09,18.725118949957448,18.80013945857106,18.21497949138489,18.29,582474.77,0.03125000000005164,-0.7435897435859147
1999-08-10,18.30500410172122,18.5600738310075,18.22998359310761,18.29,544588.25,0.018032786885299416,-0.04545454544985996
1999-08-11,18.30486831604004,18.860015961690436,18.21484437350214,18.8,962228.82,0.03524590163939703,0.7674418604662524
1999-08-12,18.644999999998472,18.97499999999845,18.20999999999851,18.3,1236665.2,0.0410297666935351,-0.4509803921543101
1999-08-13,18.374999999998487,18.67499999999846,18.149999999998503,18.21,610059.28,0.028571428571481396,-0.31428571428225766
1999-08-16,17.96999999999854,18.629999999998482,17.96999999999854,18.45,667065.9,0.036727879799719546,0.7272727272739009
1999-08-17,18.30492332526083,18.830064568198644,18.30492332526083,18.59,1241539.95,0.028688524590217153,0.5428571428589642
1999-08-18,18.734999999998486,18.869999999998473,18.29999999999852,18.57,847435.76,0.030424339471629026,-0.2894736842073851
1999-08-19,18.569999999998526,18.959999999998495,18.49499999999853,18.87,1072834.98,0.02504038772218504,0.6451612903244149
1999-08-20,18.980080321283616,19.04009638554064,18.57497188754871,18.68,536744.4,0.0245059288538063,-0.6451612903179688
1999-08-23,18.67499999999854,19.1999999999985,18.584999999998548,19.2,1707148.8,0.03293172690768233,0.853658536586416
1999-08-24,19.30499999999852,20.024999999998464,19.28999999999852,19.59,3287972.54,0.03807303807308785,0.3877551020423349
1999-08-25,19.625073700541535,19.71509697439723,19.024918541503567,19.34,1559329.08,0.03516819571870365,-0.4130434782580974
1999-08-26,19.22000781860679,19.355043002344072,18.979945269740504,19.19,646457.76,0.01951600312261152,-0.07999999999579244
1999-08-27,19.214999999998504,19.63499999999847,18.98999999999852,19.26,1191397.92,0.03356752537085436,0.06976744186268392
1999-08-30,19.280127693533977,19.355147645648895,18.724980047883584,18.8,412161.82,0.03268482490277382,-0.7619047619011745
1999-08-31,18.869999999998495,19.004999999998482,18.56999999999852,18.78,268190.92,0.02305246422898648,-0.20689655172021662
1999-09-01,18.859984139570276,19.160063441711408,18.679936558285593,18.92,1032078.0599999999,0.025457438345318183,0.12500000000286132
1999-09-02,18.87493333333185,19.20501960784163,18.769905882351466,19.13,1328575.5,0.02305246422898675,0.5862068965538262
1999-09-03,19.160079554493304,19.265107398566485,18.634940334127396,18.86,568805.0700000001,0.03288958496481154,-0.47619047618734117
1999-09-06,18.749999999998483,18.779999999998477,18.37499999999851,18.51,439624.83999999997,0.021600000000052095,-0.5925925925874302
1999-09-07,18.454987834548383,18.605028386048776,18.229927007297793,18.5,371502.9,0.020325203252085602,0.12000000000367549
1999-09-08,18.44999999999849,18.52499999999848,18.224999999998506,18.33,220558.78,0.016260162601679357,-0.3999999999936692
1999-09-09,18.874902572095177,19.35502727981143,18.57482462977252,19.25,874518.46,0.0413354531002097,0.4807692307705388
1999-09-10,19.48499999999845,19.49999999999845,18.8699999999985,18.9,798273.0,0.03233256351044224,-0.9285714285675721
1999-09-13,18.914999999998482,19.019999999998472,18.56999999999851,18.69,493864.56000000006,0.023790642347394794,-0.4999999999955573
1999-09-14,18.749999999998522,19.19999999999849,18.614999999998535,19.08,1028157.6000000001,0.031200000000051714,0.564102564104167
1999-09-15,19.100071713145887,19.355139442229532,18.75498007967978,18.83,1011417.05,0.03142183817758412,-0.4499999999967504
1999-09-16,18.82499999999848,18.89999999999847,18.44999999999851,18.57,424856.84,0.023904382470171192,-0.5666666666620763
1999-09-17,18.60497991967722,19.055100401604893,18.52995983935594,18.68,313814.69999999995,0.028225806451665125,0.14285714285972867
1999-09-20,18.7049999999985,19.154999999998463,18.6749999999985,18.72,706829.76,0.025661587810797873,0.03125000000306202
1999-09-21,18.674999999998487,18.719999999998485,18.419999999998506,18.51,194984.34,0.016064257028165337,-0.5499999999931567
1999-09-22,18.53999999999851,19.049999999998466,18.53999999999851,18.66,505549.16,0.02750809061493899,0.2352941176495388
1999-09-23,18.68007334963173,18.83011409942797,18.379991850039254,18.41,164368.91999999998,0.024096385542220912,-0.5999999999953347
1999-09-24,18.599999999998534,19.274999999998478,18.419999999998545,19.02,1991622.24,0.045967741935535184,0.49122807017661657
1999-09-27,19.205059288536035,19.43011857707356,18.754940711460968,18.98,1000210.2000000001,0.035156250000050134,-0.33333333333062265
1999-09-28,18.974999999998502,19.199999999998486,18.73499999999852,19.02,508468.0,0.024505928853806407,0.09677419355140662
1999-09-29,19.025051792827167,19.205099601592096,18.72497211155229,18.83,396618.905,0.025236593059988318,-0.4062499999960248
1999-09-30,18.824999999998504,19.094999999998482,18.449999999998536,18.9,346386.6,0.03426294820722249,0.11627906976958907
1999-10-08,18.719999999998475,18.719999999998475,18.284999999998508,18.39,221574.98,0.023237179487231783,-0.7586206896499789
1999-10-11,18.305062240662377,18.305062240662377,17.839933609957022,18.08,380310.05000000005,0.025409836065626964,-0.483870967737664
1999-10-12,18.124971193414147,18.42505349794087,18.019942386829793,18.23,290603.7,0.02235099337753727,0.2592592592623224
1999-10-13,18.245174468083555,18.33519999999844,17.6299999999985,17.63,214085.0,0.03865131578952643,-0.8723404255285518
1999-10-14,17.67480032599693,18.515028524855868,17.65979625101731,18.41,1077232.38,0.04838709677424732,0.8596491228077675
1999-10-15,18.304955320875845,18.710064987813265,18.274947197399,18.47,606193.64,0.023770491803332124,0.3793103448301674
1999-10-18,18.48499594484846,18.66504460664893,17.704785077046417,18.5,495653.67,0.05194805194810303,0.015625000001546117
1999-10-19,18.050025062655134,18.275087719296717,17.869974937341865,17.96,240728.67,0.02244389027436829,-0.22222222221796994
1999-10-20,17.864999999998542,18.554999999998483,17.864999999998542,18.36,637936.56,0.0386230058774676,0.7173913043489604
1999-10-21,18.389999999998476,18.524999999998467,17.849999999998523,18.12,267294.16,0.03670473083202627,-0.3999999999971821
1999-10-22,17.89993382960977,18.305045492140753,17.884929693960473,18.14,304958.16,0.023470243084715105,0.5714285714307835
1999-10-25,18.134999999998488,18.134999999998488,17.699999999998525,18.0,177192.0,0.023986765922303584,-0.3103448275820441
1999-10-26,17.939999999998506,17.9999999999985,17.75999999999852,18.0,144264.0,0.013377926421459716,0.25000000000520517
1999-10-27,18.074999999998507,18.49499999999847,17.87999999999852,18.15,1134738.0,0.034024896265613586,0.1219512195144321
1999-10-28,18.25499999999846,18.25499999999846,17.69999999999851,17.82,642565.4400000001,0.03040262941665113,-0.7837837837796682
1999-10-29,17.854962468722448,18.305087572975953,17.70492076730461,17.99,1119086.65,0.03361344537820538,0.22500000000212167
1999-11-01,17.969999999998496,17.999999999998494,17.69999999999852,17.91,311860.86,0.016694490818084624,-0.19999999999433823
1999-11-02,17.735021240440297,17.93007646558896,17.629991503821785,17.66,345884.99,0.016920473773320906,-0.24999999999417677
1999-11-03,17.705189094105744,17.840228671942143,16.954969217236854,17.06,525885.24,0.05000000000005371,-0.7288135593195182
1999-11-04,17.204999999998506,17.264999999998498,16.67999999999855,17.25,566835.0,0.034001743679219085,0.07692307692550591
1999-11-05,17.0999999999985,17.20499999999849,16.784999999998522,17.07,249119.58000000002,0.02456140350882915,-0.07142857142483174
1999-11-08,17.0000716204103,17.09009847806472,16.564941808413916,16.76,229186.06,0.03089143865848604,-0.4571428571391326
1999-11-09,16.784999999998494,17.05499999999847,16.604999999998512,16.71,190705.66,0.026809651474588636,-0.16666666666296334
1999-11-10,16.579946284689655,16.8800358102044,16.504923903310967,16.76,357339.47,0.022624434389199376,0.4800000000027161
1999-11-11,16.784999999998494,16.85999999999849,16.529999999998516,16.74,193056.84,0.019660411081381196,-0.1363636363586746
1999-11-12,16.775049683828655,16.80505871725232,16.579990966574837,16.61,157968.9,0.013416815742455693,-0.7333333333234201
1999-11-15,16.654968666068342,16.83502238137719,16.504923903310967,16.76,333491.52,0.019819819819878865,0.3181818181853917
1999-11-16,16.79999999999849,16.949999999998482,16.49999999999852,16.71,378993.94,0.026785714285772467,-0.199999999996216
1999-11-17,16.729973238178705,16.880017841211696,16.504906333629215,16.82,303847.05000000005,0.022421524663735516,0.24000000000335966
1999-11-18,16.820008936548987,16.910035746200453,16.504915102768855,16.79,878437.38,0.02408563782342994,-0.07407407407018725
1999-11-19,16.79999999999849,16.859999999998486,16.49999999999852,16.68,502679.6,0.021428571428629667,-0.33333333332824616
1999-11-22,16.76999999999846,16.784999999998462,16.079999999998527,16.35,562821.5,0.042039355992901435,-0.5957446808480896
1999-11-23,16.274999999998514,16.604999999998483,16.22999999999852,16.41,503972.98,0.02304147465443783,0.3600000000030384
1999-11-24,16.30499999999848,16.454999999998467,15.914999999998518,16.11,379884.54,0.033118675253049165,-0.3611111111076609
1999-11-25,15.979971988794027,16.205042016805212,15.91995331465771,16.07,224545.86000000002,0.017840375586916153,0.31578947368835975
1999-11-26,16.124999999998487,16.199999999998482,15.914999999998505,15.99,173310.28,0.01767441860471232,-0.4736842105193808
1999-11-29,16.055119617223344,16.130143540668314,15.424918660285604,15.68,253245.3,0.04392523364491952,-0.5319148936141378
1999-11-30,15.6449999999985,15.704999999998497,15.314999999998534,15.66,445067.63999999996,0.024928092042248367,0.038461538465289144
1999-12-01,15.539999999998527,15.854999999998498,15.329999999998549,15.81,366876.31999999995,0.03378378378384587,0.5142857142875924
1999-12-02,15.80002865329362,15.9350716332363,15.379894937916392,15.71,201516.09000000003,0.035137701804429475,-0.16216216215916526
1999-12-03,15.599999999998511,15.854999999998487,15.554999999998513,15.72,375236.4,0.01923076923083227,0.40000000000366653
1999-12-06,15.719999999998507,15.914999999998487,15.599999999998518,15.78,486865.6,0.020038167938993587,0.1904761904803429
1999-12-07,15.784929709464315,16.160046860354626,15.679896907215026,16.01,706119.26,0.030418250950631838,0.4687500000021461
1999-12-08,16.019999999998483,16.244999999998463,15.659999999998515,15.81,697126.1399999999,0.0365168539326446,-0.3589743589711828
1999-12-09,15.809999999998489,15.974999999998476,15.449999999998527,15.72,356854.48000000004,0.03320683111960568,-0.17142857142538195
1999-12-10,15.709990467110039,15.785014299331193,15.379885605336952,15.74,326559.1548,0.02578796561610782,0.07407407407759109
1999-12-13,15.674999999998462,15.674999999998462,15.284999999998501,15.3,153540.59999999998,0.024880382775181807,-0.9615384615321466
1999-12-14,15.3799999999985,15.54505365853507,15.24495609755949,15.38,103525.0,0.019512195122014925,5.001778502992746e-12
1999-12-15,15.679962013293856,15.90503323836506,15.574928774927297,15.8,426254.39999999997,0.021052631579009662,0.36363636363981555
1999-12-16,15.800156709107167,15.860176297745753,15.27498530851956,15.32,171466.74000000002,0.037037037037098104,-0.8205128205088472
1999-12-17,15.374999999998478,15.569999999998458,15.104999999998505,15.15,160529.4,0.030243902439087443,-0.4838709677376685
1999-12-21,15.179999999998449,15.179999999998449,14.6699999999985,14.7,121108.40000000001,0.03359683794472772,-0.9411764705834454
1999-12-22,14.699999999998512,15.074999999998475,14.444999999998538,14.82,490453.08,0.04285714285720801,0.19047619047826883
1999-12-23,14.824974823764874,15.080060422959209,14.62990936555744,14.9,435066.9627,0.030364372469701112,0.16666666666962435
1999-12-24,14.854994954589822,15.065065590311292,14.689939455094377,14.87,424534.49,0.02525252525259088,0.04000000000389399
1999-12-27,14.86499999999847,14.98499999999846,14.474999999998511,14.58,434386.80000000005,0.034308779011164914,-0.5588235294077271
1999-12-28,14.429999999998515,14.954999999998462,14.38499999999852,14.58,491822.28,0.03950103950110608,0.2631578947390133
1999-12-29,14.579999999998492,14.744999999998475,14.189999999998532,14.49,474846.96,0.03806584362146517,-0.16216216215916907
1999-12-30,14.534999999998496,14.669999999998481,14.249999999998526,14.49,201729.78,0.02889576883391607,-0.1071428571390309
2000-01-04,14.48999999999852,14.894999999998479,14.249999999998545,14.7,286718.60000000003,0.044513457557001736,0.3255813953506585
2000-01-05,14.819999999998494,15.119999999998463,14.54999999999852,14.76,520742.64,0.03846153846160343,-0.10526315789192077
2000-01-06,14.704904904903433,14.9899999999985,14.52484484484339,14.99,349779.87,0.0316326530612904,0.612903225808359
2000-01-07,15.124878993222156,15.890125847045894,15.124878993222156,15.5,1345678.77,0.05059523809530075,0.4901960784326945
2000-01-10,15.719999999998514,16.109999999998475,15.22499999999856,15.87,2669228.2,0.056297709923724036,0.16949152542523208
2000-01-11,15.980195121949661,16.16025365853501,15.22995121951071,15.38,1363977.75,0.05821596244137345,-0.6451612903202746
2000-01-12,15.299999999998425,15.509999999998405,14.549999999998501,14.58,817578.3600000001,0.06274509803927707,-0.7499999999976538
2000-01-13,14.840188877228245,14.840188877228245,14.254984260229355,14.3,400155.17,0.03943377148641464,-0.9230769230727818
2000-01-14,14.300074547389316,14.555165069221024,14.044984025557607,14.09,286657.92000000004,0.03567681007351967,-0.4117647058786015
2000-01-17,14.069999999998497,14.084999999998496,13.829999999998522,14.04,165653.28,0.0181236673774686,-0.11764705881719113
2000-01-18,14.069999999998487,14.234999999998468,13.874999999998506,13.95,152566.5,0.025586353944632212,-0.3333333333282412
2000-01-19,13.95495207667583,14.315079872202945,13.95495207667583,14.09,158465.64,0.025806451612972785,0.3750000000031274
2000-01-20,14.1049840933177,14.300053022267837,14.074973488863833,14.15,202339.50999999998,0.01595744680858031,0.20000000000577237
2000-01-21,14.2499999999985,14.594999999998464,13.754999999998553,14.25,896866.5,0.058947368421118626,1.7848156814906968e-12
2000-01-24,14.249999999998465,14.249999999998465,13.844999999998508,13.92,328549.12,0.02842105263164715,-0.8148148148091007
2000-01-25,13.889999999998517,14.399999999998462,13.844999999998523,14.07,308057.96,0.039956803455792556,0.3243243243264475
2000-01-26,14.104860392966483,14.84011375387644,14.104860392966483,14.51,1316241.72,0.05212765957453538,0.5510204081645562
2000-01-27,14.549999999998512,14.87999999999848,14.219999999998548,14.7,983459.4,0.04536082474233366,0.22727272727465941
2000-01-28,14.699999999998472,14.774999999998462,14.369999999998505,14.4,468403.2,0.027551020408229338,-0.7407407407352163
2000-02-14,14.819999999998576,15.749999999998485,14.699999999998587,15.6,1199546.4000000001,0.0708502024292124,0.7428571428578639
2000-02-15,15.755004766442731,15.99508102955043,15.079790276452329,15.74,2030087.74,0.058095238095297895,-0.016393442621293733
2000-02-16,15.590128331686515,15.725172754193906,15.00493583415449,15.2,1141569.9600000002,0.04619826756502759,-0.541666666663829
2000-02-17,15.284999999998481,15.524999999998457,14.699999999998541,15.12,1345044.96,0.053974484789070576,-0.19999999999793816
2000-02-18,15.269999999998472,15.49499999999845,14.849999999998515,15.0,1156420.0,0.042239685658215974,-0.4186046511598144
2000-02-21,14.999999999998499,15.449999999998456,14.78999999999852,15.0,1091850.0,0.044000000000063884,2.274275044380428e-12
2000-02-22,15.1499999999985,15.899999999998425,15.089999999998506,15.15,1674549.7,0.05346534653471588,1.85311299912532e-12
2000-02-23,15.449999999998496,16.664999999998376,15.014999999998537,15.39,1338519.5999999999,0.10679611650491214,-0.036363636362706314
2000-02-24,15.605063291137723,15.755111976629431,15.139912366113425,15.41,1444033.89,0.03942307692313847,-0.3170731707287562
2000-02-25,15.305105105103571,15.320110110108576,14.629879879878414,14.99,1089629.28,0.04509803921574871,-0.4565217391275963
2000-02-28,14.939999999998488,14.999999999998481,14.549999999998526,14.82,683834.3200000001,0.030120481927775788,-0.2666666666627398
2000-02-29,14.854562211980198,16.31000921658836,14.824552995390341,16.28,3202909.15,0.10000000000006043,0.9595959595963256
2000-03-01,16.279990800366487,17.255289788406877,15.78483900643829,16.31,6447844.859999999,0.09032258064521725,0.020408163266311823
2000-03-02,16.280201342280318,16.640316395012785,15.529961649087676,15.65,3009430.48,0.06820276497701577,-0.5675675675657043
2000-03-03,15.854999999998482,16.259999999998442,15.584999999998509,15.69,1555182.34,0.04257332071907633,-0.2444444444418578
2000-03-06,15.764999999998455,15.989999999998433,15.2999999999985,15.3,1382283.5999999999,0.043767840152296705,-0.6739130434751089
2000-03-07,15.299999999998516,15.674999999998478,15.119999999998534,15.48,608188.56,0.03627450980398446,0.32432432432644753
2000-03-08,15.574957020055821,16.370210124162718,15.574957020055821,15.71,1690381.5,0.051059730250542605,0.16981132075638836
2000-03-09,15.749999999998469,15.824999999998463,15.269999999998515,15.45,870741.4,0.03523809523815663,-0.5405405405368594
2000-03-10,15.455093966368404,15.605143422352562,15.124985163203252,15.17,567747.27,0.03106796116511122,-0.5937499999956423
2000-03-13,15.149999999998508,15.53999999999847,15.149999999998508,15.24,395376.4,0.02574257425749004,0.23076923077248748
2000-03-14,14.98499999999847,15.149999999998451,14.414999999998527,14.7,788233.6000000001,0.049049049049112496,-0.38775510203824776
2000-03-15,14.774999999998519,15.224999999998476,14.699999999998528,14.97,363860.82,0.035532994923923124,0.37142857143072383
2000-03-16,14.969999999998434,14.969999999998434,14.279999999998505,14.31,427248.89999999997,0.046092184368801234,-0.9565217391268773
2000-03-17,14.314973931176816,14.555057351406198,14.194932221062128,14.39,503359.92,0.02515723270447054,0.20833333333692988
2000-03-20,14.279999999998545,15.074999999998466,14.159999999998558,14.73,758329.86,0.0640756302521665,0.4918032786896274
2000-03-21,14.774999999998478,14.84999999999847,14.519999999998504,14.55,360364.69999999995,0.02233502538077685,-0.6818181818115712
2000-03-22,14.554984583760065,14.780061664952232,14.524974306267776,14.6,377854.82,0.017525773195943874,0.17647058824048625
2000-03-23,14.62998976458397,14.705015353120299,14.479938587511313,14.66,458281.38999999996,0.015384615384682785,0.13333333333940145
2000-03-24,14.699999999998482,15.119999999998438,14.399999999998512,14.52,704307.12,0.04897959183679941,-0.2499999999975711
2000-03-27,14.549999999998509,14.684999999998494,14.399999999998524,14.64,632418.72,0.019587628866046706,0.3157894736883709
2000-03-28,14.719842053305555,15.215004935832653,14.704837117471401,15.2,809397.13,0.034658511722797415,0.941176470589333
2000-03-29,15.26999999999848,15.37499999999847,14.849999999998523,15.06,452984.72,0.03438113948925769,-0.39999999999638375
2000-03-30,15.079960513325263,15.199999999998498,15.00493583415449,15.2,475958.05000000005,0.01293532338315008,0.61538461538915
2000-03-31,15.200059940058424,15.245074925073403,14.97498501498352,15.02,491100.61,0.017769002961565104,-0.6666666666586519
2000-04-03,15.014999999998473,15.014999999998473,14.684999999998505,14.76,492423.12,0.021978021978087223,-0.772727272720379
2000-04-04,14.74499999999848,14.74499999999848,14.504999999998505,14.55,332680.89999999997,0.016276703967513313,-0.8124999999903636
2000-04-05,14.549999999998564,15.674999999998454,14.519999999998568,15.21,2882000.94,0.07938144329903232,0.5714285714293775
2000-04-06,15.229960899314248,15.71011730205125,15.169941348972122,15.35,1743989.9400000002,0.03546798029562997,0.22222222222458923
2000-04-07,15.410039254169243,15.605103042196703,15.214975466141786,15.29,757127.19,0.02531645569626576,-0.307692307687675
2000-04-10,15.409895138225414,16.040095328883123,15.289857006671564,15.74,1315068.36,0.04868549172352812,0.44000000000141376
2000-04-11,15.749999999998456,15.869999999998445,15.239999999998506,15.3,764673.6,0.04000000000006097,-0.7142857142821988
2000-04-12,15.40499999999848,15.704999999998453,15.074999999998514,15.21,550196.4,0.040895813047774086,-0.3095238095209353
2000-04-13,15.239999999998519,15.719999999998471,15.239999999998519,15.45,773890.5,0.031496062992189475,0.4375000000022164
2000-04-14,15.584999999998505,16.01999999999846,15.44999999999852,15.63,1268624.58,0.036573628488993246,0.0789473684235461
2000-04-17,15.629999999998457,15.79499999999844,14.999999999998519,15.18,806887.84,0.05086372360850604,-0.56603773584646
2000-04-18,15.154985192496033,15.27502467916927,14.929911154983715,15.2,369471.49000000005,0.022772277227787366,0.13043478261267089
2000-04-19,15.229960899314248,15.71011730205125,15.079912023458936,15.35,903216.93,0.041379310344890535,0.19047619047827044
2000-04-20,15.3449999999985,15.44999999999849,15.23999999999851,15.33,493094.56000000006,0.013685239491755385,-0.07142857142109324
2000-04-21,15.3449999999985,15.674999999998466,15.134999999998518,15.33,902783.7000000001,0.03519061583584003,-0.027777777774950416
2000-04-24,15.314999999998484,15.449999999998472,15.04499999999851,15.15,411787.1,0.026444662096048035,-0.4074074074026962
2000-04-25,15.154985192496033,15.380059230008351,15.00493583415449,15.2,528816.39,0.024752475247589088,0.12000000000368569
2000-04-26,15.3049085659273,15.875091434069693,15.154860442731936,15.59,2295753.62,0.04705882352947417,0.39583333333487114
2000-04-27,15.69514257620298,15.84519174041142,15.154965585052588,15.26,1309245.1199999999,0.043977055449391796,-0.6304347826056064
2000-04-28,15.269999999998515,15.52499999999849,15.269999999998515,15.42,440868.07999999996,0.016699410609101767,0.5882352941212209
2000-05-08,15.509999999998492,15.554999999998486,15.269999999998515,15.42,304370.24,0.01837524177956035,-0.31578947367784166
2000-05-09,15.455014605646014,15.740107108080261,15.304965920154304,15.41,484559.13999999996,0.028155339805888222,-0.10344827585838554
2000-05-10,15.395176589302178,15.455196770936887,14.794974772955115,14.87,554266.3,0.04288499025347361,-0.7954545454510634
2000-05-11,14.855097837279622,15.005149330585477,14.554994850667912,14.57,327324.10000000003,0.030303030303095606,-0.6333333333285891
2000-05-12,14.579999999998503,14.774999999998482,14.429999999998516,14.61,266330.56,0.023662551440396216,0.08695652174322582
2000-05-15,14.555099894845997,14.69014721345797,14.179968454257182,14.27,241630.08,0.035051546391818865,-0.5588235294077258
2000-05-16,14.2699479708622,14.480020811653022,14.2699479708622,14.42,179082.34999999998,0.014721345951698986,0.7142857142894484
2000-05-17,14.474999999998488,14.489999999998487,14.249999999998511,14.37,222476.34,0.016580310880896985,-0.4374999999919251
2000-05-18,14.374922918806332,14.615005138744644,14.29989722507561,14.6,183284.01,0.021920668058523333,0.714285714288207
2000-05-19,14.705025641024136,14.720030769229261,14.479948717947234,14.63,255674.25,0.016326530612311794,-0.31249999999245825
2000-05-22,14.689899899898428,15.065025025023514,14.65988988988842,14.99,448071.48,0.02757916241068923,0.740740740742621
2000-05-23,15.08003003002852,15.24508508508356,14.749919919918442,14.99,227212.56,0.03283582089558663,-0.18181818181478393
2000-05-24,15.004975124376616,15.140019900496005,14.944955223879111,15.08,416632.80000000005,0.013000000000065673,0.3846153846211128
2000-05-25,15.149999999998515,15.449999999998488,15.119999999998518,15.3,509367.6,0.021782178217886496,0.45454545454861983
2000-05-26,15.380059230008351,15.425074037510814,15.019940769988644,15.2,597801.6900000001,0.026341463414697428,-0.4444444444396405
2000-05-29,15.194999999998496,15.269999999998488,14.999999999998515,15.15,481325.6,0.01776900296156511,-0.16666666666049335
2000-05-30,15.224999999998502,15.569999999998469,15.059999999998515,15.24,1434602.16,0.03349753694587654,0.02941176470876469
2000-05-31,15.30502463054036,15.575113300491076,15.004926108372905,15.23,807087.4,0.037254901960847256,-0.13157894736555212
2000-06-01,15.230019782392164,15.425084075171569,15.09497527200642,15.17,404662.86,0.021674876847354706,-0.18181818181308937
2000-06-02,15.179999999998513,15.374999999998495,15.104999999998522,15.33,466829.16000000003,0.017786561264886796,0.5555555555590617
2000-06-05,15.379961277830068,16.010164569214325,15.349951597287962,15.5,1702198.06,0.04292682926835485,0.18181818182018192
2000-06-06,15.52499999999849,15.614999999998481,15.239999999998519,15.42,438041.07999999996,0.024154589372043477,-0.27999999999525593
2000-06-07,15.484995159727445,15.605033881895874,15.304937076474799,15.5,515983.5,0.0193798449613037,0.050000000004835475
2000-06-08,15.5699999999985,15.74999999999848,15.44999999999851,15.54,678735.3999999999,0.019267822736093666,-0.09999999999467749
2000-06-09,15.61499999999849,15.899999999998462,15.494999999998502,15.51,901296.44,0.025936599423693467,-0.25925925925491744
2000-06-12,15.51502429543095,15.680077745382343,15.304956268220085,15.44,449456.91,0.024177949709927572,-0.19999999999546353
2000-06-13,15.52499999999857,16.334999999998498,15.509999999998572,16.29,2452209.7199999997,0.053140096618418634,0.9272727272734178
2000-06-14,16.385107577173397,16.625182413468977,15.904957904582234,16.04,2414785.48,0.043956043956102295,-0.4791666666639189
2000-06-15,16.0399999999985,16.0399999999985,16.0399999999985,16.04,0.0,6.234413965087476e-14,1.4992451724538114
2000-06-16,16.03999066293034,16.49013071895271,15.90494864612363,16.07,1167154.3800000001,0.03648269410670194,0.05128205128453189
2000-06-19,16.070075829382365,16.3551658767757,15.799990521325515,15.83,641767.05,0.03454715219427114,-0.43243243242895313
2000-06-20,15.830106485961682,15.830106485961682,15.454985479185337,15.5,466936.66,0.023696682464516755,-0.8799999999936522
2000-06-21,15.499980713595422,15.695043394405433,15.39494696239003,15.56,325431.33999999997,0.0193610842207798,0.20000000000432588
2000-06-22,15.599999999998493,15.674999999998484,15.449999999998507,15.51,374680.24,0.014423076923139991,-0.3999999999915684
2000-06-23,15.529952153108562,15.755023923443469,15.484937799041582,15.68,508078.99999999994,0.017391304347889294,0.555555555559054
2000-06-26,15.674999999998507,15.794999999998495,15.599999999998516,15.75,406098.0,0.012440191387622654,0.38461538462111117
2000-06-27,15.75492957746331,15.9799999999985,15.679906103284912,15.98,502413.75,0.01904761904768134,0.7500000000024997
2000-06-28,16.04999999999848,16.139999999998473,15.839999999998502,15.87,481368.84,0.018691588785107804,-0.5999999999929955
2000-06-29,15.899999999998474,15.95999999999847,15.569999999998508,15.63,364887.56,0.02452830188685373,-0.6923076923020719
2000-06-30,15.635014436957107,15.740048123193864,15.544985563039887,15.59,367234.55000000005,0.012476007677606423,-0.23076923076034284
2000-07-03,15.524999999998478,15.539999999998477,15.22499999999851,15.3,355051.8,0.02028985507252677,-0.7142857142786865
2000-07-04,15.304975609754605,15.440019512193615,15.214946341461932,15.38,228585.25,0.014705882353005406,0.333333333338524
2000-07-05,15.425024437926155,15.545063538610405,15.304985337241904,15.35,171915.15,0.015564202334694206,-0.3124999999924433
2000-07-06,15.349990243900942,15.485034146339954,15.304975609754605,15.38,220651.75,0.011730205278656824,0.16666666667407404
2000-07-07,15.379904306218624,15.740019138754475,15.379904306218624,15.68,264761.19999999995,0.023414634146404992,0.833333333335185
2000-07-10,15.7499999999985,15.809999999998494,15.524999999998522,15.75,371248.5,0.018095238095300364,5.260509377012982e-12
2000-07-11,15.784985781989024,16.13009478672833,15.784985781989024,15.83,638243.3500000001,0.021863117870784467,0.1304347826126698
2000-07-12,15.904957904582234,16.07000935453545,15.814929840971391,16.04,716443.7999999999,0.016037735849118745,0.52941176470968
2000-07-13,16.055080721745863,16.130104463436265,15.75498575498426,15.8,640750.5,0.023364485981369178,-0.6799999999941863
2000-07-14,15.799962299715759,16.10005655042261,15.679924599433017,15.92,533343.48,0.026590693257421617,0.285714285717176
2000-07-17,15.964948837207816,16.445097674417074,15.919934883719446,16.13,1376870.75,0.032894736842166004,0.31428571428797253
2000-07-18,16.1699999999985,16.40999999999848,16.1699999999985,16.2,607899.6000000001,0.01484230055664738,0.12500000000574082
2000-07-19,16.324905320106737,16.73002705139615,16.294896302974184,16.64,1716543.47,0.02665441176476567,0.7241379310362559
2000-07-20,16.730109990832567,16.790128322638243,16.219954170484307,16.37,763732.73,0.034080717488847,-0.6315789473646849
2000-07-21,16.42499999999848,16.48499999999848,16.199999999998504,16.23,491000.78,0.01735159817357591,-0.6842105263081139
2000-07-24,16.235023212626164,16.28003714020276,16.06997214484531,16.16,342098.27999999997,0.012939001848489482,-0.357142857134026
2000-07-25,16.154999999998505,16.499999999998476,16.13999999999851,16.23,400913.46,0.022284122562734664,0.2083333333369262
2000-07-26,16.27996340347518,16.550045745652646,16.24995425434435,16.4,477947.04,0.018433179723562537,0.4000000000036678
2000-07-27,16.47495040576948,17.06012623985419,16.429936880070656,16.64,1580380.45,0.038251366120276985,0.26190476190672685
2000-07-28,16.700091491306797,16.77511436413387,16.354986276302256,16.4,486614.52999999997,0.025157232704460682,-0.7142857142804493
2000-07-31,16.39499999999851,16.769999999998475,16.37999999999851,16.5,577951.0,0.02378774016474393,0.26923076923392103
2000-08-01,16.58000906618164,16.77506799637201,16.5049864007238,16.55,415665.55,0.016289592760240314,-0.11111111110515887
2000-08-02,16.5749999999985,16.709999999998487,16.319999999998522,16.56,571673.2799999999,0.023529411764764818,-0.03846153845760053
2000-08-03,16.559999999998485,16.61999999999848,16.379999999998503,16.41,365177.2,0.014492753623247864,-0.6249999999911434
2000-08-04,16.38508853681115,16.430102516307883,16.054986020501765,16.1,643800.0,0.022893772893832657,-0.7599999999939716
2000-08-07,16.099953831946806,16.280009233608837,15.949907663895111,16.25,306987.18,0.020503261882632965,0.4545454545486233
2000-08-08,16.280018501386095,16.40005550416129,16.189990749304695,16.22,268725.79000000004,0.012903225806512318,-0.285714285705774
2000-08-09,16.214999999998515,16.349999999998502,16.13999999999852,16.35,341388.0,0.012950971322910232,0.6428571428612124
2000-08-10,16.370046253467493,16.460074005548893,16.2049953746516,16.22,336969.32,0.015582034830490988,-0.5882352941094486
2000-08-11,16.1999999999985,16.304999999998486,16.139999999998505,16.17,335980.25999999995,0.01018518518524608,-0.1818181818079994
2000-08-14,16.169999999998506,16.34999999999849,16.154999999998505,16.23,364623.18,0.012059369202287697,0.30769230769841543
2000-08-15,16.204976958523854,16.445050691242727,16.204976958523854,16.28,318621.1,0.014814814814875671,0.3125000000049423
2000-08-16,16.31999999999851,16.424999999998498,16.19999999999852,16.41,379607.06,0.013786764705942605,0.40000000000487923
2000-08-17,16.469999999998493,16.48499999999849,16.319999999998505,16.35,306824.10000000003,0.010018214936307834,-0.7272727272592411
2000-08-18,16.34999999999849,16.45499999999848,16.199999999998504,16.23,257137.30000000002,0.01559633027528964,-0.47058823528639615
2000-08-21,16.1999999999985,16.229999999998498,15.929999999998522,16.2,528606.0,0.018518518518579326,4.9974839081631155e-12
2000-08-22,16.199999999998482,16.42499999999846,16.019999999998497,16.02,370467.83999999997,0.025000000000060186,-0.4444444444396423
2000-08-23,16.02508087535528,16.130114176972775,15.304852521406726,15.77,682656.03,0.05149812734088315,-0.3090909090887177
2000-08-24,15.824999999998496,15.959999999998484,15.674999999998509,15.78,430709.83999999997,0.01800947867304798,-0.15789473683629174
2000-08-25,15.830009496674661,15.90503323836506,15.69496676163194,15.8,313362.26999999996,0.013270142180156898,-0.14285714284932338
2000-08-28,15.785052833812122,15.785052833812122,15.5749855907766,15.62,496026.09,0.01330798479093694,-0.7857142857034
2000-08-29,15.620009624637571,15.650019249276644,15.514975938400815,15.59,510917.86000000004,0.008645533141273868,-0.22222222220945714
2000-08-30,15.590058422588552,15.605063291137723,15.379990262900158,15.41,562364.66,0.014436958614115316,-0.7999999999897781
2000-08-31,15.379990262900158,15.605063291137723,15.304965920154304,15.41,432418.35,0.01951219512201506,0.10000000000466619
2000-09-01,15.404999999998491,15.52499999999848,15.314999999998502,15.33,272506.08,0.013631937682634515,-0.35714285713400934
2000-09-04,15.269999999998491,15.31499999999849,15.044999999998513,15.18,292548.95999999996,0.017681728880221705,-0.33333333332654164
2000-09-05,15.155095862763353,15.290141271441442,14.839989909181146,14.87,253814.92,0.029702970297093644,-0.6333333333285938
2000-09-06,14.849999999998467,14.849999999998467,14.489999999998503,14.52,320843.6,0.02424242424249002,-0.9166666666599542
2000-09-07,14.519999999998523,14.909999999998483,14.519999999998523,14.76,174620.63999999998,0.02685950413229838,0.6153846153868866
2000-09-08,14.855035605288418,14.885045778228394,14.704984740588536,14.75,116220.09,0.012121212121278495,-0.5833333333217665
2000-09-11,14.774999999998514,14.969999999998496,14.759999999998517,14.91,117292.0,0.014213197969609912,0.6428571428612233
2000-09-12,14.944955223879111,15.140019900496005,14.944955223879111,15.08,188065.65000000002,0.013052208835407296,0.6923076923118361
2000-09-13,15.149999999998503,15.329999999998487,15.014999999998517,15.18,227791.08,0.020792079207985453,0.09523809524255403
2000-09-14,15.194999999998481,15.209999999998479,14.969999999998503,15.0,137010.0,0.01579466929917628,-0.8124999999903709
2000-09-15,14.999999999998492,14.999999999998492,14.83499999999851,14.91,107192.95999999999,0.0110000000000658,-0.5454545454421602
2000-09-18,14.915097435895907,14.915097435895907,14.614994871793375,14.63,118053.0,0.0201207243461421,-0.9499999999918378
2000-09-19,14.594999999998496,14.65499999999849,14.489999999998508,14.55,173339.0,0.01130524152113649,-0.2727272727165315
2000-09-20,14.55493387588865,14.780010172938475,14.524923702948675,14.75,109525.86,0.017525773195943735,0.7647058823558319
2000-09-21,14.780061664952232,14.84008221993681,14.584994861252355,14.6,87735.41,0.017258883248797537,-0.7058823529325233
2000-09-22,14.554994850667912,14.705046343973768,14.509979402676155,14.57,98439.98000000001,0.013402061855738006,0.0769230769303866
2000-09-25,14.5699999999985,14.645025746651426,14.554994850667912,14.57,71989.94,0.006179196704496689,1.6672293581876652e-11
2000-09-26,14.594999999998505,14.774999999998485,14.579999999998508,14.64,44320.159999999996,0.013360739979512423,0.23076923077574418
2000-09-27,14.669999999998517,14.92499999999849,14.624999999998522,14.85,100544.40000000001,0.020449897750577956,0.6000000000030058
2000-09-28,14.864999999998478,14.92499999999847,14.624999999998503,14.64,63518.08,0.020181634712477463,-0.749999999992507
2000-09-29,14.639999999998505,14.744999999998495,14.639999999998505,14.7,70344.40000000001,0.007172131147608834,0.5714285714374174
2000-10-09,14.699999999998491,14.729999999998487,14.519999999998507,14.61,72611.7,0.014285714285781416,-0.4285714285622473
2000-10-10,14.674944388269495,14.855005055610226,14.629929221434313,14.84,86191.35,0.015337423312950548,0.7333333333367504
2000-10-11,14.854984894258324,15.110070493452659,14.79496475327142,14.9,216910.91999999998,0.021212121212187157,0.1428571428614474
2000-10-12,14.855056179773765,14.900071501530654,14.674994892746204,14.69,85398.17,0.015151515151581384,-0.7333333333234204
2000-10-13,14.669999999998492,14.699999999998491,14.564999999998506,14.61,108688.66,0.009202453987797564,-0.4444444444300321
2000-10-16,14.63002059732084,14.63002059732084,14.554994850667912,14.57,82564.13,0.005128205128273176,-0.7999999999693065
2000-10-17,14.569989722506211,14.630010277490788,14.554984583760065,14.6,67098.08,0.005149330587092021,0.4000000000146563
2000-10-18,14.624999999998506,14.759999999998492,14.609999999998507,14.67,66640.92,0.01025641025647791,0.3000000000079902
2000-10-19,14.669999999998488,14.714999999998485,14.5499999999985,14.55,106525.4,0.011247443762848718,-0.7272727272592195
2000-10-20,14.554923857866541,14.779999999998498,14.554923857866541,14.78,107847.65,0.015463917525840877,1.000000000002226
2000-10-23,14.855025380709153,14.930050761419801,14.674964467003585,14.78,156979.44999999998,0.017171717171783226,-0.2941176470517956
2000-10-24,14.77499999999849,14.804999999998486,14.624999999998506,14.67,85154.45999999999,0.01218274111681803,-0.5833333333217708
2000-10-25,14.669999999998513,14.849999999998497,14.579999999998524,14.82,253876.48,0.018404907975527053,0.5555555555590617
2000-10-26,14.849999999998484,14.909999999998476,14.6999999999985,14.7,86788.8,0.014141414141480355,-0.7142857142751808
2000-10-27,14.704984740588536,14.825025432348442,14.599949135298617,14.75,110400.73,0.015306122449046543,0.20000000000577245
2000-10-30,14.70503597122151,14.70503597122151,14.554984583760065,14.6,148528.45,0.010204081632720477,-0.6999999999853339
2000-10-31,14.6099999999985,14.834999999998477,14.579999999998503,14.61,113471.0,0.017453798768034417,5.879392833129742e-12
2000-11-01,14.6699999999985,14.759999999998492,14.59499999999851,14.7,70511.0,0.011247443762848466,0.18181818182618287
2000-11-02,14.734964610716405,15.020060667339228,14.719959555104678,14.84,278858.44,0.020366598778070573,0.350000000003839
2000-11-03,14.855035605288418,14.930061037638358,14.704984740588536,14.75,82021.52,0.01515151515158132,-0.46666666665793066
2000-11-06,14.735015321755391,14.750020429007687,14.629979570989313,14.69,127984.66999999998,0.008146639511268955,-0.37499999998439026
2000-11-07,14.689979654118545,14.94506612410835,14.64496439470858,14.75,144825.39,0.020429009193121007,0.2000000000043353
2000-11-08,14.714999999998513,14.939999999998491,14.714999999998513,14.85,163270.80000000002,0.015290519877742832,0.6000000000039982
2000-11-09,14.864999999998517,15.044999999998497,14.804999999998522,15.03,288004.86,0.016145307769995502,0.6875000000033827
2000-11-10,15.050020020018511,15.140050050048533,14.974994994993496,14.99,286413.3,0.010967098703953931,-0.36363636362505863
2000-11-13,14.999999999998524,15.284999999998494,14.999999999998524,15.24,417565.84,0.019000000000065263,0.8421052631602091
2000-11-14,15.269999999998499,15.299999999998494,15.14999999999851,15.27,357236.56,0.009823182711263215,1.0006810195222408e-11
2000-11-15,15.269999999998483,15.284999999998481,15.074999999998504,15.12,263884.32,0.013752455795742297,-0.7142857142751664
2000-11-16,15.119999999998507,15.254999999998494,15.089999999998511,15.18,241756.68,0.010912698412763792,0.36363636364324314
2000-11-17,15.224999999998504,15.404999999998486,15.194999999998508,15.27,367609.98,0.013793103448340532,0.21428571429183857
2000-11-20,15.29999999999851,15.509999999998492,15.29999999999851,15.45,469179.31700000004,0.01372549019614301,0.7142857142894666
2000-11-21,15.515034079842696,15.620068159686893,15.39499513144933,15.41,496126.9599,0.014506769825982294,-0.46666666665792683
2000-11-22,15.409990281825518,15.48501457725797,15.274946550047105,15.44,269981.4054,0.013631937682634748,0.1428571428636058
2000-11-23,15.470029268291174,15.515043902437512,15.304975609754605,15.38,268339.5675,0.013579049466601144,-0.4285714285622442
2000-11-24,15.389999999998457,15.419999999998454,14.894999999998507,14.97,381839.3908,0.03411306042891264,-0.7999999999956164
2000-11-27,14.849999999998499,14.999999999998483,14.774999999998506,14.85,189436.5,0.015151515151581425,6.671206796829764e-12
2000-11-28,14.924999999998516,15.134999999998497,14.864999999998524,15.12,151575.7824,0.018090452261372306,0.7222222222251145
2000-11-29,15.11999999999848,15.149999999998476,14.849999999998508,14.91,147489.72,0.01984126984133459,-0.6999999999926739
2000-11-30,14.894999999998502,14.999999999998492,14.849999999998508,14.94,134264.5848,0.010070493454245679,0.3000000000080139
2000-12-01,14.939999999998504,15.029999999998493,14.849999999998513,14.97,175755.9836,0.012048192771150346,0.16666666667407481
2000-12-04,14.999999999998492,14.999999999998492,14.879999999998505,14.91,149686.7582,0.008000000000066057,-0.7499999999812637
2000-12-05,14.909999999998508,15.059999999998492,14.864999999998513,15.0,193110.40000000002,0.013078470825015788,0.4615384615437957
2000-12-06,14.999999999998526,15.419999999998483,14.999999999998526,15.27,1054912.68,0.028000000000064702,0.642857142859187
2000-12-07,15.269999999998483,15.269999999998483,15.044999999998504,15.12,164936.016,0.014734774066862211,-0.6666666666570272
2000-12-08,15.104999999998498,15.149999999998492,15.014999999998507,15.06,123570.01079999999,0.008937437934524334,-0.33333333331976744
2000-12-11,15.074999999998477,15.149999999998467,14.819999999998503,14.85,167128.929,0.021890547263746334,-0.6818181818115748
2000-12-12,14.824964824119116,14.9299999999985,14.794954773867861,14.93,135971.42649999997,0.009109311740957507,0.77777777778311
2000-12-13,14.930020181633203,14.99004036326791,14.839989909181146,14.87,165282.8449,0.010050251256347648,-0.39999999998732605
2000-12-14,14.900071501530654,14.900071501530654,14.629979570989313,14.69,241568.24999999997,0.018126888217588524,-0.7777777777693465
2000-12-15,14.705025641024136,14.780051282049767,14.599989743588248,14.63,226131.75,0.012244897959250788,-0.4166666666560346
2000-12-18,14.6699999999985,14.77499999999849,14.549999999998512,14.67,155767.9182,0.015337423312950647,6.663311877543522e-12
2000-12-19,14.705005107250798,14.825045965269172,14.659989785493906,14.69,135474.11789999998,0.011224489795985776,-0.09090909089946374
2000-12-20,14.705005107250798,14.735015321755391,14.59996935648472,14.69,236935.8178,0.009183673469455119,-0.11111111109919683
2000-12-21,14.704994903158541,14.870050968398075,14.704994903158541,14.72,118108.47600000001,0.011224489795985601,0.09090909091764
2000-12-22,14.720030769229261,14.720030769229261,14.554974358972867,14.63,249525.12,0.01121304791036284,-0.5454545454421527
2000-12-25,14.630030959750812,14.660041279668249,14.50998968008106,14.54,222941.0277,0.01025641025647794,-0.5999999999860027
2000-12-26,14.554974358972867,14.690020512819006,14.46494358974211,14.63,322851.65249999997,0.015463917525840585,0.3333333333385239
2000-12-27,14.630030959750812,14.705056759544407,14.52499484003978,14.54,247834.83149999997,0.012307692307759955,-0.499999999988887
2000-12-28,14.539989701337326,14.66003089598201,14.494974253345571,14.57,210684.95830000003,0.011351909184794375,0.18181818182618892
2000-12-29,14.564999999998514,14.819999999998487,14.564999999998514,14.7,105687.806,0.01750772399594788,0.5294117647096865
2001-01-02,14.824925224325543,15.065004985043364,14.824925224325543,15.05,220126.00279999996,0.016194331983871917,0.937500000002344
2001-01-03,15.119999999998488,15.134999999998485,14.89499999999851,15.0,231025.40000000002,0.015873015873080917,-0.4999999999916661
2001-01-04,15.005045408676587,15.005045408676587,14.854994954589822,14.87,158838.9665,0.010000000000065911,-0.8999999999839997
2001-01-05,14.854915590862475,15.23003972194486,14.824905660375885,15.11,337549.2196,0.027272727272792712,0.6296296296317829
2001-01-08,15.11006030150602,15.140070351757274,14.824964824119116,14.93,220847.613,0.02085402184713522,-0.571428571422005
2001-01-09,14.95499999999852,15.224999999998493,14.939999999998522,15.15,296501.054,0.019057171514609218,0.6842105263186496
2001-01-10,15.154936461386592,15.410019550340623,15.154936461386592,15.35,546011.4165,0.01683168316838164,0.7647058823558298
2001-01-11,15.389999999998485,15.419999999998481,15.224999999998502,15.24,252187.3544,0.012670565302208284,-0.7692307692191388
2001-01-12,15.239999999998497,15.344999999998487,15.209999999998502,15.21,246704.27340000003,0.008858267716600397,-0.2222222222094633
2001-01-15,15.209999999998463,15.209999999998463,14.834999999998502,14.85,228096.693,0.024654832347204086,-0.9599999999934411
2001-01-16,14.76489552238659,15.155024875620382,14.71988059701346,15.08,173383.1025,0.029471544715512877,0.7241379310362684
2001-01-17,15.074999999998493,15.149999999998483,14.954999999998504,15.0,120283.4,0.012935323383149953,-0.3846153846057252
2001-01-18,15.014999999998512,15.1499999999985,14.969999999998517,15.15,173794.74000000002,0.011988011988077776,0.7500000000041772
2001-01-19,15.149999999998506,15.284999999998492,15.149999999998506,15.21,235515.49320000003,0.008910891089174255,0.44444444445226944
2001-02-05,15.305094905093375,15.365114885113352,14.884955044953559,15.02,205078.17330000002,0.031372549019671174,-0.5937499999956359
2001-02-06,14.974945490583256,15.139999999998501,14.824895936569396,15.14,250364.88529999997,0.02104208416840196,0.5238095238126191
2001-02-07,15.1499999999985,15.209999999998495,14.999999999998515,15.15,151703.111,0.013861386138678976,7.147721568029572e-12
2001-02-08,15.155044955043442,15.27508491508339,14.959980019978527,15.02,174554.78040000002,0.020792079207985356,-0.4285714285653114
2001-02-09,14.999999999998526,15.329999999998494,14.999999999998526,15.27,291545.8344,0.022000000000065235,0.8181818181838845
2001-02-12,15.299999999998516,15.524999999998494,15.209999999998526,15.48,472634.1216,0.020588235294181533,0.5714285714315298
2001-02-13,15.485034146339954,15.53004878048629,15.274965853657047,15.38,304246.64999999997,0.016472868217117718,-0.4117647058748604
2001-02-14,15.379980563652538,15.48501457725797,15.304956268220085,15.44,238293.1446,0.011707317073235147,0.3333333333398118
2001-02-15,15.440068965515717,15.485083743840837,15.2299999999985,15.23,155129.04750000002,0.01652089407197808,-0.8235294117555869
2001-02-16,15.199990147781753,15.260009852215244,15.049940886698023,15.23,177054.67150000003,0.013820335636787537,0.1428571428636118
2001-02-19,15.22995121951071,15.39500487804728,15.154926829266815,15.38,160180.645,0.015763546798094195,0.6250000000036471
2001-02-20,15.374999999998487,15.374999999998487,15.104999999998514,15.24,190567.36080000002,0.01756097560981996,-0.49999999999259215
2001-02-21,15.23003972194486,15.245044687188157,15.00496524329543,15.11,260251.1947,0.015763546798094174,-0.49999999999166145
2001-02-22,15.080019980018475,15.155044955043442,14.97498501498352,15.02,133313.2801,0.011940298507528164,-0.3333333333231623
2001-02-23,14.999999999998542,15.449999999998498,14.999999999998542,15.45,123866.97600000001,0.030000000000064694,1.0000000000011133
2001-02-26,15.410009756096057,15.410009756096057,15.24495609755949,15.38,160414.4475,0.010710808179226716,-0.18181818180798512
2001-02-27,15.380009775169562,15.425024437926155,15.274975562070841,15.35,110535.55920000002,0.009756097561040046,-0.1999999999886659
2001-02-28,15.37499999999851,15.569999999998492,15.299999999998516,15.48,351775.26,0.017560975609820166,0.38888888889300394
2001-03-01,15.449999999998532,15.899999999998489,15.434999999998531,15.78,1006487.3239999999,0.030097087378703643,0.7096774193565334
2001-03-02,15.824999999998502,15.92999999999849,15.674999999998514,15.81,663509.2315999999,0.01611374407589156,-0.05882352940566243
2001-03-05,15.815014272120283,15.875033301615998,15.69497621312886,15.77,297604.5232,0.011385199241049188,-0.24999999999027764
2001-03-06,15.76991580916597,16.11502338634087,15.72490177736055,16.04,591771.3543,0.02473834443393436,0.6923076923097619
2001-03-07,16.055051935786963,16.085061378657596,15.85999055712787,15.89,269293.0041,0.014018691588846523,-0.7333333333234007
2001-03-08,15.869999999998496,15.884999999998495,15.689999999998514,15.81,303869.25399999996,0.012287334593634968,-0.30769230768304695
2001-03-09,15.794999999998502,15.92999999999849,15.704999999998513,15.84,274512.6912,0.01424501424507652,0.20000000000578705
2001-03-12,15.830028598663889,15.905052430885043,15.709990467110039,15.74,196446.7545,0.012322274881578884,-0.46153846152841643
2001-03-13,15.740057859207742,15.740057859207742,15.529990356796961,15.56,222937.37099999998,0.013346043851349621,-0.8571428571316411
2001-03-14,15.54490995260516,15.905023696680956,15.54490995260516,15.83,224872.19500000004,0.023166023166086097,0.7916666666686374
2001-03-15,15.824999999998496,15.929999999998484,15.764999999998501,15.78,177527.63,0.010426540284422648,-0.27272727271653935
2001-03-16,15.779999999998486,15.779999999998486,15.569999999998508,15.63,201862.8046,0.01330798479093692,-0.7142857142751748
2001-03-19,15.689999999998527,16.184999999998478,15.599999999998534,15.96,597625.8176,0.037284894837537386,0.46153846154023637
2001-03-20,16.01999999999849,16.034999999998487,15.854999999998505,15.9,178042.158,0.01123595505624143,-0.6666666666546371
2001-03-21,15.899999999998526,16.1849999999985,15.86999999999853,16.17,443755.57379999995,0.01981132075477853,0.8571428571449045
2001-03-22,16.2050139275751,16.310046425253827,16.054967502319773,16.16,517206.84839999996,0.01574074074080156,-0.17647058822872475
2001-03-23,16.169999999998474,16.199999999998475,15.8999999999985,15.9,379469.39999999997,0.01855287569579379,-0.8999999999919848
2001-03-26,15.899999999998514,16.124999999998494,15.824999999998523,16.05,265017.279,0.0188679245283635,0.5000000000033398
2001-03-27,16.175023299159722,16.175023299159722,15.979962721340545,16.1,268030.1423,0.01205936920228723,-0.384615384605717
2001-03-28,16.10000933706666,16.130018674134813,16.009981325862185,16.07,218906.83080000003,0.007455731593724108,-0.24999999998543487
2001-03-29,16.2650418604636,16.28004651162639,16.08498604651013,16.13,454737.89999999997,0.01199261992625995,-0.6923076922964473
2001-03-30,16.130018674134813,16.205042016805212,15.90494864612363,16.07,261223.00470000002,0.018604651162851784,-0.1999999999943246
2001-04-02,16.064999999998502,16.124999999998494,15.989999999998506,16.05,316555.969,0.008403361344599536,-0.11111111109919716
2001-04-03,16.049999999998494,16.09499999999849,15.88499999999851,15.99,314981.68,0.013084112149594155,-0.2857142857057823
2001-04-04,15.989999999998481,16.09499999999847,15.734999999998506,15.78,409993.22479999997,0.02251407129462022,-0.5833333333275521
2001-04-05,15.754976303316042,15.920028436017446,15.694957345970078,15.83,302381.357,0.014285714285776626,0.33333333333852666
2001-04-06,15.86999999999849,15.899999999998487,15.614999999998513,15.75,330831.89999999997,0.017958412098360594,-0.4210526315722085
2001-04-09,15.755004766442731,15.800019065775423,15.679980934221573,15.74,210997.1188,0.007619047619110627,-0.12499999998645966
2001-04-10,15.72496682464306,15.905023696680956,15.694957345970078,15.83,147639.1265,0.013358778626016806,0.5000000000047653
2001-04-11,15.82499999999849,15.82499999999849,15.674999999998501,15.72,264702.792,0.009478672985844724,-0.6999999999853147
2001-04-12,15.719999999998505,15.824999999998495,15.674999999998507,15.75,209645.72999999998,0.009541984732887573,0.2000000000086498
2001-04-13,15.7499999999985,15.809999999998494,15.704999999998506,15.75,176242.71,0.006666666666729608,1.4278525451806708e-11
2001-04-16,15.754966887415726,15.935023651843334,15.754966887415726,15.86,268165.55079999997,0.01142857142863415,0.583333333338435
2001-04-17,15.875033301615998,15.95005708848564,15.739990485250644,15.77,256019.1858,0.013232514177756002,-0.4999999999904828
2001-04-18,15.779999999998488,15.794999999998486,15.6449999999985,15.66,257448.31199999998,0.009505703422116034,-0.7999999999846574
2001-04-19,15.665033751203891,15.665033751203891,15.454966248793113,15.56,379774.5991,0.013409961685886618,-0.49999999999048705
2001-04-20,15.554999999998486,15.599999999998483,15.434999999998498,15.45,294867.988,0.010607521697267142,-0.6363636363506678
2001-04-23,15.449999999998488,15.449999999998488,15.22499999999851,15.3,302439.078,0.01456310679618031,-0.666666666657043
2001-04-24,15.314999999998506,15.43499999999849,15.269999999998507,15.36,180911.4112,0.010773751224354457,0.27272727273470126
2001-04-25,15.35005934717949,15.365064292777907,15.154995054400082,15.17,181608.35640000002,0.013685239491755485,-0.8571428571316254
2001-04-26,15.164999999998493,15.224999999998488,15.074999999998504,15.12,210787.61760000003,0.009891196834882255,-0.29999999998798843
2001-04-27,15.14999999999851,15.434999999998482,15.134999999998513,15.27,137841.1702,0.019801980198084383,0.40000000000367364
2001-04-30,15.269999999998504,15.359999999998495,15.254999999998505,15.3,108739.752,0.006876227897903942,0.28571428572584795
2001-05-08,15.319980487803385,15.53004878048629,15.319980487803385,15.38,95160.795,0.013712047012796918,0.2857142857200686
2001-05-09,15.425044160940585,15.470058881254616,15.274995093227156,15.29,89985.85199999998,0.012645914396951218,-0.6923076922964461
2001-05-10,15.30501474926103,15.425054080627783,15.22999016715681,15.26,78250.6242,0.012745098039280122,-0.2307692307603478
2001-05-11,15.254999999998505,15.329999999998499,15.20999999999851,15.3,101756.62799999998,0.007866273353064075,0.3750000000093742
2001-05-14,15.304753028889534,16.535135135133594,15.304753028889534,16.1,1263630.3603,0.08039215686280511,0.6463414634153296
2001-05-15,16.05503292568052,16.220084666037984,15.859971777985336,15.95,937284.6239,0.022429906542116976,-0.291666666661691
2001-05-16,15.989999999998485,16.03499999999848,15.734999999998509,15.84,258848.4096,0.018761726078860546,-0.49999999999333294
2001-05-17,15.89005730658874,16.040105062080606,15.694995224449315,15.71,546221.1564000001,0.02171860245520772,-0.5217391304289271
2001-05-18,15.709999999998502,15.709999999998502,15.709999999998502,15.71,0.0,6.365372374284097e-14,1.4992451724538114
2001-05-21,15.75501432664606,15.875052531039554,15.604966571154193,15.71,337584.0006,0.017142857142919486,-0.1666666666604942
2001-05-22,15.725053037606973,15.75506268080851,15.54499517839773,15.56,171705.1119,0.013358778626016938,-0.7857142857034145
2001-05-23,15.560009661834245,15.650038647341482,15.469980676327008,15.53,150123.3345,0.011571841851558124,-0.16666666665741128
2001-05-24,15.539999999998502,15.629999999998494,15.449999999998512,15.57,162254.13960000002,0.011583011583075143,0.16666666667408303
2001-05-25,15.569999999998476,15.629999999998468,15.149999999998515,15.3,322209.73799999995,0.030828516377711536,-0.5624999999957078
2001-05-28,15.305044510384242,15.455093966368404,15.109980217604836,15.17,287083.3578,0.022549019607907117,-0.3913043478206013
2001-05-29,15.184965652599098,15.425044160940585,15.184965652599098,15.29,145105.8038,0.015810276679906643,0.4375000000044271
2001-05-30,15.334965986393067,15.575043731776912,15.319961127306579,15.44,95688.97379999999,0.01663405088069024,0.4117647058866232
2001-05-31,15.48504398826828,15.605083088952531,15.154936461386592,15.35,372589.5921,0.0290697674419232,-0.29999999999599986
2001-06-01,15.3599999999985,15.524999999998483,15.254999999998509,15.36,177136.7424,0.01757812500006403,5.552759897957034e-12
2001-06-04,15.454947166184873,15.710028818442293,15.42493756003694,15.62,263011.773,0.01844660194181118,0.578947368424286
2001-06-05,15.62001928640158,15.740057859207742,15.469971070393882,15.56,179343.8613,0.017291066282483624,-0.22222222221584703
2001-06-06,15.575004821599272,15.635024108002352,15.484975891994651,15.56,240576.74099999998,0.009633911368079031,-0.09999999998934653
2001-06-07,15.554999999998484,15.569999999998485,15.344999999998507,15.39,169719.07319999998,0.014464802314431745,-0.7333333333234066
2001-06-08,15.39499513144933,15.470019474195185,15.334975657252647,15.41,119629.68419999999,0.008771929824625798,0.11111111112139463
2001-06-11,15.404999999998498,15.449999999998496,15.374999999998503,15.39,109560.7944,0.004868549172411321,-0.1999999999773197
2001-06-12,15.39499513144933,15.545043816941037,15.379990262900158,15.41,120737.91990000001,0.010721247563417058,0.09090909091762742
2001-06-13,15.454966248793113,15.65002892960312,15.379942140789261,15.56,202681.65,0.01747572815540334,0.38888888889299417
2001-06-14,15.569999999998478,15.629999999998471,15.224999999998511,15.33,237808.36239999998,0.026011560693704163,-0.5925925925874292
2001-06-15,15.299999999998501,15.374999999998495,15.224999999998511,15.33,143749.0012,0.00980392156869211,0.2000000000086782
2001-06-18,15.299999999998484,15.374999999998478,15.1349999999985,15.15,217528.14399999997,0.015686274509868314,-0.624999999991136
2001-06-19,15.184985221673378,15.260009852215244,15.154975369456633,15.23,104856.9095,0.006916996047496314,0.42857142858166314
2001-06-20,15.239999999998496,15.329999999998487,15.164999999998502,15.18,172029.87999999998,0.010826771653608295,-0.36363636362507734
2001-06-21,15.199970559370444,15.305004906769842,15.154955839056413,15.29,155017.7187,0.009871668312009786,0.6000000000059859
2001-06-22,15.30491803278541,15.605014464800812,15.28991321118464,15.56,222720.74169999998,0.02058823529418175,0.8095238095259956
2001-06-25,15.599999999998511,15.7199999999985,15.524999999998517,15.72,279447.3136,0.012500000000063374,0.6153846153891536
2001-06-26,15.75501432664606,15.965081184334675,15.66498567335094,15.71,488275.0461,0.019047619047681406,-0.14999999999449926
2001-06-27,15.704999999998497,15.749999999998492,15.584999999998509,15.66,192287.99159999998,0.010506208214007542,-0.27272727271653935
2001-06-28,15.719999999998494,15.734999999998493,15.55499999999851,15.66,218006.6184,0.01145038167945226,-0.33333333332314574
2001-06-29,15.678017839443442,15.739742319126288,15.554568880077746,15.57,199569.9082,0.011811023622110124,-0.5833333333218572
2001-07-02,15.57967967967812,15.625955955954394,15.348298298296761,15.41,266967.1656,0.017821782178281054,-0.6111111111033489
2001-07-03,15.43111992071205,15.585431119919168,15.43111992071205,15.57,104587.895,0.01000000000006401,0.9000000000041757
2001-07-04,15.569999999998457,15.708880079284866,15.554568880077746,15.57,73396.2744,0.009910802775088335,1.0003513039626415e-11
2001-07-05,15.562542372879806,15.562542372879806,15.454576271184902,15.47,89054.9658,0.006937561942581142,-0.8571428571206416
2001-07-06,15.469999999998459,15.562542372879806,15.454576271184902,15.47,74981.271,0.006979062811629481,1.4281128172454047e-11
2001-07-09,15.508016032062576,15.523446893786021,15.35370741482812,15.4,110033.89120000001,0.010945273631904697,-0.6363636363507977
2001-07-10,15.429999999998456,15.460859999998453,15.399139999998459,15.43,90889.5,0.004000000000064561,2.501059775460073e-11
2001-07-11,15.43172690762897,15.4471586345366,15.354568273090825,15.37,91189.07880000002,0.006000000000064435,-0.6666666666427818
2001-07-12,15.370865191145336,15.370865191145336,15.247404426557823,15.34,137079.061,0.008032128514120777,-0.24999999998548625
2001-07-13,15.332872872871338,15.502552552551002,15.317447447445915,15.41,82351.46609999999,0.01207243460771036,0.4166666666727486
2001-07-16,15.42885973763719,15.506004036325377,15.27457114026082,15.29,85201.3241,0.015000000000063822,-0.5999999999907359
2001-07-17,15.276291793311524,15.353444782166632,15.121985815601308,15.23,88184.89679999999,0.015151515151579463,-0.1999999999924759
2001-07-18,15.23172939979499,15.293458799591527,15.108270600201921,15.17,66790.0333,0.012158054711311098,-0.33333333332318815
2001-07-19,15.2254259634873,15.2254259634873,15.14829614604309,15.21,44672.702,0.005065856129751145,-0.19999999997740706
2001-07-20,15.245691382764004,15.5851703406798,15.183967935870223,15.4,173629.1458,0.02631578947374797,0.38461538461827216
2001-07-23,15.443715139440695,15.628854581671753,15.443715139440695,15.49,123832.65719999999,0.011988011988076034,0.25000000000697303
2001-07-24,15.491445904952931,15.491445904952931,15.182851365013631,15.26,103504.3884,0.01992031872516276,-0.7499999999925675
2001-07-25,15.232599388377652,15.356065239549912,15.124566768601925,15.14,125333.0505,0.015197568389122267,-0.39999999999160707
2001-07-26,15.135139318883887,15.19685242517903,14.888286893703315,14.95,220254.5721,0.020387359836965737,-0.599999999993061
2001-07-27,14.969999999998457,15.155195876287099,14.892835051544859,14.97,93506.05999999998,0.017525773195941848,5.883706513537295e-12
2001-07-30,14.966629955945487,14.966629955945487,13.963711453742956,14.01,343473.7,0.06701030927841277,-0.9538461538436649
2001-07-31,13.901142857141329,14.348571428569853,13.88571428571276,14.04,235251.289,0.03329633740295529,0.3000000000026846
2001-08-01,14.066109324757333,14.40542336548613,14.066109324757333,14.39,213528.3393,0.0241228070176133,0.9545454545471915
2001-08-02,14.430639913230538,14.461507592189319,13.998492407807591,14.23,108573.79800000001,0.03208556149739324,-0.4333333333290607
2001-08-03,14.316281081079532,14.316281081079532,14.16201081080928,14.27,69732.97499999999,0.010775862069034558,-0.29999999998805377
2001-08-06,14.223662921346717,14.269943820223116,13.637438202245658,13.73,227636.19,0.04446854663781126,-0.7804878048743754
2001-08-07,13.729759299779678,14.16170678336825,13.652625820567431,14.1,133984.4482,0.03707865168546339,0.7272727272743312
2001-08-08,14.167799999998424,14.167799999998424,13.874566666665125,13.89,90999.0,0.020697167756060317,-0.9473684210441341
2001-08-09,13.928627450978874,14.22169934640368,13.928627450978874,14.16,52448.1858,0.02104097452941698,0.7894736842130953
2001-08-10,14.222869471411627,14.392556634302656,14.176591154259528,14.3,105583.8168,0.015184381778811177,0.3571428571483441
2001-08-13,14.32086393088398,14.336295896326744,14.166544276456353,14.29,59639.307799999995,0.011853448275931015,-0.18181818180801426
2001-08-14,14.321489594741037,14.321489594741037,14.04370208104994,14.09,51337.8074,0.019396551724206335,-0.8333333333247754
2001-08-15,14.102850924916854,14.25714907508006,14.087421109900536,14.18,36479.613099999995,0.012035010940989044,0.45454545455187134
2001-08-16,14.198902305157606,14.229769484081865,14.044566410536328,14.06,35973.0214,0.013043478260939302,-0.7499999999875963
2001-08-17,14.054572368419512,14.13171052631424,13.96200657894584,14.07,56808.206399999995,0.012074643249246902,0.09090909091764567
2001-08-20,14.052871179037766,14.19170305676701,14.037445414845628,14.13,36891.9,0.010976948408412911,0.5000000000067714
2001-08-21,14.132855591746564,14.348859934851863,14.132855591746564,14.21,37606.0878,0.015283842794829633,0.35714285714835425
2001-08-22,14.179724669601962,14.179724669601962,13.917422907487454,14.01,78283.674,0.018498367791146393,-0.6470588235210627
2001-08-23,13.912877618521067,14.067122381475846,13.743208379270811,13.99,50870.2741,0.023281596452398266,0.23809523809926922
2001-08-24,14.012594235031706,14.15148558758158,13.889135254987375,13.92,39282.1,0.018722466960422457,-0.35294117646336143
2001-08-27,13.890642615556494,13.906076662907113,13.674565952647837,13.69,109234.67089999998,0.016666666666737502,-0.8666666666562544
2001-08-28,13.689366666665144,13.905433333331787,13.64306666666515,13.89,92635.02,0.01916572717030834,0.7647058823559193
2001-08-29,13.90370575221085,14.196902654865685,13.90370575221085,13.95,57373.71599999999,0.02108768035523131,0.1578947368468307
2001-08-30,13.96543141592766,14.042588495573668,13.857411504423247,13.95,30865.633599999997,0.013259668508357851,-0.08333333332455681
2001-08-31,13.945426356587603,14.037984496122478,13.899147286820167,13.93,26367.6,0.009955752212460442,-0.11111111109920374
2001-09-03,13.901716833889196,13.994292084725306,13.824570791525773,13.84,48729.7941,0.01220865704779566,-0.3636363636251306
2001-09-04,13.959477124181488,14.159999999998456,13.866928104573653,14.16,90563.45399999998,0.02099447513819162,0.6842105263187135
2001-09-05,14.19170305676701,14.284257641919838,14.083722707422044,14.13,71584.8504,0.014130434782678118,-0.3076923076830763
2001-09-06,14.16170678336825,14.1771334792107,14.03829321662866,14.1,68586.103,0.00980392156869736,-0.44444444443011516
2001-09-07,14.08482022471752,14.08482022471752,13.729999999998457,13.73,82609.8,0.025191675794154766,-0.9999999999928312
2001-09-10,13.6424534501628,14.089999999998458,13.596155531214283,14.09,49404.80380000001,0.03619909502269519,0.9062500000012872
2001-09-11,14.104816414685303,14.398023758097796,14.043088552914249,14.29,202238.86299999998,0.02516411378562715,0.5217391304376551
2001-09-12,13.890230515915052,14.18346871569548,13.735894621293774,14.06,148798.0028,0.03222222222229177,0.37931034483018644
2001-09-13,14.050847084706923,14.251353135311962,14.004576457644223,14.02,35190.298800000004,0.017563117453417872,-0.1249999999932382
2001-09-14,14.023418423971806,14.11598224195182,13.853718091008453,13.9,75423.8813,0.018701870187088618,-0.47058823528644106
2001-09-17,13.734567901233026,13.90432098765276,13.734567901233026,13.75,87466.3515,0.012359550561869633,0.09090909091764794
2001-09-18,13.67027870679892,14.025150501670677,13.67027870679892,13.84,40430.48100000001,0.025959367945895307,0.47826086956822156
2001-09-19,13.859363336990796,14.12173435784697,13.82849615806654,14.06,103354.86309999999,0.021158129176017195,0.6842105263187153
2001-09-20,14.057152317879241,14.2886092715216,13.9645695364223,13.98,130161.39600000001,0.023051591657588667,-0.23809523808973537
2001-09-21,13.967166666665115,13.967166666665115,13.843699999998462,13.89,73152.45,0.008839779005595834,-0.6249999999824335
2001-09-24,13.85629050279175,13.887150837987276,13.763709497205166,13.81,44779.9825,0.008908685968891173,-0.3749999999844659
2001-09-25,13.840860335193986,13.918011173182803,13.794569832400693,13.81,30980.425,0.00891861761434144,-0.24999999998548036
2001-09-26,13.8734567901219,13.8734567901219,13.734567901233026,13.75,78113.079,0.010011123470594161,-0.888888888871376
2001-09-27,13.719135802467596,13.90432098765276,13.703703703702166,13.75,61027.1739,0.014623172103558832,0.15384615385308015
2001-09-28,13.76456886897942,13.888017917131702,13.70284434490328,13.78,60270.8025,0.013452914798277885,0.08333333334121956
2001-10-08,13.791082949307167,14.007050691242627,13.374573732717355,13.39,108959.606,0.04586129753921902,-0.6341463414599735
2001-10-09,13.396300578033133,13.550635838148722,13.226531791905986,13.35,82557.33000000002,0.024193548387169535,-0.14285714285193926
2001-10-10,13.34838129496243,13.34838129496243,12.8545683453222,12.87,148443.5766,0.03699421965325141,-0.968749999994915
2001-10-11,12.852291666665092,13.052867647057225,12.543713235292582,12.59,95294.0304,0.03961584633861006,-0.5151515151474754
2001-10-12,12.648113207545675,13.37306603773427,12.524716981130597,13.08,128153.0672,0.0670731707317811,0.5090909090921308
2001-10-15,13.118030842228574,13.179762752074353,12.917402135229782,13.01,64550.0274,0.020000000000074677,-0.4117647058749014
2001-10-16,13.040377588305352,13.086674786843716,12.561973203408945,12.67,45930.845,0.0402366863906061,-0.7058823529368871
2001-10-17,12.66628361858036,12.774278728604795,12.373154034228316,12.62,51112.729999999996,0.031668696711404105,-0.11538461538048743
2001-10-18,12.587985166871128,12.74224969097494,12.418294190356935,12.48,42572.9778,0.025735294117724336,-0.33333333332754855
2001-10-19,12.423462986196686,12.469761606021022,12.19196988707501,12.3,127356.53529999999,0.02236024844728364,-0.44444444443729125
2001-10-22,12.190604890603323,12.283191763190183,11.974568854567314,11.99,89611.4877,0.0253164556962825,-0.6499999999928974
2001-10-23,13.189999999998456,13.189999999998456,12.588350877191509,13.19,381524.59800000006,0.04561403508779164,2.565704884990864e-12
2001-10-24,13.47209467455462,13.50295857988006,12.885680473371256,13.04,397514.871,0.04581901489125077,-0.6999999999963684
2001-10-25,13.05109756097402,13.05109756097402,12.634573170730167,12.65,125286.15999999999,0.03191489361709549,-0.9629629629569487
2001-10-26,12.650855745719724,12.789706601465427,12.481149144252752,12.62,66284.91219999999,0.024390243902516064,-0.09999999999467657
2001-10-29,12.648622754489503,12.957125748501443,12.602347305387713,12.88,71394.671,0.028048780487881737,0.6521739130459892
2001-10-30,12.878813559320475,12.940508474574706,12.724576271184901,12.74,42853.458199999994,0.01676646706594466,-0.6428571428470228
2001-10-31,12.695738295316604,12.927130852339385,12.618607442975675,12.85,51357.6154,0.024301336573588527,0.5000000000033742
2001-11-01,12.881461988302584,13.498538011694325,12.835181286548204,13.19,413648.74350000004,0.05149700598809759,0.4651162790713949
2001-11-02,13.109999999998458,13.217964705880798,12.95576470588083,13.11,113002.90999999999,0.020000000000074663,5.880540566719013e-12
2001-11-05,13.08256532066353,13.128847980996065,12.928289786221743,12.99,42912.53,0.015330188679320475,-0.461538461528473
2001-11-06,12.956272401432146,13.002544802865831,12.894575866187228,12.91,30665.503799999995,0.00833333333340999,-0.42857142855319014
2001-11-07,12.87126237623603,12.88669554455286,12.315668316830159,12.47,137665.1816,0.04436450839335951,-0.7027027026987696
2001-11-08,12.343980343978828,12.637149877148325,12.205110565109067,12.56,100961.96660000001,0.0350000000000781,0.5000000000024156
2001-11-09,12.531108404383367,12.747161997562392,12.438514007306646,12.67,70578.57860000001,0.024630541871998892,0.45000000000355317
2001-11-12,12.622586206894997,12.88491379310186,12.499137931032942,12.53,65583.9408,0.030562347188340878,-0.2399999999953794
2001-11-13,12.433720642767316,12.649690976512652,12.310309023484265,12.48,54629.5048,0.027295285359879563,0.1363636363677749
2001-11-14,12.499137931032942,12.699741379308781,12.499137931032942,12.53,24308.031999999996,0.016049382716128217,0.15384615385307993
2001-11-15,12.622586206894997,12.622586206894997,12.483706896550187,12.53,13667.178,0.011002444987853414,-0.6666666666507598
2001-11-16,13.188167475726557,13.404114077668275,12.694575242716907,12.71,179147.07600000003,0.053801169590714897,-0.6739130434751401
2001-11-19,12.713985680189413,12.960859188542605,12.698556085917339,12.93,44962.8062,0.02063106796124198,0.8235294117674525
2001-11-20,12.894905660375835,13.234245283017307,12.879481132073952,13.08,142156.0064,0.027511961722563507,0.5217391304376661
2001-11-21,13.097132701420248,13.174265402842039,12.88116113743923,13.02,68576.1816,0.022379269729167678,-0.26315789473067996
2001-11-22,13.019148936168673,13.096276595743133,12.911170212764429,13.05,100740.9186,0.014218009478748902,0.16666666667410715
2001-11-23,13.041736028535905,13.088038049938993,12.933697978595372,12.98,55043.450000000004,0.011834319526702997,-0.3999999999874044
2001-11-26,12.960859188542605,12.960859188542605,12.883711217182231,12.93,50952.076,0.005952380952457718,-0.3999999999747969
2001-11-27,12.901112426033976,13.039999999998455,12.885680473371256,13.04,61392.62999999999,0.011961722488114791,0.900000000004172
2001-11-28,13.048305882351407,13.187117647057272,13.032882352939641,13.11,96922.95000000001,0.011820330969343068,0.40000000000738967
2001-11-29,13.119131455397522,13.211737089200328,13.041960093895183,13.15,133110.2604,0.012941176470663562,0.18181818182619933
2001-11-30,13.158605990781895,13.420852534560666,13.127753456219688,13.39,267274.56,0.022274325908632167,0.7894736842130998
2001-12-03,13.42716763005625,13.45803468207937,13.303699421963778,13.35,125089.38,0.01149425287363711,-0.49999999998674105
2001-12-04,13.343721198155148,13.405426267279562,13.220311059906313,13.39,96662.65,0.013872832370015974,0.2500000000069716
2001-12-05,13.395186915886285,13.56494158878346,13.194567757007805,13.21,153866.0,0.02764976958532587,-0.4999999999944822
2001-12-06,13.13393063583663,13.349999999998456,13.118497109825073,13.35,131620.7355,0.0176263219742228,0.9333333333359748
2001-12-07,13.357119628337589,13.387967479673241,13.233728222994978,13.28,74159.13539999998,0.011547344110928502,-0.4999999999867616
2001-12-10,13.131127906975216,13.285430232556593,13.131127906975216,13.27,79761.98999999999,0.011750881316173897,0.9000000000041782
2001-12-11,13.263731170334498,13.41796060254769,13.109501738121308,13.31,275516.1157,0.023255813953561945,0.1500000000045213
2001-12-12,13.30172494172339,13.317156177154626,13.193706293704757,13.24,74677.74600000001,0.00928074245947121,-0.4999999999834311
2001-12-13,13.191428571427004,13.283999999998418,12.959999999998459,12.96,89178.68400000001,0.024561403508845683,-0.7142857142787588
2001-12-14,12.955932203388263,12.986779661015378,12.724576271184901,12.74,99809.4622,0.02023809523817086,-0.8235294117556871
2001-12-17,12.713712212815876,12.883434099152009,12.682853688027489,12.76,32635.900999999998,0.015776699029203426,0.2307692307757687
2001-12-18,12.801191895111705,12.955423122763651,12.754922526816118,12.94,37621.599,0.015662650602486554,0.6923076923119248
2001-12-19,12.96058041112298,13.022297460699756,12.744570737604263,12.76,63207.60999999999,0.02142857142864692,-0.7222222222140675
2001-12-20,12.744289215684713,12.744289215684713,12.543713235292582,12.59,76132.3104,0.01573849878942336,-0.7692307692192496
2001-12-21,12.587127003697585,12.648828606656886,12.494574599258632,12.51,61878.326799999995,0.012254901960862758,-0.49999999998676287
2001-12-24,12.523383084575558,12.63134328358052,12.384577114426321,12.4,50221.85999999999,0.0197044334976153,-0.49999999999172545
2001-12-25,12.369999999998457,12.462543640896202,12.18491271820297,12.37,95869.2354,0.022443890274393245,5.553695970306443e-12
2001-12-26,12.384920245397252,12.647116564415626,12.292380368096651,12.57,46639.4345,0.02864259028650429,0.5217391304376652
2001-12-27,12.603719512193585,12.66542682926675,12.464878048778969,12.65,87119.99799999999,0.01591187270509645,0.23076923077577247
2001-12-28,12.619999999998457,12.681711491440995,12.450293398531485,12.62,43012.485,0.018337408313036374,6.6627363366773215e-12
2001-12-31,12.621408114556965,12.929999999998456,12.590548926012817,12.93,93804.04400000001,0.026894865525749444,0.9090909090927795
2002-01-04,12.786789667895102,12.802214022138644,12.493726937267832,12.54,40040.25000000001,0.024125452352308036,-0.7999999999923912
2002-01-07,12.547165841582606,12.547165841582606,12.361967821780647,12.47,36992.9872,0.01476014760155467,-0.41666666665607843
2002-01-08,12.464573547588078,12.63426452410227,12.433720642767316,12.48,42614.075,0.016089108910969884,0.07692307693038046
2002-01-09,12.587985166871128,12.711396786154179,12.464573547588078,12.48,73857.8168,0.01960784313733283,-0.43749999999198236
2002-01-10,12.484811205845007,12.669999999998456,12.34591961022992,12.67,116628.22230000001,0.025957972806011316,0.5714285714315707
2002-01-11,12.622586206894997,12.684310344826025,12.499137931032942,12.53,41387.8024,0.014669926650444998,-0.4999999999889635
2002-01-14,12.468014981271851,12.514307116103305,12.313707865167002,12.36,130534.965,0.0160891089109699,-0.5384615384511672
2002-01-15,12.345431789735626,12.468886107632983,12.206545682101101,12.33,130002.0141,0.021250000000079254,-0.058823529405655925
2002-01-16,12.312851805726988,12.436288916561343,12.127696139475454,12.39,124650.89449999998,0.025062656641683223,0.25000000000418204
2002-01-17,12.394130434781022,12.440434782607106,12.039130434781068,12.07,89351.32,0.03237858032386406,-0.8076923076864403
2002-01-18,11.999494310997218,12.446776232615367,11.876106194688763,12.2,209923.41090000002,0.047557840617046036,0.3513513513534386
2002-01-21,12.112848101264289,12.313443037973125,12.066556962023789,12.19,115547.217,0.020382165605176403,0.31250000000498446
2002-01-22,12.185749999998478,12.57137499999843,12.108624999998487,12.34,146698.88,0.0379746835443828,0.33333333333594245
2002-01-23,12.282775119615756,12.930861244017594,12.282775119615756,12.9,284291.66479999997,0.05276381909555459,0.9523809523818616
2002-01-24,12.887168674697241,13.149542168673113,12.609361445781612,12.81,293740.237,0.04191616766474497,-0.14285714285401793
2002-01-25,12.732831325299669,12.94890361445627,12.701963855420155,12.81,115487.36200000001,0.019393939394016433,0.3125000000049933
2002-01-28,12.663924999998418,12.741049999998408,12.24744999999847,12.34,165801.04,0.0389768574909407,-0.6562499999955476
2002-01-29,12.171470951790832,12.541705809639986,12.109765142149307,12.48,104897.7715,0.03548795944241154,0.7142857142876273
2002-01-30,12.431190184047555,12.647116564415626,12.369496932513819,12.57,58370.5445,0.02233250620355263,0.5000000000037529
2002-01-31,12.590812720846573,13.346878680799371,12.590812720846573,13.1,453772.1616,0.06004901960791787,0.6734693877562512
2002-02-01,13.101727810649338,13.225183431951098,12.916544378696695,13.04,187266.61849999998,0.023557126030698913,-0.19999999999435744
2002-02-04,13.109999999998458,13.140847058821983,12.95576470588083,13.11,101500.625,0.014117647058898614,8.330765802838728e-12
2002-02-05,13.087400468382544,13.257166276345053,13.056533957843907,13.18,99150.51019999999,0.01533018867932041,0.46153846154384753
2002-02-06,13.175999999998432,13.25314285714128,12.88285714285561,12.96,86377.2,0.02810304449656084,-0.5833333333275904
2002-02-07,12.883981154297658,13.161719670198684,12.853121319197543,13.1,120543.567,0.02395209580845895,0.7000000000027328
2002-02-08,13.128292397659282,13.313415204676804,13.066584795320107,13.19,160157.916,0.018801410105832736,0.2500000000052411
2002-02-25,13.402537659326372,13.495075318654287,13.186616454227904,13.31,171484.39990000002,0.02301495972389331,-0.2999999999940236
2002-02-26,13.263731170334498,13.340845886441096,13.124924681342627,13.31,78704.73700000001,0.016279069767516103,0.21428571429187396
2002-02-27,13.314571759257719,13.43799768518363,13.222002314813285,13.33,113502.384,0.01622247972197424,0.07142857143538096
2002-02-28,13.238002350174709,13.330575793182923,13.037426556990242,13.13,63093.054899999996,0.02214452214459609,-0.36842105262505837
2002-03-01,13.112559241704608,13.112559241704608,12.942867298576665,13.02,88568.51599999999,0.01294117647066353,-0.5454545454422418
2002-03-04,12.962840236684857,13.148023668637498,12.931976331359419,13.04,67237.66399999999,0.016666666666742366,0.3571428571483461
2002-03-05,13.055074798617602,13.440863060988098,13.055074798617602,13.41,281627.258,0.029550827423242196,0.9200000000016111
2002-03-06,13.264406779659518,13.788813559320475,13.264406779659518,13.65,657659.1645,0.03953488372100259,0.735294117648599
2002-03-07,13.575730337077127,13.776280898874855,13.483168539324328,13.73,302440.334,0.021590909090981016,0.5263157894771537
2002-03-08,13.88513513513357,13.915990990989421,13.545720720719192,13.7,345170.7504,0.026666666666736793,-0.4999999999944807
2002-03-11,13.70284434490328,13.949742441207842,13.656550951846173,13.78,470606.6243,0.021396396396467836,0.263157894741208
2002-03-12,13.81324200913084,13.82867579908518,13.50456621004412,13.52,272139.38639999996,0.02346368715090886,-0.9047619047543385
2002-03-13,13.501984126982595,13.949478458048302,13.4556916099758,13.61,489624.219,0.03657142857149967,0.21875000000268405
2002-03-14,13.606046511626403,13.929999999998458,13.575193798448112,13.93,458586.92459999997,0.02607709750574035,0.913043478262642
2002-03-15,14.010592178769386,14.272905027931367,13.73284916200964,13.81,698058.1140000001,0.03854625550667658,-0.3714285714250283
2002-03-18,13.967166666665115,14.152366666665094,13.704799999998478,13.89,195411.77999999997,0.03204419889509681,-0.17241379309961435
2002-03-19,13.81306256860441,14.075433589460584,13.81306256860441,14.06,206902.5849,0.018994413407892277,0.9411764705905352
2002-03-20,14.164570184982136,14.272578890096378,14.056561479867892,14.18,400803.9295,0.015250544662378955,0.07142857143538615
2002-03-21,14.179420600856847,14.580579399140067,14.179420600856847,14.38,630564.6379999999,0.028291621327598514,0.5000000000026016
2002-03-22,14.377130528585289,14.392556634302656,14.114886731390063,14.3,306033.1983,0.019313304721098306,-0.27777777777121954
2002-03-25,14.272849462364055,14.365430107525336,14.164838709675895,14.35,268532.478,0.014054054054123188,0.38461538462116274
2002-03-26,14.337804610316757,14.384105378703142,13.998265642149946,14.06,347645.5257,0.02691065662008941,-0.7199999999941316
2002-03-27,13.96285714285561,14.101714285712736,13.96285714285561,14.04,152610.549,0.009944751381286318,0.5555555555626545
2002-03-28,14.09882872928021,14.237657458561962,13.929149171269177,13.96,172995.18450000003,0.021881838074467717,-0.44999999999353835
2002-03-29,13.931713014458959,13.947141268074086,13.839143492768203,13.87,278790.9577,0.007751937984567298,-0.5714285714089752
2002-04-01,13.797399999998465,13.905433333331787,13.735666666665141,13.89,107786.97,0.012304250559355603,0.5454545454604434
2002-04-02,13.88888888888733,13.88888888888733,13.657407407405874,13.75,126316.71359999999,0.01666666666673751,-0.5999999999907378
2002-04-03,13.749999999998456,13.85802469135647,13.703703703702166,13.75,89212.8897,0.011223344556749787,1.0002878525419855e-11
2002-04-04,13.73481152993196,13.997161862526166,13.73481152993196,13.92,223108.0764,0.019101123595577037,0.7058823529443611
2002-04-05,14.021375838924605,14.036800894853016,13.774574944070046,13.79,119807.62199999999,0.01870187018708877,-0.8823529411672195
2002-04-08,13.79314285714134,14.117142857141307,13.79314285714134,14.04,126599.2,0.02348993288597696,0.7619047619071683
2002-04-09,14.116576381363583,14.347995666303971,14.070292524375505,14.24,231560.48630000002,0.019672131147610582,0.4444444444484027
2002-04-10,14.256286644949592,14.348859934851863,14.179142236697698,14.21,175531.1796,0.01190476190483138,-0.27272727271656366
2002-04-11,14.195154185020462,14.210583700438965,14.009999999998458,14.01,138397.36000000002,0.014130434782678204,-0.9230769230646192
2002-04-12,14.013699231612074,14.12173435784697,14.013699231612074,14.06,98531.93799999998,0.007709251101392443,0.4285714285817383
2002-04-15,14.022558139533333,14.037984496122478,13.868294573641878,13.93,80914.94039999999,0.012101210121082477,-0.545454545442255
2002-04-16,13.911692650332524,14.004231625833627,13.83457683741494,13.85,68292.90000000001,0.01219512195129043,-0.3636363636251205
2002-04-17,13.859133333331794,13.93629999999845,13.843699999998462,13.89,95331.51,0.006681514476686282,0.33333333334640375
2002-04-18,13.918880179169772,13.934311310188807,13.749137737960385,13.78,81459.45999999999,0.013303769401401202,-0.7499999999876135
2002-04-19,13.728299776284818,13.867125279640508,13.697449664428,13.79,72414.6258,0.012359550561869645,0.3636363636433096
2002-04-22,13.811728395060177,13.811728395060177,13.703703703702166,13.75,49384.0314,0.007821229050351066,-0.5714285714089917
2002-04-23,13.750866141730736,13.812598425195295,13.658267716533896,13.72,95776.3261,0.011223344556749774,-0.19999999998869492
2002-04-24,13.696271186439132,13.788813559320475,13.542033898303554,13.65,87122.4975,0.018018018018089714,-0.18749999999299535
2002-04-25,13.653716216214676,13.699999999998456,13.561148648647118,13.7,25837.0704,0.0101694915254964,0.3333333333420542
2002-04-26,13.698295964124027,13.80627802690428,13.667443946186808,13.76,52527.204,0.010135135135207368,0.44444444445234055
2002-04-29,13.763127753302449,14.040859030835458,13.747698237883949,14.01,194714.8796,0.021300448430564358,0.8421052631602866
2002-04-30,14.03542354235269,14.11254125412386,13.927458745873054,14.02,193739.715,0.01318681318688361,-0.08333333332454672
2002-05-08,14.006276243092374,14.021701657457013,13.852022099445982,13.96,51512.690500000004,0.012114537445004491,-0.2727272727165651
2002-05-09,13.885428253613581,13.947141268074086,13.839143492768203,13.87,77744.4412,0.007777777777849187,-0.14285714284151962
2002-05-10,13.855429208471142,13.88628762541651,13.824570791525773,13.84,35287.6212,0.0044543429844815284,-0.24999999997095176
2002-05-13,13.76115427302844,13.930854605991794,13.591453940065085,13.9,88042.4764,0.0246636771301156,0.40909090909424983
2002-05-14,13.869707207205643,13.869707207205643,13.669144144142601,13.7,31147.843200000003,0.014460511679715198,-0.8461538461419211
2002-05-15,13.611731207287745,13.812357630977926,13.503701594531494,13.55,116956.62399999998,0.022675736961522933,-0.19999999999435544
2002-05-16,13.501453488370522,13.547744186044934,13.269999999998456,13.27,92507.10399999999,0.020571428571501012,-0.8333333333247805
2002-05-17,13.333090909089394,13.641727272725722,13.255931818180311,13.58,199774.08000000002,0.028935185185258033,0.6400000000023399
2002-05-20,13.579746835441476,13.579746835441476,13.332842347524359,13.41,109176.81499999999,0.01818181818189044,-0.6874999999909698
2002-05-21,13.572383073495148,13.880846325165491,13.510690423161076,13.85,154550.02060000002,0.027272727272799058,0.7500000000021357
2002-05-22,13.79226909920025,13.79226909920025,13.514572405927762,13.53,155037.9894,0.020134228187990554,-0.9444444444354847
2002-05-23,13.593710407238282,13.809728506785769,13.593710407238282,13.64,41705.352,0.015891032917211997,0.21428571429186472
2002-05-24,13.6350917431177,13.650516055044303,13.38830275229204,13.45,51342.924,0.019230769230841147,-0.7058823529325959
2002-05-27,13.5737259343133,13.727972819930496,13.4966024915047,13.62,60374.0654,0.017045454545527108,0.2000000000057905
2002-05-28,13.735193621866319,13.735193621866319,13.534567198176136,13.55,55849.579999999994,0.014606741573105519,-0.9230769230646313
2002-05-29,13.579746835441476,13.610609896431116,13.348273878019178,13.41,92436.92039999999,0.01931818181825407,-0.6470588235210643
2002-05-30,13.422569444442889,13.515138888887323,13.222002314813285,13.33,108512.26560000001,0.021839080459842876,-0.31578947367786475
2002-05-31,13.301979286534717,13.456294591482918,13.301979286534717,13.41,58301.2969,0.011600928074320385,0.7000000000054613
2002-06-03,13.304342723003133,13.304342723003133,13.13456572769799,13.15,94035.23999999999,0.012761020881744693,-0.9090909090764632
2002-06-04,13.111175785795913,13.265424912687628,13.034051222350053,13.25,73468.6379,0.017647058823604355,0.6000000000040708
2002-06-05,13.251707602337628,13.297988304092009,13.112865497074488,13.19,145051.43400000004,0.013969732246872927,-0.33333333332318776
2002-06-06,13.19030023094536,13.622263279444153,13.144018475749057,13.36,186598.6654,0.03625730994159364,0.3548387096799002
2002-06-07,13.482020431326506,13.605425652665877,13.343189557319711,13.59,237030.58320000002,0.019450800915404423,0.41176470588666886
2002-06-10,13.580865603643103,13.611731207287745,13.503701594531494,13.55,53600.319599999995,0.00795454545461845,-0.2857142856973752
2002-06-11,13.561997742662125,13.83971783295555,13.546568848756936,13.67,114970.3724,0.021615472127489814,0.3684210526355851
2002-06-12,13.590853242319275,13.606279863479683,13.529146757677642,13.56,23709.618599999998,0.005675368899051726,-0.39999999997482427
2002-06-13,13.579999999998458,13.718886363634805,13.549136363634823,13.58,41782.136000000006,0.012500000000072866,9.083226725128076e-12
2002-06-14,13.580865603643103,13.735193621866319,13.411104783597562,13.55,47924.04959999999,0.02386363636370834,-0.0952380952330451
2002-06-17,13.49775784753212,13.852556053810106,13.420627802689078,13.76,259896.68800000002,0.0320000000000718,0.6071428571450207
2002-06-18,13.759999999998458,13.759999999998458,13.759999999998458,13.76,0.0,7.267441860465403e-14,1.5418777365994174
2002-06-19,13.888017917131702,13.918880179169772,13.718275475922315,13.78,123197.1191,0.014444444444515338,-0.5384615384511593
2002-06-20,13.779999999998456,13.888017917131702,13.70284434490328,13.78,167564.03809999998,0.013437849944080487,8.336254870788467e-12
2002-06-21,13.81306256860441,14.168035126233352,13.81306256860441,14.06,262034.39179999998,0.02569832402241705,0.6956521739154322
2002-06-24,15.459999999998459,15.459999999998459,14.811976047902714,15.46,2775605.7312,0.04191616766473269,2.3793530032501446e-12
2002-06-25,15.460586450959001,15.8154701718892,15.05941354903791,15.26,1489497.8894,0.04890219560884403,-0.2653061224465851
2002-06-26,15.119144602849785,15.412270875762179,14.980295315680758,15.15,449589.55100000004,0.028571428571492714,0.07142857143197749
2002-06-27,15.271171171169645,15.440850850849305,15.147767767766252,15.41,699192.0081000001,0.01919191919198334,0.4736842105299583
2002-06-28,15.428015564200834,16.353696498052884,15.397159533072433,15.86,3555186.3699999996,0.06200000000006075,0.45161290322694697
2002-07-01,15.887648221342305,15.964772727271148,15.594575098812687,15.61,568100.1656,0.023300970873847877,-0.7499999999938127
2002-07-02,15.61116552399455,15.919686581781004,15.503183153769294,15.75,416126.9280000001,0.026679841897295407,0.33333333333624493
2002-07-03,15.818270165207405,16.096054421767146,15.710242954323062,15.88,526960.5726,0.024390243902500747,0.16000000000358267
2002-07-04,15.89431372548864,15.971470588233728,15.662843137253368,15.74,516651.522,0.01941747572821692,-0.4999999999933898
2002-07-05,15.734257425741015,15.826811881186552,15.50287128712718,15.58,311959.104,0.02058823529417982,-0.4761904761842423
2002-07-08,15.596584887142727,15.889695780175085,15.596584887142727,15.72,234456.5131,0.01879327398621536,0.42105263158277767
2002-07-09,15.734257425741015,15.79596039603804,15.53372277227569,15.58,215633.182,0.016666666666729203,-0.5882352941095155
2002-07-10,15.563060606059034,15.65560606060448,15.239151515149977,15.27,360880.74,0.026759167492629393,-0.7037037036983127
2002-07-11,15.246294416242106,15.36974619289184,15.153705583754807,15.2,168078.824,0.014170040485894608,-0.21428571427758014
2002-07-12,15.27342158859315,15.27342158859315,15.119144602849785,15.15,145996.1986,0.010101010101074934,-0.7999999999848156
2002-07-15,15.147123848514317,15.208822927327,15.039150460592117,15.07,162943.3761,0.01120162932796742,-0.4545454545337025
2002-07-16,15.124566768601925,15.356065239549912,15.078267074412325,15.14,85135.8888,0.01836734693884039,0.05555555556091019
2002-07-17,15.147449392711016,15.25542510121303,15.039473684209002,15.24,95158.33080000001,0.014256619144668027,0.4285714285765933
2002-07-18,15.27457114026082,15.459717457112465,15.228284561047905,15.29,160174.0417,0.015151515151579722,0.06666666667304194
2002-07-19,15.27457114026082,15.398002018161916,15.259142280523182,15.29,65570.7042,0.009090909090973927,0.11111111112141764
2002-07-22,15.305142857141293,15.320571428569863,15.119999999998457,15.12,114500.16200000001,0.013104838709741764,-0.9230769230646306
2002-07-23,15.117128205126654,15.178830769229211,15.009148717947179,15.04,98465.25,0.0112244897959837,-0.4545454545336917
2002-07-24,15.089999999998456,15.167147239262254,14.935705521470865,15.09,143490.1062,0.015337423312948812,6.6697314043595444e-12
2002-07-25,15.086276923075374,15.178830769229211,14.94744615384462,15.04,83338.125,0.0153374233129487,-0.1999999999924658
2002-07-26,15.118333333331758,15.196666666665083,14.977333333331774,15.04,70075.10399999999,0.014507772020790429,-0.3571428571340931
2002-07-29,15.012986472422998,15.075671175856913,14.871945889696686,15.06,74355.7413,0.013569937369585405,0.2307692307757818
2002-07-30,15.123574338084,15.452688391037123,15.076558044804981,15.39,130428.6508,0.024870466321308037,0.7083333333356175
2002-07-31,15.321999999998402,15.431666666665059,15.008666666665103,15.04,111283.2,0.02760736196325363,-0.6666666666613854
2002-08-01,15.012986472422998,15.169698231007787,14.965972944847561,15.06,44707.8342,0.013569937369585405,0.2307692307757818
2002-08-02,15.08600619194891,15.25832817337304,15.039009287924145,15.18,53394.61319999999,0.014537902388435022,0.4285714285766066
2002-08-05,15.195665634673354,15.25832817337304,15.007678018574303,15.18,38741.2014,0.016494845360889472,-0.06249999999349948
2002-08-06,15.121649484534526,15.356701030926255,14.980618556699488,15.2,105371.391,0.02487046632130808,0.2083333333369371
2002-08-07,15.198662551438764,15.355349794237105,15.08898148147993,15.23,59312.412000000004,0.017525773195940966,0.11764705882897865
2002-08-08,15.356386292833296,15.356386292833296,15.074330218066967,15.09,138411.99000000002,0.018367346938839638,-0.9444444444355291
2002-08-09,15.076266666665118,15.374030769229192,15.076266666665118,15.28,187666.9275,0.019750519750584877,0.6842105263187566
2002-08-12,15.165667011373818,15.306670113752295,15.134332988623047,15.15,56206.875,0.01136363636370156,-0.0909090908994638
2002-08-13,15.13700934579282,15.278037383175981,15.074330218066967,15.09,45684.72,0.013457556935883045,-0.23076923076039801
2002-08-14,16.281566018422083,16.281566018422083,15.10628454452251,15.31,223353.63089999996,0.07218479307031692,-0.8266666666646316
2002-08-15,15.338336755645239,15.338336755645239,15.16599589322226,15.26,36645.289,0.011235955056244187,-0.45454545453370826
2002-08-16,15.2269969040232,15.24266253869812,15.039009287924145,15.18,82508.8965,0.013374485596772756,-0.23076923076041783
2002-08-19,15.250285714284157,15.359999999998431,15.156244897957635,15.36,91431.84400000001,0.013360739979509768,0.5384615384665885
2002-08-20,15.353984063743493,15.808336653384881,15.275647410357045,15.73,579395.6492,0.03469387755108329,0.705882352942789
2002-08-21,15.689999999998431,15.7997202797187,15.548931068929514,15.69,258422.7646,0.015984015984078732,6.254348359916765e-12
2002-08-22,15.714332669321145,15.855338645416747,15.604661354580122,15.73,217446.822,0.015952143569354555,0.06250000000599941
2002-08-23,15.744669299109994,15.948331688053704,15.666337611054718,15.87,324548.6881,0.017910447761256467,0.44444444444842646
2002-08-26,15.791668311943157,15.99533070088687,15.776001974332102,15.87,280184.0492,0.01388888888895142,0.35714285714837796
2002-08-27,15.825668979185744,15.982358771058871,15.762993062436497,15.81,262995.85,0.013861386138676058,-0.07142857142109497
2002-08-28,15.768371628370053,15.878091908090322,15.674325674324107,15.69,118463.345,0.012922465208810225,-0.3846153846058034
2002-08-29,15.674325674324107,15.846743256741672,15.674325674324107,15.69,258697.3389,0.011000000000063036,0.090909090917659
2002-08-30,15.68133133132976,15.696996996995425,15.509009009007457,15.65,179081.2395,0.01198801198807495,-0.1666666666574379
2002-09-02,15.53030060120085,15.655671342683803,15.53030060120085,15.64,46885.341400000005,0.008072653885028558,0.8750000000055176
2002-09-03,15.594616151543809,15.76701894316892,15.578943170486982,15.72,69167.883,0.012060301507601179,0.6666666666714524
2002-09-04,15.669999999998431,15.873709999998413,15.654329999998433,15.67,190885.3,0.01400000000006303,7.149799841295544e-12
2002-09-05,15.655671342683803,15.655671342683803,15.404929859717896,15.64,306454.0636,0.016016016016078875,-0.06249999999350229
2002-09-06,15.586298568505565,15.586298568505565,15.273006134967765,15.32,317202.56399999995,0.020100502512625663,-0.8499999999922923
2002-09-09,15.248656410254846,15.311343589742018,15.138953846152292,15.28,186510.1875,0.011305241521133684,0.18181818182621834
2002-09-10,15.136302349334512,15.44968335035593,15.136302349334512,15.34,105044.93779999999,0.020703933747476626,0.6500000000029246
2002-09-11,15.27399380804796,15.27399380804796,15.054674922599066,15.18,125141.50499999999,0.014358974359038911,-0.4285714285623354
2002-09-12,15.203265306120894,15.391346938773937,15.156244897957635,15.36,54260.64000000001,0.01546391752583797,0.6666666666705102
2002-09-13,15.319999999998435,15.398323108382886,15.194683026583315,15.32,53565.06,0.01329243353789681,7.684982060870631e-12
2002-09-16,15.294020618555125,15.294020618555125,15.027628865977833,15.2,110337.49999999999,0.017418032786949457,-0.35294117646338713
2002-09-17,15.092981366458066,15.249710144925958,15.092981366458066,15.14,78279.81,0.010384215991758159,0.3000000000080858
2002-09-18,15.118333333331758,15.118333333331758,15.008666666665103,15.04,125174.4,0.007253886010428346,-0.7142857142649238
2002-09-19,15.027932446262536,15.357011258954419,14.996591606958548,15.31,165452.11669999998,0.02398331595418395,0.782608695654346
2002-09-20,15.325360824740688,15.325360824740688,15.121649484534526,15.2,55238.104999999996,0.013292433537896534,-0.6153846153739129
2002-09-23,15.14162718846394,15.36107106076052,15.12595262615704,15.22,35078.9286,0.0155279503106241,0.3333333333385868
2002-09-24,15.359712230214248,15.359712230214248,15.171634121272847,15.25,37548.2646,0.012244897959248099,-0.5833333333218873
2002-09-25,15.185969230767672,15.3583589743574,15.1232820512805,15.28,50525.475000000006,0.015479876161055589,0.40000000000496777
2002-09-26,15.199999999998433,15.24701030927678,15.16865979381287,15.2,42581.350999999995,0.005154639175323228,1.9996635925805746e-11
2002-09-27,15.164672131145986,15.368329918031213,15.164672131145986,15.29,96189.3872,0.013429752066180887,0.615384615389282
2002-10-08,15.139999999998434,15.20269151138559,15.014616977224119,15.14,79561.4988,0.012422360248512414,8.330456535904877e-12
2002-10-09,15.12237945492504,15.12237945492504,14.887316561843303,14.95,176986.08,0.015544041450842379,-0.7333333333235493
2002-10-10,14.88132911392248,14.896993670884504,14.599367088606055,14.85,211218.2868,0.020000000000065795,-0.10526315788911685
2002-10-11,14.812419700212546,14.843768736615115,14.608650963595867,14.64,163664.82,0.015873015873082364,-0.733333333323539
2002-10-14,14.584675186366924,14.725665601702373,14.443684771031476,14.71,88122.33300000001,0.01933404940930461,0.44444444444842524
2002-10-15,14.71701923076766,14.732692307690733,14.622980769229207,14.67,24791.832,0.007454739084199502,-0.42857142855324853
2002-10-16,14.710671563482194,15.666316894017244,14.679338929694158,14.93,102704.81,0.06709265175725193,0.2222222222235821
2002-10-17,14.92832278480855,14.975316455694623,14.724683544302245,14.85,108518.41320000001,0.016789087093455116,-0.31249999999249894
2002-10-18,14.695333333331803,15.039999999998432,14.648333333331808,15.04,73575.648,0.02665245202565252,0.8800000000017527
2002-10-21,15.012986472422998,15.075671175856913,14.903288241413643,15.06,27018.707199999997,0.011482254697351844,0.27272727273476904
2002-10-22,15.062977178421672,15.251068464728707,14.984605809127075,15.11,93971.68400000001,0.01768990634761986,0.17647058824051873
2002-10-23,15.15702282157519,15.188371369293028,15.015954356844913,15.11,28667.239200000004,0.011375387797376494,-0.2727272727165946
2002-10-24,15.102666666665094,15.118333333331758,14.914666666665113,15.04,26313.6,0.013485477178488565,-0.30769230768311095
2002-10-25,15.054334719333154,15.116995841994273,14.81935550935397,15.07,56275.1722,0.01977107180027327,0.05263157895245769
2002-10-28,15.007338877337318,15.116995841994273,14.866351351349808,15.07,33456.436,0.016701461377936103,0.2500000000052499
2002-10-29,14.899327817992255,15.228335056875366,14.883660806616868,15.15,68958.1238,0.023133543638341192,0.7272727272751587
2002-10-30,15.1870186335388,15.1870186335388,15.045962732917697,15.14,30784.1982,0.009287925696659618,-0.33333333331985454
2002-10-31,15.134332988623047,15.21266804549998,15.102998965872276,15.15,51493.717000000004,0.007246376811659835,0.14285714287012868
2002-11-01,15.16865979381287,15.199999999998433,15.074639175256177,15.2,30204.442,0.008264462809982762,0.25000000001049655
2002-11-04,15.196004098359097,15.352663934424656,15.164672131145986,15.29,41952.286400000005,0.01237113402068363,0.5000000000056745
2002-11-05,15.273006134967765,15.429652351736665,15.273006134967765,15.32,214666.40339999998,0.01025641025647505,0.3000000000080742
2002-11-06,15.357011258954419,15.435363357214388,15.278659160694446,15.31,130049.5447,0.010204081632717507,-0.29999999998810106
2002-11-07,15.319999999998435,15.445316973413554,15.273006134967765,15.32,275093.9916,0.011247443762845635,9.0822515264755e-12
2002-11-08,15.375093167700273,15.42211180124064,15.092981366458066,15.14,172308.70440000002,0.021406727828809757,-0.7142857142787862
2002-11-11,15.093268242547266,15.281346351488665,15.046248715311915,15.25,103211.26690000002,0.015576323987604255,0.6666666666704977
2002-11-12,15.154625641024085,15.342687179485603,15.138953846152292,15.28,254660.64,0.013443640124160139,0.6153846153892985
2002-11-13,15.181334022749205,15.21266804549998,14.883660806616868,15.15,117276.79299999999,0.021671826625451546,-0.09523809523303987
2002-11-14,15.149666666665087,15.165333333331754,14.930333333331777,15.04,102121.92,0.015511892450944047,-0.4666666666580113
2002-11-15,14.96133263378647,15.164994753408692,14.867334732422366,14.93,66125.6204,0.019895287958180585,-0.10526315788912595
2002-11-18,14.932676501579035,14.932676501579035,14.728977871442073,14.87,89467.8291,0.013641133263444691,-0.30769230768309963
2002-11-19,14.80300632911236,14.88132911392248,14.70901898734022,14.85,73069.8492,0.011640211640278312,0.2727272727347938
2002-11-20,14.805336179294043,14.805336179294043,14.491995731055017,14.68,287550.4017,0.021164021164087218,-0.3999999999937222
2002-11-21,14.575081967211522,14.575081967211522,14.339999999998433,14.34,291938.07,0.016129032258132035,-0.9999999999890815
2002-11-22,14.339999999998433,14.449704918031207,14.15193442622796,14.34,156768.3225,0.020765027322472707,5.2615916468344825e-12
2002-11-25,14.254684095859014,14.411328976033289,14.16069716775445,14.38,38156.3946,0.017582417582486493,0.5000000000042563
2002-11-26,14.38401315789316,14.446688596489645,14.258662280700191,14.29,70346.8464,0.013071895424905276,-0.4999999999890082
2002-11-27,14.21032822756956,14.3356673960597,14.131991247263223,14.32,69455.1342,0.014332965821458593,0.5384615384665924
2002-11-28,14.288324439699648,14.930672358589655,14.241323372463794,14.68,80101.50639999998,0.04824561403515437,0.5681818181832666
2002-11-29,14.75699680511025,14.803993610222065,14.490681576143292,14.71,176358.19110000003,0.02123142250537415,-0.14999999999451896
2002-12-02,14.700759219087342,14.700759219087342,14.40298264641926,14.45,44560.26,0.020255863539512413,-0.8421052631497972
2002-12-03,14.414655172412239,14.587004310343255,14.336314655170868,14.54,33927.587199999994,0.017391304347894265,0.5000000000042553
2002-12-04,14.749721627407414,14.843768736615115,14.577301927193302,14.64,82173.31999999999,0.018065887353945393,-0.4117647058749229
2002-12-05,14.702416396977918,14.702416396977918,14.482977346276755,14.53,25896.672,0.014925373134395407,-0.7857142857035659
2002-12-06,14.569999999998434,14.695333333331753,14.397666666665117,14.57,29857.836000000003,0.02043010752694905,5.263426872382705e-12
2002-12-09,14.483528161528747,15.1732199787444,14.436503719445863,14.75,58582.425500000005,0.05086580086586622,0.36170212766121285
2002-12-10,14.648333333331756,14.726666666665082,14.444666666665114,14.57,32169.165000000005,0.019251336898462566,-0.2777777777712299
2002-12-11,14.481344902384546,14.54403470715677,14.418655097612316,14.45,31272.949200000003,0.008658008658077091,-0.24999999998550648
2002-12-12,14.417011995636376,14.57371864776286,14.369999999998432,14.37,34396.67,0.014130434782677094,-0.23076923076039918
2002-12-13,14.38034594594439,14.552659459457884,14.239362162160623,14.49,96180.575,0.021786492374795522,0.35000000000389164
2002-12-16,14.412017167380426,14.725321888410436,14.365021459225925,14.6,174302.64,0.02500000000006765,0.5217391304376854
2002-12-17,14.665668449196291,14.665668449196291,14.540320855613418,14.65,17750.975,0.008547008547076075,-0.12499999998648938
2002-12-18,14.631330472101434,14.662660944204433,14.53733905579243,14.6,22680.22,0.008565310492573072,-0.24999999998550335
2002-12-19,14.541650589494687,14.61999999999843,14.463301178990946,14.62,22984.0818,0.010775862069033464,0.5000000000068303
2002-12-20,14.602994652404856,14.775347593581307,14.414973262030543,14.65,75267.5935,0.024678111588049643,0.13043478261268
2002-12-23,14.620308510636743,14.7770106382963,14.416595744679316,14.73,78889.124,0.02465166130767661,0.30434782609045874
2002-12-24,14.678326180255933,14.787982832616438,14.568669527895432,14.6,261838.78280000002,0.01494130202781517,-0.3571428571340767
2002-12-25,14.599654054052476,14.709308108106518,14.47433513513357,14.49,141417.9775,0.01609442060092576,-0.4666666666580123
2002-12-26,14.525032894735249,14.525032894735249,14.289999999998432,14.29,142631.32799999998,0.01618122977353053,-0.9999999999890792
2002-12-27,14.26432491767132,14.327025246979767,14.154599341381541,14.28,56068.0416,0.01208791208798145,0.09090909091765391
2002-12-30,14.30400220507009,14.30400220507009,14.053329658212345,14.21,97543.4057,0.017524644030736766,-0.3749999999922583
2002-12-31,14.179677060132052,14.273685968818008,13.991659242760132,14.07,123367.24,0.019889502762500073,-0.3888888888819561
2003-01-02,14.098623853209391,14.098623853209391,13.597339449539723,13.66,353559.89920000004,0.03555555555562404,-0.8749999999951247
2003-01-03,13.637299771165486,13.715675057206667,13.558924485124306,13.7,66174.7352,0.01149425287363562,0.40000000000745917
2003-01-06,13.698935447337066,13.855673839183028,13.63624009059868,13.84,32125.305999999997,0.01601830663622759,0.6428571428613549
2003-01-07,13.841075514872557,13.888100686497264,13.62162471395725,13.7,26542.506,0.019252548131441134,-0.529411764698013
2003-01-08,13.684081858405568,14.279723451325856,13.637057522122387,14.17,57032.3656,0.04696449026352898,0.756097560976869
2003-01-09,14.170274423708653,14.35837541163399,13.966498353456206,14.28,78705.2984,0.02765486725670578,0.2800000000032839
2003-01-10,14.276714761374663,14.386415094338025,14.119999999998432,14.12,58691.14,0.01866081229425091,-0.5882352941095571
2003-01-13,14.10432852386081,14.119999999998432,14.01029966703507,14.12,46268.6926,0.00777777777784813,0.14285714287012036
2003-01-14,14.101252609601868,15.464373695196715,14.101252609601868,15.01,644474.0946,0.09666666666673067,0.6666666666673273
2003-01-15,14.966417910446165,15.154477611938681,14.605970149252173,14.7,238973.60340000002,0.03664921465975022,-0.48571428571054254
2003-01-16,14.724683544302245,14.912658227846528,14.662025316454148,14.85,101372.1048,0.017021276595811513,0.5000000000042492
2003-01-17,14.905673684208956,14.968368421051057,14.733263157893186,14.89,314184.95,0.015772870662526695,-0.06666666665970951
2003-01-20,14.883001049316382,14.992665267574504,14.648006295906123,14.93,161064.62399999998,0.023157894736907804,0.13636363636778323
2003-01-21,15.027734042551593,15.043404255317547,14.682989361700564,14.73,154776.45200000002,0.02398331595418386,-0.8260869565150974
2003-01-22,14.698349410502175,14.729689174703672,14.557320471595435,14.62,44643.3036,0.01172707889132541,-0.45454545453371764
2003-01-23,14.618340517239803,14.696681034481175,14.524331896550159,14.54,22901.647999999997,0.011789924973272357,-0.4545454545337229
2003-01-24,14.510617021275053,14.761340425530344,14.510617021275053,14.73,106753.45,0.01727861771065079,0.8750000000027635
2003-01-27,14.856274713838207,15.122684703432352,14.715234131111895,15.06,279173.57519999996,0.027426160337618175,0.5000000000026138
2003-01-28,15.060299586775303,15.405072314047995,15.060299586775303,15.17,357255.1136,0.022892819979253288,0.31818181818544267
2003-01-29,15.155672877845221,15.312401656313114,15.061635610764485,15.14,176130.78,0.016546018614335842,-0.062499999993496286
2003-02-10,15.058347280333152,15.136694560667873,14.948661087864544,14.98,50547.544,0.012486992715986635,-0.4166666666561043
2003-02-11,14.967882836586334,15.29701952723378,14.905190133605865,15.25,125375.6231,0.02617801047126932,0.7200000000021615
2003-02-12,15.170297435895879,15.342687179485603,15.1232820512805,15.28,144561.2025,0.014462809917420192,0.5000000000048701
2003-02-13,15.282698249226025,15.376745623067418,15.204325437691532,15.22,105941.24630000001,0.01128205128211615,-0.36363636362514346
2003-02-14,15.199999999998433,15.278350515462343,15.121649484534526,15.2,58980.171,0.010309278350580433,9.998317962966905e-12
2003-02-17,15.200307062434472,15.357011258954419,15.027932446262536,15.31,116617.5533,0.02164948453614699,0.33333333333708326
2003-02-18,15.14162718846394,15.23567456230533,15.12595262615704,15.22,50753.490300000005,0.007246376811659803,0.7142857142934997
2003-02-19,15.172976313077735,15.23567456230533,15.078928939236343,15.22,54719.8311,0.01033057851246209,0.3000000000081008
2003-02-20,15.27399380804796,15.320990712072723,15.164334365323514,15.18,91205.3808,0.010256410256474988,-0.5999999999861801
2003-02-21,15.180999999998418,15.212333333331749,15.008666666665103,15.04,155559.072,0.013415892672923613,-0.6923076922966024
2003-02-24,15.028657648281476,15.138355879290831,14.98164412070604,15.06,55328.4218,0.010427528675769694,0.2000000000087214
2003-02-25,14.980618556699488,15.278350515462343,14.933608247421141,15.2,45580.10599999999,0.023012552301320457,0.6363636363663291
2003-02-26,15.20222446915923,15.59403437815818,15.170879676439315,15.5,610580.6113,0.02783505154645566,0.7037037037057489
2003-02-27,15.48133874239194,15.528346855982198,15.355983772817916,15.45,166295.9006,0.011133603238930192,-0.18181818180805215
2003-02-28,15.21789686551919,15.499999999998433,15.21789686551919,15.5,78188.0653,0.01853759011334974,1.000000000002009
2003-03-03,15.352352352350817,15.696996996995425,15.352352352350817,15.65,230992.6761,0.0224489795919003,0.863636363638405
2003-03-04,15.654637537237768,15.842681231378762,15.513604766632023,15.78,494800.4263,0.021021021021083528,0.38095238095598977
2003-03-05,15.703280632409516,15.985375494069567,15.62492094861506,15.86,519287.1552,0.022954091816429312,0.4347826086987934
2003-03-06,15.824332344212085,16.184688427298102,15.808664688425736,15.84,1465203.6797999998,0.023762376237685425,0.04166666667072208
2003-03-07,15.838999999998448,16.105333333331753,15.823333333331783,15.98,605356.638,0.017804154302732474,0.500000000003786
2003-03-10,15.946646825395243,16.10329365079205,15.727341269839707,15.79,469213.1136,0.023575638506937436,-0.41666666666139374
2003-03-11,15.696011904760347,15.915317460315881,15.696011904760347,15.79,319789.71359999996,0.013972055888286407,0.428571428576615
2003-03-12,15.790684931505304,16.056996086104103,15.728023483364408,16.01,335125.24640000006,0.020833333333395408,0.6666666666694063
2003-03-13,16.027332035051995,16.24666991236453,15.917663096395724,16.09,660335.2222999999,0.02052785923759762,0.19047619048037104
2003-03-14,16.064617618585086,16.22134559535177,15.986253630201745,16.19,534881.7185,0.014634146341524793,0.5333333333377361
2003-03-17,16.121663442938477,16.231334622822413,16.043326885878525,16.2,354642.56080000004,0.011661807580236171,0.41666666667279645
2003-03-18,16.229014354065434,16.43266028707977,16.166354066984102,16.37,632810.3045,0.016409266409327,0.5294117647097754
2003-03-19,16.294332372716973,16.404005763687184,16.21599423630968,16.31,326846.20530000003,0.011538461538522275,0.08333333334122649
2003-03-20,16.229999999998434,16.417992277990695,16.136003861002305,16.23,470758.5036,0.017374517374577972,5.556067689156067e-12
2003-03-21,16.155669902911054,16.21834951456153,16.030310679610093,16.14,271417.978,0.011639185257093204,-0.0833333333245597
2003-03-24,16.064617618585086,16.252691190705107,16.001926427878416,16.19,402639.7443,0.015609756097622059,0.5000000000042681
2003-03-25,16.18731918996951,16.312680810027356,16.093297974926124,16.25,307902.929,0.013552758954562372,0.2857142857201203
2003-03-26,16.137330754350472,16.262669245646396,16.121663442938477,16.2,145947.1354,0.008737864077731501,0.4444444444523757
2003-03-27,16.02991452991301,16.688034188032606,16.02991452991301,16.5,836754.7616999999,0.04105571847513312,0.7142857142870049
2003-03-28,16.449999999998433,16.763333333331737,16.371666666665107,16.45,878687.25,0.023809523809583205,4.000204423014043e-12
2003-03-31,16.371013133206716,16.793996247653208,16.29268292682774,16.7,518799.281,0.030622009569437107,0.6562500000018229
2003-04-01,16.707308411213393,16.895383177568515,16.59759813083957,16.77,385073.09799999994,0.017823639774918038,0.21052631579402367
2003-04-02,16.762322946174056,16.824985835692463,16.449008498582018,16.59,313419.9456,0.022429906542114336,-0.4583333333279523
2003-04-03,16.59099999999842,16.62233333333175,16.418666666665104,16.45,227718.015,0.012275731822533465,-0.6923076922966112
2003-04-04,16.393276515149964,16.597017045452972,16.393276515149964,16.55,196302.7968,0.012428298279218786,0.7692307692346944
2003-04-07,16.511032558137998,16.8556651162775,16.448372093021725,16.84,379407.70499999996,0.024667931688863578,0.8076923076941741
2003-04-08,16.747666666665115,16.9356666666651,16.716333333331786,16.92,295991.60400000005,0.013096351730648301,0.7857142857178571
2003-04-09,16.92391304347673,17.315670289853507,16.829891304346305,17.3,776657.2655999999,0.028703703703761116,0.7741935483887246
2003-04-10,17.298975741238337,17.800395327940898,17.236298292900518,17.44,1235463.0561000002,0.03260869565222979,0.25000000000233896
2003-04-11,17.39330357142702,17.73803571428413,17.29928571428417,17.55,905297.456,0.025225225225281207,0.35714285714561583
2003-04-14,17.552238805968607,17.897014925371565,17.442537313431306,17.85,1152849.3288,0.025892857142912677,0.6551724137951163
2003-04-15,17.78433098591393,18.097711267604044,17.486619718308322,17.8,1279938.4704,0.03436123348023056,0.025641025643546488
2003-04-16,17.70333333333174,17.875666666665058,17.26466666666511,17.39,1799771.2049999998,0.03451327433633786,-0.5128205128171115
2003-04-17,17.346066481992857,17.487091412740767,16.92299168974913,16.97,1541556.0624,0.03252032520330787,-0.6666666666627054
2003-04-18,16.987616438354614,17.44208219177923,16.454794520546443,17.16,1016483.0249999999,0.05811808118086738,0.17460317460458383
2003-04-21,16.90433333333172,17.07666666666504,16.418666666665104,16.45,736285.2,0.03892493049125241,-0.6904761904727572
2003-04-22,16.42432793136164,16.61239275500318,16.157902764536114,16.44,447971.5687,0.027671755725249977,0.034482758624062665
2003-04-23,16.41078564500326,16.44213385062886,16.097303588747224,16.16,474684.66890000005,0.021012416427948953,-0.727272727266071
2003-04-24,16.0611054766718,16.076774847868553,15.026926977686102,15.45,1787739.3765999998,0.06536585365859486,-0.5820895522367585
2003-04-25,15.358948432758812,15.57836198179822,15.28058645095902,15.5,492566.0105,0.019387755102104557,0.4736842105299885
2003-04-28,15.351770334926764,16.604976076553438,15.273444976075096,16.37,1507640.1009999998,0.08673469387761054,0.7647058823535413
2003-04-29,15.95623666343201,16.379437439377654,15.674102812801582,16.16,762397.3846999999,0.04420432220045285,0.288888888890704
2003-04-30,15.985510009531364,16.847473784555113,15.985510009531364,16.44,1570390.0297,0.05392156862751012,0.5272727272739365
2003-05-12,16.265670202505664,16.53206364512859,15.826904532303198,16.25,681490.3713,0.0433526011561284,-0.02222222221996837
2003-05-13,16.21396396396234,16.21396396396234,15.587337337335775,15.65,526078.395,0.03864734299522838,-0.8999999999960601
2003-05-14,15.570694444442898,15.8996527777762,15.508035714284176,15.79,564333.84,0.025150905432658154,0.5600000000025728
2003-05-15,15.766549707600802,16.221052631577365,15.766549707600802,16.08,1545365.9196,0.02882703777342135,0.6896551724157226
2003-05-16,16.109272030649795,16.579386973178487,16.077931034481217,16.36,2056100.6844,0.031128404669320806,0.5000000000021344
2003-05-19,16.31679775280746,16.849719101122016,16.31679775280746,16.74,826229.3640000001,0.03266090297796509,0.7941176470602748
2003-05-20,16.686682464453394,16.765023696680874,16.451658767770954,16.53,433064.31250000006,0.0187793427230633,-0.4999999999934047
2003-05-21,16.448669201519348,16.683650190112484,16.433003802279806,16.48,298504.6844,0.015238095238155223,0.12500000000575745
2003-05-22,16.451335877861027,16.608015267173986,16.310324427479358,16.42,152091.524,0.018095238095297766,-0.10526315788911837
2003-05-23,16.45654205607323,17.412588785045102,16.39385046728819,16.77,1163504.839,0.06190476190481886,0.30769230769354383
2003-05-26,16.79732342007279,17.016691449812544,16.718977695165734,16.86,574741.4188,0.017723880597073298,0.2105263157940254
2003-05-27,17.00311909262599,17.018790170130714,16.53298676748426,16.58,388059.3764,0.02857142857148552,-0.8709677419304708
2003-05-28,16.606666666665085,16.935666666665053,16.324666666665113,16.45,934931.025,0.03679245283024659,-0.2564102564072737
2003-05-29,16.370679886684005,16.668328611896445,16.22968838526759,16.59,268258.5729,0.026794258373265305,0.5000000000024319
2003-05-30,16.636353488370542,16.886995348835637,16.542362790696135,16.84,590704.8675,0.020715630885181205,0.5909090909119338
2003-06-02,16.816726246470665,16.879416745059558,16.550291627467868,16.66,194490.4131,0.019571295433422696,-0.4761904761842639
2003-06-03,16.6137535816603,16.75481375358006,16.37865329512737,16.41,239137.62690000003,0.0226415094340212,-0.541666666661049
2003-06-04,16.325992366410656,16.43566793892973,16.1379770992351,16.42,198257.2864,0.018234165067238624,0.31578947368841903
2003-06-05,16.45339805825083,16.516077669901307,16.108660194173194,16.14,317587.419,0.024761904761963896,-0.7692307692250383
2003-06-06,16.138662790696113,16.326686046510048,16.060319767440305,16.17,221247.28079999998,0.01650485436899306,0.11764705882896653
2003-06-09,16.230666666665076,16.37166666666506,15.979999999998434,15.98,143289.59999999998,0.024131274131334157,-0.6399999999943697
2003-06-10,15.984630350192997,16.141342412449795,15.968959143967318,16.11,89254.7636,0.010784313725552306,0.7272727272775821
2003-06-11,16.143833017076272,16.58269449715213,16.112485768499422,16.52,178319.5144,0.02912621359229318,0.8000000000016201
2003-06-12,16.51670498084133,16.595057471262777,16.265977011492694,16.36,199661.868,0.01992409867178605,-0.4761904761842672
2003-06-13,16.373634651599215,16.765348399245127,16.279623352164197,16.64,350104.3362,0.029665071770393958,0.5483870967762895
2003-06-16,16.70536862003623,16.736710775045676,16.485973534970086,16.58,156520.52,0.015009380863098352,-0.4999999999917645
2003-06-17,16.529999999998434,16.62400947867141,16.404654028434464,16.53,143950.2135,0.013270142180154513,7.1425019558505926e-12
2003-06-18,16.51400763358621,16.608015267173986,16.372996183204542,16.42,100819.9056,0.014231499051293148,-0.39999999999162245
2003-06-19,16.372670509124266,16.576349663783226,16.278664745435513,16.31,406100.24189999996,0.01818181818187808,-0.2105263157835015
2003-06-20,16.310324427479358,16.498339694654913,16.247652671754174,16.42,201344.06560000003,0.01536983669554541,0.4375000000045197
2003-06-23,16.402326254824672,16.417992277990695,16.21433397683241,16.23,196994.98559999999,0.012416427889267676,-0.846153846141985
2003-06-24,16.152333333331796,16.465666666665097,16.152333333331796,16.45,265889.085,0.019398642095113876,0.9500000000019702
2003-06-25,16.482343900094474,16.498011527375933,16.247329490872595,16.31,217653.42510000002,0.015209125475344944,-0.6874999999909943
2003-06-26,16.31127221702373,16.765668849390384,16.23292797006396,16.75,426290.79569999996,0.03266090297796507,0.8235294117661042
2003-06-27,16.73266917293076,16.795338345863083,16.434990601502214,16.67,387047.7688,0.021535580524403075,-0.17391304347342781
2003-06-30,16.669999999998435,16.669999999998435,16.669999999998435,16.67,0.0,5.998800239952214e-14,1.566746732351021
2003-07-01,16.53298676748426,16.768052930055124,16.454631379960638,16.58,360724.571,0.018957345971623147,0.15000000000451516
2003-07-02,16.50194366197028,16.768356807510163,16.486272300467935,16.69,169976.6625,0.017094017094076715,0.666666666669866
2003-07-03,16.76629732225145,17.017008310247732,16.672280701752847,16.97,599418.2984999999,0.020560747663609567,0.5909090909119339
2003-07-04,16.95893675526884,17.162694775433806,16.896241979833466,17.1,555766.0918,0.01571164510172152,0.5294117647097826
2003-07-07,17.397509225090644,17.397509225090644,16.84893911438959,16.99,458831.83440000005,0.03153153153158703,-0.7428571428529352
2003-07-08,16.95701575532744,17.082391102871448,16.87865616311243,16.91,326337.83129999996,0.012014787430742122,-0.23076923076042136
2003-07-09,16.918669131236886,16.965665434379208,16.80901109057146,16.95,331637.32800000004,0.009259259259317771,0.20000000000870646
2003-07-10,17.000267379677627,17.62700534759201,16.85925133689689,17.58,1489356.0396,0.04516129032263697,0.7551020408173819
2003-07-11,17.551341681572666,17.629695885508262,17.42597495527572,17.52,883587.263,0.011607142857199307,-0.15384615383768654
2003-07-14,17.50625663716659,18.02345132743203,17.474911504423233,17.71,1583226.05,0.031333930170153686,0.37142857143075847
2003-07-15,17.710576923075376,18.086730769229188,17.694903846152297,17.93,1037011.7472,0.022123893805365093,0.5600000000025643
2003-07-16,18.101928020564,18.3056726649513,17.960874035988176,18.29,1444803.183,0.019047619047673162,0.5454545454575149
2003-07-17,18.333919597988416,19.039070351757204,18.318249581238,18.71,2286480.0305999997,0.03931623931629178,0.5217391304362307
2003-07-18,18.64435831179857,18.72269595176411,18.17433247200533,18.19,957103.7868,0.029411764705934356,-0.8285714285670654
2003-07-21,18.147613344737543,18.555072711717834,18.02224123182053,18.32,821453.9619999999,0.029360967184854942,0.3235294117670352
2003-07-22,18.397011101620976,18.80444064901633,18.24030742954584,18.35,655796.7694,0.030664395230035554,-0.08333333333040888
2003-07-23,18.47536293765854,18.491033304866058,18.052263023055673,18.35,354177.8496,0.023748939779527172,-0.28571428571005686
2003-07-24,18.268337639963978,18.425012919895057,18.04899224806046,18.19,147632.29559999998,0.0205831903945649,-0.20833333332861895
2003-07-25,18.079333333331746,18.345666666665057,17.70333333333178,17.86,578898.042,0.03552859618722836,-0.3414634146311752
2003-07-28,17.736314410478805,18.06534497816436,17.736314410478805,17.94,228257.69649999996,0.01855123674917171,0.6190476190504973
2003-07-29,17.976258620688107,18.258362068963944,17.85087931034329,18.18,285704.056,0.02266782911949627,0.5000000000026179
2003-07-30,18.161339671562818,18.27102852203818,18.00464131374088,18.13,195812.87829999998,0.01466781708374719,-0.11764705881719612
2003-07-31,18.118935622316044,18.401064377680825,17.89950214592121,18.26,206149.77899999998,0.027681660899707663,0.2812500000025608
2003-08-01,18.175296108289494,18.614010152282688,18.175296108289494,18.52,361410.4476,0.024137931034536413,0.7857142857160672
2003-08-04,18.52432797971103,18.665376162297658,18.36760777683699,18.54,201950.2849,0.016074450084655453,0.05263157895245518
2003-08-05,18.48566581848868,18.61099236641064,18.4230025445277,18.47,164092.98419999998,0.010169491525477333,-0.08333333332457474
2003-08-06,18.40833333333176,18.47099999999842,18.251666666665106,18.33,153649.08,0.011914893617074901,-0.35714285713410066
2003-08-07,18.251666666665106,18.423999999998426,18.23599999999844,18.33,117047.151,0.01030042918460362,0.41666666667277935
2003-08-08,18.462399314479992,18.493744644385732,18.242982005139826,18.29,213074.12759999998,0.013582342954212897,-0.687499999991007
2003-08-11,18.321891891890292,18.337837837836236,18.018918918917347,18.29,110025.7456,0.01740644038299523,-0.09999999999468243
2003-08-12,18.234666666665085,18.4259393939378,18.139030303028733,18.41,47964.147,0.01573426573431974,0.6111111111145472
2003-08-13,18.411286089237233,18.45910761154694,18.12435695537899,18.22,96522.921,0.018181818181871614,-0.5714285714220992
2003-08-14,18.265667870034452,18.265667870034452,17.548429602886504,17.66,376166.0,0.0392670157068588,-0.8444444444410458
2003-08-15,17.555945454543856,17.66756363636203,17.444327272725683,17.54,366102.22,0.012715712988248938,-0.07142857142110126
2003-08-18,17.504634806130074,17.71188458070174,17.45680793507507,17.68,177030.1136,0.014571948998234892,0.6875000000035402
2003-08-19,17.662178217820195,17.74188118811722,17.58247524752317,17.71,101327.0885,0.009025270758179042,0.3000000000081027
2003-08-20,17.69156844968108,17.69156844968108,17.436554850406395,17.58,292646.0849,0.014414414414470177,-0.4374999999920344
2003-08-21,17.55029837251197,17.693761301987546,17.534358047014685,17.63,152706.526,0.009082652134479766,0.5000000000068816
2003-08-22,17.55701785714129,17.987571428569822,17.55701785714129,17.86,573116.7679999999,0.024523160762998323,0.7037037037057721
2003-08-25,17.971354260088074,17.971354260088074,17.65243049327196,17.78,380749.754,0.017746228926407683,-0.599999999993117
2003-08-26,17.82889867841253,18.211629955945533,17.82889867841253,18.1,222852.3695,0.021466905187890212,0.7083333333356497
2003-08-27,18.12783068782909,18.223492063490454,18.079999999998403,18.08,138449.8332,0.00791556728237663,-0.33333333331991005
2003-08-28,18.030290492956162,18.237535211266,18.030290492956162,18.11,314173.0688,0.011494252873617859,0.38461538462121125
2003-08-29,18.012180052955163,18.155639894084892,17.916540158868674,18.06,405323.7254,0.013274336283240573,0.2000000000058232
2003-09-01,18.091212121210553,18.728787878786257,17.979636363634807,18.41,260263.19550000003,0.04140969163000892,0.42553191489517933
2003-09-02,18.401892361109514,18.433784722220626,18.258376736109525,18.37,217978.2144,0.00953206239173517,-0.1818181818080457
2003-09-03,18.305400175899887,18.464854881264866,18.050272647315914,18.13,216998.04179999998,0.022648083623746762,-0.42307692307206385
2003-09-04,18.123759929389394,18.203459841128137,18.044060017650658,18.06,137375.79679999998,0.008795074758190106,-0.3999999999874743
2003-09-05,18.018109540634452,18.113780918726317,17.826766784450722,18.05,178158.688,0.015929203539877694,0.11111111111627767
2003-09-08,17.900600176520925,18.17157987643264,17.709320388347948,18.06,199648.196,0.0258236865539282,0.3448275862095972
2003-09-09,18.046672678086743,18.046672678086743,17.536519386833405,17.68,415275.14190000005,0.02826855123680314,-0.7187499999954673
2003-09-10,17.677217153283056,17.677217153283056,17.358421532845128,17.47,276936.732,0.018034265103752646,-0.6499999999929545
2003-09-11,17.77783273381135,17.793776978415668,17.474892086329366,17.73,63413.46799999999,0.017937219730996948,-0.1499999999945295
2003-09-12,17.731619909500658,17.779457013573055,17.572162895926013,17.62,94113.8445,0.01169064748207021,-0.5384615384512417
2003-09-15,17.52378082191621,17.58756164383401,17.380273972601152,17.46,104515.55999999998,0.011828935395870816,-0.3076923076831279
2003-09-16,17.45754369825046,17.47348666053197,17.090855565775797,17.33,199805.0571,0.021917808219234104,-0.33333333332829324
2003-09-17,17.381625115418522,17.413518005538556,17.254053554938388,17.27,115816.02,0.009174311926662432,-0.699999999985607
2003-09-18,17.204876712327195,17.47594520547786,17.093260273971044,17.46,192205.0215,0.02224281742359724,0.666666666669093
2003-09-19,17.286477584627878,17.461893870080743,17.286477584627878,17.43,43303.4577,0.010147601476071978,0.8181818181862494
2003-09-22,17.45252100840173,17.45252100840173,17.038123249298128,17.07,89151.111,0.023744292237498937,-0.9230769230708455
2003-09-23,17.06055555555397,17.29972222222062,17.06055555555397,17.22,83123.28000000001,0.014018691588843054,0.6666666666705489
2003-09-24,17.218399264027855,17.45754369825046,17.202456301746345,17.33,94672.91719999998,0.014814814814872027,0.43750000000452616
2003-09-25,17.378301886790812,17.378301886790812,16.852169811319165,16.9,197647.6,0.030275229357853897,-0.9090909090861531
2003-09-26,16.899999999998403,16.947830188677646,16.75650943396068,16.9,155866.95799999998,0.01132075471703978,8.337665425441866e-12
2003-09-29,16.743785850858817,16.823518164434336,16.600267686422885,16.68,354813.66000000003,0.013333333333392271,-0.2857142857058516
2003-09-30,16.576850094875088,17.023149905121723,16.576850094875088,16.8,326530.25399999996,0.026923076923135555,0.5000000000024539
2003-10-08,16.737430167596205,17.199702048415528,16.72148975791278,17.12,126824.79359999999,0.028571428571486472,0.8000000000016703
2003-10-09,17.19136960600214,17.20731707316912,16.90431519699654,17.0,40635.92,0.017625231911003365,-0.6315789473610764
2003-10-10,16.993062730625738,17.694464944647812,16.993062730625738,17.28,304542.10360000003,0.04127579737341472,0.40909090909260193
2003-10-13,17.34755555555395,17.52294444444282,17.124333333331748,17.22,157496.40000000002,0.022977941176526843,-0.3199999999952011
2003-10-14,17.204331797233436,17.395668202763375,17.204331797233436,17.3,213657.98299999998,0.011121408711827752,0.5000000000057238
2003-10-15,17.311584800739823,17.455050973121644,17.199999999998404,17.2,112356.26999999999,0.014732965009265069,-0.4374999999920356
2003-10-16,17.141619850185663,17.205402621721234,16.91838014981115,17.03,61713.9528,0.01674418604656894,-0.38888888888198186
2003-10-17,16.903231763618013,17.28594644505842,16.903231763618013,17.27,96283.4652,0.022641509434020102,0.9583333333349978
2003-10-20,17.235383177568483,17.235383177568483,16.98028037383019,17.06,70092.91799999999,0.014801110083313338,-0.687499999991065
2003-10-21,16.975939849622467,17.05563909774276,16.864360902254056,16.96,99685.9472,0.011267605633861016,-0.08333333332457207
2003-10-22,16.979254829805246,17.505372585094985,16.96331186752374,17.33,130121.18289999999,0.03192488262916493,0.6470588235311571
2003-10-23,17.331046728970342,17.49048598130678,17.02811214953112,17.06,196270.09999999998,0.026678932842742652,-0.5862068965470056
2003-10-24,17.0712747875338,17.0712747875338,16.864060434370455,16.88,209677.2345,0.012138188608834845,-0.9230769230647715
2003-10-27,16.879389895136615,17.150352716871573,16.672183031456942,16.72,321485.4565,0.028328611898074334,-0.33333333332930276
2003-10-28,16.773009345792826,17.378878504671274,16.725177570091894,17.06,211096.01999999996,0.03897338403047565,0.4390243902456659
2003-10-29,17.141628959274467,17.69972850678573,17.125683257917004,17.62,504997.26550000004,0.033488372093079546,0.8333333333346636
2003-10-30,17.554056261341422,17.85698729582415,17.52216878402745,17.57,239625.8226,0.019073569482344618,0.04761904762366058
2003-10-31,17.540271493211083,17.69972850678573,17.301085972849112,17.62,158151.578,0.022727272727328496,0.20000000000349802
2003-11-03,17.620803571426997,17.89189285714126,17.54107142856986,17.86,196988.62399999998,0.019909502262499244,0.6818181818207798
2003-11-04,17.93376449598413,18.491703835859187,17.774353256019825,17.87,879566.8670000001,0.04000000000005336,-0.08888888888654349
2003-11-05,17.89027506654677,18.25700976042429,17.858385093166117,17.97,269537.4899,0.022281639928753396,0.2000000000034964
2003-11-06,17.859999999998404,18.09919642856981,17.700535714284133,17.86,320124.672,0.022321428571483337,4.001318375791428e-12
2003-11-07,17.84323981900291,17.84323981900291,17.412705882351368,17.62,283094.0385,0.02412868632713232,-0.5185185185136115
2003-11-10,17.556486486484904,17.699999999998404,17.381081081079515,17.7,159472.146,0.018165304268902387,0.4500000000035919
2003-11-11,17.84296363636201,17.84296363636201,17.492163636362047,17.54,303360.2,0.019660411081377328,-0.86363636362936
2003-11-12,17.539999999998404,17.66756363636203,17.364599999998422,17.54,309250.7,0.01727272727278321,5.2652142049869305e-12
2003-11-13,17.456521739128856,17.615942028983916,17.297101449273796,17.6,233256.1008,0.01826484018270485,0.4500000000035794
2003-11-14,17.539215686272946,17.905944741531382,17.52327094473997,17.89,210350.877,0.02181818181823772,0.9166666666684343
2003-11-17,17.937555953445127,17.985389435987646,17.698388540732523,17.81,129927.4294,0.016000000000054877,-0.4444444444373461
2003-11-18,17.694765840218757,17.710707070705443,17.29623507805167,17.36,374823.2367,0.023423423423478643,-0.8076923076865044
2003-11-19,17.220276497694268,17.395668202763375,17.076774193546818,17.3,156274.286,0.018518518518575288,0.2500000000042127
2003-11-20,17.186513339464838,17.58508739650252,17.186513339464838,17.33,157040.41179999997,0.023191094619722852,0.3600000000030983
2003-11-21,17.461357340718607,17.60487534625876,17.23810710987837,17.27,123564.885,0.02100456621010155,-0.5217391304290109
2003-11-24,17.26761690647327,17.857553956832927,17.251672661868955,17.73,149137.9928,0.03508771929830134,0.7631578947382166
2003-11-25,17.69651474530673,18.01537086684379,17.69651474530673,17.84,232122.5625,0.0180180180180736,0.4500000000035882
2003-11-26,17.838117752005545,17.981587867973417,17.742471008026964,17.87,255851.88340000002,0.013404825737320603,0.13333333333945077
2003-11-27,17.874055258465432,18.065392156861137,17.858110516932452,17.89,276200.2716,0.011596788581679075,0.07692307693038829
2003-11-28,17.859999999998404,18.003517857141247,17.764321428569843,17.86,192913.50399999996,0.0133928571429122,6.668863959641325e-12
2003-12-01,17.835289473682646,18.24969298245454,17.835289473682646,18.17,409392.354,0.023235031277981516,0.807692307694207
2003-12-02,18.143584905658823,18.7016037735833,18.143584905658823,18.59,720806.625,0.030755711775097207,0.8000000000014238
2003-12-03,18.463010204080064,19.13265306122286,18.447066326529043,18.75,992242.7088,0.03713298791024204,0.4186046511645053
2003-12-04,18.744365482231917,19.015329949236968,18.680609137054258,18.84,1024388.4558,0.017857142857195075,0.2857142857181963
2003-12-05,18.847837150125628,18.863782866834704,18.62459711619859,18.8,368798.15609999996,0.012690355330001735,-0.19999999999249168
2003-12-08,18.79594227504085,18.97130730050773,18.60463497453153,18.78,271062.512,0.019508057676048792,-0.04347826086509962
2003-12-09,18.701139983233972,19.067829002513072,18.66925398155753,19.02,607234.2561,0.02131287297532939,0.8000000000019951
2003-12-10,19.01954918032631,19.529713114752496,18.90795081967058,19.45,1539481.4,0.03269069572511365,0.6923076923091405
2003-12-11,19.430302287580112,19.541879084965725,19.270906862743523,19.51,736244.4456000001,0.013945857260100065,0.2941176470636242
2003-12-12,19.454323001629735,19.613784665577523,19.247022838497614,19.55,583573.0576000001,0.018852459016444084,0.26086956522102556
2003-12-15,19.549999999998406,19.549999999998406,19.549999999998406,19.55,0.0,5.115089514066652e-14,1.595168441781425
2003-12-16,19.577251028804973,19.577251028804973,19.13086419752929,19.37,844182.4859999999,0.022801302931645912,-0.4642857142811024
2003-12-17,19.288523206749428,19.607341772150246,18.810295358648204,18.89,523560.8475,0.041322314049636426,-0.4999999999973736
2003-12-18,18.749248747911626,19.131886477460842,18.749248747911626,19.1,374729.608,0.02040816326535835,0.9166666666684369
2003-12-19,19.050867768593463,19.449421487601697,19.034925619833135,19.29,553509.297,0.02175732217578361,0.5769230769255378
2003-12-22,19.923708920186236,20.481572769951452,19.38178403755717,20.37,1018370.7215999999,0.05520000000004745,0.4057971014503549
2003-12-23,20.56917647058662,20.56917647058662,20.090823529410187,20.33,939185.4,0.02325581395353581,-0.49999999999562006
2003-12-24,20.09109374999843,20.569453124998393,20.09109374999843,20.41,1111233.152,0.0238095238095725,0.6666666666686077
2003-12-25,20.51710566615463,21.075068912708954,20.51710566615463,20.82,1383466.8266,0.027195027195074658,0.5428571428590271
2003-12-26,21.135135135133016,21.363063063060924,20.61711711711505,20.7,796669.4331,0.03529411764710458,-0.583333333329768
2003-12-29,20.52641547861298,20.52641547861298,19.925743380853365,20.34,640027.2398,0.02926337033304428,-0.3103448275822382
2003-12-30,20.34640324214586,20.61575481256123,20.242806484293794,20.45,633144.9053999999,0.01832993890025181,0.2777777777825893
2003-12-31,20.43134268536869,20.721442885769466,20.41062124248292,20.68,428594.79260000004,0.015212981744470243,0.8000000000040969
2004-01-02,20.510717896863447,20.738614762384152,20.220667340746186,20.49,651488.915,0.025252525252572818,-0.03999999999592632
2004-01-05,20.48845272206108,22.16647564469702,20.426303724926413,21.69,1564130.1567,0.08493427704756738,0.6904761904769855
2004-01-06,21.673602305473423,21.860086455329313,21.424956772332234,21.57,788138.6015999999,0.020076481835609398,-0.23809523808992894
2004-01-07,21.504976076552968,21.919330143538573,21.297799043060163,21.65,797883.5205,0.02890173410409145,0.233333333336286
2004-01-08,21.605700846658358,22.558588899339362,21.543555973657426,22.02,1145622.7380000001,0.04697986577185619,0.40816326530776514
2004-01-09,22.022150943394152,22.395056603771476,21.856415094337564,21.96,806684.38,0.024459078080947428,-0.11538461538055919
2004-01-12,21.897053490478527,22.953581142337,21.648458748864766,22.85,978512.5522,0.0596026490066657,0.7301587301597527
2004-01-13,22.785714285712203,23.137857142855026,22.164285714283686,22.62,665129.2283999999,0.04272727272731476,-0.170212765955147
2004-01-14,22.543772511846207,22.58521327014004,21.83927962085101,21.86,450718.04949999996,0.03308823529416069,-0.91666666666266
2004-01-15,21.857129367325605,22.230047214351064,21.60851746930863,21.94,510830.5713,0.0284360189573904,0.13333333333645206
2004-01-16,21.91711895910577,22.310715613380825,21.647815985128098,22.29,419727.9092,0.030245746691915747,0.5625000000022723
2004-01-29,22.28928505106571,22.62072423398119,21.854271123489152,22.31,464436.9717,0.034386617100415094,0.027027027029692872
2004-01-30,22.168737864075513,22.168737864075513,21.236407766988226,21.34,570394.636,0.04205607476639835,-0.8888888888857093
2004-02-02,22.625165562911764,22.625165562911764,21.361305581833363,21.9,1059641.443,0.05586080586084744,-0.5737704918011862
2004-02-03,21.86154956688914,21.86154956688914,21.136284889314613,21.53,640160.3168,0.03317535545028139,-0.4571428571393667
2004-02-04,21.52784069097682,21.96295585412457,21.17560460652388,21.59,971771.0755999999,0.036573628488976294,0.0789473684235849
2004-02-05,21.567962598423076,21.609399606297085,20.884251968501882,21.05,1653614.1679999998,0.03362151777141843,-0.7142857142818752
2004-02-06,20.968560157788858,21.092879684416065,20.678481262325377,21.01,1069856.6970000002,0.019762845849849078,0.10000000000476629
2004-02-09,21.033496093747946,21.447949218747905,21.033496093747946,21.22,1130389.7088,0.019704433497583516,0.4500000000039126
2004-02-10,21.337156862743008,21.482166666664558,21.026421568625388,21.13,780858.96,0.02135922330101669,-0.45454545453991885
2004-02-11,21.23646653543098,21.25718503936799,20.90497047243889,21.05,750037.8191999999,0.016585365853704848,-0.5294117646984969
2004-02-12,21.07223999999789,21.341599999997865,20.637119999997935,20.72,1041898.3999999999,0.03343166175029168,-0.49999999999634764
2004-02-13,20.716388616288448,21.130716388614214,20.592090284590718,21.11,760006.7821,0.026000000000046857,0.7307692307717233
2004-02-16,21.109999999997928,21.109999999997928,21.109999999997928,21.11,0.0,4.73709142586476e-14,2.071232074740692
2004-02-17,21.44347826086754,22.106465028353302,21.38132325141575,21.92,2292227.0396,0.03381642512081809,0.6571428571448068
2004-02-18,21.9578646329817,22.06143946615614,21.64714013345837,21.73,902270.3907,0.018867924528346642,-0.5499999999936667
2004-02-19,21.7958058252406,21.961553398056115,21.257126213590166,21.34,752560.951,0.032319391635025306,-0.6470588235255493
2004-02-20,21.379255014324606,21.793581661889032,21.275673352433497,21.69,888461.8989,0.024224806201595905,0.6000000000028463
2004-02-23,21.690058881254007,21.876506378800602,20.902836113835043,21.11,924214.6579999999,0.04489016236871653,-0.595744680848326
2004-02-24,21.02856440511101,21.3393313667629,20.57277286135491,21.07,677673.0684,0.03645320197048925,0.054054054056687784
2004-02-25,21.046415458935165,21.75072463767906,21.046415458935165,21.44,627154.11,0.033464566929179845,0.5588235294139126
2004-02-26,21.297846750725377,21.442870999027985,21.028516003877687,21.36,349844.48740000004,0.019455252918333905,0.15000000000465297
2004-02-27,21.35783396946361,21.792862595417766,21.12996183205905,21.71,593896.0456000001,0.03103782735213081,0.5312500000023259
2004-03-01,21.716888888886878,22.525055555553465,21.571833333331334,22.38,1549418.6520000002,0.043893129771036245,0.6956521739144892
2004-03-02,22.399187956202333,22.896487226275283,22.378467153282628,22.71,1659318.7920000004,0.023126734505131585,0.600000000002847
2004-03-03,22.68872778297262,22.68872778297262,21.880636108510583,22.15,695684.4613999999,0.03561643835620684,-0.66666666666328
2004-03-04,21.85287303058185,22.47428174235195,21.85287303058185,22.35,474366.5966,0.028436018957390327,0.8000000000020481
2004-03-05,22.33711645101457,22.710092421439676,22.005582255081144,22.42,449874.50100000005,0.031539888682789244,0.11764705882630831
2004-03-08,22.419279778391285,22.812963988917563,22.27423822714476,22.44,685912.0935,0.024029574861411326,0.03846153846530922
2004-03-09,22.442056672758465,23.0844424131606,22.442056672758465,22.67,920537.3291999999,0.02862419205913831,0.3548387096800895
2004-03-10,22.68421750662929,23.512864721483332,22.68421750662929,23.43,1540934.6823,0.036529680365339386,0.9000000000014139
2004-03-11,23.536406660821775,23.930061349691158,23.370657318139934,23.64,1477852.8660000002,0.02376760563384441,0.18518518518855884
2004-03-12,23.664123711338174,24.285773195874206,23.35329896907016,24.12,1167591.0564,0.03940455341510202,0.48888888889058524
2004-03-15,24.34496615905039,24.86294416243444,24.13777495769677,24.49,1665364.5978,0.029787234042593057,0.20000000000258433
2004-03-16,24.60857142856936,24.73285714285506,24.132142857140828,24.65,884781.6599999999,0.024410774410813955,0.06896551724471327
2004-03-17,24.71143568464525,25.10499585062032,24.338589211616235,24.96,933327.8095,0.03101424979048345,0.3243243243266097
2004-03-18,24.963617200672434,25.067200674534142,24.27996627318514,24.57,922792.4431999999,0.03153526970958226,-0.4999999999967384
2004-03-19,24.550618811879165,25.3171782178197,24.447029702968283,25.11,932603.4575999998,0.0354430379747229,0.6428571428587804
2004-03-22,24.88210396039399,25.213589108908813,24.861386138611813,25.11,733710.0155999999,0.014154870940922198,0.6470588235334441
2004-03-23,25.104987405539454,25.104987405539454,24.566431570107092,24.67,847396.0236000001,0.021452145214560334,-0.8076923076869625
2004-03-24,24.595042372879266,24.82296610169281,24.263516949150485,24.45,1247190.026,0.022746419545111304,-0.25925925925508464
2004-03-25,24.446456020493216,24.695064047820264,24.135695986334404,24.26,1045995.5158,0.022881355932243257,-0.33333333332903253
2004-03-26,24.263433835843863,24.90576214405151,24.097671691790275,24.74,551904.5304,0.03330486763454017,0.5897435897454256
2004-03-29,24.443557772234048,25.21000831254986,24.443557772234048,24.92,492563.1771,0.03135593220342942,0.6216216216235123
2004-03-30,24.918572614105813,25.12570954356638,24.77357676348342,24.96,387785.87000000005,0.014131338320904178,0.11764705882908856
2004-03-31,25.026455379480815,25.047172643867803,24.798565471223956,24.84,446022.2448,0.00993377483447658,-0.7499999999886554
2004-04-01,24.715615321921376,25.52358598206801,24.674180929093342,25.42,506036.6406,0.0343671416597206,0.82926829268439
2004-04-02,25.42266403161854,26.313596837942583,25.277628458496025,26.21,1140122.489,0.04074979625105648,0.7600000000012692
2004-04-05,26.203571428569354,26.514285714283616,25.83071428571224,26.1,462279.76200000005,0.02608695652177637,-0.15151515151190506
2004-04-06,26.107926341070762,26.356573258604772,25.75567654123092,25.88,835833.0482,0.023015873015910533,-0.3793103448234967
2004-04-07,25.997140587766,26.204289118345812,25.665702938838308,26.08,411587.3699,0.020717131474141316,0.15384615384971795
2004-04-08,26.1042121684847,26.974352574100855,25.85560062402294,26.56,936141.1425999999,0.04285714285717949,0.4074074074088969
2004-04-09,26.52233787029411,26.853867093672786,25.610632506002748,25.88,668129.5684000001,0.04687500000003601,-0.5166666666645809
2004-04-12,25.792117834392847,26.102866242036136,25.3777866242018,26.02,458107.0344,0.028112449799234416,0.31428571428814284
2004-04-13,25.897959183671354,26.250171428569285,25.297126530610182,25.38,671897.9225,0.03680000000003708,-0.5434782608668224
2004-04-14,25.360794044662914,25.402233250618245,24.677047146399943,25.05,752735.1273,0.02859477124186837,-0.428571428567978
2004-04-15,25.02498765431893,25.190716049380644,24.859259259257215,25.17,350546.0895,0.013245033112622194,0.43750000000492695
2004-04-16,25.174799999997983,26.003599999997917,25.112639999997985,25.9,564475.25,0.03539094650209607,0.8139534883735033
2004-04-19,25.88072115384408,26.17081730769021,25.818557692305625,25.86,373618.12799999997,0.013610888711006847,-0.05882352940571194
2004-04-20,25.79286865430896,26.103626107975337,25.689282836420173,25.71,420465.3197,0.016064257028150623,-0.19999999999451507
2004-04-21,25.684987694829726,25.995693191138148,25.187858900736245,25.25,903200.3745,0.03145161290326354,-0.5384615384583117
2004-04-22,25.48741610738041,25.777516778521324,24.368456375836878,24.7,1256781.028,0.05528455284556555,-0.5588235294098975
2004-04-23,24.657203389828418,24.698644067794515,23.849110169489503,24.45,947350.256,0.034453781512644166,-0.24390243902166364
2004-04-26,24.447078464104806,24.81999999999793,24.447078464104806,24.82,279670.22479999997,0.015254237288175846,1.0000000000028726
2004-04-27,24.81924154987429,25.31645507007211,24.81924154987429,25.13,333291.158,0.02003338898167563,0.6250000000029087
2004-04-28,25.063568464728206,25.146423236512433,24.421443983400458,24.96,499375.37700000004,0.02892561983474958,-0.14285714285408116
2004-04-29,25.48741610738041,25.48741610738041,24.244127516776484,24.7,820143.7991999999,0.0487804878049156,-0.6333333333311546
2004-04-30,24.699188069591987,25.196487158241492,24.409096934546444,25.01,688491.3878,0.03187919463091176,0.3947368421073966
2004-05-10,24.858620689653034,25.086491379308185,23.86427586206691,24.03,456428.68,0.04916666666670492,-0.6779661016926679
2004-05-11,24.014872881353895,24.55360169491317,23.86983050847255,24.45,490193.59400000004,0.028472821397797124,0.6363636363657381
2004-05-12,24.469924686190424,24.780719665269896,24.24200836819881,24.76,212064.46099999998,0.02201524132095447,0.5384615384643812
2004-05-13,24.856423173801442,24.856423173801442,24.338581024347246,24.67,125020.46100000001,0.020833333333372717,-0.35999999999530674
2004-05-14,24.67142977291634,24.75428931875317,24.132842724976943,24.63,408805.0714,0.02518891687661369,-0.06666666666322266
2004-05-17,24.339285714283665,24.87785714285505,24.235714285712245,24.65,103623.653,0.026382978723444316,0.48387096774441013
2004-05-18,24.8386724890808,24.8386724890808,22.849921397377916,23.72,1722566.396,0.08006672226859422,-0.5624999999986755
2004-05-19,23.369947460593398,23.950052539402456,23.32851138353561,23.66,210664.74,0.026595744680892777,0.4666666666692521
2004-05-20,23.51430469441776,23.617891939767617,23.327847652788016,23.39,386700.56399999995,0.012334801762156481,-0.42857142856281516
2004-05-21,23.37129982668775,23.93071923743294,23.350580589252743,23.91,251865.80839999998,0.024822695035502856,0.9285714285733939
2004-05-24,23.86427586206691,24.092146551722067,23.80212931034278,24.03,233877.576,0.012152777777819165,0.5714285714337376
2004-05-25,23.93207547169606,24.450085763291213,23.828473413377026,24.16,651128.4471999999,0.025974025974066835,0.3666666666694104
2004-05-26,24.032770270268244,24.550717905403335,24.01205236486284,24.53,357572.2624,0.022413793103488986,0.923076923079049
2004-05-27,24.55485074626662,25.072885572137224,24.40980099502285,24.99,312655.2588,0.02700421940932243,0.6562500000021313
2004-05-28,24.968650461020538,25.072254819779957,24.492070410727198,24.72,262718.5231,0.023236514522860675,-0.4285714285671182
2004-05-31,24.71718512256765,24.77934065933857,24.447844463227014,24.51,208558.5229,0.013411567476988876,-0.6249999999918572
2004-06-01,24.759280936452775,24.862876254178524,24.510652173910994,24.78,404587.30520000006,0.014225941422633961,0.05882352941749475
2004-06-02,24.94508875739434,24.94508875739434,24.344251901942155,24.51,78075.634,0.024086378737580544,-0.7241379310298302
2004-06-03,24.466416526136218,24.86003372681072,24.362833052274507,24.57,36913.064,0.020321761219345657,0.20833333333708043
2004-06-04,24.402144680848984,24.526434042551102,24.029276595742633,24.34,173738.32,0.020373514431279563,-0.12499999999557618
2004-06-07,24.053538461536405,24.4471794871774,23.88779487179283,24.24,108187.911,0.023255813953529065,0.33333333333643805
2004-06-08,23.992808219176027,24.241438356162305,23.992808219176027,24.2,262981.9744,0.010362694300559324,0.8333333333383217
2004-06-09,24.154293103446197,24.278586206894463,23.843560344825534,24.03,232649.94799999997,0.018010291595237975,-0.28571428570887014
2004-06-10,23.72639130434576,24.12010434782399,23.457008695650135,23.83,143013.77,0.027947598253316053,0.15625000000289047
2004-06-11,23.843560344825534,24.175008620687574,23.822844827584156,24.03,120735.58399999999,0.014769765421414062,0.5294117647102558
2004-06-14,24.03150442477663,24.03150442477663,23.244265486723606,23.41,330455.618,0.03275862068969535,-0.7894736842068901
2004-06-15,23.407142857140794,23.71785714285505,23.096428571426536,23.49,445555.74419999996,0.026548672566413124,0.13333333333644837
2004-06-16,23.51640350876987,23.889350877190886,23.41280701754181,23.62,216987.6,0.020264317180658218,0.2173913043517169
2004-06-17,23.43352631578742,24.03438596491017,23.43352631578742,23.62,215227.554,0.025641025641067034,0.31034482758913673
2004-06-18,23.407864164430435,23.615013404823625,22.57926720285768,23.18,682225.7655,0.04424778761066019,-0.2199999999977868
2004-06-21,23.101501364875062,23.287970882618446,22.583530482254545,22.77,281411.14890000003,0.030493273542642734,-0.4705882352905159
2004-06-22,22.74428571428366,22.992857142855065,22.47499999999797,22.91,325508.2978,0.022768670309696887,0.32000000000337925
2004-06-23,22.79071883530275,22.997907188350958,22.583530482254545,22.77,171422.02,0.018181818181861202,-0.04999999999488691
2004-06-24,22.583530482254545,22.935750682436495,22.583530482254545,22.77,445703.95590000006,0.01559633027527288,0.5294117647102533
2004-06-25,22.93214673912836,23.28431159420079,22.57998188405593,22.87,189448.49759999997,0.0307136404697802,-0.08823529411458256
2004-06-28,22.68432558139324,22.68432558139324,22.2285674418584,22.27,365567.51,0.02009132420095638,-0.9090909090843727
2004-06-29,22.26999999999793,22.26999999999793,22.26999999999793,22.27,0.0,4.4903457566234764e-14,2.071232074740692
2004-06-30,22.60630630630427,23.31081081080871,22.60630630630427,23.0,394740.975,0.031164069660904486,0.558823529413913
2004-07-01,22.971444933918686,23.758563876649895,22.867876651980367,23.51,186921.107,0.03877366997299053,0.6046511627923385
2004-07-02,23.537053726167805,24.220788561523033,23.537053726167805,23.91,351677.8072,0.02904929577468919,0.5454545454567761
2004-07-05,24.009284482756556,24.237155172411708,23.719267241377267,24.03,70040.568,0.021570319240765617,0.04000000000391556
2004-07-06,23.99352185089769,24.449357326476058,23.99352185089769,24.18,386169.86939999997,0.01899827288432418,0.4090909090945498
2004-07-07,24.030742358076502,24.134323144102698,23.55427074235602,23.72,229235.86999999997,0.024137931034523486,-0.5357142857097866
2004-07-08,23.662795138886835,23.932161458331258,23.600633680553507,23.87,187177.536,0.014010507880952436,0.6250000000043624
2004-07-09,23.783543647361817,24.218608470179408,23.63852203975595,23.97,133133.0975,0.024390243902479944,0.3214285714315866
2004-07-12,23.829999999997927,23.91288695651966,23.64350434782403,23.83,117679.04,0.011304347826128467,7.688811407544325e-12
2004-07-13,23.827054794518506,24.199999999997928,23.78561643835413,24.2,107303.4592,0.01739130434786728,0.9000000000028325
2004-07-14,24.03481171547916,24.780719665269896,24.03481171547916,24.76,538824.9025,0.031034482758661063,0.9722222222236951
2004-07-15,24.864864864862824,25.3828828828808,24.57477477477276,25.3,861327.5880000001,0.032500000000038866,0.5384615384634437
2004-07-16,25.3171782178197,25.752252475245403,24.861386138611813,25.11,932577.5207999999,0.03518821603931795,-0.23255813953230364
2004-07-19,25.048450363194103,25.73215496367831,24.77911218724578,25.67,762364.8774000001,0.03804797353188286,0.6521739130449716
2004-07-20,25.66928225806245,25.752153225804374,25.29636290322377,25.69,333425.832,0.017756255044428744,0.045454545458988575
2004-07-21,25.647133655392462,25.771433172300664,25.046352657002817,25.73,276245.5158,0.02827140549276806,0.1142857142884114
2004-07-22,25.85708943089221,26.10772357723365,25.251390243900385,25.69,887482.7610000002,0.03311793214866423,-0.19512195121684658
2004-07-23,25.3099839486336,26.103531300158416,25.3099839486336,26.02,586155.0324,0.031353135313569584,0.8947368421067703
2004-07-26,26.025322580643063,26.23419354838498,25.48225806451407,25.9,536922.604,0.028892455858785384,-0.16666666666367003
2004-07-27,25.607744610279802,25.900165837477125,25.064676616913346,25.19,1341619.1622,0.032626427406236856,-0.49999999999690126
2004-07-28,25.08667763157688,25.56710526315579,24.815131578945326,25.4,633268.6016,0.029975020816025256,0.4166666666688961
2004-07-29,25.437009646300208,26.105305466235844,25.37435691318124,25.98,285932.5292,0.028735632183946192,0.7428571428589829
2004-07-30,25.978234349917656,26.14529695023867,25.832054574636768,26.02,188828.55880000003,0.012057877813542901,0.1333333333395789
2004-08-02,25.27555555555347,25.923111111108973,25.171111111109038,25.38,408356.64,0.029752066115740747,0.1388888888914875
2004-08-03,25.3738636363615,25.47828282828068,24.642929292927217,24.81,971272.8036000001,0.03292181069962649,-0.6749999999966934
2004-08-04,24.817077551018386,25.9033469387734,24.691738775508192,25.59,257746.61500000002,0.048821548821587166,0.6379310344839529
2004-08-05,25.5805853256368,25.68499587798634,25.100296784828924,25.33,143223.5194,0.022857142857181142,-0.4285714285671211
2004-08-06,25.290884297518566,25.457958677683845,25.12380991735329,25.27,90509.936,0.013212221304745959,-0.06249999999354997
2004-08-09,25.267935222670015,25.85264777327726,25.267935222670015,25.79,99508.643,0.023140495867807375,0.8928571428591873
2004-08-10,25.85557522123686,26.210619469024444,25.646725663714754,25.96,373463.2033,0.021809369951572573,0.1851851851885553
2004-08-11,25.966016326528493,26.007795918365225,25.506440816324453,25.59,203432.19749999998,0.019308125502853424,-0.7499999999943427
2004-08-12,25.293793103446202,25.607093596057013,25.23113300492404,25.44,282599.751,0.01486374896783411,0.3888888888934078
2004-08-13,25.441355932201333,25.900887812750128,25.420468119449115,25.88,351530.07120000006,0.01888341543517822,0.9130434782633187
2004-08-16,25.7108861788597,25.89886178861578,25.648227642274335,25.69,342037.908,0.009748172217747719,-0.08333333332466483
2004-08-17,25.651114701128783,25.92266558965865,25.52578352180731,25.86,220663.84360000002,0.015472312703621411,0.5263157894776235
2004-08-18,25.814940143653168,26.692146847563713,25.814940143653168,26.17,801856.7235,0.03398058252430929,0.40476190476382556
2004-08-19,26.128481012656156,26.567088607592833,26.044936708858696,26.4,375005.416,0.019984012789805737,0.5200000000030095
2004-08-20,26.400638977633676,26.44241214057297,26.108226837058616,26.15,304089.89160000003,0.012658227848138763,-0.7499999999915101
2004-08-23,26.107085346213683,26.25328502415248,25.710257648951234,25.94,237570.2568,0.02080000000003751,-0.3076923076879002
2004-08-24,25.859343999997936,26.277103999997898,25.65046399999795,26.11,253683.5,0.024232633279520716,0.4000000000026874
2004-08-25,26.08734025558897,26.254432907346146,26.08734025558897,26.15,90619.76,0.006405124099317562,0.37500000001024975
2004-08-26,26.08530973451118,26.14796460176781,25.77203539822802,25.96,172812.4255,0.014411529223416398,-0.3333333333269055
2004-08-27,25.79889795918157,25.94512653061013,25.443771428569352,25.59,560004.4625,0.019433198380604835,-0.4166666666616736
2004-08-30,25.311768595039226,25.478842975204504,25.102925619832632,25.27,160139.99099999998,0.014851485148553854,-0.11111111110524799
2004-08-31,25.27489812550731,25.901548492255426,25.27489812550731,25.63,304797.4749,0.024793388429790685,0.5666666666690979
2004-09-01,25.54239040529152,25.54239040529152,25.062034739452024,25.25,166527.66,0.018806214227348295,-0.6086956521683028
2004-09-02,25.063166529940517,25.45999999999791,25.021394585723954,25.46,213322.56199999998,0.017500000000039023,0.9047619047646214
2004-09-03,25.69153656532246,25.69153656532246,25.31556285948847,25.42,42232.4557,0.014634146341501827,-0.7222222222147404
2004-09-06,25.269116432698162,25.477952105695667,25.143815028899656,25.29,201786.8713,0.013223140495906926,0.06250000000605689
2004-09-07,25.12205445544347,25.372648514849395,25.12205445544347,25.31,259726.8732,0.009975062344179194,0.7500000000053256
2004-09-08,25.227066666664566,25.227066666664566,24.91381666666459,25.06,301827.12,0.012417218543085555,-0.5333333333249711
2004-09-09,25.022661087864016,25.168870292884925,24.813790794977006,24.96,601251.583,0.014190317195364906,-0.17647058822891573
2004-09-10,24.85231404958472,25.33265289255989,24.768776859502083,25.27,198708.015,0.022689075630291478,0.7407407407431335
2004-09-13,24.95558333333125,25.31059999999789,24.95558333333125,25.06,193237.08000000002,0.01422594142263373,0.2941176470638787
2004-09-14,25.064516129030235,26.004435483868868,25.064516129030235,25.9,486544.504,0.037500000000038364,0.888888888890167
2004-09-15,25.999684542584703,26.855899053625645,25.582018927442782,26.48,887713.9932,0.048995983935779495,0.3770491803292111
2004-09-16,26.48822047243886,26.864236220470328,26.321102362202655,26.53,243355.74899999998,0.02050473186123569,0.07692307692677948
2004-09-17,26.479109746736267,27.27264773599177,26.103223330773133,27.21,513794.13889999996,0.04416403785492577,0.6250000000012484
2004-09-20,27.314703196344954,27.795007610347962,27.189406392691996,27.44,614741.3658,0.02217125382266577,0.20689655172724494
2004-09-21,27.403790750566536,27.779757391961507,27.090485216070732,27.55,1297642.6201,0.02515243902442584,0.21212121212393417
2004-09-22,27.543823529409632,27.543823529409632,26.645882352939115,26.98,673787.5608,0.03260045489010332,-0.6279069767411609
2004-09-23,26.94708454810299,28.827113702621805,26.75908163265111,28.66,734477.8364,0.0767441860465459,0.8282828282834395
2004-09-24,28.6546879535538,29.86603773584689,28.6546879535538,28.78,2574149.6118,0.04227405247816755,0.10344827586370717
2004-09-27,29.25911554921332,29.655920114120566,28.778773181167704,29.28,726585.3783999999,0.029978586723801874,0.023809523811878824
2004-09-28,29.349544817925114,30.05978291316316,28.931757703079203,29.83,488092.82759999996,0.03843416370110051,0.42592592592739853
2004-09-29,29.781226818828117,29.8229957203973,29.196462196859546,29.28,566346.5924,0.021037868162725626,-0.799999999995389
2004-09-30,29.23762376237417,29.634420084863535,29.133203677508547,29.53,275411.14300000004,0.017142857142890846,0.583333333336335
2004-10-08,29.244658855959386,30.414445210197762,29.035768435559678,30.31,340904.7597,0.04714285714288968,0.7727272727282304
2004-10-11,30.178850174213924,31.01425087107798,29.844689895468303,29.97,593345.6655,0.038754325259547515,-0.17857142856948996
2004-10-12,29.890366837855474,29.95303008070213,28.302898019073492,28.47,1817170.4094000002,0.05520614954580381,-0.8607594936690992
2004-10-13,28.30248917748714,28.970887445885356,28.198051948049915,28.95,442429.218,0.027306273062764955,0.8378378378394518
2004-10-14,28.80600293901331,28.952226304185967,28.26288758265773,28.43,623191.012,0.023930384336509593,-0.5454545454507209
2004-10-15,28.15283453237208,29.23884892086121,27.56805755395485,29.03,578818.796,0.05934718100893558,0.5250000000009333
2004-10-18,28.82467532467325,29.430411255409133,28.74112554112347,28.95,178566.003,0.02391304347829469,0.18181818182093887
2004-10-19,28.948723404253265,29.700638297870235,28.948723404253265,29.45,505832.424,0.025974025974059692,0.6666666666685567
2004-10-20,29.45246356696534,30.287994448297688,29.24358084663225,30.1,469566.99789999996,0.03546099290783425,0.6200000000014076
2004-10-21,30.080651731158856,31.22956551255728,30.080651731158856,30.77,1242550.0338,0.03819444444447626,0.6000000000012966
2004-10-22,30.846190476188376,31.075918367344823,30.449387755099966,30.7,552047.916,0.020311442112421776,-0.2333333333296252
2004-10-25,30.927638795984553,31.63765886287414,30.802341137121687,31.22,759498.2719999999,0.027008777852833656,0.3500000000020797
2004-10-26,31.220285524566318,31.57529880477878,30.656440903052413,31.45,767930.7852,0.02943143812712136,0.25000000000200234
2004-10-27,30.90904290428839,31.848844884486347,30.90904290428839,31.64,1543109.4615,0.03040540540543671,0.7777777777791721
2004-10-28,31.51887258171904,31.62330887257961,31.01757838558832,31.31,847911.5985000001,0.019218025182271142,-0.3448275862028725
2004-10-29,30.700198019799952,31.765306930690972,30.386930693067303,31.64,634828.329,0.044897959183704525,0.6818181818192047
2004-11-01,31.637922077920017,32.577662337660215,31.032311688309665,32.16,608735.204,0.048844884488478936,0.33783783783897264
2004-11-02,32.168223086898045,32.33533073929752,31.875784695198973,32.21,547231.2822,0.014285714285744967,0.09090909091343606
2004-11-03,32.058494832039266,32.41354005167749,31.745219638240837,32.33,1327244.9832,0.020846905537489843,0.40625000000252504
2004-11-04,32.286232558137385,32.286232558137385,31.262930232556062,31.43,1478588.9055,0.03169469598968057,-0.836734693874692
2004-11-05,31.431501340480466,31.49415549597644,30.909383378014013,31.16,627299.4639999999,0.018604651162821898,-0.46428571428134735
2004-11-08,30.949896774191547,32.45353548386887,30.720174193546402,32.37,746054.835,0.05600539811069172,0.8192771084344691
2004-11-09,32.37443365695584,32.47886731391376,32.061132686082075,32.27,191239.0185,0.012903225806481993,-0.24999999999440503
2004-11-10,32.167795527154496,32.75266453673912,31.7709201277935,32.69,406314.064,0.03051948051951051,0.5319148936186054
2004-11-11,32.68236621534284,32.7658994197271,32.28558349451759,32.39,498309.1575,0.014696485623033297,-0.6086956521683133
2004-11-12,32.26699554423729,33.018847867598154,32.12080203691712,32.81,431990.90930000006,0.02783171521038602,0.6046511627923483
2004-11-15,32.7931403398343,33.46153555695195,32.60515418501997,33.19,507830.89350000006,0.02611464968155843,0.46341463414824613
2004-11-16,33.16671241422126,33.521771678101466,33.08316905801415,33.48,533658.2566000001,0.013224181360231482,0.714285714288837
2004-11-17,33.524437499997916,33.62887499999791,33.023137499997944,33.42,295067.52,0.01806853582557463,-0.17241379309972912
2004-11-18,33.41503474415455,33.45680353758475,32.74673404927146,33.06,596489.2802,0.021250000000029384,-0.4999999999963489
2004-11-19,33.10291902071356,33.37442561205064,32.72698681732375,33.27,707831.3898,0.01955835962148088,0.2580645161318556
2004-11-22,33.06150955413803,33.312133757959664,32.68557324840556,32.79,305905.865,0.018951358180699377,-0.4333333333293164
2004-11-23,32.74680438992687,32.93476436410375,32.308231116847494,32.35,490938.6659,0.019132653061254466,-0.6333333333289857
2004-11-24,32.3717700258377,32.89389534883508,32.14203488371885,32.33,390108.384,0.023225806451643082,-0.05555555555270061
2004-11-25,32.3337877813484,32.77242443729693,32.16668810289182,32.48,249878.39250000002,0.018733850129229394,0.2413793103478786
2004-11-26,32.45353548386887,32.66237419354628,32.28646451612695,32.37,182888.065,0.011583011583042008,-0.22222222221606971
2004-11-29,32.37443365695584,32.62507443365485,32.20733980582316,32.27,340407.5325,0.012903225806482212,-0.24999999999440078
2004-11-30,32.269999999997914,32.52064077669693,32.08201941747365,32.27,233044.71,0.01359223300973942,4.762640029270774e-12
2004-12-01,31.95595238095027,32.37367724867511,31.308478835976764,31.58,514264.1616,0.03333333333336363,-0.3529411764682983
2004-12-02,31.53771812080325,31.621261744964322,30.93202684563551,31.12,937731.947,0.021854304635792614,-0.6060606060566937
2004-12-03,30.913377483441664,31.748874172183328,30.72539072847479,31.54,176526.701,0.03310810810813931,0.6122448979606242
2004-12-06,31.456450331123747,31.53999999999791,31.01781456953437,31.54,171656.196,0.016600265604280903,0.16000000000368703
2004-12-07,31.32760898282488,31.975046235136595,31.2231836195488,31.62,259240.70600000003,0.024000000000031142,0.38888888889114903
2004-12-08,31.870885245899547,31.97531147540774,31.64114754098153,31.85,145397.6175,0.010484927916151628,-0.062499999993552255
2004-12-09,31.744692005240385,32.0579619921342,31.431422018346566,31.87,316436.701,0.01973684210529395,0.20000000000301496
2004-12-10,31.832662721891396,31.853550295855893,31.707337278104422,31.77,240842.4408,0.004593175853049682,-0.4285714285541927
2004-12-13,31.43822163238013,31.9395620437935,30.93688122096676,31.48,836338.7351,0.03189368770767194,0.041666666668708226
2004-12-14,31.4553199999979,31.74773333333121,31.22556666666458,31.33,557690.1,0.016600265604280923,-0.23999999999553948
2004-12-15,31.28645805592335,31.91302263648256,31.119374167774225,31.37,642601.8616000001,0.02536715620830878,0.10526315789723588
2004-12-16,31.62378698224644,31.853550295855893,31.080710059169554,31.77,171869.50170000002,0.02443857331575076,0.18918918919164926
2004-12-17,31.561776010600955,31.770656063616183,31.37378396288725,31.52,177723.984,0.01257445400400221,-0.10526315788920419
2004-12-20,31.539931740612182,31.539931740612182,30.307576791806806,30.6,1108889.7045,0.03907284768214967,-0.7627118644044655
2004-12-21,30.488827586204795,31.115310344825442,30.279999999997912,30.28,273354.0,0.027397260274004544,-0.2499999999972009
2004-12-22,30.326707566460097,30.869747784592303,30.305821404224243,30.64,288335.3292,0.018595041322346396,0.5555555555582811
2004-12-23,30.63646498980077,30.887070020392187,30.552929979603633,30.72,294668.0722,0.010906612133638216,0.2500000000055037
2004-12-24,30.281441196462932,30.887070020392187,30.281441196462932,30.72,203063.7537,0.02000000000003224,0.7241379310367364
2004-12-27,30.70027008777645,31.117960837270008,30.70027008777645,30.93,317998.09849999996,0.013605442176902943,0.5500000000036948
2004-12-28,30.910416666664656,32.2679687499979,30.910416666664656,32.08,639452.0064,0.04391891891894978,0.8615384615393645
2004-12-29,32.16354166666457,32.330624999997895,31.975572916664586,32.08,610145.1264,0.011038961038991744,-0.23529411764051486
2004-12-30,32.061033333331196,32.37433333333117,31.32999999999791,31.33,658482.4500000001,0.03257328990231029,-0.6999999999973314
2004-12-31,31.643791064386882,31.93620893560894,31.51846911957743,31.79,824989.2938000001,0.013201320132044387,0.3500000000041625
2005-01-04,31.852415618793394,31.852415618793394,31.225810721374504,31.56,475836.1117,0.019672131147571867,-0.4666666666625919
2005-01-05,31.49407601572533,31.890884665790836,31.49407601572533,31.87,171679.2728,0.012599469496052593,0.947368421055503
2005-01-06,32.124435746899415,32.124435746899415,31.644031311152542,32.02,173169.9795,0.014954486345934525,-0.21739130434303963
2005-01-07,31.99321727917267,32.619716312054635,31.99321727917267,32.39,239918.7615,0.01958224543083989,0.6333333333356531
2005-01-10,32.3355569864757,32.50266580811123,32.12667095943128,32.44,337575.29939999996,0.011627906976774799,0.2777777777825907
2005-01-11,32.37428752374716,33.00088663711001,32.37428752374716,32.98,414263.91359999997,0.019354838709707774,0.9666666666684515
2005-01-12,33.10911097099413,33.29711223202817,32.85844262294875,33.13,254300.9846,0.01324921135649672,0.047619047623703496
2005-01-13,33.12353982300675,33.12353982300675,32.93557522123685,33.04,230142.39919999999,0.005674653215666817,-0.44444444443095354
2005-01-14,33.020886075947274,33.104430379744734,32.58227848101059,33.0,219981.82,0.015812776723622465,-0.03999999999591775
2005-01-17,32.89353914703801,33.03973265435818,32.39230426479743,32.81,348343.17140000005,0.01968253968256958,-0.12903225806109378
2005-01-18,32.78857327307729,32.78857327307729,31.890542285343326,32.35,635222.5944,0.027388535031876802,-0.48837209302038553
2005-01-19,32.269752281614586,32.5830508474555,32.01911342894185,32.04,167530.1342,0.017475728155370258,-0.40740740740298537
2005-01-20,31.95292587776125,32.3706111833529,31.95292587776125,32.12,258257.73020000002,0.013071895424867487,0.400000000004042
2005-01-21,32.059012738851465,32.78999999999791,31.829273885348293,32.79,663749.685,0.02996742671012787,0.7608695652187715
2005-01-24,33.18682165604884,33.207707006367315,32.393178343946985,32.79,371226.029,0.024543738200155228,-0.4871794871763271
2005-01-25,32.710234622699254,33.00266328471572,32.710234622699254,32.94,275162.5296,0.008939974457246161,0.7857142857187442
2005-01-26,32.894686907018794,33.41682479443179,32.894686907018794,33.02,125575.668,0.015873015873045748,0.24000000000354285
2005-01-27,32.89442675159027,33.12416560509343,32.58114649681321,32.79,92160.88399999999,0.016507936507966385,-0.19230769230350325
2005-01-28,32.602031847131684,32.97796815286414,32.602031847131684,32.79,48307.33,0.01153106982706424,0.5000000000042173
2005-01-31,32.602031847131684,32.81088535031638,32.58114649681321,32.79,175909.08,0.007046764894329025,0.8181818181873273
2005-02-01,32.765610389608256,32.765610389608256,32.13911688311479,32.16,376473.02,0.019120458891043378,-0.9666666666617829
2005-02-02,32.12182043343455,34.00151083591121,32.05916408668533,33.73,962097.4899999999,0.060468140442161804,0.8279569892479568
2005-02-03,33.751515907671006,34.127461010602985,33.35468496568725,33.48,737714.0652,0.02289603960398942,-0.35135135134819545
2005-02-04,33.416616130986455,34.66973923589845,33.416616130986455,34.44,526862.7555999999,0.037500000000028816,0.8166666666676766
2005-02-16,34.436785276071504,34.97975460122485,33.83116564416971,34.04,374365.03400000004,0.03335354760463678,-0.34545454545242604
2005-02-17,34.44324103209348,34.44324103209348,33.08556324732327,33.19,238629.9818,0.03941782898729291,-0.9230769230747005
2005-02-18,33.187084123970074,33.312397216949186,32.79025932953619,33.02,299147.1759,0.01573316551293081,-0.3199999999953885
2005-02-21,32.690031055898594,33.6926645962712,32.690031055898594,33.63,341254.47300000006,0.030670926517601473,0.9375000000011497
2005-02-22,33.83468634686139,34.25239852398313,33.521402214020085,33.96,527931.4686,0.021604938271633612,0.1714285714311955
2005-02-23,33.943089430892186,34.25641025640811,33.10756722951638,33.4,874126.4493,0.033846153846182225,-0.47272727272504567
2005-02-24,33.23444514501682,33.255334174020604,32.900220680956316,33.13,635652.4642,0.010685103708389201,-0.29411764705211035
2005-02-25,33.00063775509994,33.02152423469177,32.3322704081612,32.75,2629616.752,0.02088607594939673,-0.36363636363280805
2005-02-28,32.459348659001755,33.148639846741176,32.459348659001755,32.71,400988.8638,0.02123552123555144,0.36363636363887236
2005-03-01,32.5373478539377,32.82972453555203,31.34695707879364,32.6,880007.1938,0.04557124518616536,0.04225352112813784
2005-03-02,32.560261146494746,32.998853503182616,32.45583439490239,32.79,970460.489,0.016677357280338288,0.42307692307997535
2005-03-03,32.7931403398343,33.252662051602684,32.7931403398343,33.19,338597.6265,0.014012738853533338,0.8636363636390394
2005-03-04,33.20848409232481,33.62620087336035,33.20848409232481,33.48,357082.677,0.01257861635223114,0.6500000000034433
2005-03-07,33.378224999997926,33.942187499997885,33.25289999999793,33.42,352013.92,0.020650813516925434,0.06060606060898835
2005-03-08,34.048435544428415,34.048435544428415,32.920450563201946,33.38,643004.1988,0.03312883435585679,-0.5925925925902163
2005-03-09,33.3735382685048,33.62415307402549,33.16469259723757,33.29,849867.0822,0.013767209011293592,-0.18181818181323245
2005-03-10,33.205853051056465,33.62353673723328,33.16408468243879,33.54,663716.5985999999,0.01383647798745101,0.7272727272756869
2005-03-11,33.5464773413877,34.8206586102698,33.21226586102519,34.57,1239215.8395,0.04794520547948041,0.6363636363645407
2005-03-14,34.566213086274786,36.71746381007315,34.27381007527306,36.07,1606214.3107999999,0.07069486404836514,0.6153846153852164
2005-03-15,35.92366230677552,35.92366230677552,34.461652794290465,35.13,1039900.8732,0.04069767441863145,-0.542857142855346
2005-03-16,34.77442771084128,35.08771084337138,34.461144578311185,34.67,668669.912,0.01801801801804611,-0.16666666666306854
2005-03-17,34.84266666666458,35.19777777777567,34.04888888888685,34.78,755688.3885,0.03297362110314526,-0.0545454545435907
2005-03-18,34.458232445518505,35.04297820823033,34.082324455203754,34.5,481128.1496,0.0278787878788161,0.04347826087168422
2005-03-21,34.508444444442375,34.88444444444235,34.34133333333128,34.78,423584.991,0.01573849878937463,0.5000000000029258
2005-03-22,34.7739662201494,35.901770529992085,34.50245777518727,35.86,1125946.4446000003,0.04024024024026805,0.7761194029860113
2005-03-23,35.69686390532334,36.09372781064876,35.19556213017544,35.3,918533.0829999999,0.025160912814538697,-0.4418604651134747
2005-03-24,35.08469750889472,36.02446619216869,34.87586002372273,35.21,790361.0567999999,0.03273809523812282,0.10909090909262933
2005-03-25,35.29976176295204,35.29976176295204,34.673138773077156,35.07,277775.2711,0.017751479289968473,-0.3666666666627527
2005-03-28,35.09071803852686,36.0306479859874,34.71474605954264,35.78,478286.5587,0.03750000000002749,0.5238095238107048
2005-03-29,35.921852731589325,36.02627672208813,35.086460807598876,35.17,320823.5552,0.02616279069770142,-0.7999999999969382
2005-03-30,35.0886075949346,35.38101265822572,34.64999999999792,34.65,346357.8909,0.020833333333361244,-0.5999999999963332
2005-03-31,34.585309090906996,34.87769696969486,33.85433939393735,34.46,325677.165,0.029589371980704226,-0.12244897958967746
2005-04-01,34.45999999999792,34.45999999999792,34.45999999999792,34.46,0.0,2.90191526407438e-14,2.0818902157770935
2005-04-04,34.45999999999792,34.45999999999792,34.45999999999792,34.46,0.0,2.90191526407438e-14,2.0818902157770935
2005-04-05,35.04894337419528,36.0306479859874,35.04894337419528,35.78,1682754.7580999997,0.028009535160933498,0.7446808510651878
2005-04-06,35.71935483870765,37.181550650818494,35.614912280699734,36.91,1391659.5144000002,0.043859649122833876,0.7600000000008472
2005-04-07,37.09302857142645,37.8240285714264,36.508228571426486,36.55,884689.4,0.035472972972998784,-0.41269841269651575
2005-04-08,36.53378132118243,36.7426651480617,35.94890660592051,36.68,849091.6743999999,0.02172670097201074,0.18421052631818707
2005-04-11,36.549853372431876,36.63339589442601,35.50557184750525,35.61,793420.8975,0.03085714285716944,-0.8333333333307432
2005-04-12,35.63622130664888,35.92866391995081,35.03044732195203,35.49,716856.6913999999,0.02520515826497475,-0.16279069767191312
2005-04-13,35.94093119809989,36.63009489916746,35.08469750889472,35.21,844124.5619999999,0.04299825682745244,-0.472972972971319
2005-04-14,35.092007104793666,35.61420959147214,34.94579040852369,35.28,518861.1378,0.01904761904764691,0.28125000000269756
2005-04-15,35.0882282996412,35.464173602851645,34.98379904874941,35.13,668637.5546,0.013690476190504383,0.08695652174328974
2005-04-18,35.007098321340834,35.341294964026666,34.27604316546557,34.84,869723.8896,0.030429594272104222,-0.1568627450959338
2005-04-19,34.841546827792456,34.841546827792456,34.089570996976796,34.57,787662.826,0.02158273381297758,-0.3611111111078542
2005-04-20,34.564424242422156,34.66884848484639,34.251151515149445,34.46,398904.99000000005,0.012084592145043786,-0.24999999999441727
2005-04-21,34.24966927239721,35.0014912808157,34.24966927239721,34.73,294723.67829999997,0.02195121951222399,0.6388888888908114
2005-04-22,34.87558208955016,35.18883582089343,34.83381492537106,34.98,241533.4925,0.010179640718591412,0.2941176470638628
2005-04-25,35.00645238095031,35.40330357142647,34.83935714285507,35.09,248575.488,0.01610978520289216,0.14814814815157665
2005-04-26,35.08564506359569,35.08564506359569,34.35469412477078,34.48,277075.4428,0.020833333333361265,-0.8285714285674377
2005-04-27,34.88024985127693,35.19354550862373,34.3580904223656,35.11,259857.5531,0.02395209580841119,0.2750000000021664
2005-04-28,35.09071803852686,36.302183304142666,35.06983070636107,35.78,1087896.4938,0.035119047619075146,0.5593220338995377
2005-04-29,35.551545293070724,36.01108348134778,35.19644760212936,35.28,584767.269,0.022914218566419883,-0.33333333333036563
2005-05-09,35.06822724568501,36.0081142177254,35.06822724568501,35.11,259342.99899999998,0.02680166765934862,0.04444444444661506
2005-05-10,35.00182926829056,35.398628048778335,33.519054878046745,34.25,1504790.6919999998,0.05369928400957347,-0.399999999998681
2005-05-11,34.27638749999787,34.58969999999785,33.41999999999792,33.42,459051.04,0.03412553321148463,-0.7321428571404512
2005-05-12,33.41503474415455,33.79095388502629,32.87204042956204,33.06,1303686.1403,0.027500000000029074,-0.38636363636094084
2005-05-13,32.69111111110904,33.69377777777564,32.69111111110904,32.9,584081.9775,0.030670926517601407,0.208333333335206
2005-05-16,33.00012936610395,33.39696636481026,32.26911384217126,32.29,440277.61000000004,0.03417721518990291,-0.6296296296272185
2005-05-17,32.47784810126377,33.37594936708649,32.26898734177011,33.0,220294.66000000003,0.03408360128620335,0.4716981132090084
2005-05-18,32.99999999999791,33.605696202529515,31.537974683542306,33.0,780266.8840000001,0.06265822784812962,1.0102886795688499e-12
2005-05-19,32.80911577607934,33.22680025445081,31.99463104325496,32.83,375107.0244,0.03755569700830428,0.0169491525440526
2005-05-20,32.99999999999791,33.16708860759284,32.644936708858694,33.0,145447.05800000002,0.0158227848101564,4.000743171086916e-12
2005-05-23,33.19060038734453,33.21162040025609,32.28673983214769,32.56,222923.56050000002,0.027865737808769057,-0.6818181818151667
2005-05-24,32.871191242753845,33.14441725691996,32.26168705730636,32.64,195080.87149999998,0.026854219948878797,-0.26190476190208895
2005-05-25,32.64693444729867,32.85715295629609,32.37365038560203,32.71,148025.39200000002,0.014810045074080423,0.1304347826127835
2005-05-26,32.638293159606995,32.76439087947669,31.734592833874153,32.26,321392.16,0.031551835157788886,-0.36734693877311503
2005-05-27,32.26294672959998,32.4521105866465,30.518435603504347,31.17,831233.2157000001,0.059934853420224636,-0.5652173913029668
2005-05-30,30.601509433960207,31.253052560644797,30.601509433960207,31.19,341454.30199999997,0.021291208791240704,0.9032258064534505
2005-05-31,31.090594125498587,31.700213618155423,30.8173164218938,31.49,220655.4,0.02839756592295216,0.45238095238282483
2005-06-01,31.510849897187697,31.7000411240554,30.480808773130192,30.67,420627.0738,0.038692461641124554,-0.6896551724115028
2005-06-02,30.434137184113325,31.274859205773918,29.004909747290327,29.11,931147.5495,0.07458563535914646,-0.5833333333321502
2005-06-03,28.37832167831969,30.123062937060826,28.37832167831969,30.06,420834.843,0.061481481481514555,0.963855421687401
2005-06-06,29.996511007336228,31.552041360905168,29.786304202799883,31.51,345309.7899,0.05886475122638033,0.8571428571435616
2005-06-07,31.65169965870091,31.945938566550716,30.726948805458647,30.79,401285.47500000003,0.03851261620188965,-0.7068965517218326
2005-06-08,31.949468417759103,33.88325203251821,30.835440900560926,33.61,1119887.9523,0.09539473684213355,0.5448275862074072
2005-06-09,33.60694756554098,33.83813982521637,33.01845817727635,33.67,652653.8388,0.024390243902468016,0.0769230769255443
2005-06-10,33.63121460037548,33.67325361862595,32.9165512901175,33.4,625182.5160000001,0.022500000000028997,-0.30555555555237623
2005-06-13,33.39422222222011,33.604380952378825,32.99492063491854,33.1,375588.045,0.01825047199499489,-0.4827586206854198
2005-06-14,33.37525746980081,34.25797838524894,32.99694850603732,33.06,325332.57899999997,0.03778337531489036,-0.2499999999981367
2005-06-15,33.0673021806833,34.05532710280162,33.02525856697614,33.74,717883.116,0.031150667514333093,0.6530612244912052
2005-06-16,33.73069581280581,34.151016009850125,33.436471674874795,34.13,286927.99519999995,0.021183800623082085,0.5588235294139132
2005-06-17,34.00559074299427,34.57305115712335,34.00559074299427,34.51,970564.1972000002,0.016687268232414686,0.8888888888910219
2005-06-20,34.559718144448944,36.19941280093739,34.559718144448944,35.8,1273155.4771000003,0.04744525547447986,0.756410256411077
2005-06-21,35.72898295120307,36.464579659021965,35.43474426807552,35.75,854334.7344000001,0.028823529411791993,0.020408163267327875
2005-06-22,35.71227534562007,36.72121543778591,35.54411866359243,36.49,767986.0888,0.032960565038284845,0.660714285715505
2005-06-23,36.5336774193527,36.57571847507117,35.69285630498325,35.84,615005.2645,0.024165707710038037,-0.7857142857110204
2005-06-24,35.7299999999979,36.1083176470567,35.51982352940967,35.73,745641.93,0.016470588235321822,3.561804625795668e-12
2005-06-27,36.04574898785217,36.80239444765549,35.73048004626746,36.34,528175.0928999999,0.029737609329473107,0.27450980392327057
2005-06-28,36.15035294117434,36.21340588235081,35.561858823527324,35.73,377618.96,0.018023255813980597,-0.6451612903183652
2005-06-29,35.69244630071386,35.75550715990241,35.103878281620815,35.23,267918.656,0.01825677267376153,-0.7096774193505206
2005-06-30,35.099644970412136,35.5410177514772,34.49013017751276,35.52,310117.197,0.029940119760506763,0.4000000000016099
2005-07-01,35.09744370054565,35.09744370054565,34.235769933047216,34.53,249277.2744,0.024550898203620736,-0.6585365853626504
2005-07-04,34.26468085106175,35.02144680850851,34.26468085106175,34.58,170185.12,0.022085889570580605,0.4166666666688922
2005-07-05,34.41161933534536,34.89510574017916,34.3905981873091,34.79,115560.375,0.014660965180236303,0.7500000000026718
2005-07-06,34.789820544552306,34.852883663364175,33.843873762374145,33.97,144181.136,0.02900302114806397,-0.8124999999971213
2005-07-07,33.823063511828536,34.096338729761264,33.255491905352855,33.76,166951.89059999998,0.024860161591078962,-0.07499999999742239
2005-07-08,33.44447400989892,34.05408415841373,33.31834777227517,33.97,96248.96,0.021998742929004545,0.7142857142876077
2005-07-11,34.0499999999979,34.89074074073859,34.00796296296087,34.05,288588.74399999995,0.0259259259259546,2.3744379653128262e-12
2005-07-12,34.051079136688614,35.73261390887077,33.79884892086129,35.06,289194.50399999996,0.05679012345681788,0.5217391304355963
2005-07-13,34.891206791993035,34.99630078835445,34.281661613096766,34.66,236370.95799999998,0.02048192771087141,-0.32352941176132066
2005-07-14,34.872857142855054,35.041020408161174,34.347346938773455,35.02,513336.4166,0.019891500904187377,0.21212121212393367
2005-07-15,35.018154402892954,35.018154402892954,34.765922798550385,34.85,105427.24599999998,0.00720288115248941,-0.6666666666557228
2005-07-18,34.87101930035979,34.95509650180731,34.57674909529346,34.85,177023.99679999996,0.010849909584115278,-0.05555555554988109
2005-07-19,34.849999999997905,34.95509650180731,34.80796139927415,34.85,108295.91759999999,0.004221954161669082,1.4246097867812393e-11
2005-07-20,34.8245838287732,35.37101664684689,34.67746730083029,35.35,294307.2772,0.019915509957783042,0.7575757575776966
2005-07-21,35.41545180722679,35.41545180722679,34.78490963855213,34.89,400677.188,0.017804154302698286,-0.8333333333286893
2005-07-22,35.29429429429218,35.378378378376254,34.47447447447241,35.0,949929.7859999998,0.025610482430045357,-0.3255813953461577
2005-07-25,34.69743226600773,35.24384852216533,33.835775862066896,34.13,371637.29679999995,0.04058146577834375,-0.40298507462509625
2005-07-26,34.1303668069733,35.07609741430939,34.04630186409898,34.95,589210.7116999999,0.030172413793132086,0.7959183673481978
2005-07-27,34.99273406088255,36.6740666283724,34.887650775414436,36.59,702791.211,0.0510510510510781,0.8941176470594977
2005-07-28,36.61238372092811,36.84357558139321,35.72965116278862,36.15,835863.584,0.030424799081542078,-0.41509433962038544
2005-07-29,36.11121265377645,36.258347978908255,35.690826010542736,35.88,347450.46150000003,0.015715948777675633,-0.40740740740299103
2005-08-01,35.87610229276685,36.464579659021965,35.70796590240825,35.75,181669.35150000002,0.021089630931486126,-0.16666666666366975
2005-08-02,35.688981753970836,35.836109476160345,35.47879929370009,35.71,266395.2147,0.010011778563043142,0.05882352941745238
2005-08-03,35.73408018867714,35.83918042452619,35.271639150941326,35.65,1005884.3712,0.015882352941203815,-0.14814814814419103
2005-08-04,35.651830985913406,35.92510563380071,35.52570422535003,35.82,264963.8208,0.011202830188706919,0.42105263158314504
2005-08-05,36.12946826757942,36.886106346481604,35.835220125784126,36.76,728022.1245,0.029086678301364768,0.6000000000014195
2005-08-08,36.994871794869645,37.205069930067765,36.00694055943846,36.07,460669.2948,0.032386363636389845,-0.7719298245590086
2005-08-09,36.12933529411553,36.17137058823317,35.51982352940967,35.73,517889.02,0.01803374054685687,-0.6129032258022942
2005-08-10,35.71387683284248,36.13428739002721,35.62979472140554,35.84,421718.6215,0.014125956444995268,0.25000000000367695
2005-08-11,35.94112627986145,37.37036405005477,35.68890784982733,36.95,1305498.0078,0.0467836257310207,0.6000000000008864
2005-08-12,37.01445595854709,37.01445595854709,36.19471502590465,36.51,510207.6204,0.022146507666125206,-0.6153846153812996
2005-08-15,36.32223776223565,36.34325757575546,35.64960372960166,36.07,1534909.8336,0.019097222222249084,-0.36363636363282037
2005-08-16,35.73595166162926,35.73595166162926,34.474682779454106,34.79,1674586.0975,0.035294117647085864,-0.7499999999977364
2005-08-17,34.683472553697214,35.39816229116734,34.09490453460417,35.23,770768.0980000001,0.03757575757578537,0.41935483871096574
2005-08-18,35.20527108433523,35.20527108433523,34.46963855421479,34.89,752751.9,0.0208955223880876,-0.42857142856798836
2005-08-19,34.6834665027637,34.6834665027637,34.115918869082115,34.2,694159.5499999999,0.016363636363664634,-0.8518518518466558
2005-08-22,34.19694478527398,34.63833128834143,33.230098159507165,34.26,903700.851,0.04118008604796901,0.04477611940444302
2005-08-23,34.261210623839766,34.261210623839766,33.63063619518014,34.03,564551.1284,0.01840490797548878,-0.3666666666627566
2005-08-24,33.991827692305606,34.64349538461325,33.71854769230561,34.16,271148.9625,0.027210884353770247,0.18181818182024795
2005-08-25,34.05532710280162,34.265545171337436,33.61386915887641,33.74,505469.87250000006,0.01913580246916477,-0.4838709677379649
2005-08-26,33.76102180685148,34.22350155763027,33.61386915887641,33.74,438409.7625,0.01805728518060204,-0.03448275861718474
2005-08-29,33.63063619518014,34.45038295243766,33.63063619518014,34.03,383330.7919,0.02437500000002911,0.48717948718145165
2005-08-30,33.94856356968008,34.45306234718617,33.843459657699654,34.39,349599.13039999997,0.017956656346778132,0.7241379310367346
2005-08-31,34.45387234042344,34.68510638297661,34.243659574466,34.58,484460.5605,0.012812690665068332,0.28571428571839597
2005-09-01,34.577761013878415,34.89305974652777,34.15736270367929,34.83,583229.5344,0.021276595744709203,0.3428571428595373
2005-09-02,34.707374541001556,34.896572827415255,34.09773561811297,34.35,521641.9182,0.023016353725043515,-0.44736842104944413
2005-09-05,34.65660260384162,34.65660260384162,33.64779913205,33.9,336698.26519999997,0.02910855063677736,-0.7499999999971787
2005-09-06,33.90258697026983,33.90258697026983,33.1669449715349,33.23,681067.2906000001,0.021698698078144042,-0.9142857142816169
2005-09-07,33.27185417975906,33.524072910117305,32.536216216214164,33.44,1048511.6387999998,0.029690461149744794,0.1702127659594054
2005-09-08,33.83712394704971,36.14897713597857,33.83712394704971,34.93,3022660.6194,0.06832298136648703,0.472727272727977
2005-09-09,34.93839416058182,35.42189781021683,34.26569343065485,34.56,674040.0,0.03309265944647784,-0.32727272727062806
2005-09-12,34.68036809815738,34.78546012269725,34.11287116564208,34.26,384906.896,0.019393939393967528,-0.6249999999959517
2005-09-13,34.26285888820805,34.47306047647926,34.07367745876396,34.41,275422.95820000005,0.01165644171782005,0.3684210526359095
2005-09-14,34.4699999999979,34.533054878046684,33.90250609755891,34.47,629658.32,0.01829268292685789,3.3242488691636162e-12
2005-09-15,34.45306234718617,34.789394865523555,34.158771393640954,34.39,221157.752,0.018303843807227955,-0.09999999999652434
2005-09-16,34.36939975247312,34.684715346532506,33.822852722770186,33.97,443262.82080000004,0.025076452599416668,-0.46341463414336853
2005-09-19,34.05037499999788,34.05037499999788,33.461849999997916,33.63,681356.32,0.01728395061731276,-0.7142857142809372
2005-09-20,33.626097866999146,34.004391468002886,33.43695106649728,33.5,184406.672,0.016875000000029127,-0.2222222222181297
2005-09-21,33.42348436502658,33.486547543073804,32.83489470325253,32.94,745753.6339,0.01949685534594132,-0.7419354838666014
2005-09-22,33.000192307690185,33.000192307690185,32.5798076923056,32.79,449139.6,0.012738853503214513,-0.4999999999937991
2005-09-23,32.789999999997896,32.895096153844044,32.53776923076714,32.79,385979.1,0.010897435897466187,5.88594466863432e-12
2005-09-26,32.74777070063486,33.2732484076412,32.684713375794104,33.0,241929.93499999997,0.017971758664984988,0.42857142857426883
2005-09-27,33.18645202833012,33.31255634256064,32.576947842882646,32.64,265620.92689999996,0.02216592780243602,-0.7428571428532761
2005-09-28,32.53776923076714,32.85305769230558,32.411653846151765,32.79,219935.03999999998,0.013565891472898549,0.5714285714320486
2005-09-29,32.99778761061739,33.73340707964389,32.82964601769704,33.25,318604.3588,0.027388535031876812,0.27906976744387135
2005-09-30,33.38040816326318,33.63265306122235,32.58163265305915,32.96,338957.696,0.031486146095746854,-0.39999999999762503
2005-10-10,32.97917307692096,33.25242307692094,32.70592307692098,32.79,249256.8,0.016571064372241245,-0.3461538461493628
2005-10-11,32.78898142216318,32.89407431133678,32.57879564381598,32.81,197903.26779999997,0.009615384615414842,0.06666666667311565
2005-10-12,32.85344805194592,32.97956493506279,32.28592207791998,32.37,519597.54,0.021113243762025963,-0.6969696969656645
2005-10-13,32.344735785951016,32.344735785951016,31.272882943141724,31.42,1032013.5994999999,0.03313840155948407,-0.862745098036451
2005-10-14,31.509385135133005,31.719587837835693,30.8367364864844,31.11,423100.772,0.02801867911944379,-0.45238095237805864
2005-10-17,30.895257731956633,31.6728934707882,30.201690721647402,30.58,739365.234,0.04761904761907862,-0.2142857142841361
2005-10-18,30.437551020406094,30.899999999997895,30.01714285714081,30.9,612660.132,0.02900552486191039,0.523809523811308
2005-10-19,30.896945010181202,31.212219959264687,30.64472505091442,30.96,326808.9126,0.01836734693880725,0.11111111111462006
2005-10-20,30.964677419352757,31.38510752687961,30.964677419352757,31.28,228326.30880000003,0.013577732518701277,0.7500000000032186
2005-10-21,31.279616175460504,31.447786154898463,30.627957505138408,30.67,346177.2218,0.026209677419386013,-0.7435897435862716
2005-10-24,30.667527932958755,30.667527932958755,30.015921787707402,30.1,749699.6856000001,0.02124742974643363,-0.8709677419309211
2005-10-25,30.157263751760922,30.157263751760922,29.232581100138983,29.8,1109972.6812,0.03066202090595554,-0.38636363636094706
2005-10-26,29.389109874824104,30.461244784420693,29.389109874824104,30.23,407500.00860000006,0.03648068669531179,0.7843137254914245
2005-10-27,30.054402730373372,31.084238907847702,29.86524914675564,30.79,940269.23,0.0405594405594723,0.6034482758633027
2005-10-28,30.626119917296307,31.424879393519543,29.42798070296145,30.5,527293.4,0.06520247083050397,-0.0631578947357596
2005-10-31,30.05407407407205,31.420168350166232,30.05407407407205,31.21,303019.7445,0.04545454545457711,0.8461538461547669
2005-11-01,31.19065868263266,31.737125748500883,31.02251497005782,31.59,401682.762,0.022911051212969238,0.5588235294139211
2005-11-02,31.631367924526174,31.946630727760652,31.126947439351007,31.19,305612.8824,0.025913621262489188,-0.5384615384583217
2005-11-03,31.212219959264687,31.485458248470373,30.26639511201424,30.96,277989.56820000004,0.03905723905726994,-0.20689655172224536
2005-11-04,30.895085324229967,31.042204778154876,30.47474402730167,30.79,374584.385,0.018367346938807306,-0.18518518518114624
2005-11-07,30.755331491710585,31.32292817679342,30.061602209942677,30.44,164026.10960000003,0.041011619959019543,-0.24999999999813574
2005-11-08,30.45918749999788,30.52224999999788,30.01774999999791,30.27,179603.28000000003,0.016563146997962002,-0.37499999999508166
2005-11-09,30.264913494807598,30.8533979238733,30.159826989617294,30.37,321386.9295,0.02291666666669888,0.15151515151796038
2005-11-10,30.37053003533354,30.47561837455615,29.487787985863637,29.74,567962.7465,0.03252595155712535,-0.6382978723376502
2005-11-11,29.746270718229994,30.566132596682973,29.451961325964817,30.44,286894.12240000005,0.03745583038872497,0.6226415094352873
2005-11-14,30.268156424578898,30.268156424578898,29.868784916199036,30.1,89648.928,0.013194444444477073,-0.42105263157263995
2005-11-15,30.09748042704412,30.223587188609947,29.487964412809287,29.53,158141.18000000002,0.024441340782155353,-0.7714285714246591
2005-11-16,29.57698016164368,29.64004408522927,28.252637766346197,28.61,604356.4051999999,0.046908315565064244,-0.6969696969676816
2005-11-17,28.54470502548954,28.859999999997896,28.16635105607952,28.86,178952.4264,0.024300441826249197,0.4545454545478341
2005-11-18,28.80035739813947,29.851465332378137,28.379914224444008,29.41,431110.94350000005,0.0510948905109817,0.4142857142868623
2005-11-21,29.38552742615827,30.142236286917708,29.322468354428313,29.89,409475.9916,0.02789699570818762,0.615384615386431
2005-11-22,29.7999999999979,30.052186177712976,29.589844851902004,29.8,128934.76959999999,0.015514809591006325,4.541350009073166e-12
2005-11-23,29.640587823650833,30.061021693489852,29.53547935619108,30.04,96723.43689999999,0.017730496453933844,0.7600000000025466
2005-11-24,30.04021846370471,30.04021846370471,29.241388301618795,29.83,423458.40569999994,0.02659202239331433,-0.2631578947338749
2005-11-25,29.681622377620297,30.059999999997896,29.63958041957834,30.06,123932.09400000001,0.014164305949041847,0.9000000000028603
2005-11-28,30.010155148093794,30.010155148093794,29.631875881521186,29.8,279840.5984,0.012605042016839546,-0.5555555555485354
2005-11-29,29.745912614515166,30.061240310075398,29.61978153629107,29.83,149000.2503,0.014840989399326482,0.19047619048052286
2005-11-30,29.824430107524744,29.950537634406455,29.277964157703995,29.32,114300.02249999998,0.022551092318566945,-0.7499999999957604
2005-12-01,29.236108303246986,29.509342960286677,29.02592779783184,29.11,226774.914,0.016534867002190274,-0.26086956521250604
2005-12-02,29.064690067212165,29.064690067212165,28.013905899923223,28.14,967428.5712000001,0.03615328994941852,-0.8799999999971599
2005-12-05,28.055697674416425,28.18179069767223,27.04695348836999,27.11,1018874.508,0.04044943820228151,-0.8333333333307414
2005-12-06,27.109846153844067,27.48812307692096,26.458369230767193,27.32,1610714.04,0.0379844961240665,0.20408163265490517
2005-12-07,27.266255639095696,27.9599999999979,26.824781954885204,27.96,522218.648,0.04163454124907143,0.6111111111124228
2005-12-08,27.99815709969577,28.271412386704814,27.661842900300027,27.83,499144.95479999995,0.021771771771806687,-0.2758620689616198
2005-12-09,27.83162444113056,28.31510432190549,27.642436661696895,28.21,566562.3392,0.024169184290065357,0.5625000000022924
2005-12-12,28.233067164176997,28.527380597012797,27.8546641791024,28.17,454668.43200000003,0.02382725241998989,-0.09374999999673304
2005-12-13,28.060574712641525,28.333823754787097,27.114712643676082,27.43,513191.25,0.043445692883929146,-0.5172413793081955
2005-12-14,27.40610169491314,27.721355932201252,26.691525423726755,27.28,1266510.3902,0.03757668711659954,-0.12244897958967314
2005-12-15,27.28429107276615,28.16714178544425,27.28429107276615,28.02,1045398.0518000001,0.03235747303547458,0.833333333334767
2005-12-16,27.97485304659298,29.509161290320463,27.953835125446027,29.32,1264328.9549999998,0.055597295266750384,0.8648648648656605
2005-12-19,29.21424418604439,29.21424418604439,28.835930232556045,28.92,517747.1072,0.012949640287803571,-0.7777777777701645
2005-12-20,29.007365439091434,29.70101983002623,28.79716713880816,29.68,675119.5599999999,0.031159420289888596,0.744186046513123
2005-12-21,29.614726123593428,30.161200842694512,29.48861657303164,29.93,472588.4336,0.02271114265439779,0.46875000000242467
2005-12-22,29.909811584087233,30.162037683180028,29.846755059314034,30.12,705373.9014,0.010541110330321207,0.6666666666712305
2005-12-23,30.120189739983825,30.162227687981012,29.531658468023224,29.91,675127.5508,0.02093510118635481,-0.3333333333294674
2005-12-26,29.949854651160614,29.949854651160614,28.835930232556045,28.92,1059752.4064,0.03719298245617245,-0.9245283018840749
2005-12-27,28.90446428571222,29.535107142855033,28.652207142855094,29.43,817063.38,0.030545454545488158,0.5952380952398025
2005-12-28,29.36232914923087,30.18203626220152,29.194184100416376,30.14,705427.62,0.03364352183253106,0.7872340425545213
2005-12-29,30.059771658829412,31.426124916048927,30.059771658829412,31.3,1422974.9109,0.0454545454545771,0.9076923076931844
2005-12-30,31.50810679611432,31.718300970871585,29.952669902910543,30.31,1857038.1704,0.05603735823885583,-0.6785714285698542
2006-01-04,30.291409121849536,31.006126616743973,29.934050374402318,30.88,1078930.4071,0.03539208882723515,0.5490196078445865
2006-01-05,31.048075495047584,33.969999999997896,30.900928217819867,33.97,3375260.5008,0.09884901828032694,0.952054794520922
2006-01-06,33.96545568824425,34.112583280953224,32.57825267127387,33.44,2282835.0539,0.04517326732676081,-0.3424657534230636
2006-01-09,33.439999999997895,33.439999999997895,33.439999999997895,33.44,0.0,2.990430622009668e-14,2.1032064978498966
2006-01-10,33.439999999997895,33.439999999997895,33.439999999997895,33.44,0.0,2.990430622009668e-14,2.1032064978498966
2006-01-11,33.439999999997895,33.439999999997895,33.439999999997895,33.44,0.0,2.990430622009668e-14,2.1032064978498966
2006-01-12,33.439999999997895,33.439999999997895,33.439999999997895,33.44,0.0,2.990430622009668e-14,2.1032064978498966
2006-01-13,33.439999999997895,33.439999999997895,33.439999999997895,33.44,0.0,2.990430622009668e-14,2.1032064978498966
2006-01-16,33.439999999997895,33.439999999997895,33.439999999997895,33.44,0.0,2.990430622009668e-14,2.1032064978498966
2006-01-17,33.439999999997895,33.439999999997895,33.439999999997895,33.44,0.0,2.990430622009668e-14,2.1032064978498966
2006-01-18,33.439999999997895,33.439999999997895,33.439999999997895,33.44,0.0,2.990430622009668e-14,2.1032064978498966
2006-01-19,33.439999999997895,33.439999999997895,33.439999999997895,33.44,0.0,2.990430622009668e-14,2.1032064978498966
2006-01-20,33.439999999997895,33.439999999997895,33.439999999997895,33.44,0.0,2.990430622009668e-14,2.1032064978498966
2006-01-23,33.439999999997895,33.439999999997895,33.439999999997895,33.44,0.0,2.990430622009668e-14,2.1032064978498966
2006-01-24,35.30829694322924,35.30829694322924,32.97542732376588,33.69,11237328.478600001,0.066071428571455,-0.6936936936924962
2006-01-25,33.65591277258358,33.84510903426581,33.109345794390464,33.74,3066397.7610000004,0.021861336664613786,0.11428571428841336
2006-02-06,33.946310193869046,34.303639774857146,33.33674796747759,33.61,2116134.5088,0.02848297213625159,-0.3478260869539871
2006-02-07,33.63387297633664,33.80204234121832,33.10834371108138,33.76,6969270.886599999,0.020625000000028898,0.18181818182094228
2006-02-08,33.7599999999979,33.7599999999979,33.7599999999979,33.76,0.0,2.962085308056968e-14,2.0961010704922955
2006-02-09,33.7599999999979,33.7599999999979,33.7599999999979,33.76,0.0,2.962085308056968e-14,2.0961010704922955
2006-02-10,33.7599999999979,33.7599999999979,33.7599999999979,33.76,0.0,2.962085308056968e-14,2.0961010704922955
2006-02-13,33.7599999999979,33.7599999999979,33.7599999999979,33.76,0.0,2.962085308056968e-14,2.0961010704922955
2006-02-14,33.7599999999979,33.7599999999979,33.7599999999979,33.76,0.0,2.962085308056968e-14,2.0961010704922955
2006-02-15,33.7599999999979,33.7599999999979,33.7599999999979,33.76,0.0,2.962085308056968e-14,2.0961010704922955
2006-02-16,33.7599999999979,33.7599999999979,33.7599999999979,33.76,0.0,2.962085308056968e-14,2.0961010704922955
2006-02-17,33.7599999999979,33.7599999999979,33.7599999999979,33.76,0.0,2.962085308056968e-14,2.0961010704922955
2006-02-20,33.7599999999979,33.7599999999979,33.7599999999979,33.76,0.0,2.962085308056968e-14,2.0961010704922955
2006-02-21,33.7599999999979,33.7599999999979,33.7599999999979,33.76,0.0,2.962085308056968e-14,2.0961010704922955
2006-02-22,33.7599999999979,33.7599999999979,33.7599999999979,33.76,0.0,2.962085308056968e-14,2.0961010704922955
2006-02-23,33.7599999999979,33.7599999999979,33.7599999999979,33.76,0.0,2.962085308056968e-14,2.0961010704922955
2006-02-24,33.7599999999979,33.7599999999979,33.7599999999979,33.76,0.0,2.962085308056968e-14,2.0961010704922955
2006-02-27,33.7599999999979,33.7599999999979,33.7599999999979,33.76,0.0,2.962085308056968e-14,2.0961010704922955
2006-02-28,33.7599999999979,33.7599999999979,33.7599999999979,33.76,0.0,2.962085308056968e-14,2.0961010704922955
2006-03-01,33.7599999999979,33.7599999999979,33.7599999999979,33.76,0.0,2.962085308056968e-14,2.0961010704922955
2006-03-02,29.50993265993018,31.960757575754883,29.409898989896515,29.71,5388108.66,0.08644067796613254,0.07843137254996849
2006-03-03,30.52003284071999,31.27052545155737,30.069737274217566,30.47,4437090.6888,0.03934426229511344,-0.04166666666454809
2006-03-06,30.515211970072276,30.690299251867774,29.889900249374072,30.09,1917468.0758999998,0.026229508196753314,-0.5312499999962088
2006-03-07,30.090227848098728,30.39037974683288,29.564962025313964,29.64,1888829.328,0.02743142144641635,-0.5454545454508554
2006-03-08,29.71973421926664,30.27009966777158,29.644684385379602,30.12,1468491.4692,0.02104377104380405,0.6400000000029656
2006-03-09,30.24504975124127,30.395149253728825,29.819767827526547,30.17,1080538.614,0.01902398676595479,-0.13043478260411484
2006-03-10,30.215037344395828,30.490174273856386,30.114987551864715,30.14,1154492.6660000002,0.012417218543079079,-0.19999999999278548
2006-03-13,30.140024937653358,30.46518703241642,30.0899999999975,30.09,1085003.7449999999,0.012448132780115747,-0.13333333332631986
2006-03-14,30.239901396875084,30.565061626949014,30.239901396875084,30.44,1389838.2183,0.010752688172075869,0.6153846153904089
2006-03-15,30.445115702476826,30.570198347104917,29.969801652890087,30.27,1535799.155,0.01972062448647437,-0.29166666666201957
2006-03-16,30.14511686143321,30.270200333887285,29.86993322203423,29.97,1616734.7836000002,0.013278008298787895,-0.43749999999265843
2006-03-17,29.965012531325815,30.06506265663909,29.73989974937095,29.94,1312015.8996,0.010851419031752445,-0.07692307691513757
2006-03-20,30.020134228185402,30.020134228185402,29.644882550333083,29.82,2131640.8456,0.012500000000032934,-0.533333333325245
2006-03-21,29.82003361344287,29.945117647056307,29.694949579829434,29.77,1437029.839,0.008389261744999817,-0.19999999998919146
2006-03-22,29.760067681892572,29.835093062603224,29.384940778339303,29.56,2360724.5598000004,0.015126050420201181,-0.4444444444378966
2006-03-23,29.63992443324688,29.815012594455933,29.314760705287213,29.79,1958042.8266,0.016877637130834715,0.3000000000044064
2006-03-24,29.765269461075302,29.765269461075302,29.114935842598026,29.24,1648510.0058,0.02184873949583121,-0.8076923076872274
2006-03-27,29.214885301611794,29.51503823279274,29.014783347491168,29.44,1582239.4521999997,0.017123287671266543,0.4500000000040973
2006-03-28,29.435042662113528,29.535076791806354,29.10993174061185,29.31,1968747.2820000001,0.014443500424842394,-0.2941176470522468
2006-03-29,29.315064267349676,29.390102827760977,29.08994858611576,29.19,1854401.2776,0.010238907849863053,-0.4166666666569537
2006-03-30,29.1851302083308,29.235147569441907,28.759982638886395,28.81,1756719.9359999998,0.01628106255358973,-0.7894736842036111
2006-03-31,28.810140845067885,28.810140845067885,28.3849911971806,28.41,3017161.6991999997,0.014756944444478573,-0.9411764705801392
2006-04-03,28.40991273996261,28.785043630014936,28.40991273996261,28.66,1598695.0974,0.013204225352147493,0.6666666666715695
2006-04-04,28.70984562606958,29.485111492278772,28.58480274442293,29.16,1792679.0596,0.031358885017455394,0.5000000000022208
2006-04-05,29.165038693032745,29.215064488389576,28.789845227856507,29.09,1768477.6873,0.014579759862812576,-0.17647058822899422
2006-04-06,29.090051768763665,29.440232959445254,28.8149094046567,28.99,1665763.3621,0.02149613069650819,-0.15999999999574285
2006-04-07,28.985078260867045,28.985078260867045,28.50991304347578,28.76,2352030.945,0.01639344262298481,-0.47368421052005133
2006-04-10,28.759829059826604,29.385042735040226,28.60977777777533,29.26,2514055.869,0.0269565217391644,0.6451612903249702
2006-04-11,29.264710813073826,30.540352053643716,29.264710813073826,29.84,3287142.4519,0.04358974358977644,0.4509803921584675
2006-04-12,29.844949832773423,30.270234113709844,29.8199331103654,29.92,2228310.5364,0.015088013411600432,0.16666666667185875
2006-04-13,29.91011844331388,30.11018612520895,29.509983079523728,29.56,1297732.1022,0.020066889632139612,-0.5833333333281988
2006-04-14,29.509983079523728,29.710050761418803,29.15986463620734,29.56,1886396.3520000002,0.018644067796643474,0.0909090909134722
2006-04-17,29.509966216213726,29.960118243240714,29.35991554053806,29.61,2166195.2512,0.020338983050880683,0.1666666666705502
2006-04-18,29.55994949494701,30.060117845115315,29.43490740740493,29.71,1485434.2140000002,0.021150592216615215,0.24000000000361316
2006-04-19,29.769572368418608,30.67016447368169,29.769572368418608,30.42,2928381.1712,0.030252100840368685,0.7222222222241969
2006-04-20,30.344950657892245,30.67016447368169,30.069769736839632,30.42,2214123.9296,0.019785655399867524,0.12500000000395536
2006-04-21,30.290150125101725,30.390200166803137,29.589799833191858,29.99,1952762.5007,0.026424442609445944,-0.37499999999640443
2006-04-24,30.010204081630103,30.260289115643687,29.30996598639207,29.41,2016605.5056,0.03166666666669888,-0.6315789473651282
2006-04-25,29.315168248487545,29.340181190679086,28.91496117342287,28.99,2226920.1009,0.014505119453958425,-0.7647058823452624
2006-04-26,28.99403119868399,30.7451806239712,28.99403119868399,30.47,4558997.751,0.06039689387406165,0.8428571428580902
2006-04-27,30.519999999997502,30.770163934423714,30.069704918030325,30.52,1680446.2999999998,0.022950819672163263,3.565601495220843e-12
2006-04-28,30.26980360065219,30.87019639934281,29.81950900163422,30.57,1675047.0906000002,0.034710743801684825,0.28571428571639323
2006-05-08,30.38987755101793,30.765061224487287,29.814595918364915,30.64,3982432.2475,0.031275720164640926,0.2631578947391963
2006-05-09,30.61446808510397,32.16520094562394,30.589456264773002,31.74,5290378.515,0.05147058823532496,0.7142857142868505
2006-05-10,31.715326349715408,31.715326349715408,30.514746172439114,31.04,3272458.3007000005,0.03785488958993572,-0.5624999999974437
2006-05-11,31.04517886178609,31.69560162601368,30.5948861788593,30.77,4456760.8440000005,0.03545527800164257,-0.24999999999749897
2006-05-12,30.714447058821122,32.39023529411511,30.489341176468198,31.89,3875569.815,0.061889250814362806,0.6184210526325687
2006-05-15,32.01978361668995,32.445046367849116,31.419412673877012,32.37,4561809.4994,0.032031250000030355,0.34146341463625146
2006-05-16,32.2694864048314,34.22066465256539,31.519033232626015,33.12,7008286.832,0.08372093023258659,0.31481481481562384
2006-05-17,33.21538223937967,33.76563706563446,31.814733590731134,32.39,3398550.344,0.05873493975906448,-0.42307692307542244
2006-05-18,32.244383458644194,33.77030075187716,31.91918796992241,33.27,4021246.0890000006,0.05740884406519599,0.5540540540551072
2006-05-19,33.26481069042069,34.14020044543176,33.08973273941847,33.69,3587344.9476000005,0.03157894736845021,0.4047619047639021
2006-05-22,33.98959198281789,35.5902791696467,33.389334287757094,34.94,5190360.853700001,0.06475349521709885,0.43181818181912324
2006-05-23,34.77096530919799,34.77096530919799,33.14498491704124,33.17,3084019.0212,0.046762589928085185,-0.9846153846132403
2006-05-24,33.21526436781354,34.01563218390544,32.26482758620442,32.64,2326750.1415,0.052710843373522644,-0.32857142856980676
2006-05-25,32.56981735159569,32.895015220697644,31.91942161339178,32.87,1877490.8982000002,0.029953917050721104,0.3076923076945599
2006-05-26,32.87021538461286,33.04532307692054,32.369907692305205,32.52,2044029.2599999998,0.020547945205509295,-0.5185185185140505
2006-05-29,32.969497041417675,33.94507396449453,32.519230769228365,33.82,2247182.184,0.043247344461334075,0.5964912280715143
2006-05-30,33.99015613382647,34.01516728624282,33.1397769516704,33.64,1585441.077,0.02575423105227287,-0.3999999999966843
2006-05-31,33.62048780487549,33.62048780487549,32.519817073168255,32.82,1900211.584,0.03273809523812399,-0.7272727272697953
2006-06-01,32.519519519517075,33.77027027026773,32.519519519517075,33.32,1944230.7563999998,0.03846153846156796,0.6400000000014918
2006-06-02,33.395227272724746,33.4702727272702,32.74483333333085,33.02,1621397.8439999998,0.021722846441977084,-0.5172413793061784
2006-06-05,32.96467706013118,33.91510022271463,32.81461024498642,33.69,1815072.6668999998,0.03338391502279126,0.6590909090925801
2006-06-06,33.839142857140494,37.065491289196025,33.76411149825549,35.89,8248517.0425,0.09756097560978279,0.6212121212126921
2006-06-07,35.895797101446675,36.27101449275099,34.1697971014468,34.52,3297149.8200000003,0.058536585365879905,-0.6547619047604013
2006-06-08,34.39412378302959,36.72041724617269,34.269054242000394,35.97,7491728.350000001,0.07127272727275434,0.6428571428579021
2006-06-09,36.04002084780848,36.66528144544568,35.08962473939992,35.99,3901226.852,0.043719639139512996,-0.031746031744424606
2006-06-12,35.97054285714029,35.97054285714029,34.51971428571182,35.02,1920667.56,0.040333796940221364,-0.6551724137909258
2006-06-13,35.01531728664952,35.64059080962541,33.96485776805004,34.29,3463370.0214,0.04785714285717005,-0.43283582089376904
2006-06-14,34.0941971830962,35.770140845067914,33.343774647884985,35.52,3394808.9099999997,0.07116654438740805,0.5876288659801676
2006-06-15,35.52031473533365,35.64538626609187,34.64481402002613,34.97,1207950.1482,0.028169014084534406,-0.5499999999969467
2006-06-16,34.76977240398046,35.49518492176134,34.54464438122087,35.17,993534.1528000002,0.027338129496430847,0.4210526315811337
2006-06-19,34.9697736916524,35.64515558698474,34.644589816122014,35.37,1106984.6844000001,0.02861230329044262,0.40000000000210556
2006-06-20,35.19515759312069,35.19515759312069,34.39469914039868,34.92,1598014.0432000002,0.02274342572852829,-0.34374999999644373
2006-06-21,35.02020202019949,35.07023088022835,34.419855699853215,34.67,980846.8361999999,0.018571428571456657,-0.5384615384568565
2006-06-22,34.765054151622046,35.115205776170754,34.53995667869787,34.64,1101716.2550000001,0.01654676258995639,-0.21739130434311105
2006-06-23,34.96971791255042,35.97028208744457,34.7696050775716,35.47,1545363.9092,0.03433476394852547,0.4166666666684047
2006-06-26,35.764968597345735,36.04008374040224,35.2647592463339,35.84,1307699.1965,0.021678321678349082,0.0967741935514787
2006-06-27,35.870168776368786,35.895182841066394,34.969662447254926,35.57,1532854.0008,0.025801952580222404,-0.32432432432127134
2006-06-28,35.52011331444508,35.77025495750455,35.09487252124397,35.32,775396.4112,0.01901408450706991,-0.29629629629215276
2006-06-29,35.3199999999975,35.3199999999975,35.3199999999975,35.32,0.0,2.8312570781428156e-14,2.5011104298755527
2006-06-30,35.739875086742835,36.4651769604416,35.33970853573662,36.04,2302344.6369,0.03149055283417674,0.26666666666865285
2006-07-03,36.144931034480265,36.47011034482507,35.74471034482512,36.27,1918956.9699999997,0.020069204152276265,0.17241379310666358
2006-07-04,36.53983750846062,37.715314827350184,36.514827352739566,36.94,3966688.8030000003,0.03285420944561175,0.33333333333514104
2006-07-05,36.865071574639614,37.01513292433285,35.81464212678692,36.69,1742249.2491,0.03256445047492452,-0.14583333333113077
2006-07-06,36.639758226995525,37.49010073874832,36.51470785762011,37.24,1219949.4631,0.026621160409582866,0.6153846153865504
2006-07-07,37.795309139782404,37.89536290322326,37.01989247311579,37.22,1621396.0752,0.023163467902077507,-0.6571428571392469
2006-07-10,37.170272851293504,37.170272851293504,36.41986357434949,36.67,1210846.0718,0.02018842530285268,-0.666666666662439
2006-07-11,37.015071283093214,37.490264765781575,36.16472505091405,36.84,1038453.8052000001,0.03581081081083678,-0.1320754716961271
2006-07-12,36.840290657436896,36.89031141868257,36.039958477506154,36.14,1231929.1145,0.023082145281764627,-0.8235294117607883
2006-07-13,36.090583153345136,36.36570194384187,34.63995680345323,34.74,2276625.0321000004,0.04781704781707405,-0.7826086956502738
2006-07-14,34.519799139165386,35.14515781922273,34.519799139165386,34.87,991312.9896,0.018115942029014006,0.560000000003099
2006-07-17,35.090129403304445,35.090129403304445,34.38982746225489,34.79,1263338.7493999999,0.019957234497533227,-0.42857142856723934
2006-07-18,34.89024034959688,34.89024034959688,34.214945375088554,34.34,541819.9876999999,0.019354838709705495,-0.814814814809906
2006-07-19,34.39017660043898,34.51523178807694,33.764900662249175,33.99,1022092.8921,0.021818181818210373,-0.5333333333292923
2006-07-20,33.79457971014248,34.6450724637656,33.79457971014248,34.52,1032209.2260000001,0.025166543301287033,0.8529411764725348
2006-07-21,34.51957446808266,35.34504255318899,34.39450354609685,35.27,861436.68,0.027536231884086375,0.7894736842123227
2006-07-24,34.84484330484082,35.170028490025985,34.39458689458444,35.12,406658.2104,0.022254127781794086,0.3548387096801848
2006-07-25,35.020057306587745,35.520343839539,34.894985673349936,34.92,738406.522,0.017857142857170886,-0.15999999999573467
2006-07-26,34.989747013349614,35.66503162332848,34.764652143356656,35.59,950078.757,0.025732666190163594,0.6666666666687093
2006-07-27,35.5401924447587,35.91535281539303,34.61479686386069,35.09,1010826.2847000001,0.0365939479240243,-0.3461538461516613
2006-07-28,34.88997852540909,35.1400858983511,34.714903364349695,34.94,1053868.1615,0.012186379928343918,0.11764705882914499
2006-07-31,34.91529583637437,34.91529583637437,34.01490138787187,34.24,834282.4269,0.02578796561607389,-0.7499999999963853
2006-08-01,34.24546337817382,34.27047832585692,33.1448056801171,33.47,777891.5244,0.032870708546412254,-0.6888888888860544
2006-08-02,33.289955056177284,33.76516853932331,33.26494382022223,33.39,793122.966,0.01502629601806107,0.20000000000459733
2006-08-03,33.39531963470065,33.420334855400796,32.744923896496736,32.87,538342.9092,0.020224719101152977,-0.777777777772915
2006-08-04,33.01503416856241,33.49025056947354,32.76492027334603,32.94,456011.1183,0.021969696969726657,-0.10344827585847406
2006-08-07,32.745045941804534,33.07024502296837,32.294770290962305,32.67,517385.7436,0.023682200152818238,-0.09677419354503024
2006-08-08,32.76480783722436,33.440113036922874,32.66476262245421,33.19,381380.5962,0.023664122137434178,0.5483870967767112
2006-08-09,33.194865269458596,33.44501497005738,32.79462574850054,33.42,371315.816,0.01959306706860521,0.3461538461571595
2006-08-10,33.394925373131834,33.695104477609426,33.169791044773646,33.52,381812.23000000004,0.015730337078681114,0.23809523809955827
2006-08-11,33.545165413531315,33.545165413531315,32.9698195488697,33.27,222934.866,0.017151379567516334,-0.4782608695600347
2006-08-14,33.340090566035215,33.54018113207294,32.66478490565791,33.14,409355.4375,0.02625656414106444,-0.22857142856830479
2006-08-15,32.91952522254948,33.77002967358799,32.91952522254948,33.72,516306.3768000001,0.02583586626142771,0.9411764705900774
2006-08-16,33.74015730336826,33.76516853932331,33.26494382022223,33.39,313224.2415,0.014825796886611783,-0.6999999999935979
2006-08-17,33.46526235741191,33.51528517110012,32.83997718630929,32.89,479462.80750000005,0.0201793721973388,-0.8518518518468892
2006-08-18,32.89002284843619,33.24018278750699,32.564874333584726,32.84,272180.3045,0.020532319391664722,-0.07407407407026151
2006-08-21,32.563955623562926,33.247115531749564,32.38684009181084,33.07,631645.5223,0.02641802641805631,0.5882352941199046
2006-08-22,33.09161676646459,33.79999999999747,33.09161676646459,33.8,909253.4103999999,0.02140672782877565,1.0000000000021592
2006-08-23,33.75180722891312,33.8783132530095,33.39759036144327,33.6,399665.9824,0.0142428785607489,-0.31578947367828936
2006-08-24,33.39503649634792,34.71059854014345,33.39503649634792,34.66,592954.0839999999,0.039393939393968354,0.961538461539652
2006-08-25,34.410603829158,34.63832106038036,34.18288659793563,34.36,590484.8809999999,0.013235294117675649,-0.11111111110531997
2006-08-28,34.437574872166955,34.918334550764435,34.108634039442364,34.64,758579.328,0.023512123438676303,0.2500000000028131
2006-08-29,34.64243938280421,35.27506245407529,34.414695077146625,34.44,805506.489,0.02483564645729619,-0.23529411764384528
2006-08-30,34.78597785977603,35.1148634686321,32.50907749077251,34.28,599762.1595000001,0.0749090909091176,-0.19417475728050806
2006-08-31,34.437574872166955,34.918334550764435,34.31105916727288,34.64,662118.2189999999,0.017634092579014538,0.3333333333369459
2006-09-01,34.53663440059311,34.89085629188124,33.929396872670594,33.98,504373.3196,0.027838827838855912,-0.5789473684178222
2006-09-04,33.90636094674306,34.33651627218681,33.83045118342945,34.21,519858.196,0.01492537313435744,0.60000000000381
2006-09-05,34.203582089549684,34.22888059701236,33.87470149253478,33.9,414152.862,0.010355029585827607,-0.8571428571333037
2006-09-06,33.94999999999747,34.17768256333576,33.72231743665919,33.95,553765.9666,0.01341281669153428,5.55495357706004e-12
2006-09-07,34.02890390390135,34.155405405402846,33.548198198195685,33.7,372918.042,0.017843866171032546,-0.5416666666616083
2006-09-08,33.601815431162365,33.77893343418807,33.348789712554215,33.45,568000.0762,0.012801204819306444,-0.35294117646389095
2006-09-11,33.45366412213485,33.554885496180646,33.02347328244023,33.15,864437.036,0.01588502269291896,-0.5714285714227418
2006-09-12,33.14861006761584,34.16078136739037,33.14861006761584,33.68,792233.9601,0.030534351145067404,0.5250000000019812
2006-09-13,33.80574814814564,34.6913777777752,33.70453333333083,34.16,1187493.615,0.02919161676649582,0.3589743589765603
2006-09-14,34.156505576205646,34.23240892193054,33.903494423789304,34.03,743473.2289999999,0.00962962962965857,-0.38461538460654304
2006-09-15,34.15376495425516,36.22828993666177,34.05256861364996,35.95,3234355.7204,0.06370370370373102,0.8255813953496243
2006-09-18,36.05007102272471,36.556036931815584,35.41761363636112,35.62,1368382.9631999999,0.03157894736844795,-0.377777777775222
2006-09-19,35.68018664752077,36.00915290739153,35.17408470925807,35.25,724028.8839,0.023404255319176257,-0.5151515151478699
2006-09-20,35.16589762076171,35.545385724582886,35.03940158615465,35.09,818642.2137,0.014388489208661294,-0.14999999999470995
2006-09-21,35.143493543756456,35.70012195121696,35.067589670011834,35.27,1086052.5752,0.017998560115218807,0.20000000000367163
2006-09-22,35.423021582731266,35.423021582731266,34.91697841726368,35.17,1135362.1469999999,0.01428571428574207,-0.4999999999940133
2006-09-25,35.14129385964656,35.4448903508746,34.104005847950724,34.61,1351790.568,0.0381569474442318,-0.39622641509216205
2006-09-26,34.59016296296039,34.59016296296039,34.05878518518266,34.16,1048160.655,0.015362106803247087,-0.8095238095175195
2006-09-27,34.00171217711926,34.45709225091996,33.95111439114141,34.28,536378.647,0.014880952380981157,0.5500000000039278
2006-09-28,34.18228676470336,34.536507352938635,34.0557794117622,34.41,637698.5599999999,0.014063656550731952,0.4736842105306009
2006-09-29,34.41152737751913,35.17060518731735,34.41152737751913,35.12,763586.1308,0.022058823529440323,0.9333333333354362
2006-10-09,35.16999999999747,35.90376258992548,34.91697841726368,35.17,1702019.555,0.02805755395686217,2.563409719554085e-12
2006-10-10,35.17075127643798,35.449080962798284,34.66469730123744,34.69,965506.3221,0.02230215827340904,-0.612903225802441
2006-10-11,34.70887417218288,34.83536423840803,34.22821192052728,34.38,614217.8528999999,0.017492711370290803,-0.5416666666616078
2006-10-12,34.35640875912158,35.01418978101934,34.15401459853765,34.66,829378.409,0.02503681885128025,0.3529411764731167
2006-10-13,34.617372577169085,35.300610193823736,34.617372577169085,35.25,564006.7552,0.019736842105291415,0.9259259259282796
2006-10-16,35.17384276267192,35.37628214547866,34.414695077146625,34.44,421270.1939,0.02733812949643049,-0.7631578947334179
2006-10-17,34.51513043478011,35.09713043478006,34.51513043478011,34.92,428802.98400000005,0.01686217008800482,0.6956521739162004
2006-10-18,34.79121079503757,35.12014587891793,34.61409190371738,34.69,786395.1804000001,0.014545454545483,-0.1999999999945922
2006-10-19,34.716358381500385,35.29833815028647,34.6657514450842,35.02,947228.6992,0.01822157434405175,0.48000000000323767
2006-10-20,35.32107877927358,35.95361958835799,34.941554293822925,35.65,1524869.3968,0.028653295128967422,0.3250000000021747
2006-10-23,35.67773019271694,36.360920770875346,35.14635974303818,35.45,940048.0236,0.03404255319151618,-0.1874999999977644
2006-10-24,35.4014646110697,36.38835318850481,35.17372109320006,36.11,1268707.3136999998,0.034310221586875043,0.5833333333349355
2006-10-25,36.10817864619427,37.29744591765267,36.05757152825987,36.26,2668363.6492999997,0.03433777154873032,0.12244897959377858
2006-10-26,36.15206850234814,37.745896574879936,36.15206850234814,37.67,2183660.192,0.044086773967836064,0.9523809523819435
2006-10-27,37.600303030300545,38.91606060605804,37.600303030300545,38.41,2748012.0228,0.03499327052492488,0.6153846153860723
2006-10-30,37.95569620252924,40.10651898733923,37.95569620252924,39.98,1827787.608,0.05666666666669149,0.9411764705889751
2006-10-31,39.976507936505406,40.20422222221968,39.34396825396576,39.85,1571237.64,0.021518987341796646,-0.14705882352630717
2006-11-01,39.973596938772964,40.4289923469362,39.1134056122424,39.67,967012.2559999999,0.032911392405087524,-0.23076923076713302
2006-11-02,39.59954838709422,39.979096774190964,38.96696774193297,39.22,1562255.695,0.025559105431334415,-0.37499999999712935
2006-11-03,39.22088607594688,40.35955696202275,39.17027848101017,39.98,892291.254,0.030322580645185917,0.6382978723420207
2006-11-06,39.97786357786101,39.97786357786101,38.91516087515838,39.32,1038069.2028000001,0.026582278481036902,-0.6190476190446603
2006-11-07,39.46750788643284,40.454195583593666,38.83501577286821,40.1,1365809.399,0.041025641025665464,0.39062500000132067
2006-11-08,39.97893447642132,42.1043968156741,39.67529699938521,41.32,3398333.2576999995,0.06075949367090955,0.5520833333341434
2006-11-09,40.834595588232794,42.30200980391898,40.834595588232794,41.29,1539764.4192,0.03593556381662828,0.3103448275877177
2006-11-10,41.365499999997425,42.099199999997374,40.25229999999749,40.48,1811288.48,0.04464831804283653,-0.4794520547928985
2006-11-13,40.205585585583,41.31889317889052,39.26939510939258,39.32,945859.8156,0.05097545626182343,-0.4320987654306552
2006-11-14,38.96133415688456,41.44069178504994,38.96133415688456,40.96,1723157.2317000001,0.06363636363638767,0.8061224489802872
2006-11-15,40.95999999999748,40.95999999999748,40.95999999999748,40.96,0.0,2.4414062500000907e-14,2.5224267119483557
2006-11-16,42.021274390241345,43.893384146338796,41.46470121950968,41.49,3046375.44,0.05779650812765633,-0.2187499999988696
2006-11-17,41.48999999999747,41.48999999999747,41.48999999999747,41.49,0.0,2.4102193299591148e-14,2.5295321393059567
2006-11-20,42.9093992932837,45.03462897526237,42.50459363957348,42.96,1573699.0986000001,0.058962264150965234,0.020000000000989986
2006-11-21,42.763589449538834,44.15530389908004,42.384030963300326,44.13,2195584.5584,0.041420118343217634,0.7714285714295657
2006-11-22,44.15060240963602,45.592771084334736,43.41686746987703,44.1,1657207.6227,0.04928366762179794,-0.023255813952314706
2006-11-23,44.274480712163545,44.78047477744541,42.45290207714882,42.63,2572016.5205,0.05257142857144984,-0.7065217391290449
2006-11-24,42.53132530120225,42.632530120479366,41.59518072288906,42.0,1239183.526,0.024390243902462097,-0.5121951219482784
2006-11-27,42.09709112854303,42.198286059140486,41.00924562462035,41.92,1917438.1465,0.0282451923077152,-0.14893617021051586
2006-11-28,41.84819277108181,42.860240963852846,41.64578313252761,42.0,1049321.8560000001,0.029020556227351037,0.12500000000198283
2006-11-29,41.74851895734351,43.140136255921625,41.368986966822206,42.71,1701284.7288,0.04242424242426531,0.5428571428582613
2006-11-30,42.7353021326989,43.570272511845765,41.95093601895486,42.71,2399605.4336,0.03789224393134288,-0.01562499999843218
2006-12-01,42.78085470085227,44.4758974358949,42.704957264954835,44.4,2659086.8460000004,0.04139562389121094,0.9142857142866263
2006-12-04,44.53060295790419,45.71977246871186,44.27758816837064,44.48,2292187.8137999997,0.03238636363638542,-0.03508771929647882
2006-12-05,44.781408775978946,45.54041570438537,43.31399538105986,43.82,2299002.9348000004,0.049717514124314986,-0.43181818181685466
2006-12-06,43.77026419336461,45.44011242270684,42.884738617198266,45.01,3885034.4594999994,0.058381502890194996,0.4851485148522796
2006-12-07,45.013358695649735,47.83782608695393,44.580782608693234,46.82,3217766.6079999995,0.07235726399097606,0.5546875000006076
2006-12-08,45.795778665142855,46.55904164289524,43.81129492298666,44.6,2172416.1186,0.06000000000002064,-0.4351851851841004
2006-12-11,44.01718403547429,46.128991130817845,44.01718403547429,45.9,1834923.2659999998,0.04797687861273825,0.8915662650610213
2006-12-12,46.08348214285457,46.516071428568836,44.912946428568915,45.6,1169256.7040000001,0.03478741027058991,-0.3015873015855232
2006-12-13,45.77343258426709,47.09651123595241,45.035561797750276,45.29,1517067.834,0.0450250138966302,-0.23456790123321927
2006-12-14,45.575277149318694,45.677064479635426,44.379276018097045,44.99,3906807.5904,0.028475711892818487,-0.45098039215455904
2006-12-15,45.06435999999743,45.29337142856885,43.97019428571178,44.53,4693261.65,0.029361942405442255,-0.4038461538439267
2006-12-18,44.67708045976755,45.287701149422695,43.81203448275611,44.27,3101199.3899999997,0.033029612756285916,-0.275862068963607
2006-12-19,44.32613861385895,46.259999999997454,43.9699009900966,46.26,6636993.1434,0.05166475315731169,0.8444444444451871
2006-12-20,46.187000562743606,46.187000562743606,44.838289251545035,45.22,3073902.579,0.02920110192839561,-0.7169811320730581
2006-12-21,45.21041436463838,46.584281767953215,44.574364640881505,46.05,2408039.747,0.04445694991560915,0.4177215189884011
2006-12-22,45.804798255177445,47.35707197382512,45.06683206106626,46.67,2660895.0298,0.050000000000020556,0.3777777777787224
2006-12-25,46.76568047337027,47.78343195266016,46.58757396449454,47.3,1932829.4414000001,0.02557127312298067,0.4468085106400464
2006-12-26,47.043276525560906,47.043276525560906,45.542166025286114,46.28,1340826.5551,0.03190914007573713,-0.5084745762691498
2006-12-27,46.0575987019986,47.075446187125635,45.34510546240967,47.05,2113674.5503,0.03756906077350147,0.5735294117658392
2006-12-28,47.24988624051748,47.24988624051748,45.54512459371367,46.97,2712876.6158000003,0.036079698438361854,-0.1641791044760233
2006-12-29,46.31327340031484,50.00306716023003,46.31327340031484,48.12,3288060.2104,0.07967032967034947,0.4896551724143503
2007-01-04,48.60344483274845,52.92940589116061,48.52710434348235,50.97,4759357.9444,0.0905759162303852,0.5375722543357148
2007-01-05,50.61242967991995,53.97132395732037,50.383414161006286,52.47,2255339.5122,0.0708898944193246,0.5177304964544657
2007-01-08,52.516214634143786,54.42450731707052,51.44757073170481,52.16,1901590.865,0.05668604651164596,-0.11965811965722785
2007-01-09,52.36673654120761,54.32603620771538,52.18861838970691,53.41,1282144.1342999998,0.04081632653063054,0.48809523809619754
2007-01-10,53.66692810457283,58.52723311546587,53.66692810457283,58.4,2169935.352,0.09056424845900227,0.9738219895291168
2007-01-11,58.01546218487152,62.59563025209822,57.302991596636254,60.56,2725246.37,0.09122807017545428,0.4807692307696201
2007-01-12,60.533204283358295,63.61202635914071,59.795304777592264,61.78,2912697.7552,0.06305170239598017,0.3266666666672488
2007-01-15,61.780212244895445,63.4595755102015,60.711526530609774,62.34,1897253.54,0.04448105436574865,0.20370370370455368
2007-01-16,62.59310631228978,65.39198504983118,60.55755813953238,61.27,2319881.8888,0.07723577235773818,-0.2736842105257362
2007-01-17,61.574873096444094,62.84708121827145,59.66656091370306,60.15,4984701.795600001,0.051652892561998814,-0.4479999999990595
2007-01-18,59.53634105960018,62.33505794701729,59.18014072847438,61.47,2271143.1632000003,0.05299145299146885,0.6129032258070646
2007-01-19,60.83586947870828,64.80508555511084,60.83586947870828,63.94,2666084.9236,0.0652446675031522,0.7820512820517247
2007-01-22,63.993840304180075,67.04722433459821,63.026935361214335,66.92,2678058.253,0.06282306163023332,0.7278481012662753
2007-01-23,66.7878426698424,66.7878426698424,63.047723480331236,64.04,2666652.7656,0.05600000000001406,-0.7346938775501443
2007-01-24,63.868818071800575,64.8866478418691,62.54563937071147,63.08,4085087.5788,0.03665338645419843,-0.33695652173790175
2007-01-25,62.85117952818621,65.75200319871787,62.3422630947596,63.64,3535898.794,0.05425101214576388,0.23134328358276987
2007-01-26,62.59322816467632,66.66433243554957,61.575452096958,66.13,3924036.2146,0.08130081300814467,0.6950000000003623
2007-01-29,66.13297029702717,67.43069306930435,64.75891089108663,66.82,3763727.6300000004,0.040400153905362814,0.25714285714371526
2007-01-30,66.30938850237764,70.27879165140718,65.90227023068232,69.49,3246049.3946999996,0.06600153491943093,0.7267441860469266
2007-01-31,68.95197342711728,69.2064087534166,64.72834701054848,65.11,2452582.4496,0.06494464944650785,-0.8579545454537896
2007-02-01,64.37331999999743,65.11119599999739,61.09104399999756,63.61,2877114.75,0.062450592885389955,-0.18987341772084168
2007-02-02,65.21575722543102,68.06560693641357,63.994393063581356,66.03,5153717.748,0.062426843542737816,0.20000000000057427
2007-02-05,66.71509136212349,67.27486710963177,61.14277823920013,61.27,3858885.016,0.09191456903128742,-0.8879668049786951
2007-02-06,61.300180995472594,62.29258741258486,55.1421719456991,61.86,6453005.630499999,0.1166459111664735,0.07829181494696368
2007-02-07,62.34438040345566,63.84573487031438,60.56311239192836,61.81,3182265.6915,0.05265306122450485,-0.16279069767359736
2007-02-08,62.0832880961589,66.53598293912111,61.854292361377986,65.62,2376107.7489,0.07540983606558858,0.7554347826090778
2007-02-09,65.67320152091004,67.81057034220274,64.5027376425831,66.92,1406496.385,0.05036807438978576,0.37692307692373644
2007-02-12,66.86541019955408,69.20620842571806,65.38968957871155,68.85,1100806.2119999998,0.05707762557079029,0.5200000000005277
2007-02-13,68.95572033898063,73.73936440677706,67.88703389830269,72.06,2540931.0048,0.08487084870850031,0.5304347826090386
2007-02-14,72.23667117269105,76.71488678607379,72.23667117269105,75.29,2493061.6568,0.06199365973935776,0.6818181818185974
2007-02-15,75.39122912491399,76.48533066132009,74.70423513693805,76.18,2061739.6572000002,0.02362470469120432,0.442857142858321
2007-02-16,76.08176776429545,76.23444020796963,72.39218370883631,73.41,2568880.1640000003,0.050501672240815136,-0.6953642384097523
2007-02-26,72.77155963302496,73.28045165843074,70.81232533521275,72.11,2354304.9738000003,0.0339160839160973,-0.2680412371122654
2007-02-27,71.97765282131381,73.75864811911937,64.90455721002883,64.93,2682598.0896,0.12301166489926961,-0.7959770114938783
2007-02-28,59.921562375446,66.1299960143457,59.921562375446,63.84,2815590.0149,0.10360934182591718,0.6311475409839153
2007-03-01,64.04469864698385,65.74950389503626,61.016760967607176,62.06,3024360.7317,0.07389749702027666,-0.41935483870905127
2007-03-02,62.87856292179187,64.8888447796719,62.85311631599591,64.1,1948052.0246000001,0.032375556454892054,0.6000000000009499
2007-03-05,64.27767857142598,66.0589285714259,62.0892857142832,62.7,1895988.8640000003,0.06175771971497894,-0.39743589743516006
2007-03-06,62.66730376765845,66.1530612244872,61.82766875980919,64.83,1595927.8244,0.06902151847342129,0.5000000000004716
2007-03-07,64.93702970296782,67.88871287128454,64.93702970296782,66.82,2048096.4426,0.045454545454560166,0.6379310344834036
2007-03-08,66.86517138598857,68.9006408345727,66.43263412816445,68.29,2337000.6703999997,0.03691019786911627,0.5773195876296641
2007-03-09,68.49473523809264,68.82550476190215,66.48467428571176,66.79,1910827.275,0.034175334323936886,-0.7282608695638223
2007-03-12,66.63981252492754,67.42859992022069,62.84854407658305,63.79,3159618.9809,0.06872852233678384,-0.6222222222215297
2007-03-13,64.14522017613835,64.75588470776361,62.79666933546586,63.56,1844631.6132,0.030543435144798865,-0.2987012986998507
2007-03-14,63.047719442163135,63.073162428217266,61.06316652994008,62.03,2658646.5577999996,0.03188054882971665,-0.5063291139225393
2007-03-15,61.98255878835943,63.916333200475734,61.4482263850115,63.84,3196380.1922,0.0398193760262881,0.7525773195883557
2007-03-16,62.80132835201068,63.61560813615345,60.81652137816269,61.3,3176609.7825,0.04457050243113362,-0.5363636363625361
2007-03-19,60.555645161287885,63.32899193548132,59.79233870967501,63.1,2131418.144,0.05840336134455341,0.7194244604321695
2007-03-20,63.33487613542267,63.36032204789169,61.273757225431,61.63,2228502.5448,0.032944957814398615,-0.8170731707301003
2007-03-21,61.830781961106254,62.56868018204126,61.321886636323484,61.5,2289897.9461000003,0.020164609053513763,-0.2653061224467261
2007-03-22,61.82933985329822,62.69444172778881,61.5240097799486,62.44,4018148.6795999995,0.018930041152279257,0.5217391304365012
2007-03-23,63.10686960098466,63.20865487453463,60.918486219660196,61.86,3688610.0250999997,0.036290322580660304,-0.5444444444431007
2007-03-26,61.98723159193493,62.41981900452233,61.09661044837265,61.86,4083146.496,0.02134646962234751,-0.09615384615185417
2007-03-27,62.03183835182004,64.62709984151883,61.80284469096427,64.22,6451663.7908,0.04552912223135244,0.7747747747754044
2007-03-28,64.50100235848804,65.79865566037478,62.2873584905636,64.73,6067210.7856,0.05443786982249981,0.06521739130505322
2007-03-29,64.88412445153311,65.113127243715,63.48466294375495,63.79,4573780.0759,0.025098039215701366,-0.6718749999980234
2007-03-30,63.86750102584884,64.09650800163874,61.52654082888545,62.01,4094768.7626000005,0.04023904382471634,-0.7227722772264511
2007-04-02,62.05943815682855,63.22989086499342,61.72865804365153,62.95,3284372.3069999996,0.024190241902434715,0.5932203389843438
2007-04-03,63.10688163586067,65.65151395988731,61.783672827366814,64.71,6944196.8015,0.0612903225806601,0.41447368421107644
2007-04-04,64.88301462316967,68.90321709786018,64.32323959504821,67.86,10352444.0271,0.07058823529413188,0.6500000000004141
2007-04-05,68.06284965034727,74.65286013985754,67.477636363634,72.77,11950931.564000001,0.1054205607476768,0.6560283687945876
2007-04-06,71.24544480171235,73.28102893890414,70.7365487674144,71.22,5438762.3708999995,0.03571428571429941,-0.009999999998996359
2007-04-09,70.96555198284848,74.553269024649,70.50754555198034,71.22,5029837.147799999,0.057009680889220746,0.06289308176161994
2007-04-10,71.24011713030487,71.54543191800619,68.31418374816735,69.51,4509735.0756,0.04535714285715637,-0.5354330708651881
2007-04-11,69.79377947043636,71.37132752992126,68.69967355821298,70.15,4621418.217300001,0.03827925628874873,0.13333333333423378
2007-04-12,69.97093023255567,73.07509513741815,69.18216701902506,72.21,6153794.611799999,0.05563636363637699,0.5751633986933165
2007-04-13,72.00976992330537,78.62550850283166,71.17008002667319,76.31,11694758.247399999,0.10353356890460613,0.5767918088739838
2007-04-16,76.33626097866762,82.49405269761348,75.82735257214317,81.12,7521033.96,0.0873333333333454,0.7175572519086698
2007-04-17,80.84159314503076,81.4268486194833,77.05015550618607,80.18,6191599.6734,0.05413912496066635,-0.15116279069705701
2007-04-18,79.39020059190794,79.39020059190794,76.05682999013231,77.38,5594981.4172,0.04198717948719162,-0.6030534351135589
2007-04-19,76.4654045643127,76.59263485476913,71.50342323651205,73.59,6165651.456,0.06655574043262448,-0.5649999999993882
2007-04-20,73.53647882627298,77.35325108369199,73.53647882627298,76.31,6236690.7099,0.05190311418686398,0.7266666666671425
2007-04-23,77.55907331005784,81.14694382735382,75.57429387495793,80.18,5901673.327500001,0.07185039370079943,0.4703196347035688
2007-04-24,80.52928363988123,81.92868667311772,78.62100677637694,78.85,4946566.1586,0.04107424960506723,-0.5076923076913844
2007-04-25,78.24652553328772,80.15497737556304,76.33807369101241,78.73,2738455.4652,0.048780487804890256,0.1266666666672976
2007-04-26,79.89861982433878,81.45079046423835,77.63397741530498,81.12,4528178.7724,0.04777070063695445,0.3200000000005832
2007-04-27,81.03807647401982,88.54395796847376,80.6564214827764,87.17,8346936.1278,0.09733124018839408,0.7774193548389349
2007-04-30,87.19974535049822,90.73658941344517,85.49493562231514,88.93,6049543.3815,0.060110884155248574,0.33009708737906496
2007-05-08,90.58176572417511,90.58176572417511,86.15445470282498,88.19,4737524.9756,0.04887640449439257,-0.5402298850567747
2007-05-09,87.88395166162876,87.88395166162876,81.11581873111537,84.22,4849637.894,0.07701215981471808,-0.5413533834581898
2007-05-10,84.24822021115884,87.02171945701095,82.69607843137004,84.35,4084768.5255,0.05134400483238832,0.02352941176528924
2007-05-11,84.35187829866237,84.35187829866237,79.64445824277927,81.96,5363069.3604,0.05580693815989037,-0.508108108107458
2007-05-14,79.59347040498194,83.4357383177544,76.33644859812846,81.68,4293200.055,0.08919437340154593,0.2939068100361606
2007-05-15,81.16433656957666,81.41877022653459,78.06024595469003,78.62,4827355.2809999995,0.041379310344839486,-0.7575757575747717
2007-05-16,78.37284954644736,82.41872067563084,77.27868314044176,81.35,4331276.418,0.06558441558442751,0.5792079207924584
2007-05-17,81.64746435213635,84.72610043397134,81.3930316181004,82.08,3270866.8853999996,0.0408226861950881,0.12977099236713235
2007-05-18,81.80782677165098,81.80782677165098,79.79761889763529,80.79,3429021.9075,0.024572317262842484,-0.5063291139225348
2007-05-21,78.36612903225563,87.80568548386823,77.73004032257823,82.03,4679416.4456,0.12857142857143955,0.36363636363658114
2007-05-22,82.05501642281031,86.27862346968985,81.469817856074,85.21,6178437.8145,0.058604651162802,0.6560846560850534
2007-05-23,84.98522761531247,85.03611697316596,83.22954476936741,84.4,3818123.4041,0.021257485029951565,-0.3239436619702335
2007-05-24,85.23572296476047,87.14398541919542,82.6913730255139,83.76,5059167.9856,0.05223880597016041,-0.33142857142792354
2007-05-25,83.96544407395925,85.23764777204953,83.02401333737244,83.94,5190017.4807,0.02636363636364775,-0.011494252872403367
2007-05-28,84.09291996481723,88.4184256816157,84.09291996481723,86.79,8390900.0241,0.051437216338891874,0.6235294117651521
2007-05-29,87.78769786170264,91.85901138572365,87.27878367120002,91.63,8668017.513999999,0.05217391304348923,0.8388888888892587
2007-05-30,86.51534828807299,90.33220188901738,82.77483175914747,86.21,8475463.8276,0.0873529411764812,-0.04040404040369628
2007-05-31,86.2553528306926,94.82999999999745,86.2553528306926,94.83,12628848.9339,0.09941002949853568,1.00000000000018
2007-06-01,96.69397590361187,101.78313253011777,91.60481927710599,95.04,10907215.92,0.10526315789474613,-0.1624999999997336
2007-06-04,95.54481656475554,99.18340744857979,88.8019733185078,91.55,6360581.8192,0.10865512649801208,-0.38480392156834453
2007-06-05,88.6794328193808,94.837373348015,82.75050660792724,92.42,5606319.2432,0.13629842180775723,0.30947368421071236
2007-06-06,92.90286360210767,101.52901281084898,90.33283094699595,101.3,7853805.9744,0.12051492741715554,0.7500000000001612
2007-06-07,101.60507977475125,110.18031440637938,98.22078836226893,108.45,9115171.365,0.11770598547458903,0.5723404255320814
2007-06-08,106.86910994764143,109.64261780104451,105.59685863874094,106.92,5901751.0200000005,0.03785714285715186,0.012578616352828018
2007-06-11,106.87248322147394,108.95904122722654,103.33551294342992,106.16,5727373.75,0.0526190476190566,-0.12669683257870976
2007-06-12,108.1408676361817,108.1408676361817,101.6524155780108,103.23,9722820.3894,0.06000000000000861,-0.7568627450975292
2007-06-13,103.81087826700956,110.14639510242264,101.77537085000937,108.06,12175161.147799999,0.08063725490196971,0.507598784194773
2007-06-14,108.11229854368668,108.23951941747308,104.11756310679357,104.83,5664408.78,0.03812661802778011,-0.7962962962954823
2007-06-15,102.92565174618537,104.70681259222565,101.52616822429655,103.46,4749111.5828,0.030902348578501385,0.16800000000074586
2007-06-18,103.88745365853404,107.11882926829007,103.68390243902186,104.32,4173927.1,0.03306392358560812,0.1259259259266308
2007-06-19,104.52939139039819,106.61590796635063,101.67951509153632,102.85,6368862.9904000005,0.04722492697177145,-0.34020618556642435
2007-06-20,103.00141176470322,103.2813069053682,99.28643989769567,99.49,6042491.322000001,0.03878458498024643,-0.8789808917188843
2007-06-21,98.2665525056636,101.52344497607399,98.2665525056636,101.04,5361285.2216,0.03314344899017036,0.8515625000005245
2007-06-22,101.54532294546111,105.59085197285484,96.71104297561958,101.24,7546993.174,0.08744675519920717,-0.03438395415443536
2007-06-25,101.58041912949754,103.0053949489494,94.40464803868635,94.71,5628943.2513999995,0.08466933867736359,-0.7988165680469508
2007-06-26,93.63237737871633,96.35484052532574,92.91995711605219,94.93,4076900.2638000003,0.036684782608705856,0.37777777777841287
2007-06-27,95.62548110830991,102.01238790931731,95.62548110830991,101.02,7186347.507,0.06679084619479426,0.8446215139444916
2007-06-28,101.01999999999744,101.01999999999744,101.01999999999744,101.02,0.0,9.899029895070437e-15,2.5579538487363607
2007-06-29,95.42225730070784,99.46816101025786,94.1499605366984,96.72,6440083.3329,0.05573333333334331,0.2440191387564106
2007-07-02,96.68609271522921,97.78017218542786,93.07308609271274,96.05,3109170.03,0.04868421052632573,-0.13513513513456218
2007-07-03,96.69451563300623,100.48595848282675,96.69451563300623,99.29,3561591.8612,0.039210526315799465,0.6845637583897537
2007-07-04,99.30691759112257,100.24833597464077,95.87201267828588,96.33,1935782.1786,0.04406866512939735,-0.6802325581387962
2007-07-05,94.52750563062794,94.52750563062794,90.3291103603578,90.38,4152610.1664000005,0.044414535666228036,-0.9878787878779439
2007-07-06,89.33893040887924,94.1481180611943,89.18625778499622,93.97,3580528.9464,0.055539732270019154,0.93333333333366
2007-07-09,95.0384206328079,96.69236905078179,92.64655676681487,95.7,3036976.2837,0.042570281124508086,0.16352201257920473
2007-07-10,95.41347207009595,95.56613362540811,92.10580503833263,92.92,2489742.2352,0.03626666666667678,-0.7205882352931694
2007-07-11,92.61978993919035,93.89203980099242,91.3475400773883,92.06,1838399.1444,0.02747252747253785,-0.21999999999890993
2007-07-12,92.87534359537952,93.96949147883193,91.34862561846916,92.57,2083533.5320000001,0.0282191780822023,-0.11650485436791674
2007-07-13,92.90292670018276,97.07605186557032,91.75786186821666,96.16,2884694.7372999997,0.0572445905231545,0.6124401913879254
2007-07-16,96.1782995951391,96.55995951416743,93.30312820512569,94.27,1852608.5565,0.03386243386244387,-0.5859374999990377
2007-07-17,94.11944027851918,96.05322710230058,92.87265666844957,95.01,1459544.4264,0.03379291700460615,0.2800000000007112
2007-07-18,95.0068614718589,95.41396103895845,89.05303030302788,94.04,3067089.3792000003,0.0669523299410918,-0.15199999999957448
2007-07-19,94.37243683781324,95.00854115729162,93.1256723716356,93.66,1526832.4194,0.019951469398770103,-0.378378378376825
2007-07-20,94.14986807387614,97.40694459102646,93.81907124010306,96.44,3978744.2739999997,0.03810810810811848,0.6382978723409561
2007-07-23,96.43775691448627,101.29781273788123,96.18330373001533,100.28,5007610.3686,0.05303430079156666,0.7512437810948746
2007-07-24,100.76113110539586,101.4481388174781,98.92911053984322,98.98,4355788.211,0.025000000000009452,-0.7070707070694188
2007-07-25,98.82226299693939,99.89088685015035,97.14299694189354,99.84,3798477.5184000004,0.02780638516993773,0.3703703703711598
2007-07-26,100.53624079247903,102.9281432562839,98.93315722631195,100.18,4083794.1945999996,0.03973677549988296,-0.08917197452163295
2007-07-27,99.23811970202674,100.48495761623168,97.9658361161033,99.06,2846895.6194,0.02538461538462528,-0.07070707070603235
2007-07-30,98.97563909774188,103.30105263157637,98.00878195488477,101.52,7653575.706,0.05347043701800447,0.48076923076962036
2007-07-31,101.78102189780773,105.57236496350107,100.7886569343041,104.58,5180873.241,0.04700000000000946,0.5851063829791335
2007-08-01,104.58181352458749,105.85409836065303,99.23821721311222,99.34,5420685.6512,0.06326034063261227,-0.7923076923071891
2007-08-02,99.51123795027651,102.53906646372138,99.00235920852107,100.3,3410812.3464,0.03554078240860081,0.22302158273447226
2007-08-03,101.24399501867742,103.17778331257526,100.14987795765629,102.16,5576741.852,0.029907011812022585,0.30252100840410284
2007-08-06,103.58345968131087,106.00066151617318,102.0568058908715,105.39,7368502.8524,0.038074183247368554,0.4580645161295638
2007-08-07,105.5923859126958,105.5923859126958,101.39413442460067,102.59,6811120.1088,0.03975903614458745,-0.7151515151507395
2007-08-08,101.77526936890453,101.77526936890453,97.95869676757061,99.18,6616362.292799999,0.03750000000000943,-0.6799999999991566
2007-08-09,99.11098872950566,101.83367827868592,98.9328688524565,99.34,4356574.713599999,0.029268292682936577,0.07894736842190193
2007-08-10,100.25011389521386,101.90398633257145,98.97790432801571,100.53,4014692.4905999997,0.02918781725889297,0.0956521739138827
2007-08-13,100.45542729749565,104.80646024275192,98.85241515976966,102.72,7840073.612799999,0.05927051671733457,0.38034188034224514
2007-08-14,102.92277777777522,104.4239999999974,100.7599999999975,103.05,5960385.81,0.03559950556243205,0.03472222222290996
2007-08-15,103.69039323046033,104.45375808859868,100.50970632155051,102.24,4463291.2338000005,0.03803680981596002,-0.3677419354831341
2007-08-16,100.91108316221505,101.77618069814933,97.98501796714326,99.13,5371245.334400001,0.037569339384780145,-0.46979865771732127
2007-08-17,98.85614525139401,99.18693801542699,95.4209896248977,95.65,7172974.9224000005,0.03809523809524776,-0.8513513513504478
2007-08-20,98.2170818505313,100.73612099643871,98.2170818505313,100.1,5881308.7564,0.02564766839379235,0.7474747474754614
2007-08-21,100.12782782782533,103.4102902902877,100.12782782782533,101.68,4872725.9964,0.03278271918679489,0.47286821705489546
2007-08-22,100.72805755395433,104.71223021582473,100.37050359711981,102.95,4484898.6620000005,0.04310344827587154,0.5117647058828259
2007-08-23,103.03419741255144,108.50006708193317,102.98311451844505,106.61,6658661.5714,0.053544868616766654,0.648148148148495
2007-08-24,107.52286520818377,111.25168666195927,107.31854622441526,108.57,6949438.302300001,0.036579572446564755,0.2662337662343479
2007-08-27,108.627514436956,111.61585659287509,104.48980991337572,106.15,6517406.3676,0.06560075241007228,-0.34767025089564907
2007-08-28,104.74535179640458,104.9752245508956,101.65484031935874,102.37,6735731.3736000005,0.031699585466968716,-0.7153846153836265
2007-08-29,102.1668742216662,103.90371108343453,101.27291407222661,102.55,4547773.2355,0.025750000000009664,0.1456310679620758
2007-08-30,102.7477003484295,104.58658536585106,101.90487804877796,102.62,4379558.5246,0.02609992542879398,-0.047619047618077774
2007-08-31,103.00357023610533,107.80512520867856,101.90534223705933,107.09,7560329.1155,0.05727746094719494,0.6926406926410096
2007-09-03,107.7578765967677,109.13709568570475,104.71848638225825,105.97,6282163.1259,0.04100497748282469,-0.40462427745597684
2007-09-04,106.29972972972709,108.54729729729462,102.62189189188935,103.95,4094621.8720000004,0.055742431523315115,-0.3965517241374272
2007-09-05,104.46408434020127,107.98878938639876,103.44243070362228,107.81,5724567.4752,0.043520782396097184,0.7359550561801758
2007-09-06,107.80648610120912,109.82418626751937,106.58054169636239,107.5,5499989.1099000005,0.03008765695333769,-0.0944881889755578
2007-09-07,107.55176076554768,109.97812440191126,105.22755980860994,106.76,6476787.526,0.04417003087153582,-0.1666666666660966
2007-09-10,106.50593422306704,107.78298379408703,103.18560533841507,107.17,3626500.4176,0.04316546762590826,0.14444444444497073
2007-09-11,107.65768261964463,107.65768261964463,99.10125944584132,101.4,3442719.686,0.0794780545670311,-0.7313432835817036
2007-09-12,101.42595833333085,105.43599999999742,101.42595833333085,104.21,4095712.08,0.03953664064468334,0.6942675159240278
2007-09-13,103.69377490039582,105.1240338645392,101.39514442230823,102.57,4161221.3712,0.03596059113301406,-0.3013698630129358
2007-09-14,102.9588835443012,102.9588835443012,99.15315949366838,100.89,5545426.33,0.0369635326221875,-0.5436241610730137
2007-09-17,100.88970408412567,106.25346050378805,99.48491073611886,104.44,6712514.2581,0.0670886075949459,0.5245283018870944
2007-09-18,104.71496615692892,104.71496615692892,100.62852845324389,101.88,3538473.5642,0.03902439024391166,-0.6937499999992025
2007-09-19,101.90634920634665,102.16175359032246,100.01635676492567,101.37,2385857.5839,0.02105263157895713,-0.24999999999869282
2007-09-20,101.13784056508321,102.87455095862505,100.14178607466951,101.24,4404212.11,0.027020202020211725,0.03738317757101649
2007-09-21,101.24630321134921,103.05974607916097,100.50560119491907,102.6,4607480.1201,0.02522704339052426,0.5300000000007982
2007-09-24,102.90716005121374,103.69895006401782,99.12700128040719,99.74,3509446.1489999997,0.04442789774138431,-0.6927374301668852
2007-09-25,99.86351351351098,102.08554054053795,99.60810810810557,100.17,2670041.5154000004,0.024808184143232378,0.12371134020716133
2007-09-26,100.37849293563316,101.09365777079798,97.31350078492682,97.62,2780867.7078,0.03765903307888986,-0.7297297297288612
2007-09-27,97.64135191455851,98.71405313883565,96.03230007814284,98.05,2350726.0403,0.02746534135496675,0.15238095238185748
2007-09-28,98.33134517766247,101.29405583756086,98.33134517766247,100.63,4850844.078,0.03012987012987989,0.7758620689661215
2007-10-08,102.62684050632652,102.62684050632652,100.0726632911367,100.89,4897298.48,0.024888003982090155,-0.6799999999987334
2007-10-09,100.8895833333307,100.9662083333307,97.05833333333081,98.08,5810550.144,0.038734177215199325,-0.7189542483651772
2007-10-10,99.28045833333074,99.28045833333074,97.00724999999747,98.08,8210873.856,0.022896835605875535,-0.528089887639092
2007-10-11,98.33426443202717,99.07496408619049,95.72904495876307,96.01,6212396.6793,0.03402597402598389,-0.6946564885486419
2007-10-12,96.1075319727865,98.58492517006535,90.43762176870501,93.86,7187325.757499999,0.08477278766942233,-0.27586206896517
2007-10-15,94.50442233277793,95.01525704809025,91.6948313985602,92.41,6057368.4816,0.03513513513514551,-0.6307692307682712
2007-10-16,92.76040021063473,97.05107951553194,91.68773038441043,97.0,9388824.2514,0.05781938325992214,0.7904761904765194
2007-10-17,96.79971398855702,99.60920436817213,94.52658086323207,98.23,10641484.7082,0.05250659630607834,0.2814070351763294
2007-10-18,98.2028111353685,98.2028111353685,93.22243449781405,93.58,3001710.016,0.05071521456437906,-0.9282051282044294
2007-10-19,93.73065092007434,95.49288931611933,91.96841252402933,92.99,2824571.6520999996,0.03760217983652264,-0.21014492753545172
2007-10-22,91.43314097279219,93.22093981862892,89.33886232481204,92.94,2978347.5558,0.04245810055866974,0.38815789473740503
2007-10-23,93.22256182272594,93.4779661016923,89.7746040566799,91.92,1713708.8375000001,0.039726027397270554,-0.3517241379302471
2007-10-24,92.84124159192565,93.53084641255343,90.67026345291225,91.13,2119832.2912,0.030811554332885297,-0.5982142857131857
2007-10-25,90.79309026756567,90.79309026756567,85.91503675389338,86.86,3519841.8232,0.05372714486639573,-0.8062827225123975
2007-10-26,86.91770747498275,89.13981753972664,86.3557945850475,86.79,2468858.0158,0.032030561269479126,-0.04587155963209899
2007-10-29,88.0664959254922,89.77776484283791,86.8405122235132,87.76,1482488.3136,0.033352668213468044,-0.1043478260860521
2007-10-30,89.05661882892969,89.13323765786195,86.45157864523287,88.98,2033230.3472000002,0.03011184399198106,-0.02857142857045678
2007-10-31,90.34169832401982,92.76817877094713,88.57930726256737,91.44,3517886.2839999995,0.04636697766469805,0.26219512195176825
2007-11-01,91.94395796847367,92.27597781669317,86.83596030355847,87.5,3236646.3503999994,0.05916666666667705,-0.8169014084500816
2007-11-02,85.9976364745323,86.07426044525508,83.46904544068059,83.75,3491612.9832,0.030294030294041614,-0.8627450980379041
2007-11-05,83.26628433443757,85.02866888016646,81.22293993359247,84.62,1741597.718,0.04570552147240417,0.3557046979871554
2007-11-06,84.66999999999744,85.46178582201854,84.23579487179232,84.67,1312417.782,0.014479638009061553,2.086437789987179e-12
2007-11-07,84.5423484402565,86.78999999999745,84.5423484402565,86.79,2305866.4896,0.026586102719044585,1.000000000000693
2007-11-08,86.17027974177417,86.22135874577047,82.74798647402142,83.08,1780953.4159000001,0.0403082394783752,-0.8897058823519463
2007-11-09,81.78255503875717,83.16177364340828,81.78255503875717,82.37,1817627.415,0.016864459712691533,0.42592592592746464
2007-11-12,80.42904746835187,82.62558544303535,77.59398101265576,80.71,2812503.3320000004,0.06255954271198373,0.05583756345227531
2007-11-13,81.47244069912354,83.79657615480389,81.44690074906113,81.83,1739591.9352,0.02884012539186158,0.15217391304450384
2007-11-14,82.8564307319999,85.61490623109238,82.24343617664601,84.44,1690414.3326,0.040690505548716935,0.46969696969759284
2007-11-15,84.28795653486011,87.04647147600099,83.26628433443757,84.62,2486177.2404000005,0.04484848484849611,0.08783783783849251
2007-11-16,84.02714681440183,85.04875346260124,82.36703601107779,82.98,1499453.1378000001,0.031914893617032696,-0.3904761904750869
2007-11-19,83.157840490795,85.32873006134706,81.72760736196068,83.26,965479.9700000001,0.04330466830467966,0.028368794326943773
2007-11-20,83.52001750802206,88.09190837466915,83.00919171286596,87.53,2763697.6387,0.06085626911316124,0.788944723618438
2007-11-21,88.11281826163042,88.36821773485254,86.0951624231757,87.27,1200212.0241000003,0.025797101449286413,-0.37078651685264347
2007-11-22,85.99443478260602,87.0926708074507,81.7291925465813,82.24,1699825.12,0.062370062370073295,-0.6999999999993933
2007-11-23,82.24001214328834,84.79404978748984,81.47380085002789,84.13,2027047.5557999997,0.04037267080746512,0.5692307692313637
2007-11-26,85.43578783151061,86.0232386895449,81.73229329172912,81.86,1908045.47,0.05022421524664785,-0.833333333332548
2007-11-27,81.86063076922824,84.13382769230509,81.86063076922824,83.01,1380730.65,0.027769110764442457,0.5056179775289993
2007-11-28,83.05467625899023,84.02517985611249,80.96043165467374,81.65,842809.4446999999,0.03690036900370155,-0.4583333333323559
2007-11-29,82.26942006750282,83.77637312058654,81.2222154034955,83.24,2588584.9179000002,0.031046258925811115,0.38000000000086004
2007-11-30,83.23323701198638,83.7184875499513,81.93072241008046,83.08,1101117.729,0.02147898128261389,-0.08571428571281013
2007-12-03,83.00395256916742,84.79173000911872,82.11006384919177,84.0,1493362.5564000001,0.03230769230770397,0.37142857142938995
2007-12-04,84.28832335329089,87.04685029939859,84.28832335329089,85.31,1671190.376,0.0327272727272841,0.3703703703711632
2007-12-05,84.54078478002127,86.76285374553844,84.54078478002127,85.92,1085652.6188,0.026283987915419273,0.6206896551732864
2007-12-06,85.99777358490314,88.04108272858959,85.99777358490314,87.99,1618240.52,0.023760023760035123,0.9750000000007804
2007-12-07,88.11473046987349,90.08134909195473,88.11473046987349,88.6,1823808.0173999998,0.02231884057972133,0.24675324675442234
2007-12-10,86.83418512208726,90.79280238500594,86.57879045996347,89.95,2028509.988,0.04852941176471685,0.739393939394369
2007-12-11,89.85216277745903,90.66946499715166,88.37080250426612,89.75,1610642.2514000002,0.02558271745310926,-0.04444444444331533
2007-12-12,89.74667782426528,91.7898577405832,89.15926359832386,91.56,2234202.4725,0.029311326124085945,0.6893203883502252
2007-12-13,91.33283366964278,91.89472470452313,88.3701354857282,88.6,1560089.4338999998,0.03859060402685606,-0.7753623188396342
2007-12-14,87.63076706939906,91.15540882270044,87.09440854172276,90.9,1859554.7224,0.04634217429321977,0.8050314465413141
2007-12-17,90.95026823134698,95.2410980720845,89.39228834869824,91.41,2945326.2393,0.06430777871385468,0.07860262008776167
2007-12-18,91.40576345260607,94.90467085495506,90.92051352089345,93.5,1769675.0477,0.04358759430009412,0.5256410256415402
2007-12-19,93.68337782620284,94.65392536093451,92.71283029147118,93.76,1461693.8172,0.020719738277000868,0.039473684211823186
2007-12-20,93.86433051540511,94.37515680392433,92.71497136623688,93.66,1049430.1274,0.01768707482994253,-0.1230769230753025
2007-12-21,93.5064437281737,95.19216492076029,93.17440773569452,95.09,1360099.7628,0.021578803605582952,0.7848101265831399
2007-12-24,95.2908243064704,97.97255482166186,95.1120422721243,96.67,2065972.6060000001,0.030018761726088847,0.48214285714358546
2007-12-25,96.82014473683954,98.02049999999743,95.54317105262905,97.05,1614517.02,0.02558691638091243,0.09278350515563859
2007-12-26,97.05043114711006,98.58280637574865,96.28424353279078,97.74,1855114.5226,0.02368421052632579,0.30000000000098975
2007-12-27,97.69458930899354,98.30757496740291,96.4430769230744,97.95,1446011.294,0.019084967320271574,0.13698630137115958
2007-12-28,97.9754477611914,98.43518656716154,95.52350746268401,95.83,3396772.6464000004,0.029718456725765844,-0.7368421052620248
2008-01-02,95.83254039734845,97.56937748344113,94.58099602648755,96.42,1991056.1775,0.031183368869946278,0.19658119658198595
2008-01-03,96.54669187145296,96.54669187145296,93.99254658384838,94.58,2655519.0592,0.026455026455036626,-0.7699999999986947
2008-01-04,94.67918701368137,95.72635363562928,93.52985779447023,95.19,4271255.6735000005,0.023199352576217483,0.2325581395359472
2008-01-07,95.26595300260846,98.33080939947523,93.98892950391398,97.82,3848570.5209999997,0.04557640750671249,0.588235294118103
2008-01-08,97.79718848996572,98.41017687433741,96.41796462512944,96.75,2579893.5387999997,0.020370854008889563,-0.5256410256394716
2008-01-09,96.41244391659814,96.92323832145429,94.49696489838757,96.77,3033425.6586,0.0251655629139175,0.1473684210536237
2008-01-10,96.54191022964257,98.58512526095777,95.54584290187641,97.87,3597481.9831999997,0.03148148148149167,0.4369747899166646
2008-01-11,97.91764252696207,100.11402157164613,97.81548536209303,99.45,3543182.5308,0.0234741784037659,0.6666666666674771
2008-01-14,99.37947081711803,101.6526070038884,98.33229571984181,98.46,3088146.8235,0.03341043433565599,-0.27692307692222357
2008-01-15,98.46154428463035,101.57757759273021,97.8230128690361,101.22,4242572.2128,0.0381322957198544,0.734693877551505
2008-01-16,99.60947204968684,100.88651656314437,98.58783643892083,98.69,3673533.3936,0.023076923076932834,-0.3999999999987082
2008-01-17,98.33054554811892,101.11444930519555,95.77650540401194,99.25,5202912.5504,0.05428571428572399,0.17224880382819927
2008-01-18,98.7092670157042,99.57760209423822,96.2319581151807,97.56,2414927.6,0.03389391979302412,-0.3435114503808049
2008-01-21,97.0797303727175,99.07189532117106,95.52175522072177,96.62,3027343.1018999997,0.03656932386215145,-0.12949640287694325
2008-01-22,95.16218865773452,95.16218865773452,86.96383585066721,89.62,3852382.6693000006,0.08615136876007405,-0.6760124610587932
2008-01-23,92.30675138121289,93.20070165745597,90.13572928176544,92.46,3001781.1060000006,0.03320420586608693,0.05000000000082429
2008-01-24,94.47693131867872,95.01329670329409,91.43752747252495,92.97,2064961.808,0.037848067045157606,-0.42142857142773865
2008-01-25,93.47744543249547,95.0098625707331,90.92341686876608,94.78,2042009.6646,0.04371584699454583,0.31875000000054377
2008-01-28,93.73667054714514,94.19641443538727,87.55566938300096,87.76,1436085.8207999999,0.07084468664851132,-0.8999999999994814
2008-01-29,87.21835255841206,89.59355220348742,85.04747116237546,86.35,1985641.0140000002,0.052122986822851276,-0.19101123595444794
2008-01-30,87.55311171009022,87.55311171009022,83.77310572027301,85.28,1418063.6169,0.04317386231039617,-0.6013513513505141
2008-01-31,84.53690225563656,85.55849624059893,82.69803308270428,84.92,3210705.785,0.03383685800605363,0.13392857142941605
2008-02-01,85.05366311834423,85.51341264871365,80.66050093925858,81.58,2664272.8641999997,0.05705705705706809,-0.7157894736835367
2008-02-04,84.00047787610372,88.24008849557262,84.00047787610372,86.58,2424633.429,0.05047126786258357,0.6084337349402171
2008-02-05,85.6870375850818,87.60254513169316,85.3550162770025,86.3,996174.1407,0.026229508196732525,0.2727272727282935
2008-02-13,86.25331210190822,86.25331210190822,84.18445859872355,84.21,671036.7615,0.023985786200781452,-0.9876543209859409
2008-02-14,84.53539393939138,85.04618181817924,83.82029090908837,84.28,876925.5,0.014501510574029697,-0.20833333333108497
2008-02-15,84.10527812499737,84.10527812499737,81.50013437499746,81.73,1362075.52,0.030974795019750277,-0.9117647058810227
2008-02-18,83.25877651398453,84.02496157392916,82.23719643405833,83.08,1738850.1622,0.0214723926380485,-0.09999999999851643
2008-02-19,83.26631330977375,87.1742108362754,82.75547703179967,86.74,1817001.2736000002,0.053067484662588205,0.7861271676304559
2008-02-20,87.09492401215542,88.06548328267209,83.77458966565095,84.03,1645876.1269999999,0.049266862170098825,-0.7142857142849555
2008-02-21,83.57196519651714,85.53866486648408,83.06113411340885,85.13,1364218.2311999998,0.0296454767726277,0.6288659793822212
2008-02-22,84.28792569659183,84.74767801857324,81.12074303405322,82.5,1326435.353,0.04303030303031448,-0.49295774647803464
2008-02-25,82.50016672223799,82.93437812603925,76.57445815271502,76.6,3181127.4706,0.07708978328174489,-0.9277108433729475
2008-02-26,76.8770270270245,78.76702702702444,75.59999999999752,77.49,855976.352,0.04119601328904896,0.19354838709751715
2008-02-27,78.15770867430187,78.66854337151953,76.93170540097948,78.03,1318065.6970000002,0.02222222222223486,-0.07352941176319872
2008-02-28,78.04784313725236,78.91617647058565,78.04784313725236,78.15,694888.3620000001,0.011125654450274344,0.1176470588263359
2008-02-29,78.15301507537443,82.44376884421851,77.84653266331414,81.32,1692433.8672,0.05882352941177671,0.6888888888892943
2008-03-03,81.11395334369887,83.13158631414981,78.86646345256364,82.11,774157.211,0.05258186397986052,0.23353293413228285
2008-03-04,82.2452854393816,83.9566003848594,79.43566388710458,79.64,1284200.9942,0.05496894409939026,-0.5762711864399911
2008-03-05,79.63237410071683,80.65395683452974,77.07841726618453,78.1,849700.467,0.044900577293148614,-0.428571428570599
2008-03-06,78.41241893644363,79.43407911802596,77.18642671854484,78.77,1262646.0372000001,0.028664495114018976,0.1590909090919735
2008-03-07,78.642165853656,79.68936585365596,77.85038048780237,78.54,1430503.8375,0.023384215654445543,-0.055555555554142544
2008-03-10,77.74259562841264,77.74259562841264,73.78395491803026,74.78,1960965.6335999998,0.05091984231275866,-0.7483870967733579
2008-03-11,74.08902586496225,76.61740006717916,73.80809539804926,76.03,1295187.0165,0.03791795932438387,0.6909090909097507
2008-03-12,76.66921985815317,76.87353490107964,68.41999999999744,68.42,10524390.1509,0.11025982678215704,-0.9758308157095507
2008-03-13,65.15023045267223,65.5333168724253,61.574757201643564,62.06,10156334.688,0.06076048608390321,-0.7806451612894821
2008-03-14,62.05862521891147,62.773704028018265,58.125691768824076,58.33,6916444.202,0.07489711934157864,-0.802197802197082
2008-03-17,58.33867724867468,59.46253968253707,57.470238095235565,57.93,3723466.32,0.03415061295973643,-0.20512820512682042
2008-03-18,57.92999999999745,57.92999999999745,57.92999999999745,57.93,0.0,1.7262213015709076e-14,2.5508484213787597
2008-03-19,57.5972355245948,59.896016543314765,55.55387461906594,58.67,4191719.7286999994,0.0753880266075548,0.24705882352994193
2008-03-20,57.69429288702688,62.06158995815641,55.676652719662954,61.04,3719847.146,0.11066843736167985,0.5240000000003164
2008-03-21,61.03906705539104,61.8052478134085,60.27288629737358,61.32,1721129.2385000002,0.025104602510476165,0.18333333333488552
2008-03-24,63.03741992101523,63.34392277314334,58.18445809565344,58.21,2150255.1878,0.08184764991897728,-0.9356435643557599
2008-03-25,56.31614321607805,61.55188442210799,56.31614321607805,60.99,2400647.3255999996,0.09297052154196626,0.8926829268295834
2008-03-26,61.169865884322675,61.85946353729833,60.27594300083571,60.94,1696335.0510000002,0.02588726513571512,-0.14516129032088382
2008-03-27,60.01999999999745,60.73513191489104,58.23217021276349,60.02,1094501.925,0.041702127659590374,1.0191320223595457e-12
2008-03-28,60.02052845528211,63.11094715446898,57.46646341463181,62.83,1747192.614,0.09404255319150448,0.49773755656145013
2008-03-31,61.498139917692946,63.081563786005646,61.038436213989264,62.06,952969.2119999999,0.033222591362142034,0.27500000000111435
2008-04-01,61.269197368418354,62.57171052631304,58.229999999997446,58.23,1326339.84,0.0708628595248171,-0.6999999999992492
2008-04-02,58.822785836174965,61.24925767917827,56.70281569965628,59.87,1415774.5936,0.07729049066436659,0.2303370786521957
2008-04-03,59.460999999997526,61.29999999999744,58.23499999999757,61.3,1147939.68,0.05154639175259323,0.600000000000636
2008-04-07,61.80595744680612,66.09661895551001,61.295164410055655,66.02,3390140.9025,0.07768595041323799,0.8776595744684345
2008-04-08,65.38566978192893,66.35623831775443,63.47007398753648,65.59,2883612.3359999997,0.04414062500001455,0.07079646017785038
2008-04-09,65.12635983263327,65.12635983263327,60.29934728033221,61.04,1911957.6969999997,0.07411764705883779,-0.8465608465601441
2008-04-10,60.01868770763872,61.55107973421673,59.22695182724008,61.5,1198234.2847999998,0.03872340425533518,0.6373626373634549
2008-04-11,61.80742594910048,62.57363370880007,60.7602753441777,61.22,877262.6892,0.02933884297522228,-0.32394366197025026
2008-04-14,59.507051826675465,60.73294817331943,57.617128292266024,60.12,1469453.4272,0.05236051502147534,0.1967213114761656
2008-04-15,58.743111487916124,60.78635014836538,57.976896990247646,60.25,1153751.0432,0.04782608695653805,0.5363636363643517
2008-04-16,60.356396635676845,60.356396635676845,57.597830898625176,57.7,1419909.8112,0.04570461278037971,-0.9629629629616921
2008-04-17,57.74246153845876,59.198153846151,52.99230769230515,53.12,2572246.9760000003,0.10747456877489381,-0.7448559670776583
2008-04-18,52.76732653060955,52.76732653060955,48.52755102040569,50.06,1956831.8560000001,0.08034849951599028,-0.6385542168667164
2008-04-21,54.32935175879124,54.354894472359085,49.42515075376637,50.83,2551162.488,0.09073812881995093,-0.7098445595848305
2008-04-22,50.287273603080436,53.32647398843674,48.60166666666433,53.02,1202411.9340000001,0.0939563230066203,0.578378378378796
2008-04-23,51.84350828729043,56.18508287292559,51.35827348066062,55.47,2025182.1395999996,0.09310344827587953,0.7513227513231242
2008-04-24,59.7893375527401,60.98972151898477,57.92491139240263,60.53,7975713.363,0.05126014523709397,0.24166666666741946
2008-04-25,59.33261003520867,60.02222711267343,57.621338028166484,58.03,4806438.9472,0.04046491605683935,-0.5425531914880745
2008-04-28,56.8255395683426,57.336330935249045,52.560431654673735,53.25,5210422.2975,0.08404494382024082,-0.7486631016035868
2008-04-29,53.25256166982671,54.40189753320426,52.35863377608861,53.84,2479872.28,0.038369304556372975,0.2875000000011032
2008-04-30,54.1421193232389,57.436616206586926,53.98888691005993,57.36,4223396.8172,0.06367924528303595,0.9333333333338081
2008-05-05,58.106314432987205,59.51108247422425,57.927525773193395,59.46,3241159.8624,0.02725274725276396,0.8548387096784877
2008-05-06,59.38037752414138,59.38037752414138,57.924600526775336,58.18,2189390.5838,0.024516129032274448,-0.8245614035064535
2008-05-07,57.59771111110856,60.22855999999732,57.393373333330786,57.47,3338735.85,0.049223946784938834,-0.0450450450441315
2008-05-08,56.44137466307025,56.95215633422925,55.164420485172734,56.85,2755536.0168,0.03167420814481342,0.2285714285727262
2008-05-09,57.46185852981705,57.615090152563226,54.49938049005759,55.24,2093652.9222,0.0542222222222387,-0.7131147540973148
2008-05-12,54.62707350901274,55.90400369856423,53.68214516874464,55.24,2239507.473,0.04067321178122372,0.2758620689665399
2008-05-13,52.872631578944954,56.44855835240018,52.872631578944954,55.81,2619397.0095,0.06763285024156368,0.821428571429053
2008-05-14,55.547184337877006,58.3309282886028,55.189639243288376,58.05,2320284.7644,0.056551724137948005,0.796747967480235
2008-05-15,58.714312527278096,60.68082060235441,58.12691401134622,58.51,4095113.7017,0.04349717268379192,-0.07999999999896765
2008-05-16,59.48044567062566,60.527546689301346,58.229032258062055,60.17,3839580.9747999995,0.03864319450409515,0.30000000000097954
2008-05-19,59.894962216622176,61.172040302264435,59.02654911838543,60.84,1932236.9531999999,0.035820895522404146,0.44047619047717496
2008-05-20,60.842224231461984,60.89330922242039,56.19349005424701,56.5,2581863.8748,0.07724601175484301,-0.9239130434775203
2008-05-21,55.82843665767943,57.61617250673596,54.39824797843422,56.85,1463684.2626,0.057639524245213486,0.31746031746101344
2008-05-22,56.18852823476852,58.94687416629352,54.91151622943287,57.44,1860756.9292,0.07181818181819835,0.3101265822790344
2008-05-23,57.186197985104826,59.050687691631246,56.70091984231028,58.31,1201373.5014,0.04108977221975777,0.47826086956609426
2008-05-26,57.57070561797494,57.72395505617718,55.936044943817706,56.83,1056823.825,0.031055900621134953,-0.4142857142840516
2008-05-27,56.21965501379688,56.80713891444082,54.96805887764238,55.53,781142.5488,0.032712403452993095,-0.37499999999841727
2008-05-28,56.06436123347771,58.23541850220008,55.22148017620903,57.98,973060.2429999999,0.05375854214124693,0.635593220339617
2008-05-29,57.716923076920466,57.921230769228146,56.41446153845898,56.44,868597.8470000001,0.026106194690282417,-0.8474576271163868
2008-05-30,56.722797074951714,57.79544789762077,55.522449725774436,55.88,1280681.9104,0.04007203962180892,-0.37078651685264913
2008-06-02,56.05847926267024,56.1861751152048,54.65382488479012,55.42,896240.5970000001,0.02733485193623607,-0.41666666666473395
2008-06-03,55.54615384615133,56.695384615382046,55.31630769230519,56.44,897747.084,0.02482758620691408,0.6481481481495333
2008-06-04,56.34035683202539,58.86877719756053,56.05942123585482,58.69,2766891.5034000003,0.049864007252963444,0.836363636364248
2008-06-05,57.97431476569151,58.74049513704426,57.20813439433876,57.77,1078402.6188,0.026431718061690875,-0.13333333333157518
2008-06-06,57.59048263418775,58.305575101485864,56.18583671628073,56.62,606249.0699000001,0.036807095343697346,-0.4578313252997869
2008-06-10,54.525438596488506,54.525438596488506,50.94999999999745,50.95,1124122.65,0.06557377049182049,-0.9999999999990069
2008-06-11,49.72431150077104,50.82248581742905,48.447364620936135,49.52,1037175.7535999999,0.04776579352852449,-0.08602150537523433
2008-06-12,49.24050793650534,49.7002222222196,47.248412698410206,48.27,750802.122,0.04979253112035126,-0.39583333333213166
2008-06-13,48.574153846151184,49.1359999999973,45.994769230766714,46.48,605938.606,0.06466876971610741,-0.6666666666656461
2008-06-16,47.10126696832313,47.10126696832313,44.955656108594745,45.16,962806.832,0.04555314533624587,-0.9047619047602954
2008-06-17,45.159999999997446,45.159999999997446,45.159999999997446,45.16,0.0,2.2143489813995447e-14,2.5508484213787597
2008-06-18,43.16261891437922,46.993620593170284,41.119418019024,45.64,2542807.1825,0.13609467455623295,0.42173913043514716
2008-06-19,45.1565671641763,45.1565671641763,41.06999999999745,41.07,1039789.884,0.09049773755658126,-0.999999999999131
2008-06-20,40.61082802547512,43.420382165602334,38.36318471337336,40.1,1601752.7789999999,0.12452830188681398,-0.10101010100957608
2008-06-23,39.43309352517727,40.63345323740741,38.56474820143632,39.05,592244.2360999999,0.05246113989639703,-0.1851851851838593
2008-06-24,38.766492679819294,40.860598345000575,38.71541693188804,40.12,553163.5532,0.05533596837947105,0.6309523809532795
2008-06-25,40.099033232625985,42.653111782474774,39.843625377641104,42.27,1056603.4705,0.07006369426753918,0.7727272727279039
2008-06-26,42.27445652173658,42.98967391304088,41.40597826086707,42.3,575889.8975999999,0.03746223564956939,0.016129032259662925
2008-06-27,40.83973434534846,40.83973434534846,39.66485768500698,40.38,1182080.1828,0.028767979987515978,-0.391304347823578
2008-06-30,40.895328697848235,41.89152970922617,39.84804045511758,40.41,922393.4846,0.0499687695190738,-0.2374999999986349
2008-07-01,40.226351351348626,40.76270270269995,37.74891891891636,37.8,1065252.348,0.0749206349206581,-0.8050847457615937
2008-07-02,37.79947299077485,39.33188405796843,37.7483926218684,38.77,775622.1,0.04189189189191738,0.612903225807675
2008-07-03,38.33856318152416,40.50963438101087,38.00651699807325,39.82,957613.7233000001,0.065289806795494,0.5918367346946632
2008-07-04,39.8465116279044,39.97422480619897,39.13131782945484,39.54,780745.7196,0.02115384615387073,-0.36363636363289753
2008-07-07,39.587075242716054,42.651881067958584,39.203974514560734,42.09,2027245.176,0.08709677419357145,0.7259259259264542
2008-07-08,42.144213104712684,43.038181261479316,41.37795468462699,41.71,1538743.8931999998,0.03939393939396233,-0.2615384615367738
2008-07-09,42.11608669833479,43.29094418052,42.11608669833479,43.01,1542601.4244000001,0.02789569436024156,0.7608695652189124
2008-07-10,42.780815709967214,43.802447129906724,42.14229607250501,42.27,1643082.345,0.0388059701492762,-0.3076923076905885
2008-07-11,42.017358958459894,42.80917544947039,40.58698078115062,41.2,1357873.7255999998,0.05288753799394357,-0.3678160919527094
2008-07-14,40.8603213844227,41.39661310259325,40.349567367117416,41.32,620029.2496,0.0256250000000239,0.43902439024591555
2008-07-15,41.450044929394004,41.730975609753415,39.61122593067782,39.79,818952.1056,0.051139864448574816,-0.7831325301189109
2008-07-16,39.10063914780033,39.84127829560321,37.95137150465793,38.36,843805.4258,0.048334421946464624,-0.39189189189033474
2008-07-17,38.826198514514594,39.081634031057455,37.57456448345459,37.83,967475.2461,0.03881578947370892,-0.6610169491504092
2008-07-18,38.15647773279095,38.5140350877167,35.80681511470743,37.85,1754965.134,0.07095046854085439,-0.11320754716882518
2008-07-21,37.85223574631404,40.636239590003804,37.290326713642706,39.87,1856134.9918999998,0.08839406207829682,0.6030534351150859
2008-07-22,39.71450920245156,42.14079754600969,39.45911042944544,41.63,2797383.017,0.06752411575565054,0.7142857142863976
2008-07-23,41.88744588744329,42.321645021642404,40.99350649350396,41.3,1942182.4191,0.03170731707319385,-0.44230769230543443
2008-07-24,41.37877358490322,43.57542452829932,41.37877358490322,43.32,2350811.184,0.0530864197531094,0.8837209302333167
2008-07-25,42.78301029678723,43.16614173228085,41.889036947302124,42.17,1227684.5906,0.029850746268679434,-0.4799999999976214
2008-07-28,42.39356270809977,46.35199778024161,42.39356270809977,46.02,4951736.8834,0.09337349397592483,0.9161290322584764
2008-07-29,45.21097214326065,47.254405912447574,44.70011370096392,44.93,4752514.2206999995,0.05649717514126388,-0.109999999998957
2008-07-30,45.72054149499438,46.23425544437633,43.485885815182854,43.64,3033491.6128999996,0.06011235955058222,-0.7570093457931883
2008-07-31,43.82524444444201,46.98497777777517,43.28577777777538,46.24,3588748.7399999998,0.08440797186403019,0.6527777777782958
2008-08-01,45.66999999999744,46.49195725534047,44.5911811023597,45.67,1617751.1714,0.04161979752533042,1.3494799332736345e-12
2008-08-04,45.180561017926834,46.079548872177796,44.15314632735431,44.41,1251741.8823,0.04263786242185183,-0.39999999999846453
2008-08-05,45.25643268124021,46.20676639815615,44.229044879168924,44.64,1297420.9973999998,0.04370034052215497,-0.31168831168686034
2008-08-06,44.97999999999743,45.4680753854914,43.18182752712488,44.98,893015.7783000001,0.05082809822960431,1.1219515271303622e-12
2008-08-07,45.02942840646392,45.9798498845239,43.66801385681041,44.49,878026.6616,0.051340559041663895,-0.2333333333321244
2008-08-08,44.99884753901291,45.332743097236175,42.76431572628795,42.79,1187113.1313999998,0.05707762557079728,-0.859999999998665
2008-08-11,42.51117861482124,43.898250303764044,41.791956257591636,42.28,1563290.3106000002,0.049546827794584206,-0.10975609755970725
2008-08-12,40.3522307239529,44.513313713946765,40.3522307239529,43.64,1327053.9005999998,0.1031190324634212,0.7901234567905501
2008-08-13,43.17556844547314,44.99916473317605,43.17556844547314,44.28,1036625.5115999999,0.042236763831075164,0.6056338028179745
2008-08-14,44.287245370367806,45.44323495370108,43.670717592590066,44.39,699561.1008,0.04002320185617028,0.057971014494171066
2008-08-15,44.30996621621372,45.97961711711452,43.642105855853394,45.62,1055797.0128000001,0.052753623188427134,0.5604395604404211
2008-08-18,45.61615112160298,45.89868358913543,42.842195985829825,43.51,1092588.6664,0.06700450450452496,-0.6890756302510382
2008-08-19,42.584624344784935,44.459580663946156,42.379149679671386,44.1,487726.2124000001,0.048854041013291175,0.728395061729285
2008-08-20,44.09949511400413,47.772312703580475,43.66286644950903,47.31,1920250.0020000003,0.09318578916717267,0.7812500000004327
2008-08-21,46.75137513751119,47.44493949394679,45.36424642463998,46.7,1253125.9476,0.044505494505514824,-0.02469135802344826
2008-08-22,46.06052921719702,47.49911797133145,45.98346196251125,46.6,888709.2566000001,0.03290574456220724,0.3559322033912905
2008-08-25,46.57247706421751,47.009174311923914,44.72293577981395,44.8,1028590.6208,0.049089906232783836,-0.7752808988749406
2008-08-26,43.99939716311797,44.43605200945364,43.15177304964284,43.46,1091359.2888000002,0.029188558085252645,-0.419999999997674
2008-08-27,43.1519417475702,43.948197815531316,41.867657766987755,42.33,652195.3408,0.04821428571430773,-0.3950617283936391
2008-08-28,40.58785327720742,42.77137702946225,40.58785327720742,42.72,884860.3483999999,0.053797468354453655,0.9764705882360228
2008-08-29,42.64112808460385,44.18237367802326,42.64112808460385,43.72,477149.57279999997,0.0361445783132755,0.7000000000012078
2008-09-01,43.5944868035165,44.44222873900033,42.849501466273146,43.8,578901.037,0.03653506187391726,0.12903225806604718
2008-09-02,43.278422619045045,44.30580357142593,42.66199404761651,43.15,472421.712,0.0379821958457195,-0.07812499999839244
2008-09-03,42.9756877990405,43.79769736841845,42.64174641148072,42.95,638391.336,0.02689778840408719,-0.022222222219985495
2008-09-04,42.94905314599615,43.616921197309495,39.815210751372035,42.05,980414.8515,0.08851674641150449,-0.2364864864857489
2008-09-05,41.12587429993522,41.71668948350705,40.226807716238945,41.28,460793.4298,0.03622735790133494,0.10344827586372068
2008-09-08,41.222088607592326,41.24777215189612,40.06632911392151,40.58,593224.272,0.028660436137095246,-0.5434782608669307
2008-09-09,40.632946372237186,41.35211356466617,40.581577287063695,40.71,527171.1585,0.018963337547432464,0.10000000000320283
2008-09-10,40.71332709113354,41.86922596753797,40.58489388264417,41.15,263586.1914,0.03154574132494498,0.34000000000173003
2008-09-11,40.89724310776686,42.00187969924549,40.71741854636336,41.0,421183.602,0.03140703517590321,0.08000000000193691
2008-09-12,41.35649432534418,41.48493064312475,40.68862547288521,40.74,390237.0446,0.019254658385116773,-0.7741935483829042
2008-09-16,40.20130111523915,41.768252788101506,40.04717472118711,41.46,731594.7270000001,0.042811501597467966,0.7313432835831551
2008-09-17,41.51324444444181,42.07839999999733,38.53333333333089,40.46,864892.035,0.08539603960398247,-0.29710144927455384
2008-09-18,39.56224422441983,40.74397359735704,36.428092409238516,38.92,640497.9134999999,0.10909090909093155,-0.14880952380889317
2008-09-19,42.38332333533039,42.819999999997435,41.869586082780934,42.82,1743670.6644000004,0.022424242424265522,0.4594594594616812
2008-09-22,45.083226371059226,47.11261376895875,42.64282380396485,44.03,2329103.8656,0.099145299145319,-0.23563218390742133
2008-09-23,43.15012224938612,43.406968215156276,41.17240831295592,42.02,998442.7836,0.05178571428573626,-0.5057471264354073
2008-09-24,41.35147679324646,42.71273658830364,40.01590114526583,42.61,732352.2779999999,0.06521739130437043,0.4666666666674421
2008-09-25,42.38743455497135,44.699476439787965,41.82226876090507,44.16,1075647.4038,0.0678787878788097,0.61607142857211
2008-09-26,44.56158045976756,45.22936206896292,43.94516666666414,44.69,773674.818,0.028818443804056397,0.100000000001914
2008-10-06,44.69638118214448,44.953256936064854,42.384499396861145,42.59,534543.1792,0.057471264367837255,-0.8199999999986815
2008-10-07,41.86495157384735,43.149152542370274,41.55674334140184,42.43,364890.7864,0.03803680981597404,0.3548387096788047
2008-10-08,41.86601758793707,42.91908919597721,40.29925251256029,40.89,493065.1656,0.0625766871165868,-0.3725490196067218
2008-10-09,41.617425742571506,42.00277227722495,38.534653465343986,38.92,844159.9695,0.08333333333335546,-0.77777777777681
2008-10-10,37.70821499667965,39.60903782348775,36.65505640344813,38.71,908360.3749,0.07833787465942516,0.33913043478336197
2008-10-13,38.142787206263826,39.52979765012797,37.70613577023252,39.35,641791.2616,0.047811447811472896,0.6619718309869618
2008-10-14,41.06837891927678,41.222481654433544,38.47431621080464,38.5,584794.0771999999,0.0669168230144068,-0.9345794392510612
2008-10-15,38.45293999999744,38.78686666666408,38.01626666666414,38.53,321200.55,0.020040080160346026,0.10000000000320074
2008-10-16,37.37737926136098,37.96822443181548,35.57915482954292,36.17,723392.8064,0.06391752577322089,-0.5053763440847329
2008-10-17,36.41852075471424,36.72671698112931,33.336558490563526,34.03,1296073.395,0.09308885754586409,-0.7045454545444901
2008-10-20,33.93020331325046,34.6237048192745,32.56888554216622,34.11,791966.8768,0.06056018168057274,0.08750000000120615
2008-10-21,34.42275449101539,34.525508982033344,33.395209580835825,34.32,606780.3384,0.03283582089555044,-0.09090909090673939
2008-10-22,33.90607651912724,34.39411852962983,33.41803450862465,34.24,536930.1339,0.028787878787907433,0.34210526316017714
2008-10-23,33.44524663676879,34.44706278026648,33.342496263076725,34.37,281415.2514,0.03302611367130387,0.8372093023271538
2008-10-24,35.08685840707706,35.08685840707706,34.1621681415904,34.83,368447.8452,0.026354319180115673,-0.2777777777747017
2008-10-27,33.83418196328541,34.29660814046015,32.11292897046831,32.19,583491.6521,0.06454062262721051,-0.7529411764690701
2008-10-28,31.667389033939802,31.94990426457511,28.970652741511838,29.51,1990080.2943000002,0.09407948094082337,-0.7241379310333773
2008-10-29,29.28753623188123,29.338917874393303,26.564309178741397,26.59,1549464.8625,0.0947368421052941,-0.9722222222209463
2008-10-30,26.556550424125682,27.94344957586919,25.68331762487977,27.25,1351234.7463,0.08510638297875794,0.3068181818191804
2008-10-31,27.026028169011543,27.668281690138244,26.743436619715798,27.36,603798.2355,0.03422053231942729,0.36111111111350325
2008-11-03,27.20394837475839,27.614961759079577,26.613116634796686,26.87,219616.48640000002,0.036827195467457656,-0.3333333333304308
2008-11-04,26.96904315196745,27.97075046904053,26.712195121948714,27.38,532683.0782,0.04666666666670215,0.32653061224667773
2008-11-05,27.612556053809183,28.768430493270962,27.484125560535652,28.64,827732.1805000001,0.04651162790701125,0.8000000000013782
2008-11-06,27.740364333650266,28.459558964522678,26.635886864810484,26.79,750532.5786,0.06574074074077446,-0.521126760561687
2008-11-07,26.073484119343018,26.792752646773167,25.5340327237704,26.69,1225597.6465,0.048275862069001974,0.48979591836899794
2008-11-10,27.02584229390439,28.772759856628245,26.94877240143128,28.67,1247620.9284,0.06749049429661225,0.9014084507051426
2008-11-11,28.260162601623463,29.673170731704637,27.951869918696666,28.44,837248.0112000001,0.06090909090912403,0.10447761194173134
2008-11-12,28.003252032517796,28.773983739834797,27.797723577233263,28.44,613761.5376,0.034862385321135246,0.4473684210548073
2008-11-13,28.099882253992586,30.6941126997451,27.868713204371076,30.54,1917990.6436,0.10054844606950183,0.8636363636369686
2008-11-14,30.3394827586182,31.932241379307722,30.108275862066495,31.29,1576762.0218,0.06011854360714351,0.5211267605645028
2008-11-17,31.239128329295298,32.34380145278189,30.879467312346172,31.83,1562007.0522,0.046875000000030524,0.4035087719313034
2008-11-18,31.518562499997188,32.10937499999714,28.64156249999745,28.77,1168071.2959999999,0.11002444987777878,-0.7925925925916245
2008-11-19,28.773221757319767,31.136736401671033,28.773221757319767,30.7,1596068.29,0.08214285714288903,0.8152173913050901
2008-11-20,30.569692058344362,32.26515397082397,30.338492706642597,31.7,2517056.8062,0.06302521008406434,0.5866666666676946
2008-11-21,30.801402390435793,33.06205577688979,30.056414342627086,32.24,1651826.3565000002,0.09758131776483324,0.4786324786331749
2008-11-24,32.08692633361286,32.343827265026896,30.211549534290413,30.34,1043105.1409,0.06645316253005311,-0.8192771084321437
2008-11-25,30.776206896549073,31.212931034480068,29.59448275861814,29.8,896860.4959999999,0.05258764607682545,-0.6031746031726442
2008-11-26,29.692942191541874,30.155289042275225,29.230595340808524,29.77,559979.6584000001,0.03114186851214333,0.0833333333360191
2008-11-27,31.4665217391277,31.851826086953754,29.514313043475696,29.54,1608498.33,0.07428571428574372,-0.8241758241743734
2008-11-28,29.543103448273182,29.543103448273182,26.588793103445862,28.31,2096727.9038,0.10000000000003054,-0.4173913043468158
2008-12-01,27.05053072625446,27.8725791433866,26.66519553072377,27.59,1612756.6344,0.04463437796774653,0.44680851064005905
2008-12-02,26.587783018865416,27.743773584903042,26.587783018865416,27.23,1183094.514,0.043478260869601194,0.555555555557298
2008-12-03,27.461755926248685,29.31137840210454,27.461755926248685,29.26,2636734.3145,0.067352666043065,0.9722222222230846
2008-12-04,29.665891472865663,30.92444444444178,29.28062015503624,29.82,2712818.0259,0.05541125541128715,0.09375000000150494
2008-12-05,29.87568846815578,30.15826161789758,28.822461273663617,29.85,1856294.419,0.04471195184869917,-0.019230769228832698
2008-12-08,30.51831442463286,31.72568881685318,30.132982171796584,31.7,3047547.483,0.05218855218858317,0.7419354838721157
2008-12-09,31.82752293577716,31.82752293577716,30.56880733944699,30.8,1908243.3909,0.03954802259890022,-0.8163265306095543
2008-12-10,30.692219492216974,31.488419328416747,30.512432432429932,31.36,2448671.544,0.03179916317994781,0.6842105263177248
2008-12-11,31.443609022553765,32.111528822052456,30.59586466165158,30.75,2289733.5195000004,0.04820261437911529,-0.4576271186420713
2008-12-12,30.204413062662823,30.6667255074995,28.920211827005392,29.1,1458975.3167,0.05782312925173184,-0.6323529411746371
2008-12-15,29.877068965514667,30.313793103445665,29.20913793103196,29.8,1216815.988,0.03697334479796881,-0.06976744185807632
2008-12-16,29.62017241379055,29.877068965514667,28.97793103448026,29.8,693417.7239999999,0.030355594102374497,0.20000000000263668
2008-12-17,30.07610641891638,30.94936655405144,29.92200168918666,30.41,1473466.3328,0.03415883859951978,0.3250000000021838
2008-12-18,30.3094214876008,31.234115702476753,29.821388429749597,31.08,1031857.1449999999,0.046610169491556906,0.5454545454559759
2008-12-19,31.179784589889714,31.462303231149008,30.871582435788657,31.0,990324.4294,0.018945634266917862,-0.30434782608209565
2008-12-22,31.00828451882586,31.18811715480911,30.237573221754793,30.7,600897.8629999999,0.030654515327288998,-0.3243243243212837
2008-12-23,30.64775862068701,31.161551724135247,29.79999999999743,29.8,1215842.748,0.04442581726742447,-0.6226415094316136
2008-12-24,29.259857142854685,31.083781512602428,29.105722689073183,30.57,1575844.529,0.06760316066728385,0.6623376623386259
2008-12-25,30.52038461538195,30.751599650346964,29.107403846151303,29.39,860928.8688,0.053872053872084893,-0.6874999999980201
2008-12-26,29.406378233717263,29.586155218552214,27.968162355037645,28.79,922052.8791000001,0.05502183406116734,-0.38095238095055556
2008-12-29,28.257425742571712,29.002394239421328,27.435391539151446,28.54,691020.7799,0.05545454545457874,0.1803278688539844
2008-12-30,29.079999999997426,29.876360424025627,28.900176678442673,29.08,862748.14,0.03356890459367287,2.634918595077498e-12
2008-12-31,29.05275066548101,29.54081632652799,28.6674356699176,28.95,603360.4122,0.03006189213089094,-0.11764705882045874
2009-01-05,29.080349040137076,29.645514834203343,29.003280977309856,29.44,597069.7818000001,0.022084805653743884,0.560000000003134
2009-01-06,29.25481327800587,31.027053941906136,29.17775933609716,30.95,1255394.6665,0.06321334503954036,0.9166666666675604
2009-01-07,30.825316455693603,31.15925738396362,30.439999999997433,30.44,1241144.7075,0.023333333333365132,-0.5357142857099673
2009-01-08,29.929450915138943,31.65071547420702,29.826688851910994,30.88,1890801.4121999997,0.06094420600861517,0.5211267605645002
2009-01-09,30.771403368080932,32.209799518842644,30.7200320769823,32.03,1939493.5172000001,0.04841402337231803,0.8448275862080552
2009-01-12,32.369302325578886,33.62810852712917,32.1124031007727,33.14,2719816.0050000004,0.046825396825426184,0.5084745762725473
2009-01-13,32.49431279620597,32.98236966824384,31.90350710900222,32.52,1170376.6146,0.033201581027697734,0.023809523811882276
2009-01-14,32.36624999999747,33.11118749999741,32.26349999999748,32.88,1011193.4720000001,0.026190476190506323,0.6060606060629234
2009-01-15,32.75378486055516,32.75378486055516,32.034486055774344,32.24,2381765.355,0.021960784313755158,-0.714285714281151
2009-01-16,32.026987577637264,33.13136645962476,32.026987577637264,33.08,1766767.2456,0.034482758620719846,0.9534883720944832
2009-01-19,33.36184688239673,34.28642462509595,32.1033938437228,32.54,2181285.6982,0.06543494996153679,-0.376470588233945
2009-01-20,32.36931818181555,32.574837662335014,31.367410714283167,31.65,1234244.8272000002,0.037301587301616944,-0.5957446808484426
2009-01-21,31.57241922773589,32.83120567375628,31.57241922773589,32.6,1293440.1786,0.03986981285601094,0.8163265306136371
2009-01-22,32.570196078428815,32.80137254901703,32.00509803921318,32.75,735907.4325,0.024447949526843586,0.22580645161585192
2009-01-23,32.778259493668294,32.881012658225245,32.161740506326566,32.47,1020662.6832000001,0.021943573667741478,-0.4285714285672637
2009-02-02,32.62455089820115,34.705329341314766,32.23922155688382,34.32,1589756.3664,0.07559055118113048,0.6875000000007653
2009-02-03,34.3734361233455,35.34966226137773,34.039464023492364,34.99,2744795.8331999998,0.0381165919282791,0.47058823529571686
2009-02-04,35.314316860462554,35.80229651162531,35.006119186043975,35.34,1998708.3872,0.022545454545482083,0.032258064519313116
2009-02-05,35.44907063196763,35.47475836430963,34.293122676577376,34.55,1901702.3595,0.033333333333360575,-0.7608695652145803
2009-02-06,35.23904899135192,35.778422190199144,34.802413544666074,35.65,2680091.282,0.027696793002943042,0.4210526315811525
2009-02-09,35.88136917562467,36.472114695337886,35.23925448028421,35.83,3386644.29,0.03435934144598258,-0.04166666666455229
2009-02-10,35.60274963820292,35.808248914613905,34.6780028943535,35.5,3442968.5844,0.03174603174605888,-0.09090909090673757
2009-02-11,34.93760445682208,37.12120473537346,34.55226323119536,36.89,4706133.584799999,0.07352941176473254,0.7600000000007031
2009-02-12,36.65126616745836,38.1152620830471,35.98347855683894,37.73,4977243.3242999995,0.05816398037844197,0.5060240963865095
2009-02-13,37.68350100603368,38.71099932930659,37.04131455398812,38.3,3983260.3251,0.044308111792799726,0.3692307692320909
2009-02-16,38.48101214574639,38.63514170040225,37.11953441295296,38.07,3361852.9776,0.03938584779708776,-0.2711864406760914
2009-02-17,38.14248067462837,38.21953619114278,36.37020379479716,36.55,3059911.7635000004,0.04848484848487338,-0.8611111111092552
2009-02-18,35.77975280898608,35.77975280898608,34.1615730337053,34.29,4650203.631,0.045226130653293076,-0.9206349206327625
2009-02-19,34.67647058823268,34.984705882350305,33.597647058820996,34.06,2807484.3732000003,0.040000000000027715,-0.44444444444227243
2009-02-20,34.13441708906342,35.932317161474586,33.77483707458119,35.47,3102566.4765999997,0.06320541760725076,0.6190476190485253
2009-02-23,35.19212034383701,36.21962750716072,34.832492836673715,35.86,2289037.6728,0.03941605839418792,0.4814814814829921
2009-02-24,35.37181614349511,36.27088191330072,34.34431240657441,34.37,1926896.4822000002,0.0544662309368458,-0.5199999999983969
2009-02-25,34.883561232153646,35.037685950410584,33.11112697219886,34.19,1868578.1224000002,0.055228276877788425,-0.35999999999847804
2009-02-26,34.36370486655931,35.18555729984025,32.46317111459714,32.72,2032803.3180000002,0.07922272047835252,-0.6037735849044957
2009-02-27,32.31136942674902,32.67095541401014,30.95007961783193,32.26,2391346.756,0.05325914149446498,-0.029850746267146594
2009-03-02,31.57241922773589,32.933963750982436,31.366903073283584,32.6,1144881.2673,0.04963384865747516,0.6557377049192548
2009-03-03,31.980754124113748,32.931186174388614,31.698193244302303,32.7,945878.4630000001,0.038554216867499894,0.5833333333349473
2009-03-04,32.951313207544686,34.44092830188419,32.69448301886546,34.03,2540138.685,0.05300077942325535,0.6176470588246473
2009-03-05,34.396517110263545,34.447893536119054,33.26623574144233,33.78,2472503.765,0.03435399551907236,-0.5217391304321638
2009-03-06,33.28519245282768,34.415245283016276,32.951313207544686,34.03,1515201.4975,0.04398148148151026,0.5087719298259662
2009-03-09,34.03451638065257,34.573931357251595,32.62176287051227,32.93,1115936.8992,0.05735849056606566,-0.5657894736826017
2009-03-10,32.85639356814449,33.70413476263141,32.57381316998219,33.55,788598.3232000001,0.03440187646601845,0.6136363636380977
2009-03-11,34.06501156514772,34.27053199691332,33.165859676173234,33.32,781933.8036,0.03242835595779617,-0.6744186046482257
2009-03-12,33.13431448489286,33.46822618125224,32.800402788533475,33.16,1173089.2261,0.020155038759719354,0.03846153846532466
2009-03-13,33.36666926676807,33.649219968796125,32.75019500779776,32.93,589711.2824,0.026943802925356274,-0.48571428571089253
2009-03-16,32.87610208816451,33.441160092804836,32.413781902549694,33.21,520980.2148,0.031250000000029504,0.3250000000021867
2009-03-17,33.26238704819026,34.2384262048167,33.133960843371,34.11,1133811.3408,0.0332046332046622,0.7674418604667513
2009-03-18,34.217774502576695,35.32240235814036,34.03795136329889,34.86,1660524.3967,0.037537537537565765,0.5000000000016105
2009-03-19,34.732245487362114,36.350685920574996,34.732245487362114,35.58,1976649.9785,0.046597633136122196,0.523809523810785
2009-03-20,35.57982583454024,36.71015965166642,35.24586357038932,35.4,2082269.8935999998,0.0411552346570666,-0.12280701754202505
2009-03-23,35.31765972720493,36.16528356065785,35.29197415649424,35.78,1612930.1832,0.02472727272730016,0.529411764708219
2009-03-24,36.21332426920216,38.52481305234272,35.75102651257405,37.78,2579990.8717,0.07659574468087645,0.5648148148155383
2009-03-25,36.9667158931057,38.22548523206483,36.427243319266076,36.53,2019887.1522000001,0.04864489228633575,-0.24285714285557916
2009-03-26,37.68586558044551,38.45653767820513,36.52985743380607,37.84,4198440.0504,0.0511247443763034,0.0800000000012926
2009-03-27,37.86077188145846,37.989200551341284,37.11588559613804,37.27,2497033.155,0.023066485753078545,-0.6764705882315906
2009-03-30,37.268975988697925,37.34603107344368,36.16451977400874,36.37,2372383.1088,0.03170227429361662,-0.7608695652145684
2009-03-31,35.88353272343168,36.55137227304458,35.061576354677335,36.5,1865317.7116,0.04151753758055643,0.4137931034497208
2009-04-01,36.656062499997454,37.4009999999974,36.527624999997464,36.99,1885574.16,0.023826208829739303,0.3823529411789774
2009-04-02,37.19862068965261,37.96931034482497,36.99310344827332,37.25,2097445.735,0.026243093922677978,0.0526315789499463
2009-04-03,37.71101928374396,37.71101928374396,36.42658402203605,37.3,2300099.406,0.03405994550411294,-0.31999999999775114
2009-04-07,37.24489795918105,37.6815622800818,35.960591133002396,36.5,1909295.8143,0.046206896551749824,-0.43283582089377776
2009-04-08,36.41988295537407,36.41988295537407,35.084316020480244,35.11,2087080.2365,0.036671368124144815,-0.9807692307665751
2009-04-09,35.21725090908835,35.60255999999741,34.80625454545201,35.32,1615112.2625000002,0.022611232676905957,0.12903225806757818
2009-04-10,35.62337606837353,36.265470085467506,35.31517094016843,36.06,1651609.1591999999,0.02667627974047431,0.45945945946168126
2009-04-13,36.34607843137001,36.73137254901704,36.06352941176218,36.68,2751477.1116,0.01837455830391395,0.5000000000030869
2009-04-14,36.7784162578811,37.00956552207169,36.31611772949991,36.65,2706464.3251,0.018854748603378657,-0.18518518518122065
2009-04-15,36.367484232653375,36.855466012611295,36.110651716886046,36.65,1859834.786,0.020480225988727577,0.3793103448305192
2009-04-16,36.72904564315098,37.55095435684387,36.60062240663647,37.14,3131984.0886000004,0.02587412587415229,0.43243243243468726
2009-04-17,37.16344366196922,37.47164084506779,36.41863380281434,36.47,3022063.028,0.028334485141698593,-0.6585365853627938
2009-04-20,36.479478380230844,37.507069320519044,36.299649965680416,37.43,2794683.5017,0.03309859154932231,0.787234042554673
2009-04-21,36.88816271186191,37.94137627118387,36.7340338983026,37.89,3301840.01,0.03272980501395372,0.829787234043993
2009-04-22,37.93460791117016,39.526988202634314,36.727480916027986,37.01,5062782.021,0.07379823967504133,-0.3302752293567625
2009-04-23,36.86293463142998,37.094130737132325,36.09228094575548,36.94,1847060.6700000002,0.027177700348458414,0.07692307692556427
2009-04-24,37.19149786019706,37.19149786019706,35.95863052781483,36.01,1510167.1039999998,0.03314917127074434,-0.9583333333304697
2009-04-27,36.22046613255381,36.47734887108256,35.16724690458593,35.27,1268650.2151,0.03617021276598418,-0.7254901960759135
2009-04-28,34.18589379206925,34.802318623782,33.90336574420091,34.34,2302924.4742,0.02629601803158381,0.1714285714312348
2009-04-29,33.78239852398275,35.066900369001104,33.78239852398275,34.81,2874011.639,0.038022813688241376,0.8000000000013774
2009-04-30,35.18862973760676,36.16466472302943,35.0602040816301,35.24,2990139.4068,0.031386861313896106,0.04651162790926606
2009-05-04,35.62533380182462,36.70411103302623,35.240056219252615,36.55,2633356.4141,0.04109589041098583,0.6315789473697457
2009-05-05,36.85524647887065,37.13776056337767,36.238852112673506,36.47,2914495.614,0.024390243902465504,-0.42857142856809943
2009-05-06,36.58053979238501,37.659460207609854,36.426408304495745,37.12,3716082.8019999997,0.033707865168565956,0.43750000000172434
2009-05-07,37.2691848207985,37.500351370341704,36.06198172873955,36.55,2586752.5949000004,0.03859407305309273,-0.4999999999978641
2009-05-08,36.44999999999743,36.65549682875006,35.67938689217508,36.45,2543446.6761,0.026779422128285886,2.6351178356756234e-12
2009-05-11,36.57645714285453,37.372714285711616,35.90862857142601,35.96,4541093.62,0.04002808988766668,-0.4210526315769044
2009-05-12,35.682084805651186,36.40137809187022,35.50226148409643,36.35,2227617.8030000003,0.025197984161294516,0.7428571428591749
2009-05-13,36.40207207206955,37.532411642409045,36.40207207206955,37.07,4578388.2066,0.031051517290076075,0.5909090909108388
2009-05-14,36.86095238094987,38.37648979591575,36.73251700680022,37.76,4200477.519,0.04459930313591431,0.5468750000012332
2009-05-15,38.03799589603023,38.29483584131065,37.113372093020715,37.55,2369926.7078,0.031060094530748032,-0.413043478258349
2009-05-18,37.607063655028234,37.607063655028234,36.60523613962789,37.53,2511124.1388,0.026639344262320994,-0.07692307692044248
2009-05-19,37.62662292817419,38.01187845303605,37.01021408839523,37.19,3544876.312,0.026621160409582244,-0.4358974358944337
2009-05-20,37.35187279151679,37.50600706713516,36.27293286218825,36.35,3298747.0500000003,0.03301237964239179,-0.8124999999972525
2009-05-21,36.13800432276396,36.3948487031674,35.495893371755365,35.65,2503665.9332000003,0.02487562189057408,-0.5428571428536814
2009-05-22,35.598838709674865,35.907053763438284,35.11083154121612,35.83,3005604.0854999996,0.02236652236654976,0.29032258064802396
2009-05-25,35.057700650756686,35.80251626897789,34.929284164856476,35.52,1741839.2652,0.024908424908452763,0.5294117647082174
2009-05-26,35.62452329748848,36.03547670250637,35.23925448028421,35.83,1831708.7955,0.022350396539320815,0.25806451613193976
2009-05-27,35.88253968253709,35.98528138527879,35.54862914862658,35.6,1713125.2445999999,0.012168933428803546,-0.6470588235220393
2009-06-01,35.785861329518525,36.32534667619469,35.58034310221333,35.94,2692523.5142,0.020818377602324627,0.2068965517273095
2009-06-02,36.171379800850914,36.582418207678764,35.965860597436986,36.12,2407144.1278000004,0.01704545454548173,-0.08333333332903885
2009-06-03,36.44725931131156,36.62705551651183,35.93355586788223,36.55,3991547.729,0.019027484143790057,0.14814814815163704
2009-06-04,36.47371428571168,36.602142857140244,35.57471428571174,35.96,3554931.8000000003,0.028169014084533782,-0.4999999999970098
2009-06-05,36.17085920577356,36.19654873645948,35.47724187725375,35.58,2745579.126,0.019886363636390698,-0.8214285714238596
2009-06-08,35.5206410256385,36.16273504273247,35.3922222222197,36.06,2726540.2007999998,0.02169197396965892,0.7000000000024215
2009-06-09,36.05907042253267,36.521366197180534,35.49404225351863,36.47,2661052.026,0.02849002849005559,0.40000000000210884
2009-06-10,36.60645695363996,38.918443708606695,36.529390728474404,38.79,11277664.671,0.06526315789476235,0.9139784946243472
2009-06-11,38.508094594591995,39.021878378375746,37.917243243240684,38.02,6235336.348,0.02868579052704328,-0.441860465113552
2009-06-12,37.760432658755214,38.27418004186753,36.34762735519635,36.81,4259363.649900001,0.05102040816329031,-0.493333333331743
2009-06-15,36.85787671232624,37.49999999999743,36.67808219177831,37.5,2819480.898,0.02229965156797071,0.7812500000021825
2009-06-16,37.24547890153803,38.6839249832526,37.01430006697676,38.35,5733736.609,0.04482758620692222,0.6615384615396038
2009-06-17,38.16827540983356,39.52959344262036,38.014163934423735,39.17,5761196.6975,0.0397039030955838,0.661016949153801
2009-06-18,39.35255752793955,39.660802103876414,38.581946088097396,39.07,4341114.8469,0.027415143603157763,-0.26190476190213574
2009-06-19,39.016896337676044,41.534115456235796,38.91415270018381,41.38,7666502.3559,0.06714944042135382,0.901960784314359
2009-06-22,41.56019059720193,41.68862134688427,40.352941550188035,40.43,4130126.5763999997,0.03213844252165501,-0.8461538461512856
2009-06-23,39.685484886647366,41.689023929468405,39.6341120906776,40.79,4517310.552,0.05177993527510495,0.537500000000991
2009-06-24,40.52957800511249,41.04326086956259,39.63063299232483,40.17,4548665.1868,0.03485424588088565,-0.25454545454344996
2009-06-25,40.22490566037474,40.22490566037474,39.377254391669524,39.48,3482226.5851999996,0.021072796934890205,-0.8787878787838125
2009-06-26,39.47999999999743,39.47999999999743,39.47999999999743,39.48,0.0,2.532928064843059e-14,2.5650592760939617
2009-06-29,39.430188067442316,40.27787289234499,39.250376134887205,39.61,3011637.795,0.026058631921848874,0.17500000000233232
2009-06-30,39.93798828124741,40.70849609374735,39.24453124999744,39.45,2331356.4672,0.03665594855307881,-0.3333333333313535
2009-07-01,39.354493506490954,39.81688311688053,39.20036363636109,39.56,2576965.622,0.0156657963446726,0.3333333333369571
2009-07-02,39.78881899871375,40.585109114246436,39.60901155327088,40.02,3117695.4156,0.024531956100734807,0.23684210526554678
2009-07-03,39.81314102563847,40.35254487179229,39.68471153845899,40.07,2301468.312,0.016774193548411996,0.384615384618652
2009-07-06,40.27627204029972,40.96980478589162,40.122153652390416,40.79,3587960.5480000004,0.021045918367371148,0.6060606060629321
2009-07-07,40.846551724135324,40.97499999999738,40.075862068962955,40.23,3031117.1837999998,0.022012578616376115,-0.6857142857106716
2009-07-08,39.93798828124741,40.0407226562474,39.01337890624746,39.45,3877651.968,0.025723472668834756,-0.47499999999703996
2009-07-09,39.76027397260027,41.48116438355906,39.63184931506603,41.25,5645594.1234,0.04651162790700069,0.8055555555565079
2009-07-10,41.27823824451152,41.58647648902561,40.610388714730995,40.97,3482531.7724999995,0.023646546359700125,-0.3157894736812576
2009-07-13,41.223777506109954,43.021699266501045,41.09535452322488,42.02,5739745.017599999,0.04672897196264,0.41333333333445094
2009-07-14,42.22823529411515,43.92352941176211,41.7401960784289,43.23,4453510.6737,0.0517031630170542,0.4588235294127222
2009-07-15,43.28274836406644,44.28454491373919,42.846067816773186,43.18,3855585.8103,0.03323442136500744,-0.07142857142674389
2009-07-16,43.406634787803746,43.66347878063099,42.687471607887474,42.97,3185286.0991,0.0224852071006142,-0.4473684210495484
2009-07-17,43.15081967212863,44.12685011709344,42.71417447306541,43.87,3999529.8307999996,0.03273809523811782,0.5090909090923584
2009-07-20,44.41539503385755,46.13652370202901,44.389706546272905,45.52,7057314.9848,0.03932909196069243,0.632352941177576
2009-07-21,45.773340961095776,46.44118993134745,44.74588100686243,44.9,5469850.34,0.037037037037057866,-0.5151515151496981
2009-07-22,45.08113522537312,46.365498052306826,44.51601558152228,46.16,4339694.6208,0.041025641025662425,0.5833333333344032
2009-07-23,46.21377178189735,46.49634626194231,45.3146711635725,45.7,3382874.8842,0.025569760978342466,-0.4347826086931096
2009-07-24,45.975816618908546,46.361088825212256,44.15219484240436,44.82,3940030.265,0.04804469273745081,-0.5232558139520918
2009-07-27,45.157253121450324,45.953541430190356,44.30959137343675,45.26,5360202.225000001,0.03640500568830365,0.06250000000152742
2009-07-28,45.38648829431185,46.61939799330843,44.56454849498079,46.08,5441784.8706,0.04527447651388627,0.33750000000108465
2009-07-29,46.02588373458333,46.616617733408894,42.430111567819004,43.74,5857535.598200001,0.09095982142859117,-0.5460122699379081
2009-07-30,44.00137346580691,44.82334891875835,43.205084745760196,43.95,4167017.1369,0.036777583187412435,-0.0317460317444295
2009-07-31,44.38179310344573,44.946839080457195,43.86811494252622,44.69,4569131.424,0.02430555555557762,0.285714285716394
2009-08-03,45.054118993132434,45.20823798626744,44.206464530889924,44.9,4169504.0504,0.02223489167619046,-0.15384615384343756
2009-08-04,44.94842406876534,45.07684813753325,44.049455587390035,44.82,4610222.992,0.022857142857164683,-0.12499999999738598
2009-08-05,44.720869565214834,46.08619565217128,44.437499999997456,45.03,5934127.1808,0.03686635944702619,0.1875000000014488
2009-08-06,45.03405162738243,46.65713243546315,44.54455106621523,45.91,7208721.927,0.04691075514876264,0.41463414634248524
2009-08-07,45.85296912113743,46.16209026127993,43.25119952493805,43.38,5794081.544,0.06348314606743628,-0.8495575221227167
2009-08-10,44.132209781965585,44.72476134354481,43.02439599292617,43.72,3721719.549,0.03852889667252618,-0.24242424242258914
2009-08-11,43.91820345032458,44.046995835809405,43.14544913741564,43.3,2400011.9447,0.020527859237559093,-0.685714285710677
2009-08-12,43.17705289672272,43.486196473548894,40.70390428211331,40.91,3531067.1132000005,0.06443914081147739,-0.8148148148135985
2009-08-13,41.221526908633216,41.58221526908376,40.75778473091109,41.17,2463526.1782,0.020000000000023922,-0.06249999999679726
2009-08-14,41.26684280052567,41.44715984147678,38.84544253632504,39.0,3275202.4378,0.06304619225969814,-0.8712871287115448
2009-08-17,38.640743289742694,39.41355815553755,37.30119752236495,37.43,3125271.5035,0.0546666666666911,-0.5731707317058263
2009-08-18,37.610869565214834,38.28065217391045,37.3790217391279,37.92,1876347.9488,0.02397260273975196,0.34285714285962415
2009-08-19,38.24935714285441,38.24935714285441,35.23577142856891,36.06,2758949.1999999997,0.07878787878790283,-0.7264957264946291
2009-08-20,36.16304256803655,36.935757152823655,35.59638520585934,36.91,2345194.4924,0.03703703703706356,0.5576923076938158
2009-08-21,36.81508321775057,37.201525658804634,36.24830097087128,37.15,2951842.7833999996,0.025892232330327294,0.35135135135368334
2009-08-24,37.22812929848437,37.82068775790661,36.944731774412865,37.46,2522821.2961999997,0.023529411764732014,0.2647058823555861
2009-08-25,37.45528907922645,37.6098501070637,35.44599571734223,36.09,3055266.6156,0.057771664374165414,-0.6309523809508999
2009-08-26,36.21426388888638,37.45059722221962,36.05972222221972,37.09,2644763.76,0.03840682788053859,0.6296296296310286
2009-08-27,37.227610441764575,39.134076305218265,36.86692771084091,38.49,4689572.3262,0.06089965397926385,0.5568181818190752
2009-08-28,37.922539682537064,38.64389233954184,36.660172532778695,37.33,3254972.1624000003,0.05230978260872063,-0.2987012986998495
2009-08-31,36.8877286135666,37.01652654866984,34.826961651914836,34.93,2701733.5884000002,0.05935754189946686,-0.8941176470572384
2009-09-01,34.9349218168254,35.42442293372782,34.34236783320668,34.6,1729690.1242999998,0.030973451327461304,-0.30952380952114683
2009-09-02,34.598475836428655,35.03643122676319,34.263568773231654,34.65,1100423.4515,0.02233804914373627,0.06666666666991157
2009-09-03,34.703024251067426,36.37763195434833,34.703024251067426,36.12,2655082.5042,0.04825538233113352,0.8461538461548784
2009-09-04,36.066951566949,36.24728632478375,35.732044159541616,36.17,2150013.996,0.0142857142857418,0.20000000000460674
2009-09-07,36.40032716927195,36.78674253200307,36.065433854904974,36.22,2393531.9388,0.0198159943383141,-0.24999999999608252
2009-09-08,36.069306930690516,36.4557637906622,35.57979490805972,36.43,2697721.2514000004,0.024285714285741382,0.41176470588482594
2009-09-09,36.44848270994803,36.52575864502212,35.80451658433058,36.5,2680712.3408,0.019787985865751086,0.0714285714320394
2009-09-10,36.57758865247967,37.17004255318885,36.21696453900452,36.32,3127642.965,0.0260563380281956,-0.2702702702672774
2009-09-11,36.060308555397185,36.93605890602826,35.93152173912791,36.73,2879401.303,0.027857142857169774,0.6666666666685706
2009-09-14,36.81174810736154,37.636083964209384,36.81174810736154,37.43,2847012.9949,0.022393282015421977,0.7500000000022169
2009-09-15,37.4542405498256,37.86639175257471,37.016329896904665,37.48,2581074.843,0.022696011004152562,0.03030303030602811
2009-09-16,37.55945795691191,37.791306462818774,36.683585823485984,37.07,2556044.6155000003,0.029492455418407098,-0.44186046511355515
2009-09-17,37.14866666666414,37.99880952380694,37.097142857140334,37.87,2515263.0509999995,0.02427184466022048,0.8000000000019639
2009-09-18,37.91921513664766,38.1252978276077,36.45087596355736,36.76,2486213.0112,0.04415760869567756,-0.6923076923057387
2009-09-21,36.300160278743114,37.07305226480578,35.78489895470134,36.97,1766032.9749999999,0.03548616039747161,0.5200000000015957
2009-09-22,36.94492610837178,38.00123152709092,36.53270935960334,36.61,2758439.9423,0.03974895397492149,-0.2280701754366847
2009-09-23,36.454577714688675,37.227466288144974,35.91355571326927,36.3,1746204.6979999999,0.0360424028268816,-0.1176470588214749
2009-09-24,36.06423982869122,36.50216274089676,35.626316916485685,36.09,1289296.1685000001,0.024285714285741344,0.029411764708787938
2009-09-25,36.16880629020471,36.374896354536354,35.936954967831596,36.04,864078.0802000001,0.01210826210828941,-0.2941176470522739
2009-09-28,36.137566176467935,36.29211029411498,34.8496985294092,35.03,1182437.0399999998,0.03991446899503719,-0.7678571428548279
2009-09-29,34.986796407183014,35.16714071856025,33.98202095808129,34.42,1307468.9184,0.03387334315172132,-0.4782608695626416
2009-09-30,34.51424310215999,35.02938105890865,34.46272930648512,34.54,795029.1489,0.01641791044778976,0.04545454545901587
2009-10-09,35.14017266186797,35.86152517985353,35.06288489208381,35.81,1396796.5440000002,0.022727272727300393,0.8387096774215435
2009-10-12,36.01151862463925,36.7842979942667,35.93424068767651,35.96,1297833.4196,0.023605150214619324,-0.06060606060295457
2009-10-13,36.06847360912724,36.248815977172875,35.75931526390615,36.12,1200855.9012,0.013571428571455778,0.10526315789978793
2009-10-14,36.19240282685257,36.887915194343684,36.19240282685257,36.45,1776062.437,0.019217081850560768,0.37037037037353987
2009-10-15,36.78829059828798,36.8398148148122,35.98966524216269,36.17,1844064.2843999998,0.023109243697505586,-0.7272727272688394
2009-10-16,36.3269448373383,36.558818953321314,35.94048797736662,36.43,1231574.7696,0.017021276595771656,0.1666666666705723
2009-10-19,36.423300835652064,37.01575905292221,36.13995125347938,36.99,2009084.3368,0.024045261669050726,0.6470588235316141
2009-10-20,37.04272033309944,37.583678001385316,36.83664122137149,37.12,3052907.0671,0.020166898470123856,0.10344827586537922
2009-10-21,37.1464050455475,37.35248773650754,36.708479327257415,36.76,2351925.747,0.017337031900165053,-0.5999999999950766
2009-10-22,36.81457484188075,36.99491215741131,36.42813773717242,36.66,1645401.5238,0.01539538138561091,-0.27272727272223846
2009-10-23,36.862085635356564,37.89247237568799,36.862085635356564,37.3,4095228.2424000003,0.0279524807826959,0.42500000000208965
2009-10-26,37.2230395558614,37.480638445521336,36.99120055516745,37.12,1692840.688,0.013148788927362064,-0.2105263157837821
2009-10-27,37.35337039610581,37.971633078524114,36.915434329392845,37.07,3860009.1432999996,0.02827586206899157,-0.2682926829241324
2009-10-28,36.916951983295974,37.20033402922497,36.53052192066552,37.02,1970753.9631,0.01814375436150589,0.15384615384977002
2009-10-29,36.653335694048394,36.96242917846763,36.08666430594645,36.37,1887146.472,0.02389318341534628,-0.32352941176139777
2009-10-30,36.83486238531851,37.01517290049139,36.44848270994803,36.5,1562898.571,0.01538461538464212,-0.5909090909035155
2009-11-02,36.09292142377191,38.72067159166966,36.0671591672239,38.36,4977842.695300001,0.0735189150606966,0.8543689320394873
2009-11-03,38.384768211917994,39.415231788076866,38.15291390728225,38.9,4194970.26,0.032885906040293664,0.408163265307834
2009-11-04,39.02933289731596,39.87947678220799,38.90052321778686,39.39,3381227.0832999996,0.02508250825085004,0.36842105263383085
2009-11-05,39.851744112028015,41.13977721196428,39.645658816038214,40.47,5093362.665,0.037491919844885147,0.4137931034497237
2009-11-06,40.96323245331352,41.06628461042878,39.80389568576691,40.01,4242324.1986,0.030817610062916913,-0.7551020408136839
2009-11-09,40.20910264686635,40.26061975467784,39.436346029694036,39.9,2583004.8994,0.02049967969252909,-0.37499999999641914
2009-11-10,39.95335714285454,40.339753246750625,39.592720779218205,39.67,2444620.024,0.018697614442319897,-0.3793103448236195
2009-11-11,39.66879478827103,39.849107491854085,39.050579804557714,39.54,2095153.8884999997,0.02012987012989498,-0.1612903225772143
2009-11-12,39.620217391301814,40.70217391304087,39.54293478260616,40.29,3435436.8876,0.02925877763331461,0.5777777777794987
2009-11-13,40.18424087123382,40.828219090324104,39.462985265852694,40.21,2699877.3459,0.03397435897438313,0.018867924530171228
2009-11-16,40.57057716436383,41.34335006273267,40.39026348807777,41.06,3597758.422,0.023492063492087573,0.5135135135156751
2009-11-17,41.08424185463401,41.934260651626445,40.82666040099994,41.11,2988271.0788000003,0.026959247648926685,0.02325581395580025
2009-11-18,40.96152392946845,41.60557304785632,40.65238035264227,40.91,2407039.4252000004,0.023270440251596265,-0.05405405405129303
2009-11-19,40.909999999997424,41.01304785893948,40.214426952138524,40.91,3435829.6716000005,0.019521410579369017,3.220758036189773e-12
2009-11-20,40.78354818522899,41.504924906130064,40.44862327909634,41.17,3103155.5608,0.025900189513605683,0.3658536585386796
2009-11-23,41.19087523277212,41.75760397268519,41.010552451890696,41.5,2845790.0972999996,0.018136335209529814,0.41379310345116344
2009-11-24,41.60391900718212,41.629679947743846,39.33695623775053,39.44,4900040.365900001,0.05510835913314964,-0.9438202247175635
2009-11-25,39.41711538461286,40.2930512820487,39.339826923074405,40.19,3393302.6399999997,0.02418300653597242,0.8108108108126564
2009-11-26,40.241532311789456,41.091705529644166,38.360846102595715,38.67,4290969.490499999,0.06786171574906281,-0.5754716981120526
2009-11-27,38.153901947613285,39.107105439889914,37.87051712558509,38.36,2851791.9133,0.0324105334233881,0.16666666666861576
2009-11-30,38.462570307387935,39.46728580771488,38.436808371482115,39.39,2245223.6598,0.02679169457470716,0.9000000000016275
2009-12-01,39.384828921882544,40.02879276952614,39.02420916720213,39.9,2585918.2586000003,0.025506867233510585,0.5128205128225672
2009-12-02,40.0787878787853,40.15606060605802,39.66666666666411,39.95,2402896.3662,0.012210796915191703,-0.2631578947310448
2009-12-03,39.93186242699287,40.034912394546396,39.26203763789493,39.7,1861619.6894999999,0.019354838709701814,-0.29999999999628474
2009-12-04,39.82814147909712,40.13728617363086,38.79765916398465,40.06,3539431.4435000005,0.033635187580878044,0.1730769230787169
2009-12-07,40.062364217249836,40.8352715654926,39.933546325876044,40.32,2885019.1255,0.022508038585233335,0.285714285716827
2009-12-08,40.366731391583144,40.57281553397795,39.49087378640521,39.8,1950782.9715,0.02680280791323398,-0.5238095238066598
2009-12-09,39.56735999999736,39.593119999997356,38.588479999997425,38.64,2888608.8000000003,0.02539062500002458,-0.9230769230734368
2009-12-10,38.926469453373706,40.08576205787524,38.72037299035121,40.06,2677329.025,0.03507610853741742,0.8301886792465569
2009-12-11,40.19103313839894,40.31985055230407,39.54694606887332,39.65,1789059.3363,0.019230769230793664,-0.6999999999957554
2009-12-14,39.620745420085946,40.93456727731896,38.77062539481752,40.78,4868949.133900001,0.05461638491549843,0.5357142857152255
2009-12-15,40.779788053947286,40.779788053947286,39.92967244701092,40.11,2381159.8035,0.020846493998760623,-0.7878787878748313
2009-12-16,40.2363291139215,41.47278481012396,40.081772151896196,40.7,5117007.118000001,0.03457106274010096,0.33333333333494963
2009-12-17,40.339753246750625,40.93222727272462,39.61848051947795,39.67,2780085.154,0.032567049808453125,-0.5098039215662754
2009-12-18,39.3150747238441,40.21679662117997,38.90285899934769,39.65,2807928.4311,0.033420707732658934,0.25490196078607974
2009-12-21,39.54220980757049,42.092489137179264,39.43916821849538,41.5,7742116.2519,0.06710097719872063,0.7378640776705939
2009-12-22,41.49545454545198,42.11363636363376,41.006060606058064,41.65,4871526.6831,0.026691495965262588,0.13953488372312942
2009-12-23,41.728459214499,42.91334138972551,41.34208459214253,42.63,5697544.706,0.037654320987677285,0.5737704918045508
2009-12-24,42.57963969285042,45.078263437681926,42.21901358534896,43.61,8166441.142999999,0.06715063520873327,0.3603603603611311
2009-12-25,43.408476585652444,44.05251926496479,43.09933609958251,43.46,4092957.225,0.02195845697331643,0.054054054056691815
2009-12-28,43.53847517730239,43.97643617021017,43.255088652479714,43.59,3813033.8412,0.016568047337300777,0.07142857143205296
2009-12-29,43.60787595084591,44.74121708601261,43.50484493855803,44.02,3987607.4783,0.028352037802739385,0.33333333333514026
2009-12-30,44.073662138213585,44.17669816892828,42.759952746601144,43.61,4651456.552,0.03214494447693589,-0.32727272727068296
2009-12-31,43.53059701492287,45.333639494830926,43.01544202066343,44.87,7594440.9684000015,0.05325443786984441,0.5777777777786391
2010-01-04,44.95081005586342,47.01159217876833,44.95081005586342,46.11,8559995.874,0.045845272206324894,0.5625000000009721
2010-01-05,46.110876803549054,47.08976692563558,45.879034406212774,46.42,4643390.3564,0.026256983240244777,0.2553191489380834
2010-01-06,46.37288135592959,46.50169491525162,45.342372881353384,45.6,3428753.1989999996,0.02500000000002092,-0.666666666663879
2010-01-07,45.33607305935815,46.263401826481385,44.975445205476895,45.13,3959390.5271999994,0.028409090909112276,-0.15999999999787912
2010-01-08,44.84482162764522,47.137290969897045,44.69027313266195,46.21,5174052.078000001,0.054566341183249156,0.5578947368429288
2010-01-11,47.143375481030944,48.122308960964915,46.08715777899692,46.86,6475367.331900001,0.043169398907124006,-0.13924050632778062
2010-01-12,46.85486157253341,47.16396456256661,46.05634551494762,46.52,5830370.1204,0.02363936228699176,-0.3023255813927575
2010-01-13,45.41089625203447,48.3987941336204,45.28210755024197,47.42,8197223.528899999,0.06863301191153502,0.6446280991741736
2010-01-14,47.526205287711385,50.153670295487295,47.08829445308207,49.69,7309436.0511,0.06449864498646936,0.7058823529417854
2010-01-15,49.61061715480913,49.99699267782166,48.9408995815874,49.25,3428777.9368000003,0.021287642782989658,-0.3414634146313889
2010-01-18,49.40416382252319,54.09215017064582,49.37840565577526,52.83,10786018.0519,0.09541188738270856,0.7267759562845454
2010-01-19,52.98999999999744,53.40217306757155,52.06261059795567,52.99,6426656.5077,0.025279533300942146,1.914848567553232e-12
2010-01-20,52.91554878048512,52.91554878048512,50.31356707316819,50.7,6864841.56,0.049172346640718845,-0.851485148513537
2010-01-21,50.72271805273577,52.68052738336447,49.7180527383342,50.8,6654701.34,0.05840528186898745,0.02608695652259657
2010-01-22,50.46554347825826,51.83086956521471,48.94565217391052,49.77,7421924.0592,0.05717202654417379,-0.2410714285704528
2010-01-25,49.671038961036274,49.671038961036274,47.40389610389354,47.61,4902764.8824000005,0.04564315352699022,-0.9090909090893713
2010-01-26,47.423604525859524,48.17063577585948,46.006821120687185,47.81,5800102.2656,0.04562737642587559,0.178571428572533
2010-01-27,47.39669966996439,48.040676567654124,46.469372937291176,46.83,3353914.2114,0.03315217391306383,-0.3606557377030518
2010-01-28,46.75948787061742,47.78999999999743,46.63067385444493,47.79,3285519.7935,0.024793388429772925,0.8888888888903482
2010-01-29,47.40355795147992,48.76898652290842,47.14592991913492,47.79,3775472.7815,0.03423913043480302,0.2380952380966818
2010-02-01,47.39740259739992,47.47468097120002,45.07905138339666,45.62,5018101.226600001,0.05054347826088954,-0.7419354838695832
2010-02-02,45.98573913043213,46.2433623188379,44.23390144927281,44.44,3937359.075,0.04369747899161732,-0.7692307692291137
2010-02-03,44.56800225733384,45.88185665913962,42.97076749435424,45.65,4924213.812399999,0.06531791907516528,0.37168141592995807
2010-02-04,45.130101225357215,49.66371870005064,44.820990942991756,48.35,7917292.2382,0.10730593607307919,0.6648936170216705
2010-02-05,47.14184514003036,48.301070840195045,46.265985722128164,46.91,5012387.3586,0.043169398907124054,-0.11392405063159255
2010-02-08,46.90816393442367,48.29918032786622,46.573289617483795,47.14,2926001.091,0.036792970895133184,0.1343283582103683
2010-02-09,47.27238482384569,48.1740379403768,46.80867750677255,47.53,2635403.904,0.02888283378748626,0.18867924528475893
2010-02-10,47.80848223896406,47.96303552206417,47.26754574811372,47.86,1917307.7315999998,0.014547413793124098,0.07407407407766592
2010-02-11,47.89012048192509,47.96740416210033,46.85967141292186,47.04,1884239.5396000003,0.023130715438428054,-0.7674418604621014
2010-02-12,47.08959314774909,48.3260813704471,47.08959314774909,48.12,2206954.7644,0.026258205689298587,0.8333333333347348
2010-02-22,48.12045833333083,51.03138541666401,47.86285416666417,49.46,5147190.912,0.06584582441115436,0.4227642276429548
2010-02-23,49.40815775817077,49.923362740007796,48.58382978723153,49.64,2929381.0790000004,0.027111574556849722,0.17307692307870914
2010-02-24,49.257136972191084,50.13304840370494,48.97375386199543,50.03,3080655.5788000007,0.02353556485357622,0.6666666666683123
2010-02-25,50.229999999997425,50.53910769230511,49.84361538461283,50.23,4729150.725,0.013846153846173572,3.698336667421387e-12
2010-02-26,50.10864681295455,50.10864681295455,49.1554231974896,49.31,3237338.2602,0.019023136246806297,-0.8378378378342569
2010-03-01,48.94303797468097,49.2263924050607,48.0414556962,48.84,5399738.227200001,0.024210526315809406,-0.08695652173688555
2010-03-02,48.84161203653687,48.84161203653687,47.68239656098616,47.94,4577209.7091,0.023734177215209713,-0.7777777777748933
2010-03-03,47.94257775434645,48.89576172904329,47.813769109117146,48.87,4697241.5637,0.022568511552949026,0.8571428571444327
2010-03-04,48.84204283360523,49.176930258097244,46.78119714442357,46.91,4073890.2120000003,0.04905063291141182,-0.8064516129018168
2010-03-05,47.00787615426144,47.883639326450414,46.64726778924244,47.42,3522974.2358999997,0.02630136986303442,0.33333333333514414
2010-03-08,47.68207708779189,48.60944325481539,47.68207708779189,48.12,3171558.582,0.01944894651541754,0.4722222222244809
2010-03-09,48.404564869191226,48.86825947677262,47.91510945007754,48.25,3443350.9204,0.019691325172984463,-0.16216216215929444
2010-03-10,47.990389467907406,48.37678551837366,46.83120131650868,46.96,3236995.7306,0.03220611916266114,-0.6666666666645665
2010-03-11,47.08668881505832,47.21548172757214,46.10786267995316,46.52,2992539.2909999997,0.023522975929998764,-0.5116279069739699
2010-03-12,46.87940033314565,47.162737368126194,46.3384841754555,46.39,2358471.8146,0.017582417582438607,-0.5937499999961499
2010-03-15,46.6538295454519,46.9887272727246,45.2884772727247,45.34,3459611.0560000003,0.03644395361680698,-0.772727272725303
2010-03-16,45.54797790054997,47.04219889502503,45.54797790054997,46.63,4170507.518,0.03280542986427482,0.7241379310357218
2010-03-17,46.884676988785536,48.94554191136952,46.44674319273645,48.25,5864531.757300001,0.05329670329672334,0.5463917525781339
2010-03-18,48.43218884119913,48.43218884119913,47.71085836909616,48.02,3215278.2808000003,0.014893617021297025,-0.5714285714242134
2010-03-19,47.94022787493122,48.81608373078703,47.708383677792916,48.61,3788045.6958000003,0.023105857066113872,0.6046511627924763
2010-03-22,48.69118733508978,49.077625329812726,48.330511873348385,48.82,4032429.8135,0.015343915343935569,0.17241379310666555
2010-03-23,48.941872981698125,49.01914962324818,47.65392895586397,47.86,3257932.2101999996,0.0278947368421252,-0.7924528301862147
2010-03-24,47.883639326450414,48.16697447039391,47.265453557846435,47.42,2450742.882,0.018827326519654616,-0.5142857142822873
2010-03-25,47.40321686078495,47.40321686078495,46.21813643926533,46.45,3342404.4651000006,0.02500000000002053,-0.8043478260841062
2010-03-26,46.393216594825105,48.40247306034223,46.18713900861821,47.81,4649115.744,0.0477512493059617,0.6395348837217961
2010-03-29,48.065448717946154,48.606378205125615,47.807863247860695,48.22,3943966.4784,0.016613076098627225,0.19354838709975014
2010-03-30,48.17390841320297,48.74066027688772,47.864771033011294,48.38,3849760.4646000005,0.0181818181818388,0.23529411764973066
2010-03-31,48.45123043712636,48.52850512681876,47.39514301133041,47.73,3322175.139,0.02339181286551744,-0.6363636363607967
2010-04-01,47.65241935483614,48.11606451612644,47.49787096773938,47.91,3632202.7920000004,0.01297297297299365,0.4166666666701659
2010-04-02,47.916293929709916,48.40576144834673,47.916293929709916,48.38,3634033.1022,0.010215053763461369,0.9473684210559634
2010-04-06,48.94521276595485,48.94521276595485,48.14663297872085,48.43,4299189.4520000005,0.016315789473704247,-0.6451612903185573
2010-04-07,48.48250672404258,48.48250672404258,47.60662721893235,47.89,2781170.8925,0.018065887353899097,-0.6764705882315825
2010-04-08,47.86391211146582,48.327609860661944,47.2971704180039,48.07,3385659.204,0.02152852529603779,0.2000000000022993
2010-04-09,48.096499215068135,49.693704866559415,47.91616954473847,49.23,7961243.199,0.036957686127497225,0.6376811594213743
2010-04-12,49.51228498727483,50.67152162849616,49.10011195928503,50.62,8575182.382499998,0.03173777315298547,0.7049180327880701
2010-04-13,50.69215216258204,50.9497342365789,48.296638874411244,49.43,6939378.417,0.05233739837400237,-0.4757281553386572
2010-04-14,49.45967825635447,50.12944473274261,49.202075765435964,49.64,3793460.4045,0.018750000000019883,0.19444444444700498
2010-04-15,49.7431309398073,50.026494192183215,48.558157338962594,48.79,3709322.4824,0.029518384256881258,-0.6491228070153485
2010-04-16,48.76456279808963,49.25401165871494,48.197832538418226,48.61,2423908.1100000003,0.021658742736417318,-0.14634146341205925
2010-04-19,48.04620396600294,48.04620396600294,45.41847592067732,45.47,5401309.126999999,0.05469168900806247,-0.9803921568613931
2010-04-20,45.338479001132505,46.085533484673896,44.10197502837435,45.39,3231696.8864,0.043750000000021105,0.025974025975309574
2010-04-21,45.547141268073105,46.629143492767156,45.469855394880675,46.32,2706351.2182,0.025452488687804316,0.6666666666683123
2010-04-22,46.34120288248081,47.139745011083875,45.233547671837854,46.47,3362435.3707999997,0.04113396331297246,0.06756756756887947
2010-04-23,46.11423785594382,46.88710217755182,45.650519262979024,46.14,2413194.4746,0.026815642458121614,0.020833333335403485
2010-04-26,46.16677966101444,47.918644067794,45.75457627118395,47.12,3307401.7334999996,0.046875000000020574,0.44047619047717085
2010-04-27,46.88129619101496,46.95857305286828,44.459954519610896,45.31,2813322.6125,0.053296703296723376,-0.6288659793801621
2010-04-28,45.058807121659044,45.316433234418675,42.79169732937431,43.41,3046170.9710000004,0.05603201829619032,-0.6530612244885153
2010-04-29,43.73795665634405,44.02130030959481,41.13634674922347,41.6,4263969.835,0.06595995288576922,-0.7410714285702832
2010-04-30,42.24738154613203,42.24738154613203,40.67598503740395,41.32,2517390.7424,0.03719512195124239,-0.590163934424215
2010-05-04,40.74942483659864,40.74942483659864,38.9978692810432,39.41,2656567.1520000002,0.042983565107482406,-0.7647058823510349
2010-05-05,39.18542239685402,39.36576293385466,37.81998690242058,39.34,3658128.3843,0.03944773175544849,0.10000000000159975
2010-05-06,39.02725352112402,39.02725352112402,36.45119718309603,36.58,3004095.4839999997,0.06600660066008997,-0.9499999999986332
2010-05-07,35.625187087304795,36.06309611151606,34.775128393247634,35.11,2857958.7087,0.03615328994941232,-0.39999999999769015
2010-05-10,35.083309248552375,35.95910404624018,34.85148121387031,35.65,2156246.3959999997,0.031571218795916234,0.5116279069786059
2010-05-11,36.53224125092804,36.58376768428619,34.2135517498113,34.6,2684053.9930000002,0.06488011283500458,-0.815217391302917
2010-05-12,34.420346124903354,34.88409330323289,33.36403310759719,34.24,2331797.4816,0.044161676646734316,-0.1186440677948356
2010-05-13,34.290661337206814,35.47576308139277,34.033030523253345,35.45,2343104.6752,0.04207362885051616,0.8035714285726593
2010-05-14,35.03120879120622,35.72668131867869,34.54180219779966,35.16,2249072.2800000003,0.03382352941179222,0.10869565217599812
2010-05-17,34.698377088302735,34.724136833728345,32.328480509146196,32.38,2303386.6332,0.06904231625837871,-0.967741935482393
2010-05-18,32.2520724980274,33.07640661938274,31.53078014184149,32.69,2295847.3896,0.047923322683735545,0.283333333334816
2010-05-19,32.40424146147479,33.1512390786312,31.81179507545418,32.43,1963661.2928000002,0.04133545310018856,0.019230769232677285
2010-05-20,32.17244698205284,32.84216965741983,31.528482871123042,31.58,1596998.021,0.040832666132935985,-0.450980392154561
2010-05-21,30.576223446103022,32.79151848937586,30.395908733278493,32.74,2614860.8376,0.07834877843305445,0.9032258064523141
2010-05-24,32.7882205323169,34.101809885928965,32.7624638783245,33.87,3563587.669,0.040848389630822685,0.8076923076936247
2010-05-25,33.74303215926234,34.30970903521942,33.40817764165135,33.64,2905064.1798,0.026717557251937033,-0.11428571428272405
2010-05-26,33.48513415518249,36.60182741116486,33.48513415518249,35.52,6072327.3499,0.09307692307695012,0.6528925619840877
2010-05-27,35.54895397489292,37.58400278939766,35.05951185494874,36.94,5083452.563999999,0.0710144927536494,0.5510204081640663
2010-05-28,37.35348506400872,37.5853342816474,35.96238975817668,36.22,3130718.407,0.04344827586209451,-0.6984126984106823
2010-05-31,36.06282722512819,36.243141361253834,34.25968586387178,34.44,2267361.3438,0.05500000000002628,-0.8181818181801049
2010-06-01,34.2652671755699,34.419847328241644,33.260496183203564,33.75,1824705.0259999998,0.03383458646619363,-0.44444444444183834
2010-06-02,33.69002237136214,34.56575689783485,32.71126025353969,34.54,1757883.6431999998,0.05504587155966098,0.45833333333447585
2010-06-03,34.67279635258095,35.110714285711616,33.87424012157797,33.9,1745207.6096,0.03566121842499072,-0.6249999999974121
2010-06-04,33.95423805913313,34.34066717209747,33.36171341925448,33.98,1078570.5695999998,0.02883156297423199,0.02631578947628804
2010-06-07,33.20576086956264,33.56641304347565,32.51021739130182,33.18,1754549.4064,0.031807602792891715,-0.024390243899976516
2010-06-08,33.15029702970044,34.15485148514591,32.94423457730137,33.82,1828054.449,0.03651903651906561,0.5531914893633777
2010-06-09,34.13058035714032,34.748794642854556,33.48660714285465,34.62,2736094.9055999997,0.03698113207549984,0.3877551020425488
2010-06-10,34.54303664921207,35.006701570678004,34.20816753926445,34.44,2635827.5804,0.023117076808380255,-0.12903225806112367
2010-06-11,34.592117558399806,34.84969103240129,34.076970610396835,34.18,1729327.0258,0.022338049143736112,-0.5333333333293188
2010-06-17,34.41149884703809,34.59179861644622,33.43272867025108,33.51,1254635.2222,0.03368263473056682,-0.7777777777748875
2010-06-18,33.614573459712986,33.64033175355185,32.40393364928654,32.61,1944452.0585999999,0.03678160919543095,-0.812499999997261
2010-06-21,32.69437499999747,33.57034722221963,32.10180555555308,33.39,1896119.4096000001,0.044917257683244345,0.4736842105277521
2010-06-22,33.38813793103193,34.08372413792842,33.10475095785187,33.62,2053062.8010000002,0.02932098765434998,0.23684210526554222
2010-06-23,33.437939110067646,33.540983606554754,32.587822014048974,33.0,2037386.1774000002,0.028505392912201593,-0.45945945945627364
2010-06-24,32.97061611374147,33.099407582935775,32.40393364928654,32.61,1722003.3252,0.021093750000029634,-0.5185185185140707
2010-06-25,32.434043760127025,32.434043760127025,31.558144246350764,31.79,1667886.8634000001,0.0270055599682586,-0.7352941176432766
2010-06-28,31.78999999999742,31.78999999999742,31.78999999999742,31.79,0.0,3.145643284051745e-14,2.5792701308091637
2010-06-29,31.586312236284257,31.663603375524758,30.143544303794926,30.53,1926032.64,0.04812398042417379,-0.6949152542351359
2010-06-30,30.269343986540765,30.655761143815756,29.882926829265774,30.63,1130753.268,0.025531914893649383,0.466666666669396
2010-07-01,30.629785038690404,30.681306964743708,29.93423903697077,29.96,681264.8149000001,0.024390243902470948,-0.8965517241332819
2010-07-02,29.93763888888629,30.04069444444184,28.80402777777528,29.68,1283224.896,0.04130808950089269,-0.2083333333310817
2010-07-05,29.216110124331333,29.370692717581765,28.726598579038306,29.01,877143.4156,0.022045855379222143,-0.3199999999955053
2010-07-06,28.98172323759539,29.806092254131435,28.878677110528386,29.6,1272787.2852,0.032000000000033293,0.666666666668729
2010-07-07,29.596655172411243,29.931517241376728,29.493620689652627,29.88,1144710.156,0.014795474325533763,0.64705882353381
2010-07-08,30.057562662054444,30.186343993082957,29.542437337940402,29.8,1161078.5407,0.02142245072839589,-0.3999999999953743
2010-07-09,29.801221757319688,30.908786610876078,29.749707112968228,30.78,1914621.113,0.038893690579116,0.8444444444459358
2010-07-12,30.78272120200077,31.16911519198404,30.550884808010803,30.86,1583877.8366000003,0.02008368200840005,0.1250000000039648
2010-07-13,30.782789699568173,30.782789699568173,29.855442060083274,30.01,1356855.1125,0.030125523012583838,-0.8333333333296546
2010-07-14,30.14320469798405,31.251031879192013,30.14320469798405,30.71,2128547.844,0.036752136752168776,0.5116279069786063
2010-07-15,30.606445012785116,31.095942028982854,30.1684739982924,30.22,1511022.0024,0.03030303030306191,-0.4166666666634435
2010-07-16,30.21513490724872,30.80758853288105,29.9575463743651,30.55,1176759.6368,0.028132992327397847,0.3939393939419572
2010-07-19,30.187878787876315,31.604545454542865,30.162121212118745,31.45,2433824.9166,0.047781569965901736,0.8750000000011812
2010-07-20,31.58345368916549,32.87152276294875,31.480408163262833,32.82,3276941.395,0.04404567699839889,0.8888888888901065
2010-07-21,32.66391849529524,33.591285266455046,32.354796238241974,32.87,4091759.5356,0.037854889589934895,0.1666666666686159
2010-07-22,32.767826086953974,33.334565217388715,32.58749999999747,33.18,1872421.8856000002,0.022798742138394577,0.5517241379337492
2010-07-23,33.106108065776574,33.31221613155573,32.46202036021672,32.9,2028394.9728,0.025680933852169522,-0.2424242424209248
2010-07-26,32.900145817342064,33.69881811204653,32.900145817342064,33.57,2569717.8346999995,0.02427564604544861,0.8387096774215307
2010-07-27,33.46089244851004,34.38821510297221,33.28057971014239,33.77,2958906.1551,0.03310238645114526,0.27906976744393236
2010-07-28,33.74419642856891,34.645758928568846,33.51236607142607,34.62,3209246.88,0.033587786259570644,0.7727272727288658
2010-07-29,34.621842696626615,35.265850187263275,33.8747940074881,34.39,3422143.4055,0.04017857142859916,-0.16666666666469096
2010-07-30,34.570647590358845,34.570647590358845,33.746310240961314,34.21,1669258.4175999998,0.023845007451593146,-0.43749999999634526
2010-08-02,34.23480355818871,34.93031875463047,34.23480355818871,34.75,2485665.7812,0.020316027088064847,0.7407407407433841
2010-08-03,35.034007490634075,35.34313108613968,34.312719101121026,34.39,2942911.2465,0.029411764705910146,-0.6249999999968859
2010-08-04,34.26516300227185,34.75651250947424,33.256603487488,34.11,2683193.8203,0.043773584905688334,-0.10344827586027303
2010-08-05,34.02828528072579,34.36443095599132,33.66628224582445,34.08,2074597.3727999998,0.020516717325256822,0.074074074077676
2010-08-06,34.001862891204624,34.725856929952705,33.484724292098846,34.7,2605112.543,0.036501901140712806,0.5625000000016281
2010-08-09,34.59363169478837,35.29170946441414,34.4385033015382,35.24,2973925.4747,0.024663677130072916,0.757575757577898
2010-08-10,35.21548733691211,35.24134305448694,33.63828856484776,33.69,2608887.9692,0.04552129221735474,-0.951612903223599
2010-08-11,33.69655700076253,34.05860749808461,33.51553175210149,33.8,1590475.23,0.01611665387570067,0.19047619048059908
2010-08-12,33.22613993710431,33.69156446540615,32.83828616351943,32.89,2081773.6440000003,0.025680933852169387,-0.39393939393590244
2010-08-13,32.888737412855704,33.483423702553566,32.65603408210437,33.38,1350990.7044,0.025157232704432035,0.5937500000024105
2010-08-16,33.28214876032808,34.60102178812663,33.10112697219886,34.42,2266107.8924000002,0.04506604506607395,0.7586206896563892
2010-08-17,34.54073079790943,35.00609992542618,34.41146159582145,34.67,2433794.31,0.01721556886230387,0.2173913043518074
2010-08-18,34.69782969102979,34.930527505649216,34.23243406179094,34.31,1604858.2741,0.02011922503728612,-0.5555555555510503
2010-08-19,34.59798816567792,35.08928994082581,34.21011834319274,34.96,2848992.1303999997,0.025411061285528818,0.41176470588482356
2010-08-20,34.92829268292417,34.92829268292417,33.79073170731451,33.92,1955952.1664,0.03256846780165604,-0.8863636363605905
2010-08-23,33.92024615384354,34.25634615384352,33.480730769228195,33.61,1616165.2,0.022865853658565485,-0.3999999999961478
2010-08-24,33.61314984709223,34.15613149846834,33.35458715596076,33.82,1426313.9628,0.023846153846182855,0.2580645161319373
2010-08-25,33.46059842519422,33.74503937007609,32.83999999999742,32.84,1654522.599,0.027047913446706245,-0.6857142857106672
2010-08-26,32.996562499997424,33.46203124999738,32.712109374997446,33.1,1198815.104,0.022727272727302128,0.1379310344860239
2010-08-27,33.14999999999741,33.35686427456838,32.86556162246234,33.15,896689.3874000001,0.014820592823742582,5.2643224030536185e-12
2010-08-30,33.28078728235932,34.26343679030777,33.17735049204896,34.16,2397694.1279,0.03263403263406173,0.8095238095254486
2010-08-31,33.92796380090241,34.41929864253134,33.74694570135492,34.29,2277036.2394,0.019817073170760615,0.5384615384645933
2010-09-01,34.235734157648054,34.571885625963326,33.09799072642712,33.46,2498126.0064,0.04305135951664419,-0.5263157894715756
2010-09-02,33.84613425925664,33.897847222219596,33.303148148145574,33.51,2645297.6112,0.017570664629517004,-0.5652173912990406
2010-09-03,33.53194855806442,33.71292283709792,32.782197973497055,33.17,2854829.7298,0.027756360832719883,-0.38888888888569517
2010-09-06,33.228381458964044,34.26272796352323,33.17666413373608,34.03,2802360.5428,0.03268482490275281,0.7380952380969377
2010-09-07,34.04999999999741,34.230979498858446,33.63633257402933,34.05,1763127.9552,0.01746393318150195,4.349430645598097e-12
2010-09-08,33.926366985996026,35.167575534264174,33.79707442888476,35.09,5013335.8106,0.04039634146344287,0.8490566037748557
2010-09-09,35.16295743091597,35.80933532486662,34.387303958175174,34.62,4369037.9629,0.040441176470615375,-0.38181818181609595
2010-09-10,34.51971046770345,35.16614699331587,34.18356347438499,34.83,2515492.3272,0.028464419475683452,0.31578947368652366
2010-09-13,34.930722713861726,35.26684365781451,34.38775811209186,35.06,2973459.4452000004,0.025166543301286343,0.14705882353219255
2010-09-14,35.316346010437336,35.36805369127253,34.46316927665664,34.67,2502244.8504,0.025622254758446185,-0.714285714282069
2010-09-15,34.6792654934939,34.70512624330262,33.61897475133637,33.8,2002872.0251,0.03131991051456942,-0.8095238095206807
2010-09-16,33.79820312499736,34.082656249997335,32.89312499999743,33.1,1960894.08,0.035195103290005456,-0.5869565217364624
2010-09-17,33.15274155537839,33.38548311075936,32.79069913589688,32.92,1532160.7771,0.017940717628734688,-0.39130434782108947
2010-09-20,33.018726851849294,33.742708333330725,32.94115740740486,33.51,1845157.4496000002,0.024275646045448577,0.6129032258089209
2010-09-21,33.480978260866955,33.842934782606065,33.09316770186078,33.3,720490.9712,0.022393822393851685,-0.24137931034104596
2010-09-27,33.434849884523985,33.667575057734126,33.25384141647165,33.59,1094469.7221,0.012374323279225118,0.37500000000535566
2010-09-28,33.58543548386826,33.58543548386826,31.853161290320013,32.06,3111414.076,0.051578137028511654,-0.8805970149233717
2010-09-29,31.936878565604566,32.2471964140153,31.523121434390255,31.73,2229469.6749,0.02267206477735858,-0.28571428571031426
2010-09-30,31.673599999997464,32.604415999997386,31.518463999997476,32.32,1483303.25,0.03428571428574469,0.5952380952399321
2010-10-08,32.55764202334377,33.46273929960829,32.35076264591188,33.23,2193726.043,0.03415409054808361,0.6046511627924801
2010-10-11,33.276749999997485,34.46612878787618,33.17332575757325,34.13,3187970.94,0.03885003885006758,0.6600000000014897
2010-10-12,34.12731376974913,34.72195635816142,33.791211437168265,34.36,3082101.7085999995,0.027272727272755717,0.2500000000025045
2010-10-13,34.36795979150897,35.04032017870178,34.238659717048826,34.73,2896696.555,0.023325808878884757,0.4516129032284757
2010-10-14,34.93720510893802,35.687152516901904,34.2389782118682,34.42,4607246.916800001,0.04145077720210006,-0.35714285714081967
2010-10-15,34.39333333333092,36.95343859648863,33.979578947366036,36.85,10269260.362499999,0.08646616541356028,0.8260869565223316
2010-10-18,37.205593103445715,39.0154551724111,36.27480689654922,37.49,11546428.155,0.07366226546215135,0.10377358490656498
2010-10-19,37.51941694915,38.26928813559063,36.8471186440653,38.14,4670603.725,0.03790489317714497,0.4363636363651467
2010-10-20,37.28727773948744,38.450889042037325,36.97698139214081,37.52,4579884.0189000005,0.03952843273234188,0.15789473684375088
2010-10-21,37.593484740948355,37.85203690560413,36.1197374024105,36.43,4235516.7005,0.046079779917494394,-0.6716417910428932
2010-10-22,36.29927090778868,36.81635453895377,36.04072909220614,36.17,3018180.6357,0.021367521367548433,-0.1666666666631111
2010-10-25,36.22431865827839,37.41369671558089,36.095038434658555,37.0,3795736.0859999997,0.03640256959317423,0.588235294119163
2010-10-26,37.10024595923843,37.332930428669194,36.27292340126238,36.79,3344067.5029,0.02857142857145474,-0.2926829268265499
2010-10-27,36.61371428571167,37.15671428571163,36.174142857140275,36.2,3409742.28,0.026836158192116863,-0.4210526315758885
2010-10-28,36.19610670511635,36.55806777216752,35.57560201874293,35.86,2787328.6539,0.027142857142884152,-0.34210526315491135
2010-10-29,35.94283687943008,36.666865248224354,35.606680851061306,36.46,2845226.5919999997,0.02949640287772493,0.48780487805075173
2010-11-01,36.45390021081964,37.07439212930168,36.45390021081964,36.79,3891969.4619000005,0.017021276595771698,0.5416666666699653
2010-11-02,36.822317596563884,36.925751072958725,35.994849785405144,36.15,4119396.1494000005,0.025280898876430966,-0.7222222222186646
2010-11-03,36.15171919770515,36.61719197707474,35.91898280802035,36.1,2727578.3692,0.019313304721057044,-0.07407407407026481
2010-11-04,36.10075524475272,37.005860139857546,36.10075524475272,36.98,4083385.7350000003,0.02507163323784923,0.9714285714303582
2010-11-05,37.36021031207345,38.34269335142209,37.049952510173874,38.11,6556567.056600001,0.03460207612459336,0.5800000000015507
2010-11-08,38.68688172042751,39.540268817201635,38.298978494621075,38.48,6156769.3344,0.032085561497351194,-0.16666666666445162
2010-11-09,38.5229407760355,38.62635806670942,37.64389380530717,37.98,3386108.0201,0.02550335570472333,-0.5526315789441751
2010-11-10,37.95988881167214,37.95988881167214,37.054850590685405,37.21,3379746.3469000002,0.023841961852886714,-0.8285714285676569
2010-11-11,37.13414057063068,38.19437717466679,37.004843423797006,37.16,3733933.4198999996,0.03203342618387008,0.02173913043693731
2010-11-12,37.161587537089225,37.523635014834014,34.78241839762353,34.86,3969840.0496000005,0.0737647877522867,-0.839622641508181
2010-11-15,35.0648458149754,35.323436123345424,34.34079295153933,35.22,2121230.556,0.028023598820086735,0.15789473684457475
2010-11-16,35.351644988520626,35.42922723794679,33.07589900535324,33.8,2419296.9942,0.06656912948064093,-0.6593406593392788
2010-11-17,33.61224489795654,34.10350078492668,32.81072213500527,32.94,2059685.7372,0.038461538461567184,-0.5199999999975964
2010-11-18,33.20414007781842,33.51445914396626,32.945540856028565,33.23,1535915.525,0.017133956386322428,0.04545454545901453
2010-11-19,33.539295665632075,33.720309597520604,32.530789473681686,33.41,1800356.5216,0.03546646106402261,-0.1086956521716471
2010-11-22,33.09585613760492,33.48369820171747,32.940719311959896,33.07,1825917.4106999997,0.016406250000029623,-0.047619047614199106
2010-11-23,32.861499999997356,33.0166290322554,31.542903225803908,32.06,1834179.976,0.0448465774980621,-0.5438596491206864
2010-11-24,31.911768437745287,32.60999999999741,31.679024583661246,32.61,1616376.5332,0.029173419773126055,0.7500000000019725
2010-11-25,32.73967136149979,33.25688575899583,32.481064162751764,33.05,1711135.7981999998,0.0236966824644846,0.4000000000028145
2010-11-26,32.9895154884803,32.9895154884803,32.213899920569325,32.55,1414582.1840000001,0.023510971786863347,-0.5666666666626063
2010-11-29,32.427577937647285,32.53101518784712,31.936250999198084,32.35,1712298.4938,0.018341307815022315,-0.1304347826041218
2010-11-30,32.293223684207874,32.47421052631312,31.026315789471134,31.44,1973337.3248,0.0448358686949856,-0.589285714283522
2010-12-01,31.439739413678225,31.956840390876877,31.284609120518628,31.75,1110618.1816,0.021381578947399487,0.4615384615416167
2010-12-02,32.16368078175634,32.24124592833614,31.620724755697754,31.75,841957.4467999999,0.019292604501638246,-0.666666666661428
2010-12-03,31.782098070736993,32.27344051446686,31.549356913180745,32.17,1006058.3783999999,0.022782750203448245,0.535714285717121
2010-12-06,32.21959316517232,32.29716842961495,31.49555736370777,31.78,1146014.1101,0.02487961476728552,-0.5483870967702845
2010-12-07,31.593894736839548,32.11097975708242,31.309497975705966,31.93,902640.0109999999,0.025368248772534907,0.4193548387123788
2010-12-08,31.930985342016946,32.08611563517654,31.749999999997414,31.75,922758.6188,0.010526315789504697,-0.5384615384522498
2010-12-09,31.673869143777726,32.578836833599944,31.570444264940903,32.01,1619397.8404,0.03183673469390795,0.33333333333557347
2010-12-10,32.040382165602544,32.68687898088911,31.704203821653522,32.48,1196588.1856,0.030669895076704985,0.44736842105480507
2010-12-13,32.475308835024826,33.14756841281993,32.423596559809816,33.07,1831732.1283999998,0.022292993630603518,0.8214285714310023
2010-12-14,33.15274155537839,33.178601728198494,32.76483896307677,32.92,1258410.5289,0.0124804992199985,-0.5624999999924036
2010-12-15,32.86098101265563,33.09367088607333,32.57658227847843,32.68,1211223.4496,0.015735641227410092,-0.34999999999432135
2010-12-16,32.654400958463846,32.75781948881527,32.29243610223384,32.37,955706.4376000001,0.01425178147271417,-0.6111111111042532
2010-12-17,32.34899046104671,32.63343402225495,32.323131955482324,32.53,741379.2786,0.009592326139119284,0.5833333333398019
2010-12-20,32.55575264442371,32.89191212367511,31.236973148899008,31.78,1587278.8173999998,0.05083399523434206,-0.46874999999815314
2010-12-21,31.826092136613834,32.62756155678851,31.774384432086432,32.55,1549155.6868,0.026807473598730765,0.8484848484868831
2010-12-22,32.579005524859305,32.96685082872668,32.3980110497212,32.76,1696865.4794,0.0174603174603476,0.31818181818580504
2010-12-23,32.99823859087005,33.02409927942089,32.041393114489026,32.3,1204043.7438,0.029780564263352148,-0.7105263157861212
2010-12-24,32.13756451612644,32.344403225803845,31.775596774190987,32.06,647669.98,0.017699115044278364,-0.13636363635884394
2010-12-27,32.09092116182306,32.29779253111765,31.030705394188296,31.16,1264941.279,0.03948428686546102,-0.7346938775483985
2010-12-28,31.154653130285013,31.206362098136108,30.534145516071867,30.56,1082734.2216,0.021576763485508584,-0.884615384610225
2010-12-29,30.610731707314496,30.765853658534,30.455609756094997,30.74,662045.6632,0.01013513513516758,0.4166666666736555
2010-12-30,30.84341463414383,32.18780487804616,30.636585365851165,31.8,1930014.894,0.050293378038588986,0.6166666666679396
2010-12-31,31.781404358350944,32.24687651331459,31.60038740919842,32.04,1252284.6819000002,0.02034174125308209,0.40000000000338304
2011-01-04,32.09344381568051,32.1968876313636,31.57622473726503,31.99,1689182.7523,0.019339242546364058,-0.16666666666223293
2011-01-05,31.962261268141177,33.97929717341223,31.85882352940933,33.85,6178384.9666,0.0663430420712267,0.8902439024398251
2011-01-06,33.61047835990633,34.722209567195534,33.37779043279929,34.05,4278884.0076,0.04000000000002839,0.3269230769247567
2011-01-07,33.97787528868099,34.26231716704894,33.12454965357713,33.59,2454034.8177,0.033485540334883865,-0.3409090909065189
2011-01-10,33.7177142857116,33.7177142857116,32.39899999999742,32.58,2051568.0359999998,0.03911042944788122,-0.8627450980365964
2011-01-11,32.5028504306944,33.53714956930043,32.37356303836865,33.02,1394920.0954999998,0.0357995226730607,0.44444444444628656
2011-01-12,32.99663865545966,33.97929717341223,32.841482047361886,33.85,2227386.546,0.03448275862071917,0.7500000000016108
2011-01-13,34.12756264236643,35.13587699316361,33.869020501136376,34.05,3502757.3378999997,0.0371212121212403,-0.06122448979383041
2011-01-14,34.004538634656114,34.85788447111516,33.79766691672665,34.47,2713700.7385,0.031178707224363025,0.4390243902459265
2011-01-17,34.25585347431765,35.62608761329035,34.04902567975573,34.23,3932757.302,0.04603773584908442,-0.01639344262129814
2011-01-18,34.128813559319404,34.2063790446815,32.91362095531334,33.56,2875938.6216,0.03787878787881599,-0.4399999999976585
2011-01-19,33.532431021623154,34.72170768083261,33.06706189410641,34.67,2865103.7607,0.04934464148036756,0.6875000000011473
2011-01-20,34.648134044171016,35.26869763899199,33.84657273419392,33.95,2736793.8286,0.04104477611943077,-0.49090909090692886
2011-01-21,33.56666176470342,35.2217205882327,33.56666176470342,35.17,3107283.12,0.04930662557784005,0.968750000000981
2011-01-24,35.24473880596752,36.0463432835794,34.49485074626608,34.65,3587626.8899999997,0.044020542920056416,-0.3833333333314228
2011-01-25,34.807261992617356,35.557195571953095,34.00560885608605,35.04,2456346.7100000004,0.04457652303123107,0.15000000000157024
2011-01-26,34.90899042004165,35.3744436256422,34.31424465732982,35.09,1599583.5622,0.030370370370398195,0.17073170731935
2011-01-27,34.729747109824075,35.81585982658701,34.34184971098018,35.79,3230808.3544,0.042442293373073016,0.7192982456153042
2011-01-28,35.55687637161408,35.89305047549116,35.246561814189086,35.35,1932063.9402,0.018181818181845742,-0.3199999999955083
2011-01-31,35.136538461535956,36.45512820512561,34.92970085469837,36.3,3369837.978,0.04341427520238195,0.7627118644079739
2011-02-01,36.14533427163715,36.84342012666877,35.80921885995526,36.74,2865468.6676000003,0.02861230329044176,0.5750000000019458
2011-02-09,36.411346292294,36.669949604029036,35.79069834412989,35.92,2084602.3103999998,0.024147727272754,-0.5588235294081921
2011-02-10,35.70534188033934,36.35170940170681,35.42094017093765,36.3,1977851.8656000001,0.026068066618419764,0.6388888888909738
2011-02-11,36.45784946236298,36.535419354836094,35.785577060929334,36.07,2096109.2835000001,0.020567375886551772,-0.5172413793062062
2011-02-14,36.20289855072214,37.88374741200566,36.07360248446955,37.47,5550623.007300001,0.05000000000002626,0.7000000000010409
2011-02-15,37.2628199863082,39.07295003422046,37.2628199863082,37.78,5541099.197699999,0.048577376821677024,0.28571428571555446
2011-02-16,37.82462525320474,38.52268737339375,37.74706279540595,38.29,2909411.171,0.020505809979520215,0.6000000000025574
2011-02-17,38.26756939742462,38.500277589706265,37.75044008124321,38.19,2221905.1582,0.019594594594620273,-0.10344827585848078
2011-02-18,38.03673640167099,38.114309623428305,36.82142259413969,37.08,3435782.4054,0.03399048266487928,-0.7399999999974318
2011-02-21,36.721081830788016,37.41929958390864,36.66936199722353,37.29,2453056.5696,0.020422535211294265,0.7586206896576169
2011-02-22,37.23130434782339,37.308869565214685,35.65414492753364,35.68,3007507.554,0.044444444444470176,-0.9374999999978698
2011-02-23,35.609357601710514,36.5920413989981,35.58349750178189,36.23,2037218.7576000001,0.02832244008717339,0.6153846153865702
2011-02-24,36.175560283685385,36.666865248224354,35.71011347517478,36.46,1183818.9389999998,0.026447462473221977,0.29729729729968285
2011-02-25,36.46110335195276,37.10757681563987,35.943924581003074,37.03,1816499.7327999999,0.03191489361704789,0.48888888889069354
2011-02-28,36.84432989690468,37.67171134020359,35.96523711339959,37.62,4053886.5165000004,0.04631578947371006,0.4545454545467034
2011-03-01,37.360987482612146,37.826383866478594,37.05072322670118,37.18,2657897.2458,0.02076124567476666,-0.23333333332970116
2011-03-02,37.05117525772941,37.697567010306685,36.84432989690468,37.62,2300544.2955000005,0.023028611304980986,0.6666666666689138
2011-03-03,37.621433447096415,38.31956313992913,37.59557679180631,37.88,3453191.055,0.019243986254321697,0.35714285714592786
2011-03-04,37.96079893475114,39.02101198401871,37.909081225030775,38.84,4510037.6764,0.02929155313354046,0.7906976744202204
2011-03-07,38.99474747474485,39.14989898989635,38.218989898987324,38.4,2857753.602,0.02387267904511781,-0.6388888888854273
2011-03-08,38.50623255813697,38.94586046511369,38.32520930232303,38.92,2505780.753,0.016118200134343924,0.6666666666697674
2011-03-09,38.91359477123929,40.20640522875554,38.91359477123929,39.56,4511529.972,0.03322259136215104,0.5000000000016138
2011-03-10,39.51088471849601,39.51088471849601,38.47656836460868,38.58,2407027.9340000004,0.02617801047122876,-0.8999999999966313
2011-03-11,38.298978494621075,38.91962365591136,38.22139784945979,38.48,2157859.3584,0.01823092505066714,0.2592592592625971
2011-03-14,38.19213136728966,38.96786863270516,37.959410187665014,38.58,1965857.4096000001,0.026404874746132498,0.38461538461756895
2011-03-15,38.26871938418207,38.44972008397212,36.20013995801006,36.95,3600912.5212,0.0587837837838084,-0.5862068965503141
2011-03-16,36.94999999999742,37.467144856540415,36.66557032889877,36.95,1691917.2800999999,0.021693491952440663,3.226618946803413e-12
2011-03-17,36.61414255469043,37.234721242058065,36.071136203243746,36.64,1834930.9719,0.0317796610169757,0.022222222224423986
2011-03-18,36.97196327683355,37.178799435025624,36.37730932203133,36.61,904662.8592000001,0.02167832167834815,-0.45161290322201947
2011-03-21,36.48897743300166,37.0579055007026,36.38553596614694,36.67,1283949.3699999999,0.018426647767567614,0.26923076923421835
2011-03-22,36.79270155586727,36.97369165487716,36.01702970296775,36.56,1257839.2540000002,0.026001405481403884,-0.24324324324028063
2011-03-23,36.45657708627748,36.84441301272724,36.22387553040762,36.56,1798804.546,0.017021276595771722,0.16666666667056987
2011-03-24,36.66485955055922,37.31127808988502,36.535575842694065,36.82,1648817.9872,0.021156558533171964,0.20000000000307824
2011-03-25,36.82553310104273,37.13586062717511,36.72209059233194,37.11,1556112.7085,0.011235955056206576,0.6875000000045903
2011-03-28,37.16172125435281,37.3686062717744,36.87725435539813,37.11,1533482.615,0.013221990257507275,-0.10526315788926491
2011-03-29,36.998608695649494,36.998608695649494,35.67999999999741,35.68,2600151.012,0.0356394129979297,-0.9999999999972801
2011-03-30,35.67999999999741,36.016115942026374,35.42144927535975,35.68,1347603.1199999999,0.016666666666694294,4.34928625251557e-12
2011-03-31,35.73224188790297,35.88737463126579,35.03414454277028,35.06,867509.4072,0.023878437047784258,-0.7878787878748327
2011-04-01,35.192613941016404,38.57999999999741,34.52030831098964,38.58,8516018.3532,0.11535635562089215,0.8343949044590306
2011-04-06,37.9611006711384,39.53850335570205,36.97845637583645,38.53,6694368.850000001,0.0674386920981171,0.22222222222314447
2011-04-07,38.061575115814826,39.25099933818404,37.9840039708777,39.07,4007374.6250999994,0.033288043478286275,0.7959183673483473
2011-04-08,38.89376344085759,39.591989247309165,38.3506989247286,38.48,5583828.4752,0.03191489361704633,-0.33333333333097354
2011-04-11,38.214410361278915,38.395398773003514,37.749011588272815,37.93,2980950.6015000003,0.016914749661730736,-0.43999999999530925
2011-04-12,37.958285714283136,38.397857142854534,37.72557142856886,38.01,2303658.6089999997,0.017711171662151283,0.0769230769267999
2011-04-13,37.88183646112346,38.9161528150108,37.80426273458191,38.58,3805197.6952,0.02935153583620325,0.6279069767459453
2011-04-14,38.73098591549036,38.963682092552716,38.05875251508799,38.55,2439579.7166999998,0.02336448598133362,-0.19999999999692247
2011-04-15,38.4217115902939,38.887115902962336,38.00801886792196,38.37,1763140.2516,0.02288021534322871,-0.05882352940875476
2011-04-18,38.3450263504586,39.353425559944704,38.164031620550844,39.25,4035464.1029999997,0.031018206338528267,0.7608695652189296
2011-04-19,38.78145695363981,39.55708609271261,38.522913907282216,39.04,3506347.897,0.026666666666691707,0.2500000000022626
2011-04-20,39.17342819324691,39.27685638649641,38.63043017868706,39.07,1735667.2658,0.01650165016504162,-0.15999999999575498
2011-04-21,39.353705179280254,39.37956175298543,38.8365737051767,38.94,1902015.3504,0.013797634691220986,-0.7619047618985918
2011-04-22,38.9890637720462,38.9890637720462,37.74803256444791,38.11,2260797.0264,0.03183023872681535,-0.7083333333306777
2011-04-25,37.980512110724014,37.980512110724014,37.17901730103549,37.36,1249743.3634999997,0.021102791014321075,-0.7741935483829093
2011-04-26,37.10072916666409,37.69537499999738,37.04902083333076,37.23,1002219.4080000002,0.01742160278748285,0.20000000000368987
2011-04-27,37.334188034185374,37.618589743587066,36.19658119657862,36.3,1338097.5036,0.03808864265930554,-0.7272727272703988
2011-04-28,36.460300429181935,37.1067596566497,36.1241416308987,36.15,1173467.0802000002,0.026950354609955745,-0.3157894736812525
2011-04-29,36.40558139534627,36.793424947143286,36.19873150105453,36.69,596828.7039,0.01633522727275434,0.4782608695687628
2011-05-03,36.721081830788016,37.8589181692068,36.61764216365904,37.29,1390766.4610000001,0.03380281690143467,0.45833333333505294
2011-05-04,37.259564606738955,37.6991292134805,36.768286516851354,36.82,1117766.3792,0.024982650936875416,-0.4722222222189385
2011-05-05,36.66528799444575,37.54442748091342,36.5618598195672,37.26,957890.0517999999,0.02679830747534382,0.6052631578967594
2011-05-06,37.05161684782357,38.16342391304088,36.97404891304097,38.06,4869956.8512,0.03210048848572031,0.8478260869579914
2011-05-09,37.753835709433964,38.34858791581546,37.495247793615924,38.09,2193151.7622,0.022602739726053245,0.3939393939419632
2011-05-10,37.90341997263763,38.084404924758,37.33461012311646,37.8,940002.6954,0.01978171896319092,-0.13793103447913338
2011-05-11,37.725426786950884,37.777140874390156,37.1824288688385,37.26,901574.7631000001,0.01576422206993692,-0.7826086956465121
2011-05-12,37.04878809354805,37.07464209780034,36.40243798724051,36.48,1155847.4589999998,0.018143754361505733,-0.8461538461487544
2011-05-13,36.53193749999746,37.3075624999974,36.37681249999747,37.23,1065067.7759999998,0.025477707006396018,0.750000000001973
2011-05-16,37.10924339757051,37.23854389721361,36.152419700211546,36.23,1655172.6423,0.029268292682953004,-0.8095238095206819
2011-05-17,36.32957492795127,36.38128962535761,35.7348559077784,35.89,1066428.7152,0.01779359430607693,-0.6799999999949405
2011-05-18,35.808545454542845,36.32563636363372,35.42072727272469,35.55,1358000.4625,0.02527075812277103,-0.28571428571110846
2011-05-19,35.73386379928059,36.48370609318735,35.70800716845623,36.07,1197837.675,0.021707670043442623,0.43333333333611174
2011-05-20,36.068289191121245,36.32684323550205,35.78387974230237,36.12,357021.65070000006,0.015053763440887635,0.0952380952426945
2011-05-23,36.1215519765713,36.2766910688114,35.19071742313066,35.32,1257060.6804,0.030064423765238154,-0.7380952380921763
2011-05-24,35.37414170927426,35.52929145361318,34.93455076698065,35.4,674057.8156,0.016812865497103778,0.04347826087383463
2011-05-25,35.42224702380689,35.42224702380689,34.594866071426004,34.75,498489.46559999994,0.02335766423360405,-0.8124999999959001
2011-05-26,35.08928994082581,35.16686390532284,34.52041420118088,34.96,532017.8136,0.01842299189391156,-0.19999999999568974
2011-05-27,34.90714285714024,35.08814285714022,34.26071428571171,34.39,560031.878,0.02370370370373177,-0.624999999996121
2011-05-30,34.36687358061813,34.470310370928495,33.87554882664391,34.16,636384.4845,0.017306245297244532,-0.3478260869515831
2011-05-31,34.23967065868007,34.70516467065608,34.05864520957829,34.55,429647.4464,0.018882175226614707,0.48000000000325893
2011-06-01,34.54656716417652,34.85686567163919,34.3914179104452,34.65,378520.386,0.013473053892244048,0.22222222222730664
2011-06-02,34.34164996144685,34.83298380878683,33.04866615265743,33.54,963919.5052000001,0.051957831325328926,-0.44927536231713716
2011-06-03,33.59109765329041,34.185859197575,33.38422407266968,34.16,538572.0963,0.0238645111624618,0.709677419357179
2011-06-07,34.000719696967124,34.31099242423983,33.89729545454289,34.13,350260.152,0.012167300380257116,0.31250000000549544
2011-06-08,34.128549618318004,34.128549618318004,33.559740458012705,33.87,778240.215,0.016666666666695463,-0.45454545454011297
2011-06-09,33.97541666666404,34.13055555555291,33.48414351851593,33.51,469212.7824000001,0.019025875190287454,-0.719999999994886
2011-06-10,33.480978260866955,33.58439440993528,32.705357142854595,33.3,1018942.3384,0.026254826254855528,-0.2058823529379907
2011-06-13,32.91929810725292,33.177894321763944,32.557263406937494,32.79,547556.2555999999,0.01885310290654984,-0.2083333333288265
2011-06-14,32.841719242899615,33.10031545741064,32.324526813877576,32.79,1757642.8916,0.02362204724412422,-0.06666666666324382
2011-06-15,32.608593125496995,32.66031175059691,32.32414068744745,32.35,918083.2544999999,0.010309278350545932,-0.7692307692207793
2011-06-16,32.11585817888541,32.47787268331729,32.01242546333344,32.09,565512.6551,0.014492753623219003,-0.05555555554988453
2011-06-17,32.08414653783961,32.57536231883795,31.77390499194591,32.11,859504.986,0.02497985495571129,0.0322580645193123
2011-06-20,32.11471698112944,32.11471698112944,31.23557013945601,31.52,726784.7441,0.027375201288275083,-0.6764705882315826
2011-06-21,31.523814935062376,31.8858603896078,31.291071428568888,31.86,680373.232,0.018867924528332983,0.5652173913077462
2011-06-22,31.880995106033286,31.932707993472107,31.544861337680945,31.7,542957.7618,0.012165450121685559,-0.4666666666587882
2011-06-23,31.566842105260648,32.6785326953722,31.540988835723166,32.42,685054.4316,0.03603603603606657,0.7500000000016088
2011-06-24,32.325899843502945,33.48963223786905,32.22245696400374,33.05,1458755.208,0.039200000000029635,0.5714285714301623
2011-06-27,33.07414062499741,33.79820312499736,32.89312499999743,33.1,932619.1359999999,0.027365129007066016,0.02857142857426046
2011-06-28,33.22828282828025,33.33171717171459,32.55595959595707,33.28,729141.7419,0.023346303501974953,0.06666666666991107
2011-06-29,33.12585937499741,33.203437499997406,32.84140624999743,33.1,493043.32800000004,0.010928961748663767,-0.07142857142122445
2011-06-30,33.099999999997415,33.099999999997415,33.099999999997415,33.1,0.0,3.021148036253921e-14,2.5863755581667647
2011-07-01,33.35716535432809,33.46059842519422,32.78828346456435,32.84,1110117.6679999998,0.020155038759719312,-0.769230769225783
2011-07-04,33.09460708782488,33.94782742680787,32.83605546995125,33.56,1449705.1778,0.033593750000029336,0.41860465116473455
2011-07-05,33.61442979053269,33.66614429790273,33.252428238942336,33.33,910782.1355999999,0.012307692307721517,-0.6874999999920985
2011-07-06,33.325365853656,34.514634146338835,33.29951219511942,33.92,1748906.1023999997,0.036462373933310414,0.48936170212938246
2011-07-07,34.02828528072579,34.44200303489875,33.7955690440035,34.08,1322724.1073999999,0.018996960486351015,0.08000000000388119
2011-07-08,34.16038863975829,34.75515695067005,34.03109118086442,34.6,1335376.851,0.021196063588219436,0.6071428571455854
2011-07-11,34.51535346096948,35.187562592044536,34.30851988217715,35.11,1341016.5804,0.025468164794035637,0.6764705882374642
2011-07-12,34.95462773722373,36.247328467150645,34.696087591238346,35.42,2485358.237,0.044378698224879505,0.3000000000014702
2011-07-13,35.42456772334038,36.17443083573226,35.19185158501187,35.89,1652425.104,0.027737226277399742,0.47368421052847165
2011-07-14,35.6841419261379,36.12372918174974,35.632425778418856,35.71,944677.3311,0.013768115942056559,0.05263157895251952
2011-07-15,35.711321585900464,35.78889867841147,35.194140969160415,35.22,963126.4506,0.016654598117333778,-0.8260869565160109
2011-07-18,35.08412437455075,37.17831308076932,35.05827019299249,36.17,1796532.5652,0.060427413411964906,0.5121951219521967
2011-07-19,35.861249999997376,36.06809210526052,35.344144736839525,35.37,597588.3648,0.02018745493874382,-0.6785714285669256
2011-07-20,35.62982950333316,35.68154188287357,34.33702001482325,34.88,1069527.2653,0.037735849056630966,-0.5576923076899648
2011-07-21,34.85514157972915,35.010283159460876,34.46728763039982,34.7,693442.937,0.015578635014864948,-0.28571428570900015
2011-07-22,34.749999999997414,35.241257440473575,34.724144345235516,34.75,385304.77439999994,0.014880952380980804,5.001566547006692e-12
2011-07-25,35.14161144578049,35.29676204819012,34.2624246987926,34.34,1016577.8911999998,0.029433406916878395,-0.7749999999967477
2011-07-26,34.35998540145735,36.09220437955942,34.20486131386612,35.42,1938339.5680000002,0.05492851768249576,0.5616438356175065
2011-07-27,35.117579335790765,35.47961623615974,34.62624354243287,35.04,918645.9625,0.024300441826242834,-0.09090909090595362
2011-07-28,34.72146341463158,35.186829268290076,34.618048780485246,34.98,544705.0817999999,0.016381236038747433,0.45454545454920264
2011-07-29,34.905963302749626,35.03524464831537,33.79414373088427,33.82,908340.0768,0.03555555555558318,-0.8749999999972125
2011-08-01,33.79387121211866,34.233424242421655,33.61287878787625,34.13,541364.076,0.01836266258610402,0.5416666666699521
2011-08-02,33.74525602409385,34.495150602407044,33.66768072288903,34.34,575348.9616,0.024521072796963854,0.7187500000022535
2011-08-03,34.000719696967124,34.49198484848224,33.74215909090654,34.13,548702.484,0.02205323193919222,0.17241379310666632
2011-08-04,34.2624246987926,34.59858433734679,34.21070783132273,34.34,428065.9264,0.011320754717009891,0.20000000000616341
2011-08-05,34.00054221533432,34.00054221533432,31.544229279625753,33.38,1027295.8215,0.07224334600763196,-0.25263157894621385
2011-08-08,32.58171701112618,33.771208267087935,32.323131955482324,32.53,1170562.2068,0.04444444444447387,-0.03571428571247059
2011-08-09,31.879219858153522,32.93927501969796,31.54310480693211,32.81,860975.7650999998,0.043795620437986245,0.6666666666680373
2011-08-10,33.1182930631307,33.35097427903092,32.91146531566385,33.17,442085.7477,0.01327088212337096,0.11764705882914739
2011-08-11,32.65577129700441,34.00026861089532,32.57820414427992,33.69,689663.0458,0.04354711005545295,0.7272727272740273
2011-08-12,33.87081712061993,33.87081712061993,33.34972762645655,33.48,556345.7615,0.015384615384644463,-0.7499999999935667
2011-08-15,33.50999999999739,33.744517884911836,32.962791601863685,33.51,797145.747,0.02332814930018468,3.335811903455738e-12
2011-08-16,33.50688188976115,33.793488188973726,33.03788976377693,33.09,452474.33,0.022550544323512934,-0.551724137926856
2011-08-17,33.065773762762525,33.482678711702,33.039717203453804,33.17,336027.8269,0.013396375098532538,0.2352941176524127
2011-08-18,33.20090548053748,33.2790865766455,32.78393963462806,32.81,447179.04809999996,0.014913657770830294,-0.7894736842036737
2011-08-19,32.44211584875041,32.72875301689198,32.051246983102814,32.39,353078.0033,0.020883534136576343,-0.0769230769191233
2011-08-22,32.386607142854515,32.67321428571163,31.995779220776623,32.1,283015.656,0.020917135961413903,-0.4230769230724538
2011-08-23,32.18334670946772,32.5221187800937,32.18334670946772,32.47,199283.8694,0.010526315789504505,0.8461538461590363
2011-08-24,32.73242594074998,32.83666933546574,32.497878302639506,32.55,234749.55000000002,0.010350318471367893,-0.5384615384522472
2011-08-25,32.72567026193893,33.87211093990494,32.56933744221629,33.82,811128.8966,0.03980891719748167,0.8400000000013509
2011-08-26,33.745475460120105,34.13634969324891,33.48489263803424,33.98,579276.572,0.019305019305048274,0.36000000000345506
2011-08-29,33.66520673812912,34.212396630931536,33.37858346094691,34.03,813689.5869999999,0.024767801857614128,0.4375000000026017
2011-08-30,34.261356589144626,34.39162790697407,33.531837209299724,33.61,485774.268,0.025095057034248896,-0.7575757575718436
2011-08-31,33.63652503793372,34.49632776934489,33.50625189681082,34.34,963572.5342,0.029434546862925924,0.710526315791381
2011-09-01,34.341109399072856,34.471386748841724,33.66366718027476,33.82,333348.466,0.02352048558424702,-0.6451612903185548
2011-09-02,33.8251290070341,34.007544956995,33.09546520719053,33.33,306389.1823,0.026964560862894893,-0.5428571428536857
2011-09-05,33.221551052218764,33.69056118472068,32.88282151207849,33.43,491652.39989999996,0.024313725490225552,0.2580645161319403
2011-09-06,33.348923076920514,34.130538461535835,33.21865384615129,33.87,857004.46,0.027343750000029123,0.5714285714307978
2011-09-07,33.84550458715337,34.21027522935518,33.715229357795586,34.08,365260.1772,0.014626635873778208,0.47368421053062576
2011-09-08,34.156864864862236,34.261081081078444,33.7399999999974,33.74,403471.1065,0.01525553012970089,-0.799999999993474
2011-09-09,34.05264864864603,34.287135135132495,33.71394594594335,33.74,487072.9394999999,0.016832440703930893,-0.5454545454490602
2011-09-13,33.40877856579721,33.46089834515103,32.88758077225903,33.07,289870.6905,0.01716068642748669,-0.5909090909035146
2011-09-14,33.17575567736624,33.462427564601924,32.34180109631697,33.28,497582.6669,0.033778476040877456,0.09302325581619289
2011-09-15,33.29769045709436,33.34979951884255,32.411836407375105,32.49,1085869.3938,0.028169014084536224,-0.8611111111074122
2011-09-16,32.72504446240641,32.90742926434657,32.20394502829165,32.23,772210.6096,0.021496815286654234,-0.7037037036989999
2011-09-19,32.05182481751565,32.31240875912147,31.791240875909832,32.13,575287.0983000001,0.016260162601656674,0.150000000004712
2011-09-20,31.921243941839094,32.494523424876206,31.895185783519228,32.26,482158.28900000005,0.018775510204112358,0.5652173913077622
2011-09-21,32.25470681457748,33.01026941362655,32.046275752770846,32.88,542503.7644,0.0298869143780591,0.6486486486506763
2011-09-22,32.75540145985136,33.19839416058125,31.999708029194487,32.13,497475.4275,0.036595067621350036,-0.5217391304321752
2011-09-23,31.813120452705594,32.49054971705477,31.57862570735395,32.23,620862.0515,0.0286650286650593,0.4571428571452075
2011-09-26,32.00029435813311,32.26088307440456,31.635470155353094,31.87,437559.92569999996,0.01954397394139888,-0.20833333332882334
2011-09-27,32.08060606060343,32.184848484845844,31.585454545451952,31.82,348279.5052,0.018683996750639892,-0.4347826086905711
2011-09-28,31.923316708226775,32.05361596009709,31.27182044887521,31.35,502591.1445,0.02448979591839789,-0.7333333333290631
2011-09-29,31.31928753180396,31.31928753180396,30.61577608142234,30.72,732939.7337999999,0.022462562396037843,-0.8518518518469385
2011-09-30,30.749999999997392,31.088771186438038,30.6718220338957,30.75,320024.26,0.01355932203393036,6.254220267226781e-12
2011-10-10,30.699393939391353,31.0121212121186,30.595151515148938,30.96,441800.9244,0.01358234295419174,0.6250000000047582
2011-10-11,31.47876150627352,31.71328870292622,31.009707112968123,31.14,573956.2294999999,0.022350993377514436,-0.48148148147710096
2011-10-12,31.032963855419194,32.64844979919416,30.92873895582081,32.44,970069.638,0.05541561712849381,0.818181818182858
2011-10-13,32.17888446214883,33.22111553784596,32.17888446214883,32.7,807861.9485,0.03238866396764151,0.5000000000020223
2011-10-14,32.59633734939497,32.80478714859174,32.17943775100143,32.44,286562.646,0.01918465227820759,-0.24999999999543593
2011-10-17,32.56944444444186,33.220833333330695,32.56944444444186,32.83,445118.56200000003,0.02000000000003014,0.40000000000338704
2011-10-18,32.65153053132176,33.09452815225749,32.59941316415285,32.86,745848.2096,0.015163607342408434,0.4210526315833502
2011-10-19,32.85341194968295,33.348427672953356,32.6189308176075,33.14,629831.6904000001,0.022204599524216998,0.3928571428601769
2011-10-20,32.96482813748737,33.173301358910216,32.052757793762424,32.6,838003.8672,0.03399209486168936,-0.3255813953462203
2011-10-21,32.75027156549259,32.90659744408683,32.2291853035118,32.62,300905.5548,0.020684168655559047,-0.19230769230356135
2011-10-24,32.600046728969424,33.6684735202466,32.495809968844824,33.46,590541.6455999999,0.03597122302161224,0.7333333333349317
2011-10-25,33.27256331542339,34.0021105141954,33.24650805832439,33.95,776169.737,0.022709475332840786,0.8965517241401859
2011-10-26,33.74787972243379,34.11272166537901,33.61757902852477,33.8,831392.1749,0.014671814671843841,0.10526315789978778
2011-10-27,34.13664357197582,34.91839876828061,33.79788298691041,33.85,1121811.9834,0.032824427480944454,-0.2558139534858164
2011-10-28,34.18264615384352,34.49529230768965,33.50524615384357,33.87,1435328.05,0.028963414634174827,-0.3157894736812584
2011-10-31,33.8471830985889,33.925352112673394,32.93521126760305,33.3,968915.0609999999,0.029253271747526687,-0.5526315789441819
2011-11-01,33.12303030302773,33.95696969696706,33.044848484845915,33.54,546670.8819,0.02753737214794443,0.4571428571452078
2011-11-02,33.0916857360768,34.29028222730478,33.06562929061533,34.16,738033.0873,0.03700787401577701,0.8723404255333361
2011-11-03,34.318173515979126,35.02173515981469,33.901248097409905,34.24,1030018.8456,0.03264996203495602,-0.06976744185807777
2011-11-04,34.527223926377715,34.527223926377715,33.90182515337163,33.98,591160.3152,0.01811320754719813,-0.874999999994437
2011-11-07,33.89816640985871,34.3932203389804,33.45522342064457,33.82,449910.2938,0.027671022290574356,-0.08333333333046317
2011-11-08,34.05970274389985,34.294237804875436,33.642751524387684,34.19,563728.6144,0.01912777352719015,0.20000000000368262
2011-11-09,34.296060836499294,34.55666920151829,34.113634980986,34.27,769977.6045,0.012917933130727997,-0.05882352940574312
2011-11-10,34.0035211267579,34.1598591549269,33.27394366196922,33.3,667978.65,0.026053639846771986,-0.7941176470549879
2011-11-11,33.58817262830221,33.822690513216656,33.379712286156035,33.51,289919.3122,0.013188518231216414,-0.1764705882290194
2011-11-14,33.638871090767836,34.23816933638183,33.5607017543834,34.16,709812.5013,0.0201394268009588,0.7692307692334724
2011-11-15,34.137291981843106,34.73664901663883,34.05911497730454,34.45,774795.3804,0.019847328244303505,0.4615384615416316
2011-11-16,34.399383191978835,34.633924441015054,33.61757902852477,33.8,597347.8764000001,0.029545454545482686,-0.5897435897404412
2011-11-17,33.793944530043625,34.158721109396446,33.741833590136075,33.82,388191.56200000003,0.0123361603701141,0.06250000000609245
2011-11-18,33.74879095163543,34.009399375972386,33.30575663026261,33.41,337056.389,0.020849420849450018,-0.4814814814770875
2011-11-21,33.587482185270495,33.66565320664816,32.59731591448672,32.91,790059.0408000001,0.03180760279289158,-0.6341463414603797
2011-11-22,32.72340962904241,33.166322020518294,32.48892659826105,33.01,665699.1579,0.0207006369427049,0.42307692308014205
2011-11-23,33.01878787878531,33.644242424239806,32.78424242423988,33.54,470851.6527,0.026045777427022247,0.6060606060629368
2011-11-24,33.375243243240675,33.87027027026766,33.03654054053799,33.74,412141.9085,0.024980483996906742,0.4375000000025902
2011-11-25,33.61787925696335,34.03484520123576,33.40939628482714,33.67,346276.15520000004,0.018604651162819945,0.083333333337359
2011-11-28,33.670600760453716,34.47848669201259,33.670600760453716,34.27,768556.8785,0.023993808049564518,0.7419354838732775
2011-11-29,34.55453302961013,34.60665148063518,34.00728929384707,34.32,463854.51180000004,0.017345399698369218,-0.3913043478210787
2011-11-30,33.9523996913554,34.47354166666401,33.4312577160468,33.77,698096.232,0.030698388334641204,-0.17499999999732593
2011-12-01,34.263386123677655,35.2274509803895,34.00282805429608,34.55,1428389.6094,0.035741444866948156,0.23404255319342612
2011-12-02,34.342395118227735,34.55084668191956,34.00366132722853,34.16,330008.59079999995,0.01593323216998305,-0.33333333332796283
2011-12-05,34.18591549295507,34.29014084506773,33.27394366196922,33.3,602503.2594,0.029725609756125957,-0.8717948717914491
2011-12-06,33.252119309259555,33.53877551020145,32.965463108317664,33.2,383554.77160000004,0.0172413793103743,-0.0909090909043805
2011-12-07,33.2194552529157,33.47999999999739,33.01101945525035,33.48,315757.91,0.014117647058853065,0.5555555555599296
2011-12-08,33.45633802816639,33.8471830985889,33.065492957743885,33.3,190300.59,0.023364485981337776,-0.1999999999964082
2011-12-09,33.11774999999733,33.30014516128763,31.97126612902968,32.31,779753.1680000001,0.04012588512984785,-0.6078431372524847
2011-12-12,32.280808823526776,32.48924019607578,31.73367647058564,31.89,571845.5784,0.023405972558545287,-0.5172413793062111
2011-12-13,32.02081548599406,32.229250411858956,31.525782537064945,31.63,457423.7884,0.021969080553325908,-0.5555555555510578
2011-12-14,31.60731428571171,32.02422857142596,31.60731428571171,31.92,286199.445,0.013190436933254546,0.7500000000044516
2011-12-15,31.81536340851865,31.97170426064896,30.69492063491807,31.19,675199.6902000001,0.040131040131070356,-0.48979591836492414
2011-12-16,31.217115384612885,32.57211538461278,31.008653846151365,32.52,628900.3968000001,0.05008347245412062,0.833333333334467
2011-12-19,32.31334932054098,32.70423661070882,31.583693045561024,32.6,641320.2711,0.03467741935486867,0.25581395349047265
2011-12-20,32.41847896439867,32.86149676375139,31.845161812295164,32.21,417439.224,0.031350482315142356,-0.20512820512544036
2011-12-21,32.389319672128494,32.70200819671863,31.763942622948214,31.79,284618.68,0.028962188254253663,-0.6388888888854314
2011-12-22,31.788167625305523,32.309285127359715,31.397329498764883,31.71,481878.5737,0.028688524590194536,-0.08571428571133329
2011-12-23,31.715158407795958,32.44484159219882,31.584857839152587,32.08,373009.9878,0.0271158586688885,0.42424242424496406
2011-12-26,31.842403292178453,31.920576131684616,31.399423868310176,31.66,381811.9275,0.016366612111323748,-0.3499999999943377
2011-12-27,31.687230125520365,31.791464435143784,30.983648535562267,31.14,485039.506,0.025493421052662148,-0.6774193548346548
2011-12-28,31.087591666664075,31.530583333330707,30.957299999997424,31.27,270870.96,0.018440905280836178,0.3181818181858116
2011-12-29,31.13817114093698,31.2684563758363,30.721258389259162,31.06,354055.1112,0.017573221757353843,-0.14285714285211068
2011-12-30,31.18654411764451,32.04632352940914,31.082328431370005,31.89,577748.808,0.030910609858009398,0.7297297297316772
2012-01-04,32.15136476426533,32.20347394540676,31.369727047143805,31.5,335604.73829999997,0.025931928687226418,-0.7812499999959379
2012-01-05,31.5057625721326,31.97483099752415,31.323347073369217,31.61,713149.6286,0.020678246484729206,0.16000000000376083
2012-01-06,31.477028571426004,31.998171428568817,31.398857142854585,31.92,515806.83,0.019039735099368772,0.7391304347857278
2012-01-09,31.919715447151873,32.440853658533946,31.52886178861532,32.05,741646.581,0.028571428571459053,0.14285714285984388
2012-01-10,32.33286846275497,32.8799999999974,32.02022187004501,32.88,1737126.594,0.026591458501238816,0.6363636363659202
2012-01-11,32.724490777864254,33.16741780272388,32.437890938249204,32.49,1005617.8359000001,0.02229299363060305,-0.32142857142455494
2012-01-12,32.47029814665331,32.730894439965134,32.15758259467912,32.34,738892.1446,0.017656500802598483,-0.2272727272677914
2012-01-13,32.308441558438936,32.36055194804932,31.917613636361043,32.1,516330.584,0.013709677419385398,-0.4705882352871689
2012-01-16,31.96972402597143,32.17816558441297,31.578896103893538,32.1,665598.3487999999,0.018744906275499428,0.21739130435181298
2012-01-17,32.05189573459463,33.1724091627146,31.661018957343476,32.99,1080852.6906,0.04715447154474505,0.6206896551737262
2012-01-18,33.06237717907821,33.16659270998153,32.723676703642425,32.88,980169.1503999999,0.013396375098532433,-0.4117647058755565
2012-01-19,32.88490241998182,33.58846213895132,32.70249804839714,33.38,1053242.5554,0.026941362916035837,0.5588235294140796
2012-01-20,33.453674418602056,33.896596899222175,33.14102325581138,33.61,834296.922,0.022585669781960596,0.2068965517273154
2012-01-30,33.56388535031579,33.876592356685194,32.703941082799936,32.73,668714.1192000001,0.03493788819878654,-0.7111111111082796
2012-01-31,32.83055999999738,33.09111999999735,32.4397199999974,32.57,425051.0,0.01984126984129984,-0.3999999999953871
2012-02-01,32.60212169735527,33.227582065649855,32.3675740592448,32.55,328816.2364,0.026378896882523803,-0.060606060602959214
2012-02-02,32.572209211550934,33.40605776736664,32.49403590944321,33.38,897683.1675,0.028000000000029883,0.8857142857161698
2012-02-03,33.298890600921936,33.89816640985871,32.98622496147666,33.82,1429697.8058000002,0.027386541471077597,0.5714285714308021
2012-02-06,33.74365872405582,34.13451191390975,33.3528055342019,33.9,970978.0621000001,0.023166023166051878,0.20000000000308188
2012-02-07,33.63605426356328,33.844488372090396,33.114968992245494,33.61,987917.475,0.021688613477953096,-0.03571428571066223
2012-02-08,33.43220700151953,34.3442313546397,33.43220700151953,34.24,949951.4382000001,0.027279812938454644,0.8857142857161703
2012-02-09,34.26847742922462,34.42483550114504,33.877582249423575,34.06,618195.7081,0.01596958174907834,-0.3809523809469167
2012-02-10,33.92210769230508,34.07843076922815,33.58340769230511,33.87,956819.76,0.014592933947801744,-0.10526315788926621
2012-02-13,33.613374327437846,34.342966948498514,33.587317448114256,33.9,598590.4903,0.022480620155067743,0.3793103448305332
2012-02-14,34.05449922958135,34.05449922958135,33.63761171032098,33.82,345054.0896,0.012241775057412389,-0.5624999999923999
2012-02-15,33.825462892116775,34.34665646518483,33.564866105582745,34.06,715830.6993,0.023112480739628304,0.3000000000029445
2012-02-16,34.00724299065156,34.05936137071386,33.25152647974819,33.46,901468.7940000001,0.02375478927205924,-0.6774193548346539
2012-02-17,33.668772478496194,33.773010164188136,33.12152462861352,33.33,604201.2627,0.019349845201267462,-0.5199999999952053
2012-02-20,33.641823802161234,33.85029366305766,33.433353941264805,33.72,933410.8544,0.012393493415985966,0.18750000000579614
2012-02-21,33.824234930445606,33.824234930445606,33.3812364760407,33.72,336208.8916,0.013097072419135377,-0.23529411764064312
2012-02-22,33.71788580246653,33.9523996913554,33.32702932098508,33.77,1171025.0352,0.01854714064917895,0.08333333333737371
2012-02-23,33.695164498849756,34.059999999997395,33.382448355008925,34.06,1434239.8482,0.020108275328721968,0.5384615384645941
2012-02-24,34.02915972747661,34.44605601816545,33.82071158213219,34.42,2461381.5194000006,0.018376722817792967,0.6250000000031649
2012-02-27,34.44605601816545,34.836896290686234,34.15943981831687,34.42,2170394.6777,0.019667170953129774,-0.038461538457637695
2012-02-28,34.42453506097299,34.42453506097299,33.9554649390218,34.19,1169572.0352,0.013626040878151488,-0.49999999999338995
2012-02-29,34.1899999999974,34.633010670729064,34.1899999999974,34.19,1729047.0143999998,0.0129573170731994,5.870256823793939e-12
2012-03-01,33.95667169811064,34.68636226414832,33.95667169811064,34.53,1082497.3075,0.021488871834257562,0.7857142857167875
2012-03-02,34.65548917102057,35.02028379387341,34.47309185959414,34.89,1123670.4557,0.015789473684238827,0.4285714285753998
2012-03-05,35.04749810462206,35.04749810462206,34.23971190295419,34.37,2067279.7795999998,0.023048327137574272,-0.8387096774150955
2012-03-06,34.23886056971258,35.07268365816829,34.160689655169854,34.76,1493687.0036,0.026636225266390708,0.5714285714307964
2012-03-07,34.524224072669604,34.915064345190395,34.107327781980764,34.42,1027723.3369000001,0.02339622641512268,-0.12903225806112742
2012-03-08,34.447599699019236,35.02085778780775,34.23914221218705,34.63,1165418.9718,0.022692889561298956,0.23333333333636494
2012-03-09,34.678635693212776,35.356054572268775,34.57441740412724,35.33,1938811.6476,0.022539444027075545,0.8333333333356049
2012-03-12,35.152115812914985,35.56904231625571,34.943652561244626,35.1,916357.4996999999,0.017790956263927,-0.08333333332903227
2012-03-13,35.04577464788473,35.17605633802556,34.81126760563122,35.15,785974.3452000001,0.010408921933113702,0.2857142857206399
2012-03-14,35.231469480027485,35.492057272039524,34.34547098718656,34.58,1640782.6854,0.03254437869825231,-0.5681818181790487
2012-03-15,34.57846095526652,34.812979529944286,34.36999999999739,34.37,893742.9247,0.012810851544866542,-0.4705882352871781
2012-03-16,34.39999999999739,34.63454545454283,33.64424242423988,34.4,923058.84,0.02878787878790698,2.633226154462224e-12
2012-03-19,34.32181818181559,34.50424242423981,34.19151515151256,34.4,668463.4439999999,0.009111617312101824,0.25000000000751077
2012-03-20,34.398475609753476,34.4505945121925,33.90334603658278,34.19,477102.3712,0.015909090909119687,-0.38095238094692285
2012-03-21,34.2626630851854,34.3408288564824,33.559171143512394,33.95,872175.9497,0.02281368821295628,-0.3999999999961558
2012-03-22,33.949999999997395,34.1584420567894,33.7936684574034,33.95,271780.1309,0.010744435917143311,7.1487954298825145e-12
2012-03-23,33.97817063796818,34.004227517291774,33.613374327437846,33.9,359980.0649,0.011503067484691657,-0.1999999999928165
2012-03-26,33.843678160916944,34.05210727969088,33.687356321836496,34.0,207293.769,0.010777521170160249,0.4285714285773973
2012-03-27,34.13422664624547,34.29056661561759,33.977886676873354,34.03,295757.6742,0.009160305343540641,-0.3333333333239275
2012-03-28,33.94870542635395,34.313465116276404,33.505782945733834,33.61,468617.65499999997,0.023791250959353305,-0.4193548387059296
2012-03-29,33.48818252729848,33.61848673946695,33.097269890793044,33.41,538156.1652,0.015564202334659822,-0.14999999999471253
2012-03-30,33.357275541793086,33.72212074303145,33.226973684207955,33.67,324182.826,0.014843750000029535,0.6315789473724067
2012-04-05,33.639431206761444,34.03028439661537,33.40491929284909,33.9,722646.955,0.018590240123964086,0.4166666666701627
2012-04-06,33.817892307689704,33.948161538458926,33.66156923076664,33.87,352508.78,0.008474576271215837,0.18181818182663737
2012-04-09,33.878482972133604,33.878482972133604,33.48757739937822,33.67,288232.0216,0.01153846153849067,-0.5333333333253079
2012-04-10,33.66183783783524,33.76605405405145,33.24497297297041,33.74,294214.2875,0.015479876161020017,0.1500000000047063
2012-04-11,33.559171143512394,34.0021105141954,33.48100537221539,33.95,325867.26999999996,0.015527950310588413,0.7500000000035547
2012-04-12,33.900962850641854,34.422115238814676,33.900962850641854,34.37,648005.9702,0.015372790161443457,0.9000000000032686
2012-04-13,34.4197209653066,34.57605580693555,34.31549773755397,34.55,756785.7258,0.007570022710097017,0.5000000000080755
2012-04-16,34.426060606058,34.55636363636102,34.26969696969438,34.4,286554.576,0.008327024981103616,-0.09090909089970198
2012-04-17,34.39605761940603,34.65663381349245,34.21365428354555,34.37,748484.0927,0.012878787878816592,-0.05882352940574238
2012-04-18,34.44367469879259,34.65210843373234,34.28734939758778,34.6,591691.3295999999,0.01059001512862189,0.42857142857738323
2012-04-19,34.60394281414337,34.682114371705445,34.421542513165214,34.63,485573.14170000004,0.007530120481956252,0.10000000000961835
2012-04-20,34.5755014970034,34.888166167662064,34.49733532933874,34.81,878340.3743999999,0.011303692539591539,0.6000000000051334
2012-04-23,34.75872823618208,34.810840272518185,34.36788796366129,34.42,559028.4418,0.012743628185935522,-0.7647058823453297
2012-04-24,34.28659003831155,34.72950191570615,33.452873563215825,34.0,1191867.462,0.03723404255321967,-0.22448979591615215
2012-04-25,33.82182936202661,34.004227517291774,33.587317448114256,33.9,1466245.0839,0.012326656394482051,0.18750000000579017
2012-04-26,33.928766485645156,33.98088440651404,33.45970519782518,33.59,1414640.3768,0.015360983102947545,-0.6499999999937467
2012-04-27,33.691828703701105,33.79605709876283,33.379143518515946,33.77,1449078.5952,0.01237432327922507,0.1875000000058029
2012-05-02,33.90276096822739,34.63241301058739,33.79852496217596,34.45,1283150.3860000002,0.024596464258291543,0.6562500000023437
2012-05-03,34.39366515836844,34.65422322775002,34.263386123677655,34.55,856977.3576,0.011363636363665086,0.40000000000564867
2012-05-04,34.50124158563691,34.97029169782835,34.39700822737215,34.84,1193642.849,0.01661631419942431,0.5909090909126089
2012-05-07,34.70760268857097,35.15056758774943,34.577318894694955,34.89,1224141.2495000002,0.016516516516544802,0.31818181818580704
2012-05-08,34.921513353113134,35.364547477742185,34.71302670622888,35.13,1363858.6808000002,0.018656716417938538,0.32000000000351614
2012-05-09,34.810277986473714,35.09688955672163,34.44549962434001,34.68,678061.1794,0.018712574850327592,-0.19999999999568752
2012-05-10,34.656057185851424,34.734228743413496,34.36942814145716,34.63,706678.6059,0.010526315789502286,-0.07142857142124127
2012-05-11,34.62578394598389,35.04264816203787,34.54762190547377,34.73,673845.0965999999,0.014296463506424217,0.210526315794323
2012-05-14,34.764543396223786,34.81666415094077,34.21727547169553,34.53,592638.4475,0.017241379310373083,-0.3913043478210758
2012-05-15,34.182865716426534,34.782108027004135,34.13075768941979,34.73,588056.6823999999,0.019054878048809183,0.84000000000272
2012-05-16,34.63241301058739,34.84088502269025,34.37182299545882,34.45,442258.3106000001,0.013544018058719187,-0.388888888882492
2012-05-17,34.47669144981156,35.41483271375201,34.21609665427255,35.05,987210.7665,0.034769463340919925,0.47826086956699143
2012-05-18,34.92060150375677,35.31150375939584,34.63393984962145,34.66,908474.1890000001,0.01940298507465514,-0.38461538461096917
2012-05-21,34.71242264150681,34.790603773582276,34.24333584905402,34.53,419081.9975,0.015765765765794,-0.33333333332795934
2012-05-22,34.5257712565813,34.70817155755947,34.343370955603135,34.63,486449.48429999995,0.010566037735877767,0.285714285720648
2012-05-23,34.606951219509554,34.633010670729064,33.74698932926572,34.19,713941.3312,0.025602409638582187,-0.47058823529064764
2012-05-24,33.87183422870039,34.2105525709874,33.87183422870039,33.95,246839.017,0.01000000000002939,0.23076923077624656
2012-05-25,33.94898054474444,34.10530739299345,33.401836575872885,33.48,673632.8515,0.02072141212589224,-0.6666666666620155
2012-05-28,33.43515805705216,33.87818041634279,33.43515805705216,33.8,557697.6785,0.013250194855836022,0.823529411768736
2012-05-29,33.74518716577282,34.26634835752221,33.693071046597886,34.11,677106.9536,0.016988416988446105,0.6363636363670785
2012-05-30,34.0305709876517,34.05662808641713,33.58760030863939,33.77,792029.9232000001,0.013782542113352043,-0.5555555555488214
2012-05-31,33.7694333843772,34.05605666155942,33.508866768757,34.03,611057.6794,0.01620370370373302,0.47619047619436167
2012-06-01,34.03300232738293,34.08512024825182,33.563941039562955,33.59,514562.8706,0.015313935681499007,-0.8499999999933684
2012-06-04,33.37688537549143,33.715604743080334,32.90788932806064,32.96,704540.991,0.024199843872004082,-0.516129032254203
2012-06-05,33.06846946867304,33.19876288659531,32.521237113399486,32.86,777502.7142999999,0.020488573680092728,-0.3076923076880144
2012-06-06,32.82999999999739,32.98633333333071,32.595499999997415,32.83,338637.222,0.01190476190479186,6.672132640255353e-12
2012-06-07,33.06449999999737,33.090555555552925,32.56944444444186,32.83,755821.962,0.015760441292385907,-0.4499999999941365
2012-06-08,32.85476343223473,33.0371451483534,32.437890938249204,32.49,779806.7114,0.01823949246632638,-0.6086956521685468
2012-06-11,32.69972222221963,32.85605555555294,32.4912777777752,32.83,512313.48000000004,0.011155378486085723,0.35714285714902544
2012-06-12,32.69843624699016,32.95898155573112,32.411836407375105,32.49,437907.743,0.016733067729113895,-0.38095238094691936
2012-06-13,32.6494299287385,32.98817102137505,32.571258907360836,32.91,700349.0349000001,0.012769353551506631,0.6250000000047663
2012-06-14,32.95972440944623,33.2463307086588,32.82944881889506,33.09,801773.225,0.012648221343903377,0.31250000000549283
2012-06-15,33.19422047243834,33.27238582676904,32.77733858267459,33.09,461274.795,0.01491365777083035,-0.21052631578379297
2012-06-18,33.244213836475375,33.244213836475375,32.98367924528043,33.14,256281.41520000002,0.007836990595641097,-0.39999999998846664
2012-06-19,33.142666666664034,33.194777777775144,32.75183333333074,32.83,373905.504,0.013364779874243544,-0.7058823529337033
2012-06-20,33.01238888888627,33.06449999999737,32.56944444444186,32.83,386636.796,0.014996053670116674,-0.3684210526255786
2012-06-21,32.69972222221963,32.96027777777516,32.517333333330754,32.83,527921.1,0.013545816733097833,0.29411764706403914
2012-06-25,32.778167330674684,33.11689243027625,32.64788844621254,32.7,514636.72050000005,0.014308426073162133,-0.16666666666075883
2012-06-26,32.836961628814976,33.488488645259714,32.836961628814976,33.28,969235.7210999998,0.0198412698412996,0.6800000000029518
2012-06-27,33.27999999999739,33.27999999999739,33.27999999999739,33.28,0.0,3.004807692307837e-14,2.6076918402395677
2012-06-28,33.089999999997396,33.40266141732021,32.59495275590295,33.09,748943.7649999999,0.0244094488189271,3.2285054807518248e-12
2012-06-29,32.83516483516226,33.3302982731528,32.574568288851445,33.2,657812.5736,0.023015873015902775,0.48275862069246533
2012-07-02,33.08843106180404,33.1405388272557,32.64551505546493,32.88,501639.44719999994,0.014960629921289846,-0.42105263157282824
2012-07-03,32.858459696725234,32.962689545089155,32.6499999999974,32.65,590121.5257,0.00951625693896757,-0.6666666666562102
2012-07-04,32.72941548182996,32.989999999997394,32.651240126379726,32.99,331128.3768,0.010350318471367867,0.7692307692361866
2012-07-05,32.82816229116684,32.85421638822332,32.5936754176585,32.75,369482.45430000004,0.007936507936538226,-0.29999999998885074
2012-07-06,32.82944881889506,33.1681653543281,32.725228346454124,33.09,332997.175,0.013492063492093491,0.588235294122196
2012-07-09,33.04300559552094,33.14724220623236,32.44364508393026,32.6,552957.3873000001,0.02129337539435152,-0.6296296296250229
2012-07-10,32.753657957242055,32.96211401424917,32.59731591448672,32.91,462766.6101,0.011137629276084424,0.4285714285774021
2012-07-11,32.883942992871496,32.96211401424917,32.753657957242055,32.91,240419.75430000003,0.006339144215561199,0.12500000001192693
2012-07-12,32.858171701110265,32.91028616851885,32.44125596184162,32.78,667555.6871999999,0.014274385408436134,-0.16666666666075158
2012-07-13,32.75394276629311,32.91028616851885,32.64971383147594,32.78,380561.6056,0.007955449482926202,0.1000000000096047
2012-07-16,32.8069267900215,32.8069267900215,32.31182622686788,32.39,465620.5906,0.01509134233521667,-0.8421052631509375
2012-07-17,32.393026101139284,32.523327895592786,31.637275693309007,31.95,587203.9792,0.027353177795685718,-0.4999999999964967
2012-07-18,31.993414043580948,32.35815980629279,31.70682808716451,32.28,947372.853,0.02035830618895579,0.4400000000033316
2012-07-19,32.28283333333077,32.90816666666406,32.23072222221966,32.83,813998.43,0.02098466505249219,0.8076923076949515
2012-07-20,32.706060606058,32.96666666666404,32.47151515151257,32.68,390003.2796,0.015139442231105627,-0.052631578942010024
2012-07-23,32.467597765360544,33.275379090180905,32.28519553072368,32.65,636561.59,0.03049759229537491,0.1842105263182268
2012-07-24,32.623942537906416,32.88451715881621,32.467597765360544,32.65,267890.2723,0.01277955271568495,0.06250000000609518
2012-07-25,32.64873387096511,32.64873387096511,32.127604838707086,32.31,443406.64,0.015961691939375754,-0.6499999999937481
2012-07-26,32.31575562700706,32.47212218649258,31.92483922829326,32.42,479053.95040000003,0.01693548387099832,0.19047619048058992
2012-07-27,32.284226720645165,32.6229635627504,31.789149797568278,32.18,571063.5059999999,0.02582728006459845,-0.12499999999673225
2012-07-30,32.26152487961218,32.70453451043076,32.26152487961218,32.47,316395.90780000004,0.013731825525070818,0.47058823529893135
2012-07-31,32.52363636363378,32.784242424239814,32.49757575757317,32.68,405462.2153999999,0.008814102564132932,0.5454545454617146
2012-08-01,32.72999999999739,32.808176751589734,32.54758757961524,32.73,259376.56,0.007961783439520543,1.000690788673595e-11
2012-08-02,32.753375394319185,33.09211356466616,32.675205047316034,33.04,450868.0856,0.012728719172663338,0.6875000000045973
2012-08-03,33.045148205925656,33.566365054599565,32.96696567862457,33.41,627331.8288,0.018138801261859506,0.6086956521772403
2012-08-06,33.3499999999974,33.48027343749739,33.06339843749742,33.35,447842.304,0.012500000000029654,6.238288246778823e-12
2012-08-07,33.50605447470556,33.61027237353824,33.297618677040205,33.48,477905.121,0.009331259720091824,-0.08333333332472251
2012-08-08,33.50816835541438,33.58633671083137,33.27366328916342,33.43,242458.2608,0.009331259720091889,-0.2499999999908548
2012-08-09,33.403664596270694,33.58605590061851,33.35155279502847,33.56,314807.9368,0.0070202808112621645,0.666666666674964
2012-08-10,33.64211792086628,33.694235841735164,33.45970519782518,33.59,689194.2704,0.006971340046504962,-0.22222222221016602
2012-08-13,33.56199183673195,33.72597551020132,33.15203265305852,33.48,510620.67,0.017100977198726157,-0.14285714285212942
2012-08-14,33.42403409090638,33.888636363633616,33.42403409090638,33.67,437141.32,0.01390024529847591,0.5294117647106219
2012-08-15,33.53799999999727,33.674666666663924,33.23733333333063,33.62,235371.201,0.013039934800355263,0.18750000000582948
2012-08-16,33.70132952691405,33.70132952691405,33.482667210437725,33.51,174662.94819999998,0.006488240064911826,-0.8749999999835041
2012-08-17,33.585254934207754,33.61258223683934,33.09336348683938,33.23,290977.7344,0.015459723352348288,-0.6842105263091937
2012-08-20,33.15334154351124,33.399326765186096,33.07134646961962,33.29,202213.8216,0.009892827699947447,0.4166666666737153
2012-08-21,33.31665568368753,33.398649093901696,33.15266886325921,33.18,161728.35160000002,0.007383100902408907,-0.5555555555421502
2012-08-22,33.28255813953212,33.28255813953212,32.81802325581123,32.9,207967.8832,0.013957307060785039,-0.8235294117570523
2012-08-23,32.90533996682977,33.06932006633225,32.63203980099232,32.96,170701.5816,0.013289036544880653,0.12500000000597414
2012-08-24,32.88132943143537,33.04532608695376,32.60800167223807,32.69,132482.714,0.01330008312554976,-0.43749999999272604
2012-08-27,32.68396638655188,32.847932773106486,32.32870588235023,32.52,157815.777,0.015886287625448133,-0.31578947367834315
2012-08-28,32.51802179379443,32.955238893542926,32.32673931265446,32.6,211791.2619,0.019327731092467194,0.13043478261282546
2012-08-29,32.468010075564024,32.741309823674825,32.468010075564024,32.55,96880.2276,0.008417508417538747,0.3000000000089014
2012-08-30,32.65672199169853,32.95732780082714,32.602066390038786,32.93,340397.1965,0.01087866108789637,0.7692307692363043
2012-08-31,32.79733110925498,32.93398665554355,32.71533778148184,32.77,161983.5811,0.006666666666697156,-0.12499999998692915
2012-09-03,32.825989932883154,32.825989932883154,32.252013422816084,32.58,277239.0552,0.0174854288093556,-0.42857142856592295
2012-09-04,32.52533557046707,32.66199664429256,32.252013422816084,32.58,196953.80240000002,0.012605042016837001,0.133333333339669
2012-09-05,32.55399999999726,32.58133333333058,32.30799999999728,32.39,134785.69199999998,0.008396305625555064,-0.5999999999878383
2012-09-06,32.462674516397605,32.54465096719659,32.29872161479964,32.49,121554.5614,0.007575757575788075,0.11111111112178279
2012-09-07,32.62685808039109,33.74721082854522,32.49022969646986,33.31,756099.6218,0.03852596314910794,0.5434782608713129
2012-09-10,33.50396721311201,33.58595081966938,33.23068852458744,33.34,319976.964,0.010603588907044133,-0.4615384615294776
2012-09-11,33.314658997532185,33.314658997532185,32.932046014787765,33.26,226638.25900000002,0.011484823625952469,-0.142857142849633
2012-09-12,33.26131404958403,33.53461983470797,32.79669421487332,33.07,804179.5519999999,0.022185702547276677,-0.2592592592552069
2012-09-13,32.87526050419892,32.902588235291354,32.4653445378124,32.52,467571.706,0.013300083125549552,-0.8124999999918884
2012-09-14,32.716661073822756,32.771325503352955,32.52533557046707,32.58,382405.52,0.007518796992511493,-0.5555555555421859
2012-09-17,32.65725190839417,32.84854961831782,32.19267175572246,32.22,540618.1884,0.0200836820083981,-0.666666666661483
2012-09-18,32.217214101458964,32.27186586414168,31.725348237314552,31.78,241891.0907,0.016963528413940745,-0.7999999999935229
2012-09-19,31.834651762679982,31.889303525362692,31.588718830607775,31.78,361656.2492,0.009442060085867995,-0.1818181818084911
2012-09-20,31.80992167101551,31.837249782416723,31.31801566579362,31.4,494463.1878,0.016323024055013673,-0.7894736842037503
2012-09-21,31.31534843205302,31.56128048780213,31.288022648080894,31.37,311268.9496,0.008726003490433216,0.20000000000926874
2012-09-24,31.39732578396939,31.424651567941513,31.014764808359665,31.37,348735.422,0.013054830287237779,-0.06666666665983174
2012-09-25,31.372671888596052,31.536640557003345,31.263359442991185,31.4,159073.5348,0.008710801393759812,0.10000000000962475
2012-09-26,31.403344887345636,31.594662045057923,31.294020797224324,31.54,224035.3674,0.009573542210649577,0.45454545455301393
2012-09-27,31.541342512906066,32.197314974179676,31.37734939758767,31.76,397692.17600000004,0.025996533795524676,0.2666666666696748
2012-09-28,31.76067739203795,32.38933107535712,31.651346316678097,32.28,792220.9412000001,0.023235800344264826,0.7037037037064592
2012-10-08,32.21870994940706,32.68327150084041,32.109401349069806,32.41,567540.8496,0.01781170483463599,0.3333333333375235
2012-10-09,32.44333892617177,32.79865771811805,32.41600671140667,32.58,554439.6088,0.011794439764141665,0.35714285714907684
2012-10-10,32.519308600334526,32.573962900503155,32.27336424957569,32.41,183301.8742,0.009243697479022064,-0.3636363636260728
2012-10-11,32.327326565141085,32.436632825716366,32.10871404399051,32.3,184854.6348,0.010143702451425237,-0.08333333332474416
2012-10-12,32.279999999997266,32.58066045723687,32.11600338695748,32.28,212389.03230000002,0.014394580863705438,5.887330049719586e-12
2012-10-15,32.247328244272076,32.32931297709649,32.00137404579881,32.22,93422.30939999998,0.010169491525454369,-0.08333333332475552
2012-10-16,32.221989795915626,32.33130952380677,32.030680272106125,32.14,145692.0528,0.009329940627681105,-0.2727272727172725
2012-10-17,32.38933107535712,32.47132938187701,32.08867061811752,32.28,134794.0255,0.011814345991591708,-0.2857142857063875
2012-10-18,32.47067114093687,32.716661073822756,32.30667785234628,32.58,279348.29919999995,0.012626262626292956,0.2666666666726829
2012-10-19,32.605979729726975,32.605979729726975,32.00469594594325,32.36,288673.408,0.018440905280834648,-0.4090909090856867
2012-10-22,32.136040609134334,32.327326565141085,32.05406091370287,32.3,102603.51000000001,0.008503401360575025,0.60000000000781
2012-10-23,32.30466101694641,32.413983050844706,32.14067796609897,32.25,136905.72400000002,0.00846023688666342,-0.19999999998925894
2012-10-24,32.30267117497613,32.493972950124046,32.19335587489161,32.33,199661.29820000002,0.009306260575326887,0.09090909091788413
2012-10-25,32.33266891891619,32.605979729726975,32.22334459459187,32.36,180587.232,0.011834319526657804,0.07142857143551819
2012-10-26,32.197993138933775,32.41665523155811,31.706003430529012,31.87,360316.0374,0.02207130730053968,-0.46153846153396694
2012-10-29,31.841321243520564,31.841321243520564,31.43134715025635,31.65,254694.4572,0.012875536480717726,-0.4666666666588593
2012-10-30,31.648643478258116,31.92194782608418,31.266017391301627,31.43,261750.00499999998,0.02072538860106719,-0.33333333332865644
2012-10-31,31.423951048948307,31.47860139859865,31.12337412587141,31.26,338879.11199999996,0.011304347826118282,-0.46153846152948597
2012-11-01,31.26012079378505,31.8612769628963,31.26012079378505,31.67,332772.4277,0.019230769230800658,0.6818181818215974
2012-11-02,31.65133790737293,32.06132933104357,31.460008576326633,31.87,369529.65280000004,0.018998272884314372,0.3636363636403007
2012-11-05,31.729255691766046,31.838572679506846,31.18267075306207,31.21,687555.7176,0.02067183462535389,-0.7916666666612867
2012-11-06,31.20581395348558,31.20581395348558,30.331395348834498,30.55,863182.4213999999,0.028021015761852473,-0.7499999999960179
2012-11-07,30.53066904549237,30.80399643175461,30.47600356823992,30.64,265838.6482,0.010743061772637516,0.33333333334065385
2012-11-08,30.60863309352243,30.717949640285013,30.33534172661598,30.39,241604.57359999997,0.012500000000032378,-0.5714285714199308
2012-11-09,30.38732673267053,30.496633663363593,30.332673267324004,30.36,147226.1648,0.005395683453270106,-0.16666666664897653
2012-11-12,30.468023255811232,30.60465116278796,30.38604651162519,30.55,185089.2602,0.007174887892409257,0.37500000001077
2012-11-13,30.58193460490185,30.58193460490185,30.062670299724786,30.09,309155.295,0.01697944593390165,-0.9473684210455368
2012-11-14,30.06068840579438,30.224655797098716,29.842065217388605,30.17,184710.12960000001,0.01272727272730561,0.28571428572068114
2012-11-15,30.11664539653326,30.225961713762057,29.542734731082085,29.98,271068.8097,0.02268602540838085,-0.19999999999570647
2012-11-16,29.789999999997267,30.00864220183211,29.626018348621134,29.79,347459.3,0.012844036697280917,7.140267905576755e-12
2012-11-19,29.738010849906896,30.257332730557845,29.683345388785742,30.23,370979.9394,0.01930147058826837,0.8571428571461209
2012-11-20,30.22127388534757,30.303248407640556,29.838726114646967,30.03,220527.538,0.01537070524415557,-0.41176470587558694
2012-11-21,30.03669071235076,30.364661857526567,29.927366997292157,30.31,212656.7386,0.014558689717958314,0.6250000000048164
2012-11-22,30.200676284938666,30.337330928761915,30.146014427409362,30.31,144705.4252,0.0063348416289921855,0.5714285714398595
2012-11-23,30.311998191678995,30.44866184448188,30.148001808315538,30.23,188966.51480000003,0.009918845807066142,-0.27272727271727026
2012-11-26,30.142672101446546,30.30663949275088,29.896721014490048,30.17,225681.22559999998,0.01359927470538173,0.06666666667317175
2012-11-27,30.111974522290254,30.248598726111897,29.92070063693995,30.03,254718.30719999998,0.010889292196040139,-0.2499999999909002
2012-11-28,30.003956043953295,30.058608058605305,29.402783882781186,29.84,370658.7612,0.021857923497300463,-0.24999999999544895
2012-11-29,29.839999999997264,30.058608058605305,29.730695970693247,29.84,206887.69919999997,0.010989010989044125,8.34244797160908e-12
2012-11-30,29.957333333330673,31.023333333330577,29.87533333333068,30.75,998975.1375,0.03832116788324374,0.690476190477968
2012-12-03,30.714758135441453,31.20663148636489,30.63277924362088,31.07,788815.3529999999,0.018683274021384175,0.6190476190512995
2012-12-04,31.07329192546308,31.07329192546308,30.526708074531456,30.8,450213.0584,0.017590149516302413,-0.49999999999408684
2012-12-05,30.76883275261056,31.479303135885758,30.659529616722068,31.37,800086.7756,0.026642984014241155,0.7333333333357752
2012-12-06,31.343961437332922,31.480595968445964,31.09801928132944,31.18,316585.3971,0.012205754141269362,-0.42857142856316854
2012-12-07,31.23935875216367,31.62199306758825,31.10270363951204,31.54,678064.6658,0.01662292213476458,0.5789473684252007
2012-12-10,31.624666666663895,31.84333333333054,31.105333333330606,31.16,1087187.448,0.023336214347481194,-0.6296296296250758
2012-12-11,31.096628420120823,31.205931156219663,30.87802294792314,30.96,682070.3054,0.010544815465761009,-0.41666666665707064
2012-12-12,30.96342584561744,31.61931483087324,30.96342584561744,31.51,665140.5645999999,0.02118270079438296,0.8333333333362228
2012-12-13,31.378010291592506,31.951998284731392,31.268679245280335,31.87,654259.7402,0.021777003484351742,0.7200000000029473
2012-12-14,31.867414225938752,32.687330543930315,31.758092050206542,32.66,1257761.8779999998,0.029159519725587967,0.8529411764726107
2012-12-17,32.65801335558993,32.90397328881194,32.521368948244366,32.74,911862.2524000001,0.011715481171578194,0.2142857142923028
2012-12-18,32.74331649831374,33.071296296293504,32.388005050502315,32.47,563944.5504000001,0.020868113522567483,-0.3999999999954111
2012-12-19,32.44266835016561,32.852643097640325,32.333341750839026,32.47,755557.3080000001,0.01600673967989542,0.05263157895254354
2012-12-20,32.387364470389294,32.85199332777041,32.360033361131585,32.77,482912.1176,0.015189873417751893,0.7777777777817574
2012-12-21,32.717332775916994,32.82666387959591,32.58066889631834,32.69,466149.7308000001,0.007518796992511471,-0.11111111109954534
2012-12-24,32.877270429651816,32.95925863521205,32.38534119629045,32.44,374028.448,0.01745635910227433,-0.7619047618986637
2012-12-25,32.444666666663956,33.100666666663905,32.171333333330644,32.8,1141807.32,0.02864363942715732,0.38235294117900276
2012-12-26,32.79276315789203,33.284654605260414,32.765435855260456,33.23,655316.6272,0.01583333333336336,0.8421052631615438
2012-12-27,33.34666666666395,33.78399999999725,33.1279999999973,33.62,1235168.706,0.019672131147570455,0.41666666667020164
2012-12-28,33.74732576985139,33.93860615883031,33.282787682331175,33.72,728847.909,0.019433198380595824,-0.04166666666243097
2012-12-31,33.77672552166663,34.213964686995645,33.612760834668244,34.05,770302.4938,0.017799352750838198,0.4545454545492444
2013-01-04,34.217967741932725,34.29995967741659,33.37071774193279,33.89,682361.0880000001,0.02715654952079516,-0.3529411764672677
2013-01-07,33.86270916334391,34.5733067729056,33.86270916334391,34.3,1640862.9275000002,0.020984665052490543,0.6153846153876029
2013-01-08,34.296639999997254,34.542591999997235,33.88671999999729,34.16,521611.625,0.019123505976124156,-0.2083333333288511
2013-01-09,34.07604150039633,34.43128491619837,33.912083000795384,34.24,653544.5014,0.015236567762659107,0.3157894736888596
2013-01-10,34.27599999999725,34.330666666663916,33.92066666666395,34.03,838096.152,0.011961722488067135,-0.5999999999918645
2013-01-11,33.941295546555956,34.13259109311465,33.340080971657216,33.75,624479.6025,0.02334943639294363,-0.24137931034107277
2013-01-14,33.67401273885082,34.32999999999726,33.48268312101644,34.33,845752.8456,0.02516233766236648,0.7741935483894136
2013-01-15,34.266629303440006,34.40325860688275,33.82941553242323,34.13,1455043.9079,0.016746411483282167,-0.23809523809004957
2013-01-16,34.02999999999723,34.139333333330555,33.29199999999729,33.62,1079972.1030000001,0.024899598393603044,-0.483870967738136
2013-01-17,33.69415274462739,34.37732696897101,33.6394988066799,34.35,1401739.4019,0.021897810219007077,0.8888888888913961
2013-01-18,34.46533650039316,34.60199524940344,34.11002375296643,34.52,652415.28,0.014274385408434464,0.11111111111644252
2013-01-21,34.59476153244452,35.33256450351562,34.15754495699499,34.95,1245747.7906,0.033965244865746806,0.3023255813974164
2013-01-22,35.08651898733899,35.08651898733899,34.18476265822514,34.54,694875.2784,0.02570093457946699,-0.6060606060568994
2013-01-23,34.542671936756165,34.95259288537273,34.24206324110401,34.57,363868.52150000003,0.020569620253192884,0.03846153846532825
2013-01-24,34.62465612647948,35.3351857707482,33.886798418969654,34.57,1278671.614,0.041831097079743564,-0.037735849054692704
2013-01-25,34.53930158729885,34.83988095237819,34.156746031743324,34.43,487042.416,0.019778481012686516,-0.15999999999577463
2013-01-28,34.767355623097664,36.10666413373586,34.68535714285451,35.97,2044301.7728,0.04088050314468179,0.846153846155169
2013-01-29,35.960582375476164,36.17918773946082,35.35941762451836,35.66,1007779.9860000001,0.022796352583613764,-0.3666666666628821
2013-01-30,36.07267221801392,36.20931112793064,35.307494322480295,36.1,1309808.8843,0.025000000000026938,0.030303030306031792
2013-01-31,36.04936090225293,36.4046616541326,35.912706766914596,36.35,812536.767,0.013646702047032644,0.6111111111154288
2013-02-01,36.20674157303099,36.64395505617703,35.98813483145798,36.48,966682.044,0.018113207547196898,0.4166666666702044
2013-02-04,36.62533532041456,36.76199701937133,36.07868852458747,36.68,742936.2995999999,0.018656716417937376,0.0800000000038843
2013-02-05,36.75406203840201,37.163958641060766,36.34416543574326,37.0,1543242.2162,0.02230483271378104,0.300000000002971
2013-02-06,37.03395802098673,37.088620689652394,36.077361319337626,36.46,1185391.4662,0.027306273062756927,-0.5675675675643036
2013-02-07,36.35201192250102,36.816661698954036,36.106020864378834,36.68,1412713.2008,0.019548872180477923,0.46153846154165695
2013-02-08,36.78800593031603,36.951994069678506,36.62401779095355,36.87,729532.7248,0.008915304606267561,0.2500000000075515
2013-02-18,36.76267450403844,37.44599559147411,36.70800881704359,37.2,1376769.0903999999,0.020074349442405992,0.5925925925954947
2013-02-19,37.19128508123802,37.327917282124275,36.808714918756515,37.0,1057249.5067999999,0.013960323291723791,-0.3684210526256063
2013-02-20,36.893973214282966,36.893973214282966,35.93746279761637,36.73,1292904.7488,0.025925925925952345,-0.17142857142553436
2013-02-21,36.238634294382685,36.566585735960814,35.80136570561185,36.02,1440847.0896,0.021116138763224816,-0.28571428571033614
2013-02-22,36.097210727966576,36.20651340995891,35.550697318004936,35.66,432068.92650000006,0.018168054504190723,-0.6666666666614789
2013-02-25,35.96999999999726,36.21599544072673,35.505341945286055,35.97,450706.70680000004,0.019756838905802286,3.849399954018668e-12
2013-02-26,35.886659021403986,36.18730886849876,35.55867737002786,35.75,1013923.2756,0.017517136329044957,-0.21739130434313453
2013-02-27,35.74326656394177,35.93455315870293,35.36069337441946,35.47,510432.01,0.016055045871587213,-0.47619047618488
2013-02-28,35.307494322480295,36.509916729747424,35.225510976530266,36.1,627401.1561000001,0.03637770897835533,0.617021276597395
2013-03-01,36.10267019666898,36.32130862329528,34.98214826020915,36.13,378304.5776,0.037093111279360456,0.020408163267331587
2013-03-04,35.99060490045666,36.48250382848112,35.22542879019638,35.69,1238509.0544,0.034927866362972806,-0.239130434780245
2013-03-05,35.68802139037161,35.96128342245715,35.25080213903475,35.77,582704.3607000001,0.019908116385938576,0.11538461538829754
2013-03-06,35.85428989750835,37.603279648606325,35.85428989750835,37.33,2356995.1618000004,0.04878048780490471,0.8437500000010795
2013-03-07,37.05801324503039,37.41328918322021,36.78472406180745,37.14,646175.5533,0.016961651917430605,0.13043478261283387
2013-03-08,37.14401315789202,37.7179824561376,36.89802631578677,37.39,620028.9,0.02207505518766452,0.30000000000296867
2013-03-11,37.334633061524286,37.334633061524286,36.569355077832725,36.87,338882.9645,0.020497803806761083,-0.6071428571384958
2013-03-12,36.706659192822364,37.307959641252815,36.16002242152196,36.57,944336.7174,0.03127326880121777,-0.11904761904513037
2013-03-13,36.61639846743014,36.61639846743014,35.38674329501644,35.66,1078450.3035,0.03358208955226525,-0.7777777777749192
2013-03-14,35.46872030651069,36.28849042145315,35.1408122605337,35.66,595062.7740000001,0.03235747303546629,0.16666666666890192
2013-03-15,35.63943494423527,37.197293680294635,35.63943494423527,36.76,1391301.2215,0.043711656441744684,0.719298245615325
2013-03-18,36.370583333330586,37.02640151514872,36.04267424242151,36.07,451685.12399999995,0.02704733283248381,-0.30555555555247216
2013-03-19,36.40600896860714,36.62466367712731,36.078026905826896,36.57,454025.6808000001,0.015015015015042226,0.3000000000044582
2013-03-20,36.50743703703433,37.2725629629602,35.960918518515854,36.89,922043.7899999999,0.035928143712601265,0.291666666668531
2013-03-21,36.892672094741904,37.08396743152946,36.72870466320972,36.92,290735.87549999997,0.009629629629656558,0.07692307693055289
2013-03-22,37.00460732984016,37.113926701567905,36.21204188481405,36.54,365452.63859999995,0.024372230428386703,-0.5151515151479141
2013-03-25,36.896577946765255,36.896577946765255,35.584699619769154,35.94,1045961.6515,0.03555555555558179,-0.7291666666640275
2013-03-26,35.556074130103205,36.15732980332555,35.446754916790056,36.13,570025.3802000001,0.019984627209866105,0.8076923076950301
2013-03-27,36.131993934796355,36.56929492039147,35.83134950719971,36.05,238313.49060000002,0.02042360060517093,-0.11111111110726635
2013-03-28,35.692108027004075,36.86726931732657,35.58279069767175,36.43,875361.3716000001,0.035987748851481906,0.5744680851080616
2013-03-29,36.57133729568822,36.87199851411316,36.07934621099286,36.79,514900.9936000001,0.02167414050824801,0.27586206896861887
2013-04-01,36.4053373313316,36.76064467765841,36.10469265367046,36.46,338443.4038,0.018018018018044816,0.08333333333737851
2013-04-02,36.40733283245407,36.899323816676414,36.21600300525648,36.38,308532.32190000004,0.01876876876879568,-0.03999999999594183
2013-04-03,36.479886363633604,36.725818181815406,35.82406818181547,36.07,262412.964,0.024719101123622352,-0.45454545454192186
2013-04-08,34.70594766058408,35.0885329103858,34.07741475019556,34.46,2519374.7240999998,0.029133858267744457,-0.243243243240296
2013-04-09,34.819999999997265,35.011318681315934,34.43736263735993,34.82,541409.2320000001,0.016483516483544826,4.7662004111264685e-12
2013-04-10,34.46008620689385,35.11594827585931,34.432758620686954,34.87,532735.2316,0.019825535289481135,0.6000000000031259
2013-04-11,35.19924349881519,35.19924349881519,34.51602836879161,34.68,223038.42479999998,0.019409937888226522,-0.7599999999948911
2013-04-12,34.71198083066815,34.87597444089178,33.72801916932638,34.22,668067.9511999999,0.033070866141760066,-0.42857142856867575
2013-04-15,33.91862889983301,34.246609195399486,33.20800492610565,33.29,457112.8422,0.03062046736505665,-0.6052631578915243
2013-04-16,33.589238493721034,33.589238493721034,32.44135564853284,32.66,1394175.1909999999,0.034174125305155,-0.8095238095207193
2013-04-17,32.65801335558993,33.013288814688394,32.43938230383702,32.74,578406.2602,0.017573221757352306,0.14285714286165702
2013-04-18,32.683541835903114,33.749309504465174,32.57423233143521,33.64,589189.7139000001,0.03595317725755459,0.813953488373725
2013-04-19,33.78138204924275,34.54665607624825,33.75405083399255,34.41,703962.4219000001,0.023462783171549963,0.7931034482783029
2013-04-22,34.41200629425378,35.013328088116836,34.16601101494617,34.74,556974.3154,0.024622716441648665,0.38709677419632577
2013-04-23,34.76458064515849,34.76458064515849,33.835338709674694,33.89,376032.35599999997,0.026729559748455624,-0.9411764705842844
2013-04-24,33.94533762057605,34.65594855305188,33.69935691318057,34.0,517260.79799999995,0.028180354267339416,0.057142857145656284
2013-04-25,34.05667977969834,34.93132966168096,33.7013532651429,34.74,687233.3859000001,0.03611556982346333,0.5555555555573279
2013-04-26,34.929976247028115,35.039303246236344,34.30134600158082,34.52,333326.7921,0.02112676056340837,-0.5555555555510958
2013-05-02,34.07817187499733,35.171296874997246,34.07817187499733,34.98,515342.72000000003,0.032076984763460666,0.8250000000017481
2013-05-03,34.98600311041719,35.61465785380749,34.93133748055716,35.15,340547.3318,0.019531250000027922,0.24000000000364716
2013-05-06,35.116718146715435,35.635953667950915,35.116718146715435,35.39,330256.46849999996,0.014785992217926848,0.5263157894779362
2013-05-07,35.389477668430324,36.236638909913985,34.84292202876345,36.1,892586.4900000001,0.03938223938226655,0.5098039215702249
2013-05-08,36.104022556388266,36.70530075187694,36.104022556388266,36.35,806844.234,0.01665404996217707,0.40909090909477297
2013-05-09,36.21068472535469,36.51130173062178,36.074040632051464,36.32,407178.2226,0.0120754716981404,0.25000000000567635
2013-05-10,35.882738901426954,36.51130173062178,35.882738901426954,36.32,469454.23230000003,0.01751713632904464,0.6956521739162825
2013-05-13,36.40600896860714,37.061973094167634,36.3513452914771,36.57,797758.1484000001,0.0195195195195465,0.23076923077275943
2013-05-14,36.56208888888618,36.944651851849116,36.179525925923244,36.89,1370156.58,0.020926756352792182,0.4285714285744398
2013-05-15,36.89592760180717,36.89592760180717,36.021357466060635,36.24,598847.7222,0.023703703703730095,-0.7499999999960186
2013-05-16,35.941345427056994,36.269327286467394,35.804686318969324,36.16,433939.23720000003,0.01292775665401972,0.4705882352989888
2013-05-17,36.24333583771328,36.70799398947883,36.1066716754293,36.38,636574.9742,0.01659125188539642,0.22727272727689915
2013-05-20,36.50861445782857,36.83653614457554,36.20801957831053,36.29,406148.61439999996,0.01721556886230237,-0.34782608695161393
2013-05-21,36.48661596957897,36.56860836501623,35.776015209122754,35.94,795532.92,0.02172284644197443,-0.6896551724094709
2013-05-22,35.88069096431011,36.15396355352801,35.79870918754474,35.99,556450.5429,0.00990099009903756,0.30769230769912503
2013-05-23,35.825944700458074,36.208525345619336,35.498018433176995,35.58,725870.4683999999,0.019832189168600942,-0.34615384614950956
2013-05-24,35.886659021403986,35.968654434248016,35.504013761465174,35.75,686145.4079999999,0.012947448591040533,-0.2941176470523102
2013-05-27,35.71732771822085,35.90862174578592,35.55336140887936,35.69,343414.65900000004,0.00994644223415175,-0.07692307691518016
2013-05-28,35.68765925925662,37.163259259256506,35.49637777777515,36.89,1328558.49,0.04670750382851053,0.7213114754110421
2013-05-29,36.8986587183281,37.03532041728487,36.59800298062321,36.68,552489.1878,0.011851851851878599,-0.4999999999926094
2013-05-30,36.67868050407437,37.115982209040986,36.405366938470245,36.87,650208.1523,0.01937406855442319,0.26923076923423767
2013-05-31,37.00668621700608,37.66263929618492,36.76070381231402,37.28,852521.2784,0.02437223042838675,0.303030303033007
2013-06-03,37.55263235293842,37.634624999997236,37.03334558823257,37.17,868873.6719999999,0.01601164483263182,-0.6363636363580295
2013-06-04,36.97526865671365,37.33053731343004,36.40137313432564,36.62,636879.7559999999,0.025129342202539196,-0.3823529411731154
2013-06-05,36.56396396396122,36.75525525525249,36.31801801801529,36.4,466696.5696,0.011958146487321521,-0.37499999999290007
2013-06-06,36.37465763731856,36.64794582392501,36.18335590669405,36.32,257709.7125,0.01277235161535399,-0.117647058817406
2013-06-07,36.40388888888608,36.51320987654039,35.09203703703432,35.42,682428.4992,0.039039039039065436,-0.6923076923052807
2013-06-13,35.09258964143146,35.31123505975813,33.39808764939973,34.3,1403484.5720000002,0.05451713395641302,-0.41428571428406846
2013-06-14,34.16398713826092,34.46463022507761,33.61736334404875,34.0,1131162.98,0.02480000000002838,-0.1935483870933238
2013-06-17,33.77672552166663,34.29594703049484,33.77672552166663,34.05,650231.0808000001,0.015372168284818825,0.5263157894779349
2013-06-18,34.135339728214696,34.4906314948014,33.944028776975706,34.19,633669.4053,0.01601281024822728,0.10000000000481657
2013-06-19,34.16334661354309,34.381992031869764,33.89003984063474,34.3,485593.51050000003,0.014400000000028891,0.2777777777827698
2013-06-20,34.29585702680469,34.56913078797445,33.06612510154078,33.64,590359.9025,0.04382470119524708,-0.43636363636152814
2013-06-21,33.473611111108454,34.59395238094964,33.28233333333069,34.43,721141.47,0.03918367346941657,0.7291666666681921
2013-06-24,34.22133333333048,34.65866666666377,32.52666666666395,32.8,819121.7999999999,0.06230031948884524,-0.6666666666650719
2013-06-25,32.7453333333305,33.07333333333047,30.886666666663995,31.57,1050525.168,0.06677796327214854,-0.537499999998506
2013-06-26,31.892671232873983,32.43924657533969,31.510068493147987,31.92,995973.4559999999,0.02913453299060455,0.02941176470879221
2013-06-27,32.197348993285885,33.26330536912472,31.9786912751651,32.58,861614.552,0.039898132427873566,0.29787234042743
2013-06-28,32.66199664429256,33.09931208053413,32.142684563755694,32.58,672274.1728,0.029288702928899908,-0.08571428571133628
2013-07-01,32.49233547351264,34.241292134828704,32.355698234347315,34.05,933814.7000000001,0.058031959629970105,0.8260869565227498
2013-07-02,33.86535769828664,35.395995334367385,33.78335925349659,35.15,1067818.1402,0.04761904761907576,0.7966101694927243
2013-07-03,34.927962085305296,35.20126382306199,33.8620853080542,34.6,809713.0908,0.038341158059495506,-0.24489795918144697
2013-07-04,35.01263578274481,35.067300319486016,33.536693290732146,34.22,1251975.8364000001,0.043715846994562796,-0.5178571428550209
2013-07-05,34.02606635070821,34.90063191152963,33.99873617693254,34.6,660900.8676,0.026506024096414303,0.6363636363659589
2013-07-08,34.378623999997245,34.51526399999724,33.64076799999731,34.16,377962.875,0.02543720190781848,-0.24999999999658798
2013-07-09,34.10677140612458,35.06329143754634,33.97012568735004,34.79,689307.6044,0.03205128205131038,0.6250000000019282
2013-07-10,34.70485362095264,35.497326656391714,34.10366718027472,35.47,569339.9228000001,0.040157480314988246,0.5490196078447052
2013-07-11,35.366015384612666,36.295261538458746,35.2566923076896,35.53,886132.5199999999,0.02936630602784809,0.15789473684458433
2013-07-12,35.52656249999722,35.60854687499721,34.87068749999727,34.98,499212.288,0.020769230769258337,-0.7407407407360298
2013-07-15,35.14665105386142,35.72058548009089,34.79135831381461,35.01,397013.5407,0.026438569206870717,-0.1470588235263073
2013-07-16,35.03527186760953,35.089929078011416,33.914799054370846,34.68,479886.9435,0.03354134165369375,-0.3023255813927648
2013-07-17,34.650101325016784,36.15306313327856,34.404162120028495,35.06,1246957.8357,0.050473186119901335,0.23437500000142952
2013-07-18,34.958018504237856,35.723323053196935,34.903353893597924,35.45,628360.184,0.023455824863202294,0.6000000000026097
2013-07-19,35.504632991315276,35.53196527229397,34.02868981846614,34.63,557393.9707,0.042340261739826926,-0.581818181815976
2013-07-22,34.26752922836834,35.2512860483215,34.26752922836834,35.06,521522.4361,0.02870813397132019,0.8055555555575127
2013-07-23,35.256064073223854,36.130633104497626,34.9827612509508,35.83,616228.7328,0.032558139534911205,0.5000000000019444
2013-07-24,35.80598755831759,35.80598755831759,34.71267496111705,35.15,615633.1484,0.030534351145065246,-0.599999999996953
2013-07-25,35.11325490195803,35.44116078431095,34.758023529409044,34.84,325772.445,0.01945525291831588,-0.399999999995408
2013-07-26,34.62792741935205,34.84657258064235,33.67135483870696,33.89,606617.796,0.033938437253382345,-0.6279069767413259
2013-07-29,33.91931260228855,34.11063829786955,33.15400981996456,33.4,347590.4458,0.02820306204676506,-0.5428571428537209
2013-07-30,33.61669354838439,34.38195161290045,33.398048387094086,33.89,323676.456,0.029268292682955496,0.2777777777802714
2013-07-31,33.888636363633616,34.243920454542675,33.39670454545184,33.67,371608.5296,0.025000000000028607,-0.2580645161255047
2013-08-01,33.72215701823682,34.6786201427411,33.66750198255086,34.46,523400.4958,0.029983792544599208,0.72972972973171
2013-08-02,34.38273079906637,35.530643910005,34.35539953452022,35.23,551755.0321000001,0.03418124006362109,0.7209302325598541
2013-08-05,35.30801544401272,35.49931274131,34.98007722007452,35.39,361510.25749999995,0.014705882352969043,0.15789473684706606
2013-08-06,35.47397832817064,35.47397832817064,35.09136222909945,35.31,366460.4252,0.010785824345174479,-0.4285714285631747
2013-08-07,35.22603088802817,35.635953667950915,35.03473359073089,35.39,362878.55449999997,0.017067494181563878,0.2727272727313638
2013-08-08,35.25138674884166,35.66128659475842,35.0601001540805,35.47,413692.07,0.01705426356591939,0.3636363636403005
2013-08-09,35.524653312786164,35.68861325115287,34.70485362095264,35.47,381884.8396,0.027692307692335067,-0.05555555555271713
2013-08-12,35.664719271620974,36.183975720786336,35.44608497723556,36.02,660143.365,0.02068965517244124,0.48148148148452596
2013-08-13,36.0233180428107,36.487958715593535,35.722668195715926,35.75,451992.3492,0.021244309559966257,-0.3571428571388212
2013-08-14,35.802714932124,36.54063348416014,35.72072398189776,36.24,702017.55,0.022900763358805774,0.5333333333360211
2013-08-15,36.213987869595435,36.54196360879177,36.02266868839757,36.05,660903.8117,0.014339622641536548,-0.3157894736783475
2013-08-16,36.04286396181098,36.689498806679666,35.14319809068933,35.34,817682.6481,0.042901716068669396,-0.45454545454334216
2013-08-19,35.932604651160005,36.326232558136724,35.56709302325306,36.27,644541.792,0.02112676056340762,0.4444444444475645
2013-08-20,36.273667711595905,36.55485893416641,35.71128526645488,35.88,422016.0736,0.023255813953515267,-0.4666666666627802
2013-08-21,36.155414781294404,37.33622926093233,35.90238310708628,37.28,732293.8428,0.03965785381029101,0.784313725491612
2013-08-22,37.031292517004005,37.70612244897674,36.41269841269566,37.2,819293.5485,0.03492786636297215,0.13043478261077024
2013-08-23,38.718483943238326,39.786967886479474,37.39693801344007,37.65,5317374.268700001,0.06172839506175262,-0.44705882352804577
2013-08-26,38.215418106424444,41.336765722180964,37.73737387698426,40.69,6898595.7967,0.09418690213394561,0.687500000000592
2013-08-27,41.27940257976637,42.825974202305304,40.77325186693545,41.42,9377880.2775,0.04972752043599024,0.06849315068627229
2013-08-28,41.477373417718894,45.55481012657939,41.08368987341512,44.43,12449320.702,0.107796610169513,0.6603773584910473
2013-08-29,44.76207792207501,45.32441558441264,43.18753246752966,43.3,6293550.494,0.0477386934673581,-0.6842105263141494
2013-08-30,43.865830721000385,45.60921630093758,43.725235109715136,44.85,10517028.378999999,0.042948717948739626,0.5223880597027097
2013-09-02,45.29838150288726,48.41949903660575,43.24575465638772,43.78,10535351.1282,0.11421477343267,-0.2934782608689642
2013-09-03,43.52862385320815,43.669220183483375,41.75711009174038,42.91,4618769.8368,0.04392764857883338,-0.32352941176306543
2013-09-04,43.022568093382425,44.93468223086609,42.88197146562627,43.36,4953984.6336,0.04771241830067575,0.16438356164512452
2013-09-05,42.961159420287025,43.017391304345,41.66782608695378,42.68,4287000.3462000005,0.03141361256546759,-0.20833333333109577
2013-09-06,42.73827160493563,46.87151234567613,42.34462962962702,45.55,10398025.889999999,0.10592105263159998,0.6211180124228428
2013-09-09,46.2495303694398,46.27764558546986,44.422041327486255,44.9,8789478.6889,0.04012158054713331,-0.7272727272708162
2013-09-10,44.85101796406918,48.95650299400906,44.56982035927878,46.96,12051696.95,0.09780564263324897,0.48076923076976036
2013-09-11,46.95564853556205,47.63046025104318,45.52167364016464,47.04,7235262.0809,0.04491017964073899,0.040000000001313304
2013-09-12,47.00884661117438,47.37434601664404,46.221617122470505,47.29,5736439.4704,0.024521531100499233,0.24390243902661524
2013-09-13,47.57579335793066,48.36309963099333,45.27011070110423,45.72,5701333.555200001,0.06501182033098879,-0.5999999999988995
2013-09-16,45.2699999999972,46.2822484472021,45.01693788819597,45.27,3705343.0330000003,0.027950310559027657,2.2181461983963234e-12
2013-09-17,44.96251004015763,44.96251004015763,41.95376171351794,42.01,5188696.362,0.06691682301440471,-0.9813084112136933
2013-09-18,42.261292246518074,43.49848243869825,42.14882041086533,42.43,3062043.6357,0.0319361277445339,0.12500000000199019
2013-09-23,42.798287186088686,44.569832582096296,42.77016741789809,43.67,4005250.673,0.04204993429700003,0.484375000001291
2013-09-24,43.640299999997275,45.721087499997154,42.881093749997326,44.99,5624435.36,0.0650773195876504,0.475247524753297
2013-09-25,44.934165067175634,46.2276391554673,43.83752399231965,43.95,5692309.393800001,0.053191489361723375,-0.4117647058810041
2013-09-26,43.584056037355325,43.584056037355325,41.13772515009732,42.15,4420559.994,0.05612903225808614,-0.5862068965503333
2013-09-27,41.95247311827675,42.37424731182511,41.39010752687894,41.84,2163141.1632000003,0.02345844504023764,-0.1142857142827372
2013-09-30,42.25883674817962,43.52407138135865,42.06202247190733,42.54,2142547.4986,0.03459747172324295,0.19230769230948921
2013-10-08,42.738584779703416,43.27281708944972,41.61388518023754,42.12,2584076.6644,0.03881578947370685,-0.3728813559302802
2013-10-09,42.03762376237346,42.88118811880905,41.61584158415567,42.6,2276438.5455,0.030100334448183618,0.44444444444632125
2013-10-10,42.34662576686828,42.655930470344735,40.91257668711378,41.25,2967197.6232,0.04116865869856166,-0.6290322580625446
2013-10-11,41.44598032786614,42.908118032784074,40.96797377048912,42.88,4217654.984999999,0.046811397557689274,0.7391304347836755
2013-10-14,43.74840579709869,45.969565217388414,43.49536231883784,44.62,7090174.991699999,0.05655526992290083,0.3522727272737203
2013-10-15,44.85248271527059,45.38677561281927,43.64329352608148,44.74,2812648.3954000003,0.038871473354253436,-0.06451612903060457
2013-10-16,44.59705960264605,44.59705960264605,42.122569536421054,42.46,2287510.778,0.055485498108469956,-0.8636363636348784
2013-10-17,42.938631229233025,43.079229235877534,42.06692358803707,42.32,1598733.3565000002,0.023575638506898953,-0.6111111111077271
2013-10-18,42.18187874749886,42.82866755496051,42.125636242502196,42.21,953895.5567,0.01666666666668998,0.04000000000394218
2013-10-21,42.35006570301955,43.249934296974814,42.18134034165294,42.8,1865194.258,0.02523240371848248,0.42105263158118644
2013-10-22,42.77236363636076,42.77236363636076,41.16945454545178,41.76,2776256.505,0.0374753451676753,-0.6315789473662763
2013-10-23,41.669286199861205,42.091040108766684,40.825778382050245,41.36,1279728.9591,0.030364372469659028,-0.24444444444202776
2013-10-24,41.47614962250916,41.81358270418381,40.77316403568697,40.97,967349.6525,0.02508474576273539,-0.4864864864833146
2013-10-25,41.025243204575034,41.19395565092695,39.22564377682122,39.31,1955987.3748,0.04797806716931737,-0.8714285714266966
2013-10-28,39.649399293283416,40.12744169611024,39.39631802119863,39.79,943766.3705000001,0.018439716312081456,0.19230769231127595
2013-10-29,39.70044572249894,40.34712437095324,38.43520488856661,39.11,1958755.9849000003,0.04815864022665274,-0.3088235294101325
2013-10-30,39.64531034482486,40.854351724135114,39.22355172413523,40.77,1946712.145,0.04113475177307381,0.6896551724150934
2013-10-31,40.65409459459185,41.834918918916095,40.513520270267534,41.61,2265743.988,0.03250345781468497,0.7234042553207286
2013-11-01,41.89188464117761,42.00434607645594,41.04842387659014,41.92,998944.653,0.022818791946332007,0.029411764708788955
2013-11-04,42.06174206616866,42.06174206616866,41.358838622549534,41.64,655923.4963000001,0.01671122994654743,-0.5999999999951413
2013-11-05,41.3356415478587,41.61683638832032,40.77325186693545,41.42,810663.3405,0.020408163265329772,0.10000000000321861
2013-11-06,41.33691683569701,42.03992562541975,41.33691683569701,41.59,831804.9815999999,0.017006802721112196,0.3600000000034811
2013-11-07,41.365637720485665,41.899932157392,41.0844301221139,41.45,510357.023,0.019714479945638956,0.10344827586538764
2013-11-08,41.44683026584585,41.92484662576401,41.165644171776336,41.25,711410.6475,0.018317503392153888,-0.2592592592552168
2013-11-11,41.33581395348562,42.460598006641696,41.0827375415255,42.32,1370863.8650000002,0.03333333333335685,0.7142857142872386
2013-11-12,42.37751819986484,42.93992720052661,42.2087954996663,42.49,1406458.7452,0.017252820172551406,0.15384615384978517
2013-11-13,42.25869739478676,42.62420841683082,41.83695390781284,42.09,1393761.1914,0.018629407850987805,-0.2142857142818699
2013-11-14,42.093064516126205,42.093064516126205,41.36198924730905,41.84,848956.5264,0.017368069472301288,-0.34615384614952277
2013-11-15,41.89318637274269,43.01783567133981,41.471442885768774,42.09,1888511.9070000001,0.036912751677875284,0.12727272727446712
2013-11-18,42.260367504832864,43.72246937459422,42.1760154738851,43.61,2497562.4267,0.036593479707274904,0.8727272727285285
2013-11-19,43.579999999997185,43.86116129031974,43.270722580642364,43.58,1468973.75,0.013548387096796774,4.765522970441233e-12
2013-11-20,43.61129094412051,44.3423635195861,43.555054592161625,43.78,1125919.3266,0.018052869116721246,0.21428571428901858
2013-11-21,43.747813525932784,43.747813525932784,42.398266579117376,42.82,1950199.5201,0.03084832904886537,-0.6874999999974089
2013-11-22,43.10752114508503,43.669915419645825,42.82632400780464,43.22,1306757.8610999999,0.019569471624288758,0.13333333333650624
2013-11-25,43.16376057254111,43.52931685100563,42.93880286271679,43.22,991178.7155999999,0.01368078175898061,0.09523809524269429
2013-11-26,43.07623529411484,43.441764705879514,42.93564705882073,43.02,898216.6410000001,0.011749347258508493,-0.11111111110534302
2013-11-27,43.017977528087044,43.18667547917758,42.31506939854314,42.54,1393401.1325,0.020261437908519496,-0.5483870967703398
2013-11-28,42.59565217391024,42.961159420287025,42.23014492753345,42.68,1435668.8412,0.01716171617164019,0.11538461538830216
2013-11-29,42.76551724137647,42.90610079575312,42.23129973474521,42.4,1033426.6695999999,0.01577909270219262,-0.5416666666616959
2013-12-02,41.89098360655451,42.65008196721019,41.13188524589882,41.16,1901531.9184,0.036241610738277995,-0.4814814814793094
2013-12-03,41.35696621621342,41.666229729726915,41.16016216215938,41.61,1172427.732,0.012236573759371283,0.500000000004565
2013-12-04,41.616513761465164,43.38802752293294,41.33532110091472,42.91,3227006.1054000002,0.04932432432434727,0.6301369863024291
2013-12-05,42.904193762439085,42.93230922362024,42.08884538818566,42.37,1771626.7888,0.019659239842748793,-0.6333333333292505
2013-12-06,42.26496321069951,42.29308361203731,41.955638795983816,42.04,1163980.389,0.007984031936151261,-0.6666666666563527
2013-12-09,42.03682795698642,42.34612903225522,41.75564516128752,41.84,1492863.3792,0.01404682274249837,-0.3333333333279997
2013-12-10,41.84010638297595,42.62742021276313,41.72763297872063,42.29,1996216.0352,0.02150537634410954,0.5000000000025596
2013-12-11,42.153087248319316,42.29369127516494,41.61879194630593,41.9,1524677.366,0.016010673782544803,-0.37499999999528183
2013-12-12,41.696232275486715,42.202322754892485,41.4713031735286,41.64,1625982.7912,0.017532029669612103,-0.07692307691911963
2013-12-13,41.41319594594315,42.00360810810527,41.30073648648369,41.61,1128935.86,0.016972165648360498,0.28000000000359515
2013-12-16,41.61543762921836,41.868504479666306,40.49069607167192,40.8,1112325.8625999999,0.03310810810813122,-0.5918367346914143
2013-12-17,41.306027874561586,41.55909407665216,40.26564459930034,40.35,1322530.153,0.031313818924461716,-0.7391304347798687
2013-12-18,40.48780487804604,42.118563685634,40.48780487804604,41.5,1570493.2248,0.04027777777780133,0.620689655173757
2013-12-19,41.673075356412646,41.95427019687427,40.998207739304746,41.42,1230749.2416,0.022941970310414856,-0.2647058823497171
2013-12-20,41.36012777403892,42.51292535305699,41.36012777403892,41.81,2096293.0454999998,0.027872195785203422,0.3902439024411223
2013-12-23,41.67070328197979,42.486121902207465,41.38952444741852,41.98,1132012.6062,0.026315789473707572,0.28205128205358987
2013-12-24,42.14882041086533,42.73929754804223,41.95199469847303,42.43,1615675.8879,0.01867911941296529,0.357142857145971
2013-12-25,42.20188415445791,42.67985352862566,41.61145139813305,42.23,789703.6862,0.025316455696225686,0.026315789476289857
2013-12-26,42.14654109588752,42.14654109588752,41.021883561641026,41.05,919517.3439999999,0.02668445630422582,-0.9749999999966356
2013-12-27,41.04999999999718,41.752910958901246,40.909417808216375,41.05,1395752.7,0.020547945205503255,3.3358293796719597e-12
2013-12-30,41.160252277502366,41.35705676243578,39.92319551506377,40.12,1828317.2078,0.03483606557379409,-0.7254901960759595
2013-12-31,39.93254189943855,40.43872905027651,39.87629888267878,40.27,1032640.4032,0.014084507042278184,0.6000000000039487
2014-01-02,40.2057971014465,40.85246376811312,40.2057971014465,40.74,859256.2755,0.01608391608394047,0.8260869565248186
2014-01-03,40.20740479548377,40.685394922423086,39.363892806767325,39.87,1167510.8672,0.032867132867156944,-0.25531914893385316
2014-01-06,39.838180484223045,39.838180484223045,38.15131327952764,38.32,1280095.7976000002,0.04234297812281874,-0.8999999999977959
2014-01-07,38.18505124450672,38.831778916541815,37.903865300143636,38.41,1159480.3338,0.024300441826240676,0.24242424242701188
2014-01-08,38.517697841723844,39.24869064747919,38.377122302155506,39.08,1014399.8990000001,0.02262773722630281,0.6451612903250662
2014-01-09,39.116907142854345,39.5949714285686,38.80757142856866,39.37,860428.94,0.020129403306998386,0.32142857143173764
2014-01-10,39.02623376623095,39.53233766233481,38.77318181817902,38.97,771192.1601999999,0.01945244956774854,-0.07407407407027598
2014-01-13,39.33741888968715,39.365537130494644,38.69069935111473,39.0,649935.0235,0.017155110793448995,-0.4999999999951001
2014-01-14,39.05946808510362,39.79060283687661,39.03134751772773,39.65,648683.8949999999,0.019438444924431027,0.7777777777804541
2014-01-15,39.64493580598861,39.81363766048218,39.27941512125255,39.42,393181.3664,0.013475177304989362,-0.421052631572888
2014-01-16,39.30681524083111,39.5317469446413,38.828835370234444,39.11,618068.0376,0.01788268955653438,-0.2799999999956007
2014-01-17,38.52045959970062,38.77351371385924,37.67694588583857,37.93,1203700.5590000001,0.028467153284696567,-0.5384615384584814
2014-01-20,37.931291512912324,38.184354243539616,37.284575645753705,38.1,552207.0795,0.023721275018557975,0.1875000000029247
2014-01-21,38.01811991117409,38.41179866765075,37.821280532935766,37.99,375710.5331,0.015532544378724153,-0.04761904761419752
2014-01-22,38.10263919016355,38.946240057842445,37.9620390455504,38.89,737721.3813,0.025830258302608582,0.8000000000020446
2014-01-23,38.88610989010704,38.94234432234147,38.04259340659062,38.38,701749.3665,0.02313810556763178,-0.5624999999962491
2014-01-24,38.24247787610337,38.467433628315746,38.07376106194409,38.13,1073184.504,0.010294117647084792,-0.2857142857064022
2014-01-27,37.901755438856874,37.901755438856874,37.36753188296794,37.48,1289140.0344,0.014094955489640345,-0.7894736842037907
2014-01-28,37.646809309306484,37.703040540537714,37.253190690687894,37.45,1249070.6124000002,0.011949215832737309,-0.4374999999927697
2014-01-29,37.65375838925894,37.766241610735435,37.34442953019855,37.71,648941.5476,0.011202389843192799,0.13333333333968
2014-01-30,37.68059925093351,37.70871910112077,37.258801498124555,37.54,480769.14449999994,0.011940298507488767,-0.31249999999307027
2014-02-07,37.0063157894709,37.456240601500944,37.0063157894709,37.4,622772.633,0.012158054711273071,0.8750000000043012
2014-02-10,37.51020497803532,38.4381185944335,37.51020497803532,38.41,1547601.2308,0.024737631184433898,0.9696969696989506
2014-02-11,38.241389290880015,39.19742402315201,38.128914616495074,38.86,1682621.0702,0.027941176470613515,0.5789473684231413
2014-02-12,39.02800875273238,39.08424507658358,38.212582056889985,38.55,1200980.7819,0.022334293948151892,-0.5483870967703406
2014-02-13,38.467521865886404,38.776836734691045,38.29880466472024,38.58,1411373.1072,0.01242690058482094,0.2352941176524571
2014-02-14,38.657541696879,39.16360406091087,38.545083393760805,38.77,855470.9239999999,0.016000000000025483,0.18181818182242868
2014-02-17,38.93926491993894,39.079839883548836,38.46131004366532,38.63,1222202.9531999999,0.0158844765343215,-0.4999999999946368
2014-02-18,38.63364705882069,38.63364705882069,38.155647058820726,38.24,1335446.152,0.012372634643402594,-0.8235294117571018
2014-02-19,38.15506227105948,38.52058608058326,37.87389010988734,38.38,858363.4604999999,0.016949152542398448,0.3478260869603363
2014-02-20,38.546956521736334,39.50289855072177,38.546956521736334,38.8,2308504.572,0.02479941648434319,0.26470588235560727
2014-02-21,38.804261572370415,39.00109478324475,37.90445260837342,38.27,1118466.9419,0.028260869565242347,-0.48717948717648707
2014-02-24,38.10037936266783,38.10037936266783,37.00376327769067,37.06,1210261.8034,0.028782287822903763,-0.9487179487145229
2014-02-25,37.204239130431894,37.51357142856851,35.9669099378854,36.22,1291740.6096,0.04157218442935316,-0.6363636363614057
2014-02-26,36.192486360090705,36.38933749025437,35.60193296959972,36.08,1133865.7479,0.02175602175604859,-0.1428571428533867
2014-02-27,36.268691588782225,36.521728971959774,35.70638629283211,36.1,1401029.4096000001,0.022480620155065842,-0.20689655172043678
2014-02-28,36.108121590020566,36.248729540137475,35.376960249412676,36.08,1022692.5149,0.024143302180712485,-0.03225806451286571
2014-03-03,35.993836671800004,36.978043143294535,35.74075500770141,36.5,1334271.8312000001,0.03437500000002684,0.4090909090928481
2014-03-04,36.44129032257785,36.94741935483587,35.85080645161015,36.61,1150347.9876,0.030092592592619302,0.15384615384857392
2014-03-05,36.609999999997186,36.834946236556306,36.46940860214774,36.61,667459.1028,0.00998463901692396,7.697563721871987e-12
2014-03-06,36.830574712640846,36.830574712640846,36.071471264365044,36.69,607623.66,0.020610687022927305,-0.1851851851812283
2014-03-07,36.719999999997185,37.254211332309545,36.52318529861895,36.72,818300.9424,0.01990811638593772,3.849041079154033e-12
2014-03-10,36.24174254316827,36.46667189952618,35.65130298272876,35.82,1218800.6376,0.022498060512051814,-0.5172413793062635
2014-03-11,35.70607028753709,35.762300319485966,34.497124600636226,35.2,1758380.5396,0.035433070866168766,-0.39999999999746205
2014-03-12,34.951289031222174,35.23247397918052,34.67010408326383,35.12,732298.0675,0.01609010458570797,0.30000000000447496
2014-03-13,34.92188254223372,35.48423169750318,34.69694288012593,34.95,1100976.1872999999,0.022544283413876695,0.03571428571781207
2014-03-14,34.861714285711436,34.861714285711436,33.76525714285438,34.44,1638096.9500000002,0.03145161290325364,-0.3846153846124676
2014-03-17,34.38707532051007,35.174350961535644,34.21837339743316,35.09,864274.3200000001,0.027800490596921013,0.7352941176492317
2014-03-18,35.08999999999719,35.42740384615101,34.94941506409977,35.09,617863.4592,0.013621794871822912,5.886642823559969e-12
2014-03-19,35.0650438246984,35.40247808764658,34.67137051792552,35.29,549158.131,0.020850040096258987,0.30769230769573247
2014-03-20,35.28609539207476,35.735957962810375,34.75188358932622,34.78,1147642.4599,0.027888446215166948,-0.5142857142823429
2014-03-21,34.757579617831624,35.460605095538575,34.25140127388262,35.32,899357.0416,0.03478964401297275,0.46511627907171177
2014-03-24,35.34145426113876,36.2130414386211,35.1165285379175,35.96,896950.5495,0.031026252983321116,0.5641025641046084
2014-03-25,35.98639876352118,37.11097372488121,35.84582689335117,36.38,1432582.0946,0.03515625000002675,0.3111111111130866
2014-03-26,36.38812064964915,36.725568445472796,36.21939675173734,36.36,642995.5821,0.013910355486889365,-0.055555555549882236
2014-03-27,36.29680685357973,36.6623052959473,35.98753894080717,36.1,539583.666,0.018590240123961817,-0.2916666666620737
2014-03-28,36.050077041599685,36.86556240369516,36.050077041599685,36.5,688776.0418000001,0.022620904836220663,0.5517241379338068
2014-03-31,36.4364677804267,36.52081145584435,35.14319809068933,35.34,547118.5518,0.037808641975335025,-0.7959183673443235
2014-04-01,35.311885441524645,35.64926014319526,35.14319809068933,35.34,456868.5915,0.014331210191110673,0.05555555556099338
2014-04-02,35.369999999997184,35.5105802861657,35.229419713828676,35.37,318387.7232,0.00794912559621251,1.0007623793805624e-11
2014-04-03,35.573701039165826,35.68618705035686,34.95502797761511,35.18,637613.9334,0.020553359683821958,-0.5384615384569634
2014-04-04,35.03505582136882,35.28811802232573,34.894465709726084,35.26,364637.36759999994,0.01123595505620797,0.5714285714342471
2014-04-08,35.201444270012935,35.87623233908667,35.08897959183398,35.82,652127.6034,0.02236421725242398,0.7857142857168586
2014-04-09,35.88127925116724,36.33120124804709,35.76879875194729,36.05,651076.6482,0.01567398119125,0.3000000000044709
2014-04-10,36.158247501918815,36.636233666407634,36.045780169097924,36.58,1050997.4982,0.016329704510135892,0.7142857142892786
2014-04-11,36.69640449437928,38.158636704116994,36.668284644192006,37.54,2538638.0025,0.04061302681994965,0.5660377358505567
2014-04-14,37.44868778280261,38.06720965308913,37.02696832578906,37.28,779689.4586,0.02777777777780357,-0.1621621621593058
2014-04-15,37.34047436878061,37.34047436878061,36.63752869165749,36.75,824066.8982,0.018825301204845452,-0.8399999999948027
2014-04-16,36.77377099236361,37.111145038165105,36.576969465646066,36.83,535237.442,0.014525993883818747,0.10526315789979325
2014-04-17,36.97564491653741,37.200591805763494,36.75069802731133,37.06,445379.0872,0.012167300380254802,0.18750000000582762
2014-04-18,36.72188217291227,37.03117827084644,36.55317521040271,36.75,383759.5102,0.013016845329276437,0.05882352941751675
2014-04-21,36.55234374999715,36.721046874997135,35.93376562499719,35.99,565471.488,0.021538461538488415,-0.7142857142812356
2014-04-22,35.854425465835725,36.50121118012139,35.62945652173636,36.22,449456.48720000003,0.024313725490223394,0.41935483871242013
2014-04-23,36.13188180404074,36.3287091757359,35.85069984447622,36.16,338692.534,0.013229571984463156,0.058823529417513176
2014-04-24,36.08015777610547,38.69547708489566,35.96767092411449,37.43,1528883.0975000001,0.07560405300080508,0.4948453608255935
2014-04-25,37.396710022950465,37.64977046671479,36.749999999997186,36.75,796224.1386000001,0.024060150375965945,-0.7187499999960743
2014-04-28,36.75361785434324,37.06294440093679,35.85375880970744,35.91,919652.1097,0.032899770466744,-0.6976744186017465
2014-04-29,36.13198924730905,37.03177419354554,35.90704301074993,36.61,742485.1602,0.03112840466928736,0.42500000000212584
2014-04-30,36.66575963718543,37.340589569158176,36.35646258503127,37.2,825997.1895000001,0.02684049079757255,0.5428571428594576
2014-05-05,37.11939622641229,37.428724528299064,36.78194716980855,37.26,695265.7925,0.0174242424242689,0.21739130435183657
2014-05-06,37.197535795023576,37.47869630745761,37.08507159004996,37.31,763165.5292999999,0.010582010582037105,0.28571428572070046
2014-05-07,37.14504890895131,38.016734386754095,37.00445447704763,37.37,1191179.9090999998,0.0272520817562713,0.22222222222477528
2014-05-08,37.33825763216401,38.153626209974824,37.113328369319646,37.76,1264216.9340000001,0.027861445783158734,0.4054054054077158
2014-05-09,37.96301886792166,38.075501886789574,37.00691320754438,37.26,732250.12,0.028148148148173565,-0.6578947368388627
2014-05-12,37.53949115043971,38.24247787610337,37.230176991147694,38.13,1209379.7880000002,0.026966292134857402,0.5833333333355377
2014-05-13,37.96145533140937,39.3674351584986,37.9052161383258,39.03,2095605.3148,0.03851851851854379,0.7307692307706561
2014-05-14,38.882458303115385,39.24794778824952,38.51696881798126,38.77,861620.2986999999,0.018799710773705725,-0.15384615384209635
2014-05-15,38.601885007275214,39.02360989810488,38.40508005822137,38.63,887184.7925999999,0.016023306627847792,0.04545454545901584
2014-05-16,38.57800738007095,38.80295202951743,37.706346863465846,38.1,939258.087,0.028425655976701627,-0.435897435894469
2014-05-19,37.818117559521,38.2117633928543,37.536941964282924,37.79,573303.36,0.017843866171029652,-0.04166666666244496
2014-05-20,37.95623145400312,38.293620178038694,37.73130563797939,37.9,387245.4868,0.014814814814840748,-0.09999999999482083
2014-05-21,37.70204712812682,38.264344624444895,37.5052430044155,38.18,456910.643,0.020134228187945417,0.6296296296325107
2014-05-22,38.18424197161776,38.5778939507066,37.649999999997185,37.65,522012.8992,0.02430044182624064,-0.5757575757539228
2014-05-23,37.64565573770211,37.898688524587335,37.42073770491524,37.73,453821.85860000004,0.012696041822281639,0.17647058824081288
2014-05-26,38.245582776537624,38.245582776537624,37.59878247958147,37.88,504357.47939999995,0.016911764705908057,-0.5652173912991271
2014-05-27,37.8729122541575,37.8729122541575,36.9731845688323,37.17,1045479.1108,0.023756495916878024,-0.7812499999960051
2014-05-28,37.08949253731066,37.82059701492255,37.061373134325585,37.68,565354.174,0.020470053070534497,0.7777777777804563
2014-05-29,37.73174076864825,37.84420497362187,37.28188394875379,37.31,423252.8869,0.014903129657254183,-0.7499999999936625
2014-05-30,37.33941485371062,37.84552138034225,37.25506376593869,37.48,524822.2283000001,0.015813253012074684,0.2380952380995985
2014-06-03,37.457454545451704,37.457454545451704,36.92315151514872,37.12,612469.308,0.014264264264290488,-0.6315789473619771
2014-06-04,37.029139534880855,37.19783720929944,36.21376744185766,36.27,611312.424,0.026575550493572138,-0.7714285714249343
2014-06-05,36.241305019302224,36.550579150576326,35.98826254825977,36.41,654973.186,0.015515903801423531,0.3000000000044552
2014-06-06,36.442382445138215,36.526739811909366,35.62692789968373,35.88,708658.6276,0.024691358024718175,-0.6249999999961814
2014-06-09,35.87434406912522,36.29606441476541,35.6775412411598,35.79,612037.0136000001,0.017241379310372285,-0.13636363635886467
2014-06-10,35.93516129031982,36.722473118276746,35.82268817204026,36.61,782757.7128,0.025039123630699968,0.7500000000022956
2014-06-11,36.55072463767837,36.97246376811312,36.29768115941752,36.86,455366.93519999995,0.018461538461565324,0.45833333333682
2014-06-12,36.6623052959473,36.80288161993483,36.04376947040218,36.1,640795.8648,0.02070552147241925,-0.7407407407360604
2014-06-13,36.16010752687894,36.80682795698642,36.10387096773916,36.61,523257.1344,0.01944012441682331,0.6400000000030975
2014-06-16,36.445688212924985,37.12060836501618,36.445688212924985,36.98,678199.941,0.018518518518545263,0.791666666669664
2014-06-17,36.97872421695669,36.97872421695669,36.55691367455794,36.81,737713.9153999999,0.011406844106490796,-0.39999999999238783
2014-06-18,36.78051282050996,36.80863247862962,36.16188034187753,36.19,600168.2544,0.017584097859354067,-0.9130434782551053
2014-06-19,36.219937106915395,36.416784591192105,35.68563679245002,35.77,478090.6128,0.02018633540375389,-0.6153846153799246
2014-06-20,35.70999999999719,36.13177165354046,35.428818897635004,35.71,463619.85,0.01968503937010621,4.002757240750367e-12
2014-06-23,35.76623622046963,35.99118110235937,35.65376377952475,35.71,294694.737,0.009433962264178607,-0.1666666666578512
2014-06-24,35.73507427677594,35.95999999999719,35.67884284597063,35.96,463342.30679999996,0.007867820613717704,0.8000000000071624
2014-06-25,35.910605345909126,36.07933176100345,35.68563679245002,35.77,507001.2648,0.010963194988281395,-0.35714285713479266
2014-06-26,35.98811571539985,35.98811571539985,35.73507427677594,35.96,617451.5748,0.007031250000027728,-0.11111111109957726
2014-06-27,35.959423676009656,36.21246105918721,35.84696261681964,36.1,556891.4724,0.010164190774069787,0.3846153846220382
2014-06-30,36.241883720927426,36.49493023255531,35.98883720929954,36.27,758459.112,0.013964313421283927,0.05555555556100241
2014-07-01,36.30315870569828,36.499999999997186,36.30315870569828,36.5,582165.4608,0.005422153369508417,1.0000000000092142
2014-07-02,36.4924574961332,36.520571870167196,36.21131375579319,36.38,413564.341,0.008474576271213426,-0.3636363636261166
2014-07-03,36.32377125192919,36.464343122099194,36.155085007725184,36.38,905765.4502,0.008513931888572197,0.1818181818266902
2014-07-04,36.38376543209595,36.58058641975026,36.29941358024411,36.44,572608.0512000001,0.0077279752705065145,0.20000000000931106
2014-07-07,36.442476780182936,36.66743034055443,36.245642414857876,36.33,440121.738,0.011574074074101038,-0.26666666665937133
2014-07-08,36.52505738331779,36.77811782708211,36.440703902063014,36.75,982558.1620000001,0.009237875288710654,0.6666666666730301
2014-07-09,36.668034188031335,36.668034188031335,36.04940170939891,36.19,667056.7332,0.016871165644198514,-0.772727272721479
2014-07-10,36.184925723218434,36.32550430023172,35.87565285378922,35.96,659154.7767,0.012432012432039816,-0.4999999999926258
2014-07-11,35.989416342409655,36.214350194549716,35.87694941633962,36.13,537645.1564999999,0.009375000000027679,0.4166666666737537
2014-07-14,36.12826923076645,36.54999999999718,36.01580769230492,36.55,1238809.78,0.01478599221792607,0.789473684214313
2014-07-15,36.52318529861895,36.77623277181954,36.18578866768482,36.72,986380.008,0.016166281755223267,0.3333333333375303
2014-07-16,36.718114942525915,36.774344827583384,36.465080459767314,36.69,998373.9375,0.008422664624835624,-0.0909090908996904
2014-07-17,36.66811972371169,36.724359171140705,36.415042210281165,36.64,922707.0715,0.00843558282211318,-0.09090909089970035
2014-07-18,36.40957446808233,37.028115501516936,36.32522796352307,37.0,1205467.7124,0.01930501930504622,0.8400000000028154
2014-07-21,37.029417549165125,37.394931921328485,36.86071860816665,37.17,1168198.52,0.014426727410808693,0.2631578947416194
2014-07-22,37.22377073906205,37.47680241327018,36.91450980391879,37.28,1138408.9236,0.01510574018129528,0.10000000000482875
2014-07-23,37.11318764129336,37.3943481537274,36.916375282589534,37.31,1327828.9769,0.012878787878814373,0.4117647058873862
2014-07-24,37.1719940253893,37.9030619865543,37.00328603435123,37.65,2182709.256,0.02420574886538184,0.5312500000025367
2014-07-25,37.6526408193096,38.69307973664676,37.62452084857076,38.44,2775057.5716,0.028379387602714308,0.7368421052651046
2014-07-28,38.52630057803189,39.201213872829534,38.18884393063308,38.92,1945645.1919999998,0.026277372262798967,0.38888888889128953
2014-07-29,38.806240928879625,39.00308417996814,38.468795355585016,38.75,1174068.9531999999,0.013768115942054402,-0.10526315788928119
2014-07-30,38.51999999999719,38.801167883208855,38.266948905106695,38.52,1294060.763,0.013868613138711976,5.267033461822557e-12
2014-07-31,38.46376642335486,38.801167883208855,38.1825985401432,38.52,1247680.0979999998,0.016081871345054895,0.09090909091348544
2014-08-01,38.60803097344848,38.8048672566343,38.12999999999719,38.13,1250409.0936,0.01747997086674056,-0.7083333333281153
2014-08-04,38.23768115941751,38.79999999999718,38.06898550724361,38.8,1807666.554,0.01911764705884926,0.7692307692335654
2014-08-05,38.85491994177301,38.91114992721697,38.46131004366532,38.63,1204048.9782,0.01157742402318043,-0.4999999999926335
2014-08-06,38.66495976590792,38.66495976590792,38.10256035113108,38.44,1245702.8092,0.014545454545480003,-0.3999999999942907
2014-08-07,38.46553505534771,38.57800738007095,37.95940959409314,38.1,1216460.464,0.016081871345054767,-0.5909090909035788
2014-08-08,38.06941869021059,38.35058130978379,38.041302428253275,38.21,657685.4678999999,0.008124076809479592,0.4545454545530785
2014-08-11,38.4344927536204,38.828115942026166,38.265797101446495,38.8,1443750.894,0.014630577907853042,0.6500000000038486
2014-08-12,39.55941926345329,40.65594900849571,39.30637393767427,39.7,4867416.041999999,0.03411513859277503,0.10416666666867165
2014-08-13,39.79120996440998,39.95993594305765,39.14442704626056,39.51,2673409.9745000005,0.020494699646667627,-0.34482758620303006
2014-08-14,39.30623209168773,39.72797277936678,39.165651862461374,39.25,2097101.9120000002,0.014306151645232579,-0.09999999999482846
2014-08-15,39.45040801717684,40.570994989259795,39.27801002147177,40.14,2774370.753,0.032774945375115515,0.533333333335149
2014-08-18,40.599589632826444,41.346645068391545,39.50773938084668,39.91,4010300.1039000005,0.04529370134468033,-0.37499999999823114
2014-08-19,39.91152204836131,40.486201991462266,39.73911806543103,40.4,2390813.8596,0.018718502519822905,0.6538461538491291
2014-08-20,40.39732091690255,40.79957020057014,40.02380372492549,40.11,1840029.3496000003,0.019203413940280346,-0.37037037036619025
2014-08-21,40.112402877694954,40.14113669064459,39.508992805752555,39.94,1351349.104,0.01575931232094137,-0.27272727272229824
2014-08-22,39.36999999999713,39.628635036493456,39.053890510946054,39.37,3230788.6629999997,0.014598540146010395,4.99455414513393e-12
2014-08-25,39.53772661870219,40.34227338129206,39.22165467625617,39.94,2282206.945,0.02834302325583846,0.3589743589766053
2014-08-26,39.8233846153817,39.8233846153817,38.99013919413634,39.22,1613438.1900000002,0.020923520923545463,-0.724137931030169
2014-08-27,39.0849557522095,39.40108407079355,38.85504424778474,38.97,1048538.9328000001,0.013970588235319407,-0.21052631578381803
2014-08-28,39.04974683544013,39.164683544300885,38.417594936706,38.59,1323837.4045,0.019131714495978062,-0.615384615379942
2014-08-29,38.797566371678556,39.02747787610331,38.56765486725379,38.97,915541.2324,0.011851851851877189,0.3750000000054331
2014-09-01,39.08023255813669,39.65494186046224,38.8216133720902,39.54,1293202.5024,0.02132352941178993,0.5517241379338171
2014-09-02,39.68516152189235,40.058736539839195,39.340323043787556,40.03,2284819.0771,0.01810282404057515,0.48000000000332327
2014-09-03,40.05999999999713,40.46232424676898,39.916312769007185,40.06,2243498.1633999995,0.0136298421807993,5.257385182144257e-12
2014-09-04,40.090274841434805,40.98116983791113,39.91784355179423,40.78,3222016.4493,0.0265232974910636,0.6486486486507466
2014-09-05,40.89170329670049,42.18483516483227,40.6618131868104,41.84,4645228.224,0.037245256500374906,0.6226415094354404
2014-09-09,41.92737060041118,42.18600414078384,41.46757763974869,41.64,2175166.2051,0.01713502398905702,-0.39999999999543573
2014-09-10,41.37873523279768,41.57988186240156,41.033912439191035,41.35,2038247.8065000002,0.013194444444468222,-0.0526315789420067
2014-09-11,41.34647382919826,42.03606060605772,41.05914600550681,41.72,2678972.8152,0.02362751911051722,0.38235294117901014
2014-09-12,41.548864418441745,41.80746730901296,41.318995182378444,41.75,1628298.4926999998,0.011756569847879862,0.41176470588737984
2014-09-15,41.66769125682775,42.098736338794936,41.43780054644525,42.07,2284451.6592,0.015862068965540894,0.6086956521773442
2014-09-16,42.20960553632926,42.956678200689076,41.37633217992794,41.52,2775654.26,0.037440435670546904,-0.4363636363615437
2014-09-17,41.40657318741167,42.18240766073583,41.40657318741167,42.01,1847935.3974,0.01873698820266075,0.7777777777804794
2014-09-18,41.77999999999712,42.26848693259682,41.57885832186785,41.78,1509096.5673999998,0.016506189821206437,4.172822929695961e-12
2014-09-19,41.756213793100564,41.89990344827297,41.4113586206868,41.67,1146247.475,0.011699931176899136,-0.17647058822903658
2014-09-22,41.74859418282259,41.97845567866745,41.28887119113288,41.49,1546616.1272,0.016517549896788778,-0.37499999999528827
2014-09-23,41.46529049897187,42.154941900202175,41.46529049897187,42.04,1600324.9339,0.01663201663204049,0.8333333333362942
2014-09-24,41.838966689324145,42.413677770221454,41.465404486740894,42.27,2475699.9137000004,0.022664835164858507,0.4545454545480078
2014-09-25,42.41013477088663,43.73185983827199,42.38140161724782,42.64,2714547.7884,0.03184281842820715,0.17021276595944976
2014-09-26,42.52918596955377,43.50620780939487,42.50045003308786,43.42,1635593.5847,0.02364864864867159,0.8857142857162624
2014-09-29,43.73736772486484,44.13968253967962,43.22010582010296,43.45,1921326.372,0.02102496714851125,-0.312499999996539
2014-09-30,43.5386454183238,43.6535989375801,43.1937848605549,43.28,1538205.81,0.010561056105633246,-0.562499999992528
2014-10-08,43.16011920529515,43.47620529801037,42.64288741721572,43.39,1935081.61,0.01930758988018264,0.2758620689686354
2014-10-09,43.443662906433744,43.730988719306986,43.213802256135146,43.3,2017740.5347,0.011904761904784854,-0.2777777777716811
2014-10-10,43.10600945306933,43.19222147197547,42.473787981090986,42.56,2010684.8335000002,0.016666666666689412,-0.7599999999949358
2014-10-13,42.389821795747615,42.389821795747615,41.55639479094987,41.93,2189431.7174,0.019661016949175634,-0.5517241379269329
2014-10-14,41.777602739723164,42.38099315068203,41.72013698629851,41.95,1665458.646,0.015818431911990567,0.2608695652213506
2014-10-15,41.84156650911264,42.761161377444786,41.84156650911264,42.56,2555352.7959000003,0.02197802197804539,0.7812500000022752
2014-10-16,42.13117203563797,42.8783824537325,41.901261137762724,41.93,2079943.105,0.023192360163733952,-0.20588235293802945
2014-10-17,41.83633127994238,42.46847364818326,41.117987679668644,41.98,1733132.2884,0.0322802197802428,0.10638297872545219
2014-10-20,41.98264445954847,42.356206662131726,41.66655336505495,42.27,1270692.459,0.016427104722816086,0.4166666666702386
2014-10-21,42.21602068965226,42.27349655172122,41.32514482758336,41.67,1180127.4500000002,0.022464261402337638,-0.5757575757539369
2014-10-22,41.465058742222425,42.01102971665224,41.465058742222425,41.58,864212.6468000001,0.013167013167036886,0.21052631579435546
2014-10-23,41.54987482614454,41.98089012517093,41.20506258692342,41.32,932590.5978,0.018672199170148094,-0.29629629629221166
2014-10-24,41.379999999997125,41.667361111108214,40.80527777777494,41.38,1061435.952,0.020833333333357008,3.338074138028341e-12
2014-10-27,41.15396278428387,41.81495520330519,40.86657477601373,41.7,969468.238,0.023044692737453982,0.5757575757599923
2014-10-28,41.81045729656746,42.98862138533672,41.81045729656746,42.73,2286423.9881999996,0.028178694158098906,0.7804878048798214
2014-10-29,42.9643272962456,44.77486416558572,42.791895213451305,44.43,6051578.916,0.04615384615386839,0.7391304347836868
2014-10-30,44.42505806451326,45.05723870967451,44.10896774193263,44.54,4741513.705,0.02134540750325624,0.12121212121502693
2014-10-31,44.48012853470151,45.141008997426404,44.19278920308199,44.71,3003557.6920000003,0.021317829457386313,0.24242424242702343
2014-11-03,44.68078602619809,46.749606986896644,44.5658515283815,46.06,4309488.6891,0.04887459807076074,0.631578947369447
2014-11-04,45.9734008866342,45.9734008866342,45.02519949334737,45.37,2492528.3973,0.02062500000002129,-0.6363636363599399
2014-11-05,45.34599101988163,45.37472738934923,44.483899935853465,44.8,2186831.1259999997,0.019645120405598154,-0.6129032258025428
2014-11-06,45.05851708574823,46.0068149580886,44.19642811089335,44.57,4029330.492,0.04017857142859285,-0.26984126983953527
2014-11-07,44.716310057652485,45.434759769375695,44.112812299804986,44.86,2494846.8643,0.029562982005163222,0.10869565217600312
2014-11-10,44.942085132631405,46.694941394198224,44.942085132631405,46.58,3944358.7133000004,0.03900255754477827,0.9344262295093049
2014-11-11,46.613692022260565,48.10808905380036,45.7802782931326,46.47,5621694.863400001,0.04993834771888598,-0.06172839506046659
2014-11-12,46.14768687462943,49.07861094761336,45.77413772807265,48.82,5624052.906399999,0.07160647571608483,0.8086956521745358
2014-11-13,49.20009302325296,50.20593604650871,48.567848837206476,49.43,7027747.483999999,0.03329439252338422,0.1403508771946459
2014-11-14,49.27733137829623,49.36353079178597,47.98434017595027,48.99,3655302.6125000003,0.027988338192439555,-0.20833333333109877
2014-11-17,51.72764465224713,51.72764465224713,49.14126241963478,49.17,5494841.595600001,0.05000000000001826,-0.988888888887399
2014-11-18,49.13283041641225,49.79368135183767,47.552534701264484,47.61,2975936.5401999997,0.04561403508773862,-0.6794871794855978
2014-11-19,47.934757281550496,48.164660194171844,47.01514563106511,47.36,2965905.1056,0.02398081534774235,-0.4999999999970678
2014-11-20,47.30136555890954,47.81863444108473,47.07146827794278,47.56,2619162.949,0.015795868772803437,0.3461538461572168
2014-11-21,47.76136445242085,48.33611011370148,47.100406941948116,48.02,2873125.5879,0.025872442839972202,0.20930232558354686
2014-11-24,49.08358702064608,49.313486725660816,48.422625368728724,48.71,4560803.791499999,0.018149882904001085,-0.4193548387059914
2014-11-25,48.85314285714007,51.29579999999708,48.508297142854374,50.29,5468400.699999999,0.05705882352943121,0.5154639175266156
2014-11-26,50.13932551319355,50.25425806451319,48.30040469207928,48.99,5556597.2165,0.03896848137537736,-0.5882352941158776
2014-11-27,49.10722057953584,49.19342400945896,48.015310467176356,48.59,4282813.4555,0.023990637799902827,-0.4390243902410974
2014-11-28,48.819367088604785,51.66405063290843,48.70443037974404,49.94,8017684.072199999,0.06062389640967201,0.3786407766998713
2014-12-01,49.93974448315622,51.00290360046162,49.07772357723292,49.48,4218119.073,0.038550057537418685,-0.23880597014763855
2014-12-02,49.164177215187046,50.22734177214902,48.87683544303517,49.94,3624331.6955999997,0.027469316189382767,0.574468085108082
2014-12-03,50.1703728813531,51.52089265536432,49.30833898304807,50.86,5892287.697,0.04410080183277954,0.31168831168946765
2014-12-04,50.57694429122723,52.27242140098996,50.57694429122723,52.1,5132336.3077,0.03352272727274645,0.8983050847469193
2014-12-05,52.530290267498444,53.10501992031571,49.74285145133468,50.49,6617271.029600001,0.06400437636763279,-0.6068376068365732
2014-12-08,50.285793562705315,52.15355160932008,49.73983351831023,51.78,5436925.023,0.04800000000001893,0.619047619048552
2014-12-09,51.77799126637272,56.95004366811917,51.00218340611076,52.64,11131708.32,0.11487236403997274,0.14492753623234222
2014-12-10,53.186141141138485,57.43873373373086,53.01373873873609,57.41,9292819.6782,0.08319827120477133,0.954545454545887
2014-12-11,57.76281925343529,61.6998870333958,57.76281925343529,58.51,11588389.155199999,0.0681592039801155,0.18978102189848864
2014-12-12,58.04316691880696,58.90519415027439,56.34784669692102,56.98,5854394.6394,0.044059405940610474,-0.4157303370773687
2014-12-15,56.7537917087939,56.89747219413262,55.17330637006799,56.84,4160368.3446000004,0.03037974683546017,0.05000000000163798
2014-12-16,56.176448170728854,56.80861280487516,55.48681402438742,56.55,3714594.8831999996,0.0235294117647233,0.28260869565413066
2014-12-17,57.325961538458635,58.619028340078,55.65934210526034,56.78,6548216.209600001,0.051629072681720733,-0.18446601941644172
2014-12-18,56.49844410097597,56.61339515713259,55.17650695517491,55.78,4734429.7464000005,0.02543234994915253,-0.4999999999976567
2014-12-19,55.456231306079005,58.21467597208086,55.2550947158497,57.64,6535575.281599999,0.05336787564768549,0.7378640776706192
2014-12-22,57.46809596732734,57.899106687082295,55.45671260847089,56.29,5087893.0551,0.04250000000001658,-0.4823529411751005
2014-12-23,56.60632911392106,56.864936708857755,54.16392405063006,54.48,4799364.8976,0.0477157360406258,-0.7872340425518393
2014-12-24,54.54317323259285,54.744333513218855,53.04883971937113,53.25,3783370.7179,0.031085353003179012,-0.7627118644046355
2014-12-25,53.30448583420498,54.79873557187542,53.30448583420498,54.77,2453872.4571999996,0.028032345013495334,0.9807692307704897
2014-12-26,54.60101010100734,57.15863636363348,54.34237373737099,56.9,4086568.5300000003,0.05157894736843845,0.8163265306129758
2014-12-29,57.75413687435866,58.21387129723913,55.59913176710647,56.26,3815541.8729999997,0.04527363184081262,-0.5714285714272589
2014-12-30,56.40850976361478,57.040698869472926,55.11539568345041,55.92,3037167.5418,0.03413143148244209,-0.2537313432819572
2014-12-31,55.920224260955365,56.63862385320813,55.69033639143447,56.38,2869295.3118000003,0.016957862281621005,0.48484848485099274
2015-01-05,56.949917194346966,60.081875304429616,56.949917194346966,58.99,7626598.1362,0.05499495459133842,0.651376146789699
2015-01-06,58.33344947734902,59.71276256843905,57.01160776505441,57.73,6938855.5677000005,0.04630541871922826,-0.223404255318006
2015-01-07,57.76010901882768,58.07620911793569,57.04169970267311,57.99,5127742.6414,0.017910447761211,0.22222222222477384
2015-01-08,57.987229999997105,57.987229999997105,56.69415499999717,57.47,3962349.0,0.02229930624382265,-0.39999999999747177
2015-01-09,57.071368421049776,58.853052631576006,56.98515789473399,57.33,4483404.7965,0.03272910372609964,0.1384615384629986
2015-01-12,57.040698869472926,57.040698869472926,55.11539568345041,55.92,3524633.9254,0.03375314861462662,-0.5820895522370133
2015-01-13,55.914798345395255,56.46072905894227,55.25393485004886,55.57,1929756.804,0.021582733812966968,-0.2857142857116761
2015-01-14,55.5730651138139,55.97535203811245,54.165060878768976,54.28,2272748.461,0.032574974146863306,-0.7142857142837346
2015-01-15,54.27739530132513,56.259999999997135,54.07626149131492,56.26,2353953.0256,0.04023292747487198,0.907894736843
2015-01-16,56.31987704917746,56.607223360652846,55.630245901636506,56.09,2575977.6864,0.017346938775527575,-0.23529411764388874
2015-01-19,54.33541847825792,55.88703804347523,50.85864130434506,52.87,4159949.28,0.09254362771022301,-0.2914285714279432
2015-01-20,53.275972944846345,55.31620707595966,53.218501560871324,55.23,3272709.3327999995,0.03937432578211072,0.9315068493159943
2015-01-21,55.225983854689446,56.97873360241893,54.59384460140997,56.95,3202407.7792,0.04318418314257709,0.7228915662659634
2015-01-22,56.86506303580147,58.01443267775805,56.57772062531233,56.98,2380798.9218,0.025265285497743335,0.08000000000194175
2015-01-23,57.122318558204725,59.047467121283056,56.97865075498992,58.99,4702683.3041,0.0362173038229546,0.9027777777787257
2015-01-26,58.911032863847005,61.353685446006516,58.192605633800085,61.21,5183946.075,0.05365853658538203,0.7272727272734032
2015-01-27,61.202134724854794,62.17907020872572,59.76546489563285,60.57,5888749.013599999,0.039436619718325565,-0.2619047619034678
2015-01-28,60.57757805108512,61.439687795645156,59.65799432355442,60.75,3784260.1958000003,0.029411764705898343,0.09677419354994586
2015-01-29,60.43197094430702,60.43197094430702,59.19631961258795,59.34,3126152.9074999997,0.020446980504058056,-0.8837209302295281
2015-01-30,60.141672388422755,60.314080431581154,57.69922511034538,58.59,2556159.3182,0.043478260869581134,-0.5934065934052682
2015-02-02,57.06406982543356,58.44326184538362,56.920403990022095,57.61,1674095.602,0.026686807653592118,0.3584905660393861
2015-02-03,58.187469105286304,58.474814631732166,57.06682155214745,58.13,1803250.6135,0.024197530864214434,-0.04081632652854467
2015-02-04,57.98380009895805,59.276798614544326,57.6390004948017,58.07,2189202.7775000003,0.028245787908837472,0.0526315789490858
2015-02-05,59.219195230995574,59.219195230995574,57.49520119224753,57.84,2499199.0848,0.029112081513844538,-0.7999999999978733
2015-02-06,58.47547883064222,58.504213709674474,56.636446572577796,57.01,2352023.4688,0.031941031941048456,-0.7846153846134297
2015-02-09,57.46783324755238,57.46783324755238,55.68633041687825,55.83,2649181.7956000003,0.03100000000001694,-0.9193548387075515
2015-02-10,56.60718857705285,58.446203840469806,55.94629246676239,58.36,2269840.5225,0.044162436548240404,0.7011494252882216
2015-02-11,58.62378854625264,59.71580029368284,58.30767988252285,58.71,1623185.7687,0.024019607843153934,0.061224489797913687
2015-02-12,58.70596837944374,58.763438735174965,57.786442687744184,58.16,1535437.1648,0.01664219285366333,-0.5588235294082547
2015-02-13,58.222524654829485,59.372031558182485,57.820197238655936,58.28,1825478.6472000002,0.026653504442267422,0.037037037038860264
2015-02-16,58.506079545451776,60.747471590906216,58.21872159090634,60.69,2983607.1936000003,0.043222003929289335,0.8636363636371593
2015-02-17,60.77463201471662,63.27458141674043,60.28613615455106,62.47,4541747.3148,0.04917257683216691,0.5673076923084616
2015-02-25,61.92434864992602,62.556522974890456,60.31517764092561,60.66,3135876.1452,0.036194895591662966,-0.5641025641010338
2015-02-26,60.689202053193625,61.781147923468886,60.057022865139515,61.58,2111748.4167,0.02840909090910702,0.5166666666680285
2015-02-27,61.779383886253,62.00926066350417,60.34265402843317,60.63,2199347.106,0.02697674418606217,-0.6896551724116587
2015-03-02,60.9460805687175,61.14722274881228,59.767962085305236,60.63,2532821.001,0.02263083451203872,-0.2291666666644202
2015-03-03,60.34177215189581,60.485443037971756,58.67518987341489,59.02,2398332.3546,0.030000000000015986,-0.7301587301567475
2015-03-04,58.6253384912931,60.0047582205,58.6253384912931,59.43,1903981.9567999998,0.023529411764722626,0.583333333334994
2015-03-05,59.43009633911081,60.062331406548154,58.62543352600873,59.66,2132279.9448,0.024177949709880967,0.16000000000189096
2015-03-06,59.42152517985326,60.68581294963738,59.249122302155435,59.91,2439903.279,0.024177949709881033,0.34000000000176306
2015-03-09,59.484011488747754,60.3173623743389,58.50697941598571,60.03,2424231.8572,0.03043478260871187,0.301587301588722
2015-03-10,59.94219432821665,62.29850302184741,59.71231055322829,61.81,3500680.0113000004,0.043144774688414655,0.7222222222230557
2015-03-11,62.55392595977777,64.59404021937549,61.778107861057514,62.87,4000667.198,0.04501607717043331,0.11224489796016006
2015-03-12,63.24612648221068,65.65988142292203,63.24612648221068,65.43,5585530.8663,0.03816447069515366,0.9047619047627191
2015-03-13,65.31731489361425,67.9610425531886,64.65638297872066,67.53,5935492.055,0.05059392872856716,0.6695652173919677
2015-03-16,68.07126582278195,68.76088607594647,66.6632911392377,68.1,6531278.469,0.03081468974252164,0.013698630138339656
2015-03-17,68.12754649782082,73.09847249702916,68.09881282152482,72.61,8941716.217,0.07338675664278028,0.8965517241383262
2015-03-18,72.64367816091666,73.10344827585918,71.29310344827303,72.5,4585116.5256,0.02492088607596299,-0.07936507936344948
2015-03-19,71.83943089430602,72.27046747967185,70.6612642276394,70.69,4304322.2700000005,0.022400000000013458,-0.7142857142834891
2015-03-20,70.69337721102137,71.84286301933066,68.96914849855743,69.86,3552460.8977,0.04065040650407872,-0.28999999999890164
2015-03-23,69.85587314331313,72.12597350461373,69.85587314331313,71.58,3526689.7956999997,0.03249691484986989,0.7594936708870061
2015-03-24,71.2968289786195,72.7049485352307,69.91744655581671,72.59,4214651.208,0.03909713825071892,0.463917525774062
2015-03-25,72.64739579033956,72.64739579033956,68.71041271151182,69.63,4903783.9463,0.054193037974696566,-0.7664233576633117
2015-03-26,69.59430613961018,70.39886459209123,67.84151808241934,68.33,2901263.2052,0.036746490503729815,-0.4943820224705891
2015-03-27,68.39378934116374,68.96852706671973,68.33631556860814,68.48,2018256.8284999998,0.009243697479005934,0.1363636363679551
2015-03-30,69.83156822810307,70.63621181262441,69.5729327902212,70.55,3809564.417,0.015226337448573667,0.675675675677741
2015-03-31,70.69188069593744,72.5597555923748,68.91021541010487,69.37,5165795.1238,0.05162601626017588,-0.36220472440856805
2015-04-01,69.39553243573768,72.09664218685957,69.05070991431788,70.43,3286648.3518,0.04389233954452718,0.3396226415102701
2015-04-02,70.54391727493632,72.21053527980243,69.71060827250326,70.86,3086395.2936,0.03543788187374069,0.12643678161029132
2015-04-03,70.92282734646308,74.68736964078506,70.63545770567514,74.4,5391969.1995,0.057131280388992275,0.8581560283692918
2015-04-07,74.56493631802105,75.1108838286347,72.92709378618012,74.45,4187605.8102,0.029287090558779996,-0.05263157894602845
2015-04-08,74.13546856464714,74.4228153420295,72.5550612890442,72.67,6054974.0343,0.02519379844962548,-0.7846153846134344
2015-04-09,71.86676050591302,72.41272949816106,69.28059159526441,70.43,3765942.8724,0.04358256697322397,-0.45871559632920994
2015-04-10,70.11686116699919,71.63989134808564,69.6858148893332,71.41,2523214.5785000003,0.027868852459030303,0.6617647058834843
2015-04-13,71.40918124006076,72.64483306835959,70.40341812400357,72.3,3911615.3875999996,0.03138832997989272,0.3974358974369997
2015-04-14,72.27223724883802,74.68610123647316,71.32393353940994,74.37,5618615.0292,0.046520874751504085,0.6239316239322925
2015-04-15,74.141470927991,76.58411628802169,73.50925683480656,74.63,5851224.3482,0.04147286821706714,0.15887850467377554
2015-04-16,73.84816326530338,77.55493877550732,72.3539591836708,77.44,6753823.075999999,0.07042801556421474,0.6906077348070505
2015-04-17,79.07775213993006,79.53750651283663,76.66404168217056,77.21,7771675.931500001,0.03633720930233781,-0.6499999999987711
2015-04-20,76.1474033580603,77.09565404138708,73.30265130807993,73.59,5758991.1274999995,0.049811320754729375,-0.6742424242414939
2015-04-21,74.48434155597441,75.77747248576563,73.59351802656268,75.72,4054863.953,0.029320987654333993,0.5657894736852639
2015-04-22,75.86691422205438,77.59116227255561,75.80943928703766,77.39,4148844.6868999996,0.023484848484861376,0.8548387096785476
2015-04-23,77.81240562545973,78.38709104366846,76.51936343449013,77.64,4706210.3914,0.02400295420976162,-0.0923076923060989
2015-04-24,75.97678478179503,77.58597538231716,75.34460276016132,77.04,3555983.2245,0.02950075642966491,0.47435897436003255
2015-04-27,77.0981531696564,80.14414803957202,77.0981531696564,78.42,4951509.8805,0.03950801341782845,0.4339622641517409
2015-04-28,78.33476899579694,78.39224131347544,75.08758304696163,75.26,4267687.2138,0.04218635363170704,-0.9304347826075433
2015-04-29,75.69333810375399,80.4349481216429,75.17607155634794,80.32,7161033.165,0.06947608200456795,0.8797814207654098
2015-04-30,80.23336952587478,81.81389793702202,78.88273615634895,79.4,4837517.317799999,0.036532951289410164,-0.2843137254891221
2015-05-04,78.30099372384664,84.33519874476694,76.49073221757057,82.41,6496314.8304,0.10018348623854355,0.5238095238098229
2015-05-05,80.46142542248052,81.86950036737392,77.2429684055813,78.22,3876413.2656,0.057500000000011625,-0.4844720496887171
2015-05-06,79.02685185184893,80.69359999999702,76.15314814814533,77.59,5184941.49,0.0574545454545574,-0.3164556962018296
2015-05-07,76.1808358778597,77.81882442747796,74.77274045801244,75.29,2815988.576,0.03998491135421849,-0.2924528301876445
2015-05-08,76.14771021020735,77.21090465465176,74.99831081080801,76.55,3200578.0848000003,0.029056603773597502,0.18181818181939877
2015-05-11,74.65078899082295,78.50113761467603,74.21977981651104,78.3,4496818.162500001,0.05735180908392346,0.8523489932890608
2015-05-12,78.4472972972946,83.24608801108515,78.33235620235351,82.93,7710153.617400001,0.0626373626373746,0.9122807017547826
2015-05-13,82.61387995712461,82.61387995712461,79.94150053590285,80.43,4961130.3747,0.03234782608696815,-0.8172043010738931
2015-05-14,80.28511217359028,80.28511217359028,77.38289444648483,78.13,4425762.523000001,0.036148890479611215,-0.7425742574244962
2015-05-15,77.93389643774962,79.45694087403307,76.75569225119072,78.25,4092235.7706999998,0.03466076696166416,0.11702127659676304
2015-05-18,77.67599136379714,80.31979129182871,77.0725152932682,79.86,4652818.8399,0.041805401405857624,0.6725663716820932
2015-05-19,79.77224289224011,83.16313794313504,79.02509652509376,81.87,5562953.9812,0.051873198847274246,0.5069444444450107
2015-05-20,84.828919449899,90.05888670595645,84.828919449899,87.76,11359834.9212,0.061653116531176264,0.560439560440002
2015-05-21,87.84210777016706,96.51999999999711,87.84210777016706,96.52,11702431.520600002,0.09878966306837798,1.0000000000002172
2015-05-22,99.71783767413386,100.5512144155027,92.82092671108136,94.89,10691967.795600003,0.07752161383286243,-0.6245353159846756
2015-05-25,94.45593740685261,99.97329061102533,93.70879582712091,96.41,8662456.341,0.06632187404929488,0.31192660550499784
2015-05-26,96.52663518299596,97.676103896101,93.85412042502672,97.36,11706415.459200002,0.03959511759453223,0.21804511278265168
2015-05-27,97.35190447760904,97.38063880596724,94.33479999999717,96.26,8190299.425,0.03128689492326857,-0.3584905660366742
2015-05-28,94.77433246072988,97.27444371727431,87.64757853402855,87.82,9654119.7536,0.10157671315950005,-0.7223880597011196
2015-05-29,87.38692230743291,89.08236078692602,83.39258419472881,86.18,7553502.4262999995,0.06511016113121748,-0.2121212121206711
2015-06-01,86.17761874803125,91.95344447939314,85.34429065743676,91.35,7209238.6047,0.07669223074359194,0.7826086956524911
2015-06-02,91.0952664576774,93.4804106583043,89.37106583071821,91.67,6501548.8889999995,0.045110410094647786,0.13986013986080487
2015-06-03,91.66408945686608,91.69282428114722,87.66994888178634,89.94,6193590.164,0.043887147335433536,-0.428571428570609
2015-06-04,89.93922809237299,91.37595697563773,83.33027522935517,90.83,7129178.1033,0.0894568690095948,0.11071428571462881
2015-06-05,91.7828633540344,94.11048136645668,90.51847826086673,92.53,7839110.286000001,0.03913587977458784,0.2080000000007457
2015-06-08,94.40022084805375,100.86598939929031,94.40022084805375,97.59,14824540.461600002,0.06849315068494145,0.49333333333370283
2015-06-09,97.59011146041446,100.86610460131178,94.14169762789098,100.55,15061116.9439,0.06890459363958566,0.44017094017130237
2015-06-10,100.54631300473126,105.25897243107477,97.75894736841833,103.19,15850513.841399997,0.0745927407830901,0.3524904214562741
2015-06-11,103.22102686884534,110.6637456770388,102.70377227985892,108.02,20320674.727500003,0.07711581291760351,0.602888086642886
2015-06-12,111.78566098080724,113.3661780383765,107.33147654583935,107.82,20758819.4688,0.05398457583548405,-0.65714285714227
2015-06-15,109.19214516529681,118.55968182947753,106.1749937857294,115.6,31472275.782599997,0.11342105263158697,0.5174013921115597
2015-06-16,113.15904446285245,113.15904446285245,104.04999999999713,104.05,24131615.3331,0.08049771457593508,-0.9999999999995751
2015-06-17,103.45133750711146,103.88238474672441,95.17523050654253,100.98,17769831.6922,0.08416666666667551,-0.28382838283792144
2015-06-18,100.33987665197945,103.8741850220234,97.69632892804414,97.84,11659325.0685,0.06156930126003223,-0.4046511627901699
2015-06-19,95.97665101721141,97.75825352112372,89.97092644757153,91.81,9388862.464499999,0.08113772455090787,-0.535055350553069
2015-06-23,91.98572580644885,96.55483870967454,85.20389784945982,96.21,11074600.443599999,0.12339893783193713,0.3721518987343978
2015-06-24,95.915176436276,100.05291921842812,94.85200641586191,98.53,13705513.0893,0.05422408627921912,0.5027624309396816
2015-06-25,97.6714231378733,98.1024532488083,89.4531156893791,90.66,10583322.8775,0.08855545748750561,-0.8106312292354568
2015-06-26,88.79729354614543,88.79729354614543,81.6130464954864,82.82,12363239.625,0.08090614886732438,-0.8319999999994838
2015-06-29,86.15359861591399,86.18233564013543,74.85994809688323,83.05,13355733.578999998,0.13142094729820888,-0.2741116751266274
2015-06-30,82.75684542586491,91.20494006308861,80.51551419558106,91.09,11085375.246,0.1291666666666772,0.7795698924733131
2015-07-01,90.46426501034885,94.17134575569034,82.79146997929321,83.28,9832325.1264,0.12579415501906943,-0.6313131313128236
2015-07-02,84.82611891891587,86.14793513513203,77.38371891891613,79.74,9039457.05,0.10331978319784255,-0.5803278688520661
2015-07-03,79.73630136986006,83.32802665679068,74.47801554979361,77.61,9196923.6369,0.11099099099100206,-0.24025974025938834
2015-07-06,85.37073179523846,85.37073179523846,74.39408435471975,79.71,9082262.9676,0.12857623695726358,-0.515706806282415
2015-07-07,77.58958020989215,79.42874062968218,72.10083583208126,76.67,13422207.483199999,0.09444444444445609,-0.1254901960780224
2015-07-08,68.98999999999712,69.96695127030112,68.98999999999712,68.99,8903733.4638,0.01416076634736956,2.9383171297526643e-12
2015-07-09,68.99352139340898,75.88999999999713,65.83263536538941,75.89,15903439.109000001,0.14577259475219898,0.6857142857145024
2015-07-10,77.56024784853433,83.47999999999713,76.66941135972198,83.48,15052867.8405,0.0878103001111641,0.869198312236582
2015-07-13,83.61807077982827,91.80746946445062,83.61807077982827,91.75,15961469.8192,0.09793814432990759,0.9929824561405801
2015-07-14,89.02239600665261,91.92467554076232,86.23505823627,86.35,12869801.379,0.06391220142028158,-0.46969696969638397
2015-07-15,84.77024029574548,84.77024029574548,77.72999999999713,77.73,7904888.584,0.08305084745763787,-0.9999999999994502
2015-07-16,77.7625044595049,82.99265073135629,77.73376739207714,80.55,6509073.6233,0.06762749445677468,0.5300546448091887
2015-07-17,80.68593145571495,86.03051238547386,80.68593145571495,84.68,7572038.3032,0.06623931623932793,0.7473118279573853
2015-07-20,84.79493722429304,86.54772989480537,81.89277231082181,84.68,8666220.7975,0.05489664520502645,-0.024691358024071526
2015-07-21,83.2225058469735,87.44685265619488,81.84312729702367,86.01,7081478.7047999995,0.06733425414365755,0.4974358974363216
2015-07-22,85.57852752448208,86.61305639986199,83.07841607564733,85.09,7133849.950499999,0.04130288784420183,-0.13821138211296918
2015-07-23,86.11695266271904,87.92721893490835,85.0825147928966,87.41,9938816.9244,0.033033033033044376,0.45454545454630885
2015-07-24,86.89678547410603,90.4312777404139,83.90827168795951,85.46,10335847.3324,0.07506613756614826,-0.22026431718014367
2015-07-27,83.33843855061326,86.67197609263779,76.92999999999714,76.93,8037129.526899999,0.11689655172414856,-0.6578171091441807
2015-07-28,74.7085005472428,80.65644655235022,70.62826705581647,78.76,10525779.0617,0.13423076923078092,0.4040114613182979
2015-07-29,79.45736842104985,81.89999999999714,76.72736842104995,81.9,5367198.375,0.0650994575045326,0.4722222222226861
2015-07-30,81.89253516047307,84.13380454381235,79.19151821132063,79.68,5094068.6612,0.06035087719299406,-0.44767441860397844
2015-07-31,79.39958598725833,81.32494692144085,78.07769639065542,81.21,7304060.1006000005,0.040897575099541436,0.5575221238945195
2015-08-03,81.03868394815285,86.52747424393199,79.57309072781392,86.47,13294310.5407,0.08581560283689059,0.7809917355374904
2015-08-04,86.11990572171372,88.87850130038723,84.05095903770858,88.39,9309284.838,0.05605605605606703,0.4702380952385919
2015-08-05,87.8450638870179,88.33357094821491,84.79907868190703,85.46,6539062.2768,0.04023552502454473,-0.6747967479664804
2015-08-06,84.19914921465694,88.5384227748662,83.39451570680356,87.82,6615756.5408,0.06109215017065946,0.7039106145255598
2015-08-07,87.9639967532439,90.43537987012694,87.76283766233482,88.51,5451916.624,0.030382228030066544,0.20430107526981536
2015-08-10,89.08012519561538,93.792751173706,88.24679499217252,91.81,8510203.5975,0.062258064516139515,0.4922279792750387
2015-08-11,91.63921800191218,92.7886594318515,89.34033514203354,90.03,8371468.1102,0.03762935089370764,-0.4666666666657002
2015-08-12,88.36706675435423,90.69478461032257,86.49914501808333,87.39,6592652.3225,0.04747967479675862,-0.23287671232803026
2015-08-13,87.47454659161704,93.96904315196707,87.47454659161704,91.9,9545840.6784,0.07424441524311191,0.6814159292038746
2015-08-14,92.23999999999711,95.630753894078,92.03885358255164,92.24,8294414.337,0.03894080996885769,8.031413059900099e-13
2015-08-17,91.9550288666031,95.00103919780933,89.94351261014616,94.57,6289082.899499999,0.05500000000001034,0.5170454545459185
2015-08-18,95.56916272788334,95.62663065495964,85.10999999999713,85.11,7354119.3564,0.11004209260373757,-0.994535519125315
2015-08-19,81.72193808882635,86.14710632570372,80.8886271870767,85.4,6543078.2252,0.06434599156119304,0.6994535519129759
2015-08-20,84.33045667025948,85.14468176914474,79.96853649765984,80.87,4344391.1547,0.061379310344838796,-0.668539325842007
2015-08-21,78.51533742330989,80.08564417177608,75.6073619631873,75.84,6611905.92,0.057037037037048974,-0.5974025974018178
2015-08-24,72.69067796609862,75.01677966101377,68.24200847457338,68.62,10291030.632000001,0.09320000000001247,-0.6008583690981946
2015-08-25,67.02495847175801,75.48667774086066,66.06538205979791,70.02,10895931.748799998,0.14056399132322345,0.3179012345681755
2015-08-26,68.59376597443817,76.18298722044425,66.90727236421459,72.81,7663406.863999999,0.13522679101315366,0.45454545454571793
2015-08-27,73.88776349614125,79.38354755783772,73.59698127065467,79.18,6911153.718,0.07831562377018181,0.9145728643219522
2015-08-28,81.38493630572961,85.25210191082502,80.01834394904176,82.17,9535824.9288,0.06430868167203722,0.15000000000052605
2015-08-31,80.89843727072336,81.42186353631396,78.7465737344065,79.27,5401944.097600001,0.033069734004325516,-0.6086956521725949
2015-09-01,79.005803006326,79.005803006326,71.82345727847817,73.51,5906361.3088,0.09090909090910258,-0.7651821862343064
2015-09-02,70.80328726185765,78.65416511019505,70.80328726185765,77.84,11999876.8326,0.11088295687886275,0.896296296296552
2015-09-07,77.8395618456736,80.25296626599147,73.82691353237404,74.99,5287534.4014,0.08255509899142018,-0.44343891402662805
2015-09-08,74.41070417422597,81.38943375680284,72.57878765879954,80.11,5129470.3085,0.11840562719813605,0.6468646864689044
2015-09-09,80.34578287351916,84.32963095664334,78.51379433894381,81.16,7668011.820599999,0.07238508867174506,0.14000000000047572
2015-09-10,79.5253846153817,81.67707692307393,78.79846153845865,79.38,2608506.264,0.03619744058502119,-0.05050505050402253
2015-09-11,79.38767123287394,83.40067439409614,79.30043203371693,82.79,6046357.2468,0.05164835164836371,0.8297872340430552
2015-09-14,82.28654353561696,82.5773087071209,76.18047493403407,77.14,5338853.6908,0.07773851590107139,-0.8045454545448738
2015-09-15,75.74417108251038,79.02981074942926,75.01725965177611,76.82,4558109.971600001,0.05297504798465747,0.26811594202964234
2015-09-16,77.02534343078277,83.68400845367793,75.65871785839818,82.55,4688729.7253,0.10419026047566297,0.6884057971017252
2015-09-17,82.23225569433939,83.33721528287718,78.97553269654377,79.15,4667522.0078,0.053041018387564524,-0.7066666666658398
2015-09-18,79.96432491766997,80.22602634467324,78.51042810098505,79.47,2387511.9044999997,0.021454545454557685,-0.2881355932184819
2015-09-21,79.407428673321,82.14060271041077,79.11666547788592,81.53,2678307.8959999997,0.03808128890517508,0.7019230769238057
2015-09-22,81.97014487632221,83.1623321554741,80.574413427559,82.29,3878100.122,0.03157147924797216,0.12359550561904886
2015-09-23,80.86292307692011,81.7643076923047,79.23461538461248,79.38,2589074.1240000003,0.03128371089537337,-0.5862068965503433
2015-09-24,79.9381544456224,82.29355295784336,79.44381154799578,82.09,3372024.3797999998,0.03564932702802228,0.7551020408170781
2015-09-25,82.28800141994739,83.7418530351408,81.12492012779265,81.91,4222100.7261,0.03180212014135462,-0.14444444444328333
2015-09-28,81.9155260361289,82.29355295784336,79.56012752390792,82.09,1609219.5324,0.03336883209088867,0.06382978723507601
2015-09-29,81.12973265895661,82.00209537571958,79.96658236993932,80.49,1755640.5376,0.025089605734778874,-0.3142857142841388
2015-09-30,81.26875901875609,81.41414141413848,79.90216450216163,80.6,1174819.0607999999,0.018604651162802795,-0.4423076923054791
2015-10-08,84.6766910994735,87.2356020942378,82.72842931936886,83.31,7313363.1645,0.0532280219780331,-0.303225806450904
2015-10-09,83.54527126356025,84.1850192509596,82.26577528876156,83.08,2676926.7183999997,0.022972502610523304,-0.24242424242260158
2015-10-12,83.48711235561487,87.29652082603825,83.0218410920517,83.08,8637795.5172,0.051201671891338375,-0.09523809523739557
2015-10-13,83.13286929883992,85.74985364193037,82.3768515997249,85.43,4649848.0288,0.040573627142369055,0.681034482759282
2015-10-14,84.62133891213095,85.69728033472505,83.2255230125494,83.4,2851015.9908,0.029209621993138642,-0.4941176470574489
2015-10-15,83.39958777052273,84.99895225008297,83.19603229130597,84.65,2986568.1045,0.02161785216179702,0.6935483870980026
2015-10-16,84.759230769228,89.84769230768936,84.759230769228,88.83,9218417.897,0.060034305317335133,0.8000000000004153
2015-10-19,88.97507418397333,89.55661061654833,86.73615891855961,88.19,6672078.9306,0.03169934640523985,-0.278350515462789
2015-10-20,88.04907829533902,88.6888007928613,86.65332011892677,88.02,3666770.0715,0.023117569352719244,-0.01428571428428123
2015-10-21,88.34004832585128,88.63083189506081,83.3967276492895,84.24,5083085.7601,0.05924950625412519,-0.7833333333326297
2015-10-22,84.32247114731553,85.80538357094073,83.30478615071,85.66,3927414.2370000007,0.029655172413804574,0.534883720931185
2015-10-23,86.09646226414804,87.0559973045793,85.31138814015885,86.3,2948055.9304,0.02026342451875519,0.11666666666826285
2015-10-26,87.14291242362229,87.52090970807578,85.19477257297741,85.66,3327366.1812,0.02669336002670458,-0.6374999999984742
2015-10-27,85.72170125892869,86.15787002381468,83.54085743449869,85.46,2299200.5669000004,0.030529172320228243,-0.0999999999988524
2015-10-28,86.33107011069822,87.66863468634394,85.86583025829972,86.68,4876066.1169,0.02088245200405301,0.19354838709827896
2015-10-29,87.23122725768815,87.95815415150223,86.38799206086384,87.9,3759354.432,0.01800000000001131,0.42592592592751083
2015-10-30,87.1430807412281,88.33522832560926,86.73600595631746,87.87,2352175.211,0.018351685018362974,0.4545454545469814
2015-11-02,87.81380645161008,91.85556774193252,87.23225806451332,90.14,5031705.17,0.052649006622527285,0.5031446540885697
2015-11-03,90.00053868755828,90.08777668951714,87.79050930460048,89.07,3422960.3907,0.025525040387732876,-0.40506329113780254
2015-11-04,87.70084863837596,92.26617796073174,87.70084863837596,91.83,4942773.701,0.05205570291778272,0.9044585987265492
2015-11-05,90.72786885245615,95.93308953341439,90.72786885245615,92.24,7848753.6608,0.05737179487180541,0.29050279329659084
2015-11-06,93.0487353485474,95.75296421961455,91.91470388648698,94.27,3335885.7264,0.04125000000001029,0.31818181818249497
2015-11-09,94.24447295208361,97.06511901081615,93.86644822256277,94.07,5743056.356500001,0.03394014193151291,-0.05454545454452172
2015-11-10,93.25521224086565,94.36020072391925,86.36357354392608,88.37,6530291.0271000005,0.08574992204553536,-0.6109090909086502
2015-11-11,89.85198195294588,91.0151144054112,89.56119883982954,90.23,5225960.581700001,0.016181229773473783,0.2600000000018137
2015-11-12,90.34495927011761,90.606660149883,87.58256109481631,89.24,3970250.5194,0.033472803347290886,-0.3653846153835351
2015-11-13,88.40155038759404,90.58250968991956,88.139835271315,90.03,3037055.256,0.027631578947379377,0.6666666666675863
2015-11-16,87.96601626015975,89.56539837398084,87.23902439024107,89.42,3573286.2224999997,0.026446280991746708,0.6250000000009767
2015-11-17,89.73138461538167,90.34199999999704,88.13215384615096,88.83,3890635.6775,0.024627349319518387,-0.4078947368406015
2015-11-18,88.9803778587972,89.88181305932748,87.49737156115057,87.73,2216884.0575,0.0267973856209259,-0.5243902439010052
2015-11-19,87.29382167715985,87.96262843884362,86.85764335432262,87.73,2691666.9339,0.012658227848112507,0.39473684210753995
2015-11-20,87.72815588722762,88.54233830845477,87.40829850745979,87.67,2682666.198,0.012926748425599544,-0.05128205127945002
2015-11-23,87.78723474800772,88.5432692307663,87.2347480106072,87.7,2257109.5560000003,0.014905597880103802,-0.06666666666440746
2015-11-24,87.8199999999971,88.34343046357324,87.03485430463289,87.82,2047882.838,0.014900662251666854,2.215395979892013e-12
2015-11-25,87.81709913506029,87.81709913506029,86.85750831669705,87.41,2410628.9346,0.010927152317892028,-0.42424242423896014
2015-11-26,87.52683254875295,87.78854068594191,86.36368527235756,86.48,2400965.8137999997,0.016279069767453136,-0.7346938775484653
2015-11-27,86.48229611480271,86.6567728386389,82.26577528876156,83.08,3546621.5172,0.05077336919974199,-0.774834437085253
2015-11-30,83.1599999999971,83.91599999999706,79.32184615384338,83.16,2984258.42,0.055244755244766464,6.310224818282253e-13
2015-12-01,83.57418891170146,85.95869952087318,81.480472279258,84.97,4044719.1834,0.05358385525401282,0.3116883116888899
2015-12-02,85.31724642500548,87.49815763218865,83.97962088459981,87.44,4098143.7753000003,0.041240627130208894,0.6033057851246211
2015-12-03,87.20920571618188,87.67447657028623,85.92971086739496,87.5,1809155.232,0.020006668889641154,0.1666666666682354
2015-12-04,87.523689449234,88.25063039150338,86.94213669541848,87.64,2812462.862,0.014950166112968082,0.08888888889103745
2015-12-07,87.9593729481258,89.70402166775806,87.9593729481258,88.57,1903791.7302,0.019834710743812854,0.35000000000146225
2015-12-08,88.22566050419871,88.7490823529382,86.10289411764417,86.51,1821629.6875,0.029993408042199583,-0.648351648350301
2015-12-09,85.80661165375258,87.23139104075152,84.90522061299814,86.33,1967311.9513000003,0.02710945442224119,0.2250000000011518
2015-12-10,86.91015666666378,88.39306666666373,86.32862333333047,87.23,2475458.6999999997,0.02375376380061337,0.1549295774661191
2015-12-11,86.53567657868071,87.46616772468802,85.95411961242613,87.03,1566006.439,0.01747311827958125,0.3269230769247821
2015-12-14,85.840534045391,87.20723631508386,85.20080106808794,87.12,1573010.2528000001,0.02337398373984869,0.6376811594214247
2015-12-15,87.11815631262235,88.10681362725157,86.65290581162036,87.06,2225042.2974000005,0.016688918558088697,-0.03999999999797502
2015-12-16,87.18012628780038,87.81987371219384,86.9474908607482,87.5,1417220.946,0.010006671114087425,0.36666666666955916
2015-12-17,87.76039331366478,88.83631596197677,87.49868239921051,88.72,3519936.5642999997,0.015241882041097974,0.7173913043494621
2015-12-18,88.39765472312416,91.01469055374297,88.3685765472284,89.27,2940038.611,0.029934210526326693,0.32967032967130094
2015-12-21,89.27442675158952,92.03699044585694,88.72191401273604,91.31,5409303.748,0.03713355048861007,0.6140350877199913
2015-12-22,92.40503564484472,92.60857096564834,89.26477640958882,89.73,3602929.3793999995,0.036186280679683235,-0.799999999998892
2015-12-23,89.99732408324778,90.11363726461545,87.58382556986827,88.02,4579606.418400001,0.028109854604211015,-0.7816091954008472
2015-12-24,88.2470705064519,88.53783515391962,87.52015888778261,87.84,1345864.563,0.011532125205941952,-0.3999999999967582
2015-12-25,88.1935459352251,88.629715796428,87.49567415730048,87.99,1364362.2748000002,0.012858555885273237,-0.17948717948445714
2015-12-28,88.30502886247578,88.5085636672296,85.54277079795975,85.63,2882868.1569999997,0.03358577543629675,-0.9019607843124429
2015-12-29,85.54702973604793,87.08815569662255,85.54702973604793,87.03,1197238.909,0.01801495581238396,0.9622641509446588
2015-12-30,87.7025025024996,87.8188188188159,86.51026026025738,87.15,1748391.3585,0.014920424403194271,-0.4222222222196894
2015-12-31,87.14853658536292,87.23577235772063,85.72368563685347,85.84,1579802.652,0.017350684017361985,-0.865384615382128
2016-01-04,85.86367173682045,85.89274849663651,81.90923240183652,82.2,1681013.6387,0.04639349813749835,-0.9197080291961198
2016-01-05,80.02425591098469,84.90945757996923,80.02425591098469,83.63,2580524.3616000004,0.06104651162791878,0.7380952380956822
2016-01-06,84.03532203389545,86.04170169491233,83.74454237287853,85.78,2973510.615,0.027335640138419715,0.7594936708870171
2016-01-07,84.87938906752109,84.87938906752109,80.92474812432722,81.39,532341.8099999999,0.04659129838987088,-0.8823529411755114
2016-01-08,83.10937566892319,83.77820549411047,80.2886585800899,81.51,4670349.069800001,0.04198740377887784,-0.45833333333236953
2016-01-11,81.41792696421685,81.65054961268604,77.95766506823763,78.83,4153160.3682,0.04535714285715455,-0.7007874015738282
2016-01-12,79.56026845637287,80.17092841163011,77.9318419090202,77.99,3530234.5308000003,0.028143274853813374,-0.7012987012970897
2016-01-13,79.73191489361406,81.24397163120265,77.34751773049359,77.9,3315618.5390999997,0.04886943836616786,-0.4701492537304804
2016-01-14,77.1995347971687,78.65338667658806,75.60029772980738,78.13,3292293.7725,0.03954802259888241,0.304761904762756
2016-01-15,78.13499811249234,78.74565496413445,76.18671196677705,77.03,1502019.0263999999,0.03275027912170937,-0.43181818181688053
2016-01-18,76.73842798044089,77.6107860097752,75.6334411432841,77.32,998640.8959,0.025767336112176485,0.2941176470601413
2016-01-19,77.37728602779526,79.76170446232335,76.82479882955097,79.5,1649022.7626,0.037955655768520426,0.7227722772284697
2016-01-20,79.23907856093689,81.39089207048158,78.54119309838185,79.21,2159658.8412,0.03596330275230552,-0.010204081631632582
2016-01-21,77.93092129802022,79.21038418500264,77.49474076836712,77.96,1354517.3403999999,0.022014925373146824,0.01694915254405177
2016-01-22,78.01323280617586,79.55430673041266,77.72246414122554,79.06,1272666.8317,0.02348117778607271,0.5714285714298576
2016-01-25,79.70723886047921,80.81226442658581,78.5731336742119,79.62,1242008.0006,0.028091937249191276,-0.03896103895972784
2016-01-26,78.53583333333039,79.61166666666367,76.50047297297009,77.46,2162071.2312000003,0.03961495742318886,-0.34579439252232125
2016-01-27,74.17325860069292,77.77870119829618,73.59173560107948,75.22,2837645.6342,0.056448451587625514,0.2500000000006344
2016-01-28,75.01830427891939,75.80337955625691,73.12830824088459,73.39,1555311.5159999998,0.035658914728695056,-0.6086956521726031
2016-01-29,73.25166279968782,75.5489559164704,73.13534416086338,75.2,2259160.1147999996,0.032949583167936974,0.8072289156635172
2016-02-01,75.0164155432167,75.13272006343874,72.74847739888689,73.33,1986744.591,0.03178294573644702,-0.7073170731692172
2016-02-02,73.42226562499712,74.87617187499707,73.42226562499712,74.44,1314827.52,0.019801980198033194,0.7000000000015213
2016-02-03,73.1860093896685,74.34907668231321,73.15693270735238,74.32,774865.7136,0.016289233214157244,0.951219512196758
2016-02-04,74.99656526761359,76.04343473238059,74.99656526761359,75.52,1892325.3454,0.013958898797996873,0.5000000000022984
2016-02-05,75.31029862174292,76.82232006125281,75.19398928024215,75.95,1516141.9300000002,0.021621621621634654,0.3928571428586816
2016-02-15,74.32779433680797,78.74791356184505,74.15331594634598,78.05,3414664.7832,0.06181533646323621,0.8101265822789379
2016-02-16,78.48120867009264,79.964180749446,77.28901542982817,79.15,2601782.0534,0.034086698777337276,0.2500000000009929
2016-02-17,78.45385442810762,82.1759053424137,78.36661885980357,81.1,4781730.459600001,0.04855448480357052,0.6946564885501957
2016-02-18,82.0006430868138,82.84391211146543,80.77935691318041,81.39,3195027.7109999997,0.02517730496455081,-0.29577464788577534
2016-02-19,81.30526618704745,81.50882014388198,79.93854676258705,80.84,1305257.26,0.019313304721042316,-0.2962962962942604
2016-02-22,81.70936064994414,82.52354645001475,80.92425291416176,82.32,1286479.4398,0.019572953736666735,0.3818181818197483
2016-02-23,82.57924596049973,82.57924596049973,80.13676122082298,80.98,1019896.7995000001,0.029577464788744207,-0.6547619047604455
2016-02-24,81.21854107648439,82.26539660056368,80.54971671387818,82.12,825358.6192,0.02112423916936402,0.525423728814945
2016-02-25,82.11868100358129,83.07828315411889,78.54198207885024,81.13,2740853.034,0.05524079320114464,-0.2179487179480301
2016-02-26,81.41815582558681,81.85432451750958,80.6912080057155,81.36,1221005.23,0.014285714285726265,-0.04999999999746761
2016-02-29,81.59063970587935,81.99772058823228,78.21768382352654,79.09,1249818.784,0.04632929436922051,-0.661538461537517
2016-03-01,79.52630904430322,79.96246796045112,78.24690955693599,79.41,1038046.5456,0.021572212065825817,-0.06779661016776806
2016-03-02,79.47414770738258,83.31263563177868,79.47414770738258,83.08,2129729.2225,0.04829857299671897,0.9393939393944511
2016-03-03,83.60276233495192,85.60922863099077,83.1956532314078,83.69,1760752.6294000002,0.028869565217403016,0.03614457831444427
2016-03-04,83.9192935358501,84.90794772165013,81.76751677852062,82.32,1651057.8846,0.03742203742204878,-0.5092592592581782
2016-03-07,82.55448951529452,84.76447232725731,82.52541079408448,84.59,1324760.6363,0.027122226135975095,0.909090909091803
2016-03-08,83.68524109014383,84.32494758909559,81.7079664570202,83.22,1263077.874,0.03127171646978226,-0.1777777777766017
2016-03-09,82.87378988884608,82.87378988884608,81.07092147722908,81.1,1171975.1726,0.02175438596492404,-0.983870967739781
2016-03-10,81.35815450643486,82.69570815450349,80.83476394849497,81.3,1395304.3764,0.02287348105791062,-0.031249999998421568
2016-03-11,80.98198713366402,81.44723373838166,79.46993566833169,81.36,1357705.9968,0.02441651705566739,0.19117647058960358
2016-03-14,81.45000347584006,84.27065693430364,81.45000347584006,83.66,1811512.8317999998,0.03463048911104366,0.7835051546399258
2016-03-15,83.16030534350857,84.46877168632601,83.1021512838278,83.8,1236289.2344,0.01643356643357821,0.4680851063847606
2016-03-16,83.80618765259561,84.59132542727295,82.90473317055869,83.37,941298.8873000002,0.020124913254695783,-0.25862068965329366
2016-03-17,83.36549012933686,85.6044656228698,83.36549012933686,85.43,3332047.7918,0.026857342169526774,0.9220779220788086
2016-03-18,85.10830722070556,87.17277247956108,84.67215258855299,85.37,3538848.2928,0.02938161940554604,0.10465116279181778
2016-03-21,85.78263086335535,88.3706492182159,84.32868796736628,85.55,4390231.862000001,0.04711864406780771,-0.057553956833801156
2016-03-22,85.45985655737412,85.92510245901346,84.12227459016106,85.14,1612058.712,0.02109561075196798,-0.1774193548369938
2016-03-23,84.70658137154267,86.01512794267876,84.64842374615884,85.23,1554653.6925,0.016134569172685912,0.3829787234060958
2016-03-24,84.70658137154267,86.01512794267876,84.38671443193164,85.23,1586111.2362,0.01922416752489993,0.3214285714301568
2016-03-25,84.91258366800251,87.20987617134917,84.76718540829704,86.89,1207260.7632,0.028767123287682675,0.8095238095246693
2016-03-28,87.61446264073398,88.66129989764285,84.93921187307798,85.23,2279956.6077,0.04248257550615099,-0.6406249999990494
2016-03-29,84.70736733994917,85.5215816501169,84.3584183498773,84.94,1786284.972,0.013731548232074795,0.2000000000023253
2016-03-30,85.63291652585045,86.79601216626946,85.10952348766189,86.04,1835080.3669,0.019694397283542782,0.24137931034640575
2016-03-31,86.36590229311777,88.34330342306122,86.07510800930257,87.5,3495764.7264,0.026262626262637527,0.5000000000010608
2016-04-01,86.97631737529002,87.61606293940115,85.9876196853001,86.86,1045905.8162000001,0.01872283517219442,-0.07142857142674172
2016-04-05,85.22461179606513,87.49261579473217,85.22461179606513,87.26,1599045.0374,0.02661207778916195,0.8974358974367858
2016-04-06,86.88246547658851,86.91154260693543,85.63214887167108,86.33,1765508.1306,0.014725568942447687,-0.43181818181556597
2016-04-07,86.50478468899226,86.65017088174687,84.99276828434434,85.08,1789093.6294000002,0.019159663865557522,-0.8596491228047476
2016-04-08,84.90430589045522,84.933382707541,84.14830864622515,84.41,1370893.8505,0.009246575342477428,-0.6296296296251249
2016-04-11,84.96894845360534,85.66684536082181,84.35828865979093,84.62,2488004.895,0.015400410677629633,-0.2666666666642438
2016-04-12,84.4983053173213,84.96354030874495,84.2366106346455,84.76,834783.708,0.008602890571243565,0.3600000000035022
2016-04-13,85.25538776904389,86.50572258284639,84.70291424666605,85.11,2595951.3241,0.021145975443394912,-0.08064516128866471
2016-04-14,85.45692175703208,85.63138297872047,84.26477007549471,84.73,1797768.4052000002,0.015991833957139764,-0.5319148936145072
2016-04-15,84.96292234332137,85.45723092642763,84.7593835149835,85.37,1106645.928,0.008213552361408116,0.5833333333366466
2016-04-18,84.32961283571385,85.20198814091088,82.99197070107837,83.37,1433262.3257000002,0.026206896551735824,-0.4342105263142773
2016-04-19,83.3372336709716,83.91879147746826,82.87198742577428,83.25,1067314.0891,0.012561060711805188,-0.08333333333048433
2016-04-20,83.24595959595659,83.44949494949195,79.98939393939106,80.6,2802677.1695999997,0.041564792176050636,-0.7647058823518811
2016-04-21,80.54581844174123,82.29049320943238,80.34227305217726,81.36,1311229.8178,0.024187725631781183,0.41791044776246544
2016-04-22,81.38950194277353,82.43631225715005,81.3604238784853,82.32,1133748.4053,0.013219006788150725,0.8648648648667533
2016-04-25,81.67845174973202,82.28907741251037,80.6025874867416,82.26,1275205.1321999999,0.020647917408342414,0.34482758620840753
2016-04-26,81.99893162392873,82.55140669515377,80.83582621082336,81.65,1054216.1448,0.020921985815614694,-0.20338983050667167
2016-04-27,81.94341428571137,82.14696428571136,81.21644999999711,81.42,618677.9199999999,0.011355571327194466,-0.56249999999628
2016-04-28,81.53432364549403,81.53432364549403,80.31305346250161,81.04,798349.2489,0.014978601997158914,-0.40476190475919177
2016-04-29,80.77742006614919,80.77742006614919,78.94553472987583,79.12,2120636.6552999998,0.022678185745152457,-0.9047619047598272
2016-05-03,79.06166126125842,80.74815495495204,78.56734414414132,80.69,3072579.0675000004,0.02758367046709571,0.7466666666676541
2016-05-04,80.54171974522008,82.54799363057033,80.28003184713093,82.17,2537091.8028,0.02815884476535495,0.717948717949687
2016-05-05,82.11461293743082,82.84154825026219,81.41675503711272,82.26,1380892.6116,0.017351274787547357,0.10204081632850304
2016-05-06,82.28956024311469,83.13281015373317,81.24276725062278,81.33,1910379.5294,0.022968197879870412,-0.5076923076905087
2016-05-09,80.40355329948949,81.65395213922838,79.70565627265847,80.2,2026519.9304,0.02423146473780598,-0.10447761193875985
2016-05-10,80.54337948171528,81.93907703230096,80.39799432019593,81.91,1227659.0229000002,0.019133574007232416,0.8867924528314991
2016-05-11,82.14994829368901,85.20330920371993,81.74283350568489,84.36,3391081.3053,0.04212389380532138,0.6386554621855272
2016-05-12,83.45432877672333,84.41390816683897,81.85502979319728,82.96,1773558.0351,0.030662020905934954,-0.19318181818060945
2016-05-13,82.99198853457246,84.27147259046636,80.69473307058114,81.16,1745071.3545,0.04309740714787424,-0.5121951219502661
2016-05-16,81.12309058614277,82.0535346358763,79.66927175843412,81.85,1257394.3475,0.029390681003596122,0.30487804878157815
2016-05-17,81.85418012199204,82.05772515249078,80.77829924649873,81.04,836966.1996,0.015630550621681432,-0.6363636363608741
2016-05-18,80.65783272726978,81.32658909090613,79.29124363636075,79.96,1083281.1,0.025234318673407887,-0.3428571428555411
2016-05-19,79.9635435654364,80.69048487057673,79.35291286911851,79.76,680540.4944000001,0.016727272727285077,-0.15217391304119457
2016-05-20,79.18263351749249,79.8223756906048,78.4556537753194,78.95,1341751.9139999999,0.017260374586865086,-0.17021276595520132
2016-05-23,79.08755020080032,79.93076305220592,78.94216867469592,79.64,924067.386,0.012500000000012404,0.5588235294141479
2016-05-24,79.41393509884075,79.64656471465574,77.34934725848275,77.96,1071161.6460999998,0.0289271329183572,-0.6329113924035238
2016-05-25,78.39076693968435,78.97230081905886,77.86738644824729,78.1,718862.7752,0.01409495548962677,-0.26315789473398354
2016-05-26,78.04567197334032,78.88893743057835,77.52226582746844,78.54,785267.4021000001,0.01751117734725549,0.3617021276614407
2016-05-27,78.88429896142141,78.88429896142141,78.27369436201491,78.39,523148.016,0.007740508662010296,-0.8095238095177305
2016-05-30,78.393688888886,78.80077777777488,77.92844444444157,78.51,620480.25,0.01112759643918194,0.13333333333649616
2016-05-31,78.22453987729779,80.63815950919955,78.22453987729779,80.58,2289852.4272000003,0.030855018587373165,0.9759036144586272
2016-06-01,80.69077757685062,81.09786618444555,80.25461121157036,80.4,1156937.1065,0.010450450450462601,-0.3448275862030521
2016-06-02,80.40355329948949,80.63618564176649,79.9673676577201,80.2,726837.2523999999,0.008318264014478858,-0.3043478260821762
2016-06-03,80.14118747750702,81.10078805325367,79.90855703490178,80.81,1208330.3204,0.014876632801173496,0.5609756097580595
2016-06-06,80.8072334293919,81.38878962535729,80.25475504322478,80.72,1081587.0632,0.014033825116960628,-0.076923076920445
2016-06-07,80.71598545454252,80.86136727272432,79.66923636363346,79.96,1281267.075,0.014769452449579905,-0.6341463414604497
2016-06-08,79.79014156079566,80.48801451905334,79.4121270417394,80.11,1089325.898,0.013483965014589693,0.2972972972997133
2016-06-13,79.52972723921566,80.11129745668707,78.6864504238821,78.89,2269834.163,0.017915904936026995,-0.4489795918343878
2016-06-14,78.85583551401575,79.262908411212,77.05308411214665,77.78,2076118.0574999999,0.028023598820071428,-0.4868421052616231
2016-06-15,76.88074101518798,78.74169692478405,76.76443127083822,78.48,2330334.6832999997,0.02571860816945295,0.8088235294128189
2016-06-16,78.34042248207928,78.68937759335802,76.97368162957083,77.09,1976082.9704,0.021900519673360645,-0.7288135593199119
2016-06-17,77.17368698269087,77.72617381489552,76.97013920240495,77.29,1088983.3974,0.0097965335343007,0.15384615384978342
2016-06-20,76.47723639131799,77.23328511609908,75.95381804339262,76.39,1210732.5481,0.016730038022826632,-0.06818181817949151
2016-06-21,76.7677543186151,77.00038387715637,75.16842610364395,75.75,1645341.1845,0.02386363636364919,-0.5555555555536672
2016-06-22,75.74737849215173,75.9799999999971,75.28213547646097,75.98,885258.5313,0.009213051823429602,0.3333333333370098
2016-06-23,76.04184180358898,76.94329384791452,75.72197172334444,76.1,1489814.9195,0.016061185468464287,0.04761904762139559
2016-06-24,76.15431975403244,76.32878554957432,74.29335126825234,75.66,1836411.9788,0.02672775868653437,-0.24285714285560245
2016-06-27,75.22489288446538,76.09723412394507,74.99226855393745,76.01,1266012.7414000002,0.014688828759193785,0.7105263157914532
2016-06-28,75.95631901840201,75.98539877300324,75.25840490797259,75.84,1636204.432,0.009571209800931913,-0.1599999999957985
2016-06-29,75.97707195074737,76.03522508656883,75.27923432088976,75.57,1857046.3165999998,0.009950248756231864,-0.5384615384570031
2016-06-30,75.86631477926773,75.86631477926773,75.31381957773223,75.75,1211318.4875,0.00728248371024696,-0.21052631578383468
2016-07-01,75.7444594074615,75.80261254328298,75.33738745671123,75.57,1137035.2104999998,0.006142034548957572,-0.374999999992974
2016-07-04,75.45416033434364,76.82076747720073,75.30877659574182,76.53,3916438.8984,0.020038535645485113,0.7115384615399106
2016-07-05,76.56382175226297,77.72696374622063,76.47658610271615,77.0,2428615.3184,0.0163311811621852,0.3488372093043757
2016-07-06,76.76261398176,76.87892097264147,76.122925531912,76.53,1576965.9584000001,0.009848484848497872,-0.3076923076880443
2016-07-07,76.79446679316597,76.93985578747336,76.2129108159364,76.62,1527046.0035,0.00946611132148193,-0.23999999999566707
2016-07-08,76.35815548780198,76.70708841463123,76.21276676828978,76.3,1075470.2784,0.00647372429551952,-0.11764705881743863
2016-07-11,76.38568835098046,77.43246596066273,76.38568835098046,76.88,2008153.9584000001,0.01370384468977318,0.47222222222455185
2016-07-12,77.26007683863604,80.40049396267543,76.76575192096317,79.47,5305674.021,0.047045540082812316,0.6080000000006326
2016-07-13,79.38539449540994,80.19960366972182,78.97828990825398,79.24,2981966.41,0.015384615384627726,-0.11904761904515314
2016-07-14,79.38803827750905,79.38803827750905,78.5447221199824,79.01,1033335.4174000002,0.010622710622723151,-0.4482758620649934
2016-07-15,79.21092110091452,79.53078899082278,78.94921100917142,79.24,1081614.9025,0.0073421439060332066,0.05000000000491465
2016-07-18,79.30012417822941,80.25975164353251,78.8348502556582,79.62,1452858.095,0.017968463513030417,0.22448979592023882
2016-07-19,79.88146539027689,79.88146539027689,78.45656848306045,78.98,965254.7212,0.017837641062990007,-0.6326530612220084
2016-07-20,79.32882809611537,79.32882809611537,78.57276155267732,78.66,569000.8075000001,0.009530791788868825,-0.8846153846103781
2016-07-21,78.62921149594405,79.5306558585085,78.54197494472814,78.92,808780.4134000001,0.012573964497053917,0.2941176470614667
2016-07-22,79.09219858155734,79.15035460992614,77.81276595744393,77.9,916437.4101,0.016911764705894672,-0.8913043478232553
2016-07-25,77.95907835820606,78.33709701492246,77.72645149253442,77.93,716489.9600000001,0.007832898172336528,-0.04761904761421332
2016-07-26,77.78605504586871,79.38539449540994,77.698818348621,79.24,1545009.055,0.02168224299066689,0.8620689655184459
2016-07-27,79.32291757840704,80.39877826403792,77.69458789204677,79.73,3131621.1996000004,0.03409090909092123,0.15053763440961723
2016-07-28,78.97995702005448,82.38226002865034,77.87493553008318,81.19,4601052.9472,0.0570692194403652,0.4903225806456973
2016-07-29,80.837374461977,82.43667503586505,80.837374461977,81.07,2378144.2051999997,0.019784172661882753,0.1454545454562725
2016-08-01,81.38599711503493,83.10152902992849,80.25200144247817,80.63,2664021.6546,0.03501250446589252,-0.26530612244786606
2016-08-02,80.83631123919018,81.33063400576076,80.28383285302304,80.72,882001.2688000001,0.012949640287781995,-0.11111111110823706
2016-08-03,80.54609929077729,82.726950354607,80.4007092198553,82.0,2362851.492,0.02888086642600492,0.6250000000009768
2016-08-04,81.56291238027381,82.28985455835111,81.18490244767361,81.97,1238372.3231,0.013547237076660883,0.36842105263386443
2016-08-05,82.14710067591312,82.29249377445457,81.44921380291422,81.74,857706.6560999999,0.010265486725675859,-0.48275862068563735
2016-08-08,81.85354344729055,82.14431980056689,81.06844729344442,81.65,1037719.4256,0.013143872113688788,-0.18918918918631983
2016-08-09,81.5604651162762,82.83984496123739,81.50231148695978,82.52,1230442.4286,0.016399286987534255,0.7173913043494573
2016-08-10,82.14815798795317,82.38078993977746,81.62473609634851,82.09,971965.6751999999,0.009203539823020844,-0.07692307691913065
2016-08-11,81.53683526011267,82.00209537571958,80.28644869941907,80.49,1460024.2272,0.02104136947219451,-0.6101694915233824
2016-08-12,80.48935102186876,81.36170670490924,80.43119397633272,81.1,1915354.6748000002,0.011560693641630768,0.6562500000024097
2016-08-15,81.13179916317709,84.21422594141967,81.13179916317709,83.4,3446518.9068,0.037992831541230586,0.7358490566044767
2016-08-16,83.68490877796614,84.99339414801774,83.21966953528114,84.47,2576653.66,0.021195274496189607,0.4426229508210583
2016-08-17,84.3855295735872,85.43235213204659,83.45502063273442,84.56,2775553.1043999996,0.0234321157822307,0.08823529411906834
2016-08-18,84.82052223006052,84.82052223006052,83.25633027522642,83.64,1177036.7179999999,0.01844119693807698,-0.7547169811297043
2016-08-19,83.82077277560852,83.82077277560852,82.78777029421897,83.26,1251087.2647,0.012323943661983656,-0.5428571428537571
2016-08-22,82.9633368310569,84.91124868834959,82.93382301503732,84.38,1986538.1253,0.023834934187133675,0.7164179104488938
2016-08-23,84.20291710387953,84.97027632038876,83.70118223154655,84.38,1188753.6165,0.015071854188585141,0.13953488372314443
2016-08-24,84.56096965468836,85.00369724450348,84.14775723752759,84.62,1579724.7409,0.01012216404887728,0.06896551724475437
2016-08-25,84.05903021784667,84.70836261419238,83.7638791285986,84.0,644512.5595999999,0.011235955056191488,-0.06249999999681833
2016-08-26,84.29515108924511,84.70836261419238,83.52775825720016,84.0,578851.6398,0.014005602240907952,-0.24999999999729358
2016-08-29,84.26447042153438,84.67767623095696,82.99533829259359,83.32,1523702.1111,0.019964973730309254,-0.5614035087698468
2016-08-30,83.28587898316924,83.40393125671024,82.04633011098883,82.43,1431532.8783,0.01630049610206716,-0.6304347826060542
2016-08-31,82.2251368876051,82.63832853025639,81.6938904899106,81.93,1327414.3551999999,0.0114860014357622,-0.3124999999965328
2016-09-01,82.29080534488688,82.79257854820936,81.64145178764602,81.73,916241.3325,0.0139885222381756,-0.4871794871764917
2016-09-02,81.90598290598,82.87999999999705,80.54826210825925,82.88,1839525.0119999999,0.02846846846848025,0.4177215189884244
2016-09-05,82.93720593557428,82.93720593557428,81.22533478103217,81.55,1505497.914,0.020640569395029684,-0.8103448275840159
2016-09-06,81.48463999999703,81.7797672727243,80.6582836363607,81.16,1591876.825,0.01376312930099015,-0.28947368420762953
2016-09-07,81.46387283236702,81.90661127167334,81.19822976878321,81.7,924006.5632,0.008695652173925043,0.3333333333370154
2016-09-08,81.60873158461798,82.4646640316176,81.49067193675597,82.14,1141587.9915,0.01193490054250763,0.5454545454570097
2016-09-09,81.87407063859858,82.81854441669344,81.84455583303311,82.73,1399637.4065,0.011896178803184384,0.8787878787900065
2016-09-12,82.05077870336537,82.19835204635704,80.51601593625206,81.49,1876030.7510999998,0.02050359712231423,-0.33333333333137816
2016-09-13,81.72465554749523,81.81319796954018,80.83923132704567,81.4,732417.2379999999,0.011917659804995729,-0.33333333332996595
2016-09-14,81.07951565913761,81.28612527312158,80.40065549890457,81.05,792406.6296,0.010921004732447632,-0.03333333332996232
2016-09-19,80.87338915179902,81.28661084819507,80.87338915179902,81.08,831205.6649,0.005109489051107153,0.5000000000059432
2016-09-20,80.9829236363607,81.30756363636068,80.86487272726978,81.16,347767.2,0.005466472303219355,0.4000000000057414
2016-09-21,81.04951548269285,81.28563934425934,80.90193806921381,81.02,538000.7849999999,0.004734158776414333,-0.07692307691518431
2016-09-22,80.60048682283745,81.42685578330594,80.57097364567787,80.63,1079586.4087999999,0.010618820944721073,0.034482758624100086
2016-09-23,80.9604846938746,81.34418367346642,80.57678571428278,80.99,881286.0896000001,0.009478672985794157,0.03846153846532233
2016-09-26,80.92863602668344,81.10572275759522,79.57097108969312,79.63,625401.796,0.018964259664490692,-0.846153846151371
2016-09-27,79.6882591093088,80.21951417003753,79.39311740890395,80.19,446616.6562,0.010370370370382881,0.6071428571456925
2016-09-28,80.45443949517148,80.45443949517148,79.45097253154866,79.51,458217.34140000003,0.012472487160687242,-0.9411764705843616
2016-09-29,79.48242772423723,79.83660118606079,79.4233988139333,79.63,574499.9789999999,0.005198663200903712,0.357142857149139
2016-09-30,79.62951427511756,79.77708565072007,79.45242862439454,79.6,364848.2721,0.004077094143822613,-0.09090909089975807
2016-10-10,79.71777327934929,80.24902834007801,79.59971659918735,80.19,934304.5712000001,0.008145131432815141,0.7272727272761536
2016-10-11,80.18971867007382,80.80951406649322,79.98312020460067,80.78,835724.8858,0.010305483989706881,0.7142857142883973
2016-10-12,80.15827296011416,80.89610684229488,79.98119282839079,80.66,1135441.7946,0.01141384388808295,0.5483870967768129
2016-10-13,80.86854219948555,81.01611253196636,80.36680306905077,80.78,928004.7567000001,0.008029197080304295,-0.13636363635889295
2016-10-14,80.78580574754163,81.37612950163401,80.5791924336093,81.14,977105.9345,0.009864815491426347,0.44444444444757597
2016-10-17,81.45708061001883,81.45708061001883,80.86681190994624,81.28,917856.1494,0.0072463768116063755,-0.299999999994501
2016-10-18,80.72117476431906,81.57708484408697,80.72117476431906,81.4,596329.244,0.010603290676428984,0.7931034482783815
2016-10-19,81.39832479882658,81.69346013167221,80.27681053401317,80.69,766318.0545999999,0.017403915881085186,-0.49999999999757055
2016-10-20,80.57243144423838,80.89708226690746,80.27729433272101,80.72,618792.9295000001,0.007692307692319994,0.23809523809960562
2016-10-21,80.42999999999705,80.87273394495116,80.07581284403376,80.43,525423.3275,0.009908256880746253,3.709097145696827e-12
2016-10-24,80.45968681718571,81.31564093226216,80.45968681718571,81.05,716623.62,0.010638297872352714,0.6896551724164275
2016-10-25,80.78097115735376,81.13514421321354,80.69242789338881,80.84,416346.89910000004,0.005480453050797697,0.13333333333968528
2016-10-26,80.7527232635031,80.95932745313925,79.98533627342594,80.31,714422.4948000001,0.012061403508784214,-0.45454545454195705
2016-10-27,80.27632638126308,80.86659348700765,80.04021953896525,80.66,552659.061,0.010294117647071005,0.4642857142887208
2016-10-28,80.8104855786754,81.01708652792695,80.24971157356407,80.84,978248.9145000001,0.009495982468967707,0.03846153846534167
2016-10-31,80.36415713758466,80.68880118037329,79.95097381039913,80.01,591877.4484,0.009181050312168083,-0.4799999999953587
2016-11-01,80.219027982324,80.30756995581443,79.89437407952578,80.16,544399.6571999999,0.00515084621046138,-0.1428571428496484
2016-11-02,80.13645329363304,80.13645329363304,79.28048381093862,79.31,719237.0823,0.010681399631688179,-0.9655172413747308
2016-11-03,79.00633085501566,79.71464312267364,79.00633085501566,79.39,660262.652,0.0089652596189891,0.5416666666700475
2016-11-04,79.18269115441983,79.41879310344531,78.2677961019461,78.74,1303781.6983999999,0.014535967200906956,-0.38461538461249756
2016-11-07,78.62292134831166,79.65588014980975,78.23925093632667,78.8,846817.7339999999,0.018018018018030307,0.1250000000019933
2016-11-08,79.0361048689109,79.15415730336782,78.2687640449409,78.8,814077.1259999999,0.011202389843179016,-0.26666666666303557
2016-11-09,78.83527862595119,78.86479389312676,77.03484732824134,77.33,1782632.018,0.02321228004493928,-0.8225806451592329
2016-11-10,77.77387438516544,78.33467272039053,77.68532727960358,78.01,1219980.7842,0.008349146110069483,0.3636363636403418
2016-11-11,78.36183333333044,79.74902962962668,78.12571481481193,79.69,3278045.97,0.020715630885134822,0.8181818181831302
2016-11-14,79.9524915824886,79.9524915824886,78.74243172465101,78.89,1137285.3195,0.015134736064980964,-0.8780487804846496
2016-11-15,79.01193957478257,79.80884744498023,78.92339425587173,79.13,1238003.4933,0.01120657452373303,0.13333333333651992
2016-11-16,79.22145143282177,79.69371045775662,79.01483810941276,79.31,649381.5311,0.008569299552918703,0.1304347826128494
2016-11-17,79.10273921200454,79.25031894934037,78.33532457785823,78.66,1177351.4285,0.011567164179116917,-0.4838709677381867
2016-11-18,78.4795146726833,79.04029345372165,78.184367945821,78.45,1412893.9223999998,0.010906355772859606,-0.03448275861721657
2016-11-21,78.74437056406131,79.30514381770344,78.44922674635494,79.01,1159603.3179,0.010869565217403964,0.31034482758929144
2016-11-22,78.68194756554013,79.36074906366744,78.50486891385475,78.8,1095511.68,0.010877719429869898,0.1379310344860402
2016-11-23,78.82951310861128,79.24269662921053,78.71146067415437,78.8,868500.003,0.006739049045313999,-0.05555555554990173
2016-11-24,78.92145685468515,79.423201344786,78.3311692192724,79.01,1421395.4466,0.013836948391934754,0.08108108108370372
2016-11-25,79.101627218932,79.83951553254144,78.80647189348822,79.81,1761063.2832,0.013059701492549819,0.685714285716471
2016-11-28,80.0433983081986,81.04689223979106,79.57116586980216,80.25,2834484.3589,0.018436578171103623,0.1400000000019035
2016-11-29,80.03947674418315,82.99078488371792,79.92142441860175,81.22,2827952.448,0.03834808259588233,0.38461538461621625
2016-11-30,81.99106243154137,81.99106243154137,80.36776925885067,80.84,1529975.2710000002,0.019798416126721702,-0.7090909090886561
2016-12-01,81.01786764705585,81.10641176470291,79.77824999999707,80.28,1994110.88,0.016393442622963036,-0.5555555555529165
2016-12-02,80.34176709796377,80.60740850276967,79.30871719038525,79.84,1793834.2750000001,0.01616458486408272,-0.38636363636107224
2016-12-05,79.24389157073603,79.95221685851914,78.80118826587157,79.48,1813502.8248,0.014525139664816918,0.2051282051305813
2016-12-06,79.15292410713991,79.74317708333037,79.15292410713991,79.33,1004714.1888,0.007457121551093846,0.30000000000449234
2016-12-07,79.39854856717234,79.39854856717234,78.74919240788691,79.31,783042.5843,0.008178438661722626,-0.13636363635888732
2016-12-08,79.30690601503463,79.57254135338049,78.4214548872151,78.51,1078371.448,0.014514328247128306,-0.6923076923045286
2016-12-09,78.53854401805575,79.01077878103541,78.33194130925214,78.45,1532017.5084,0.008643367155217406,-0.1304347826041656
2016-12-12,78.45322239031474,79.01402420574588,77.21355521936168,78.04,1809084.5544,0.022949586155016282,-0.22950819671954176
2016-12-13,77.71242608036097,78.125633055342,77.35824867323439,77.86,859080.2642,0.009874667679465755,0.1923076923112836
2016-12-14,78.15048697621451,78.32756511890985,77.9438958097366,78.18,1389209.5071,0.004909365558924918,0.07692307693054072
2016-12-15,78.03631162965459,78.68563041023415,77.68213774933845,78.42,1250645.6487999998,0.01285930408473268,0.3823529411790155
2016-12-16,78.45193839218337,78.8356386175778,78.21581517655603,78.57,1284888.8360000001,0.007900677200915586,0.19047619048065642
2016-12-19,78.2472580645132,78.86709677419059,77.77499999999709,78.69,1093793.4166,0.013956997359499405,0.4054054054077309
2016-12-20,78.53999999999705,79.071273957156,78.24484780157543,78.54,1443314.6916,0.010522360015044356,3.576675013004585e-12
2016-12-21,78.35656377835336,79.56658981033546,78.35656377835336,79.36,1595827.385,0.015442561205285529,0.8292682926846779
2016-12-22,79.53756505575913,79.53756505575913,78.97681784386326,79.39,1312777.028,0.007050092764390743,-0.2631578947311282
2016-12-23,79.53805276848459,79.56756596060649,78.82973615755932,79.42,685331.5014000001,0.009276437847878821,-0.1599999999957747
2016-12-26,79.45417910447465,79.45417910447465,78.03746268656425,79.1,392222.824,0.017830609212493773,-0.24999999999774464
2016-12-27,79.09785310734165,79.33396610169193,78.35999999999704,78.36,391123.7145,0.012313432835833457,-0.757575757571941
2016-12-28,78.21097285067579,79.21443438913728,77.88632352940883,78.27,1856493.3504,0.016981132075484236,0.044444444446627554
2016-12-29,77.918057663123,78.15417298937489,77.6819423368711,77.8,1675399.424,0.006060606060618901,-0.2499999999932263
2016-12-30,77.88632352940883,78.50610859728211,77.70924208144503,78.27,1166931.714,0.010231148162195445,0.48148148148457276
2017-01-03,78.36484052532539,79.04370731707021,77.9221013133179,78.66,929083.7594999999,0.014312617702460997,0.26315789473923085
2017-01-04,78.77485255692129,79.24708846584252,78.59776409107583,79.07,1482564.2259,0.008242787560896976,0.4545454545492749
2017-01-05,79.27854640327696,79.57370108087666,79.04242266119721,79.19,1377759.6718,0.006701414743125076,-0.1666666666608116
2017-01-06,79.12438289962532,79.53756505575913,79.12438289962532,79.39,1141092.351,0.005221932114895087,0.6428571428627163
2017-01-09,79.38951283004539,79.68464113052883,79.1238973596103,79.36,1304081.641,0.007063197026034794,-0.05263157894200858
2017-01-10,79.39097325408324,79.98124071322141,79.06632615155725,79.45,1013164.6196,0.011524163568785757,0.06451612903541279
2017-01-11,79.39271028037088,79.65833644859516,78.80242990653912,78.95,1121757.5050000001,0.010780669144993926,-0.5172413793063025
2017-01-12,79.09854314530898,79.423201344786,78.74437056406131,79.01,1323073.2521000002,0.008582089552251522,-0.13043478260417285
2017-01-13,79.00902803738023,79.62882242990358,78.21214953270737,78.95,1641106.3475,0.017930519237965344,-0.041666666664558295
2017-01-16,78.65631067960871,79.57126213591937,78.06601941747282,79.04,5452223.4858,0.0191369606003878,0.2549019607861114
2017-01-17,79.0685426008939,79.18659940208971,78.59631539611067,78.98,1519299.8028,0.007465472191128544,-0.14999999999474078
2017-01-18,79.09486988847291,79.68513011152122,79.00633085501566,79.39,1814885.972,0.008582089552251404,0.4347826086993307
2017-01-19,79.5719407407378,79.9851481481452,79.39485185184891,79.69,1539510.8399999999,0.0074183976261253965,0.20000000000463972
2017-01-20,79.56972017672756,80.39611192930484,79.54020618556407,80.16,1109391.4832,0.010756676557875926,0.6896551724164312
2017-01-23,80.16048582995656,80.42611336032093,79.77680161943026,80.19,1152020.2265,0.008100147275417415,0.04545454545902874
2017-01-24,80.16048582995656,80.30805668015898,79.83582995951123,80.19,514726.1405000001,0.005891016200306929,0.06250000000612893
2017-01-25,80.28403055656311,81.2285485631109,80.19548199344926,81.14,1495003.5145999999,0.012867647058835634,0.8285714285734904
2017-01-26,80.92389818181525,81.45512727272431,80.68779636363342,81.16,738600.775,0.009482129832251556,0.307692307695736
2017-02-03,81.40242490046755,81.66806007962066,80.95969960187908,81.55,875196.828,0.008701957940549033,0.20833333333720452
2017-02-06,81.46387283236702,81.9361271676271,81.37532514450574,81.7,872445.3663999999,0.006884057971026702,0.42105263158343265
2017-02-07,81.81887231720329,82.05500181884024,80.60870862131391,81.14,1418806.7325999998,0.017676767676779802,-0.4693877550996761
2017-02-08,81.46097031136563,81.75611875452275,80.78212889210424,81.52,734277.1476,0.011956521739142611,0.06060606060902035
2017-02-09,81.66631294963736,82.25660071942151,81.51874100719132,82.05,1150520.792,0.009035056017359447,0.5200000000032797
2017-02-10,81.75903179190456,82.79208815028603,81.61145231213578,81.7,1427574.9631999999,0.014440433213008514,-0.049999999997455837
2017-02-13,81.69120745252305,83.07830526692644,81.5141311357907,82.37,2209661.2145,0.019147398843942544,0.4339622641525606
2017-02-14,82.43250272034521,82.63910047152403,81.01583242654766,81.37,1782792.5454,0.01969208736127226,-0.6545454545432265
2017-02-15,81.55242052022827,82.58547687860974,81.46387283236702,81.7,1383157.6976,0.013753166847641348,0.13157894737093945
2017-02-16,81.95854001441667,82.04708002883628,81.42729992789903,81.87,1128471.522,0.007562117392882063,-0.14285714285216608
2017-02-17,81.7874025500881,81.90546448087133,80.96096903460543,81.02,499370.67449999996,0.011548177553241971,-0.8124999999960272
2017-02-20,81.66194875495917,82.01610249007283,81.24876939732656,81.78,799496.4017,0.00939645825805329,0.1538461538497898
2017-02-21,81.89999999999705,82.63783783783487,81.78194594594301,81.9,610737.8175,0.010450450450462494,3.4535410473686747e-12
2017-02-22,81.81612156294929,82.11127351663959,81.40290882778288,81.58,641531.5863999999,0.008658008658020784,-0.33333333332871007
2017-02-23,81.51659528130376,82.34297640653058,81.10340471869034,81.31,995733.0380000001,0.015206372194074284,-0.16666666666415716
2017-02-24,81.25425972172383,84.41234391722854,80.7820228326764,82.73,1864467.3055000002,0.04467853251000087,0.40650406504135134
2017-02-27,81.48610606610674,81.69269887395272,80.89584090083251,81.25,935326.2440000001,0.009779065555970233,-0.296296296292223
2017-02-28,81.16709183673174,81.22612244897662,80.87193877550725,80.99,682405.6344,0.0043636363636486795,-0.4999999999902829
2017-03-01,80.99241906147397,81.64177519097558,80.84483812295088,81.14,654032.7333999999,0.009839650145784777,0.18518518518864202
2017-03-02,81.48931726907333,81.60737495435993,80.78097115735376,80.84,684716.0364,0.010141253169153623,-0.7857142857097643
2017-03-03,80.84048540145692,81.13563138685836,80.63388321167591,80.87,554824.5179999999,0.006206644760873831,0.0588235294175136
2017-03-06,81.13264864864573,82.37221621621326,80.92605405405115,81.9,1138263.6525,0.01782466351401721,0.5306122448996353
2017-03-07,82.01902772776081,82.16659704717024,81.51729204176875,81.96,787449.1747,0.007916516732649714,-0.09090909090440652
2017-03-08,81.90097227223328,82.16659704717024,81.72388908894196,81.96,515180.70900000003,0.005405405405417487,0.13333333333968966
2017-03-09,82.04951421374301,82.43319899244037,81.7543720762835,82.02,995804.9058999999,0.008273381294976095,-0.04347826086517411
2017-03-10,81.66689416058098,81.93252554744228,80.81097080291677,80.87,1341165.062,0.01373328514638004,-0.7105263157862189
2017-03-13,80.83673015872732,84.37831746031449,80.83673015872732,83.67,4318183.2645000005,0.04381161007668207,0.8000000000006054
2017-03-14,83.67388322194572,84.11660218079197,83.1721350685866,83.91,1209574.8196,0.011287477954156314,0.25000000000284617
2017-03-15,83.97210801393435,85.15273519163466,83.35227874564168,84.71,2000571.0969999998,0.021441124780328117,0.4098360655751825
2017-03-16,84.85151568558038,85.02859710961985,83.67097285865057,83.73,2397956.3769,0.016000000000011533,-0.8260869565189638
2017-03-17,83.70484891074899,84.41321152494433,83.40969782150094,84.0,992559.8606,0.011988716502127397,0.29411764706147175
2017-03-20,84.61366853538598,84.99733707077489,83.66925367904403,84.23,1595108.5912,0.015695849319858155,-0.28888888888646136
2017-03-21,83.94180685357965,86.09643129110121,83.82374524056476,85.27,2171501.5383,0.02707454289733943,0.5844155844166212
2017-03-22,84.50370526315493,85.15305263157596,83.76581052631285,84.12,1536348.9300000002,0.016416346489707804,-0.2765957446785183
2017-03-23,84.85740610740314,85.38868725868427,82.90937521937232,84.09,2709006.6926999995,0.029217391304359235,-0.30952380952249614
2017-03-24,83.81843096950725,86.5631894484383,83.46426858512905,86.15,3274409.8506000005,0.036971830985926976,0.7523809523816599
2017-03-27,86.14994594594303,89.30789189188887,85.91383783783493,87.36,4939684.408000001,0.039397053785554144,0.35652173913120044
2017-03-28,87.24967741935191,88.2237096774164,86.36419354838421,87.84,1657951.6224,0.021312584573759428,0.31746031746173486
2017-03-29,88.13067819148644,89.93107047872041,87.30426861701838,88.78,2435147.7568,0.0298057602143445,0.24719101123698287
2017-03-30,88.5690263421111,89.42490830276463,87.32947315771635,88.51,2484149.0742,0.023658780406542235,-0.028169014083090527
2017-03-31,88.09633088725525,88.80464309539398,87.65363575716853,88.48,1111384.9823999999,0.013065326633177138,0.3333333333355953
2017-04-05,89.01582562747394,91.31795904887414,88.45504953764569,89.37,2604418.8332,0.03216180371353887,0.12371134020717374
2017-04-06,89.37152279340158,91.3490300678923,89.31249272550635,91.29,3284527.839,0.022787318361965885,0.9420289855082371
2017-04-07,91.31835179152799,91.64301302931298,89.66553094462249,90.61,1623131.104,0.021654815772473582,-0.3582089552222155
2017-04-10,90.46154608522991,90.46154608522991,88.80874132804465,89.34,1846529.0265,0.018270799347482172,-0.6785714285692332
2017-04-11,89.46208082832032,89.69820641282266,86.8942150968575,88.37,2578598.0688,0.031342791158044406,-0.38947368420933387
2017-04-12,88.33339429633948,96.03637321760397,87.47750774953232,95.21,10209054.442,0.09689274974942547,0.8034482758623201
2017-04-13,94.15554577464512,101.97724471830686,93.88990316901132,100.59,8927697.336,0.08589341692790949,0.7956204379564713
2017-04-14,101.23934859154632,101.23934859154632,99.23227112675764,100.59,2446734.0672,0.019825072886307117,-0.3235294117630676
2017-04-17,100.0835946183065,101.02805791166712,98.0175811640802,100.91,2611679.0518,0.030079622530236723,0.2745098039224617
2017-04-18,99.40036655211628,104.53565864833607,99.01669530354812,103.06,4706785.7856,0.05552256532067479,0.6631016042784877
2017-04-19,102.12418793503184,103.03917343387171,100.05809164732888,101.77,4971823.2568,0.029190751445096152,-0.11881188118709057
2017-04-20,101.22973913043184,102.46928695651876,100.04921739130144,101.82,2506139.685,0.023906705539368217,0.2439024390255107
2017-04-21,101.65208100968295,101.65208100968295,98.34632227766075,100.56,3092452.8134,0.032520325203261445,-0.33035714285614687
2017-04-24,99.84891876095558,101.05902980712739,97.54675628287265,101.0,3903270.4222,0.03517587939699478,0.3277310924377206
2017-04-25,100.14369230768935,100.64544378697927,98.52037869822195,99.76,1928380.922,0.021220159151203316,-0.18055555555408215
2017-04-26,99.76387249114225,101.53482880755305,98.93742621015055,100.0,1628960.9028,0.026035502958589512,0.09090909091020137
2017-04-27,99.52581560283392,100.61788416075352,99.46678486997341,99.88,1143965.2608000003,0.011565836298942337,0.30769230769461964
2017-04-28,100.47017810218684,104.07104817517943,100.47017810218684,101.09,2887915.8175000004,0.035840188014110624,0.1721311475417599
2017-05-02,99.0794571428543,104.12639999999702,97.57422857142578,103.3,2293350.85,0.0661304736371855,0.6441441441444984
2017-05-03,102.64677611095097,104.71269742428234,101.99748655533253,104.27,2080755.0505,0.026451983898801764,0.5978260869573869
2017-05-04,104.00903724137643,108.31815172413494,103.89097931034195,106.99,3804580.325,0.04256526674234753,0.6733333333338476
2017-05-05,106.48652388797069,108.0212520593051,105.27644975288013,107.49,2822905.8234,0.025776053215086824,0.3655913978504112
2017-05-08,107.6724226662987,109.50238160415796,105.10457705994784,107.82,4274864.802,0.040844298245622954,0.03355704698053265
2017-05-09,107.43220675944028,107.43220675944028,102.97554103947449,103.92,1983112.4082,0.041483516483525336,-0.7880794701978348
2017-05-10,103.91584206056882,105.65711859609097,103.73876309085469,104.27,1589234.1981,0.01846066458393436,0.18461538461682064
2017-05-11,103.50383858267425,105.89443194600378,102.70697412823107,104.95,2002279.0536,0.03079555175364516,0.4537037037044871
2017-05-12,103.89279506587879,106.49011494252574,103.89279506587879,105.28,1116019.7745,0.025000000000009192,0.5340909090918422
2017-05-15,106.24959481361138,109.46659643435684,105.95445705024024,109.26,2543766.7362,0.03305555555556475,0.8571428571434558
2017-05-16,109.19928278688245,115.69221311475114,109.19928278688245,115.22,4343275.7376,0.05945945945946813,0.927272727273038
2017-05-17,115.10571428571129,117.37831428571124,113.18728571428278,113.63,3213102.1999999997,0.036410256410264775,-0.35211267605554875
2017-05-18,113.22030398322555,114.40091194968254,111.27230083857151,112.63,2270979.4464,0.027632950990623798,-0.18867924528201796
2017-05-19,112.12460579857293,116.69931332654839,112.12460579857293,116.05,3182716.114,0.04080021058174054,0.858064516129492
2017-05-22,117.17581617277456,117.67757659467307,114.51943746860584,117.53,2182056.7582,0.026952141057942837,0.11214953271117842
2017-05-23,116.61108343710792,118.52951432129218,112.18393524283655,118.5,5858366.8,0.054416603391554526,0.2976744186050708
2017-05-24,116.43257497414383,116.84577042398871,112.56624612202397,114.16,4616322.62,0.03675538656528088,-0.5310344827578055
2017-05-25,113.72200319658727,116.14224826851049,109.1471497069763,110.8,4785298.88,0.06151051128991236,-0.4177215189868585
2017-05-26,110.97920084678194,112.63208256152123,109.53292934638505,111.54,3933030.9063,0.027925531914902255,0.18095238095327493
2017-05-31,111.62854723471523,111.8646731939637,105.40072505953678,111.54,6341091.3327,0.05790586991010881,-0.01369863013652699
2017-06-01,109.4092635152753,113.275628101329,108.0516087751343,113.01,5582832.0968,0.04774750472080732,0.6892655367235929
2017-06-02,112.15920398009658,113.87110761979278,111.86404818014894,112.72,2483121.0561,0.017894736842114074,0.2794117647072062
2017-06-05,112.00845844503722,112.68729758712836,109.0569839142062,110.09,2512235.1949999994,0.03241106719368454,-0.5284552845518882
2017-06-06,109.7979238754296,111.12612456747108,108.32214532871683,110.89,2614971.9362000003,0.02553763440861104,0.3894736842114401
2017-06-07,110.62048546278712,111.44689250466493,109.4989330488101,110.65,3593839.3872,0.017609391675569054,0.015151515153031196
2017-06-08,110.73836298932103,116.58223182511142,110.73836298932103,116.11,6464238.254600001,0.05277185501066947,0.9191919191922672
2017-06-09,115.5483423284473,115.99105628372871,113.33477255204028,114.84,5446283.282999999,0.022988505747134798,-0.2666666666654567
2017-06-12,113.98465853024891,115.66698000519044,112.77456764476466,113.66,3461756.7091,0.025375453133100145,-0.11224489795812068
2017-06-13,113.59875096974103,114.24805534005392,112.15257305404414,114.13,2253669.0384,0.01844634970122984,0.25352112676185534
2017-06-14,114.25559925093327,114.43269395398303,110.09387372926403,110.33,4118443.5474,0.03797468354431236,-0.9047619047610129
2017-06-15,109.76915605976451,109.76915605976451,106.28629496402583,106.67,6358524.7258,0.03172895939769626,-0.8898305084734701
2017-06-16,105.90258992805462,107.40789429994167,105.43033757609004,106.67,3194566.7494,0.01867335562988665,0.38805970149383395
2017-06-19,105.90162790697381,107.28885658914432,105.87211240309783,106.61,2250974.5607999996,0.013377926421414131,0.5000000000017234
2017-06-20,106.6404617117087,107.20126126125822,104.7809684684655,104.84,2854325.7504000003,0.022695820647670367,-0.743902439022857
2017-06-21,105.72079596709722,111.47611568054892,105.01244892544162,111.24,5910549.569,0.061139028475720905,0.8538812785391354
2017-06-22,110.67701453104065,111.88708322324669,109.55548745045944,111.71,4236697.358,0.02106666666667548,0.44303797468462425
2017-06-23,110.6750392464649,112.91805337519327,110.4684458398715,112.8,2415471.513,0.022133333333342206,0.8674698795189274
2017-06-26,112.66159830642731,113.57658639851512,111.33338978565463,111.54,3138082.3558,0.019910924810068967,-0.4999999999984657
2017-06-27,111.88535244607804,112.62318779589391,111.08849026827691,112.21,1640205.2318,0.013716697441317139,0.2115384615402579
2017-06-28,111.68478027866797,112.1865353697719,109.82533494104743,110.15,1943896.5432000002,0.021141649048634484,-0.6499999999984791
2017-06-29,109.7319451907547,110.46978774851932,108.9350752283689,109.85,1709504.1784,0.013986013986023027,0.07692307692495137
2017-06-30,110.00194049852293,110.29708925220824,107.96541409809413,110.12,2028971.8995,0.021196672927296194,0.05063291139364649
2017-07-03,110.68152031454493,113.1903014416746,110.12073394495124,112.6,2291762.4415,0.027733333333342,0.6250000000007622
2017-07-04,112.15437122604062,112.71514308217083,109.49808348647652,112.42,3318935.9645000002,0.028684210526324326,0.08256880734034616
2017-07-05,111.82971383564946,112.98077185612725,111.00331320556285,112.42,1410660.8646000002,0.01768276590130201,0.29850746268791417
2017-07-06,111.86404818014894,115.55349567949422,111.56889238020132,112.72,2619455.1552,0.035620052770457135,0.214814814815502
2017-07-07,113.6297989031049,114.16105510576877,112.00651606163198,113.01,1692767.5876999998,0.018961038961047498,-0.2876712328752104
2017-07-10,113.45398058252121,113.45398058252121,109.35145631067665,109.44,3021359.2343999995,0.03616024973986289,-0.9784172661860907
2017-07-11,109.50355805243153,110.97934724451281,109.00178972712388,110.33,1839504.5634,0.018059299191383684,0.4179104477624722
2017-07-12,110.58784255776166,110.58784255776166,108.04966415905136,109.85,1460052.0164,0.022951694689093423,-0.2906976744173257
2017-07-13,110.52734606076608,110.58637268082522,109.14022048937593,109.76,2068645.4029999997,0.013084112149541737,-0.5306122448955619
2017-07-14,110.14652150822863,111.7402814657432,109.32012745618404,111.15,1708619.8891999999,0.02197213290461772,0.41463414634250884
2017-07-17,111.56872037914397,112.21806213796441,106.28543970510515,112.1,2536866.5039999997,0.05317460317461183,0.08955223880645358
2017-07-18,112.18070363588511,113.18416165314902,110.40989537012527,112.83,2265418.8126,0.024730334122608177,0.2340425531924675
2017-07-19,112.6890303983199,114.51897274632823,112.24630241089854,112.63,3030487.4663999993,0.020167627029867123,-0.02597402597271905
2017-07-20,112.65951519915848,113.57448637316263,110.71151205450442,112.63,3061105.5239999993,0.02541262771811185,-0.010309278349483872
2017-07-21,112.30055776892131,113.03840637449898,110.67729083665044,111.12,1676573.7015,0.02102496714849747,-0.49999999999853334
2017-07-24,111.53720525187268,111.53720525187268,110.09096998927893,110.15,1850267.754,0.012966393225729948,-0.9591836734666767
2017-07-25,110.76372262773423,110.88177615571476,107.95995133819659,109.17,1949464.3653000002,0.02637889688250282,-0.5454545454533454
2017-07-26,109.73157460840588,109.73157460840588,106.6326463314068,107.4,3484174.7421,0.02824098977946004,-0.752380952379756
2017-07-27,106.39605552501081,108.60956569543406,106.39605552501081,107.37,2409750.4454,0.020804438280175638,0.4400000000011415
2017-07-28,107.0511534246546,108.61545205479153,107.0511534246546,107.73,1080167.13,0.014612627515862422,0.43396226415255895
2017-07-31,107.96228037382888,110.76611214952975,107.28345794392236,110.53,2088257.6890000002,0.03225806451613805,0.7372881355938603
2017-08-01,110.62126541554663,111.15253083109621,109.17504289543945,110.09,2040287.6199999999,0.017876200640350257,-0.26865671641628186
2017-08-02,110.08617223580248,110.49936430317547,108.55145884270283,108.64,989095.3749,0.017694369973199234,-0.7424242424223385
2017-08-03,109.05424217462632,109.1722981878059,106.75214991762473,107.49,1577225.2794,0.022192151556165992,-0.6463414634131457
2017-08-04,107.43369175626943,108.40767852219165,106.8433967466196,107.05,1424593.1115,0.01456043956044861,-0.2452830188658759
2017-08-07,107.31456628477612,109.05591925804396,107.16699399890598,108.2,1094545.8887999998,0.01760176017602679,0.46875000000131667
2017-08-08,108.49167567567274,109.70172972972676,108.1965405405376,109.2,981134.1799999999,0.013873775843317206,0.47058823529576543
2017-08-09,109.50059945503786,109.50059945503786,108.08388010898885,108.32,1087722.674,0.01293800539084459,-0.8333333333306453
2017-08-10,108.64533315275979,109.20612134344232,107.25812026001877,108.97,1224863.8272000002,0.01792991035045713,0.16666666666809604
2017-08-11,107.78861762327924,109.58902991107223,107.78861762327924,109.53,1231410.3680999998,0.016703176341739637,0.9672131147551998
2017-08-14,109.58757281553103,110.26640776698731,109.38097087378347,109.44,867439.5083999999,0.008079719903052283,-0.16666666666315885
2017-08-15,108.84456504389175,111.23513168395552,108.66748603351664,110.94,1643157.0099000002,0.023590021691982932,0.8160919540238232
2017-08-16,110.9488570663782,110.97837259100346,109.47308083511486,110.27,1089224.0752,0.013567438148452588,-0.4509803921546123
2017-08-17,110.17603558151593,112.71424588422431,109.73332448220634,111.15,1884464.5973999999,0.027055987141717842,0.3267326732682081
2017-08-18,110.97739689340891,111.83333958221445,110.09193893947212,110.21,1207723.4664,0.015691489361711122,-0.44067796609974114
2017-08-21,110.08970666666373,110.82757333333038,109.44038399999708,110.68,911886.375,0.012600536193038461,0.42553191489544345
2017-08-22,110.6778523489903,111.12056375838625,109.49728859060107,109.94,750139.01,0.014666666666675479,-0.4545454545433496
2017-08-23,110.29757502679232,110.29757502679232,109.58921489817499,110.15,478229.30280000006,0.006422263848015293,-0.20833333332885137
2017-08-24,110.6588068181788,110.80814393939093,110.00172348484548,110.39,584408.5632,0.007287449392721642,-0.3333333333291841
2017-08-25,111.8469102632963,111.8469102632963,110.65228371842797,111.16,900754.1482,0.010680907877178491,-0.5749999999970152
2017-08-28,111.82378378378088,115.67668659043359,111.79391632016343,114.93,3939453.8767999997,0.034722222222230745,0.8000000000005661
2017-08-29,115.54902184959055,118.32649898373681,114.921849593493,117.55,3103790.6592,0.029464978030507266,0.5877192982463217
2017-08-30,117.96842650103214,118.50600414078369,115.19094202898253,115.4,2638167.6384,0.028101265822793032,-0.7747747747736382
2017-08-31,116.03266325223775,117.01826888604054,114.09131882202014,116.63,1560738.2945,0.02522522522523355,0.2040816326540082
2017-09-01,116.48027175332854,117.01787300757466,114.00133263652694,114.3,2168446.3206,0.025897435897444143,-0.7227722772264941
2017-09-04,114.20852871754224,114.89545239968226,112.86454760031172,113.88,1120824.8679000002,0.017782426778251377,-0.16176470588080005
2017-09-05,113.88173032555464,116.77880030761045,113.88173032555464,116.51,1938743.9463999998,0.025439286650939603,0.9072164948460755
2017-09-06,115.79740401728667,117.55960335621363,115.79740401728667,117.47,1487577.0167999999,0.015217952024769736,0.9491525423740426
2017-09-07,117.61866633978627,122.18841137533407,117.11091689139207,121.83,3849222.9957,0.04316912138141991,0.8294117647063106
2017-09-08,122.41882519461848,127.88421797593469,121.8812455767841,126.6,4284439.9605,0.049036350329356326,0.6965174129357061
2017-09-11,126.60438864628513,127.2614531780658,122.6620014556011,123.11,2556387.3186,0.03632932295353436,-0.7597402597394444
2017-09-12,123.73866924751697,125.08268086135678,121.31944834260534,123.44,1847555.1515999998,0.03041274438813251,-0.07936507936426472
2017-09-13,123.05497305242227,123.35365017148152,119.76952474277022,121.92,2947045.2102,0.0291262135922407,-0.3166666666657474
2017-09-14,122.09761179360879,123.82991646191341,120.54451105650809,121.56,948860.2640000001,0.026908023483373948,-0.16363636363540326
2017-09-15,121.28576267056232,123.94383528264804,120.77804093566955,122.57,1298212.1639999999,0.02610194533366975,0.40566037735931115
2017-09-18,122.4555249310919,123.35154096717305,118.99092959157808,119.2,2332188.7419999996,0.03560975609756878,-0.7465753424648994
2017-09-19,118.87257900101632,119.76860346584812,116.54291539245371,117.2,2215634.0184000004,0.02713567839196795,-0.5185185185174257
2017-09-20,117.07883211678526,117.07883211678526,114.09212721584687,114.57,3712473.5116,0.025510204081640914,-0.8399999999987217
2017-09-21,115.28044338875388,115.4297703879621,112.92107680126384,113.16,3487843.0809,0.02176165803109645,-0.8452380952365719
2017-09-22,113.28240881658058,114.0887955917052,112.92401469430298,113.82,1964174.9182,0.010282098602697886,0.4615384615406386
2017-09-25,113.70504031209066,114.95946944082925,111.4948556566941,114.84,2884378.6575,0.03047018649856385,0.32758620689732326
2017-09-26,114.39172521467304,115.19814207649972,113.0476971116286,114.78,1316858.1363000001,0.018798955613585508,0.18055555555686797
2017-09-27,113.939999999997,114.95545478374534,113.79066841415167,113.94,1157367.6135,0.010222804718226182,2.57428351084762e-12
2017-09-28,114.3903991651418,114.95787111922478,113.583991651445,114.48,1136649.319,0.01201044386423842,0.0652173913064842
2017-09-29,114.38570300157677,115.58033175355149,112.62362559241411,113.43,1799613.9359999998,0.02584856396867704,-0.3232323232312017
2017-10-09,114.69211618256962,116.42444502074385,114.27396784232066,115.17,3394161.8672,0.01875000000000862,0.2222222222235169
2017-10-10,115.31955579058392,116.63373876255639,111.0484611316734,112.96,4127692.1972000003,0.04843304843305671,-0.4224598930475149
2017-10-11,113.04049961169783,116.77367331089523,112.95090344291708,115.37,3007865.4598000003,0.03381770145311287,0.6093750000006234
2017-10-12,115.58709677419066,120.87363840959937,115.37802450612365,119.44,4019592.4506,0.047545219638250986,0.7010869565221572
2017-10-13,119.50039710289411,121.85994005993702,118.90304445554149,119.59,2060893.2344,0.02474381404649651,0.030303030304033394
2017-10-16,119.70947052946754,120.96391108890808,117.97714785214491,119.59,2048787.1404000001,0.02495009980040739,-0.03999999999898477
2017-10-17,119.22531210512714,119.46424058629974,118.15013393985045,118.18,1036101.6714,0.011022044088184585,-0.7954545454516736
2017-10-18,118.09149504950203,121.25732673267026,118.09149504950203,120.66,2783903.8039999995,0.02680829539707448,0.8113207547176673
2017-10-19,120.90305084745465,121.79907148120556,119.94729550478702,121.59,1974422.3799,0.015316205533605085,0.3709677419368993
2017-10-20,124.24954667973232,126.90777015437082,121.53158784611315,121.89,3147621.0227,0.04326923076923863,-0.4388888888882508
2017-10-23,122.4568857785523,125.74231442139153,119.1714571357131,119.5,3057282.1295,0.05365853658537369,-0.4499999999994768
2017-10-24,120.33200296735608,121.9746587537062,118.86854599406233,120.78,1889120.6304000001,0.025812856788293228,0.14423076923168343
2017-10-25,120.8104001976255,122.12453063240807,120.00400197628164,120.9,1350531.8111999999,0.01755253399259152,0.042253521128140695
2017-10-26,122.36714749999693,122.36714749999693,119.290794999997,119.47,1926699.2000000002,0.02514034659507757,-0.941747572814253
2017-10-27,120.03601403860314,120.60348959638705,118.24398596139086,119.14,2775785.1411,0.01965663100274523,-0.3797468354416031
2017-10-30,120.92625839314378,129.3782542255122,120.92625839314378,128.99,6420529.0863,0.06989380093851104,0.9540636042405214
2017-10-31,128.997423999997,130.93880685713984,125.92107885713995,130.67,4727841.5625,0.03889789303080168,0.33333333333386733
2017-11-01,129.10897901438034,129.9153501532627,126.3613440226332,126.66,4639546.2786,0.027527180198943492,-0.6890756302510619
2017-11-02,126.42414399624468,127.73826219511896,124.03483818010966,127.35,2727896.9848,0.0292936451689187,0.25000000000073924
2017-11-03,126.63716814158997,128.3396017699085,125.44247787610327,128.25,2738618.732,0.022877358490573766,0.5567010309286748
2017-11-06,128.57703586735553,134.90882021204297,127.50182720505012,132.4,6134630.5449,0.057607433217196725,0.5161290322584001
2017-11-07,132.43360092807117,134.28540139210824,127.8937030162383,128.73,5546795.876,0.04826341903473892,-0.5794392523358908
2017-11-08,129.83053554723736,130.69666978484258,125.85826473339274,127.71,5082125.2032,0.037267080745349034,-0.438271604937562
2017-11-09,127.22779064381365,129.07946271421656,126.0032978230633,128.96,2589026.1656,0.024178403755876324,0.5631067961172884
2017-11-10,128.66468990493144,133.41345631507167,127.26096650067615,131.95,4106689.1644,0.047818012999078965,0.5339805825246698
2017-11-13,132.2801446613058,133.0566819747386,129.59213088403834,130.07,3724111.6185,0.026191013772868085,-0.6379310344817121
2017-11-14,129.92189321519865,129.95176031708718,126.69624621123509,128.1,3171477.4605,0.025057471264375183,-0.5596330275218516
2017-11-15,127.4737968892926,131.26694876486434,127.4737968892926,130.58,3744255.124,0.02975632614808637,0.8188976377958498
2017-11-16,130.63679999999698,131.17439999999698,128.3370666666637,129.92,2304315.4949999996,0.0217192501143194,-0.25263157894622484
2017-11-17,130.30891231964196,134.90840177580168,130.0102441731381,134.55,6573707.262499999,0.03758881503553332,0.8658536585370193
2017-11-20,134.39960629920967,136.69933289588505,131.62201443569268,136.55,5310236.267999999,0.037777777777785,0.423529411765211
2017-11-21,137.09111209374007,141.5114791067844,134.7017245191215,135.09,6897912.4158,0.04967320261438594,-0.29385964912232604
2017-11-22,135.56638325702778,137.9258774798313,132.46021364726113,137.0,5763384.3135,0.040317250495710964,0.26229508196771223
2017-11-23,135.6267521759016,135.6267521759016,127.92102611085369,130.4,5305741.3328,0.05681567936578535,-0.6782945736429339
2017-11-24,128.57836538461243,131.05734432234132,127.86155219779928,130.46,4401690.8208,0.024854819976778682,0.5887850467297322
2017-11-27,129.05319203746768,129.9193208430883,124.8420140515193,127.53,5148082.800000001,0.03934274473502264,-0.29999999999934696
2017-11-28,127.83383615687794,130.0440473427679,126.0417730331834,128.7,2513152.2897,0.03130841121496083,0.21641791044846176
2017-11-29,128.06976015197986,128.7268344811178,123.79877701258314,125.77,4394319.5685,0.03847947761194771,-0.4666666666659685
2017-11-30,125.4965134099587,125.97436781608894,123.07737547892427,124.72,2385713.7216,0.02308424559734234,-0.2680412371122844
2017-12-01,124.84346172134747,126.6354731336156,124.18639087018248,125.62,1890548.2104,0.019617224880390586,0.31707317073280683
2017-12-04,126.27853924590642,127.17455537111387,124.93451505809519,125.95,1777069.5237,0.017738883632931156,-0.14666666666526462
2017-12-05,125.8573572743986,129.79973296500623,125.827490791894,129.74,3256907.484,0.03156146179402753,0.9774436090230627
2017-12-06,128.60545627829094,129.0235882773379,124.2449368596587,125.35,4028989.4732999997,0.0371574547143597,-0.6812499999992286
2017-12-07,124.7825351441476,125.8875982844859,123.76707171789077,125.35,2823471.3131999997,0.016993776926767058,0.26760563380410135
2017-12-08,124.42440104786556,126.48519885686767,123.82706834960409,125.41,2500637.6083,0.021363418146911436,0.37078651685492137
2017-12-11,125.43624161073535,130.03557046979566,124.68959731543336,129.05,2481840.2391,0.0426190476190553,0.6759776536317187
2017-12-12,128.15436573311064,128.9906095551864,126.5714756413244,126.9,2414020.9114,0.01887671871359411,-0.5185185185170623
2017-12-13,127.73636280972657,132.03704932939002,127.2286428733774,131.38,3481849.8506000005,0.03764320785598134,0.757763975155744
2017-12-14,131.23399862036945,131.32359852839429,129.44200045987284,129.89,2200429.1729,0.01433773327265192,-0.7142857142837421
2017-12-15,129.89186110474145,130.93720834288033,129.38412101764544,130.31,1888646.7140000002,0.011956771671656184,0.26923076923253075
2017-12-18,130.4836237488596,132.8728867151926,130.21483166514716,131.29,1854464.9088,0.020370794232097332,0.3033707865178719
2017-12-19,129.9515660207271,132.8188035150939,129.9515660207271,132.55,2106365.779,0.022063893357856367,0.9062500000007324
2017-12-20,133.20241179097516,134.30745422063123,131.79870924519582,133.74,2039352.4001999998,0.01883408071749615,0.21428571428681437
2017-12-21,133.20888005301228,136.52416832338994,133.20888005301228,135.21,2894380.9092,0.024887892376688966,0.6036036036043301
2017-12-22,135.89305900971883,135.89305900971883,131.35333484060294,132.1,2380601.0206,0.03340659340660055,-0.8355263157886301
2017-12-25,130.99612364620643,133.44520758122442,130.99612364620643,132.37,1537581.7936000002,0.018695850433204028,0.5609756097570909
2017-12-26,132.60786841520041,135.59453211824547,132.3390686819264,134.37,2539281.9397,0.024549549549556654,0.5412844036704881
2017-12-27,134.36836582048653,134.45796464188274,130.664947869444,131.77,2348186.4063999997,0.028228495221167608,-0.6850393700777673
2017-12-28,132.00852801088382,132.21759129053908,130.15682467679449,131.68,1542664.1282000002,0.015610859728514427,-0.15942028985353757
2017-12-29,131.41346367473602,134.75853365918385,131.2939968895772,134.43,2403965.1958,0.0263636363636437,0.8706896551730305
2018-01-02,134.40202702702402,135.38764189188885,131.8035878378349,132.61,2651475.648,0.02666666666667374,-0.4999999999990318
2018-01-03,132.72477639046238,134.18821339386756,130.60428603858955,131.56,4051439.2824999993,0.027002700270034298,-0.3249999999990796
2018-01-04,131.35160544217388,132.69558503401058,130.15695691609682,131.71,2600389.134,0.01932696680309967,0.14117647058936603
2018-01-05,132.3677281993175,133.05465458663346,131.44187089467425,131.86,2345102.7465,0.012184115523473283,-0.31481481481275453
2018-01-08,131.8651638391789,132.4625145247471,127.62397397164472,128.52,4366623.2974000005,0.03669309173273665,-0.6913580246905962
2018-01-09,128.57941042047236,130.87920475319626,128.5196755027393,130.7,3593446.0464,0.01835075493612834,0.898734177216085
2018-01-10,131.5368219178052,131.95496803652665,129.92397260273674,130.82,2110549.428,0.015440508628527042,-0.3529411764689451
2018-01-11,130.81519337016275,131.97998618784226,128.90373848986812,129.74,1807066.2071999998,0.023515981735167227,-0.3495145631057131
2018-01-12,129.97563950841763,131.49879153390688,129.0199362767381,131.23,1832317.7729999998,0.01907169117647797,0.5060240963865377
2018-01-15,132.5469704271603,138.699443592549,131.4120481927682,136.34,5507251.607,0.05497972059486975,0.5204918032790274
2018-01-16,137.38946910356535,139.15163838119804,135.92597258485344,137.27,5252192.061600001,0.02347826086957249,-0.03703703703610104
2018-01-17,138.63602027324507,139.7709122961626,134.72362935213454,135.53,3394872.8082000003,0.03640672124085123,-0.6153846153839034
2018-01-18,135.77386666666365,137.53599999999693,133.50399999999703,134.4,4234334.85,0.029696436427635736,-0.34074074073991545
2018-01-19,134.3648890383292,135.29071956960018,132.7820174848659,133.23,2097159.8178000003,0.018670815736837616,-0.45238095237959164
2018-01-22,133.2340080160291,134.87665998663692,132.1886840347332,134.13,2655752.4009,0.02017484868864201,0.3333333333343231
2018-01-23,135.4423755848546,141.77397065078387,134.7554572522302,140.43,7034430.8615999995,0.05181918412349108,0.7106382978726684
2018-01-24,139.86347844552685,140.9983945635986,138.42990019112042,140.64,3396419.9326000004,0.018364296391209182,0.3023255813963953
2018-01-25,139.3601328476507,140.88335761731,138.016110992069,139.39,2555267.9061000003,0.020574367766830883,0.010416666667717171
2018-01-26,139.35295648463864,141.8019368600652,139.0841659556284,140.01,2927617.5584,0.019502786112308816,0.24175824175925786
2018-01-29,140.76063704027715,140.76063704027715,135.68333844132803,136.43,2861270.4935999997,0.03607044345428234,-0.8529411764698319
2018-01-30,135.73913938868122,138.57637112507828,135.67940819423075,137.77,2724672.1404000004,0.02134213421342851,0.7010309278358409
2018-01-31,136.96383877159016,140.06986564299123,136.39639155469956,140.04,1780086.0077999998,0.026820758831232586,0.8373983739843245
2018-02-01,140.01073825503062,142.5493288590574,138.63691275167494,142.4,3499627.6064,0.02794368600683279,0.610687022901375
2018-02-02,142.46439114390853,146.2873349733467,139.77638376383476,145.69,3594723.5646000006,0.04570230607967114,0.4954128440370793
2018-02-05,144.25401234567605,146.94197530863897,142.10364197530572,145.15,3457275.2100000004,0.033540372670814285,0.18518518518576435
2018-02-06,141.0601354448814,143.35986663888013,137.8345384455066,143.33,5767919.059800001,0.03917001905569191,0.41081081081127785
2018-02-07,143.32624397400664,143.65476839236757,138.1295849926611,142.49,3903416.0737,0.03854969785372637,-0.15135135135078245
2018-02-08,140.97422299499803,143.06494240382213,133.80604216474387,137.42,3940944.2208,0.06567796610170153,-0.38387096774157364
2018-02-09,133.35426277702092,133.38412935323078,124.42415649027305,132.07,5821936.2168,0.06718924972005175,-0.14333333333298104
2018-02-12,129.3217361270981,131.352654846877,128.48547547777738,129.71,2635182.1322,0.022170900692847963,0.13541666666766988
2018-02-13,132.01430203335315,134.91144848069143,130.0430477495972,130.73,2933859.7677,0.0368778280543058,-0.263803680980927
2018-02-14,129.6554267457752,131.41761752624072,129.08794157918462,130.88,1743509.2836000002,0.017968210089848762,0.525641025642086
2018-02-22,132.31098005575524,139.68813853741926,131.74350632639647,139.27,2684227.972,0.060045146726869544,0.8759398496243279
2018-02-23,139.68120998719291,141.05502560819158,137.8594110115207,139.95,2181144.1542,0.02287791319222432,0.08411214953361683
2018-02-26,144.85580599717963,148.97747635338803,144.25846246729432,148.41,5898784.8699,0.03257731958763568,0.7531645569624921
2018-02-27,149.15654589371678,151.09791062801628,146.05036231883764,148.38,4953204.302399999,0.03384060873048302,-0.15384615384552824
2018-02-28,147.24428074483023,147.841620626148,144.1978473501096,145.96,3088575.2034,0.024746450304266213,-0.35245901639252925
2018-03-01,144.85110480437575,148.67397932292423,144.2836468680287,147.33,2681049.9823999996,0.030309278350522172,0.5646258503406872
2018-03-02,146.22849652432677,150.82800397219162,145.30262164845786,150.38,3690376.061,0.03778594771242497,0.7513513513517562
2018-03-05,149.33293508562028,150.34839904420252,144.8529470330517,149.99,3138916.2282,0.03680000000000649,0.11956521739182872
2018-03-06,149.32872253864628,149.86630593978538,146.04349064279603,146.82,2257596.3104,0.025600000000006545,-0.6562499999990495
2018-03-07,147.26879317350372,148.97114993904614,146.43254774481622,147.0,2155558.8914,0.01723788278240367,-0.10588235293996329
2018-03-08,147.8418614020921,148.43920225624197,145.03435938758773,148.26,1652310.0904,0.023030303030309642,0.12280701754470211
2018-03-09,149.33110367892684,151.95933110367596,147.5689966555155,151.81,2627690.3978,0.029400000000006664,0.564625850340683
2018-03-12,152.31782790975936,155.24471950488805,149.03254142543122,149.6,3206602.5138000003,0.040784313725496374,-0.4374999999994466
2018-03-13,149.69556786703302,153.51859912939938,148.88914721012762,150.95,2132520.6434,0.030925778132488434,0.2709677419360751
2018-03-14,149.9352327447803,151.7272873194191,148.23278089887344,148.86,1875103.9048000001,0.02330677290837295,-0.307692307691365
2018-03-15,147.77696799999703,149.777989999997,147.56790599999704,149.33,1088780.5,0.014955537590952576,0.7027027027037465
2018-03-16,150.19729225779994,150.46608836643392,146.64321037697312,147.36,1956324.0924000002,0.02545237621794247,-0.7421874999990179
2018-03-19,146.40496609493127,150.1979956122826,145.74790586357904,149.75,2166601.0442,0.03039575683395209,0.7516778523494912
2018-03-20,148.88187637527207,150.22584516903078,148.1352270454061,149.3,1576017.2335,0.014042126379143916,0.20000000000134266
2018-03-21,150.3154430886147,151.8684736947359,148.1352270454061,149.3,1793646.6989000002,0.024836081859732358,-0.27199999999911895
2018-03-22,149.3604430005877,153.7507619610129,148.58392400078463,151.69,2911831.8399,0.03459308138372955,0.4508670520236176
2018-03-23,145.98544308782698,151.74959826703127,145.98544308782698,151.66,4957038.4854,0.03948445171850083,0.98445595854957
2018-03-26,148.73308015190585,153.63111732959914,144.43236458124835,149.42,3852308.9994,0.06184738955823912,0.07467532467564322
2018-03-27,150.22688564476582,150.22688564476582,146.34428223843986,147.3,1869208.2719999999,0.025844930417501518,-0.7538461538451887
2018-03-28,146.34335025380415,149.30008324872796,145.0889786802001,147.09,2023492.395,0.028775510204088344,0.17730496453967184
2018-03-29,147.08850996851737,148.04421196222145,141.26470094438318,142.31,3285342.657,0.0460913705583822,-0.704845814977427
2018-03-30,142.5846396396367,146.885475020472,142.3457043407014,145.87,1559975.9736000001,0.03183912861332914,0.7236842105268176
2018-04-02,148.5839756592262,149.39036105476373,146.70240973630536,147.24,1790240.7599999998,0.018090452261313214,-0.4999999999987037
2018-04-03,146.3465305271901,148.73586163783813,143.21053344446463,143.33,2372527.7004,0.03775510204082285,-0.5459459459453043
2018-04-04,144.46318010864718,145.2695695779326,142.64133723359498,142.94,2619984.1862,0.018193094893536002,-0.5795454545440816
2018-04-09,141.209599999997,143.27039999999695,141.030399999997,141.12,2804381.5275,0.015862944162443517,-0.03999999999864632
2018-04-10,142.1087562189025,144.31893864012966,140.0180431177417,144.08,2397171.9888000004,0.030264817150069716,0.458333333333933
2018-04-11,144.1378711018681,144.5560083160053,142.7639916839887,143.66,2581679.477,0.012432656444267031,-0.26666666666484407
2018-04-12,143.30106533499492,145.3021431543873,143.06213066999285,143.54,2321414.7858,0.015631513130477767,0.10666666666795908
2018-04-13,143.6293423556747,144.85388031295952,140.40373017550982,141.24,1372675.4804,0.030983572468295462,-0.5369127516770598
2018-04-16,140.37483645878456,141.21111208024115,135.92465547317627,136.97,3747061.4658,0.03765957446809205,-0.644067796609482
2018-04-17,136.49476992143354,139.3919236812539,132.97039730639432,133.06,3622056.6689999993,0.04704595185996334,-0.5348837209296855
2018-04-18,133.95361730898955,136.79098489970391,130.87731350010975,132.52,3757368.7367999996,0.04414715719064242,-0.24242424242369665
2018-04-19,133.5051896207555,135.2374717232172,131.41450432468102,134.67,2998153.1376,0.02863534675615943,0.3046875000007071
2018-04-20,133.8280598986978,138.42737282536584,133.8280598986978,135.62,2250451.485,0.03436732872127479,0.3896103896109503
2018-04-23,135.26973492378758,137.95780649436406,134.43344599071935,135.21,1804993.6698,0.026054316626193966,-0.016949152541512566
2018-04-24,137.08495785605928,140.8182083423354,135.8903177004509,138.19,2125189.8913000003,0.03594771241830772,0.22424242424298504
2018-04-25,137.29328151618105,140.42919505962223,136.78556218057628,140.25,1461902.368,0.026539047204706057,0.8114754098366574
2018-04-26,140.6686595744651,140.99718510638,137.92099148935878,140.37,1818347.2799999998,0.021868365180473994,-0.09708737863977421
2018-04-27,141.30287407109577,148.8892046595672,141.27300662783406,148.71,4428020.3747,0.05389980976538415,0.9725490196081065
2018-05-02,148.70456761005997,153.03518867924228,145.7477987421355,151.96,3672992.0928,0.04900582446274996,0.44672131147575944
2018-05-03,149.18399999999707,152.88746666666364,148.82559999999705,152.32,2511433.8000000003,0.027227227227233763,0.7720588235299561
2018-05-04,151.5755813953459,154.20388704318637,151.5755813953459,152.83,2603489.1757,0.017339901477838975,0.47727272727368064
2018-05-07,153.3033443195007,154.28892981775581,152.28789259402575,154.05,2576629.3832,0.013052795636086552,0.37313432835953314
2018-05-08,152.35183236993925,156.26441618496807,152.32196531791612,155.01,2826351.516,0.02587727896491523,0.6742424242430127
2018-05-09,155.3032647669342,159.2455784110179,154.7059445178306,158.26,3336906.9461000003,0.029230769230775437,0.6513157894742025
2018-05-10,156.83317578621782,164.74800945282377,156.83317578621782,164.3,4247166.9717999995,0.050466577794711934,0.9433962264153538
2018-05-11,164.26792165810676,164.26792165810676,156.0545255752014,157.07,3702399.108,0.050000000000005845,-0.8763636363631628
2018-05-14,157.57187901701025,160.6779206049119,157.06416068052633,157.99,2755104.473,0.022934040940112324,0.11570247933964203
2018-05-15,159.16239012530093,162.17897886665114,157.8482326538216,159.7,1648873.6392,0.027209607806348648,0.12413793103514197
2018-05-16,158.73949127366956,162.47278128480949,158.59015967322395,160.86,2044064.0198,0.024459078080909337,0.5461538461544709
2018-05-17,161.30780324737034,162.11419293218407,154.70735434574678,156.35,2997255.7995,0.04591742269950595,-0.6693548387091826
2018-05-18,156.17267086497208,161.697999629558,156.17267086497208,161.25,3361160.4076,0.035379613692872916,0.9189189189192973
2018-05-21,161.27850959728715,162.17450131727207,157.99320662400908,158.71,2297024.8574,0.025925925925931955,-0.6142857142848545
2018-05-22,159.9020887629809,160.20074787535106,157.7816090651528,158.14,1365009.1695,0.015128875607029,-0.7283950617268494
2018-05-23,159.66692835365552,159.8162614329238,155.93360137194827,156.74,2977395.5968,0.0243172465394748,-0.7538461538451973
2018-05-24,157.27773290150205,157.69586587921208,155.4260011430719,156.77,2164530.6549,0.014432206608437833,-0.22368421052489343
2018-05-25,157.87493140243603,158.0242644817043,153.51440548780195,156.74,3096454.3488,0.028566023458197615,-0.25165562913835643
2018-05-28,155.33241425560155,157.90087947882432,154.40657214025381,155.87,2389759.224,0.02249567390886976,0.15384615384696637
2018-05-29,155.99178982547056,162.17411808391827,155.63339398440112,160.86,3959392.4062,0.041929925330276126,0.7442922374432656
2018-05-30,158.35158236304338,160.74089330024506,154.70788318381074,156.47,3273785.6125,0.03809883062995708,-0.31188118811826776
2018-05-31,156.49964729905034,161.42759420827616,156.46978095414596,160.89,2873266.3448,0.03167938931298316,0.8855421686751302
2018-06-01,160.5957874762778,163.22409867172365,153.5770018975303,157.4,4117816.7380000004,0.06007067137809768,-0.3312693498448574
2018-06-04,157.84815353829075,164.20986720028807,157.3404111333426,164.18,3206473.7597999997,0.04351939451277801,0.9217391304350848
2018-06-05,165.40388565185424,165.46361981063063,161.22249453750615,164.03,3927586.2255999995,0.025641025641031618,-0.3239436619710499
2018-06-06,163.52140605848078,172.24254771493307,162.92406758886074,170.57,4303014.6288,0.05698630136986879,0.7564102564104934
2018-06-07,171.01546029514805,171.07519325368636,166.8938861560055,170.0,2571231.2224000003,0.024449877750616897,-0.24285714285636173
2018-06-08,168.7504800139611,174.36554023389468,168.24273520683946,171.11,3522538.0960999997,0.036283185840713654,0.38536585365896425
2018-06-11,170.38415965634204,172.59422588150758,166.0536244854096,166.86,3169033.5571999997,0.03838737949167963,-0.5388127853875864
2018-06-12,167.16486518368438,177.9169379844931,166.9259302325553,177.23,5673450.521400001,0.06574950866536214,0.9157608695654058
2018-06-13,176.81027180256504,179.199599799897,175.28707520426588,179.11,4215802.2444,0.022128378378384064,0.5877862595425873
2018-06-14,178.9946917520548,178.9946917520548,175.6196875524916,177.8,3731718.4155,0.01885533121976189,-0.35398230088396565
2018-06-15,176.7493319803792,178.95944529003586,172.71736851005963,176.6,3883426.6104,0.03531598513011706,-0.023923444975591384
2018-06-19,171.73057128152047,175.22491507977054,165.3989397838366,174.09,10457377.554,0.05721739130435326,0.24012158054739285
2018-06-20,168.74813697657615,172.9295067423674,164.2680979417998,168.33,7201959.2184,0.05132743362832414,-0.048275862068614714
2018-06-21,168.8963966333479,172.9284061020485,167.55239347711438,170.33,3850848.096,0.031830238726796085,0.26666666666717603
2018-06-22,169.34840933191643,170.69244432661418,167.25768822905326,168.99,3174206.4617999997,0.020282186948859436,-0.1043478260860583
2018-06-25,169.91146666666376,177.7066666666636,169.2245333333304,174.72,4418325.99,0.04992089998242785,0.5669014084509897
2018-06-26,173.2299522039268,173.2299522039268,166.56955921401723,168.72,4294092.4341,0.038448275862074416,-0.6771300448424985
2018-06-27,167.25076839630864,169.1622057494093,162.83056951726337,165.19,2573424.4099000003,0.037857142857148425,-0.3254716981126817
2018-06-28,162.02745849297276,168.32935595693905,161.3405218025878,163.7,3240268.542,0.04313364055300121,0.23931623931663462
2018-06-29,164.5352018745464,168.0893294881008,164.26640230713474,165.7,2394069.0763999997,0.023234706843353204,0.30468750000070344
2018-07-02,164.2941467823542,169.67006869124782,163.27869486622987,165.22,2217391.56,0.03890201781494853,0.14485981308456003
2018-07-03,163.1299510542138,165.2504612198764,154.4089796686718,158.65,5814718.6496,0.0664591724643044,-0.4132231404955539
2018-07-04,160.98577738515615,170.84204946996164,159.8806802120113,169.05,5721132.528,0.06808905380334532,0.7356948228884908
2018-07-05,170.53375740675895,173.01261937957173,166.97972638549723,171.37,4506156.4054000005,0.03537653239930523,0.13861386138661347
2018-07-06,171.37000536768346,171.8777241009094,163.75422436929387,166.92,2646121.5513,0.04740327640293347,-0.5477941176466247
2018-07-09,169.64319775595774,170.77813464235325,167.49279102383997,170.36,2396807.6807999997,0.01936619718310446,0.2181818181826677
2018-07-10,170.39160850780706,179.79973413093754,170.39160850780706,179.74,4773312.7068,0.055214723926386045,0.9936507936510051
2018-07-11,178.6916013344424,179.79666388656915,173.52468723936326,179.05,4030907.9085000004,0.035099448437244184,0.05714285714332527
2018-07-12,177.55799333888132,181.9484096586148,175.94518734387717,179.35,4225747.323999999,0.0338099243061451,0.2985074626870117
2018-07-13,178.51603596306208,187.56578648954823,178.51603596306208,184.37,4366682.6666,0.05069432825832881,0.6468646864689056
2018-07-16,185.1770350231859,192.04650567727182,185.1770350231859,186.76,4752570.7645,0.03709677419355352,0.23043478260909595
2018-07-17,187.26440269749216,187.26440269749216,182.66492614000987,186.01,3021738.408,0.024561403508777283,-0.27272727272656067
2018-07-18,186.00642447418443,190.5460803059243,184.423518164433,187.44,3061334.2668,0.03291586384072454,0.23414634146386193
2018-07-19,188.15615811825893,188.72361319829812,180.00272459980107,182.84,3757180.3715999997,0.04634920634921128,-0.6095890410954791
2018-07-20,182.84808992398214,187.23859453339497,182.84808992398214,184.67,3563713.6407,0.02401176086246856,0.41496598639514565
2018-07-23,185.1777454310175,193.480876597118,182.84808992398214,184.67,5365698.2901,0.057419354838714826,-0.047752808988476766
2018-07-24,186.06825138391096,189.05490068381323,181.67787691305466,183.44,7251616.1768,0.0396468699839537,-0.356275303643267
2018-07-25,184.03433721486385,187.7974541394132,182.18264475992692,187.23,5362075.054199999,0.030509574813377568,0.569148936170644
2018-07-26,187.2668107588827,190.70152897854322,185.23584694203996,186.55,5537045.271600001,0.029186602870818538,-0.1311475409830386
2018-07-27,185.50455105348158,186.19149432738757,180.09860615883014,184.28,4669466.489,0.03284495250362782,-0.2009803921563363
2018-07-30,184.21283443708305,185.07894536423532,179.49402317880498,180.39,4423468.896000001,0.03031776913100382,-0.6844919786089747
2018-07-31,181.3241596150625,183.26553177368203,179.11398208063414,180.01,6084271.5675,0.022895733816510094,-0.31654676258913034
2018-08-01,182.60731074728187,187.1471065002401,181.9203679688737,184.25,6308048.6431,0.02862283284266142,0.31428571428622265
2018-08-02,182.27403833762594,186.03719233247122,181.58711340205892,185.41,3351488.128,0.024414222513523313,0.7046979865776907
2018-08-03,185.4675603217127,187.1400536192998,177.70241286862972,178.24,4321726.603200001,0.05088566827697775,-0.765822784809728
2018-08-06,173.52815286623888,174.87217470427342,161.0436833484957,164.12,8724789.0065,0.07969018932874877,-0.6803455723539471
2018-08-07,160.79905731119158,167.6085270487383,160.08227102302877,167.28,5868831.4185,0.046805349182769476,0.861111111111395
2018-08-08,166.5940708579339,175.22542375824636,164.26450156303986,171.97,4762094.5926,0.06579419146648122,0.49046321525908104
2018-08-09,170.26607971138685,176.08995018037834,170.26607971138685,173.85,3590385.2327,0.03420452552184398,0.6153846153850244
2018-08-10,173.85782653060932,176.0381428571399,172.60339795918077,175.62,1772238.4679999999,0.019756055660545037,0.5130434782615837
2018-08-13,173.46855719740702,180.576945043995,173.43869002158104,179.89,2733274.7426,0.04115013774105243,0.8995815899584516
2018-08-14,179.7720265151484,181.08619318181508,171.76755681817886,173.47,3525731.88,0.05183585313175481,-0.6762820512816564
2018-08-15,172.03570566947832,176.75474065138414,170.33326899879077,173.32,2346214.9921,0.037326388888894446,0.20000000000043625
2018-08-16,172.54422587486442,174.00773064686862,168.9601325556704,168.99,3991045.1322,0.02925393803012504,-0.7041420118335927
2018-08-17,169.93691547555724,173.52082230456725,167.458046585492,169.25,2949704.6685,0.0356766256590566,-0.11330049261032299
2018-08-20,167.34074372595404,168.80419124381444,158.5899248946664,163.04,5429497.3804,0.0610387292521921,-0.4210526315786107
2018-08-21,162.7739538855651,175.31800170793895,162.17661827497588,174.87,4595940.2145,0.08073394495413418,0.9204545454547025
2018-08-22,174.9577298407777,175.49532614278075,171.76201848998164,174.45,2018256.5006999997,0.021338340730630373,-0.13599999999916537
2018-08-23,174.86953160767433,175.59350413804938,169.3794065856635,171.31,2979528.2388,0.03553562187338834,-0.5728155339800046
2018-08-24,169.74684717840572,174.9354837013639,169.59601472134295,172.13,1600207.1874000002,0.03145548249511857,0.44632768361629993
2018-08-27,170.28313902905572,173.359999999997,164.70255785627,173.36,6775199.792900001,0.05084145261293727,0.3554006968644162
2018-08-28,171.34615797957778,171.58749059645044,166.54967221923397,168.42,5950629.942299999,0.02940140845070994,-0.5808383233525771
2018-08-29,166.81981356241695,168.0264668250746,164.67800402119968,165.04,2784159.074,0.020072332730566505,-0.5315315315304641
2018-08-30,163.49954404522774,166.96863031187002,163.49954404522774,165.4,2066422.074,0.021217712177127715,0.5478260869572346
2018-08-31,165.18801020407864,166.5454719387725,162.86524234693582,165.55,2438497.8575999998,0.022279035792555288,0.09836065573849681
2018-09-03,162.4425414364611,164.40331491712405,162.4425414364611,163.8,1860510.2219999998,0.012070566388121151,0.692307692308879
2018-09-04,164.64464088397486,164.64464088397486,161.83922651933403,163.8,2101297.056,0.01703920850128845,-0.30107526881601493
2018-09-05,163.8066790352474,165.79769944341066,162.59999999999698,162.6,2494717.302,0.019521178637206805,-0.3773584905649729
2018-09-06,162.26143502824553,163.19657250470505,159.90850847457327,160.18,1397571.822,0.020263989589149087,-0.6330275229346644
2018-09-07,160.1804974561869,163.43840587902463,159.27552289428755,160.09,1851393.1209000002,0.025988700564977957,-0.021739130434050267
2018-09-10,160.1811616066347,162.38327550442835,159.5175108429161,159.97,1812548.4304,0.017890772128066158,-0.07368421052522878
2018-09-11,159.88446726572235,164.7111681643102,159.88446726572235,164.5,1963162.8856,0.030188679245289177,0.9562500000004255
2018-09-12,164.10499075785276,164.94964879851818,161.6916820702373,163.2,1221487.112,0.01985294117647642,-0.27777777777676343
2018-09-13,163.5028261276406,165.3128205128174,158.6761744338357,161.18,1656842.3937,0.04059040590406477,-0.3499999999994933
2018-09-14,161.24000925069086,163.77399629971947,160.48584643847994,163.05,1723444.2455,0.02039289055192375,0.550458715597071
2018-09-17,162.23514658596253,163.14013996595114,157.9213448080167,159.49,1522360.9854,0.03216809222759974,-0.5260115606929665
2018-09-18,158.55269433961965,160.48332075471396,153.24347169811028,159.88,2817193.27,0.04566210045662726,0.1833333333337233
2018-09-19,158.67330779054626,168.08510855682962,157.10467432949903,165.34,4505438.4543,0.06920152091255348,0.6071428571430775
2018-09-20,165.07384107175324,166.4916902183856,163.05265186272408,164.38,2305270.287,0.02083333333333925,-0.20175438596397208
2018-09-21,164.82744876324796,171.5846501766754,164.82744876324796,170.74,3391449.926,0.04099560761347587,0.875000000000319
2018-09-25,169.02004061451228,173.09244923185284,168.5675507681411,170.83,2019821.0774000003,0.026771372479034865,0.40000000000058245
2018-09-26,170.13255253186063,176.82925938683812,169.8912297623119,175.14,3883462.123,0.04078014184397722,0.7217391304351173
2018-09-27,175.35733745067463,176.68465946131107,174.06018184937085,175.84,3341997.1113,0.014966454498543199,0.18390804597809557
2018-09-28,175.81182916453673,177.68216777267008,173.45882252849796,177.29,2147095.5399,0.02402196293754844,0.3500000000006315
2018-10-08,168.93500897665763,173.067883303408,162.63011310592165,168.03,6204393.479,0.06178571428571983,-0.08670520231183923
2018-10-09,165.90934423183788,167.2366189856926,161.50520527586545,162.38,3595176.5080000004,0.03454545454546043,-0.6157894736835728
2018-10-10,162.90214797135738,164.56133651551008,157.77374701670354,164.32,2681487.289,0.041666666666672444,0.20888888888930382
2018-10-11,158.3733459357248,161.29948204158487,154.30088846880616,159.58,3763638.212,0.04419047619048226,0.17241379310385355
2018-10-12,159.58150521882146,165.6148324482665,157.46984068851572,164.74,3735697.5324,0.051039697542538835,0.6333333333336303
2018-10-15,164.73932469934942,166.3984828862134,162.41650323773987,163.05,2229952.741,0.02417139718000937,-0.4242424242415663
2018-10-16,163.11116666666362,165.82616666666357,159.88333333333034,161.09,1831615.1940000001,0.036434251895696705,-0.34010152284207545
2018-10-17,162.57021260440087,164.44056947607888,158.376993166284,158.92,2588665.6992,0.03729820003711862,-0.6019900497506486
2018-10-18,158.9420378863378,160.93296111664685,146.6948434695883,151.28,4352480.8875,0.0895805655722206,-0.5381355932200885
2018-10-19,148.4203107237562,159.4613338385722,148.4203107237562,159.22,4931292.4024,0.0743902439024452,0.9781420765029176
2018-10-22,159.8531666666638,172.91533333333024,159.8531666666638,168.33,5109860.448,0.08171353085488399,0.6489607390302049
2018-10-23,166.8786350364933,169.77457664233268,161.38841240875618,165.31,3112156.664,0.05025307302965142,-0.18705035971184805
2018-10-24,163.49811175336873,165.27788824662494,156.16784585741513,156.56,3822882.3779999996,0.055719557195577515,-0.7615894039730994
2018-10-25,150.82774931020592,153.4521521482035,148.59549862041487,153.06,4311948.625,0.032200000000006467,0.4596273291930768
2018-10-26,152.94499999999687,154.2421666666635,142.65816666666373,146.61,5657811.282,0.07573964497042034,-0.5468749999996917
2018-10-29,144.80109739368666,145.16310013717086,131.94999999999698,131.95,5854595.0634,0.0912500000000061,-0.9726027397257272
2018-10-30,132.72719665271688,144.82347071129405,132.12389121338637,144.19,6179624.63,0.09568181818182496,0.9026128266034925
2018-10-31,144.22120484358942,150.7972815338012,143.76872250251978,149.47,4379869.186,0.0487345743568359,0.7467811158801485
2018-11-01,151.85281243770876,156.7999441897517,149.3792465616873,151.34,4146509.3606,0.048867699642437534,-0.06910569105649597
2018-11-02,156.1998154981521,163.499999999997,155.6568265682628,163.5,8528030.708,0.050212437234459624,0.9307692307694944
2018-11-05,163.95583333333016,163.95583333333016,156.71583333333032,157.47,5279157.738,0.044158233670658874,-0.8958333333327917
2018-11-06,156.86749760306503,158.67750719079274,156.44516203259525,157.32,2024675.2504999998,0.014230769230775679,0.2027027027039723
2018-11-07,157.1649414062469,157.2856054687469,152.368544921872,154.45,2717440.512,0.031285988483691324,-0.5521472392630745
2018-11-08,156.56740947074897,156.86908077994119,150.47364902506666,151.62,2647673.6804,0.04084778420039147,-0.7735849056597837
2018-11-09,150.82594681707997,153.78213537469472,148.4127316680067,149.74,2581959.5716000004,0.03560000000000621,-0.2022471910106372
2018-11-12,149.56016542263163,150.82711317328724,146.45312689126192,149.53,2365757.4962999998,0.02924566357402826,-0.006896551723443275
2018-11-13,147.81486676016536,151.58565417751652,146.48754958925775,150.56,2833041.3299999996,0.034489795918373874,0.5384615384620216
2018-11-14,152.33829999999696,153.33377799999695,149.29153399999703,150.83,2828142.5,0.026534653465352966,-0.37313432835736904
2018-11-15,151.3763333333303,152.3718333333303,148.78199999999705,152.04,2115030.96,0.023714627341576693,0.18487394958062545
2018-11-16,152.3416666666637,155.8108333333303,150.98416666666373,155.66,3376775.724,0.03168316831683801,0.6875000000004828
2018-11-19,155.59916127767673,156.86615716245038,153.09533607681456,153.94,2661869.2149,0.02423419930206127,-0.4399999999990801
2018-11-20,152.5789568345293,154.14758193444933,150.22601918464926,150.95,1461030.8904,0.02570185844207831,-0.41538461538373583
2018-11-21,149.92436051158774,151.5231514788139,148.50656474819846,150.95,1013283.9792,0.020120724346082974,0.34000000000088243
2018-11-22,149.9854788418678,150.0759769184015,148.56767564283967,148.99,1227547.4563,0.010056315366056452,-0.6599999999975683
2018-11-23,147.809999999997,150.13272857142553,147.59884285713986,147.81,1426720.75,0.01714285714286387,1.1889649097575596e-12
2018-11-26,148.99299939036476,149.38516561674152,147.00200162568282,148.45,1042394.2697,0.01599514071675099,-0.2278481012644541
2018-11-27,148.7521759066247,148.8728428511849,144.4684993747365,144.74,1594748.2045999998,0.029608598661535545,-0.9109589041087063
2018-11-28,144.5244630940314,149.23033164812637,142.8653427704723,149.17,1641099.128,0.044040910039664344,0.7298578199055783
2018-11-29,149.40817055543778,151.48956844930515,144.55157546974718,146.09,1763650.1264000002,0.04643650312942285,-0.47826086956471653
2018-11-30,145.70017964071562,152.57795209580533,144.97620359281146,151.13,2985451.986,0.05217391304348486,0.7142857142860204
2018-12-03,155.3539797112728,157.6164163090098,152.85021654311055,154.63,4023111.8817999996,0.030679611650491684,-0.15189873417655048
2018-12-04,153.85195852534267,157.3211693548357,152.94694700460536,157.11,1886796.4248,0.028431372549025894,0.7448275862074201
2018-12-05,155.32733591480823,156.86582768634742,154.75417231364656,155.81,1143604.8595,0.013594872790839664,0.22857142857274357
2018-12-06,155.3867999999969,156.26162376237312,151.13334653465046,152.34,1560080.34,0.03300330033003918,-0.5941176470581144
2018-12-07,152.33947526536846,153.84778690165925,148.1463689164801,150.62,1687233.5614000002,0.03742574257426382,-0.3015873015867172
2018-12-10,148.65454545454244,152.24421487603,148.65454545454244,149.65,1065148.5284,0.02414772727273392,0.27731092437051574
2018-12-11,150.23033346725288,151.8291703495349,148.35999598231922,150.17,1647502.4526,0.0230923694779182,-0.017391304346945885
2018-12-12,151.46851710261265,151.619352112673,149.5981629778642,149.93,835217.4460000001,0.01334395538737942,-0.7611940298488833
2018-12-13,150.49828957528666,156.9236525096495,150.46812355212066,156.26,2550712.29,0.04289436760874555,0.8925233644863109
2018-12-14,155.7466367362843,156.68178020690695,153.84618387663178,154.54,1823204.4903,0.018206469107114525,-0.42553191489241066
2018-12-17,154.60057988402014,155.56589082183254,148.1752289542062,150.86,2253700.1498999996,0.04780487804878669,-0.506122448979117
2018-12-18,150.1078550207932,152.3703327391532,149.77602495543374,152.31,1941359.6861999999,0.017282958199363298,0.8488372093031759
2018-12-19,152.4614884653931,152.52182146439011,150.13866800400902,150.38,1647436.3195000002,0.015631183221217378,-0.8734177215173456
2018-12-20,149.65270329670028,151.43248751248447,147.5109290709261,150.98,1762155.8955,0.026204394275354304,0.33846153846222427
2018-12-21,149.62265372167982,151.97559061488366,148.7176779935245,149.14,1671828.9263999998,0.021774193548393706,-0.1481481481471815
2018-12-24,149.1459665871092,152.16267303102322,148.45212410500898,151.68,991346.6256,0.024878640776705534,0.682926829268926
2018-12-25,151.52298501498197,151.52298501498197,149.56220579420278,150.98,786140.355,0.012940473820432596,-0.2769230769213925
2018-12-26,151.9425619834681,154.74793388429447,150.8264462809888,153.3,1153072.767,0.02580901330157461,0.34615384615452977
2018-12-27,154.90699592470102,155.8421696099329,152.6444789443013,155.45,1177563.0447000002,0.020642648490756012,0.16981132075561306
2018-12-28,155.35224586288112,155.35224586288112,149.04765957446514,153.12,3390756.8328,0.04058252427185099,-0.3540669856453993
2019-01-02,152.64366812226768,153.00566891623353,149.98899563318477,151.98,2017818.2486,0.019762845849808742,-0.21999999999892159
2019-01-03,151.98135613681788,151.98135613681788,148.66298591548997,149.93,2111396.651,0.021834061135377676,-0.6181818181807226
2019-01-04,149.0230028101134,151.28549779204832,148.32917101565337,150.29,1521290.5668000001,0.019838056680168407,0.4285714285723095
2019-01-07,150.74316793892825,152.01017075130267,149.5666653274377,150.17,1520878.0622,0.01620972583550787,-0.2345679012332348
2019-01-08,150.1690008025652,151.16449638843994,149.65616974317513,150.35,811462.9824000001,0.010044194455611246,0.1200000000019246
2019-01-09,149.92359439731408,154.81043992897702,149.92359439731408,152.91,1870058.0145,0.03259557344065024,0.6111111111116022
2019-01-10,152.88466666666358,152.88466666666358,150.10933333333028,150.23,1591598.0399999998,0.018153117600637942,-0.9565217391289943
2019-01-11,150.17135641547554,150.2316904276955,145.0429653767791,148.12,3812053.296,0.034552028927286454,-0.39534883720864145
2019-01-14,147.93938178779973,147.93938178779973,143.8969924812,144.44,3061595.628,0.027324632952698234,-0.8656716417900812
2019-01-15,144.13024188546322,146.69430018606272,142.95379160636463,145.91,4192171.3071,0.02595228128924915,0.4758064516135803
2019-01-16,145.94497472619744,146.21647219881748,142.95850252737694,143.23,2772662.4964,0.0223232740802052,-0.8333333333321558
2019-01-17,143.2271815320012,144.94663168939886,142.80486044071057,143.74,2111164.699,0.014953664700933435,0.23943661971961067
2019-01-18,143.95231046208954,151.91614322864268,142.655171034204,150.8,5449795.322900001,0.06433361274099554,0.7394136807820064
2019-01-21,149.32255192878043,153.15365578634712,148.59856379821665,152.49,5113395.359999999,0.03050505050505698,0.6953642384111084
2019-01-22,151.13672164948142,151.89089690721335,145.10331958762586,146.31,3746828.2150000003,0.04491017964072486,-0.7111111111105615
2019-01-23,145.40585161964168,146.91421107627696,142.9924764890252,144.35,2837267.6640000003,0.026970954356853278,-0.2692307692299307
2019-01-24,144.0470103528387,144.0470103528387,139.3711388125895,142.78,6821957.353300001,0.03246073298429984,-0.27096774193477924
2019-01-25,142.08271707519438,146.30598255089018,141.47939343580927,145.22,3390453.5042,0.03397027600849933,0.6500000000004927
2019-01-28,145.24790302782023,148.77729132569252,144.79541734860584,147.45,3043239.472,0.027414330218075357,0.5530303030309266
2019-01-29,146.247999999997,149.20433333333028,144.89049999999705,148.42,2586800.208,0.029496699669973567,0.5034965034970893
2019-01-30,147.51649358582472,148.93434127468643,144.46962940337724,148.15,2799946.7358,0.030265848670763065,0.14189189189254023
2019-01-31,147.2116835699767,149.62498985800914,147.0608519269747,148.72,2791110.6259999997,0.01741803278689207,0.5882352941185952
2019-02-01,149.31917255297378,149.71132391523412,147.32825025226745,149.47,2355890.426,0.015959595959602644,0.06329113924174277
2019-02-11,147.80935323382792,151.579999999997,147.80935323382792,151.58,3541571.76,0.025510204081639246,1.0000000000005338
2019-02-12,151.28203634208666,153.00149318585514,150.28656132727332,152.73,2839427.6096,0.017946161515460173,0.5333333333342528
2019-02-13,152.64493358633484,160.03584440227397,152.34326375711282,158.98,4668861.113000001,0.05039525691700227,0.8235294117649924
2019-02-14,160.78181989095393,162.38058845647373,158.9417277683745,160.45,3890057.5647,0.021388367729837376,-0.09649122806927347
2019-02-15,160.54017692307383,162.8629115384584,156.13603076922777,156.86,4047657.12,0.04190154077415098,-0.5470852017931899
2019-02-18,158.9110710259271,162.2292596768102,158.9110710259271,160.54,4768270.381200001,0.020880789673506688,0.4909090909098509
2019-02-19,161.33296880733647,168.211038532107,160.54862752293283,164.41,4735105.515,0.047494390426333556,0.4015748031499492
2019-02-20,165.91813177055292,170.8051749245219,165.91813177055292,169.87,4126438.4694000003,0.02945454545455116,0.808641975309096
2019-02-21,170.49536619718012,175.4726725352082,166.7548450704196,171.34,3123693.28,0.051132342533622095,0.09688581314912156
2019-02-22,170.43895200949345,177.9503323723897,170.37861963710068,177.89,3617319.4593,0.0444247787610677,0.9840637450201859
2019-02-25,186.76096551723822,187.00229772918104,172.03970058872713,179.34,8914337.26,0.08011629785172517,-0.49596774193524773
2019-02-26,177.38120498857936,177.38120498857936,171.6193325136102,171.74,6408640.8422,0.03248299319728433,-0.9790575916223431
2019-02-27,170.59115068002555,172.46146921975352,167.5443414459526,168.57,6358824.9251999995,0.028824049513710467,-0.411042944784573
2019-02-28,168.98942717428974,172.72999999999698,168.98942717428974,172.73,4319798.0406,0.022134951802933303,1.000000000000538
2019-03-01,172.8533949579803,179.489999999997,172.03890252100553,179.49,6396202.399999999,0.04310645724258843,0.8906882591095968
2019-03-04,179.73148242485684,180.99847172694547,175.5685175751371,177.65,8045871.572699999,0.03021148036254322,-0.38333333333270164
2019-03-05,176.31978914621195,177.79791911510233,172.9713722779092,174.54,5752860.1064,0.02737382378101481,-0.3687499999993001
2019-03-06,174.33131150411182,174.33131150411182,170.92251444580336,172.28,6775901.0439,0.01955355597854861,-0.6017699115033663
2019-03-07,171.67816377170908,171.91949663239677,169.02350230414444,170.2,5125517.215,0.016868740115978244,-0.5104166666654426
2019-03-08,168.80619327282133,172.12439935931354,168.47437266417214,169.5,5065974.6486,0.021622587562550394,0.19008264462887686
2019-03-11,169.47387576552634,173.45581802274413,169.44370953630502,172.4,4192439.418,0.02367390530438442,0.7293233082712519
2019-03-12,174.35537190082337,174.35537190082337,170.43388429751766,171.55,5643919.837599999,0.022491349480974414,-0.7153846153836603
2019-03-13,168.93432729854152,171.64934327298238,168.93432729854152,169.96,3144219.903,0.01607142857143448,0.37777777777876337
2019-03-14,169.23075445336764,173.78580684596272,169.23075445336764,172.73,4224290.0784,0.026916221033873765,0.7682119205302943
2019-03-15,172.73136033229193,176.6529595015546,171.52471443405727,174.3,5704522.9074,0.029689137268605004,0.30588235294170607
2019-03-18,174.5392240642595,176.77149205263754,172.36728764313497,176.5,4260764.3163,0.025233321811274138,0.44520547945264416
2019-03-19,177.1068387096744,180.06314431239082,176.47334465194947,177.68,3820014.277,0.020269119400448267,0.15966386554701897
2019-03-20,178.00621230397763,178.00621230397763,174.3561950715117,175.05,2779454.2055,0.020504999152691626,-0.8099173553708444
2019-03-21,176.4674418604621,176.4674418604621,174.35586563307194,175.11,2525278.9095,0.01196581196581757,-0.6428571428554087
2019-03-22,175.14847372810382,183.4141784820653,174.51497080900458,180.85,6503230.321500001,0.0508095074061369,0.6406779661019639
2019-03-25,178.13330411919057,178.13330411919057,171.34583698509778,172.1,5779265.9785,0.0381033022862036,-0.8888888888883131
2019-03-26,172.19033298282204,174.90531720995133,170.4406764808943,172.13,3146420.7792,0.02592852137351643,-0.013513513512827695
2019-03-27,174.59702376851232,176.61810196348296,172.30445745779926,175.14,2931976.5848000003,0.024706288873537013,0.12587412587479446
2019-03-28,175.56642066420372,180.785147601473,173.78662361623324,179.85,3785515.8571999995,0.03986254295533205,0.6120689655175792
2019-03-29,179.18442477875817,188.20397747385056,178.5509444891363,187.48,6748285.533,0.053872053872059227,0.859375000000222
2019-04-01,187.03484038243093,193.97322962242433,184.6214876033028,186.16,6642836.5113,0.050000000000005,-0.09354838709644152
2019-04-02,186.42551957467074,188.2354760753957,185.09821814080578,187.24,3547859.7507,0.016828478964406476,0.25961538461627015
2019-04-03,186.3333730094871,188.44497024287935,184.01061605275558,187.54,3321879.874,0.02379796017484733,0.2721088435380343
2019-04-04,197.58870065526293,200.18299504554577,186.4272015342786,188.75,8556612.0591,0.0696183206106918,-0.642543859648855
2019-04-08,184.61231575499204,187.0255486406782,180.99246642646278,184.19,6458413.896000001,0.032679738562096744,-0.0699999999994848
2019-04-09,183.40839024389945,186.21381463414332,182.50341463414338,185.52,3431773.8,0.02023026315790006,0.5691056910575761
2019-04-10,184.0390712468164,191.85190839694351,184.0390712468164,189.68,5356083.1872000005,0.042452057039834776,0.7220077220080168
2019-04-11,189.4425781249969,191.5541992187469,184.61601562499703,185.34,3631935.2832,0.036624203821661046,-0.5913043478255675
2019-04-12,184.01382260983732,186.72878064834313,182.35468158630601,183.32,2885403.3544,0.023770491803284003,-0.1586206896544402
2019-04-15,185.2241700735865,189.08552085036484,184.19849877350475,184.47,3727027.681,0.02638436482085212,-0.15432098765367006
2019-04-16,182.80838399999706,188.53999999999695,182.59721919999706,188.54,3746671.875,0.03250825082508775,0.96446700507649
2019-04-17,188.692499999997,191.25666666666365,187.33499999999705,190.05,3146365.53,0.020783373301364056,0.34615384615452915
2019-04-18,190.70577403245647,194.56694756554006,188.5640293383242,193.3,3688005.2112,0.031477380575772165,0.43216080402052975
2019-04-19,193.30864182692017,203.02234074518924,191.4986358173048,200.79,6463356.7232,0.05961298377029199,0.6492146596860694
2019-04-22,201.0826466165383,206.1806015037563,199.3933834586436,200.6,4120359.285,0.03375337533753864,-0.07111111111065434
2019-04-23,201.35880398670807,210.71029900331922,199.0963455149473,208.84,6532484.6468,0.05767790262172749,0.6441558441560479
2019-04-24,207.99747422680107,208.99296612665378,199.70170839469515,204.83,6908063.1620000005,0.04467005076142597,-0.3409090909087293
2019-04-25,202.4175164353513,208.7524908692446,201.9348517165785,206.49,5317104.277000001,0.033681073025340284,0.5973451327437177
2019-04-26,203.32197336561438,206.54978510895572,199.24950060532387,199.34,6693898.713599999,0.035905044510390456,-0.5454545454540612
2019-04-29,208.11494042552894,216.16925106382672,203.77104255318858,212.67,9580646.850000001,0.05957385128279923,0.36739659367417965
2019-04-30,211.15956392467496,214.17612912359888,209.68144697720226,213.06,4810046.3789,0.021285714285718804,0.42281879194687827
2019-05-06,206.0332286995485,209.38164573990719,198.03926008968315,201.81,7478697.48,0.055051244509521355,-0.3723404255316162
2019-05-07,203.65548192770805,215.32999999999703,203.65548192770805,215.33,7568596.9947999995,0.057324840764335735,1.0000000000001699
2019-05-08,211.1671741336783,211.1671741336783,206.9438306510047,208.06,6589813.8273,0.02000000000000473,-0.7357142857134024
2019-05-09,204.82596979567361,207.75205507846894,198.49114598755997,203.74,6225321.1944,0.0452135493372654,-0.11726384364787014
2019-05-10,207.06399999999715,219.79433333333031,202.41833333333054,219.01,5947310.688,0.08391608391608842,0.6875000000001328
2019-05-13,212.42933579335497,219.69935424353937,209.05073800737716,212.55,5535919.599599999,0.050127804600970105,0.011331444759485668
2019-05-14,207.09249635036196,212.49228613138374,206.187503649632,206.64,6005410.755,0.030444282592867078,-0.0717703349277442
2019-05-15,208.44579081632355,215.44426020407857,208.14413265305828,212.85,5784100.9632,0.03502170767004801,0.6033057851243009
2019-05-16,212.21739662676535,225.8222361262211,210.25661044613426,221.78,7817149.276799999,0.073347547974418,0.6143410852714716
2019-05-17,220.20881279820068,221.2042772944117,214.17569463934586,214.96,9206938.7956,0.031917808219182366,-0.746781115879296
2019-05-20,213.60914132637978,214.48397046046605,206.67084129741957,208.33,8456366.6136,0.036576754695668824,-0.6756756756752069
2019-05-21,209.05616280741825,212.82701711491137,208.39249244929948,209.75,5427434.6217,0.02121212121212583,0.15646258503465993
2019-05-22,209.65154977860004,213.48259248678454,207.23829452935,211.19,4906944.191900001,0.029784172661875094,0.24637681159464966
2019-05-23,209.6800928882408,212.21399129172406,206.96520174165155,207.84,3903196.0240000007,0.02503236944325027,-0.350574712643039
2019-05-24,206.99980008819338,209.95607820079067,204.58651183301183,205.22,5441814.942,0.025939959195574517,-0.3314606741566875
2019-05-27,205.03784287811743,207.42095154184722,200.78444640234656,205.43,5894341.02,0.03236722083272513,0.059090909091351014
2019-05-28,205.96988302424816,213.20959771754337,205.12524964336373,211.46,6888779.574999999,0.0392501464557751,0.6791044776122253
2019-05-29,208.74562881207947,210.55556200987206,205.60841126923896,207.72,4585147.0786,0.023699421965322636,-0.20731707317008377
2019-05-30,206.03898792409134,210.50366877515512,205.13398504887573,209.84,4091053.1480000005,0.026061493411424917,0.707865168539757
2019-05-31,211.1643043100924,211.40563494358966,208.1476713913768,208.57,3208402.9816,0.015428571428576105,-0.7962962962951274
2019-06-03,210.26083273510108,215.08748025843192,209.83850107680962,210.11,5213637.5165,0.024964131994265667,-0.028735632183325872
2019-06-04,210.43585773460634,213.12060419939704,207.05730038565622,211.19,3989208.3055000007,0.02881307339450007,0.12437810945321137
2019-06-05,212.99836690647177,213.87316546762287,209.5896690647452,209.65,3370358.7150000003,0.020110465939673312,-0.7816901408441822
2019-06-06,210.31867048710302,214.02911174784796,208.84052722062742,210.56,4260552.912,0.024670109007462974,0.046511627907546635
2019-06-10,211.763641304345,223.89027717391005,211.09999456521456,222.02,7065584.543999999,0.06039886039886489,0.8018867924530003
2019-06-11,222.83921553090042,233.12595879555954,220.27507131536953,228.42,6684300.366,0.057668877758228154,0.4342723004696808
2019-06-12,227.39074059085087,229.11019830028025,223.07701335491407,223.62,4975891.7418,0.02653223666755538,-0.6249999999994
2019-06-13,223.20099824157685,224.67915054781247,219.15870417962645,223.02,4413442.8287,0.02473307203676595,-0.03278688524534777
2019-06-14,223.02284034991496,227.42718698742172,219.9156642974273,220.7,4673938.5348,0.0336805085892103,-0.30923694779072614
2019-06-17,221.50663816140806,226.57447354355656,221.50663816140806,225.76,4363912.1676,0.022878932316496244,0.8392857142861421
2019-06-18,225.45955154570487,230.6480774844072,223.83059572774022,227.36,4874735.638,0.030238158951034363,0.27876106194730504
2019-06-19,230.9501659046345,232.2774657086841,227.9637413455228,230.92,5220830.1835,0.018678160919544575,-0.006993006992315358
2019-06-20,231.01309390862656,241.6617779187787,229.35395050761136,237.71,7974212.492,0.0532776181770738,0.5441176470590213
2019-06-21,237.10598159508902,239.51927402862685,234.391027607359,236.02,6330526.713599999,0.02162849872773957,-0.21176470588172566
2019-06-24,235.04980540813455,239.45397270659288,233.8733497599162,238.73,6315732.8784,0.023742299794665193,0.6594594594598774
2019-06-25,237.94645942157936,237.9766250477738,233.96459676391603,236.77,5779350.563199999,0.016861054766738447,-0.29323308270594545
2019-06-26,236.50666666666368,240.06633333333028,234.7871666666637,238.92,5163439.248000001,0.022321428571432635,0.45714285714334185
2019-06-27,238.3122923588011,245.3711627906947,236.65315614617654,245.16,6286777.383599999,0.036582278481016715,0.7854671280279314
2019-06-28,244.917029123893,252.79033182143408,243.19757221293577,252.73,5030370.703600001,0.03916738514595777,0.814465408805261
2019-07-01,254.1827098265867,265.40463815028596,254.1827098265867,260.94,8022368.11,0.044149062425828514,0.6021505376346218
2019-07-02,260.87399265663555,260.93432429231007,253.72469382920463,254.69,10667632.5612,0.027636447733583723,-0.8577405857735227
2019-07-03,254.1833164373612,255.20897900072106,248.93433743663712,249.96,7564228.9122,0.024685497270357556,-0.6730769230763405
2019-07-04,249.1171962382414,249.1171962382414,238.92082758620393,240.58,19035619.2125,0.04093000726568556,-0.837278106508499
2019-07-05,241.3267813267784,247.6616093366063,239.6676597051568,245.55,12738690.558,0.03312500000000379,0.5283018867927657
2019-07-08,243.5356686301511,244.35016919413152,238.3168316831653,240.7,7725973.941500001,0.02477393781742012,-0.46999999999942177
2019-07-09,240.1871650702794,244.68200149271993,239.88549819629006,242.51,6682079.5042,0.01996985681989871,0.4842767295602672
2019-07-10,242.98590294839997,247.0582923832894,241.62843980343683,245.55,6576781.376,0.022346368715088036,0.4722222222226876
2019-07-11,246.69654028435713,247.2093601895704,241.50800947866998,241.87,4858499.883800001,0.023110785033019412,-0.8465608465601691
2019-07-12,242.6552666910748,247.96448187476813,242.6552666910748,247.15,5740157.5389,0.021879661859775322,0.846590909091318
2019-07-15,245.91866666666365,246.15999999999698,242.84166666666368,244.35,4928632.109999999,0.013493621197256249,-0.4727272727262289
2019-07-16,243.89072864321304,244.88620100502212,238.00839195979606,240.12,9639818.7,0.028200371057517958,-0.5482456140345707
2019-07-17,240.09435862411226,244.2874878927078,238.31454116478037,242.93,6140397.1992999995,0.024877497173015812,0.47474747474789936
2019-07-18,242.9621676336225,247.27599802493214,241.93650166645796,244.38,4871056.7708,0.021976657561464094,0.2655367231643533
2019-07-19,246.72463746779235,249.8316967243252,245.24652189915048,245.88,4468321.143,0.018584178994990992,-0.18421052631509666
2019-07-22,246.2730392395778,249.01812088715272,242.83414574701143,247.54,4443256.866400001,0.025110240078396906,0.20487804878094037
2019-07-23,247.36033178823803,250.22609172968714,244.52473774090944,247.3,5540996.2278,0.023048780487808892,-0.010582010581479543
2019-07-24,247.00316317786454,248.75281919451282,245.31384012730757,246.43,4402165.4523,0.013922813873965914,-0.16666666666574215
2019-07-25,245.85833333333042,253.64133333333032,245.19466666666378,253.4,6443149.44,0.034355828220862736,0.8928571428573955
2019-07-26,253.69425044091412,258.09845502645203,251.91446913579952,256.56,5182015.7025,0.024375743162905247,0.46341463414675405
2019-07-29,256.5611614497499,258.46161449752583,254.6305424805807,256.35,3892950.796,0.01493239271017442,-0.05511811023541526
2019-07-30,256.35196297175105,257.86027059102474,253.63700925705848,254.18,5250479.8984,0.016474464579905063,-0.5142857142848738
2019-07-31,252.91767093500545,254.00367238463093,248.4228316018332,249.72,6343992.6484,0.022065839694660458,-0.5729729729723354
2019-08-01,249.71276917448785,251.7640458480642,246.15320082916415,247.39,5952585.956600001,0.022469195457843916,-0.41397849462304365
2019-08-02,243.44007326007028,248.8096312576282,242.29376312576014,247.06,4587078.951,0.026765799256509668,0.5555555555559332
2019-08-05,245.70476310483565,248.208568548384,239.21900201612604,239.4,7481979.0592,0.03658686310620405,-0.7013422818787842
2019-08-06,232.8206307789711,240.42244458517743,230.34702469917377,238.16,9652978.8605,0.04327545996372522,0.5299401197607254
2019-08-07,240.2706113150204,243.1363624857582,238.33999999999702,238.34,4760005.6461000005,0.019962335216576407,-0.40251572326973634
2019-08-08,239.48743157894444,246.99875170278332,239.48743157894444,243.59,6647912.5175,0.03136415165638381,0.5461847389561502
2019-08-09,245.76190393012791,246.12389519650347,241.02585152838128,241.78,3908377.6935000005,0.020743832085434125,-0.7810650887566497
2019-08-12,241.32727049280766,245.4901659088086,241.32727049280766,245.46,4073839.4994000006,0.01725000000000409,0.992753623188892
2019-08-13,244.3436494181698,245.85194355038072,242.47336469422822,243.68,4050642.8214,0.013827160493831318,-0.19642857142762069
2019-08-14,245.4578466257639,248.17275460122397,244.8846993865001,245.85,4829622.3549999995,0.013395600344111113,0.11926605504674163
2019-08-15,241.89884610697894,248.83695991226702,239.96824052637703,247.57,4537381.1104,0.03666292555181843,0.6394557823131878
2019-08-16,248.56944837340586,257.1969801980168,248.32811881187826,255.93,7604879.436,0.03567961165048936,0.8299319727893595
2019-08-19,257.9508001414064,260.2434279990542,252.5208920575035,255.99,6634225.8127999995,0.02993801894515633,-0.25390624999958017
2019-08-20,258.9712898999493,259.42377322534236,251.8823844687917,253.27,5047173.958799999,0.029120559114738737,-0.7559999999995
2019-08-21,253.39341176470293,256.44016588234996,250.10533058823236,256.41,4358644.45,0.02500000000000394,0.47619047619087446
2019-08-22,256.7172944606384,263.52741690961795,254.40671720116325,260.7,5579694.19,0.03552818569398766,0.4366666666669498
2019-08-23,260.88444546392634,266.93455671521656,260.24599151278517,265.08,5614450.9551,0.025638037524767735,0.6272727272730886
2019-08-26,261.699456471669,265.8341133118348,260.51378281897445,264.01,4420413.9148,0.020329925650561336,0.4342857142862063
2019-08-27,266.56724114285413,270.27631999999693,266.01999999999697,266.02,5856615.625,0.015967153284675253,-0.1285714285706959
2019-08-28,265.89433711014755,265.89433711014755,256.83459408947255,260.27,9787801.5732,0.034072718957241045,-0.6208053691271146
2019-08-29,259.6945789971587,260.2418164616809,255.07346263008213,257.08,6571998.972,0.01990166237415493,-0.5058823529404972
2019-08-30,258.41820345032414,260.4551469363443,254.55713146936046,255.53,8358079.927999999,0.022823529411768413,-0.4896907216488926
2019-09-02,256.59540229884755,259.3924137931004,255.37931034482457,259.21,6315554.3556,0.015639810426544117,0.6515151515157467
2019-09-03,258.117027863774,259.3635294117616,253.40464396284526,255.32,8926272.8308,0.023085983510015548,-0.46938775510145264
2019-09-04,254.92597379392188,255.77724717093201,252.34175104228405,255.23,6612940.4615,0.013476446034589463,0.08849557522210519
2019-09-05,258.1100829383856,262.12310189573145,256.01236848340926,256.59,10857948.592,0.023674911660781117,-0.24875621890494007
2019-09-06,258.0549395348807,261.45999999999697,256.89965116278773,261.46,7057323.399999999,0.017672007540060295,0.7466666666671717
2019-09-09,262.9795342272376,263.9220042342948,257.26390966831036,258.48,8809195.964399999,0.025317919075148274,-0.6757990867574338
2019-09-10,257.65405805686896,257.65405805686896,255.4347369668216,256.59,4169148.156,0.008613569321537794,-0.4794520547929342
2019-09-11,256.93301824817206,257.20664233576326,249.30194647201643,249.91,11889131.808000002,0.030765589871024856,-0.8884615384610453
2019-09-12,249.2934102934073,253.51923761423458,249.2934102934073,252.82,5148405.6624,0.0169512195121991,0.8345323741012358
2019-09-16,254.19257608695347,254.19257608695347,250.90914130434481,251.73,4993510.68,0.0129171151776142,-0.749999999998854
2019-09-17,251.4265480253504,253.1594758654284,247.17023403217638,249.42,6652476.748400001,0.02382103990326874,-0.3350253807100942
2019-09-18,249.60304458136704,253.12971366436813,249.60304458136704,251.64,9160644.242999999,0.014129110840442587,0.5775862068972407
2019-09-19,253.3062255859344,253.6102416992157,247.92514038085636,249.05,8372961.28,0.022443590974559884,-0.7486631016036074
2019-09-20,249.90782672901491,252.7960558700437,247.04999999999697,247.05,12582330.091400001,0.022992700729931013,-0.4973544973538815
2019-09-23,247.77414755114384,247.98695970241477,241.02496218226608,245.19,8493718.4635,0.0280981595092063,-0.3711790393008188
2019-09-24,245.34254600074797,245.34254600074797,242.24156214795042,242.88,8235266.5173,0.012639405204464977,-0.7941176470575929
2019-09-25,243.22260783341292,248.78632498760223,241.9456891422875,245.29,10727617.8136,0.028125000000003928,0.302222222222626
2019-09-26,247.472209085249,248.3234648413162,243.7631661480991,244.28,5424292.7085,0.01842751842752234,-0.6999999999991952
2019-09-27,244.27686725884843,245.6449393219036,240.11184786688054,243.0,4848833.555000001,0.022650902302430796,-0.23076923076863826
2019-09-30,243.21885184256402,246.1070757081945,240.48263975933517,242.55,4811581.2636,0.023125000000004108,-0.11891891891835658
2019-10-08,242.03364232450193,242.03364232450193,234.64585497556914,236.47,12909519.1662,0.030523803542272552,-0.7530864197525766
2019-10-09,237.10437348009427,239.41491744528048,234.12498784077525,237.53,9637505.823399998,0.02231055263495727,0.08045977011549708
2019-10-10,239.81558648111033,245.65288270377428,238.56908051689564,244.68,10745789.3952,0.0295385395537566,0.6866952789702915
2019-10-11,244.8612683777692,247.01984176426305,243.58436581111084,244.01,7027836.0762,0.014030295505342965,-0.247787610618516
2019-10-14,246.23086204720124,247.4469670579295,240.0591291177554,240.88,12131116.051800001,0.030003704161011575,-0.7242798353904362
2019-10-15,239.87494890137665,240.48299693407972,233.79446857434556,237.99,8919191.1052,0.02788339670469337,-0.2818181818176938
2019-10-16,237.1399361022334,239.57214057507682,236.28866453673822,237.9,6992323.7525,0.013846153846157899,0.2314814814823358
2019-10-17,239.56454059430266,245.79686684072803,238.04446102200376,244.52,13350178.3758,0.03236040609137464,0.6392156862748165
2019-10-18,243.8561997226044,246.10596393897058,240.26873786407467,241.12,11272580.9196,0.023937164942031203,-0.4687499999993954
2019-10-21,240.17465224110973,240.782689335391,234.39829984543746,236.04,9230035.7472,0.026582278481016706,-0.64761904761847
2019-10-22,237.01295307233292,237.07375680580458,233.4863365309796,234.52,6159746.2528,0.015135967162651802,-0.6949152542362323
2019-10-23,234.52563636363334,235.68093506493202,232.42785714285415,234.1,6516687.100000001,0.013870884106822908,-0.13084112149436117
2019-10-24,234.03317581097008,234.21558670404178,227.1015618742461,227.74,10847175.500699999,0.030397505845678432,-0.8846153846148338
2019-10-25,228.65112050739654,230.80964059196313,224.91171247357,230.08,8655257.4768,0.025794442228431257,0.2422680412375931
2019-10-28,230.1400397614284,232.11614314115,227.46469980118982,229.38,7486199.5515,0.020211360634086115,-0.1633986928097779
2019-10-29,229.38115211765998,229.5331608334437,220.41263788641945,223.24,12877817.824900001,0.039761431411535014,-0.6733333333329274
2019-10-30,227.0091040164749,237.04164778578476,226.3402677651876,236.16,17796969.616000004,0.04714075264497529,0.8551136363638451
2019-10-31,234.70824918032483,235.58992524589854,230.7255055737675,231.82,7550260.5125,0.02072538860104029,-0.593749999999266
2019-11-01,231.78919485968748,233.76536191974517,227.59364017833428,231.85,9709934.142,0.026626442812176333,0.009852216749259991
2019-11-04,232.87622602651263,238.62212768695792,228.92401853520107,236.19,10978570.455699999,0.041644908616192085,0.3416927899689319
2019-11-05,237.68585681644788,240.78690022848133,236.2265422696086,239.51,8635577.6286,0.019186492709136856,0.4000000000005729
2019-11-06,240.9989649904489,241.21178103118731,237.16827625715808,238.81,4644397.572,0.01677810016400055,-0.5413533834577695
2019-11-07,238.53084281877173,239.32128405166597,236.88915718122223,237.71,4838146.2101,0.010196278358403246,-0.33749999999861185
2019-11-08,239.14175420572442,239.87140105303408,235.91914729677364,236.74,5188601.9133,0.016526824307148993,-0.607692307691375
2019-11-11,236.1347699228762,238.38454113110237,234.61465424164226,236.53,5080528.276,0.01596498004377913,0.10483870967818595
2019-11-12,237.02013942679787,238.23625096823864,230.6963594113061,235.5,5450414.0304,0.031811185223195544,-0.20161290322537587
2019-11-13,235.79538924505775,235.91699594399793,231.08312966112481,232.36,5664460.4115,0.0205002578648828,-0.7106918238985963
2019-11-14,233.39374160410597,234.06257869089643,229.13750559725764,230.84,4989499.2519000005,0.021101992966006428,-0.5185185185177971
2019-11-15,230.841298408485,232.7870172413762,228.16593501325954,229.23,3770379.262,0.020018438035036508,-0.3486842105255817
2019-11-18,229.8438947368391,232.27610526315488,227.4420868421023,231.06,4004554.7600000002,0.021031746031750325,0.2515723270445973
2019-11-19,230.75195795006272,232.21125886990498,229.7486885676711,231.36,4665569.24,0.01067193675889757,0.24691358024803442
2019-11-20,231.359146261618,234.5513552442028,231.359146261618,232.18,4339034.1015,0.013797634691200253,0.2571428571437331
2019-11-21,231.7896631578917,233.76583421052328,229.17503684210226,231.06,3379602.96,0.019805876180487042,-0.15894039735029988
2019-11-22,231.54595693459638,231.97159288484377,224.97900227363618,227.32,5820283.725,0.030199579831936867,-0.604347826086443
2019-11-25,225.89061708649572,229.3869052379018,223.48881913900811,228.11,4622316.9375,0.026110363391659713,0.3762886597942691
2019-11-26,229.96344429881745,232.88207077326038,228.07849803407302,231.97,6556044.691000001,0.020888418826022256,0.41772151898788334
2019-11-27,231.99486041611496,233.63654859098983,230.2315657097679,230.87,4562467.606,0.014676975494696808,-0.3303571428561628
2019-11-28,230.90271667975614,235.58461508247927,230.90271667975614,232.21,4045130.6279999996,0.020276497695856644,0.2792207792213589
2019-11-29,232.24064820976668,233.69994276586942,225.21779315852226,228.41,5582256.669,0.036523105118475216,-0.4516129032253983
2019-12-02,226.85856389986526,231.631653491433,226.85856389986526,230.75,4859430.708000001,0.02103993567408617,0.8152866242042937
2019-12-03,230.75772594751885,230.75772594751885,227.71743970315103,229.42,3215020.8397999997,0.013175230566539117,-0.43999999999887557
2019-12-04,227.7091525874654,229.22924038844982,226.34107356657944,228.53,3036959.7074,0.01268357810414317,0.2842105263167322
2019-12-05,229.98981735159518,234.79330593607,228.07450228310202,233.03,6522151.566,0.029213483146071764,0.452488687783188
2019-12-06,234.0694045016047,238.41697234726382,233.03571704179768,236.38,7571006.547499999,0.022989998701134072,0.42937853107393253
2019-12-09,236.59450038729364,238.08423702555854,235.04395817195672,235.5,4543721.4924,0.012850167052175848,-0.35999999999888843
2019-12-10,234.8615946632753,240.18208386276697,234.10152477763364,239.27,5751233.091,0.02588996763754456,0.7250000000003819
2019-12-11,238.80481958433967,240.0816881295392,236.0686727017693,238.44,4139684.4170000004,0.01680458306811352,-0.09090909090830851
2019-12-12,238.44845691638665,239.2693300946019,236.2898644847835,237.81,4823566.927399999,0.012495218666330786,-0.21428571428462984
2019-12-13,239.87476907503182,244.7391496899881,239.87476907503182,240.27,11173719.773999998,0.020278833967050935,0.08125000000059829
2019-12-16,243.06468380200735,245.64886117826381,236.7714518386533,238.93,8283320.7703,0.036522826766733164,-0.4657534246571398
2019-12-17,240.17804568527615,241.3333324873066,237.53304695431171,239.57,4807765.3,0.015822784810130688,-0.15999999999916126
2019-12-18,239.5648603850537,240.96333545836748,236.2206808619121,238.44,5430414.7700000005,0.019796954314724977,-0.23717948717879733
2019-12-19,238.65804597700847,238.93166666666366,236.07385057470967,238.05,4420666.097999999,0.011974522292997796,-0.21276595744567414
2019-12-20,238.04744027303454,241.7260788775093,237.43940083427836,240.51,4862468.4615,0.01800766283525342,0.5744680851069468
2019-12-23,240.17613273771235,242.69950223356426,236.95351627313036,238.2,4629366.9455,0.023924050632915545,-0.343915343914762
2019-12-24,237.5028740359867,237.74609254498412,234.2498264781461,236.53,3159988.596,0.014720942140301197,-0.2782608695642788
2019-12-25,236.16442439086978,238.50539512697907,235.3435645223639,235.83,2431150.0708999997,0.013388259526265888,-0.10576923076825218
2019-12-26,235.76833890030528,237.41005267214496,235.52512204521793,236.65,2622677.1312,0.007994842037399542,0.46774193548524057
2019-12-27,235.89328371731511,237.89985115195137,234.40355940978208,234.89,4874261.5482,0.014821497615676457,-0.2869565217381856
2019-12-30,235.0074877986099,237.37884407911332,231.11603133829655,236.71,5893309.8246,0.026649417852526777,0.2718446601946142
2019-12-31,236.74457650793352,239.9064406349176,235.01163174602877,239.42,5598674.55,0.02067548478233368,0.5465838509321803
2020-01-02,239.50708634953156,239.9023125646298,234.3995475698005,235.19,12243429.1368,0.02297537446052709,-0.7845303867396384
2020-01-03,235.61804657179513,236.07408150064379,233.91551617076024,235.01,7089652.211,0.009161290322584857,-0.28169014084353217
2020-01-06,233.7922751322721,233.7922751322721,228.13748148147852,229.84,13198888.331999999,0.024187256176857238,-0.6989247311821434
2020-01-07,229.2360398671066,229.2360398671066,227.47268571428268,228.78,10795411.655,0.007692307692312131,-0.25862068965330276
2020-01-08,228.01758593125197,229.81132427391117,226.8926991739911,228.2,6955027.324200001,0.012800000000004499,0.06250000000101082
2020-01-09,229.81120698782124,231.24011646373438,229.14235574377676,229.72,8325308.8508,0.009128191559734426,-0.04347826086811128
2020-01-10,229.7155374077947,231.02281217070296,227.40500526870093,230.81,10134297.3576,0.015749073583910984,0.30252100840410934
2020-01-13,231.02160631994428,232.11606319947026,229.95755102040513,230.9,6701506.731500001,0.009343334649300167,-0.05633802816757315
2020-01-14,231.08834227467506,231.9092060085806,226.37597639484676,226.68,12478016.3872,0.023944217866074563,-0.7967032967026072
2020-01-15,226.7130911564595,226.7130911564595,222.6087238095208,223.46,12876152.625,0.01810379509186431,-0.7925925925916604
2020-01-16,224.00765274186668,224.95013879439077,222.76113893046374,223.43,5604790.5446999995,0.009771986970688403,-0.2638888888874164
2020-01-17,224.34134179633875,224.91899262898957,222.00033579033274,222.73,8120215.323000001,0.013009892939427222,-0.5520833333321067
2020-01-20,221.56735510771063,222.54020847810673,216.61188325225552,218.74,18555148.086000003,0.026756311745339222,-0.476923076922484
2020-01-21,215.91492329545147,216.15813920454235,211.87145880681516,214.03,17315976.832000002,0.019853562376799735,-0.4397163120559259
2020-01-22,211.9601972942473,217.6757046223194,211.89939402479976,215.73,13361065.496,0.027251864601266673,0.6526315789477802
2020-01-23,213.08457378950112,213.8142113656101,208.22032328210773,209.71,14973292.696800001,0.026251961763451542,-0.6032608695645663
2020-02-03,188.74071473353933,199.0776739811881,188.74071473353933,193.97,33233368.96,0.054768041237118543,0.505882352941423
2020-02-04,197.61143695014374,210.65379178885323,196.5777771260968,207.34,24524471.752,0.07123076923077408,0.6911447084234911
2020-02-05,209.16961593171823,216.37502275959864,207.92311095305539,213.73,16541890.180999998,0.04040697674419057,0.5395683453240357
2020-02-06,216.21989388438683,217.9832169784946,214.03094107790824,217.74,13070359.939000001,0.0182789651293633,0.38461538461605566
2020-02-07,216.30750941291015,218.8612452935404,214.87863338446226,218.01,8613428.7225,0.01841180604357431,0.4274809160311804
2020-02-10,215.85124434388837,216.45927601809652,210.37895927601514,215.0,9097879.7728,0.028169014084511623,-0.13999999999947943
2020-02-11,215.5773968429768,220.1984325671529,215.39498753807513,219.56,7284837.8998,0.022281765618394168,0.8291139240510866
2020-02-12,218.89472229897464,223.42462696877286,217.86105277700725,220.05,9507875.1614,0.025416666666671143,0.20765027322454596
2020-02-13,221.0220580110467,224.51828038673725,218.0426685082843,220.11,9898873.348,0.029298486932604124,-0.1408450704220478
2020-02-14,219.14322222221918,220.0553055555525,217.41026388888588,218.9,6603502.32,0.012069922308550562,-0.09195402298731988
2020-02-17,219.29253458152556,219.3837417912503,214.48895486935572,217.59,11987742.397499999,0.0223208096492488,-0.34782608695584
2020-02-18,217.06686390532238,219.25577345730883,214.78674978866985,215.79,9168673.987200001,0.020588235294122126,-0.2857142857135422
2020-02-19,216.31258324084055,220.3560932297417,214.61005271919794,219.14,8315136.5464,0.026563598032330587,0.4920634920639247
2020-02-20,219.04957317072876,225.64690243902137,218.89756097560684,224.37,12256400.682,0.030811936155452007,0.7882882882886196
2020-02-21,224.75981152840527,224.88141835190228,219.80433347090081,220.99,9346128.3804,0.022588935479512098,-0.7425149700591392
2020-02-24,215.85503720663687,216.4022753291326,209.47059244418708,212.45,20730458.2448,0.032112676056342555,-0.49122807017493014
2020-02-25,207.25269970845184,209.80649562681916,206.34062973760638,208.56,14078740.955999998,0.01672289863576828,0.37719298245689376
2020-02-26,206.3724789107562,207.71019091312408,203.6970549060204,205.43,11537334.247999998,0.019446081319981098,-0.23484848484767845
2020-02-27,206.7360946745532,209.41150295857682,204.54712426035204,205.52,12514278.972,0.023529411764710618,-0.2499999999993278
2020-02-28,195.54415461877653,205.485531882511,195.54415461877653,199.77,14722186.8519,0.05083955223881095,0.42507645259964916
2020-03-02,200.35324127906688,211.63261191860158,200.35324127906688,209.17,13487573.328,0.05629742033384378,0.7816711590298477
2020-03-03,211.47455021833755,214.45392139737683,207.73513537117603,208.86,10025981.82,0.031771132834967325,-0.38914027149270186
2020-03-04,209.7719347189258,219.3484795647898,208.13024131677767,217.95,15910310.0983,0.053478260869569846,0.7289972899731035
2020-03-05,215.92025753424363,224.00738630136684,215.79864657533955,221.94,13782566.44,0.0380174598704635,0.733333333333612
2020-03-06,218.89805013927273,222.33353342618074,218.28999999999695,218.29,8679182.564,0.018472222222226695,-0.15037593984883926
2020-03-09,213.26954977985784,217.98184916914906,209.16528902144287,214.06,12044828.878199998,0.04133998574483707,0.08965517241412173
2020-03-10,213.54938591548995,218.01859999999692,211.17796619718013,215.86,7579164.8,0.032033029612760756,0.3377777777781753
2020-03-11,217.07270652018525,217.4375345983704,212.84678128120686,213.09,5069646.8477,0.02114845938375785,-0.8675496688733306
2020-03-12,210.68632969557424,213.69613440551103,207.2812981045347,211.72,8600802.5428,0.030447330447334928,0.16113744075874076
2020-03-13,202.78077481137257,210.62446894950364,202.65916715031628,209.53,12173179.705599999,0.03928035982009474,0.8473282442750834
2020-03-16,207.64438066464945,209.3164803625346,200.07432930513295,201.26,12790035.952,0.04450951683748622,-0.6907894736838107
2020-03-17,197.64055781249695,202.17039062499686,192.745906249997,194.57,13095114.88,0.04768497154284436,-0.32580645161255106
2020-03-18,194.5781990521296,200.62836492890673,191.90274881516282,192.45,10413055.091999998,0.044843750000004776,-0.24390243902401337
2020-03-19,190.92229508196405,193.354426229505,181.4977868852429,185.45,12993073.809999999,0.06210191082803043,-0.46153846153816425
2020-03-20,188.13095306284507,191.07999999999697,183.93540175019598,191.08,11204111.7465,0.03797672915320482,0.41276595744717726
2020-03-23,185.42769853312785,185.42769853312785,176.33721126285317,180.32,14268131.9694,0.049024430234469826,-0.5618729096985978
2020-03-24,184.8449091201514,191.07734437831442,182.44314138651785,189.01,9677281.4846,0.04671052631579476,0.48239436619748033
2020-03-25,194.44946847960145,197.64165018541107,193.2942027194037,196.76,8130427.347999999,0.02235772357724089,0.5314685314691033
2020-03-26,194.56999999999698,198.12698281249692,193.35393749999702,194.57,6771895.04,0.024531250000004896,6.311905717157918e-13
2020-03-27,194.48569656949275,196.06663391850222,187.00664680302484,188.77,11718996.989000002,0.046584336407696,-0.6308724832210687
2020-03-30,183.78055788238927,184.54060981738675,179.40265873680383,181.47,8905034.1076,0.027956989247317102,-0.4497041420111542
2020-03-31,184.8495971057361,186.97779970399296,182.41736556487118,184.88,6380111.0118,0.02467105263158424,0.0066666666673394085
2020-04-01,186.51753162503752,192.9323970158905,184.87581252026948,187.46,7690451.626599999,0.04319478402608504,0.11698113207583538
2020-04-02,187.89018228333563,191.32571474256167,185.45794691397205,190.14,6161453.9334,0.031229773462788397,0.38341968911962504
2020-04-03,190.3178233438456,194.45252365930293,190.3178233438456,192.75,5863260.529999999,0.021725239616618503,0.588235294118239
2020-04-07,194.35893213098885,197.03429362442338,191.56196329694365,192.17,8212099.7133,0.028155795401225068,-0.3999999999993722
2020-04-08,191.38020800750405,196.03170472317493,190.6809634031875,194.39,5539001.353399999,0.027958697378877358,0.562500000000456
2020-04-09,195.15364994663523,200.96052751943586,195.15364994663523,199.41,6828557.1907,0.029755413615832917,0.7329842931941165
2020-04-10,199.19758462945717,203.3931381518725,196.7349771271699,199.38,5288581.711800001,0.03342490842491349,0.0273972602744236
2020-04-13,197.4620107858213,199.13412942988907,194.81702311247773,197.31,3629278.741,0.021862971516556192,-0.035211267604918335
2020-04-14,198.58861119515586,201.14241452344632,196.73406354008782,200.96,4922054.535999999,0.022198407838339387,0.5379310344833215
2020-04-15,201.38778947368115,201.81342791761705,196.9489885583494,199.29,7037736.419999999,0.024154589371985394,-0.4312499999992932
2020-04-16,198.00638454461517,198.79682919349588,196.39509352958913,198.28,4215272.2998,0.012129586979891414,0.11392405063413243
2020-04-17,202.1405965741258,207.09606615475184,201.380555227404,205.88,12731408.0812,0.02827492856069078,0.6542553191493468
2020-04-20,205.91076074160975,206.82281194820183,203.9954532077663,206.61,5859118.3911999995,0.013730990698366021,0.24731182795795684
2020-04-21,205.36415292353516,206.0633943028455,199.77022188905246,202.78,5379946.629,0.030643967431537023,-0.4106280193231226
2020-04-22,201.50972057074614,204.54999999999697,197.61816290130506,204.55,5665274.7232,0.034399517199763315,0.43859649122844424
2020-04-23,204.29822485206813,218.28292476753705,204.29822485206813,215.79,14015333.1864,0.06845238095238539,0.821739130434942
2020-04-24,215.79933617020973,216.65061560283382,212.81985815602536,214.34,5834051.25,0.01775147928994541,-0.3809523809514922
2020-04-27,215.8549495540252,216.432589559874,207.09914314958024,207.92,8959459.306,0.04323943661972272,-0.8501628664490966
2020-04-28,208.25943262411053,214.33999999999696,207.46895886524527,214.34,8193380.985,0.03299270072993173,0.8849557522127
2020-04-29,212.81585826313952,214.63999419110928,208.80275922160607,209.35,5410074.0408,0.027428571428575806,-0.5937499999993826
2020-04-30,212.96388967467874,218.70981046675786,212.96388967467874,214.94,9074366.917,0.026980728051396397,0.34391534391581363
2020-05-06,211.9907206950547,214.6052627830763,206.45761999714847,213.45,12969353.3851,0.03843395955830095,0.17910447761228449
2020-05-07,212.44950292397348,212.78392543859334,206.97713450292093,207.95,8447698.908,0.027332570120210557,-0.7748691099469883
2020-05-08,208.56388405796798,210.661684057968,207.1653507246347,209.78,6990534.21,0.016763848396506242,0.34782608695729345
2020-05-11,209.47206997084248,211.6610379008716,207.3743090378979,208.56,6797871.723999999,0.020464441219162962,-0.21276595744606117
2020-05-12,208.4061340206155,210.017443298966,205.97396907216194,206.43,5298757.7930000005,0.01940189642597109,-0.48872180451040764
2020-05-13,206.42940066753442,209.62160789435194,204.84849804092,209.5,4984973.5185,0.023122238586160856,0.6433121019113189
2020-05-14,207.37507378148445,209.41203756148144,203.75718288865397,203.97,5772314.9142,0.027268728925382242,-0.6021505376337608
2020-05-15,203.96996341463108,204.00036585365544,199.07517073170433,199.44,8671747.311999999,0.024146668654051393,-0.9197530864189657
2020-05-18,199.40413654618177,205.2716465863423,198.70489959839063,204.39,6134326.0524,0.032931849367286346,0.7592592592596067
2020-05-19,207.03660017345751,213.39058687481622,207.03660017345751,210.32,8772208.7106,0.030690161527170738,0.5167464114836524
2020-05-20,209.80263220088318,212.53879172820953,205.51598227473843,205.82,6078531.833,0.03347340965077988,-0.5670995670990565
2020-05-21,207.5557954882724,208.98469872365376,203.2690857821282,204.85,4875971.8926,0.027537717884873456,-0.47340425531854136
2020-05-22,204.8150854961801,204.8150854961801,197.6403251908367,199.13,7364541.625,0.0350304289743256,-0.7923728813554024
2020-05-25,199.13182844243497,202.17200902934235,196.82129119638532,202.02,4130914.7520000003,0.026870229007638476,0.5397727272731891
2020-05-26,202.47520301623837,209.8324100928044,202.1407845127581,209.65,6847777.651199999,0.03798798798799274,0.9328063241109461
2020-05-27,211.29504241005836,212.45032465632917,207.4035653699882,207.89,4754514.7364,0.023884892086335603,-0.6746987951799932
2020-05-28,209.23289343065386,212.2123795620407,205.8885722627707,208.26,5037869.489999999,0.030223772159260698,-0.1538461538456469
2020-05-29,209.10488188976092,220.11040198922203,208.13201823455992,220.08,13629791.891999999,0.05728409421343875,0.9162436548225094
2020-06-01,219.7794445935039,230.6635283069462,219.7794445935039,226.62,14681880.6738,0.049522755567856,0.6284916201119527
2020-06-02,226.34407557354623,228.01619433198076,221.05409986504426,225.28,8668278.762,0.030758898589661826,-0.15283842794714367
2020-06-03,224.944472361806,226.58618090451955,221.93467336683116,223.85,5811561.413799999,0.020678470063526494,-0.23529411764635588
2020-06-04,222.54301954803523,223.05985442949924,216.76662969637854,219.29,9781170.6175,0.028278688524594652,-0.5169082125598287
2020-06-05,220.2359343026357,228.32300753903837,219.6278836833573,225.83,10707853.455599999,0.03948094975152273,0.6433566433569211
2020-06-08,230.02472947509784,230.69358277254062,223.33619650066993,225.89,10030014.821,0.03198519693365475,-0.5619834710738919
2020-06-09,226.67496905043822,232.5728960884995,226.492558935859,230.84,9755814.417600002,0.02682403433476824,0.6850000000003861
2020-06-10,231.12248844273904,234.77083080174043,229.05509443930492,230.18,8000625.480199999,0.024730334122603413,-0.16489361702072441
2020-06-11,229.89954928834703,231.0548234053739,226.67694254085103,230.69,7256870.3032,0.019042581327695315,0.18055555555620048
2020-06-12,225.61818933333032,228.01999999999697,220.8753733333304,228.02,11201093.25,0.03166689125455218,0.33617021276633813
2020-06-15,222.8743420867825,223.7255876983539,215.94277067827255,216.49,16375314.876799997,0.034920201882421516,-0.8203124999995087
2020-06-16,218.34553615959794,220.59526738708476,218.01111665280936,219.44,6223578.305400001,0.011835143414095358,0.423529411765728
2020-06-17,217.40858050847157,217.53019067796305,212.8177966101665,215.25,9945814.787999999,0.02167529016921157,-0.45806451612830473
2020-06-18,215.15204767986071,217.15855257556103,213.2975507308044,214.24,6857028.3834,0.01794545711460138,-0.2362204724400899
2020-06-19,214.64295302013124,218.50409395972855,214.64295302013124,217.44,7494405.575999999,0.017988668555245575,0.724409448819484
2020-06-22,216.46684499506947,217.4397296916765,213.6393988455552,215.95,7272519.4876999995,0.017556179775285348,-0.13599999999917003
2020-06-23,215.03879169021744,216.46772187676348,213.88348643300995,215.13,7780325.9348,0.012017531457660614,0.03529411764821472
2020-06-24,215.85563082133484,217.04131668077596,214.88276037256264,215.43,5893840.0224,0.010000000000004458,-0.1971830985900667
2020-06-29,213.2971509648097,215.03003830873706,209.7401716799062,214.27,11309037.552000001,0.02480045610034689,0.18390804597754853
2020-06-30,215.24889690578308,219.23160954627144,214.94487304009698,219.11,8298846.806699999,0.01991525423729255,0.9007092198586576
2020-07-01,219.1038618610358,221.87040153487436,216.7933452103575,221.84,9132973.3602,0.023171916192595017,0.5389221556891125
2020-07-02,220.35256916995758,230.78040184452922,220.35256916995758,230.75,13522815.339,0.04732339955850313,0.9970845481051537
2020-07-03,230.14609561752687,230.14609561752687,226.1937848605548,228.93,10284108.795,0.0171730515191588,-0.3076923076914703
2020-07-06,228.74403733955364,237.13496693893123,226.5550991831943,234.49,14954251.3236,0.046251993620418826,0.5431034482760976
2020-07-07,236.98196548544018,239.71812672901805,230.44558029244857,230.78,16492997.5822,0.03912764592688019,-0.6688524590159964
2020-07-08,229.25968633208453,230.90138147356876,226.1587066203921,227.77,15668911.148,0.020686911550196523,-0.3141025641018609
2020-07-09,227.77379583223126,233.00298601951687,226.55770509100202,230.51,13462399.793399999,0.028296849973309248,0.4245283018871914
2020-07-10,230.3892547981439,233.97673593646283,227.4706260754437,229.69,10180912.503999999,0.028239641066248697,-0.1074766355135383
2020-07-13,227.86219891745296,229.68631258457063,223.75794316643808,224.67,23265036.159,0.026017344896602075,-0.5384615384609387
2020-07-14,224.3666804807263,226.19079983422816,219.62397016162151,220.08,15359165.1033,0.02926829268293125,-0.6527777777772142
2020-07-15,224.97829670329367,227.59290934065626,220.6611456043926,221.33,18625891.648,0.030810810810815204,-0.5263157894731739
2020-07-16,221.51402980796473,224.88872886213494,212.149999999997,212.15,18336629.999399997,0.057507548723583636,-0.7350835322192752
2020-07-17,214.03569230768935,217.37999999999698,212.18112167831876,217.38,13419414.58,0.02428977272727716,0.6432748538016271
2020-07-20,217.37807391124858,222.12086825113036,214.1858084901743,221.3,12524304.1762,0.03650349650350086,0.4942528735635393
2020-07-21,223.06530620632662,223.2781257706505,219.5385819975309,221.91,7929294.1965,0.016764345100181696,-0.3089430894300101
2020-07-22,223.46041666666358,224.58531944444135,218.17033333333032,218.9,15157934.64,0.02870748299320168,-0.7109004739330643
2020-07-23,218.89335394126434,220.10942812982694,212.75217928902333,216.37,13409258.553900002,0.033611111111115526,-0.34297520661111314
2020-07-24,216.15980693286212,217.3758958607545,206.73511774169657,207.86,13223665.2699,0.0492264416315094,-0.779999999999638
2020-07-27,207.857826734144,209.7427448645399,202.71990473354867,204.24,8551944.8046,0.033786748573940414,-0.5151515151510137
2020-07-28,206.51726370370068,207.3989066666636,203.02109333333036,205.21,8445877.425,0.021198292359786777,-0.2986111111103556
2020-07-29,204.61019703724716,211.8764432618983,202.17798072774053,211.39,9691784.6141,0.04739970282318434,0.6990595611287687
2020-07-30,211.0230567749457,211.1446663740092,207.5875856014017,207.77,5591223.432,0.016856360754939074,-0.9145299145288025
2020-07-31,207.7664772559958,211.59711467687015,204.66548505814507,206.52,9339137.994700002,0.0333625987708564,-0.17982456140304662
2020-08-03,207.77161054172467,208.50127379209067,205.82584187408196,207.65,9858740.277999999,0.012876792508052584,-0.0454545454534053
2020-08-04,208.59341706366095,211.54248592463966,207.34690342139157,210.6,8360814.881099999,0.020113686051600632,0.47826086956581854
2020-08-05,209.16705604021578,209.31906698210545,205.15396717432793,205.61,11614502.2985,0.019912790697678963,-0.8540145985392229
2020-08-06,205.66808035713981,206.21531249999694,203.35754464285412,204.3,6291843.2639999995,0.013895048041394315,-0.4787234042540895
2020-08-07,204.45865299498075,206.9820832103835,203.12093095308052,206.07,7405551.9748,0.018884758364317106,0.41732283464634645
2020-08-10,204.90742039146653,208.7076321939789,203.38733567046157,208.13,8050928.860799999,0.02596439169139952,0.60571428571473
2020-08-11,209.40579239640877,216.7629645450631,209.40579239640877,213.51,15970715.654700002,0.03513356562137524,0.5578512396697608
2020-08-12,215.8584034192718,221.9389218254485,214.9159230663144,220.51,21680182.3743,0.03253521126761025,0.6623376623379966
2020-08-13,222.6948751372088,225.73507821075432,219.04663144895417,221.57,13073833.151199998,0.030034129692837225,-0.16818181818134068
2020-08-14,221.5687771124388,228.5004018629377,220.13988955422192,228.47,17307495.1485,0.0377332601536816,0.8254545454548157
2020-08-17,228.3189432643153,230.26467061037604,223.75864479698544,226.13,14839990.4106,0.028495339547274557,-0.3364485981303227
2020-08-18,226.10013402061568,239.14261855669798,222.72550515463635,235.92,22710685.271999996,0.07260992335619604,0.5981481481482942
2020-08-19,235.43653591441375,246.56383087111251,232.03146204788294,238.72,24719276.1556,0.06172520661157427,0.22594142259433278
2020-08-20,236.3269043546871,239.55163794237285,228.86394948032853,233.44,14697497.3068,0.045224171539965025,-0.27011494252842566
2020-08-21,233.4404170420874,243.60602394130206,230.36923670999838,238.6,11147972.723799998,0.05670306538613722,0.38979118329486345
2020-08-24,240.80493094628847,246.60930946291245,238.47089514066192,240.16,10180694.562,0.033796709603370896,-0.07924528301847941
2020-08-25,240.15999999999693,244.15242966751606,237.08890025575144,240.16,9003945.654000001,0.029411764705886412,4.3456244598779984e-13
2020-08-26,240.1285308056842,250.815924170613,239.57573459715343,246.24,15826463.200600002,0.0468090548663551,0.5437158469947634
2020-08-27,245.84473717462416,248.30164897649422,241.3608731362113,243.05,8309861.445599999,0.028232354778267413,-0.4026548672561398
2020-08-28,245.35129011956897,248.72951541849906,239.88470736311845,244.0,9143402.3485,0.03604956815621864,-0.15277777777741391
2020-08-31,244.33459162303348,245.19449214659366,233.43228141360953,234.63,20048058.296000004,0.048139768728007876,-0.8250652741511079
2020-09-01,233.43421975992308,235.36901200369036,230.57809787626658,232.82,9781507.304100001,0.020523615313778765,-0.12820512820446758
2020-09-02,233.83188701763385,236.28874950271535,229.65522079299527,231.59,7819308.900099999,0.028368794326245176,-0.33796296296245426
2020-09-03,233.40640231853206,240.86926491897987,231.9629679884043,233.13,13229349.610699998,0.03815789473684622,-0.03103448275827589
2020-09-04,231.35132432432133,239.7049099099068,229.17079279278985,238.63,12906524.778,0.04553298818532193,0.6909620991255941
2020-09-07,236.50739999999692,237.09091390728167,230.94866225165262,231.87,10558146.5,0.025970653161931118,-0.7549999999993855
2020-09-08,232.9089432587164,237.08558042685794,231.86478396668102,235.98,8692139.2632,0.022415611814350207,0.5882352941181191
2020-09-09,233.4395268904134,235.86575010108862,227.26647796198642,227.85,8464407.5805,0.03683725825549686,-0.6499999999995717
2020-09-10,229.56465400271063,231.4073134328327,225.7564911804583,226.34,7557918.049000001,0.024615384615388723,-0.5706521739124081
2020-09-11,226.86768715846688,226.9598224043685,219.80398497267458,224.81,9777984.996000001,0.03154189792879824,-0.28755364806820305
2020-09-14,226.82873216688796,231.92669717361736,226.0302557200508,228.18,8975974.217,0.02599512591389548,0.22916666666714425
2020-09-15,227.25878251541664,230.88263877714897,225.75396084740916,229.04,8125221.7661999995,0.02256756756757187,0.3473053892220855
2020-09-16,228.34210029657277,231.87395524399793,227.1136290105119,227.82,7851797.222,0.02084734364492691,-0.10967741935416134
2020-09-17,227.81374213415148,229.96350783237074,225.23402329628834,229.38,6784697.689,0.020760312752767778,0.3311688311694049
2020-09-18,229.3772098303696,230.63634299452076,223.78788700413756,229.93,9496367.7983,0.02985674119695144,0.08071748878967404
2020-09-21,228.8275902306618,230.11745183174727,225.20369335142166,226.34,5379840.576,0.021473627700984155,-0.506249999999277
2020-09-22,223.88306358381183,223.88306358381183,211.5986705202282,212.52,22145800.584000003,0.05486968449931827,-0.9249999999996782
2020-09-23,213.01275782154963,214.24120509849052,211.53862108922056,212.03,7657639.2592,0.012687427912346139,-0.36363636363508567
2020-09-24,212.82553779069457,213.99254651162482,210.09228052325275,211.29,6606460.144,0.018326118326123096,-0.3937007874006819
2020-09-25,211.90568775391452,213.13412652350246,210.00160766105324,211.66,4508081.322,0.01478260869565704,-0.07843137254801716
2020-09-28,213.46886842104954,213.92952631578632,209.5993421052601,210.06,4760715.240000001,0.020284851100565538,-0.7872340425523103
2020-09-29,211.07729007081647,212.8278219395836,210.43235727706013,212.49,3774441.8096,0.011348756001750714,0.5897435897446082
2020-09-30,212.45843849956077,214.23967432392828,210.52364786274774,211.23,4049479.5874,0.017490604220877826,-0.3305785123957881
2020-10-09,214.2134831460643,214.76629213482838,212.00224719100817,213.2,5238235.353,0.012903225806456338,-0.3666666666654149
2020-10-12,213.0773388476866,216.33277239018514,212.15598973188514,215.35,9207736.9788,0.01960219083309772,0.5441176470594346
2020-10-13,215.78064027440024,217.13195655280524,214.09149492639395,214.89,6642895.824,0.01409052092229326,-0.29292929292819303
2020-10-14,214.94310403396722,217.2463949044555,211.56494409058442,216.97,8871832.773,0.026432347478215608,0.3567567567572386
2020-10-15,216.05334051723827,216.39116379310033,213.473599137928,213.75,4969034.927999999,0.013503909026301449,-0.7894736842092128
2020-10-16,213.22644502014666,215.0998157743205,212.5815141047753,213.38,4666521.369600001,0.011810456574972409,0.06097560975727366
2020-10-19,214.14830793788693,215.5303061964851,211.29217820345073,211.63,5047638.8943,0.019790620966590147,-0.5942028985498634
2020-10-20,211.60303335249841,213.7221348476105,210.6202616446203,213.63,3108565.4488000004,0.014658925979685407,0.6534653465354229
2020-10-21,213.13298939523915,214.63781885926895,211.87384637431626,214.3,3733059.7368,0.012968299711820286,0.42222222222317635
2020-10-22,213.936655863285,213.936655863285,207.30296110783434,208.47,10336990.404,0.031007751937988926,-0.8240740740734909
2020-10-23,207.82486454301565,208.83834474545685,205.7979041381333,206.32,5672530.060400001,0.014629821191078994,-0.494949494948323
2020-10-26,205.27726002971468,207.3042347696849,202.69747399702524,206.69,3993845.143,0.02244165170557031,0.30666666666725495
2020-10-27,205.27275405892658,206.34764131088085,203.24582381238423,204.29,5858460.9684,0.01511071214841877,-0.316831683167237
2020-10-28,203.70811607142554,207.11707142856835,202.72535416666366,206.38,4945286.976000001,0.021558872305145724,0.6083916083921702
2020-10-29,203.14999999999696,204.7162358276613,202.1672637944036,203.15,6975024.682500001,0.012547241118674566,1.1930781779372173e-12
2020-10-30,202.72360060514072,206.6853252647473,202.69288956126778,203.0,6759292.799,0.0196939857597382,0.06923076923150545
2020-11-02,202.07841646872205,202.17054948534914,188.8726840855077,193.94,17146194.983999997,0.06580547112462472,-0.6120092378750114
2020-11-03,193.9724700389075,197.87280311283743,192.4369058365729,197.32,7075417.5275,0.02802406586447637,0.6158192090399943
2020-11-04,197.1057719788724,198.91774464118984,195.63162472817345,197.72,4649318.2277999995,0.01667186039265056,0.1869158878513319
2020-11-05,199.01062052505668,206.04355757756255,198.94919749403044,205.89,10892938.756800001,0.035648148148152974,0.969696969697267
2020-11-06,205.76284348864687,206.77630227000887,202.7224671445609,205.64,7229945.066399999,0.019701492537318163,-0.03030303030226818
2020-11-09,208.433690357496,216.11137159948422,208.433690357496,215.62,15403485.640199998,0.03683512597613545,0.9360000000002734
2020-11-10,237.11679407805872,237.17821534320007,226.73660026917597,228.18,42687685.249000005,0.044035746664943864,-0.8558823529407984
2020-11-11,227.26288798920075,229.96547368420744,222.74834143049634,227.57,18783963.939,0.031756756756761,0.04255319148977525
2020-11-12,225.99920042502026,234.01466330189623,225.96848983928507,231.22,14452221.1774,0.035602663405358406,0.6488549618323565
2020-11-13,230.94808376135612,235.09409324377407,226.92491900434314,233.19,13067388.9912,0.03537234042553602,0.27443609022590515
2020-11-16,234.29562946884283,242.00413687435855,233.40500510724937,240.53,17577869.0296,0.03670205793682413,0.7250000000002657
2020-11-17,242.49341317364963,243.99824818447905,237.5489552809245,241.05,15317730.8631,0.026595744680855238,-0.2238095238090134
2020-11-18,238.89900296149756,250.59980256663064,238.89900296149756,248.88,20351680.552,0.04897801774007324,0.8530183727036029
2020-11-19,246.02782374999694,247.77836499999694,242.741719999997,245.69,9940789.6,0.02047185120459766,-0.0670731707310879
2020-11-20,244.21076208411495,246.82116384180483,242.79807407407102,244.61,7826479.8885,0.016473843058354223,0.09923664122211641
2020-11-23,239.54749873673273,245.38263011621726,232.7910308236454,243.11,17102728.5656,0.052564102564106555,0.28292682926851215
2020-11-24,242.6230923192364,246.64633600199843,240.71896172128797,245.51,9503221.6342,0.0244303797468395,0.48704663212478416
2020-11-25,248.7590120992859,254.87049893974984,246.20999999999694,246.21,12199599.577100001,0.03481481481481862,-0.2943262411343633
2020-11-26,246.9441172161142,252.7484249084218,246.9441172161142,251.52,9278612.343,0.02350453923641732,0.7883597883601853
2020-11-27,253.37148217635706,253.86286929330512,242.1924252657881,245.54,13496505.8085,0.0460606060606097,-0.6710526315786297
2020-11-30,247.22070809984402,249.8311130922026,241.13999999999692,241.14,9275022.6712,0.03515527950310944,-0.6996466431091087
2020-12-01,244.1550621001099,246.42770041399768,242.65020700037337,244.8,6638391.480899999,0.015471698113211464,0.17073170731783432
2020-12-02,244.14928939755697,248.14166771474973,242.15310023896058,244.18,6874454.4775,0.02452830188679653,0.00512820512872066
2020-12-03,245.16370324189222,248.11193266832612,244.1809600997476,246.3,6752325.918,0.01603407240386224,0.2890625000007058
2020-12-04,247.98797187268383,250.5676609918548,245.00904515173644,248.94,6506240.37,0.0224148606811185,0.17127071823256723
2020-12-07,248.27398945518146,248.27398945518146,242.3466168717017,244.65,7646380.9786,0.0238743196437448,-0.6113989637299517
2020-12-08,245.07471162377684,245.62751172518387,239.33173279249286,242.28,6555140.502400001,0.02568922305764808,-0.4439024390238311
2020-12-09,241.07998429113445,242.61552559235187,233.98578347950996,234.6,9778971.8903,0.035796178343953156,-0.7508896797148605
2020-12-10,233.43177733333025,235.5508133333302,229.34725866666366,230.33,7480803.75,0.02657545059860946,-0.4999999999994292
2020-12-11,230.95288180610586,233.83979282868216,228.18881806108595,231.26,6174697.89,0.024468085106387216,0.054347826087482766
2020-12-14,232.23874540682112,236.47690288713602,229.72041994750356,234.02,6870204.954,0.029092832583976696,0.2636363636367768
2020-12-15,235.8581770145279,235.9503091149242,231.49725759576972,232.48,4648895.97,0.018880208333337437,-0.7586206896543132
2020-12-16,232.78986468558992,233.92617405146947,229.2580923321806,231.5,6370674.365599999,0.020052770448552977,-0.2763157894729702
2020-12-17,231.40668199736888,236.75037976346607,230.3932220762125,233.71,7935655.490999999,0.027471798274722316,0.3623188405801295
2020-12-18,232.79209308475168,234.60406320242984,226.83408964696252,232.27,11040769.1637,0.03337730870712821,-0.06719367588892729
2020-12-21,229.75184959349286,229.9361178861758,222.1354268292653,226.65,15768228.294,0.03395268012298255,-0.3976377952751489
2020-12-22,224.5012296214393,228.1251892788032,221.58363498203622,222.29,9172752.142399998,0.02913816689466918,-0.33802816901356775
2020-12-23,223.3329685362487,226.5883720930202,222.90300957592038,224.5,6684868.537,0.016501650165020993,0.3166666666674001
2020-12-24,224.47077380110025,224.5014853586048,215.74869146979466,217.1,12865929.9155,0.038993022301276554,-0.8421052631574529
2020-12-25,217.4349258649064,224.19137836353346,216.82070291048575,223.7,6399511.8924,0.03389830508475037,0.850000000000296
2020-12-28,223.88966433566122,226.59231048950733,219.58999999999693,219.59,8426604.615,0.031275720164613385,-0.614035087718774
2020-12-29,222.65798492117582,228.43173680602837,221.8287758738832,224.04,7636465.819000001,0.02965517241379731,0.20930232558183062
2020-12-30,223.11661889161587,226.3412912912882,220.6904368004338,224.99,7531886.9736,0.02532690984171118,0.33152173913091665
2020-12-31,226.18707375098833,237.33519429024273,224.19085381971686,232.36,19297951.5768,0.0581126951799091,0.46962616822449466
2021-01-04,232.48272035101004,241.91101561491493,230.85503419795808,237.98,17038990.1619,0.04755614266843197,0.4972222222224545
2021-01-05,238.01423027166575,238.01423027166575,233.40750323414966,237.4,15125103.933999998,0.01935483870968147,-0.1333333333326389
2021-01-06,236.81297973931817,244.0915008388148,235.8609368950802,237.98,15518543.373899998,0.03475554402801617,0.14179104477647103
2021-01-07,238.4986209624227,239.419939353985,230.32959789057048,232.94,17204692.937,0.038114859644608735,-0.6114864864860825
2021-01-08,233.86208212687242,236.84102132139725,231.65091076598802,233.34,12306566.457400002,0.022193040052532018,-0.10059171597572131
2021-01-11,233.68056804249787,235.21612178177043,224.5900899060043,225.45,16462661.5899,0.045472466815617306,-0.7745664739880789
2021-01-12,225.11014650026826,227.2599023331494,221.2098752034696,226.4,14124194.6768,0.02687585266030447,0.21319796954361808
2021-01-13,226.65036731537276,238.62782575073803,226.43538729217394,238.29,25649716.9421,0.05379403794038355,0.9546599496223406
2021-01-14,236.81305036167282,237.1815831854752,224.8050225194456,225.02,24299970.588199995,0.05226300090779814,-0.9528535980145657
2021-01-15,223.73476508200966,226.222413122043,220.78644147900724,220.94,17830424.6802,0.02429649965683339,-0.5141242937846496
2021-01-18,219.5802631578917,223.84902631578635,217.61478947368118,221.73,9772405.736000001,0.028391608391612748,0.34482758620733345
2021-01-19,221.73914863921536,222.41480809490272,217.00953244940382,220.05,11517843.542000001,0.024376731301943573,-0.31249999999937594
2021-01-20,219.06772881355624,219.8662372881325,217.43999999999693,217.44,10167893.148,0.011075283891775261,-0.6708860759478259
2021-01-21,214.97461928933708,218.96700507613906,214.36040609136754,217.8,12133738.26,0.021428571428576047,0.6133333333338643
2021-01-22,216.51236476042973,221.11901081916227,215.74459041730765,218.57,10494370.2149,0.024822695035465418,0.3828571428576414
2021-01-25,217.89463268990116,222.90052770448239,214.66997639216478,221.15,17789583.7124,0.03777307963354908,0.39552238806002765
2021-01-26,221.17862842892458,224.00401496259036,215.80425187032117,221.67,13114412.350200003,0.03707303526798539,0.059925093633328756
2021-01-27,221.27355555555266,235.58493333333024,217.98746666666383,234.94,26726132.565,0.07952810548230797,0.7766143106458561
2021-01-28,230.36382453825556,237.9494617414217,230.36382453825556,232.79,19479685.094,0.032928942807629855,0.31983805668052073
2021-01-29,234.11294430379454,250.05215696202217,230.3354430379718,242.62,31862520.16,0.08421881149154259,0.43146417445496166
2021-02-01,218.35999999999694,218.35999999999694,218.35999999999694,218.36,5574524.399999999,4.5795933321121515e-15,3.069544618483633
2021-02-02,196.5199999999969,196.5199999999969,196.5199999999969,196.52,6013972.17,5.088540606554094e-15,3.097966327914037
2021-02-03,176.86831028667493,185.49827993254323,176.86831028667493,182.12,115194610.329,0.048793193262724494,0.6085409252671912
2021-02-04,175.08465383954345,181.1347637862879,173.5490929393545,178.77,44520229.8279,0.04332573232766734,0.4858299595145132
2021-02-05,178.1229873244231,183.77378554299102,176.58744433024705,179.29,26450828.4978,0.0403448275862123,0.16239316239357007
2021-02-08,178.98177938516858,178.98177938516858,167.98735985533153,169.83,30976582.559999995,0.061427590940293465,-0.8324022346365182
2021-02-09,170.23303693570162,181.41196990423768,168.2982216142242,179.6,27356717.6824,0.07703409705935976,0.7142857142858905
2021-02-10,179.23280852526332,183.77812306634266,175.14816775523934,178.68,26956541.727199998,0.04814941740918965,-0.06405693950141406
2021-02-18,182.7289256198317,189.0553388429721,178.7365289256169,185.8,47491349.894999996,0.056470588235299254,0.2976190476193168
2021-02-19,183.95610436494613,187.33426320971142,180.2401296357043,187.15,26386865.2124,0.03856427378965471,0.4502164502168173
2021-02-22,185.80085371859818,193.4785749466394,182.72976522738168,187.06,30233473.375499997,0.057851239669426506,0.11714285714313115
2021-02-23,187.05826926276936,189.1465901148246,183.3422865701417,184.54,19861941.8904,0.03102938762108548,-0.43386243386182477
2021-02-24,185.79803117308964,190.3738835110715,184.63103527481238,187.18,21857625.0865,0.030909090909096132,0.2406417112304423
2021-02-25,189.0241116751239,197.4388324873065,188.04137055837262,193.6,25263865.0112,0.04971567831032202,0.48692810457543767
2021-02-26,188.84226890755997,196.3664770523562,187.49098254686183,190.04,18355189.6528,0.046999512115796296,0.13494809688614337
2021-03-01,187.03009153317768,190.96110166720837,182.79197123242588,187.89,16918726.377,0.043678160919545427,0.10526315789510282
2021-03-02,187.6489365265418,187.71036007368633,180.92305811421568,183.38,16855571.128900003,0.036170212765962544,-0.6289592760175526
2021-03-03,181.19264535364948,185.79923803213208,179.96422063938746,185.4,12768686.645499999,0.03220338983051367,0.7210526315793532
2021-03-04,183.34652673662865,186.5712143928005,183.00870231550587,184.36,10762121.9718,0.019430485762149407,0.2844827586214709
2021-03-05,182.73599208964762,187.28135794330606,182.21388925510576,186.36,10114268.0076,0.027731092436980083,0.7151515151519816
2021-03-08,186.3236689913219,188.6269943867973,179.7208028576258,180.55,13988347.3887,0.04779957145212314,-0.648275862068549
2021-03-09,180.58538113469922,181.50673512008035,170.60404629307044,176.47,13017138.9452,0.0603741496598692,-0.3774647887320743
2021-03-10,178.83412428397537,180.4311317479573,176.53074813400144,176.93,7929961.7705,0.02181006354113553,-0.4881889763770368
2021-03-11,176.95820656797383,181.65702739492627,175.33051046451973,180.49,8469593.297100002,0.035751475182233726,0.558252427184869
2021-03-12,180.8910556940951,184.88355777223302,179.50903574397043,184.73,12103429.315499999,0.029711375212229486,0.7142857142861495
2021-03-15,185.22012349744466,190.0418047093662,183.56171085130603,186.51,14188176.8195,0.034985906151555606,0.19905213270186461
2021-03-16,187.33756019261338,191.483555377204,185.46418459068724,191.33,15167295.717,0.03213114754098879,0.6632653061228482
2021-03-17,188.90581244947145,192.22264349231702,187.64664510913195,189.95,10441011.067,0.024223703462856818,0.228187919463711
2021-03-18,189.7926470588204,191.8809803921537,185.4624264705852,187.95,10860080.148000002,0.03381877022654221,-0.2870813397123926
2021-03-19,185.49264214046514,187.58096989966242,180.60964046822443,183.65,12532327.262,0.03758278145695874,-0.264317180616263
2021-03-22,182.42316871063667,185.34071097116032,181.37899569108083,185.31,7809622.766400001,0.02171717171717711,0.7286821705432295
2021-03-23,185.10110110449986,185.80747663551088,178.9279932030556,180.74,10176816.9195,0.037166085946579004,-0.6339285714280354
2021-03-24,179.96416065911123,180.6705046343944,177.5073120494305,178.92,6514496.8716,0.01757679180887915,-0.3300970873775711
2021-03-25,178.46280165716936,179.29200414292802,176.89653029518078,177.91,5559756.441,0.01342281879195184,-0.2307692307678521
2021-03-26,178.0652153191459,181.32063319148628,178.0652153191459,180.43,8796131.662500001,0.01828216626423466,0.726415094340345
2021-03-29,179.96733108107804,183.34555743242933,178.18608445945645,181.81,9646528.112,0.028668941979527542,0.3571428571433836
2021-03-30,181.8399083658547,182.6998167317125,179.81298150347564,180.98,7665283.8027,0.015875696672864835,-0.2978723404243663
2021-03-31,180.9525803108777,180.9525803108777,177.5128842832439,177.82,8868421.41,0.019008825526142605,-0.9107142857131245
2021-04-01,177.63725557461103,179.66423670668647,177.33013722126626,179.05,5744697.189,0.013139695712315436,0.6052631578957894
2021-04-02,179.20075239397778,179.81497948016107,178.34083447332117,179.6,7358579.335999999,0.008226221079696967,0.2708333333352347
2021-04-06,179.7243817934752,183.90116168477948,179.7243817934752,180.83,9349728.896000002,0.023239917976765525,0.2647058823536173
2021-04-07,180.57726657645162,181.6521312584543,178.30469553450308,181.56,6609491.847999999,0.018537414965991712,0.2935779816522065
2021-04-08,179.47925227233443,181.01483793517096,178.4350540216056,179.08,7020288.427600001,0.014373716632448928,-0.15476190476065296
2021-04-09,178.45902821316304,179.07323928944305,176.1250261232989,176.34,7650118.852200001,0.01652039235932401,-0.7187499999987154
2021-04-12,176.37323226950042,176.83389716311743,172.2886702127629,173.21,6664252.2,0.025770503221318446,-0.6959459459451152
2021-04-13,173.18017559262208,176.0670237050013,172.4738191395931,174.9,5201563.559,0.020748359638239445,0.4786324786331978
2021-04-14,174.12923811207045,175.32695244829105,172.93152377584985,173.73,7517422.115599999,0.013756613756619523,-0.16666666666531565
2021-04-15,173.2127279227713,173.27415087593545,171.33932785126618,171.8,6497463.4452,0.011170212765963253,-0.7301587301567546
2021-04-16,171.83142320757784,172.90632934024364,170.60295905595976,171.77,7245686.1967,0.013404825737271165,-0.02666666666532147
2021-04-19,171.95168632282747,174.53142228480593,170.0783066361526,174.47,11183495.0266,0.025897481693165133,0.5655172413798711
2021-04-20,173.17715754031238,175.20405812510765,172.34797093744157,173.3,6952146.0921,0.016492285866293983,0.043010752689231824
2021-04-21,172.59670695392936,176.18991241898448,172.01319495533065,175.33,7802224.831500001,0.024199288256233548,0.6544117647064622
2021-04-22,175.33266015971296,176.06973913043166,172.53790239573783,173.06,8315572.3175,0.02014363286040152,-0.6434782608685135
2021-04-23,172.50648154719354,173.45853797018853,170.75592618878335,173.09,6984201.0864,0.015666726010331374,0.21590909091014596
2021-04-26,169.68234741783715,169.68234741783715,161.63587230046642,163.54,21235204.335,0.04742081447964359,-0.7633587786254745
2021-04-27,162.49557056451283,162.6184173387064,150.11875806451312,152.33,26907480.688,0.07692307692308249,-0.8132678132675011
2021-04-28,151.34873599999696,153.86711999999693,147.66329599999705,153.56,11040482.5,0.040990259740266134,0.35643564356479585
2021-04-29,150.45289060908226,153.52398451822867,148.57952332450296,150.76,9076086.139400002,0.03286384976526469,0.06211180124284841
2021-04-30,150.48005698005392,151.98485754985444,149.19022792022486,150.91,5916880.5696,0.01857142857143516,0.15384615384719638
2021-05-06,149.37791862954708,149.37791862954708,142.80578158457934,143.42,14843777.130000003,0.04399671052632225,-0.9065420560741559
2021-05-07,141.91686105588377,143.23744643251285,138.47719681908242,139.03,11325845.9772,0.03354252326336978,-0.606451612902453
2021-05-10,139.02901890188707,139.73537353735057,134.97515751574852,136.48,9215737.445199998,0.034239010382158444,-0.5354838709669891
2021-05-11,135.619705040719,140.84057230904378,135.12832929781786,139.52,7372304.5319,0.04211956521739827,0.6827956989251539
2021-05-12,138.99866549604607,140.22711150131383,137.67808604038325,139.92,4908286.7772,0.018338488731779012,0.3614457831336057
2021-05-13,139.15505272407427,140.90562390157862,138.20298769771225,139.8,4084232.8384000002,0.019421761200625037,0.23863636363741741
2021-05-14,140.0158899676345,142.59569579287717,139.98517799352445,142.35,5658567.9075,0.018644439570088357,0.894117647059651
2021-05-17,142.8055034396468,148.732699603916,142.49839483009916,147.32,9735819.4674,0.04365591397850127,0.7241379310348599
2021-05-18,147.4101077050508,148.48497307373347,145.41392916321158,148.27,5285906.8319999995,0.020833333333339994,0.28000000000091463
2021-05-19,147.71904661463515,147.71904661463515,145.20075933347087,145.6,3886038.8764999993,0.017047817047823828,-0.841463414632589
2021-05-20,145.2972244383761,147.0785051438138,144.16089019525202,146.28,4209529.3977,0.020080321285147362,0.33684210526410047
2021-05-21,146.36551738761352,147.25611747243119,144.43076547921663,144.83,3204462.5784,0.01930339907680083,-0.5434782608682772
2021-05-24,144.8330740276005,147.04426599748754,144.03458803847462,146.86,3504178.3482,0.02078032230704674,0.6734693877558934
2021-05-25,146.98540441921452,154.26403811068002,146.8932698155251,151.5,10997886.716,0.0501462599247871,0.6125000000003356
2021-05-26,152.2627365001999,152.44699959398798,149.86731628095512,151.28,5172157.6386,0.016942315449784758,-0.380952380951036
2021-05-27,151.31718705763092,152.29996562183717,150.85650960565923,151.87,4162497.2660000003,0.009539273391522806,0.38297872340611316
2021-05-28,151.71213287421202,153.06341502936698,150.76009317398925,151.62,4623290.6775,0.015182186234824431,-0.039999999998638125
2021-05-31,149.87092341886944,152.9420488987643,146.86122044857248,151.99,5945785.5135,0.040573770491809664,0.3484848484853034
2021-06-01,151.96297599999696,155.31058399999688,151.53300799999698,153.56,6884803.999999999,0.024858528698470262,0.4227642276429823
2021-06-02,154.04853717026072,155.52268585131586,152.26727418065244,153.68,6514260.7428,0.02113237639554075,-0.113207547168832
2021-06-03,153.9235339210396,162.30763702567722,153.15575891145738,160.25,15783209.6814,0.05945730247406842,0.6912751677854946
2021-06-04,157.2384251968473,159.08106299212284,154.62802165354026,156.01,9034890.236,0.02832031250000612,-0.27586206896476595
2021-06-07,153.85873537261025,156.00845822212776,148.94508314514167,149.59,9629181.7948,0.04590818363274068,-0.6043478260864347
2021-06-08,150.45060369609547,152.47749486652663,148.3315811088265,149.56,7670883.100000001,0.027556644213111235,-0.21481481481402054
2021-06-09,149.55934493346675,150.69562743090785,148.79158648924977,150.02,3534893.9585000006,0.012731006160170762,0.24193548387245953
2021-06-10,150.0199999999969,150.0199999999969,150.0199999999969,150.02,0.0,6.665777896280589e-15,3.097966327914037
2021-06-11,150.0199999999969,150.0199999999969,150.0199999999969,150.02,0.0,6.665777896280589e-15,3.097966327914037
2021-06-15,150.0199999999969,150.0199999999969,150.0199999999969,150.02,0.0,6.665777896280589e-15,3.097966327914037
2021-06-16,150.0199999999969,150.0199999999969,150.0199999999969,150.02,0.0,6.665777896280589e-15,3.097966327914037
2021-06-17,150.0199999999969,150.0199999999969,150.0199999999969,150.02,0.0,6.665777896280589e-15,3.097966327914037
2021-06-18,150.0199999999969,150.0199999999969,150.0199999999969,150.02,0.0,6.665777896280589e-15,3.097966327914037
2021-06-21,150.0199999999969,150.0199999999969,150.0199999999969,150.02,0.0,6.665777896280589e-15,3.097966327914037
2021-06-22,150.0199999999969,150.0199999999969,150.0199999999969,150.02,0.0,6.665777896280589e-15,3.097966327914037
2021-06-23,150.0199999999969,150.0199999999969,150.0199999999969,150.02,0.0,6.665777896280589e-15,3.097966327914037
2021-06-24,150.0199999999969,150.0199999999969,150.0199999999969,150.02,0.0,6.665777896280589e-15,3.097966327914037
2021-06-25,158.7133581358888,163.28926571372307,145.8762482866625,156.84,45152769.853700005,0.10971362229102735,-0.10758377425025763
2021-06-28,152.9449140545975,155.95467340747913,149.99657836197878,151.87,17444194.1405,0.0389558232931788,-0.18041237113347094
2021-06-29,150.94825714881753,151.10181590481838,147.10928824879676,147.14,12398031.462299999,0.02644964394710715,-0.953846153845144
2021-06-30,146.18233949719203,150.29755661749113,145.84452316642123,147.81,8486360.051900001,0.030462184873956036,0.36551724137992675
2021-07-01,147.877729945398,148.30769634606997,145.11366022679243,146.25,6504269.1304,0.02159916926272724,-0.5096153846142649
2021-07-02,145.29166232072697,145.84445241199163,141.2685788787453,141.33,9206259.582,0.03149439864722718,-0.8657718120796747
2021-07-05,141.23792027729328,142.65060658578548,139.42599653379247,141.76,6583106.553599999,0.02283105022831752,0.1619047619056657
2021-07-06,141.54951853429608,146.21767362590228,140.228922028118,144.16,7413333.243399999,0.04230852679540703,0.4358974358978768
2021-07-07,143.97147234042248,145.62984680850755,142.80446808510334,144.34,5185268.89,0.019624573378846526,0.13043478260973285
2021-07-08,144.3410869565186,144.40250869564903,141.2699999999969,141.27,5491824.08,0.021702127659581346,-0.9803921568614463
2021-07-09,141.05507152145336,142.65203727784692,140.16445600346464,141.7,3850719.3606,0.017635532331816375,0.25925925926039234
2021-07-12,141.7022159948234,143.54489760723985,140.35091614571803,142.47,5925576.0849,0.02254009536194885,0.24038461538550465
2021-07-13,142.81067961164737,144.34627831714897,142.07359223300662,142.35,8081980.902,0.015913978494630582,-0.20270270270125054
2021-07-14,142.25026775835047,142.2809780924952,138.68786899756276,138.78,8785669.4337,0.025259067357519822,-0.9658119658108426
2021-07-15,138.23277019467133,138.44775117475635,135.74513313940176,137.25,7258043.4623,0.019551210842042085,-0.3636363636350952
2021-07-16,139.61708978327866,142.62687306501232,138.51145510835607,138.88,7463173.4646,0.029476462824467937,-0.17910447761115492
2021-07-19,138.32653922214595,139.98498352010242,135.777448912324,139.77,5385867.7521,0.030417406749563027,0.34306569343130344
2021-07-20,138.19933554816967,139.58132890365138,137.5851162790667,138.66,2858257.3214999996,0.014444444444451568,0.23076923077066488
2021-07-21,138.04554555680227,139.21256017997433,136.35644544431636,136.51,5248623.107,0.02068965517242082,-0.5376344086008829
2021-07-22,136.04644870349185,137.39770011273646,135.18656144306345,136.2,3829210.045,0.016252821670436124,0.06944444444580197
2021-07-23,136.20683978668822,136.23755158821848,132.42928819846665,132.46,6797219.854600001,0.02795941375423491,-0.9838709677408622
2021-07-26,131.13732583720042,131.2908824248318,125.54786604741811,125.64,8930534.361,0.04379391100703306,-0.9572192513361983
2021-07-27,125.30618843141889,127.36391260418974,121.34430159130784,121.59,6715069.727,0.04803921568628217,-0.6173469387748924
2021-07-28,121.7046886258332,122.59528564075855,117.92732887287394,119.34,6083370.953799999,0.038354781731019846,-0.506578947367652
2021-07-29,119.9234374999969,120.50693181817871,117.19022727272424,118.91,5543691.859199999,0.027656850192069662,-0.30555555555453473
2021-07-30,117.6529416342382,119.21919066147551,115.1960804150424,118.39,5774655.4605,0.03419472722527582,0.1832061068709441
2021-08-02,115.62724519357081,118.05342112193524,112.40258098498518,116.61,10025865.7291,0.04887118193891918,0.17391304347877623
2021-08-03,114.6131730266567,118.88199163617044,113.84539989544919,117.5,6185716.490599999,0.04394426580922593,0.573170731707814
2021-08-04,117.43843551796728,118.51331659619136,116.08715644819986,116.21,5072599.576,0.020658995815908066,-0.506329113922567
2021-08-05,115.87005545286199,119.12534988116927,114.70306311063864,116.3,5633583.9931,0.03816591571694432,0.09722222222289764
2021-08-06,116.39704157782204,117.0112739872037,114.7386140724916,115.23,3545526.3144000005,0.01952506596306912,-0.5135135135119252
2021-08-09,114.36895119418186,119.03707165108723,113.9082814122504,118.3,5239776.6036,0.04484425349087833,0.766467065868715
2021-08-10,118.48076466029141,119.09497287522295,117.00666494445576,118.88,4296868.8392,0.017625712804570218,0.19117647058962373
2021-08-11,118.84939728135113,123.79377789176392,118.5422928956112,119.74,7364463.9516,0.04418604651163597,0.16959064327540807
2021-08-12,120.32759089719801,120.57328276222546,117.10288516871262,117.41,4383399.4249,0.028841245533443378,-0.8407079646006483
2021-08-13,116.89003141360949,118.17993717277174,116.09151832460427,117.32,2815467.97,0.01786652653705512,0.20588235294255228
2021-08-16,116.79795738045436,119.46990644490334,116.39870062369761,118.18,3029565.8016,0.026295030239293072,0.4500000000008504
2021-08-17,118.60878926038198,123.9833459979705,118.05597771023002,121.25,11376719.4576,0.04997410668048446,0.44559585492272585
2021-08-18,119.80045850984,123.33213057562611,118.54134064290757,123.24,7472588.4389,0.0399897462189262,0.7179487179492144
2021-08-19,121.67296036126136,123.11632965378517,120.99734069242044,122.41,4454144.9377999995,0.017415446744076826,0.34782608695780937
2021-08-20,121.91971794871482,121.91971794871482,118.81798205127899,119.77,4778153.25,0.02544080604534815,-0.6930693069294769
2021-08-23,118.27152402980934,120.57491647391106,118.24081213055466,119.5,2926977.513,0.01973513373150658,0.5263157894747776
2021-08-24,119.34005641025334,120.66059743589433,118.69514102563797,119.77,3980843.49,0.01646937725168096,0.21875000000145406
2021-08-25,119.77308518253115,130.82906227630326,119.31241947029065,128.71,15966780.8553,0.09615384615385372,0.7760000000001994
2021-08-26,127.97657284767908,130.0035596026459,124.4754139072818,129.85,10892768.479600001,0.043196544276465326,0.3388888888893847
2021-08-27,128.27699202705656,131.2866030442104,127.10999999999692,127.11,6281860.0499,0.03255925305243765,-0.2794117647050763
2021-08-30,125.11625652497825,125.57692020879628,122.8436490181426,123.55,5894056.667699999,0.021845851742766844,-0.5730337078638372
2021-08-31,122.84723827131674,133.59637162005697,122.72439103304544,132.89,13473097.161700001,0.08850000000000745,0.9237288135595221
2021-09-01,131.74948240165327,135.12767425810594,131.22739820565604,133.5,10423846.4841,0.029603729603737135,0.4488188976384694
2021-09-02,132.30016551723833,134.9719655172383,131.44027586206593,133.59,5963376.284999999,0.026694521819877557,0.3652173913051156
2021-09-03,133.46642920353685,139.4242035398199,131.74665929203246,138.81,10973364.912,0.0575241601472689,0.6960000000003128
2021-09-06,137.68152332522357,143.056108777357,136.88301348662088,138.91,9762312.9376,0.044836047289768366,0.19900497512484397
2021-09-07,138.8160034602046,142.25569204151938,137.6796777681631,142.01,8422497.6256,0.03296460176991841,0.6979865771817287
2021-09-08,140.78062788144587,141.88623490669283,138.26230076838334,139.89,7246535.3795,0.025741710296691207,-0.24576271186349366
2021-09-09,139.30922155688313,139.58562874251186,137.5893546240821,138.48,5550821.1333,0.014329805996479771,-0.4153846153828694
2021-09-10,138.20445609436132,143.54836173000996,138.20445609436132,140.6,8246073.057600001,0.038666666666673635,0.4482758620694577
2021-09-13,138.1991001124828,139.58109111360764,135.2815635545526,136.51,8160600.836500001,0.03111111111111824,-0.39285714285633
2021-09-14,136.04967682363488,137.83091412742064,132.82502308402277,133.04,5644067.496,0.036794582392783715,-0.6012269938642932
2021-09-15,133.56555425904006,134.51761960326405,130.709358226368,131.6,5273107.7165,0.028512301678553925,-0.5161290322571264
2021-09-16,131.26346818073972,132.3691033830108,129.02148568724556,129.82,5210663.0565,0.025503041647176452,-0.4311926605494079
2021-09-17,128.36929422547826,134.8184692942224,128.36929422547826,134.02,5563876.9996,0.05023923444976841,0.8761904761908158
2021-09-22,132.05360872591942,134.01905778602614,131.1323044789944,132.33,2976343.5048,0.021860465116286573,0.09574468085210038
2021-09-23,133.93420152530308,134.8862676219058,132.33718742777597,132.89,3979779.8850000002,0.019032332033944544,-0.4096385542154905
2021-09-24,133.59724749772215,136.6684485896238,132.98300727934182,135.01,4697652.2012,0.027586206896558985,0.3833333333340645
2021-09-27,134.51017639077037,138.10325644504437,132.08407960198707,135.8,5505737.5692,0.04474885844749562,0.21428571428619034
2021-09-28,134.9178956916069,135.9928163265275,133.2901587301557,135.44,2954452.599,0.020031868882319937,0.19318181818288938
2021-09-29,134.51087989142422,136.5070459172102,133.49744175525595,135.77,4344149.757,0.02237442922375169,0.418367346939662
2021-09-30,135.43932203389525,136.5449491525393,134.27227118643765,135.9,3009320.37,0.016780045351481154,0.20270270270396448
2021-10-08,140.34761702127363,147.04253617020964,139.27274468084812,144.34,14294439.0,0.0553610503282342,0.5138339920951889
2021-10-11,144.03582510577985,153.5563167439018,143.08377594196767,152.42,16846349.6292,0.07270788912580613,0.8005865102641481
2021-10-12,151.5889118347865,158.31459491659731,149.65412629070394,154.66,19145038.895999998,0.05713128038898501,0.3546099290783289
2021-10-13,153.55573312025263,154.96844586495894,150.17750699160706,153.74,9522925.313800002,0.03120000000000628,0.038461538462173414
2021-10-14,152.91565151514862,165.3540606060575,152.66995454545167,162.16,21672719.904,0.08294838320948576,0.7288135593222183
2021-10-15,161.7213676190445,166.32793904761587,158.15895238094936,161.23,15735066.375,0.050512723129515956,-0.06015037593946457
2021-10-18,159.66752062868056,161.57161493123454,154.72301768172585,156.32,13227553.006,0.04289286401231592,-0.4887892376676451
2021-10-19,155.09511668954391,157.55206903314064,153.498097666206,156.6,7932451.072400001,0.026138613861392546,0.3712121212127875
2021-10-20,156.41142211745913,158.56119622863568,151.06769789824884,156.35,11228014.6785,0.04790889456116867,-0.008196721311066428
2021-10-21,155.43288108853963,160.8381739301881,153.89728653125314,155.74,8120126.884099999,0.044655206480938625,0.04424778761105671
2021-10-22,154.56920095884627,157.2103595685146,153.21791050738807,153.74,6892215.2454,0.02582952513412094,-0.20769230769147928
2021-10-25,150.48943874471632,152.9464091732015,147.0496801448371,152.67,9073344.0963,0.03918367346939402,0.3697916666671274
2021-10-26,151.4341161417293,156.50137007873707,151.1270098425167,156.01,10684520.668,0.03548975866964734,0.8514285714289841
2021-10-27,154.9038167938901,158.03628890193465,153.64468584849962,156.9,8656765.7241,0.028350515463923837,0.4545454545460535
2021-10-28,155.89369221766808,161.3297015798681,154.35809635263985,157.46,8413790.4996,0.04472025216706675,0.22466960352464413
2021-10-29,157.43033333333034,163.17349999999692,155.92543939393644,162.16,10946294.832,0.046039797112764604,0.6525423728816903
2021-11-01,159.29686312903544,159.32757391814843,153.98389661248964,156.84,9716713.0248,0.033545401966460615,-0.45977011494186587
2021-11-02,156.77977159880518,157.97750148956982,152.26525124130777,154.63,7998446.4255,0.03643486777669568,-0.37634408602089486
2021-11-03,153.85934328357902,156.59257313432525,152.66163582089249,154.32,5215153.035,0.02554890219561516,0.11718750000075083
2021-11-04,154.936007311126,155.08956133224703,150.14512185214966,151.22,6848875.308000001,0.03191278493558598,-0.751552795030279
2021-11-05,151.040677136444,153.65118090964404,150.3035937181287,150.58,4440084.7259,0.0221634810898805,-0.13761467889812287
2021-11-08,156.99279531279234,165.40751086750774,156.99279531279234,162.49,21462565.3099,0.053599374021915294,0.6532846715331356
2021-11-09,162.49187662727493,164.02742639695245,152.6029361105517,153.34,17659406.1704,0.07030807030807616,-0.8010752688168634
2021-11-10,153.4289599022969,154.16600854874508,149.43661306736922,150.88,8785827.0095,0.030824659727788643,-0.5389610389602745
2021-11-11,150.1153904533623,154.41493109646188,149.59330337527163,153.77,6568896.598200001,0.032119476268418996,0.7579617834399688
2021-11-12,152.94033083890992,158.0076309570666,151.7426053564365,155.95,7066039.031200001,0.040963855421693264,0.48039215686315895
2021-11-15,155.64901476835615,156.35539348573425,151.68715152740944,151.81,7170092.3764,0.029992107340179895,-0.8223684210517976
2021-11-16,152.6355279249867,154.32465348552475,150.11719527109355,150.67,6720427.1904,0.027565392354130965,-0.4671532846706957
2021-11-17,150.75877994765148,153.30776726393893,150.75877994765148,152.54,4295050.332400001,0.0169077205133494,0.698795180723821
2021-11-18,151.19124974305956,152.2968530318571,149.40999999999693,149.41,4787837.208,0.019094048344511897,-0.6170212765944583
2021-11-19,149.5063465121062,150.27414820947732,147.0493810805186,148.37,5064417.0115,0.0215694330320524,-0.35238095237989364
2021-11-22,148.37006174109592,149.62925704877236,147.41798724016982,149.23,3097766.0444000005,0.014903746636313758,0.3888888888901054
2021-11-23,150.54268121910727,151.8632310543626,148.54650123558176,149.13,4175922.0560000003,0.022031823745416585,-0.42592592592486805
2021-11-24,149.16655179445047,150.9478283034227,147.44669861337383,150.61,3937850.2096,0.023471278567023333,0.41228070175514614
2021-11-25,150.6078663134267,151.16066843284793,149.31799470144384,150.7,2852581.8937000004,0.01223491027733127,0.05000000000164022
2021-11-26,148.54813918947275,148.5788499893879,143.7265436027977,144.74,9835743.507000001,0.03266487492247917,-0.7848101265814774
2021-11-29,138.04830643327716,139.73744032734393,134.5164810184102,135.1,14822822.8908,0.037819799777537653,-0.5647058823522462
2021-11-30,135.22188368859744,136.7881603336391,132.30430954587277,132.55,7007867.619999999,0.033159209629804884,-0.5958904109580907
2021-12-01,134.82034313725188,139.33482843136943,133.5919117647029,137.83,11401083.1704,0.04259681093394783,0.5240641711234438
2021-12-02,136.72289556252497,139.64038771850875,135.12595248767067,137.03,6351700.2814,0.033018867924535275,0.0680272108850154
2021-12-03,138.75031290742854,142.18989569751972,137.09194263363457,141.33,7144252.0265999995,0.036741921204079445,0.5060240963860491
2021-12-06,141.20919711222615,141.66986217457577,138.9365828046349,140.38,4302319.3626,0.019356241844287084,-0.30337078651560895
2021-12-07,142.19501833081426,145.78828337286723,141.73434332542286,142.41,7949765.539999999,0.02850971922246897,0.053030303031048824
2021-12-08,142.40377346416076,144.6456271331027,141.63601535835872,143.97,5921055.5744,0.0211343541082666,0.5204081632661584
2021-12-09,144.2764490750554,146.7025536891315,143.87721667020745,144.43,5802562.8109,0.019582801192003493,0.0543478260880247
2021-12-10,144.18408650742106,144.42976759199175,141.26662362814417,142.71,7832824.272599999,0.021938232161881108,-0.4660194174746124
2021-12-13,142.83476460330988,144.12460767218516,140.5314734088897,140.9,7171308.7276,0.02515588045582273,-0.5384615384605337
2021-12-14,139.42578947368114,140.19355263157587,138.44305263157588,140.04,5152130.592,0.01255506607930243,0.3508771929840103
2021-12-15,140.101823463684,140.34750837988514,136.81578770949415,137.43,5591203.2775,0.02520824199913025,-0.7565217391293443
2021-12-16,136.81777652369894,138.1383521444664,135.58933408577573,136.05,5289464.743,0.0186307519640924,-0.3012048192757804
2021-12-17,136.08048165137302,136.14190366972164,133.59288990825382,133.9,6212785.052,0.018731663281433435,-0.8554216867454473
2021-12-20,133.255023009661,135.37408191440093,132.73293603313084,133.47,3933310.3589999997,0.019820235077214227,0.08139534883834205
2021-12-21,133.16097162315248,135.77136889897537,132.73102383654637,135.28,4166137.113,0.022832103321040614,0.6969696969704778
2021-12-22,137.18986397641947,138.8175923826765,135.40857628655326,135.47,4188802.4914999995,0.024848891873747888,-0.5045045045034569
2021-12-23,135.80489172554968,136.72622749030918,133.74724185092012,134.73,3328883.2381,0.021935775667126373,-0.36082474226689115
2021-12-24,134.20812205519107,137.0028449629765,133.9931433699768,136.88,4318486.6910999995,0.022425629290625106,0.8877551020415403
2021-12-27,137.24756686235838,142.03848662752463,137.2168558382227,141.24,8997513.9534,0.03513090176774044,0.8280254777074737
2021-12-28,141.27205077697218,141.94769971547075,139.2758152768628,140.32,4178352.3275999995,0.018913043478267777,-0.35632183907918136
2021-12-29,140.3230415143011,144.3155990535568,139.77022585501956,142.78,9035516.0653,0.032392208360698706,0.5405405405410995
2021-12-30,142.19318277754024,146.8920071760205,141.02615449556475,145.51,8712155.7492,0.041252699784023995,0.5654450261784404
2021-12-31,146.30755193831342,146.36897408438324,143.14431141571762,143.39,4569273.8952,0.022040302267009326,-0.9047619047606714
2022-01-04,142.49925803791953,149.56279884583367,142.19214756801023,149.01,10039154.326,0.05172413793104126,0.8833333333336322
2022-01-05,148.88442260441954,154.47373054872736,148.39305487305182,149.99,12389655.498000002,0.04084158415842219,0.18181818181866138
2022-01-06,151.0634938775479,151.7084081632622,147.4089795918337,150.48,7400005.97,0.02846106932303954,-0.13571428571353336
2022-01-07,150.4894978995769,155.09631926384964,149.29172434486597,153.53,11490150.010300001,0.038571428571434876,0.5238095238099668
2022-01-10,149.4145729145799,154.45136427285146,148.03252650529808,153.53,6926837.8553,0.042959917780068094,0.6411483253592335
2022-01-11,152.94351945172036,155.55400120943045,151.89932674863633,152.36,6555012.9568,0.02389558232932369,-0.15966386554533124
2022-01-12,152.36074788901982,156.41469240047934,151.28583835946617,152.76,4848457.234800001,0.033662568030645365,0.07784431137783443
2022-01-13,152.72196022726962,155.42446022726958,150.87934659090604,151.34,5473870.6176,0.029760707822246418,-0.30405405405330915
2022-01-14,150.5506505232885,152.82334496203256,148.27795608454446,149.66,5913505.3758,0.030191758465938724,-0.19594594594522635
2022-01-17,149.7220496894379,150.58199171842338,146.7736770186305,148.34,6190801.784999999,0.02543589743590389,-0.36290322580555384
2022-01-18,148.02681790560771,152.75630544864993,146.8905124569547,151.62,6989933.455699999,0.039626556016603906,0.6125654450265962
2022-01-19,150.6973585665361,153.39989933561196,149.37679887255587,152.54,5373146.623,0.02669655594049968,0.45801526717622293
2022-01-20,152.26547306561895,159.32901860920353,151.77409598432612,156.78,9924786.713,0.049616780960070675,0.597560975610086
2022-01-21,159.69672906031084,169.95417281149236,159.69672906031084,162.43,22624362.856200002,0.06423076923077514,0.2664670658685369
2022-01-24,161.99985667876626,164.24175042996055,160.28004777374048,160.71,12743422.0087,0.024454976303323578,-0.32558139534798036
2022-01-25,159.73071153845845,164.5524230769199,159.39288461538152,159.7,12776619.44,0.03230148048452835,-0.005952380951783626
2022-01-26,160.61513183785593,161.68999409680907,154.96442739078796,156.07,9140028.8364,0.04187380497132524,-0.6757990867574319
2022-01-27,153.8627561269555,157.17955805544076,152.63431096825727,152.88,7360361.284,0.029540918163678844,-0.2162162162154896
2022-01-28,151.5896533967092,158.1618142206346,150.54547831253416,155.06,7167257.964900001,0.05024311183144858,0.4556451612906707
2022-02-07,157.54603448275557,162.42904022988193,155.42699425287057,160.31,10360929.006000001,0.04444444444445054,0.39473684210564974
2022-02-08,161.2934194977814,166.6063977104844,161.23199778433974,166.33,12890102.7472,0.033320639756289336,0.9371428571432491
2022-02-09,167.8660610412896,172.84123518850677,165.59345062836329,171.06,14333509.370000001,0.043175997072819404,0.4406779661020606
2022-02-10,170.1707354213502,178.1249351098775,169.74077868142984,177.48,15477631.5997,0.049269085002712515,0.8717948717951395
2022-02-11,177.41629965156486,181.43941463414316,173.8231358884987,176.28,15728873.132,0.04292885580751785,-0.14919354838667445
2022-02-14,178.09844386422665,180.58610966057125,173.24595996518408,176.44,8816136.2475,0.04121400241421475,-0.2259414225936916
2022-02-15,175.0494604316515,175.08017086330617,169.30660971222716,170.75,11079618.832,0.03298245614035626,-0.7446808510631692
2022-02-16,171.121560940838,175.3596756949363,168.91037063435195,172.35,7535536.0092,0.03768844221106092,0.19047619047663564
2022-02-17,171.80268478260555,171.80268478260555,167.99440217390998,169.53,8461863.576000001,0.022166607079018893,-0.5967741935474166
2022-02-18,168.60901898733877,175.42708860759183,167.9947784810097,174.69,8739552.8448,0.0440801457194956,0.818181818182127
2022-02-21,172.28876146788684,174.43853211008863,170.44610091742817,174.07,5147000.274,0.02317290552585227,0.44615384615451037
2022-02-22,171.83202702702394,172.72266666666354,168.94512612612306,170.45,6473903.505,0.021983914209121047,-0.3658536585356798
2022-02-23,169.8310865561663,171.67373848986793,165.37801104972073,166.76,10031496.572999999,0.03707052441230218,-0.4878048780482169
2022-02-24,165.86666414093264,166.45016101534065,159.54032960787725,162.12,10642757.5124,0.04165895204592318,-0.5422222222216989
2022-02-25,164.24557946394557,165.38190826726756,161.02086258965346,162.71,5619699.858,0.026551982049370107,-0.3521126760555555
2022-02-28,161.53776504297684,161.53776504297684,158.52812607449553,160.77,6100398.3735,0.018631178707230377,-0.25510204081521404
2022-03-01,160.77133493352733,167.03634970457597,160.31067208271494,166.33,7475881.3616,0.041833810888258084,0.8264840182651739
2022-03-02,164.8251203258022,167.61980747870848,162.49109589040793,165.9,6279841.7462,0.031116079746605546,0.20958083832391242
2022-03-03,168.14548672566073,174.68703716813852,166.4870654867227,173.52,13916651.165000001,0.04876712328767701,0.6554307116107824
2022-03-04,171.85623805229625,172.86968620378406,169.245841298464,170.29,6721221.4805,0.021086490350255952,-0.43220338982953665
2022-03-07,168.85174833398332,168.85174833398332,155.3079831438621,156.69,12963695.2692,0.08021098581302827,-0.897959183673175
2022-03-08,156.59173869547507,161.99674869947657,153.39786914765602,153.49,9620882.1072,0.05491272798588555,-0.3607142857138877
2022-03-09,153.96005951199854,156.44774449513673,146.7119896845835,154.82,8716608.350699998,0.06323558747257717,0.08832807571008476
2022-03-10,156.65799455887762,160.25120870578777,155.67523513408167,158.04,6784878.5252,0.029209958831607912,0.30201342281939936
2022-03-11,155.09448127924813,160.622601404053,150.4262909516351,157.49,10465097.7896,0.06574257425743173,0.23493975903642547
2022-03-14,149.5593364525702,152.16971501488405,144.3692896639697,144.4,13270121.6984,0.052156057494872864,-0.6614173228341665
2022-03-15,143.72677165354014,147.16638670165906,139.7650721784746,140.41,9036137.8332,0.051495726495733196,-0.4481327800825086
2022-03-16,144.34368737474662,154.0177855711392,144.34368737474662,153.25,13429627.419,0.06702127659575104,0.9206349206351426
2022-03-17,156.84375096674097,161.69617169373237,153.1583681361146,158.84,13638376.773599999,0.054435089093407156,0.2338129496406213
2022-03-18,157.5817840197351,163.0177566900709,157.39751375972372,161.82,10895808.3058,0.03566556226856964,0.754098360656152
2022-03-21,160.2501368821262,161.87782129277255,158.8681406844076,161.54,6526146.698,0.01878114220008277,0.4285714285723101
2022-03-22,156.5345333333303,161.23333333333022,156.44239999999695,158.93,6864233.850000001,0.030606238964102916,0.5000000000005363
2022-03-23,158.65561403508462,159.60767056529903,154.4788499025311,157.55,6466256.244,0.03232675183895309,-0.2155688622748055
2022-03-24,157.23832145684565,158.68172011084403,153.9215756136153,155.15,3721030.3920000005,0.030273437500006238,-0.43870967741861394
2022-03-25,156.00845822212776,156.16200985423615,149.19076575651508,149.59,6430789.6716,0.0446850393700849,-0.9207048458144015
2022-03-28,145.1069295716609,150.23557660625718,144.9840877265209,149.13,6340480.171200001,0.03619047619048274,0.7660818713454731
2022-03-29,148.88306938775204,153.5203102040785,148.05389387754798,150.48,4078579.19,0.03671617161716833,0.2921348314611831
2022-03-30,152.01682169008208,155.7634989115346,149.25287947753515,155.18,5082990.5656,0.042828282828289065,0.4858490566041735
2022-03-31,154.17113821137897,156.0138211382082,149.71798780487498,151.1,4937048.292,0.04083665338646041,-0.487804878048215
2022-04-01,150.18252120733578,157.27703294535104,149.2611560465546,155.68,7241419.302399999,0.05337423312884066,0.685823754789568
2022-04-06,153.80385532746524,159.4855073313752,153.58887390029025,157.09,8002393.971,0.038338658146971245,0.5572916666670883
2022-04-07,155.70922070196002,158.74969660915804,154.20433868728625,154.88,6140924.1375,0.029191321499019863,-0.18243243243171686
2022-04-08,154.8799999999969,154.8799999999969,154.8799999999969,154.88,0.0,6.456611570248021e-15,3.097966327914037
2022-04-11,154.35129818711908,154.47414044592298,146.3972619295656,147.38,7904845.1341,0.05232789494628543,-0.8631178707219459
2022-04-12,147.44750572518802,161.97420229007324,147.44750572518802,160.93,12848577.988,0.09852114142887507,0.9281183932348208
2022-04-13,158.77545168892067,159.69677926158366,153.4010408483866,156.38,9656200.4516,0.03965183752418406,-0.3804878048774983
2022-04-14,158.19513461538156,164.3988653846122,156.32173076922774,159.7,8708750.44,0.05105804698117475,0.18631178707260032
2022-04-15,158.47103016505105,163.32343767785687,157.0275924871911,161.88,6649166.7291,0.039728682170548604,0.5414634146345513
2022-04-18,159.7242057517823,161.4439818567813,157.08312101910525,159.11,6367379.574600001,0.027302441838114252,-0.14084507042179967
2022-04-19,158.50393220338668,159.70169491525107,152.26942372881055,154.02,8319681.391,0.04689013757024425,-0.6033057851234739
2022-04-20,154.08092352940875,158.3805705882322,153.09814705882053,156.63,6316142.43,0.03428343631653007,0.48255813953537186
2022-04-21,155.24223425196544,160.52446259842205,154.50517913385522,156.01,8227309.936,0.03877349159248898,0.12755102040865143
2022-04-22,155.08673170731402,158.15775609755786,151.09439999999705,157.39,7514127.399999999,0.04554455445545155,0.3260869565221314
2022-04-25,153.55450236966504,153.61592417061294,149.03999999999692,149.04,7701300.921499999,0.02980000000000633,-0.9865771812071604
2022-04-26,149.2233534806138,150.97386411004268,144.64745727386108,147.35,6722606.8662,0.042395554640878984,-0.2961165048538372
2022-04-27,146.12845863915598,154.94284864113956,145.29923031144327,154.82,7547697.742,0.06599411517444943,0.9012738853505449
2022-04-28,153.21579800498435,154.44422693266512,145.26172069825134,147.78,8192115.7764,0.05993185007016051,-0.5919732441467581
2022-04-29,146.79631578947073,153.55263157894427,143.75597368420765,151.71,7992707.58,0.0667364016736464,0.501567398119385
2022-05-05,150.8856042884961,157.6421345029209,147.96801169590356,157.55,9491436.738,0.06411561164258701,0.688888888889136
2022-05-06,152.63600912673402,152.94312383322645,147.07723293922118,148.06,9319506.4365,0.03843058350101237,-0.7801047120412271
2022-05-09,146.799111111108,149.7473777777746,144.31151111110808,145.11,5586565.95,0.037029288702935266,-0.31073446327621296
2022-05-10,143.42014006790868,145.047820458401,140.5025997453281,144.71,7186812.6088,0.03169164882227646,0.2837837837843986
2022-05-11,144.7415984896131,149.77822529892703,144.7415984896131,146.4,8953475.6934,0.03479736897942531,0.32926829268346786
2022-05-12,144.80334051723824,145.50969827585894,140.65732758620385,142.5,8388134.464000001,0.03351007423118392,-0.47468354430306087
2022-05-13,140.68607897545056,144.1871077908187,140.5018143009575,143.88,7078866.34,0.02619515389653607,0.866666666667268
2022-05-16,146.1522324414685,148.48624581939487,143.60324414715416,146.92,8088135.619200001,0.0334103803320092,0.15723270440311332
2022-05-17,145.75800624349333,147.87711758584499,144.65238293444028,147.57,6151173.6049999995,0.022123893805316326,0.5619047619055402
2022-05-18,147.65970276008179,148.85744161358494,144.0357749469184,144.65,4887378.129000001,0.03265391014975684,-0.6242038216552848
2022-05-19,142.28017326202902,144.15349304812523,141.42028877005043,143.57,3464711.2225,0.01921001510900745,0.47191011236050806
2022-05-20,143.67023450585964,147.263525963146,143.67023450585964,146.68,7047083.0424,0.02501068832835232,0.8376068376074579
2022-05-23,146.67846283783473,146.67846283783473,143.30019003378072,145.45,5175832.32,0.023031825795651717,-0.3636363636353443
2022-05-24,146.36843842572688,148.94815911975985,144.86360135420767,145.14,7308149.818599999,0.02790600083928486,-0.3007518796984191
2022-05-25,144.37420731707022,151.59138211381804,143.57571138211088,151.1,11733120.552000001,0.05552010210594151,0.8390804597703946
2022-05-26,149.99372644376595,153.24911854103033,149.8708814589635,151.56,6626656.3125,0.022522522522529155,0.46363636363713584
2022-05-27,152.88194087665335,153.25047910295302,148.95086646279003,150.64,4764141.152999999,0.028123744475699278,-0.521428571427739
2022-05-30,153.09861027794136,155.4634233153338,152.39223755248645,153.59,7755325.254899999,0.02006018054163124,0.16000000000094552
2022-05-31,154.14433247371247,157.15412418170686,152.39373933743002,154.82,7577795.0325,0.030882645945413793,0.14193548387158308
2022-06-01,154.8181939046808,156.53805481693277,148.89081611781245,150.15,7891454.1916000005,0.04939496131720514,-0.6104417670677897
2022-06-02,150.20988244998654,150.76268921426785,147.81438647143435,148.92,5005304.6056,0.01962788795747939,-0.43749999999879724
2022-06-06,148.64512170177645,150.14999999999694,145.91177132337603,150.15,5536637.5187,0.028512396694221464,0.35507246376876184
2022-06-07,150.36562962962654,151.8090905349763,148.36935390946198,149.26,5560880.526000001,0.022875816993470428,-0.3214285714275906
2022-06-08,149.25164835164531,151.70846560846252,148.79099511599208,150.91,5637913.7724,0.019547325102887293,0.5684210526324335
2022-06-09,150.20999999999694,151.49988345941216,149.25794316090477,150.21,5422848.3182,0.01492537313433472,1.3691464578810904e-12
2022-06-10,148.49067427385583,149.56558091285996,145.97232157676044,148.03,9227171.82,0.024198552223377898,-0.1282051282042344
2022-06-13,146.48841437631827,146.7033868921745,144.33868921775593,145.26,6951843.711999999,0.0161425576519985,-0.5194805194790075
2022-06-14,144.06665337809181,146.4928451531652,143.72882920687906,146.37,4604290.5731999995,0.019185674696233727,0.8333333333341406
2022-06-15,146.18999999999693,148.95409663865232,145.3607710084003,146.19,8364987.904000001,0.02457983193277978,8.542350274743928e-13
2022-06-16,146.18864300626,148.00064509394264,145.48226931106169,147.11,6059005.12,0.01722689075630926,0.3658536585376598
2022-06-17,146.30583576489897,147.4114214255909,144.89314297623707,147.35,6346481.0906,0.01721242653233239,0.41463414634252677
2022-06-20,148.1246339017021,154.7891675025044,148.06320962888367,153.1,13001019.081500001,0.045407422765919796,0.7397260273976107
2022-06-21,153.5536035136723,156.56325414254027,151.8645138750219,153.83,9545434.410300002,0.030600000000006237,0.05882352941241257
2022-06-22,154.6032824893196,155.0332479153924,150.518610941628,151.01,4908255.6072,0.029201430274142143,-0.795918367346084
2022-06-23,151.31569221386155,152.29846106931996,149.6265582435424,151.07,5202231.5929,0.017657803937493857,-0.09195402298733253
2022-06-24,151.0730286057181,155.3420164032775,149.19958791758052,153.53,7680192.1543000005,0.04065867046148214,0.40000000000044106
2022-06-27,155.05772805837998,164.11734972152556,155.05772805837998,159.91,17412006.4891,0.05842741136859382,0.5355932203392622
2022-06-28,159.94485931693222,175.9147761458118,158.77782693328336,173.55,26201650.3796,0.1071428571428626,0.7939068100359769
2022-06-29,173.48977358490254,177.26729919137148,170.26505660377052,170.91,17261757.9645,0.040361125862990184,-0.3684210526310869
2022-06-30,175.3584303350939,176.80183597883286,171.85740388006752,174.13,15528887.703000002,0.028196147110338222,-0.24844720496827521
2022-07-01,172.50361957525075,172.68788550322859,165.22511542012623,166.3,11541756.264,0.043261527505791555,-0.8312757201640864
2022-07-04,166.36343389198942,168.91247672252942,163.07731843575112,164.92,9620239.008,0.03507476462987477,-0.24736842105205845
2022-07-05,165.31701590270973,166.11550046772373,163.10582787651705,164.15,6972257.9905,0.018205461638497494,-0.38775510203966645
2022-07-06,162.95112260536084,163.47320498083974,159.5422318007632,160.31,7236912.996,0.024123633622320242,-0.6718749999990437
2022-07-07,158.80857722791112,161.17335395321552,158.3479064372674,158.87,6800580.472699999,0.017791529684786624,0.021739130435858026
2022-07-08,161.69027562111486,164.42350155279183,158.06644798136338,158.22,7427789.8688,0.03931623931624528,-0.5458937198061926
2022-07-11,155.24850864982787,156.93766156293185,153.1908132829558,154.45,7158573.8023,0.024134520276959802,-0.21311475409748068
2022-07-12,154.0829376854569,156.6013353115696,153.80652818990794,155.25,5762835.473999999,0.018138329679097533,0.41758241758336356
2022-07-13,156.01363903585818,159.11548500881523,155.55296884185466,156.72,5511918.1887,0.022834645669297746,0.19827586206977726
2022-07-14,156.35043968648142,163.78253679984394,155.3983941884887,160.65,9846629.3448,0.05362404242781991,0.5128205128208191
2022-07-15,160.24699613899307,162.45814671814358,158.49650193049888,159.08,6594395.373999999,0.024722115753168152,-0.29457364341000664
2022-07-18,158.15918407182986,159.3876049189897,156.1322896740161,157.33,5366983.8996,0.02058252427185087,-0.2547169811310597
2022-07-19,157.85207886003988,159.04978918602072,156.04015811047913,157.33,4601582.596899999,0.019066147859928235,-0.17346938775402768
2022-07-20,157.91932518906034,161.1440488656164,157.55078534031105,158.38,4653054.350099999,0.02275379229872277,0.12820512820594576
2022-07-21,158.13631424087566,159.08838760297843,156.38572773636415,156.57,3801723.893,0.01709069722276778,-0.579545454544107
2022-07-22,156.6240687679053,162.58192550142954,156.00985673352136,160.77,7659803.3145,0.041960784313731576,0.6308411214957033
2022-07-25,160.83837827351772,160.83837827351772,157.49077788554496,158.32,4130782.4335000003,0.020813442810775518,-0.7522935779805104
2022-07-26,159.54312796208228,165.86957345971248,159.4817061611344,162.0,9518435.2425,0.04003849855631012,0.38461538461580597
2022-07-27,160.528814229246,165.6269169960443,160.3445454545424,163.17,6135967.761,0.032906064664249356,0.5000000000004837
2022-07-28,163.99857731186512,167.37682515911328,163.47648446274493,164.06,7316944.878800001,0.02378277153558659,0.01574803149685318
2022-07-29,163.3852656068212,163.3852656068212,156.07592477704236,158.41,9791520.1176,0.04473684210526903,-0.680672268907053
2022-08-01,158.44155109488764,172.84532846715015,158.44155109488764,168.3,18335710.648,0.09090909090909663,0.6844349680172225
2022-08-02,166.33111712686937,172.9032846056637,163.4442772062775,170.17,17397697.183799997,0.05686853766617999,0.4058441558444395
2022-08-03,170.1679183159379,174.03746491543407,168.66309463835609,170.69,13369038.123,0.03158274679661279,0.09714285714341529
2022-08-04,171.67602739725726,175.79133825078722,168.97343519493907,174.87,13646932.7904,0.03971377459750117,0.4684684684688506
2022-08-05,176.43907629812475,177.0840233133137,171.37163546449713,173.89,8520408.609599998,0.03237597911227705,-0.44623655913916993
2022-08-08,169.868242721849,177.45411434584045,168.85474570325903,175.12,8538770.659000002,0.05062375700597212,0.6107142857145724
2022-08-09,174.98999999999694,175.9113232713202,172.5638487188457,174.99,6170765.339199999,0.019129519129524902,9.169732496438678e-13
2022-08-10,174.95671497584223,176.5536518160641,171.0257935229885,171.64,6904491.872400001,0.03159557661927899,-0.599999999999327
2022-08-11,172.10875264270308,175.36420014094122,169.09899929527538,174.32,6204955.5216,0.03640256959315332,0.35294117647102424
2022-08-12,176.58448275861764,179.62480689654865,173.82055172413493,178.12,7874425.68,0.03286956521739693,0.2645502645507487
2022-08-15,176.83764312136378,176.83764312136378,173.88932534789194,174.35,5548866.1361,0.01667245571379502,-0.8437499999986696
2022-08-16,174.13509202453685,177.0834110429417,174.0736687116534,175.21,3912121.0275,0.01728395061728961,0.35714285714375427
2022-08-17,175.20869716472123,181.19742563923845,174.59446860323231,176.56,4914077.9041,0.03768624014023328,0.20465116279113607
2022-08-18,175.51198412698102,176.52543915343603,171.15105643738673,174.13,6884980.074,0.030621172353461398,-0.25714285714223606
2022-08-19,174.2513146704434,174.74268249468153,172.80792168674395,173.33,3709171.3296,0.01110327811068586,-0.47619047618864213
2022-08-22,173.08849197860653,174.7468983957188,171.36866310160121,172.29,7358821.569000001,0.01951738821860042,-0.23636363636265562
2022-08-23,172.07071046054674,175.08033559442742,168.99966440556642,172.04,5182923.343200001,0.035338211672323955,-0.005050505050000974
2022-08-24,172.63213599145294,174.96624777500577,171.15796012815642,172.54,4150172.2186000003,0.02206013164917845,-0.024193548386280673
2022-08-25,172.16415669959835,177.44639625584716,171.7034962731813,177.17,5565463.3341,0.03335711737424751,0.8716577540110726
2022-08-26,177.81924874502025,184.66790029426716,176.8364826034243,177.42,9919631.2408,0.044041450777207496,-0.05098039215646
2022-08-29,175.9770767613008,177.7890571328395,172.62951980371236,175.24,5393325.465,0.02931937172775423,-0.14285714285651552
2022-08-30,175.0277041903378,175.3655362215878,171.86436789772424,172.97,4036230.8096,0.02000350938761742,-0.5877192982445703
2022-08-31,173.51568592697316,177.7537681673134,171.91872740162756,173.27,7339949.1802,0.0336283185840765,-0.04210526315735731
2022-09-01,172.90894650355716,173.52318787657157,167.50362242103034,168.21,6582362.115300001,0.03481349911190601,-0.7806122448973162
2022-09-02,168.6686129266491,170.4191793754508,166.85662309367888,169.16,3292758.9612,0.02112163146395345,0.1379310344835738
2022-09-05,168.6371918678495,169.92707750952675,166.33382465056874,169.19,3255342.4715,0.021307594245134242,0.1538461538469744
2022-09-06,170.56977053774443,175.85208968295365,168.63496759502243,175.33,6403517.547900001,0.04231184731725448,0.6595744680854412
2022-09-07,175.32639473683903,178.4895789473653,174.09797368420746,175.05,5939736.3,0.025048169556845697,-0.06293706293634779
2022-09-08,176.59315395095066,181.78345708446557,175.4568153950924,180.34,7184720.832,0.035826086956527045,0.5922330097091338
2022-09-09,179.04665537679628,182.08707027942114,178.34029635901476,181.35,4585355.324,0.020926243567758535,0.6147540983613106
2022-09-13,181.50580417227152,184.4234101615043,179.90879878869146,182.55,5594055.321599999,0.024873096446705916,0.2312925170074305
2022-09-14,178.12804358930396,182.85765026391653,177.17597990805078,180.37,4225296.9612,0.03189655172414347,0.39459459459506674
2022-09-15,180.36416509676002,183.65021407774987,177.96872752183288,179.32,4203315.6749,0.03150008513537049,-0.18378378378320628
2022-09-16,179.19839128178205,181.25602490918212,176.46511676180285,177.54,4620014.4882000005,0.026735218509002897,-0.3461538461531325
2022-09-19,176.68496764559188,186.97341961174402,175.57934295669196,185.1,12572962.670100002,0.06448809316878672,0.738544474393737
2022-09-20,185.33928926441044,186.29132206759132,183.15882703777032,185.37,5160984.6204,0.01690140845070942,0.009803921569609117
2022-09-21,186.13977466198992,187.33750625938598,183.49862293439855,183.99,5457433.751699999,0.020623659462140242,-0.5599999999990605
2022-09-22,182.2049730003344,184.26257171785042,179.7481387107631,181.99,4405839.3686,0.024776672846794415,-0.04761904761835143
2022-09-23,182.24217325483295,185.7739983179111,180.58375105130057,182.58,4684949.5215,0.028479946073480315,0.0650887573970277
2022-09-26,182.12085213032276,189.49167919799183,181.9980050125283,183.81,7631911.0035,0.04114671163575569,0.2254098360659554
2022-09-27,182.20952907255833,192.22137914463892,182.20952907255833,191.73,11499109.681499999,0.05494690712961933,0.9509202453989842
2022-09-28,189.79471177532943,193.72573493184112,185.894399737228,187.0,8190818.6781,0.04126213592233513,-0.35686274509759947
2022-09-29,187.02724050632594,187.2729248945116,180.02523544303492,181.96,9254107.004999999,0.038752052545161154,-0.6991525423723571
2022-09-30,181.53460539978914,181.56531671858457,173.8260643821361,177.45,9896775.652800001,0.042632380307905775,-0.5277777777773106
2022-10-10,175.36154782608392,182.210168695649,174.7473217391274,176.59,5634262.85,0.042556917688271696,0.16460905349833022
2022-10-11,177.8156380027708,178.3684327323131,168.90950069347832,177.14,9851951.648,0.05319516407599836,-0.07142857142823743
2022-10-12,173.51393884891772,174.12814748201123,166.14343525179555,170.75,12075401.488000002,0.04601769911504972,-0.3461538461534154
2022-10-13,169.2517221134999,174.96408290339485,168.63748977050045,172.63,6999447.3857,0.037379785882785656,0.5339805825246736
2022-10-14,172.07636379928007,176.13027777777464,169.31233154121563,171.37,8730770.993999999,0.039621631268968595,-0.10360360360313793
2022-10-17,170.44581535806435,178.12355478860778,170.01586194995392,177.97,6505044.544500001,0.0475675675675731,0.9280303030305693
2022-10-18,181.19142607173785,186.8421417322802,174.68081889763474,175.51,7872929.136,0.06711864406780178,-0.4671717171714259
2022-10-19,176.00551261690177,178.40098111875457,172.93439915298794,174.04,4116988.2282000007,0.031059151980462746,-0.3595505617971233
2022-10-20,172.62803521126457,181.0736338028137,170.75464788732094,174.44,8497077.792,0.05977584059776376,0.17559523809551797
2022-10-21,172.598883850712,178.37265434251518,169.1899023369346,176.1,6249841.534600001,0.05320284697509435,0.38127090301032757
2022-10-24,175.38762314594075,177.50664713422125,166.45086980406217,167.71,8288437.664899999,0.06303624584136401,-0.694444444444104
2022-10-25,166.14787685774652,176.80468152865927,166.14787685774652,173.58,6535728.0684,0.06414048059150278,0.6974063400578622
2022-10-26,173.9494891020022,179.9689276373116,173.9494891020022,176.13,6749656.272500001,0.03460451977401689,0.3622448979596339
2022-10-27,176.77694150810117,178.8960535588411,173.82861169837608,174.32,5064534.736799999,0.028665740097295184,-0.4848484848477841
2022-10-28,174.34769559032407,176.83530583214477,171.36870554764985,172.72,5125472.3304,0.03135458869121566,-0.29775280898814765
2022-10-31,171.95579992506234,172.44718995878281,161.51376170850205,163.94,9755514.2124,0.06358278263976237,-0.7331460674153837
2022-11-01,164.0239517241351,178.11999999999694,160.12373793103174,178.12,12568989.18,0.10971728140798138,0.7832764505120742
2022-11-02,175.69796888070644,190.22429981595798,175.20659193575077,183.56,22634837.4369,0.08547456738332981,0.5235173824132581
2022-11-03,180.80135905753488,182.58265323544165,177.576602356152,179.88,8891116.352500001,0.02768812638016509,-0.18404907975394758
2022-11-04,179.93704455445248,191.2694851485117,179.66064356435348,186.11,12940468.854,0.06451612903226328,0.5317460317462508
2022-11-07,181.81437206178336,184.60915379448983,180.27877770315345,182.92,7786576.004400001,0.023817567567572837,0.2553191489368237
2022-11-08,181.89918758480016,186.38294267299545,180.14868046132662,181.07,5491948.2992,0.03427317237886744,-0.1330049261078594
2022-11-09,180.88786696079788,184.5731885287598,179.5365823858785,180.98,3521497.6890000002,0.027843803056032606,0.018292682927433603
2022-11-10,179.29390501761736,183.96205739217677,178.34184762543748,183.01,7684219.885000001,0.0313463514902418,0.6612021857927829
2022-11-11,188.32086667831226,190.22495893761678,172.22821597064174,175.76,27315050.3096,0.09556425309850441,-0.6979522184298246
2022-11-14,175.05629877368682,175.05629877368682,164.06153474544473,165.29,23599855.2582,0.06280701754386503,-0.8882681564242209
2022-11-15,165.6883015129653,171.64632384725914,165.31976404898836,170.51,12552834.9296,0.038183503243750014,0.7621359223304638
2022-11-16,170.90611293859337,172.07312682748224,167.43578216373965,168.05,7476329.5775999995,0.027133872416896923,-0.6158940397343029
2022-11-17,167.03866154689769,168.9120497348662,165.8716328396386,167.96,6448153.352999999,0.01820187534473838,0.303030303031207
2022-11-18,167.37258184523498,168.44745163690163,163.84086681547316,165.1,8110179.84,0.027522935779822233,-0.49333333333256113
2022-11-21,162.68198315466762,162.7126952526768,158.90439509953754,160.44,8395324.276800001,0.02340947706249413,-0.5887096774183921
2022-11-22,160.30792438418638,161.7820202405927,159.32519381324886,160.83,4983243.7835,0.015325670498090277,0.21250000000116331
2022-11-23,159.7950153550833,160.77780230325988,157.30733589251136,160.01,6850310.148,0.02171823947723093,0.06194690265573062
2022-11-24,157.55074859031384,160.49906669258874,157.55074859031384,157.95,4865795.3858,0.018713450292404003,0.13541666666766716
2022-11-25,157.39726358537695,158.96355830593387,157.02872365112827,158.81,3689242.7106,0.012292682926835476,0.7301587301599518
2022-11-28,156.90561797752517,165.32059925093324,155.0936329587986,164.0,11271973.709999999,0.06517909571345286,0.693693693693924
2022-11-29,163.3842607599466,171.24636052583878,162.15580767152596,170.54,17211550.1544,0.05563909774436668,0.787162162162415
2022-11-30,169.68362472962923,170.38999999999692,164.76970980533227,170.39,8816222.497599998,0.03312217194570709,0.12568306010981323
2022-12-01,175.05566820276175,176.59124423962808,165.7807889400891,166.61,14781501.840000002,0.06175438596491765,-0.7812499999996424
2022-12-02,166.14773785142123,166.91551852541116,163.47586110593625,164.95,9239769.4341,0.02070240295749214,-0.3482142857132942
2022-12-05,168.54015189873115,173.05462025316146,166.48253707052143,169.83,14842662.674,0.03899416909621563,0.19626168224342627
2022-12-06,168.3255707196,175.20477667493486,168.29485997872797,173.27,14984061.4014,0.04105090311987431,0.7155555555558983
2022-12-07,174.71152930883332,181.19142607173785,173.29885039369773,175.51,20676987.1575,0.045174898927760845,0.10116731517547456
2022-12-08,176.8686491622011,179.04917947831782,175.0566591812027,177.79,13696028.9557,0.02257336343115669,0.23076923076994507
2022-12-09,178.64360453140785,182.42100926879192,176.21746652934817,178.92,9808540.5756,0.03472580367887757,0.044554455446031295
2022-12-12,180.20939460742446,184.81597422417866,179.16523656096018,181.1,16675974.157399999,0.03135650988412256,0.15760869565268748
2022-12-13,181.53711743771933,186.29743772241676,179.1416014234845,181.23,12459622.192499999,0.039418034173579954,-0.04291845493518689
2022-12-14,180.8847420965028,186.2897870216275,180.79261064891546,184.57,12654662.01,0.03039049235993733,0.6703910614529537
2022-12-15,185.8062301122059,186.8504304136629,182.4279350192567,183.38,10573227.067200001,0.02380165289256718,-0.5486111111102943
2022-12-16,182.73592715231484,185.80711920529492,181.81456953642083,185.5,8633042.668000001,0.02184873949580359,0.6923076923082937
2022-12-19,185.46350830564472,187.73611960132575,182.20814617939894,184.88,8670484.998,0.029806259314461264,-0.1055555555549751
2022-12-20,183.9630506132288,184.20874416997432,177.20647780272625,177.79,11875510.0247,0.03806343906511353,-0.8815789473678609
2022-12-21,178.05917030567386,184.10912831709464,178.05917030567386,182.85,11276795.025600001,0.03397723352880842,0.7918781725892102
2022-12-22,183.6556191117062,184.63839165544778,181.35224596231188,182.55,6388400.7824,0.01789297658863418,-0.3364485981297964
2022-12-23,181.74800268321007,185.83257253060225,181.1030706020429,183.13,6206805.6032,0.02602230483271905,0.2922077922083849
2022-12-26,182.97278787878477,187.7021952861921,181.19158249157942,182.42,9349526.141999999,0.035582410204771965,-0.08490566037687156
2022-12-27,185.49827993254323,185.77468465429703,178.37318043844556,182.12,10767208.925999999,0.0399006622516608,-0.45643153526922986
2022-12-28,181.13255421686435,183.6508433734908,178.03075903614152,178.43,9822585.864,0.031027466937950318,-0.4808743169392585
2022-12-29,178.4290367531758,179.01253962723953,175.11228357428718,176.31,7759465.5598,0.021858864027544084,-0.5433070866132559
2022-12-30,176.49294922890005,177.96705077109377,175.35666262345907,177.23,5867622.1217,0.014790325387164183,0.2823529411775461
2023-01-03,176.77315555555242,176.77315555555242,172.1357777777747,172.75,12823668.5625,0.02623349548297991,-0.8675496688733209
2023-01-04,172.83934077617982,173.48426368952377,170.44391281233084,173.3,7821319.324499999,0.017590618336892717,0.15151515151611325
2023-01-05,173.36555536509815,180.24489715460777,172.32136955776184,179.17,13178312.9208,0.045704162976090486,0.7325581395351799
2023-01-06,178.7352631578916,178.95023684210213,173.26878947368118,175.05,10548642.870000001,0.0317869415807614,-0.6486486486479939
2023-01-09,175.5426277122813,180.21066119938186,175.02054501964506,179.75,11255698.8597,0.029566130160957278,0.8106508875743985
2023-01-10,179.7169379310314,179.7169379310314,175.69388275861766,178.12,7964370.340000001,0.02238550922761999,-0.39694656488463487
2023-01-11,177.82269069278905,177.82269069278905,174.13724632609913,175.55,8915440.6872,0.020725388601041738,-0.6166666666656644
2023-01-12,175.05359957960806,177.51049220528677,174.9614661061451,175.33,6154986.5091,0.014561403508777531,0.10843373494093145
2023-01-13,175.90885517241077,179.0105999999969,175.4174896551694,178.12,7972155.100000001,0.020425977653636844,0.6153846153852984
2023-01-16,187.3377777777748,195.93688888888576,187.18422222221926,193.48,41284784.52,0.04672131147541478,0.7017543859651858
2023-01-17,194.0613229448212,195.50472889171257,187.48921927174132,193.14,20739450.3838,0.04130400379807428,-0.11494252873523497
2023-01-18,193.13939062994314,196.17974675529922,191.63456790123155,194.03,7614200.88,0.02353315312450816,0.195945945946577
2023-01-19,194.71172569949545,195.5716513019538,188.56939996765018,189.89,12200327.7516,0.03596214511041505,-0.688596491227531
2023-01-20,190.41071140506224,193.38971769639952,189.64292627842894,190.38,6157560.9248,0.01967741935484381,-0.008196721310650183
2023-01-30,193.05233442622634,193.3594491803247,185.77371475409532,187.34,12985863.610000001,0.03929366846961997,-0.7530364372464587
2023-01-31,187.91904132231096,188.533256198344,185.33933884297215,185.8,8420358.540000001,0.016996241215890124,-0.663461538460373
2023-02-01,186.99843445197246,188.01189287485224,183.98877004463242,185.77,7780431.885600001,0.021514205945152295,-0.30534351144954264
2023-02-02,186.10639563708173,187.97974384398964,184.84725995702885,185.83,9909587.762699999,0.01683168316832213,-0.08823529411664352
2023-02-03,185.8622280730593,187.39777192693452,184.11170807964152,186.63,7343285.1518,0.017680105750170465,0.2336448598139496
2023-02-06,186.35723278688218,188.66059344261984,184.51454426229205,187.34,6697102.7700000005,0.02224785761371648,0.23703703703772477
2023-02-07,188.16756465516931,188.56681034482446,184.88146551723833,185.25,5861728.704,0.019585441488498705,-0.7916666666656264
2023-02-08,186.11221035332477,188.81482990961067,185.28299753491888,186.88,5750934.1085,0.01897689768977415,0.21739130434864168
2023-02-09,186.87778052804973,188.50547524752164,184.94297359735668,186.11,7323722.706,0.01906327033689927,-0.21551724137838504
2023-02-10,185.33933884297215,188.0111735537159,183.0974545454515,185.8,6896232.86,0.02651201325601195,0.0937500000006058
2023-02-13,185.79834924744804,190.1592361223468,183.61790580999863,189.76,10890391.1076,0.03520661157025318,0.605633802817275
2023-02-14,189.98161496641842,192.40782699072284,189.2138263511322,192.07,7352324.353,0.016812156482384828,0.6538461538469156
2023-02-15,192.5246633214601,192.708926837161,188.59370831984154,189.73,4878373.0614,0.02137501993938933,-0.6791044776110252
2023-02-16,189.7977150318232,193.02243349110176,186.69584299004097,188.17,7593476.0055,0.03333333333333853,-0.2572815533975267
2023-02-17,188.34672033194707,191.44846804978934,184.876448132777,185.03,6483897.1375,0.03489320071743543,-0.5046728971957153
2023-02-20,187.18589410426853,189.98063017703117,185.95743868766954,189.09,6169448.8383,0.0214930270713752,0.47328244274873654
2023-02-21,188.87758649229949,189.64538155934136,184.27081609004827,185.53,8336085.242099999,0.028455284552850745,-0.6228571428564562
2023-02-22,184.2949247491608,185.83045986621764,183.22005016722102,183.65,5199985.544,0.01416430594901389,-0.2470588235281383
2023-02-23,183.62047393364617,184.17327014217696,180.5800947867268,181.44,7240962.96,0.019568489714004312,-0.6068376068365808
2023-02-24,181.2555915444906,181.71625468802966,179.3515172178626,180.15,4432869.9141999995,0.013046424940703696,-0.4675324675309668
2023-02-27,179.07869446808206,180.55284595744374,177.54311999999697,180.43,5688119.1875,0.016806722689081142,0.44897959183760616
2023-02-28,180.7349334924935,181.34915586629975,178.6772885402425,180.09,3962029.7783999997,0.014783347493633319,-0.24137931034358254
2023-03-01,180.08720843250288,181.77629377762355,179.65725943556305,180.64,3975055.0118000004,0.011766712141888241,0.260869565218715
2023-03-02,180.82857724957248,182.67125976230588,180.58288624787465,180.89,4505222.125999999,0.011548913043483848,0.029411764707334892
2023-03-03,181.01441790040073,183.19494448182735,180.8301480484492,182.55,5059787.203199999,0.01306413301663255,0.6493506493516744
2023-03-06,182.54841426145697,184.02256027164373,180.21434974532798,180.89,5728936.183,0.020861372812926084,-0.43548387096681335
2023-03-07,180.48757763974842,181.65458937197752,177.90786749482092,178.0,4421127.3624,0.020758890590442766,-0.6639344262285058
2023-03-08,177.84941206718923,179.66138155639044,175.6074837161437,179.17,3703017.1536000003,0.02279399067519107,0.32575757575826014
2023-03-09,179.01707493539743,180.0919758828565,177.32794487510463,178.28,4286756.2365,0.015440041173448504,-0.26666666666546035
2023-03-10,175.91776410616671,178.49756371945546,173.98291439620013,174.72,6123514.442,0.025663407821234597,-0.2653061224482419
2023-03-13,174.59594805194502,177.63640519480214,174.1659844155814,177.36,4876212.495,0.01987686895339187,0.7964601769918076
2023-03-14,177.3291784406039,177.66700680271796,174.44228152799275,176.07,4025835.2862,0.018184967093874595,-0.3904761904751126
2023-03-15,176.9840997375297,179.93229921259527,175.14147506561372,175.51,4681943.4555,0.027069234773560973,-0.3076923076916023
2023-03-16,174.74906367040884,176.6531835205961,170.9101123595475,172.2,6074204.3964,0.032864674868195366,-0.44385026737906463
2023-03-17,172.78048604860174,174.62315031502837,169.77080108010497,170.6,5803395.713500001,0.02808389619623735,-0.4493670886068704
2023-03-20,169.82897007526768,169.82897007526768,166.81934275747813,167.28,6635875.837499999,0.017721518987347543,-0.8469387755089036
2023-03-21,168.2961511047725,172.87208660013948,167.55908766927715,172.35,6548199.452,0.03156934306569914,0.7630057803472536
2023-03-22,172.53202792195862,173.23837121889792,170.56655092177965,171.58,3701261.2338,0.015485938056253545,-0.35632183907917336
2023-03-23,170.7585436193192,171.03495133381088,168.33229812544758,170.39,5919211.6868,0.015827338129502027,-0.13636363636245494
2023-03-24,170.0791209192017,171.33828378624526,168.05217581615597,168.39,5275778.239499999,0.019321054532327808,-0.5140186915876966
2023-03-27,168.48505175231216,169.3756945705435,166.27380061739302,169.13,7354481.2009,0.01841049945315923,0.2079207920801356
2023-03-28,169.33749400258037,170.10525558220758,165.99005351540566,166.42,5433893.0377,0.024301777294166063,-0.7089552238796806
2023-03-29,166.4251008434146,169.28126145947618,166.3022552255195,167.5,4484020.2804,0.017899981546416723,0.3608247422689542
2023-03-30,167.71683274021052,172.84569395017485,167.71683274021052,172.6,7910306.798,0.030580479765616515,0.952095808383648
2023-03-31,172.59339673425137,173.36116095459946,170.81218374304376,171.15,5170568.6543,0.014768683274027205,-0.5662650602395396
2023-04-03,171.37230387816237,175.05772976801532,170.29738799362192,173.43,7096588.288199999,0.027777777777783435,0.4322580645166836
2023-04-04,173.27239559671196,177.01915778437572,172.68888345273155,175.76,8082075.540799999,0.024991137894369388,0.5744680851069613
2023-04-06,175.72563157894427,176.40126315789163,174.12868421052326,175.05,4742964.3,0.012932541069561673,-0.29729729729580595
2023-04-07,175.08644234139194,175.9463652295798,174.01153873115712,175.24,3859994.8800000004,0.011050692860907334,0.07936507936663507
2023-04-10,175.23471664593757,175.32684846331188,172.5014727304997,172.87,4504662.9771,0.016123378899409773,-0.8369565217377499
2023-04-11,172.63007434943933,173.64355815188222,171.40160913435705,173.49,4173696.9918000004,0.012987012987018626,0.3835616438368204
2023-04-12,173.24335968379134,173.51976284584669,170.44861660078746,170.94,4551501.878,0.017727353306157018,-0.749999999998754
2023-04-13,170.45007171028738,171.61711724632178,169.12946755109056,171.31,4180162.1248000003,0.01459459459460041,0.3456790123467731
2023-04-14,171.74191950464083,171.86476780185444,167.87219814241178,168.64,6435998.354499999,0.023247496423467857,-0.7769230769221134
2023-04-17,168.75311994245337,171.63988850925784,168.75311994245337,170.78,6005789.355699999,0.01710646041856814,0.7021276595752867
2023-04-18,171.27411828540116,171.33553988062633,167.95735214324168,169.8,4493445.3921,0.019723865877717822,-0.4363636363626002
2023-04-19,170.690613130762,170.690613130762,168.01877373846688,169.8,5782656.6975,0.015653112630448312,-0.3333333333320633
2023-04-20,169.98483412321963,171.02900473933335,167.65080568720074,168.48,4966462.085,0.01987353206865956,-0.44545454545350593
2023-04-21,168.51104969290583,168.66460450399833,164.76431230224892,165.01,5823062.8974,0.023145616912708514,-0.8976377952745707
2023-04-24,164.91598399694863,164.97740522003875,159.63375881119904,161.2,7270622.9556,0.03240223463687754,-0.6954022988498625
2023-04-25,161.38559110940483,163.3510864150189,156.656118030271,160.28,6134583.2613,0.0414843006660383,-0.16513761467841367
2023-04-26,160.3166005665692,162.98854390934534,160.3166005665692,162.62,4042139.4600000004,0.016666666666672665,0.8620689655180781
2023-04-27,163.0449319213282,164.3040847201179,161.1101361573343,162.4,3587949.7752,0.019589376530426163,-0.2019230769220433
2023-04-28,162.77020484171015,164.91999999999692,161.32677094971763,164.92,5177316.345000001,0.022075471698119395,0.5982905982912885
2023-05-04,164.9194487278303,164.9194487278303,158.4086622976068,159.33,6763057.604400001,0.039478584729987255,-0.8584905660371297
2023-05-05,159.6972931757499,161.66279832252837,159.32876096072897,161.11,3381610.945,0.014615384615390671,0.6052631578958061
2023-05-08,161.97395565927337,162.21964994165376,157.1829171528557,157.92,6285715.006200001,0.03109594235874706,-0.8048780487797139
2023-05-09,157.85640226076478,160.03690898460027,157.2114636523064,157.58,5011485.1563,0.01789883268483127,-0.09782608695538661
2023-05-10,157.54459701492223,157.85170149253418,153.5829492537283,154.32,5853893.85,0.027095516569206977,-0.7553956834523406
2023-05-11,154.62616700200894,154.9332696177031,152.2000563380251,152.63,5502371.987000001,0.01767626613704706,-0.7303370786502894
2023-05-12,152.81547231270045,153.33755089576235,150.45076343647904,150.85,3668036.9824,0.01889067524116387,-0.6808510638284859
2023-05-15,150.88102281825158,153.49142113690644,149.49904723778724,153.43,3533097.2592,0.026460411154087368,0.6384615384621527
2023-05-16,153.40142199078403,154.1077748848357,152.63364710594527,153.34,2862450.9504,0.009609609609616085,-0.041666666664552904
2023-05-17,154.01766370250294,154.6011802748554,151.253637833465,151.96,3147928.9804,0.02173479561316693,-0.6146788990814617
2023-05-18,151.95991869918387,153.52619918698872,150.39363821137903,151.1,3111256.9560000002,0.020614389652391252,-0.2745098039204929
2023-05-19,150.79080413206094,152.6027506582914,150.2380068867703,151.62,2033189.8989999997,0.015682281059069485,0.3506493506505116
2023-05-22,151.74735533903058,155.43277987671195,150.82599920461024,154.45,4321046.5482,0.030358227079544872,0.5866666666672073
2023-05-23,153.55537392725472,154.323150796891,150.08502247649878,150.3,4998126.2122,0.027600000000006366,-0.7681159420280741
2023-05-24,149.28378727003278,149.34520828927575,145.19928949037543,145.23,6439843.9059,0.027772063361454758,-0.9777777777768003
2023-05-25,145.20359721342314,146.7084568292137,143.729449018363,145.48,3371106.4190999996,0.020516074450091466,0.09278350515564059
2023-05-26,145.6299492385756,145.8756345177634,143.2652284263929,145.2,2447070.96,0.017924926191487063,-0.16470588235170322
2023-05-29,145.32493313521238,146.15413288048939,144.18862237316614,144.68,2570315.4757000003,0.013524936601866471,-0.3281249999982709
2023-05-30,144.67914775160287,145.20123340470778,140.80957173447234,143.42,5703709.637,0.030354489492683313,-0.28671328671251955
2023-05-31,142.89502789699264,144.30770171673512,140.40749356222875,143.11,4157185.068,0.027294218783587426,0.05511811023699629
2023-06-01,142.65462101063514,142.65462101063514,138.35501994680544,138.57,7057698.374399999,0.030139935414430954,-0.9499999999990658
2023-06-02,138.56814090019267,141.82350945857485,138.56814090019267,141.24,4722220.0872,0.023492907801425395,0.8207547169818318
2023-06-05,141.24352401746418,142.3491484716126,139.55437554584847,140.66,2919708.3219999997,0.01978691019787607,-0.20879120879004212
2023-06-06,140.77617171940383,141.42108873644298,137.64371763664224,138.78,4733413.8968,0.026832460732991125,-0.5284552845518941
2023-06-07,138.78377399650654,142.80693717277174,138.59950698079976,140.78,4154205.0768000004,0.030316441690646484,0.474452554745151
2023-06-08,141.09087282864806,143.70139180784594,140.814464936733,143.21,4728648.045500001,0.02046147148455185,0.7340425531923064
2023-06-09,143.7279114328264,144.28071109218342,142.65302320629888,144.25,5038105.0643,0.011324786324792984,0.3207547169828297
2023-06-12,144.25427201022927,145.48275207844497,142.78009592837043,144.07,3331515.363,0.018735362997664835,-0.06818181818065457
2023-06-13,143.45288613543806,144.68134159367347,142.9615039521439,143.76,3430905.2468000003,0.01198886748020405,0.17857142857311187
2023-06-14,143.79146144013328,145.97198125265984,143.42292288026962,144.16,4368289.9116,0.017727466894496294,0.14457831325416154
2023-06-15,144.34586308273532,147.2634922301523,143.5780659386782,146.25,4211808.5202,0.02553191489362383,0.5166666666673569
2023-06-16,146.2793260778538,147.0164043532828,145.29655504394842,146.74,3688986.295,0.011757295821967563,0.26785714285877366
2023-06-19,147.22781936023108,149.16260296884488,145.56943340999067,146.89,4380810.4441,0.024405506883611226,-0.09401709401621554
2023-06-20,146.9241168996157,147.35407878017477,144.68217280812908,145.02,3007841.7534,0.018185618729103712,-0.7126436781595045
2023-06-21,145.045736942268,148.02465637555196,144.98431592302504,145.23,3990154.7540999996,0.02096125344061669,0.060606060607053105
2023-06-26,144.3088172278062,144.3088172278062,140.37786838652949,140.47,5018909.7782,0.0272398382634672,-0.9765624999989653
2023-06-27,140.47306034482455,142.71497844827277,139.3060344827556,142.5,2997734.6399999997,0.024267599475302194,0.5945945945953224
2023-06-28,143.02494823123072,143.05566005176567,141.33579810180885,142.38,2835257.0640000002,0.012024908739538799,-0.374999999997991
2023-06-29,142.49969176573882,142.74538088947287,139.1214663143959,139.49,4119302.8578,0.02543103448276548,-0.8305084745751888
2023-06-30,139.3671554381299,140.01208938793175,138.6915103478613,139.49,3100771.6212,0.009475539885419307,0.09302325581621394
2023-07-03,139.5867665816297,146.00560799319416,139.5867665816297,144.47,8244379.0464,0.04598459845985269,0.7607655502395957
2023-07-04,144.03867765103197,146.46491550485533,143.70084706379075,145.39,4761651.294000001,0.01918976545842899,0.48888888888983556
2023-07-05,145.20562659846237,145.88128729752458,143.88501705029532,144.1,2405494.56,0.013747884940784983,-0.5538461538443444
2023-07-06,144.03407519446532,145.8153068280003,141.79218020742996,142.13,3768434.6180000002,0.027931769722821142,-0.4732824427472076
2023-07-07,141.5508150537604,143.23996559139476,141.36654408601848,142.81,2243054.4450000003,0.013234975048824371,0.672131147542269
2023-07-10,143.97576890399014,145.72632752760947,143.05442225997996,144.59,4027430.3519999995,0.018558020477822533,0.22988505747232935
2023-07-11,144.5921994506625,145.63640819775733,143.45585463764752,145.36,3257554.9318999997,0.015080713678851287,0.3521126760575894
2023-07-12,145.90624255318838,145.90624255318838,143.87934042552885,144.34,2516994.7600000002,0.01389181225005934,-0.7727272727253732
2023-07-13,144.929219948846,145.26705029837711,143.7928815004232,144.1,3357903.9336,0.010171646535289658,-0.5624999999975302
2023-07-14,144.67739755884602,144.76952920662282,140.65431560592543,140.9,7283019.186799999,0.02844406707706046,-0.9179104477602236
2023-07-17,140.93076271186135,142.03634289439066,139.79447196870623,141.33,2829772.1010000003,0.015907605142739516,0.17808219178211723
2023-07-18,141.05201665935684,141.20556773344714,139.7314774221802,140.1,3909729.802,0.010450685826264213,-0.6458333333308249
2023-07-19,139.98196488108152,140.10480995776524,137.89359857745856,138.17,5605074.651,0.015796401930678338,-0.8194444444426703
2023-07-20,138.07476652379566,139.4260320324805,136.0478682607684,136.14,6353345.0123,0.024466192170825567,-0.5727272727261961
2023-07-21,136.1443456790093,139.33834792367813,136.02149943882972,136.82,5333726.920499999,0.02436273404016054,0.20370370370456597
2023-07-24,136.5075947921394,136.59972590223532,133.62082000913352,134.45,6385480.239600001,0.02182227221598011,-0.690721649483275
2023-07-25,136.38513404825434,138.04349865951437,135.8016353887369,137.46,7887399.066,0.016437739247924552,0.47945205479566616
2023-07-26,137.58546115401774,137.58546115401774,134.20724670603965,135.19,6941052.9106,0.02455357142857828,-0.7090909090897866
2023-07-27,135.53007655933044,137.55703895518715,134.54730691285442,136.39,6655593.9141,0.022207115341044976,0.28571428571520524
2023-07-28,135.86231597072458,142.71071028841706,135.24811020232167,142.68,13857944.774000002,0.054927667269446284,0.9135802469138723
2023-07-31,144.34156118143153,150.26877848100946,144.34156118143153,145.57,17139655.139999997,0.041063829787240685,0.20725388601084882
2023-08-01,145.41756029882293,147.32165506936718,143.75915517609084,143.882,8238646.523,0.024498416050693094,-0.43103448275763545
2023-08-02,143.42154989383985,146.55409766454042,142.3466560509524,144.65,6426673.482000001,0.029336188436837673,0.2919708029203668
2023-08-03,143.69517766497157,145.81421319796644,142.95812182740812,145.2,5911712.008800001,0.019876041889299423,0.5268817204309986
2023-08-04,146.52551246537084,147.32401662049546,143.9764415086268,144.13,5345116.7536,0.022846363445825028,-0.7155963302741032
2023-08-07,143.88056872037603,143.88056872037603,142.16075829383578,142.56,3856333.6086000004,0.011953041622205389,-0.7678571428549
2023-08-08,142.65203727784692,142.98985695708402,141.02436064152272,141.7,3667765.4940000004,0.013778256189457964,-0.48437499999818845
2023-08-09,141.0921931153899,142.8120805369097,140.90791946308423,141.86,2989019.1040999996,0.013495864170664378,0.4032258064530124
2023-08-10,142.95901108090857,146.95142170185767,142.68261342253516,146.89,11163517.6953,0.029860365198717865,0.9208633093530194
2023-08-11,146.98188839380126,148.51742838955764,144.64786760025154,144.74,8530187.3649,0.026326786460516446,-0.5793650793641346
2023-08-14,144.1548658510379,145.199021249192,141.26808327967072,143.08,6023297.299500001,0.02726885385599308,-0.2734374999991452
2023-08-15,144.28043789290817,145.53959028831247,140.16515933231864,141.67,5776533.2996000005,0.037249893571739454,-0.48571428571361697
2023-08-16,141.6742390594352,142.96414108425554,140.69145656433398,141.06,2975963.6178,0.016041621504450897,-0.27027027026880074
2023-08-17,140.933664945767,141.8857119305826,139.64379483730715,141.5786,4623899.611,0.01590760514273966,0.2876712328779575
2023-08-18,141.57859685283375,143.0220228945004,138.50747761524516,138.5689,6279863.414399999,0.031887201735364835,-0.666666666665837
2023-08-21,138.50751199999664,138.50751199999664,124.71818319999697,126.6837,33162982.049999997,0.09955654101996217,-0.8574610244986011
2023-08-22,125.48597380239208,125.51668500498688,120.69502619760176,123.0905,17297821.7904,0.038423886441515336,-0.4968152866234621
2023-08-23,122.6604959795103,123.09045265044499,119.80435523687272,119.9272,7644002.3549999995,0.026790185277924854,-0.8317757009333901
2023-08-24,120.08080952380647,121.58565854341428,119.12876218487091,120.6029,6280657.2675,0.020460358056274313,0.21250000000116423
2023-08-25,119.95795519181279,121.5549376982066,118.88306312020156,120.0808,4446253.763,0.022273425499240093,0.045977011495384745
2023-08-28,126.53009715761947,126.53009715761947,118.23807622738711,118.8523,8344774.962000001,0.06553398058253175,-0.9259259259254423
2023-08-29,118.97523398692512,122.47631211663845,118.85238914026851,122.1692,6056875.749600001,0.030459473412501662,0.8813559322039947
2023-08-30,122.1384254379253,122.7833605483594,120.78713282558718,120.9714,5240914.341,0.016343977872776406,-0.5846153846135539
2023-08-31,121.12493499872237,122.32267142492678,120.38786642875044,120.48,4657855.9677,0.015973630831651073,-0.3333333333315672
2023-09-01,120.75640972397768,122.04627981767226,120.32645302607949,121.2785,3465540.5158,0.014242115971523943,0.30357142857304215
2023-09-04,121.27849565325701,122.93689999999691,120.60284943791854,122.9369,6130432.7787999995,0.019245378576862922,0.7105263157904914
2023-09-05,122.47625755359087,122.66052474148492,121.4013656242088,121.7699,4228853.304,0.010280842527590766,-0.56097560975322
2023-09-06,121.43212330712348,121.55496814607858,120.41865338574385,121.0943,3385659.3158,0.009357612544267018,-0.297297297294335
2023-09-07,121.0942940359866,121.33998370179636,119.40517758354449,119.4666,3941806.6309999996,0.0159776819680527,-0.8412698412678168
2023-09-08,119.12869655962997,120.69496712537916,118.66802874617434,120.5107,3519132.6672,0.017014694508902136,0.6818181818193767
2023-09-11,120.63362155018753,121.30926810673135,119.77370775094994,120.8486,3800836.5685,0.012729124236260764,0.14000000000191426
2023-09-12,120.97144656624658,121.1250026040306,120.11153275465611,120.2958,2973981.8583000004,0.008377760853016513,-0.6666666666629754
2023-09-13,120.41862570177388,120.63360412052226,118.69879835178679,119.2516,3835526.0536999996,0.01606732976282385,-0.6031746031727041
2023-09-14,119.03656995304853,119.77363849764944,117.31674334897973,117.7467,4769260.209000001,0.02063983488132904,-0.5249999999985336
2023-09-15,117.86963547288137,118.97523914068327,116.70260937909045,117.2247,4613080.0089,0.01928087545597506,-0.2837837837823043
2023-09-18,117.07111898075617,119.25161463858242,116.85614053561837,118.1153,3582612.459,0.0204616998950766,0.4358974358985452
2023-09-19,118.29958114195604,118.82167171293558,116.45690853849878,117.2554,3325383.3136,0.019989615784016482,-0.4415584415569597
2023-09-20,116.79464612536056,116.9482020629432,115.99615524993081,116.119,2856448.3282999997,0.008151459374186619,-0.7096774193508667
2023-09-21,116.02695696067703,116.6718924016972,115.19775425079393,115.597,2837124.0336,0.012705134992067948,-0.2916666666643733
2023-09-22,115.22838385743934,117.28603356917931,114.98269433961963,117.1939,3193556.976,0.01998933901919822,0.8533333333342928
2023-09-25,117.25538097251275,117.47035940803072,116.02693276955296,116.2112,2513225.7128000003,0.012310110005246743,-0.7234042553165153
2023-09-26,116.24187091590476,116.91751719335518,114.64488880556735,114.6756,3459513.66,0.019550858652584387,-0.6891891891875312
2023-09-27,114.64487546517503,117.62386097819994,114.64487546517503,115.5355,3683704.8797999993,0.025984462898481595,0.2989690721658838
2023-09-28,115.6583426233804,116.64110071258598,114.55273977302414,116.3647,3202449.5385,0.018056293149238477,0.33823529411896425
2023-10-09,116.33400679794669,116.33400679794669,113.66213282977841,113.8464,3615705.8575,0.022967265047526986,-0.931034482757117
2023-10-10,114.06143362974632,115.65841654540242,113.96929999999692,113.9693,2942405.8836,0.014808831448581531,-0.05454545454360087
2023-10-11,114.39927004333383,114.85993824485061,113.35508878656245,113.3858,3137121.1976,0.013154362416116127,-0.6734693877525939
2023-10-12,114.06138724885845,115.28983514599209,113.75427527457504,114.6449,2752585.4115,0.013462574044165895,0.38000000000175577
2023-10-13,114.15356040359654,114.15356040359654,112.55657758385293,112.618,3373571.0604,0.013989776701649746,-0.9615384615359295
2023-10-16,112.61798173288871,112.92509376379378,110.92886556291081,111.2974,2837376.3720000004,0.01772566130352677,-0.6615384615365787
2023-10-17,111.481666391409,111.85020082576077,110.80601992843076,111.5738,2021125.4553,0.00936639118458195,0.08823529412050342
2023-10-18,111.17453831040945,111.17453831040945,109.33186640471204,109.424,2888799.8762000003,0.016574585635368025,-0.9499999999978066
2023-10-19,108.90193617747131,109.91540597269312,107.8884663822495,107.9806,3139000.7676,0.018612521150601132,-0.4545454545437235
2023-10-20,107.5813231672363,108.37981428980214,106.87496563573575,107.2435,2720917.8612,0.013988010276914665,-0.2244897959161676
2023-10-23,107.24348050896162,107.61201480624327,105.5236537883139,106.1993,2861878.838,0.01947308132876052,-0.49999999999829753
2023-10-24,106.19934921985514,108.28771120567067,105.70796992907502,108.257,2838792.48,0.02429149797571754,0.7976190476199385
2023-10-25,109.14764304932429,111.63525112107311,109.02479820627497,109.5776,3680327.0623999997,0.023916713562192514,0.1647058823540583
2023-10-26,109.02475208913346,110.5603119777128,108.62550651810282,110.2532,2278005.062,0.017746478873248463,0.6349206349218949
2023-10-27,110.25316098226166,112.74076712141576,109.66964843110206,112.5565,3998585.7345,0.027855153203351447,0.7500000000007541
2023-10-30,113.29359551161866,115.3819567192061,113.14003954047254,114.952,5297586.1788,0.019788560585533032,0.7397260273983074
2023-10-31,114.27639999999691,114.73706809997003,113.14008535339659,114.2764,3056934.3397000004,0.013974737973671509,1.9309885969736002e-12
2023-11-01,113.66211048799906,114.79842448098907,113.32428740900204,113.9078,2106954.1977000004,0.012969467711438134,0.16666666666865515
2023-11-02,114.27634844770931,114.85986111110797,112.74078880718648,112.7715,1976084.964,0.018543402311215148,-0.7101449275344519
2023-11-03,112.77148462570126,114.85984545210314,112.77148462570126,114.4606,2937719.0474,0.01851851851852728,0.8088235294128605
2023-11-06,114.7063304140097,115.9654895965999,114.33779601910524,115.7198,3124112.1023999997,0.014190093708174634,0.622641509435466
2023-11-07,115.16698957776282,115.53552394441165,114.21494246391997,114.9213,2170468.8922,0.011466666666675271,-0.1860465116254362
2023-11-08,114.70630072463462,115.4433693236684,113.9999433172272,114.4299,1990605.0672,0.012583668005363492,-0.19148936169987218
2023-11-09,114.42995603332128,115.47413705992702,113.66217586669943,114.2764,2051982.6600000001,0.015834675254973805,-0.08474576271011122
2023-11-10,113.96922237799636,114.122778322995,112.92504195200557,113.9078,2162478.2986000003,0.010509296685538011,-0.051282051279426207
2023-11-13,114.49140091422119,115.25918123151077,113.66219817154844,114.215,2015716.595,0.013948497854085987,-0.17307692307489603
2023-11-14,114.1842216375808,114.79844553019825,113.96924327516471,114.3992,1640828.9749999999,0.0072619688004390455,0.25925925926266874
2023-11-15,115.56620208779134,115.81189159528597,114.3070433618813,114.737,2367682.1544,0.013021525378695775,-0.5510204081608611
2023-11-16,114.70636993516706,114.70636993516706,113.04796458670681,113.6929,2616941.2086,0.01445783132530982,-0.6111111111088817
2023-11-17,113.69283357663926,115.28981557177303,113.35501046228401,113.6007,3806777.7630000003,0.01701782820098128,-0.04761904761743197
2023-11-20,113.78502922337566,115.93481385107778,113.10938262609785,115.0749,4803937.6479,0.024831309041844055,0.45652173913136024
2023-11-21,115.47406643635088,116.7025139516312,115.1669545575308,115.5662,3549222.8411000003,0.013297872340434013,0.06000000000197286
2023-11-22,115.32053736174493,115.41267094685418,113.84639999999692,113.8464,2371152.5233,0.013581890812258923,-0.9411764705856644
2023-11-23,113.66216555345774,114.18425601938824,113.20149749528377,114.0307,1858277.7844,0.008646311807628263,0.3750000000027527
2023-11-24,114.06138142195276,114.06138142195276,112.49511043312143,112.7408,2052118.7351,0.013731825525049,-0.843137254899466
2023-11-27,113.29360306597006,113.53929263618632,110.89812975636158,112.188,2540897.4838000005,0.023312550826790988,-0.4186046511614637
2023-11-28,112.1572768768738,112.74078954408644,111.20522989352683,112.4951,1709007.0822000003,0.013691128148968243,0.22000000000186642
2023-11-29,112.40300499167742,112.64869462007452,110.31464315030199,110.7446,2194884.9348000004,0.02076502732241305,-0.7105263157878544
2023-11-30,110.56033444815745,111.35882575250524,110.09966638795679,110.1918,2308053.1188000003,0.011388888888897764,-0.29268292682659364
2023-12-01,109.91540948275556,110.9595905172383,108.37984913792802,110.4375,2782864.2092000004,0.023470243084669447,0.2023809523820641
2023-12-04,110.46816792294497,111.20523659966187,109.57754327191206,110.0075,1867205.6172,0.014734500973041964,-0.28301886792246134
2023-12-05,109.88465300719109,109.88465300719109,106.62926641726311,106.7214,3817913.6950000003,0.029625489100064874,-0.9716981132063022
2023-12-06,106.81359148319504,107.27425964657857,105.95367757821245,106.0151,3547905.5352000003,0.012363427257053484,-0.6046511627879047
2023-12-07,105.70798199470121,105.95367166813456,103.83459823477187,104.3874,3344273.7207,0.02004648460198482,-0.6231884057953594
2023-12-08,104.41804057970711,106.56782376811285,104.41804057970711,105.9536,3609524.55,0.02058823529412703,0.7142857142868118
2023-12-11,105.64649999999692,105.9229007267411,103.49671656976443,105.6465,3592918.32,0.022965116279079028,1.2710310815978225e-12
2023-12-12,105.18586803518753,105.9229368914925,104.60235519061277,104.7252,2532984.828,0.01255474452555685,-0.34883720929973
2023-12-13,104.26447309552286,104.38731783554704,101.59259999999692,101.5926,4487066.801200001,0.026804123711349728,-0.9560439560425117
2023-12-14,102.268327733656,103.6810433720188,100.51778879046728,100.5485,2893052.093,0.030930930930940462,-0.5436893203871999
2023-12-15,100.82483286712979,102.23754755244444,100.57914335664029,101.0091,2277931.4701,0.016448370392943123,0.11111111111290739
2023-12-18,100.73277359077854,100.73277359077854,98.3372990968515,98.6137,3327661.4097999996,0.023780487804887635,-0.8846153846137332
2023-12-19,98.30657584600749,99.6885801924837,98.0915973921112,98.9208,1954184.5652,0.016244923461428275,0.3846153846170761
2023-12-20,99.19714911727303,99.50426103404477,97.41589999999692,97.4159,1954659.9904,0.021052631578957204,-0.8529411764687085
2023-12-21,97.04742821550616,99.10507938336659,96.4639151977547,98.6137,2544136.9512,0.027215189873427834,0.59302325581489
2023-12-22,98.42943093836796,100.60992691235364,97.7230730876402,99.1665,2804451.08,0.02932917316693651,0.25531914893714797
2023-12-25,99.41216555863035,100.17994564481069,98.79794148968608,99.7807,1783317.618,0.013901760889722557,0.2666666666687064
2023-12-26,99.74995896476145,99.78067015902401,98.3065328344216,98.4908,1252760.3517,0.014778325123162826,-0.8541666666639814
2023-12-27,99.38143002544213,99.38143002544213,96.09533206106565,96.556,3386393.2824000004,0.033065512978996084,-0.8598130841109544
2023-12-28,96.1260636225237,101.31625683409128,95.66539558599403,100.8863,5373885.510000001,0.05878594249202261,0.8423913043482225
2023-12-29,100.51774402074128,101.408368700424,99.65783053690971,100.6713,2816920.7814,0.017415215398726633,0.08771929824732723
2024-01-02,101.16265021752325,101.31620615288685,98.61362169048792,98.8286,2524863.3952,0.026715239830003654,-0.8636363636348992
2024-01-03,99.13574556764856,99.32001275271854,97.96872006220535,98.7365,1923874.9684999997,0.013630731102860146,-0.2954545454520509
2024-01-04,98.58298200189144,98.6444044205842,96.74030944110841,97.2624,2055632.2429000002,0.019314641744558252,-0.6935483870948034
2024-01-05,97.10879027026718,98.42937154212721,96.34101046104622,96.5867,2254187.8704999997,0.021505376344095845,-0.24999999999841385
2024-01-08,96.58672725800918,96.86312806733257,94.40623198445793,94.8669,2458297.8648,0.025437201907800217,-0.6999999999984657
2024-01-09,95.05116242443222,97.81517037861605,94.62120563155919,96.5253,2857634.458,0.03360258481422668,0.46153846153928113
2024-01-10,95.97247615262016,97.66159173290627,94.86687322734197,96.5867,1948495.4429999997,0.029120000000010176,0.21978021978123702
2024-01-11,96.21821888221989,97.5388008841144,96.15679646352712,97.2624,2310396.8074000003,0.014363230130875398,0.7555555555572212
2024-01-12,97.26241029920953,98.70583729133547,96.43320755905208,97.5081,2593857.525,0.023365961477749213,0.1081081081094117
2024-01-15,97.41590311926306,101.25480220183175,96.95523522935483,100.4256,4682935.608000001,0.04413619167718502,0.7000000000005564
2024-01-16,100.11855983162658,102.82114672278703,99.59646918219785,102.1455,5485900.076199999,0.03220858895706472,0.6285714285721857
2024-01-17,102.11470638100795,102.14541757089697,99.53496643032985,99.6271,3503937.5027999994,0.02556390977444565,-0.9529411764690464
2024-01-18,99.04366731809684,102.14549999999693,98.03019723391168,102.1455,4696223.861,0.04155038759690877,0.7537313432841485
2024-01-19,101.89980843301132,103.15896821171943,101.19345050837019,102.6983,3947983.5823999997,0.01928872814949738,0.4062500000013505
2024-01-22,102.54464808510326,103.49669483282361,100.39486510637991,101.0398,4720129.442,0.030248577418398415,-0.48514851485033395
2024-01-23,101.00913439120839,101.50051357949033,99.50428562709492,100.6406,2958515.9071,0.019762845849812003,-0.18461538461375115
2024-01-24,101.00909519689435,103.34314543555776,99.4428246420018,102.9439,4203538.057600001,0.03861356035270025,0.496062992126648
2024-01-25,103.18962807017242,105.24727839180979,101.99189131578649,105.0323,6126687.522000001,0.031547619047628435,0.5660377358498291
2024-01-26,105.12447667442906,106.47576997670043,104.20314033197131,105.4623,5545811.1008,0.02161846333626415,0.14864864864994512
2024-01-29,106.23003922683041,109.33187038089513,105.76937123365246,108.042,8221892.8222,0.033535703960691485,0.5086206896558891
2024-01-30,106.69071863207232,107.36636509433644,103.7424431603743,104.1724,5151585.4144,0.033966609096151776,-0.6949152542362489
2024-01-31,103.1896604229576,103.98815184289715,101.59267758307848,101.6541,4095367.0100000002,0.02321428571429529,-0.6410256410240859
2024-02-01,101.34691961607372,103.49670275944499,101.34691961607372,102.3911,3076010.7458,0.021212121212130924,0.4857142857154963
2024-02-02,102.39109081015411,103.18958162031127,98.27579201934407,101.5926,4126045.244,0.0479904019196254,-0.1624999999993433
2024-02-05,100.73277849067824,101.50055881454011,97.60023476932179,100.5178,4611494.986499999,0.038719512195131416,-0.055118110235417565
2024-02-06,100.51777440910121,105.46227843594671,99.28932620367375,105.2473,4984305.907500001,0.06141154903758973,0.7661691542292315
2024-02-07,105.24727448773146,106.93639036074727,103.7424258008628,106.4143,5211797.976000001,0.030347242486148653,0.3653846153854592
2024-02-08,106.90565169971369,109.27041331444448,106.84422932011029,108.4105,6398931.6049999995,0.0226946279804744,0.6202531645579746
2024-02-19,110.56032898468206,110.83672980714377,107.48920873510755,108.2877,4820563.847999999,0.030277777777786632,-0.6788990825676846
2024-02-20,108.25694618897776,108.25694618897776,106.78280904938319,107.5813,2974026.3323000004,0.01361702127660471,-0.45833333333093207
2024-02-21,106.99781609453835,110.80600472706496,106.62928171074545,109.1476,5547863.658399999,0.039035591274406145,0.5147058823535537
2024-02-22,109.14760078984176,109.88466956276136,108.04199763046239,108.8712,3459346.7735,0.016882386043903297,-0.1499999999982435
2024-02-23,108.8404566572207,108.8404566572207,107.67343144475616,108.4105,2904447.9939999995,0.010722347629805758,-0.36842105262862657
2024-02-26,107.85770215207722,108.34908120516187,106.56783213773008,107.0285,4320895.7205,0.016514806378141126,-0.4655172413773169
2024-02-27,107.02853199999694,108.04200159999691,106.59857519999696,107.4892,3428086.2,0.013486370157828364,0.3191489361721182
2024-02-28,107.64271256454079,109.54680619621028,106.90564406195907,107.0592,5305496.0868,0.024536376604859307,-0.22093023255688563
2024-02-29,106.8749744172795,108.04199999999692,106.35288402501119,108.042,4684068.5404,0.015804597701158503,0.6909090909105101
2024-03-01,108.04197984540198,108.1034022330344,106.72139851130527,107.2742,4513898.7607,0.012791358726558328,-0.555555555552921
2024-03-04,107.4585264573961,110.22253542600588,107.4585264573961,109.5776,6615943.6624,0.02572163475279543,0.7666666666675015
2024-03-05,109.0247343131682,109.11686789146101,107.6734418315402,108.6562,4647810.8078000005,0.013239436619727287,-0.2553191489338642
2024-03-06,108.564133635331,109.27049150622565,108.19559909399464,108.472,2890127.5208,0.009900990099019102,-0.08571428571134349
2024-03-07,108.13412471362804,108.65621506299803,106.72140965062694,107.2435,3823694.2548,0.017892644135198067,-0.4603174603156231
2024-03-08,107.02848881238936,107.42773425128779,106.53710981066818,107.0592,2895251.2847999996,0.008321377331429713,0.03448275862410515
2024-03-11,107.0592535347746,107.7656112029616,106.62929669326948,107.7349,2830742.7136,0.010613884107869377,0.5945945945967648
2024-03-12,107.73491295422724,110.80603361996918,107.27424485436596,110.7139,8018275.2475,0.03278221208666798,0.8434782608701981
2024-03-13,110.25316574125178,111.45090208217346,109.88463148250665,110.6217,3943879.5076000006,0.01420612813371368,0.23529411764888492
2024-03-14,111.08245719676249,115.07491487870307,110.86747870619645,113.9386,9538394.789,0.03787669339232268,0.6788321167888928
2024-03-15,114.21493358449638,115.16698062432414,113.32430893433495,114.1228,5351644.2216,0.016133369185273496,-0.04999999999830204
2024-03-18,113.84644990703549,116.24192416998363,113.01724727755344,115.6277,5015987.8905,0.028324790936075463,0.5523809523817333
2024-03-19,115.62769396551411,115.62769396551411,113.93857758620382,114.0,3730879.232,0.014608233731748169,-0.9636363636339706
2024-03-20,114.09211364252472,114.39922565771322,113.23219999999694,113.2322,2903005.1688,0.010228802153440807,-0.7368421052598969
2024-03-21,113.32433689399852,113.93856094220449,111.88091038071454,112.1266,3817868.5899,0.018157181571824423,-0.5820895522370219
2024-03-22,112.61800263735954,112.86369230768919,111.20528703296397,111.7888,3775246.748,0.014725934006008176,-0.49999999999784756
2024-03-25,111.42019857377642,113.26286999451143,110.83668595721035,111.973,2907585.0996,0.021775082690196203,0.22784810126699886
2024-03-26,111.97301570592839,112.58723959899436,109.54683132831777,110.2839,4050458.0360999997,0.02715304443226309,-0.5555555555543684
2024-03-27,110.25319651527819,110.37604130248185,107.51989999999692,107.5199,4102138.5047999998,0.025905292479117527,-0.9569892473104102
2024-03-28,107.21276082445016,110.2224573471646,107.18204963544288,109.5161,3702361.3437999994,0.028358636493850325,0.7575757575765195
2024-03-29,109.11688262547962,111.75804555984247,108.5333698841669,111.3588,3732083.7063999996,0.029552490852809192,0.6952380952388355
2024-04-01,112.06512100954674,112.95574542973772,110.95951828103382,112.5565,3375786.0539999995,0.0178130994793181,0.2461538461552592
2024-04-02,112.58721050625711,114.09205865541331,112.09583151877754,112.8329,4047235.4142000005,0.017730496453909457,0.12307692307841453
2024-04-03,113.23215665668081,114.09206997004861,112.67935524094437,112.8022,3145862.4262999995,0.012476267968546846,-0.3043478260845586
2024-04-08,112.58729320816916,112.83298288238231,110.86746548867723,111.236,3570957.6894,0.017457719585387922,-0.6874999999980768
2024-04-09,111.20523508333024,113.53928586110796,110.25318805555249,110.5603,3936930.12,0.02954984810826618,-0.1962616822419943
2024-04-10,110.09961049262148,111.54303634845222,109.39325315891706,110.3453,2721519.6465000003,0.019525801952589187,0.11428571428708839
2024-04-11,110.34536637930726,110.83674568965209,109.54687499999696,110.4375,2171527.6676,0.011689396047879776,0.071428571430906
2024-04-12,110.59102713680927,111.14382871649897,108.77906640338198,108.8712,3042054.1885,0.021382949180791956,-0.7272727272711129
2024-04-15,109.17835643970167,112.49516726824959,108.87124432594726,112.3109,4686794.0121,0.03319268635725213,0.864406779661633
2024-04-16,112.61799134852755,113.6928835484726,111.66594397143336,111.8195,5033924.2624,0.01799836378511925,-0.39393939393769134
2024-04-17,111.32805118109934,113.17072237306236,110.49884914471596,113.1093,3490928.9719,0.024000000000008903,0.6666666666675642
2024-04-18,112.6179767808561,114.39922648178045,112.58726557911599,112.9558,4191573.852,0.016089446413971198,0.18644067796769284
2024-04-19,112.58730363636053,112.58730363636053,110.89818696969391,111.4817,3481589.2649999997,0.015002727768693973,-0.6545454545432441
2024-04-22,111.48166231647329,113.17077841217744,111.32810630777293,112.9558,3131991.3372000004,0.016528925619843503,0.8000000000012455
2024-04-23,112.95576938271293,113.14003654320676,111.48163209876235,111.9423,3316889.1285,0.014681892332798424,-0.6111111111088707
2024-04-24,111.97307757675132,112.61801302083025,111.02103001644433,112.0345,2714819.3471999997,0.014262205156344495,0.038461538463430305
2024-04-25,112.03442919707724,114.24563503649325,111.78873965936437,113.6007,4479893.3007,0.021929824561412247,0.6375000000009994
2024-04-26,113.60072879999697,115.16699999999692,113.10934959999697,115.167,5372055.375,0.018113003514471995,0.7611940298518697
2024-04-29,115.22837693329483,115.59691118787892,113.75423991495842,115.5662,6852528.740300001,0.015991471215360396,0.1833333333349044
2024-04-30,113.26294792773344,115.87340090329127,111.14387433580998,115.597,8655751.9892,0.04175704989154868,0.49350649350703757
2024-05-06,116.24193726641441,116.27264847837382,114.70637666844328,115.0442,6512502.2882,0.013474240422729671,-0.7647058823504957
2024-05-07,115.35129136728915,115.35129136728915,113.50861898123021,114.5528,4442045.063999999,0.01597444089457726,-0.4333333333314372
2024-05-08,114.27634476728237,114.79843502824549,113.81567688996196,114.1535,2231687.5434,0.008599838753032,-0.12499999999675122
2024-05-09,114.0921551492306,114.70637940306227,113.9385990857727,114.215,2870257.258,0.006729475100950871,0.1600000000037829
2024-05-10,114.30705742092147,114.46061338199203,113.04789854014292,113.6007,3115934.7678,0.012358946802802829,-0.49999999999745814
2024-05-13,113.07866551163742,114.06142414726274,112.1266180833754,113.4472,2698421.1943999995,0.017110266159704547,0.19047619047768272
2024-05-14,113.20152242127813,113.84645784473088,112.83298789359084,113.1401,2120356.0404000003,0.008952794357035351,-0.060606060602951234
2024-05-15,112.7408596969666,112.802282121209,111.45098878787572,111.4817,3700368.6389999995,0.011985834922373172,-0.9318181818152251
2024-05-16,111.54303776223463,111.69659370629057,109.60823286712979,109.7925,4745449.6375,0.018722466960361263,-0.8382352941157669
2024-05-17,109.48547032151389,111.7888112118683,109.30120305028554,111.7581,3896799.8604,0.022720897615717075,0.913580246914454
2024-05-20,111.94230815217088,113.50857913043171,111.54306260869262,113.0172,4150064.432,0.017558299039789414,0.5468750000012769
2024-05-21,112.92509376379378,112.95580496688429,110.99028796909184,111.2974,3264020.1072,0.017405493608929096,-0.8281249999980089
2024-05-22,111.42022085619892,112.18800076838332,111.0516864983504,111.9116,1955105.4812,0.010198456449843615,0.43243243243475116
2024-05-23,111.66593864207567,111.66593864207567,109.66971036602098,109.9154,2960549.1578999995,0.017876787678776547,-0.8769230769211027
2024-05-24,109.63896641477444,110.62172465714778,109.45469924432943,109.7311,2279657.2509,0.010644257703090439,0.07894736842360078
2024-05-27,109.82327758524006,110.09967845164587,109.20905343767161,109.8847,1632449.6192,0.00810961968680989,0.06896551724476709
2024-05-28,109.82324957361824,109.88467197270865,107.76559920409018,108.042,2851690.4482,0.019295302013431687,-0.8405797101430778
2024-05-29,108.10346636389136,108.74840181663046,107.45853091115222,108.1956,1811249.6922,0.011931818181827227,0.07142857143088319
2024-05-30,107.82706636311589,108.31844575981481,107.33568696641699,107.9192,1572137.9478,0.009114212475087622,0.09375000000302665
2024-05-31,107.76558060431346,108.47193807193932,106.62926641726311,106.7214,3318528.0475000003,0.017098888572251957,-0.5666666666646956
2024-06-03,106.47571194677158,106.50642314144903,104.94015221289833,106.1686,3127827.2256,0.014710124026545039,-0.1960784313704676
2024-06-04,105.67721046679888,106.16858953319495,105.24725378370238,105.9229,3158404.5050000004,0.008718395815179301,0.2666666666697387
2024-06-05,105.64654230435733,107.08996889979475,105.55440869188259,106.3529,2593471.5207,0.014534883720939553,0.46000000000170754
2024-06-06,106.44502733137516,106.62929454545142,104.47951038122861,104.7252,2742823.6110000005,0.020196191575312127,-0.7999999999981907
2024-06-07,105.21656719297937,105.24727839180979,103.18962807017242,105.0323,3729432.3660000004,0.019556333917113828,-0.08955223880442567
2024-06-11,105.09374397431847,105.61583446162514,104.41809746133337,105.2473,1773246.6607000004,0.011396843950915326,0.1282051282076034
2024-06-12,105.40088307691997,105.52372792899097,103.80389999999693,103.8039,2771228.5379999997,0.016317016317025687,-0.9285714285691068
2024-06-13,103.49677161795411,103.92672853268745,101.43912066887312,101.9305,3805350.9925999995,0.024035608308614825,-0.6296296296281474
2024-06-14,101.65408627920604,102.85182324745047,101.2241294188106,102.514,2608865.6390000004,0.016012084592154776,0.5283018867940228
2024-06-17,101.89971963006855,103.43527899761027,101.86900844271771,102.9439,1717264.7960000003,0.01537070524413263,0.6666666666682098
2024-06-18,103.00533964254018,105.15512311748886,103.00533964254018,104.8173,2460814.9799,0.020870602265960755,0.8428571428581846
2024-06-19,105.00159279999689,105.27799359999689,103.46603279999692,103.6503,1571559.3,0.017256507750813877,-0.7457627118622894
2024-06-20,103.22034971237954,104.01884096275796,101.43909999999693,101.4391,1854402.9597,0.02499256173758744,-0.6904761904747319
2024-06-21,101.3469357798134,101.96115963302441,99.38141944953824,100.4256,2805725.0730000003,0.02545454545455514,-0.35714285714152333
2024-06-24,99.84210154654808,100.21063591091556,98.89005443859885,99.2893,2394726.7455,0.013226699477093972,-0.418604651160129
2024-06-25,99.62717089318862,100.11855028107118,97.72307576514372,98.3373,2444373.4992000004,0.024044389642426476,-0.5384615384600241
2024-06-26,98.33726398514548,99.47357840346227,97.60019517326431,99.2586,1987089.1904,0.019050593379147985,0.4918032786898968
2024-06-27,99.10500206249691,99.2585579999969,98.12224406249692,98.2758,1386880.0,0.011465757669672332,-0.7297297297263774
2024-06-28,98.2758201550357,99.93422462015192,97.87657463565587,99.0436,2078388.015,0.020937500000009886,0.37313432835952515
2024-07-01,98.95149668507983,100.7020352670319,98.89007427869556,100.0571,1915943.1371999998,0.01831160769709239,0.6101694915267901
2024-07-02,99.71924256880428,101.13195743118956,99.16644110091438,100.4256,2035575.3270000003,0.01971050200185779,0.3593750000013864
2024-07-03,100.54844852634413,104.38734775230412,99.8113798749598,103.1589,5111649.614800001,0.04551007941357103,0.570469798658264
2024-07-04,102.48331484848173,102.51402606060294,101.0398878787848,101.347,3061747.9200000004,0.014384177404864388,-0.7708333333307137
2024-07-05,100.79418791008197,102.1147698967162,100.48707582016704,101.1013,2316034.2572000003,0.016148689823288265,0.18867924528479849
2024-07-08,101.10131583487058,101.83838496610898,99.38148786198091,99.6886,1908008.5380000002,0.024301336573520984,-0.5749999999985234
2024-07-09,100.73277869822186,103.9574560650857,100.39495535502661,103.8039,5828199.233999999,0.03536585365854634,0.862068965517859
2024-07-10,103.37385322342938,105.40079152192801,102.91318542831607,104.3259,3936168.4429999995,0.024064171123004168,0.38271604938380493
2024-07-11,105.30867544823292,106.47570072295817,104.66374042799002,106.1993,4261283.3718,0.017206182560522677,0.49152542373023766
2024-07-12,106.10722154823495,107.02855777007201,105.33944136337072,106.3222,3078916.1982,0.01591895803184727,0.12727272727446748
2024-07-15,105.67722163572779,106.81353584686467,105.3701096867719,105.8922,2271469.3024,0.01365882011044239,0.14893617021479436
2024-07-16,105.58514215544335,106.66003452759008,105.12447399595187,106.2915,2179287.5239,0.014543339150678335,0.46000000000170105
2024-07-17,106.50647317211644,108.50270176386603,106.29149470838956,107.9499,4420650.295,0.020761245674749663,0.6527777777788784
2024-07-18,107.67351121255042,108.22631303851331,106.59861877317813,107.6428,3229968.6084999996,0.015116942384492803,-0.01886792452640727
2024-07-19,107.24213026389366,110.0772670409851,107.08804674339957,109.7691,4668346.5139999995,0.02787356321839979,0.8453608247430237
2024-07-22,109.67663300644132,111.24828467357493,109.43009941159681,109.9848,4085419.3101999997,0.016577690362470525,0.1694915254253258
2024-07-23,110.75530443685692,110.75530443685692,108.32078327644744,108.3516,3244154.1311999997,0.021981079577081616,-0.9873417721502302
2024-07-24,108.35158517667023,108.87546940534014,106.93401608732815,107.273,3307406.7072,0.017918088737210295,-0.5555555555536729
2024-07-25,107.36538191096945,109.3068339948934,107.05721491352121,108.6905,2910650.7541000005,0.020952927669354523,0.5890410958915272
2024-07-26,108.87541761687261,109.3993015963481,107.48866590649638,108.105,2489964.7188,0.017548825360892157,-0.4032258064497869
2024-07-29,107.92008701030609,107.92008701030609,104.16044948453299,104.6227,6318458.6045,0.03483723586522897,-0.8770491803268112
2024-07-30,103.85234918758925,104.93093441654045,103.69826558345335,104.3146,2269136.104,0.011869436201789842,0.3750000000021946
2024-07-31,104.31457981491891,106.7799170040455,104.28376310005484,106.5642,3428628.4395999997,0.02392909896603581,0.9012345679021085
2024-08-01,106.56418407439388,106.71826762568712,105.42396579482403,106.0403,2239747.2441,0.012145748987863594,-0.40476190475920554
2024-08-02,105.48563279929783,106.62585144188446,105.23909903873856,105.7938,1694609.8188,0.01314636283962382,0.22222222222428456
2024-08-05,105.79374850230109,109.02950253455907,105.4239480414716,106.9956,4758007.967999999,0.034080978735808856,0.3333333333340975
2024-08-06,107.21130020155175,108.99866881658193,105.97863219118612,107.0264,3038343.2837,0.02816901408451592,-0.061224489794875075
2024-08-07,106.47171717024675,107.02641786751576,106.07109999999692,106.0711,1376549.7666000002,0.008972503617954193,-0.41935483870600326
2024-08-08,106.04026700670047,106.47170081608549,105.05413258524905,105.7321,1648561.1900000002,0.013368206916603205,-0.21739130434548512
2024-08-09,106.1943684705851,106.56416894117332,104.77679999999691,104.7768,1559457.26,0.016831108531640066,-0.7931034482736963
2024-08-12,104.77676696164883,105.2082007079615,104.25288312684057,104.4686,1171584.0,0.009117647058833054,-0.3225806451577352
2024-08-13,104.59186696217182,104.74595044325929,102.95858206264468,104.2837,1321123.0752,0.01708898055392813,-0.17241379310161306
2024-08-14,104.34540209329832,104.46866895932702,102.83538298444668,103.0511,1467049.5839999998,0.015652687536926183,-0.7924528301863044
2024-08-15,102.92778043795319,105.57801670072683,102.92778043795319,105.5472,2451696.1725,0.025748502994021455,0.9883720930240507
2024-08-16,105.48555061728082,105.6088174015254,104.19124938271297,104.8384,1870074.297,0.013438504236059702,-0.45652173912792077
2024-08-19,104.56108472304632,104.56108472304632,101.84921456223638,103.4825,3295946.5106,0.02593575007369054,-0.39772727272598746
2024-08-20,103.45166680584241,103.91391732776306,102.98941628392177,103.3284,1599766.595,0.00893655049151967,-0.1333333333298361
2024-08-21,102.527215522385,103.91396776119093,102.34231522387755,103.236,1507924.78,0.01532912533815205,0.4509803921585354
2024-08-22,102.92783648565883,103.39008724831898,100.64739938986878,101.0172,2356270.3252,0.026646706586835864,-0.6966292134817591
2024-08-23,101.0479657488623,102.12655031769737,100.46244841149469,101.8492,1047670.1274999998,0.01646843549863738,0.4814814814830424
2024-08-26,101.84918330308219,102.5579673321203,101.0787658802147,101.88,984761.1954000001,0.014523449319223133,0.020833333335422005
2024-08-27,101.8184521898897,101.88008563552523,100.33924949463707,100.6166,1101418.0384999998,0.015133171912842596,-0.7799999999974994
2024-08-28,101.0172184169972,101.66436960270705,99.9078163843517,100.0619,1262005.3206999998,0.017388651616849257,-0.5438596491207458
2024-08-29,99.69209831546404,100.8939505053568,99.59964814701074,100.6166,1419654.65,0.01298299845441488,0.714285714287534
2024-08-30,100.462513733773,103.02030166012365,100.462513733773,102.0958,2734789.0673,0.025460122699396143,0.6385542168684284
2024-09-02,102.03413733333016,102.06495404650845,99.26063314728374,99.3839,2478815.9475,0.027484143763222935,-0.945054945053513
2024-09-03,99.22979925879865,100.15430049412907,98.6750985176004,99.7845,1238503.9152000002,0.01490683229814653,0.3750000000018372
2024-09-04,99.3222329724683,100.18510064954839,99.19896616145687,99.6304,1135257.6043999998,0.00992863791499598,0.312500000002821
2024-09-05,99.3530653562623,100.40083341523032,99.3530653562623,100.3392,1358448.7840000002,0.010545905707205898,0.9411764705902905
2024-09-06,100.61655086312882,100.6781842786652,99.7536830456196,99.9694,893412.8467999999,0.009188361408892023,-0.6999999999958965
2024-09-09,98.9802239999969,100.00031999999686,97.58918399999693,98.1456,1894256.435,0.02435977514054706,-0.3461538461524243
2024-09-10,98.1455918953383,98.54744786215385,95.36351212507674,96.8782,2131602.636,0.032440944881899525,-0.398058252426092
2024-09-11,96.7236922261453,96.97098833921952,95.3944756183715,96.2291,1334395.5438,0.0162991371045165,-0.3137254901939154
2024-09-12,96.41456425572824,96.60003632547316,95.51811591862784,95.7345,1127199.605,0.011221545367115244,-0.6285714285679826
2024-09-13,95.82715167261787,96.07444754790204,95.14708801558639,95.178,1049554.125,0.009677419354848957,-0.699999999995926
2024-09-18,95.17806021825083,95.4562682539651,91.93229980158426,93.4779,2282876.8704,0.0370250081195295,-0.4824561403498646
2024-09-19,94.06524752346733,96.41456031077708,93.0760631919685,95.4872,2279818.8427,0.035491291488672846,0.42592592592672335
2024-09-20,95.14713599999695,96.6309119999969,94.52889599999696,95.8272,1583470.3900000001,0.0220922677063131,0.32352941176601624
2024-09-23,95.82717601547081,96.35267988394276,95.39440812378804,95.889,1176158.3525999999,0.010000000000010414,0.06451612903539777
2024-09-24,96.63087713754348,99.7838999999969,96.25993327137247,99.7839,3548770.5564,0.03646833013436702,0.8947368421058851
2024-09-25,100.34035199999691,102.38054399999683,99.96940799999693,100.464,3994931.85,0.024029574861377304,0.0512820512833123
2024-09-26,100.43304579273398,104.8225479480335,99.9693659875967,104.6989,4734621.2535,0.04832256078794401,0.8789808917202023
2024-09-27,105.65717770307826,110.94312778711173,105.62626571428275,110.3558,6595753.143,0.05032182562903181,0.8837209302329759
2024-09-30,114.37439614783669,119.90764396147527,112.98335619468732,118.7639,19113183.9052,0.0605405405405488,0.6339285714289267
2024-10-08,129.89220673002492,130.63409463138632,114.89988872334665,120.3404,24334056.4637,0.1211327939076698,-0.6070726915518279
2024-10-09,118.23841293321729,118.23841293321729,109.67578799661565,109.7067,12351074.708700001,0.07241830065360277,-0.9963898916962712
2024-10-10,109.98491582172396,113.137940389969,108.96481963787998,110.9741,7364862.382999999,0.03794266441822122,0.23703703703772194
2024-10-11,110.94314357810855,111.90141536716438,108.2228881769178,109.0266,4896926.3024,0.03315686820842337,-0.5210084033603566
2024-10-14,109.02660390313079,109.55210780626466,106.73911632478327,108.5011,5520961.134000001,0.02580096399207008,-0.18681318681202236
2024-10-15,108.43930005783375,109.3048360902224,106.8936999999969,106.8937,3704968.2852,0.022234891676177808,-0.6410256410240874
2024-10-16,106.15179597197589,107.20280385288653,105.16261208405997,105.9045,3484581.8592,0.019219569015734336,-0.12121212121054754
2024-10-17,105.9663198349512,106.46091175950171,104.72984002357487,104.8844,3338447.6853,0.016336056009344072,-0.6249999999978565
2024-10-18,104.88445499999699,109.02666454022678,104.08074270114645,107.5738,5840597.1,0.04715590922488392,0.5437500000005143
2024-10-21,108.28476003430222,109.73762435677217,107.07919176672078,108.1302,5390210.5686,0.024550385383965697,-0.05813953488253602
2024-10-22,108.13015606837295,108.62474797720486,107.17188424501117,108.5011,3724721.0910000005,0.013436249285315022,0.2553191489381405
2024-10-23,108.56292426965985,110.57220390449127,108.22289233145762,110.0467,5135582.664,0.021640091116182304,0.631578947369475
2024-10-24,109.8303278996834,110.44856785408632,108.25381601595588,108.4702,2994922.3766000005,0.01998311286237861,-0.6197183098574689
2024-10-25,108.50113590033668,109.83035209512713,108.50113590033668,109.1812,3532351.7872,0.012250712250721338,0.5116279069786894
2024-10-28,109.24301592820784,110.41767201345736,108.8102478968001,110.2322,3478124.4883999997,0.01471420486701508,0.6153846153861523
2024-10-29,110.63402364615504,110.88131959171784,108.68656807484804,109.0266,3795554.5975,0.019837943559662414,-0.7323943661954267
2024-10-30,108.50110805444956,109.6448519285278,108.03742810549893,108.9957,3037686.023,0.014814814814823756,0.30769230769404216
2024-10-31,108.62481624713647,108.62481624713647,106.646447368418,108.0684,4573446.223999999,0.01821286283438574,-0.2812499999982901
2024-11-01,108.06834799541498,108.40837998281475,106.70822004581595,107.9447,4204587.6468,0.015732265446233327,-0.07272727272540049
2024-11-04,107.94468410256101,108.5010999999969,107.5119161823331,108.5011,3150922.788,0.009163802978245249,0.5625000000025587
2024-11-05,108.53204378846925,110.51041200335447,107.88289171796004,110.4795,5790166.277400001,0.024209626886935766,0.7411764705891353
2024-11-06,110.35587597984014,111.5923563829756,109.86128381858593,110.4177,5262045.7212,0.01568627450981297,0.035714285716048545
2024-11-07,109.73757682893364,113.69431199346984,109.61392885504188,113.6634,7727297.129400001,0.037183098591558134,0.9621212121217333
2024-11-08,114.68348343826676,114.96169134957252,112.42690815767551,112.9215,6200693.8903,0.02210242587601935,-0.695121951218014
2024-11-11,112.2105520634022,113.60159196501465,111.8086960918253,113.107,4535879.350000001,0.015977961432515703,0.5000000000014609
2024-11-12,112.85969191196386,114.65258759284416,111.83959609353198,112.3651,6571308.2895,0.024924678170373027,-0.17582417582300774
2024-11-13,112.02509596264456,113.63252007689883,111.74688794286976,112.5506,4068120.6125999996,0.016832229580582773,0.2786885245916515
2024-11-14,112.55057986670055,112.70513985003852,111.28318800332931,111.3141,3946011.8099999996,0.012633891787979096,-0.8695652173885067
2024-11-15,111.22132841002723,114.28161510057551,110.97403251584151,112.1796,5330610.1567,0.029738743746534554,0.2897196261690757
2024-11-18,112.17963195135124,113.91070370370056,111.37592006633191,111.8396,5596262.3412,0.022595756406732382,-0.1341463414621407
2024-11-19,112.14878442713814,112.4269925472716,109.64491134593686,111.1596,4516431.8004,0.024807056229336103,-0.35555555555431456
2024-11-20,110.97405607995248,112.05597584674867,110.20125624652663,111.345,2982600.08,0.016713091922014374,0.20000000000157167
2024-11-21,111.2832040189754,111.80870803795389,110.04672397432012,110.7577,2710181.9166,0.015833333333342164,-0.29824561403316047
2024-11-22,110.3867684089572,111.2832165422139,107.60468799540185,107.6356,3752899.6,0.03332399887987425,-0.7478991596628244
2024-11-25,106.9863918142204,109.39752690855995,105.47170438316093,106.4918,4566608.631,0.03669459693731048,-0.12598425196768215
2024-11-26,106.49187988422268,108.50116063675519,106.18275976844845,106.801,3154695.5459999996,0.021770682148049867,0.13333333333460717
2024-11-27,106.80091233112654,107.57371198619983,106.05902466225622,107.5428,2991753.8734999998,0.014182344428373796,0.4897959183690853
2024-11-28,107.57377599080677,108.34657610568325,107.11009592188088,107.6356,2551051.0872000004,0.011494252873572355,0.05000000000247652
2024-11-29,107.54285597249762,108.59386405041225,107.32647195645639,107.9138,2950193.8296,0.01178499568842552,0.29268292683148195
2024-12-02,108.03741258055176,111.12861179601819,108.00650058839707,110.3249,4439192.5093,0.02889842632332822,0.7326732673274798
2024-12-03,109.9539800112108,110.94316397532629,109.49030002803168,110.2631,2302468.5372,0.013213382063545647,0.21276595744879997
2024-12-04,110.23219606613141,110.44858007411315,108.19200399087492,108.4393,2496284.7316,0.02047111609647535,-0.794520547943489
2024-12-05,108.0374399999969,108.65567999999688,107.9447039999969,108.192,1700610.4500000002,0.006580829756804563,0.2173913043518707
2024-12-06,108.37744831080775,109.92304797296987,108.37744831080775,109.7994,2777985.1008,0.014261266400465454,0.9200000000014146
2024-12-09,109.42844413171657,111.22133954404414,109.36662015198117,109.8303,3605477.81,0.016949152542381704,0.21666666666822576
2024-12-10,112.21055184040144,112.98335178420585,109.89215200898818,110.0158,5601525.7596,0.02754820936639989,-0.7099999999987637
2024-12-11,109.7375920758898,110.94315998883619,109.7375920758898,110.7886,2564428.6976,0.01098591549296674,0.871794871796718
2024-12-12,110.81953983402182,111.7468999999969,110.38677175656679,111.7469,3812050.3965,0.012273361227345007,0.6818181818199568
2024-12-13,111.19048816120595,111.59234424852752,110.29403996641169,110.4486,4113234.0269999993,0.01167639699750684,-0.5714285714257435
2024-12-16,110.91228445199346,111.1286685075018,108.77935590483972,109.1503,2470803.126,0.02118171683389969,-0.7499999999983591
2024-12-17,109.18122036030572,109.70672453531286,107.97565195881876,108.0993,2812147.52,0.015855039637608214,-0.6249999999978503
2024-12-18,108.74838370625048,109.05750361445472,107.45008009179267,107.7592,2515092.1782,0.014781125639577135,-0.6153846153823073
2024-12-19,107.60472048751865,107.63563250144783,105.25540742890001,106.5228,4096371.5058,0.022120080436665253,-0.4545454545439653
2024-12-20,106.49182802086044,107.2028039408836,106.08997206606473,106.6773,2085050.3723,0.01044992743106885,0.16666666666929011
2024-12-23,107.79013997692216,109.83033190077559,107.04825200461184,107.1719,3682720.9004,0.025810151993126345,-0.22222222222102483
2024-12-24,107.17186056377828,108.686547949883,106.67726876423386,108.5629,2678840.1624,0.018748197288731425,0.6923076923088787
2024-12-25,108.50115977336803,109.27396005665413,107.6356234560876,109.1194,2846894.874,0.015099715099724239,0.37735849056769244
2024-12-26,109.11940846681608,109.55217665903575,108.00657597253694,108.0684,2404536.2144,0.014164305949017571,-0.6799999999975487
2024-12-27,108.13018791146115,109.30484404085954,107.85197988081418,108.9339,2340084.008,0.01343624928531492,0.5531914893634678
2024-12-30,108.68662028152514,109.0884763860928,107.4192279517349,107.6047,2944375.6539000003,0.015358361774753108,-0.6481481481458886
2024-12-31,107.66651639823988,107.85198843337898,105.50267598828388,105.5645,3732424.25,0.02182026988229443,-0.8947368421035642
2025-01-02,105.87362879014991,106.24457289102051,102.28783581506748,102.9679,4772649.4718,0.03737226277373155,-0.7343749999990314
2025-01-03,103.24605981872799,103.43153178247421,102.00958006041988,102.3187,2764758.264,0.01377245508982985,-0.6521739130408348
2025-01-06,102.34961199395461,103.09149984893948,101.76228410875825,102.3187,2631101.788,0.012987012987022607,-0.02325581395113921
2025-01-07,102.31870796727955,102.68965192365638,100.74219615267796,102.0405,2837575.911,0.01903323262840828,-0.1428571428554902
2025-01-08,102.00964416058083,102.19511624087279,100.5876915450091,101.6387,1959352.08,0.015757575757585417,-0.23076923076716058
2025-01-09,101.66956397306086,101.79321196816339,100.8040280073431,100.9895,1779874.9947000002,0.009729401033758503,-0.6874999999961794
2025-01-10,101.17493151065487,101.94773117083403,100.0620999999969,100.0621,1747601.5946999998,0.018637335777583725,-0.5901639344242688
2025-01-13,99.6603079012315,100.43310805555247,99.47483586419446,100.1549,1681628.0399999998,0.00961538461539466,0.51612903226073
2025-01-14,100.15492682926526,102.84427208671777,100.09310280035831,102.6588,2954918.1996,0.02746913580247894,0.910112359551356
2025-01-15,102.47327204558779,103.49336796640358,102.25688806238443,103.0606,2255528.3488000003,0.01206636500755102,0.4750000000021288
2025-01-16,103.24603975903301,104.08066343373179,102.16412018071979,102.6278,1996775.1560000002,0.018562874251506555,-0.3225806451594991
2025-01-17,102.31868012047883,103.49333566264745,102.07138421686439,102.6278,1622487.32,0.013897280966776776,0.21739130434985665
2025-01-20,103.3388079177968,104.11160785735555,102.19506400724984,102.2878,2301335.0475000003,0.01854621597368581,-0.5483870967722843
2025-01-21,102.84418391565954,103.24603975903301,102.25685614457521,102.6278,1437676.5320000001,0.00961827472198137,-0.2187499999966497
2025-01-22,102.78240399039596,103.49338001799869,102.41145997599453,103.0297,2174001.9114,0.010526315789483204,0.22857142857407542
2025-01-23,103.55519999999689,104.35891199999685,102.75148799999691,102.7824,2520097.6325000003,0.015522388059710866,-0.48076923076701644
2025-01-24,102.47327204558779,103.18424799039882,102.13324007198251,103.0606,2440554.0132,0.010256410256420094,0.558823529414175
2025-01-27,103.1224400482478,103.70976809408613,102.44237599517183,102.5042,2328896.7676,0.012290167865716854,-0.48780487804596595
2025-02-05,103.09150787639797,103.21515586185691,101.73138003634953,102.0405,1985215.1280999999,0.014392803598210484,-0.7083333333307764
2025-02-06,101.73134827898242,102.62779589371672,101.11310854468294,102.3805,2102368.176,0.014889091461571595,0.42857142857319086
2025-02-07,102.38058378378071,103.30794414414105,101.94781561561256,102.937,2945222.829,0.01328502415459905,0.4090909090928793
2025-02-10,102.9060718637962,103.77160806451302,102.56603978494316,103.4934,2859863.9436,0.011715229798748002,0.48717948718164883
2025-02-11,103.49333950953363,103.67881144413853,102.04047602179526,102.1023,2867250.7341,0.01583034647551728,-0.8490566037711649
2025-02-12,102.04046404358044,102.25684794188551,101.51496029055383,102.1332,2426520.0456,0.007270524083620596,0.1250000000040097
2025-02-13,102.00958800363217,102.50417994546795,101.8550280218085,102.0405,2653902.9894,0.006363636363645932,0.0476190476237247
2025-02-14,101.94778799635942,102.25690803273407,101.29863591997268,101.9787,2552277.2882,0.009399636143126548,0.032258064519346895
2025-02-17,101.97870805470815,102.1641800911823,101.54593996960179,101.7005,2712042.081,0.006062443164604927,-0.44999999999428075
2025-02-18,101.70045981594778,101.8241077914079,100.64945202453679,100.7731,2901552.242,0.011550151975693439,-0.7894736842072181
2025-02-19,100.74224804915207,100.98954414746234,100.09309579108756,100.6186,2558451.483,0.008898435102802063,-0.13793103447917462
2025-02-20,100.46403993855299,100.92772012288476,99.90762371735484,100.6186,2103672.9735,0.010153846153856049,0.1515151515180285
2025-02-21,100.55677179095048,101.36048407701401,100.40221173593824,101.1441,2930611.9536,0.009529664924694797,0.6129032258090233
2025-02-24,101.17496802679348,101.94776796589213,100.896760048718,101.515,3399575.1256000004,0.010388023220296852,0.3235294117673719
2025-02-25,100.95862821065288,101.08227625500152,100.15491592238682,100.3713,3193292.0223999997,0.00918554807104476,-0.6333333333293031
2025-02-26,100.46397601475705,100.61853597785667,99.90756014759839,100.5258,2350215.5220000003,0.00707692307693293,0.08695652174337155
2025-02-27,100.46402773544344,101.63868405973479,100.40220371837547,101.4223,3562866.4447,0.01230769230770221,0.7750000000018832
2025-02-28,101.0822520775592,101.66958014773462,100.00033194828869,100.4331,2920335.7086,0.016513761467899634,-0.3888888888867995
2025-03-03,100.43313214947187,100.71134027176957,99.9076279184651,100.0931,2315127.906,0.008002462296100906,-0.42307692307253464
2025-03-04,99.84577993826852,100.15489999999691,99.56757188271298,100.1549,1629982.44,0.005882352941186416,0.5263157894780526
2025-03-05,100.15486794792001,100.30942792932113,99.38206804091446,99.7221,2032295.4787999997,0.009259259259269185,-0.4666666666628208
2025-03-06,99.96938800617929,100.09303598144976,99.22750015455644,100.0003,3082500.8060000003,0.008658008658018516,0.0357142857178149
2025-03-07,99.81481991301337,100.03120385212489,99.32022805218705,99.5057,2594224.29,0.007122948281211506,-0.43478260869069285
2025-03-10,99.5057600497791,99.56758406969199,99.1039039203454,99.3512,2135143.4425999997,0.004659832246049071,-0.33333333332592296
2025-03-11,98.94934776536005,99.5984999999969,98.8566117318405,99.5985,2389326.2964,0.007497656982203095,0.8750000000030059
2025-03-12,99.81489221910674,99.87671624649549,99.25847597260817,99.3203,2105352.3078,0.0061938680706201555,-0.7999999999936537
2025-03-13,99.41296789506244,99.59843985009056,98.79472804496878,98.9802,2650583.58,0.008084577114437894,-0.5384615384569704
2025-03-14,99.01117151216204,100.40221201108406,98.94934748998772,100.3713,4089709.8203000003,0.014673743365604633,0.9361702127674418
2025-03-17,100.71126809421533,101.8240997858641,100.71126809421533,101.0513,3549384.7452,0.011049723756915809,0.3055555555580655
2025-03-18,101.11316001224431,101.4222800367391,100.77312798530005,100.9586,1967973.0442,0.006420055029052898,-0.2380952380901136
2025-03-19,100.95860804420936,101.29864009824682,100.40219195578445,100.6804,2112093.8231,0.008879363135343703,-0.3103448275823901
2025-03-20,100.52584802955356,100.98952814039099,100.27855197044025,100.4022,1705582.2895999998,0.007072570725717365,-0.17391304347367542
2025-03-21,100.4330438368829,101.29857945628356,99.84571609514673,100.0621,2915596.3277999996,0.014465989535251673,-0.2553191489338613
2025-03-24,100.00035586695104,100.86589217739143,99.7530597782538,100.3713,2219012.1386,0.011128284389499836,0.3333333333358091
2025-03-25,100.43305636031344,101.79318393182892,99.7529925745557,101.5768,3306857.5564,0.020313942751625607,0.5606060606073018
2025-03-26,101.57680385438661,101.70045182012535,100.98947601712753,101.0513,2081056.8414999999,0.006999391357282914,-0.7391304347772353
2025-03-27,101.0512880122293,101.29858391436998,100.61852018348314,101.0822,1680237.5070000002,0.006729886815549887,0.04545454545905112
2025-03-28,101.11315199999689,101.23679999999688,100.30943999999691,100.464,1633163.675,0.009171507184357027,-0.6999999999959168
2025-03-31,100.7731240334024,101.32954005567271,99.75302799257348,99.9385,2203939.9795999997,0.015644171779150774,-0.529411764703591
2025-04-01,100.09303613496625,100.89674797545702,99.81482819018098,100.7731,2027805.4120000002,0.010809141445346532,0.6285714285737031
2025-04-02,100.71132818770913,100.74224019758873,99.7221438715622,100.124,2181855.18,0.010128913443840528,-0.5757575757539596
2025-04-03,99.56759576899012,100.77316429894685,99.5366837554015,100.0931,2160641.9546000003,0.012418503570329644,0.4250000000021749
2025-04-07,96.75456816698969,97.92922426614163,91.74682374428926,94.7762,7629221.313,0.0638977635782844,-0.31999999999945056
2025-04-08,94.28164242807163,97.77469999999691,94.21981840024995,97.7747,5498662.313800001,0.037704918032797095,0.9826086956527651
2025-04-09,97.06368757538911,103.52429607961088,95.8581194812999,102.5042,9590497.729199998,0.07898089171975467,0.7096774193551495
2025-04-10,102.62781586916708,102.84419981828881,99.84573652331615,102.0714,7503109.835000001,0.02921686746988911,-0.18556701030818165
2025-04-11,101.48410404163805,101.51501604408755,100.61856797305265,100.9586,3281243.4017999996,0.008833384099918573,-0.5862068965476095
2025-04-14,100.83496398162018,101.32955607962937,100.71131595711789,100.9277,2425079.0764999995,0.006131207847956038,0.15000000000477523
2025-04-15,100.64945581105964,100.77310379117151,99.07294406463332,99.4748,3018001.3,0.016891891891901854,-0.6909090909068542
2025-04-16,99.13474477063916,101.0821999999969,98.94927284403366,101.0822,3721168.1130000004,0.02151543498597814,0.913043478261893
2025-04-17,100.80399241274351,101.8549999999969,100.27848861911683,101.855,3065509.5105000003,0.01563937442503281,0.6666666666682148
2025-04-18,101.3913357933548,101.3913357933548,100.18576808117771,100.5258,1881769.8000000003,0.011890243902448782,-0.7179487179455403
2025-04-21,100.52584407407099,100.77314012345369,99.59848388888581,100.1549,1587468.132,0.01168511685117846,-0.31578947368132343
2025-04-22,100.03126004332714,100.4640281646518,99.69122794800062,99.8767,1419140.8215,0.007725587144633007,-0.19999999999573245
2025-04-23,100.00032403366272,100.34035604737842,99.13478799875003,99.1657,1939313.6335999998,0.01205564142195735,-0.6923076923045546
2025-04-24,99.25842399501092,99.78392795263011,99.04204001246184,99.1966,1400606.8789000001,0.007474307069458923,-0.08333333332902766
2025-04-25,99.1656840669529,99.81483598883757,99.04203608183201,99.7221,1572090.1262,0.007793017456369183,0.7200000000030616
2025-04-28,99.90756793038844,100.15486389061216,99.32024002485707,99.4748,1821284.3804,0.008353960396049428,-0.5185185185141924
2025-04-29,99.47482001246573,99.5366440149595,98.98022799251564,99.1657,1551296.4096,0.0055935363579962885,-0.5555555555490036
2025-04-30,99.07294003114954,99.59844392523053,98.54743613706857,99.2275,1707970.0590000001,0.010608424336983396,0.14705882353223815
2025-05-06,99.4439039999969,100.30943999999688,99.2893439999969,99.6912,2225704.4025,0.010258004351890717,0.2424242424270379
2025-05-07,100.4639919604174,100.58763995052253,99.4438960420501,99.9694,2846371.4664000007,0.011384615384625088,-0.432432432429343
2025-05-08,99.47483193068999,100.06216002474937,99.07297586633355,99.9076,1657257.7728000002,0.009944064636430223,0.4375000000026833
2025-05-09,99.8766760286752,100.00032403366272,99.1656999999969,99.1657,1638325.5999999999,0.008356545961012804,-0.8518518518471352
2025-05-12,99.4748159999969,99.6911999999969,99.10387199999693,99.6912,2216967.5549999997,0.005904288377884342,0.36842105263622893
2025-05-13,100.00031999999689,100.34035199999688,99.6911999999969,99.6912,2346287.475,0.006491499227212477,-0.4761904761849693
2025-05-14,99.32028363021807,100.6494999999969,99.19663559582004,100.6495,3156806.6112,0.014628073451612836,0.9148936170227796
2025-05-15,100.61854003067174,101.63863582821774,100.40215607361654,100.7731,3251621.4740000004,0.012288786482344854,0.12500000000241443
2025-05-16,101.0513681720399,101.0822801843287,100.12400780337634,100.6186,1779438.8429999999,0.009483022330997872,-0.4516129032221028
2025-05-19,100.61855601468929,101.23679599020198,100.18578803183041,100.9895,1877098.9545,0.010445468509994558,0.35294117647320555
2025-05-20,101.02041199877254,101.36044398530451,100.4330840220355,100.9895,1853409.6108000001,0.009179926560597188,-0.033333333329959317
2025-05-21,100.83490409785622,101.36040788990515,100.52578422018041,101.0822,2127766.1100000003,0.008277130594736897,0.296296296299672
2025-05-22,101.02036816102161,101.63860786824941,100.95854419029882,101.3604,2313767.3279999997,0.006731946144440788,0.5000000000038202
2025-05-23,101.32956838530096,101.63868848409687,100.1239999999969,100.124,2205003.9891,0.014948139109222595,-0.7959183673443668
2025-05-26,100.06217183660624,100.92770807739245,99.81487576781018,100.6495,1631411.3112,0.011121408711780027,0.5277777777801065
2025-05-27,100.43310396069695,101.4222881178968,100.43310396069695,100.6804,1784802.1272,0.009849184364429654,0.2500000000028719
2025-05-28,100.89673597055808,101.08220791168044,100.18576019625573,100.804,1545233.6546999998,0.008884803921578695,-0.10344827585849993
2025-05-29,100.9276438671964,101.20585176759603,100.1857561327974,100.5567,1859178.3069000002,0.010107197549780303,-0.3636363636329525
2025-05-30,100.30940791099813,100.83491174288932,100.0311999999969,100.0312,1557593.9116,0.008012326656404169,-0.34615384614957384
2025-06-03,100.00031999999692,100.5567359999969,99.62937599999692,100.464,1854451.625,0.009273570324584944,0.5000000000027938
2025-06-04,100.43307600737926,100.61854798523221,99.93848406643801,100.4949,1841155.4101,0.006771314250548593,0.09090909091350124
2025-06-05,100.46403603325838,101.05136424391435,100.30947597782261,100.3713,2185766.755,0.007384615384625071,-0.1249999999956653
2025-06-06,100.37130812229461,100.52586819023779,99.69124382334465,100.0931,2220543.0118,0.008315368032039644,-0.3333333333292051
2025-06-09,100.09308384520577,100.77314803439492,99.93852380220821,100.6495,1967308.0856,0.008338480543555364,0.6666666666695741
2025-06-10,100.61860423100367,100.77316429894685,99.93853993205373,100.0931,1851087.8594,0.00829493087558595,-0.629629629625142
2025-06-11,100.15484441732457,101.54588392312075,99.93846049420071,101.3295,3080493.6162,0.016049382716059404,0.7307692307706972
2025-06-12,100.8040319999969,101.26771199999688,100.30943999999691,100.464,2147616.25,0.009506286415219833,-0.3548387096738224
2025-06-13,99.90758802992208,100.30944404613155,99.13478799875003,99.1657,3159023.1432,0.011757425742584234,-0.6315789473652537
