Date,adjopen,adjhigh,adjlow,adjclose,amount,amp,body
1996-10-11,27.499999999998945,27.789999999998933,25.79999999999901,26.0,1938404.0,0.07236363636367012,-0.7537688442202254
1996-10-14,25.999999999998998,26.27999999999899,22.499999999999133,25.9,449883.0,0.1453846153846483,-0.0264550264547558
1996-10-15,25.79999999999901,26.29999999999899,25.50999999999902,25.98,140188.08000000002,0.030620155038797305,0.22784810126679717
1996-10-16,26.299999999999077,28.479999999999002,26.19999999999908,28.48,486979.52,0.08669201520916033,0.9561403508772109
1996-10-17,28.799999999999024,30.38999999999897,28.479999999999038,29.5,784051.0,0.06631944444447678,0.3664921465971908
1996-10-18,29.49999999999895,29.589999999998945,27.759999999999014,28.0,329532.0,0.062033898305116415,-0.8196721311465494
1996-10-21,27.99999999999897,28.14999999999896,27.089999999999,27.12,163560.72,0.03785714285717718,-0.8301886792435584
1996-10-22,26.099999999999028,27.969999999998954,26.099999999999028,26.75,182649.0,0.07164750957857949,0.34759358288804815
1996-10-23,27.119999999998996,27.19999999999899,26.599999999999014,26.95,111330.45,0.022123893805345747,-0.28333333333119937
1996-10-24,27.299999999998978,27.49999999999897,26.599999999999003,26.6,91078.40000000001,0.032967032967068405,-0.7777777777758048
1996-10-25,26.99999999999899,27.449999999998973,26.45999999999901,26.66,107226.52,0.03666666666670235,-0.3434343434329901
1996-10-28,26.579999999999007,26.989999999998993,26.579999999999007,26.75,93732.0,0.015425131677990438,0.4146341463428881
1996-10-29,26.779999999999045,28.089999999998998,26.519999999999055,28.0,192948.0,0.05862584017927337,0.7770700636944085
1996-10-30,28.019999999998966,28.689999999998943,26.709999999999017,27.1,201136.2,0.0706638115632023,-0.4646464646457243
1996-10-31,27.299999999999,27.79999999999898,26.879999999999015,27.25,157886.5,0.03369963369966909,-0.054347826085811235
1996-11-01,26.999999999998973,27.179999999998966,25.519999999999026,26.2,158824.4,0.06148148148151635,-0.48192771084248254
1996-11-04,26.169999999999007,26.58999999999899,25.999999999999012,26.3,64645.4,0.022544898739051526,0.22033898305216637
1996-11-05,26.79999999999896,26.79999999999896,25.699999999999,25.7,96092.3,0.041044776119438825,-0.9999999999981832
1996-11-06,25.699999999998997,26.19999999999898,24.999999999999027,25.61,58800.56,0.04669260700392815,-0.07499999999910542
1996-11-07,25.779999999999003,25.99999999999899,25.579999999999007,25.75,40092.75,0.016291698991504417,-0.07142857142602987
1996-11-08,25.809999999998993,25.979999999998988,25.499999999999005,25.63,42263.869999999995,0.01859744285164598,-0.3749999999971371
1996-11-11,25.499999999999005,25.979999999998984,25.449999999999005,25.54,47938.58,0.020784313725528615,0.07547169811494332
1996-11-12,25.67999999999899,25.97999999999898,25.279999999999006,25.41,48863.43,0.0272585669782311,-0.3857142857123068
1996-11-13,25.599999999999017,26.259999999998993,25.299999999999027,25.98,56454.54,0.037500000000037684,0.39583333333395937
1996-11-14,25.979999999998995,26.04999999999899,25.59999999999901,25.8,41383.200000000004,0.01732101616631954,-0.3999999999968927
1996-11-15,25.56999999999903,26.379999999998997,25.199999999999044,26.3,103937.6,0.04614782948771812,0.6186440677969325
1996-11-18,26.399999999999007,26.949999999998987,25.999999999999023,26.6,97409.20000000001,0.03598484848488498,0.21052631579030648
1996-11-19,26.879999999998986,26.999999999998984,26.399999999999004,26.55,116899.65000000001,0.022321428571465046,-0.5499999999974112
1996-11-20,26.549999999999002,26.699999999998994,26.00999999999902,26.5,81355.0,0.02598870056500839,-0.07246376811439406
1996-11-21,26.37999999999896,26.49999999999896,25.379999999999,25.4,79629.0,0.04245640636849735,-0.8749999999983253
1996-11-22,25.099999999999014,25.399999999999,24.97999999999902,25.4,84505.79999999999,0.016733067729122714,0.7142857142863918
1996-11-25,25.099999999999,25.249999999998995,24.59999999999902,25.02,54868.86,0.025896414342668275,-0.12307692307520023
1996-11-26,25.019999999999,25.47999999999898,24.79999999999901,25.0,96975.0,0.027178257394123554,-0.02941176470437161
1996-11-27,24.99999999999901,25.299999999999,24.99999999999901,25.2,73004.4,0.012000000000039597,0.6666666666677683
1996-11-28,25.19999999999902,25.779999999998996,25.19999999999902,25.6,48153.600000000006,0.023015873015911768,0.6896551724143257
1996-11-29,25.79999999999902,26.799999999998985,25.79999999999902,26.27,66857.15,0.03875968992251798,0.47000000000052605
1996-12-02,26.699999999999005,26.979999999999,26.209999999999027,26.85,135699.9,0.02883895131089779,0.19480519480624378
1996-12-03,26.949999999998994,27.29999999999898,26.679999999999005,26.8,172940.4,0.023005565862744947,-0.2419354838689629
1996-12-04,26.49999999999905,27.799999999999002,26.24999999999906,27.8,189957.4,0.05849056603777136,0.8387096774194565
1996-12-05,28.199999999998987,28.45999999999898,27.59999999999901,27.8,188178.2,0.030496453900743667,-0.4651162790680633
1996-12-06,27.499999999998995,27.849999999998985,27.129999999999008,27.35,97666.85,0.026181818181853736,-0.2083333333316521
1996-12-09,27.34999999999903,28.199999999999,27.34999999999903,28.2,210992.4,0.031078610603326087,0.999999999999998
1996-12-10,28.799999999999102,32.46999999999898,28.699999999999104,32.08,956593.5199999999,0.13090277777780784,0.8700265251989739
1996-12-11,31.999999999999,33.67999999999895,31.289999999999022,31.95,636539.85,0.07468750000002894,-0.020920502091624698
1996-12-12,32.29999999999891,32.959999999998885,29.079999999999018,29.58,384806.22,0.12012383900931511,-0.7010309278346143
1996-12-13,28.87999999999899,29.679999999998962,28.29999999999901,28.56,187610.63999999998,0.04778393351803856,-0.23188405797012343
1996-12-16,25.709999999999003,27.339999999998938,25.709999999999003,25.71,283632.72000000003,0.06339945546483607,6.124616832775264e-13
1996-12-17,23.599999999999017,26.62999999999889,23.50999999999902,24.0,206880.0,0.13220338983054525,0.12820512820540744
1996-12-18,24.999999999999055,26.399999999999,24.799999999999063,26.4,224716.8,0.06400000000003736,0.875000000000077
1996-12-19,26.999999999998963,27.979999999998924,25.39999999999902,26.0,391534.0,0.09555555555558912,-0.38759689922426854
1996-12-20,25.79999999999901,26.22999999999899,25.39999999999902,26.0,154284.0,0.0321705426356965,0.24096385542259854
1996-12-23,26.49999999999899,27.159999999998966,25.809999999999015,26.2,86538.59999999999,0.05094339622645103,-0.22222222222131868
1996-12-24,26.229999999998977,26.549999999998967,25.499999999999005,25.6,69555.2,0.040030499428172425,-0.5999999999984751
1996-12-25,25.479999999999034,26.499999999998998,25.479999999999034,26.35,64030.5,0.040031397174292105,0.8529411764707304
1996-12-26,26.499999999999,26.599999999999,26.19999999999901,26.55,45400.5,0.015094339622678789,0.12500000000218883
1996-12-27,26.649999999999,26.699999999998997,26.279999999999013,26.6,41203.4,0.01575984990622829,-0.11904761904495646
1996-12-30,26.49999999999901,26.99999999999899,26.49999999999901,26.66,149216.02,0.018867924528338947,0.3200000000013541
1996-12-31,26.87999999999898,26.87999999999898,26.11999999999901,26.31,103082.58,0.028273809523845617,-0.749999999997702
1997-01-02,25.99999999999899,26.449999999998973,25.699999999999,25.7,95424.09999999999,0.028846153846191224,-0.3999999999981375
1997-01-03,25.999999999999023,27.249999999998977,25.999999999999023,26.6,119966.0,0.048076923076959724,0.4800000000004164
1997-01-06,26.599999999998996,26.77999999999899,26.299999999999006,26.4,67531.2,0.01804511278199183,-0.416666666663725
1997-01-07,26.299999999999013,26.999999999998987,26.199999999999015,26.61,69744.81,0.0304182509506073,0.387500000000762
1997-01-08,26.789999999999022,27.499999999998998,26.499999999999034,27.38,93174.14,0.037327360955616416,0.5900000000004078
1997-01-09,27.50999999999899,27.799999999998978,27.039999999999,27.1,117695.3,0.027626317702689095,-0.539473684208501
1997-01-10,27.299999999999,27.59999999999899,27.109999999999005,27.23,60777.36,0.017948717948754002,-0.14285714285481188
1997-01-13,27.249999999999,27.49999999999899,27.209999999999003,27.26,82352.46,0.01064220183489866,0.03448275862401997
1997-01-14,26.99999999999899,27.09999999999899,26.599999999999007,26.7,46591.5,0.018518518518554905,-0.5999999999968049
1997-01-15,26.749999999999012,26.979999999999002,26.679999999999012,26.98,27897.32,0.011214953271065043,0.7666666666674302
1997-01-16,26.979999999999,26.999999999998998,26.74999999999901,26.94,22575.72,0.009266123054150829,-0.15999999999535597
1997-01-17,27.149999999999,27.49999999999899,26.779999999999017,27.14,31563.82,0.02651933701661046,-0.013888888887480792
1997-01-20,26.999999999999005,27.229999999998995,26.799999999999013,27.1,32709.7,0.01592592592596229,0.23255813953666937
1997-01-21,27.039999999999004,27.979999999998974,26.779999999999017,27.19,95056.24,0.04437869822488745,0.12500000000073108
1997-01-22,27.599999999998996,27.599999999998996,26.899999999999018,27.45,56217.6,0.02536231884061515,-0.21428571428398166
1997-01-23,27.579999999999,27.89999999999899,27.41999999999901,27.6,83848.8,0.017403915881108744,0.04166666666866801
1997-01-24,27.749999999999005,27.879999999999,27.479999999999016,27.88,55146.64,0.014414414414449885,0.3250000000016846
1997-01-27,28.17999999999899,28.229999999998988,27.549999999999013,27.86,62462.119999999995,0.0241305890702972,-0.47058823529195964
1997-01-28,27.799999999999,27.859999999998994,27.699999999999,27.7,53156.299999999996,0.005755395683488959,-0.6249999999898681
1997-01-29,27.409999999999012,27.879999999998994,27.409999999999012,27.7,45012.5,0.017147026632651618,0.6170212765965563
1997-01-30,27.599999999999007,27.879999999998994,27.50999999999901,27.7,46148.2,0.013405797101484896,0.2702702702722349
1997-01-31,27.79999999999901,28.499999999998984,27.729999999999013,28.0,133588.0,0.02769784172665363,0.2597402597412185
1997-02-17,27.999999999999027,28.799999999999,27.799999999999034,28.7,63111.299999999996,0.03571428571432013,0.7000000000002975
1997-02-18,28.749999999998895,28.749999999998895,25.829999999999007,26.0,100828.0,0.10156521739133562,-0.9417808219171434
1997-02-19,26.49999999999905,27.799999999999002,26.49999999999905,27.8,110922.0,0.0490566037736207,0.9999999999999987
1997-02-20,25.019999999999072,27.699999999998973,25.019999999999072,26.9,104721.7,0.10711430855319315,0.7014925373135428
1997-02-21,26.999999999999023,27.599999999999003,26.999999999999023,27.58,54966.939999999995,0.022222222222258503,0.9666666666667131
1997-02-24,27.799999999999002,28.199999999998987,27.799999999999002,27.88,128415.28,0.014388489208668502,0.20000000000199936
1997-02-25,27.249999999999023,28.13999999999899,27.249999999999023,27.85,63108.100000000006,0.03266055045875112,0.6741573033711522
1997-02-26,27.87999999999901,28.279999999999,27.599999999999024,28.16,62261.76,0.02439024390247398,0.41176470588321673
1997-02-27,27.249999999999037,29.16999999999897,27.249999999999037,28.3,90899.6,0.07045871559636446,0.5468750000002357
1997-02-28,27.999999999999016,28.499999999998998,27.999999999999016,28.4,47371.2,0.01785714285717793,0.8000000000003938
1997-03-03,28.499999999999016,29.189999999998992,28.399999999999018,28.9,82596.2,0.027719298245648206,0.5063291139246701
1997-03-04,28.999999999998984,28.999999999998984,28.429999999999,28.5,75981.0,0.019655172413826996,-0.8771929824528457
1997-03-05,28.509999999999053,30.64999999999898,28.509999999999053,30.0,228630.0,0.0750613819712705,0.6962616822431319
1997-03-06,29.499999999999066,31.779999999998996,29.499999999999066,31.6,300990.0,0.0772881355932517,0.921052631578982
1997-03-07,31.599999999998996,31.829999999998986,30.519999999999026,31.3,144981.6,0.04145569620256202,-0.22900763358685153
1997-03-10,31.99999999999902,32.98999999999899,31.59999999999903,32.69,192642.16999999998,0.04343750000003002,0.4964028776982021
1997-03-11,32.599999999999014,33.49999999999899,32.49999999999902,33.18,210128.94,0.030674846625796663,0.5800000000004224
1997-03-12,33.21999999999903,34.459999999999,32.99999999999904,34.4,317030.39999999997,0.04394942805541712,0.808219178082323
1997-03-13,34.399999999998975,34.399999999998975,33.509999999999,33.75,147656.25,0.025872093023284092,-0.7303370786497364
1997-03-14,33.4999999999991,37.129999999999,33.179999999999104,37.13,334281.39,0.11791044776122044,0.9189873417721725
1997-03-17,37.309999999999015,39.49999999999895,37.309999999999015,37.76,372993.27999999997,0.0586974001608398,0.20547945205515594
1997-03-18,37.799999999998974,38.98999999999895,35.99999999999903,37.1,559393.8,0.0791005291005536,-0.23411371237416598
1997-03-19,39.969999999998954,39.99999999999895,37.109999999999026,38.3,1103576.2,0.07230422817115151,-0.5778546712797316
1997-03-20,38.09999999999897,38.09999999999897,37.109999999999,37.2,315493.2,0.025984251968529506,-0.9090909090889729
1997-03-21,36.99999999999903,38.189999999998996,36.809999999999036,38.1,280720.8,0.037297297297323215,0.7971014492755142
1997-03-24,38.599999999999035,40.57999999999898,38.49999999999904,40.1,516608.30000000005,0.05388601036271864,0.7211538461539843
1997-03-25,40.09999999999899,40.77999999999897,38.509999999999025,39.75,304524.75,0.05660847880301613,-0.15418502202592357
1997-03-26,40.129999999998994,40.47999999999898,39.749999999999005,39.98,255951.96,0.01819087964119052,-0.20547945205314555
1997-03-27,40.09999999999899,40.499999999998984,39.819999999999,39.9,255719.09999999998,0.016957605985061984,-0.2941176470569177
1997-03-28,39.89999999999897,39.89999999999897,38.679999999999,38.8,259727.19999999998,0.030576441102781238,-0.9016393442607344
1997-03-31,38.79999999999901,39.87999999999899,38.79999999999901,39.3,127646.4,0.027835051546416925,0.4629629629634586
1997-04-01,39.29999999999898,39.29999999999898,38.499999999999005,38.7,120124.8,0.02035623409671695,-0.749999999997808
1997-04-02,38.799999999998995,39.39999999999898,38.799999999998995,38.95,111669.65000000001,0.01546391752579864,0.25000000000126793
1997-04-03,38.99999999999903,40.47999999999899,38.99999999999903,40.13,189895.16,0.03794871794874257,0.763513513513677
1997-04-04,40.43999999999903,42.99999999999898,40.39999999999903,41.99,332308.86000000004,0.0642927794263339,0.5961538461540029
1997-04-07,41.499999999999055,43.999999999999,40.99999999999907,43.97,389706.11,0.07228915662652831,0.823333333333393
1997-04-08,43.99999999999899,44.49999999999898,42.59999999999902,43.64,275630.24,0.043181818181839915,-0.18947368420989963
1997-04-09,43.73999999999904,46.489999999998986,43.73999999999904,45.8,299806.8,0.06287151348881893,0.7490909090909992
1997-04-10,46.00999999999899,46.39999999999898,44.84999999999902,45.7,286904.60000000003,0.03368832862423304,-0.19999999999922183
1997-04-11,45.499999999999,45.499999999999,44.59999999999902,45.5,271999.0,0.01978021978024126,1.1131836193562816e-12
1997-04-14,45.999999999998984,46.49999999999897,45.09999999999901,45.35,208337.9,0.0304347826087166,-0.4642857142846681
1997-04-15,45.019999999999015,45.99999999999899,45.019999999999015,45.88,150945.2,0.02176810306532597,0.8775510204082969
1997-04-16,46.029999999999,46.29999999999899,45.799999999999,45.95,151129.55000000002,0.010862480990679681,-0.15999999999767742
1997-04-17,45.799999999999,45.999999999999,45.39999999999901,46.0,198674.0,0.01310043668124426,0.3333333333344476
1997-04-18,45.999999999999,45.999999999999,45.999999999999,46.0,0.0,2.173913043478261e-14,1.0018652574217413
1997-04-21,45.97999999999898,46.97999999999896,45.079999999999,45.42,203299.92,0.04132231404960759,-0.2947368421045775
1997-04-22,45.34999999999899,45.34999999999899,44.59999999999901,44.88,170499.12,0.01653803748624004,-0.6266666666644962
1997-04-23,44.799999999999045,47.49999999999899,44.509999999999046,46.94,307128.42,0.06674107142859245,0.7157190635452428
1997-04-24,46.79999999999906,50.09999999999899,45.699999999999086,49.9,484678.7,0.09401709401711326,0.7045454545455229
1997-04-25,49.999999999999076,54.889999999998984,49.999999999999076,54.1,736084.6,0.09780000000001801,0.8384458077709946
1997-04-28,54.09999999999902,56.37999999999898,54.09999999999902,55.35,462061.8,0.04214417744918591,0.5482456140352873
1997-04-29,55.499999999998934,55.67999999999893,50.19999999999904,52.25,392502.0,0.0987387387387549,-0.5930656934303661
1997-04-30,51.99999999999903,54.26999999999899,51.019999999999044,53.46,221057.1,0.06250000000001811,0.44923076923093863
1997-05-05,53.37999999999902,55.29999999999898,52.99999999999903,54.58,286217.52,0.04308729861373087,0.5217391304349905
1997-05-06,54.57999999999903,57.489999999998986,54.57999999999903,56.65,392471.2,0.053316233052417596,0.711340206185666
1997-05-07,57.49999999999896,57.87999999999896,55.209999999999006,55.75,355908.0,0.04643478260871224,-0.6554307116098647
1997-05-08,55.55999999999897,57.09999999999894,53.309999999999015,53.9,349972.7,0.06821454283658981,-0.437994722954767
1997-05-09,53.99999999999902,55.79999999999898,52.79999999999904,54.98,274185.26,0.055555555555573004,0.32666666666688976
1997-05-12,54.69999999999899,55.49999999999897,53.59999999999901,53.9,224439.6,0.0347349177331072,-0.4210526315782014
1997-05-13,52.89999999999899,53.549999999998974,52.119999999999,52.4,198386.4,0.02703213610587848,-0.34965034964940656
1997-05-14,52.09999999999894,52.09999999999894,48.999999999999005,49.2,252838.80000000002,0.059500959692916335,-0.935483870967117
1997-05-15,48.79999999999904,51.47999999999899,48.19999999999906,50.88,256536.96000000002,0.06721311475411737,0.6341463414635289
1997-05-16,45.999999999999,49.77999999999892,45.789999999999004,46.1,300479.8,0.08673913043480254,0.0250626566418497
1997-05-19,45.799999999999024,47.34999999999899,45.609999999999026,47.0,227433.0,0.037991266375566934,0.6896551724139711
1997-05-20,47.99999999999907,51.699999999999,47.799999999999066,51.7,375910.7,0.08125000000001935,0.9487179487179608
1997-05-21,53.99999999999897,54.49999999999896,51.699999999999015,52.5,538492.5,0.05185185185186943,-0.5357142857137365
1997-05-22,48.049999999999,51.07999999999894,48.049999999999,48.2,503256.2,0.06305931321542013,0.049504950495364373
1997-05-23,49.49999999999901,50.679999999998984,47.509999999999046,50.0,277900.0,0.06404040404042297,0.15772870662487057
1997-05-26,50.999999999998984,51.69999999999897,48.799999999999024,50.0,224550.0,0.05686274509805784,-0.34482758620643333
1997-05-27,49.999999999999,50.49999999999899,49.59999999999901,50.2,186643.6,0.018000000000019688,0.2222222222230955
1997-05-28,49.999999999999005,51.79999999999897,49.999999999999005,50.5,162408.0,0.03600000000001923,0.277777777778182
1997-05-29,54.99999999999896,55.549999999998946,52.609999999999005,53.13,448204.68,0.053454545454562595,-0.6360544217681502
1997-05-30,53.14999999999897,53.49999999999897,51.399999999999004,52.0,361036.0,0.03951081843840013,-0.5476190476183044
1997-06-02,51.999999999999,52.899999999998975,51.07999999999901,51.9,725406.2999999999,0.03500000000001856,-0.05494505494447612
1997-06-03,51.999999999997954,52.39999999999793,50.15999999999802,50.64,448948.92,0.043076923076941435,-0.6071428571416968
1997-06-04,50.399999999998165,55.039999999998,50.15999999999818,55.02,1007636.28,0.0968253968254148,0.9467213114756263
1997-06-05,55.99999999999808,59.99999999999795,55.81999999999809,58.4,2208396.0,0.07464285714287368,0.5741626794261782
1997-06-06,54.39999999999814,60.81999999999792,53.99999999999815,58.3,1822603.75,0.1253676470588396,0.5718475073315868
1997-06-09,59.99999999999793,60.39999999999792,57.59999999999802,58.1,557208.05,0.04666666666668246,-0.678571428570472
1997-06-10,58.11999999999791,58.399999999997895,54.59999999999804,55.56,365529.24,0.06538196834137863,-0.6736842105256132
1997-06-11,54.99999999999794,54.99999999999794,49.99999999999813,53.4,405653.1,0.09090909090910736,-0.31999999999953643
1997-06-12,53.19999999999801,54.599999999997955,52.61999999999803,53.4,242249.1,0.037218045112800045,0.10101010101105642
1997-06-13,49.99999999999817,54.499999999998,49.99999999999817,54.5,335202.25,0.09000000000001823,1.0000000000002214
1997-06-16,55.999999999997975,56.35999999999796,54.99999999999801,55.2,250497.6,0.024285714285731688,-0.5882352941157452
1997-06-17,55.19999999999798,55.19999999999798,54.399999999998,54.4,151041.6,0.014492753623206352,-0.9999999999962542
1997-06-18,54.399999999997966,55.19999999999794,53.19999999999802,53.6,143433.6,0.03676470588237059,-0.3999999999987981
1997-06-19,53.799999999997986,54.899999999997945,52.79999999999802,53.3,163897.5,0.03903345724908853,-0.23809523809417588
1997-06-20,53.29999999999811,56.399999999998,53.29999999999811,56.3,330452.85,0.05816135084429544,0.9677419354842013
1997-06-23,57.579999999998016,60.959999999997905,55.999999999998074,57.96,775649.7,0.08614102118792837,0.07661290322619382
1997-06-24,58.599999999998005,58.99999999999799,57.49999999999804,58.5,286357.5,0.02559726962459003,-0.06666666666529429
1997-06-25,59.19999999999798,59.73999999999796,57.99999999999802,58.4,309987.2,0.029391891891908366,-0.4597701149411176
1997-06-26,57.99999999999803,59.639999999997976,57.99999999999803,58.72,275484.88,0.02827586206898226,0.43902439024484924
1997-06-27,58.59999999999797,58.999999999997954,57.19999999999802,57.58,396006.45,0.03071672354950452,-0.5666666666652456
1997-07-02,57.399999999997924,57.59999999999792,51.99999999999812,55.2,232806.0,0.09756097560977191,-0.3928571428567153
1997-07-03,53.999999999997975,53.999999999997975,51.59999999999806,53.2,158429.6,0.0444444444444622,-0.33333333333236154
1997-07-04,52.999999999998025,53.99999999999798,50.999999999998096,53.5,137495.0,0.056603773584923425,0.16666666666727586
1997-07-07,53.49999999999787,53.99999999999785,48.21999999999808,50.1,129759.0,0.10803738317758671,-0.5882352941172
1997-07-08,48.99999999999806,50.97999999999798,48.559999999998084,50.56,134059.84,0.04938775510206003,0.6446280991741178
1997-07-09,50.99999999999803,51.99999999999799,50.59999999999805,51.62,75261.95999999999,0.02745098039217585,0.44285714285824895
1997-07-10,51.619999999998,52.49999999999797,51.19999999999802,51.6,86094.6,0.025184037194904547,-0.015384615383065245
1997-07-11,51.49999999999803,52.379999999998,50.99999999999805,52.24,93013.32,0.026796116504873235,0.5362318840590312
1997-07-14,52.639999999998004,52.99999999999799,52.23999999999802,52.52,107508.44,0.014437689969623555,-0.15789473683927333
1997-07-15,52.61999999999809,55.199999999998006,51.59999999999813,55.2,147687.6,0.06841505131130626,0.7166666666670232
1997-07-16,55.7999999999979,55.9999999999979,53.019999999998014,53.2,174363.0,0.05340501792116383,-0.8724832214755461
1997-07-17,53.19999999999803,54.93999999999796,53.19999999999803,53.8,90437.79999999999,0.03270676691731133,0.34482758620784404
1997-07-18,53.79999999999801,54.299999999997986,52.99999999999804,54.02,98343.41,0.024163568773252257,0.1692307692321809
1997-07-21,54.499999999997904,54.99999999999789,51.999999999998,52.0,86606.0,0.0550458715596504,-0.8333333333323885
1997-07-22,51.99999999999807,53.99999999999799,51.99999999999807,53.64,84831.66,0.03846153846155688,0.8200000000005886
1997-07-23,54.99999999999794,54.99999999999794,53.21999999999801,53.4,91714.5,0.0323636363636539,-0.8988764044927555
1997-07-24,53.55999999999795,53.55999999999795,51.99999999999801,52.2,54053.100000000006,0.0291262135922511,-0.8717948717930307
1997-07-25,51.999999999998,52.35999999999799,51.459999999998026,52.0,72904.0,0.017307692307711158,2.2184723194263836e-12
1997-07-28,51.95999999999795,52.39999999999793,50.159999999998014,50.5,63781.5,0.043110084680542,-0.6517857142845311
1997-07-29,49.999999999997996,50.97999999999795,48.99999999999804,49.8,77264.7,0.03960000000001903,-0.10101010100904395
1997-07-30,49.899999999998016,50.399999999997995,49.899999999998016,50.2,57679.8,0.01002004008018013,0.600000000002799
1997-07-31,50.179999999998074,52.35999999999799,50.099999999998076,51.92,71597.68000000001,0.045037863690732455,0.7699115044253206
1997-08-01,51.999999999998074,55.19999999999796,51.999999999998074,53.8,276128.5,0.0615384615384796,0.5625000000004458
1997-08-04,54.39999999999796,54.799999999997944,52.899999999998016,53.16,121922.45999999999,0.03492647058825301,-0.6526315789459776
1997-08-05,53.19999999999801,53.99999999999798,53.19999999999801,53.42,77405.58,0.015037593984980894,0.27500000000215247
1997-08-06,53.499999999997954,53.79999999999794,52.159999999998,52.16,58836.479999999996,0.030654205607494742,-0.817073170729995
1997-08-07,52.09999999999802,52.71999999999799,51.63999999999803,52.44,60830.399999999994,0.020729366602705874,0.31481481481636836
1997-08-08,52.59999999999802,53.43999999999798,51.99999999999804,52.84,65468.76,0.027376425855531707,0.1666666666679358
1997-08-11,52.89999999999795,52.99999999999795,51.39999999999801,51.58,64784.479999999996,0.03024574669188978,-0.8249999999982378
1997-08-12,51.31999999999798,51.89999999999796,50.759999999998,50.8,53568.6,0.02221356196416564,-0.4561403508750423
1997-08-13,50.239999999997984,50.999999999997954,49.599999999998005,49.7,54769.4,0.02786624203823601,-0.38571428571258226
1997-08-14,48.99999999999809,51.359999999997996,48.99999999999809,51.28,89099.0,0.04816326530614186,0.9661016949156933
1997-08-15,52.199999999997914,52.3999999999979,49.79999999999801,50.0,45400.0,0.04980842911879212,-0.8461538461527526
1997-08-18,49.999999999997996,50.019999999998,49.15999999999803,49.8,36005.4,0.017200000000019765,-0.23255813953229454
1997-08-19,50.799999999997965,50.799999999997965,49.79999999999801,49.92,18195.84,0.01968503937009799,-0.8799999999971208
1997-08-20,49.939999999997994,50.29999999999797,49.699999999998006,49.72,27594.6,0.012014417300780495,-0.36666666666273495
1997-08-21,49.69999999999802,50.39999999999799,49.69999999999802,50.1,46167.15,0.01408450704227326,0.5714285714306118
1997-08-22,50.09999999999804,51.67999999999798,49.95999999999805,51.04,61707.36,0.03433133732536862,0.5465116279078185
1997-08-25,51.199999999998,51.39999999999799,50.31999999999803,51.02,43979.240000000005,0.02109375000001908,-0.1666666666646636
1997-08-26,51.219999999998045,53.95999999999795,51.01999999999806,52.4,141506.19999999998,0.05739945333855796,0.4013605442182309
1997-08-27,52.99999999999796,52.99999999999796,51.799999999998,51.9,49382.85,0.022641509433980828,-0.9166666666642349
1997-08-28,51.999999999997975,51.999999999997975,50.799999999998015,51.2,51558.4,0.023076923076941997,-0.6666666666644433
1997-08-29,51.25999999999798,51.599999999997976,50.09999999999803,50.86,46130.02,0.029262582910670562,-0.26666666666515276
1997-09-01,50.999999999998,51.599999999997976,50.79999999999801,50.92,69149.36,0.015686274509823222,-0.099999999997381
1997-09-02,50.899999999998016,52.39999999999796,50.23999999999804,51.2,54016.0,0.042436149312396074,0.1388888888897496
1997-09-03,51.29999999999803,52.75999999999798,51.29999999999803,52.2,69478.2,0.028460038986373854,0.6164383561653339
1997-09-04,52.399999999997995,52.75999999999798,52.099999999998005,52.2,59769.0,0.012595419847347097,-0.30303030302681283
1997-09-05,52.199999999997985,52.199999999997985,51.55999999999801,51.66,43497.719999999994,0.012260536398486293,-0.8437499999955751
1997-09-08,51.67999999999798,51.99999999999797,50.599999999998026,51.16,27907.78,0.027089783281752502,-0.3714285714268824
1997-09-09,50.999999999997996,51.55999999999798,50.799999999998,50.8,32842.2,0.014901960784333168,-0.2631578947338712
1997-09-10,50.79999999999799,50.99999999999799,50.55999999999801,50.7,27758.25,0.008661417322854038,-0.2272727272676561
1997-09-11,50.899999999998045,54.339999999997914,50.399999999998066,52.02,134835.84,0.07740667976426174,0.28426395939129884
1997-09-12,52.019999999997964,52.19999999999796,50.79999999999801,50.9,39702.0,0.026912725874682367,-0.7999999999980044
1997-09-15,50.39999999999799,50.599999999997976,49.899999999998,50.0,45425.0,0.013888888888908501,-0.5714285714249013
1997-09-16,49.99999999999801,50.499999999997996,49.99999999999801,50.24,20975.2,0.010000000000019913,0.48000000000303666
1997-09-17,50.23999999999799,50.39999999999799,49.79999999999801,49.96,18310.34,0.011942675159255416,-0.4666666666625549
1997-09-18,49.79999999999801,50.49999999999798,49.79999999999801,50.0,18050.0,0.01405622489961824,0.28571428571673424
1997-09-19,50.199999999998006,50.499999999997996,50.03999999999801,50.26,15857.029999999999,0.00916334661356565,0.13043478261274588
1997-09-22,49.999999999997904,49.999999999997904,47.39999999999801,47.6,27703.2,0.05200000000001904,-0.9230769230757986
1997-09-23,47.19999999999785,47.19999999999785,42.99999999999804,43.8,58538.7,0.08898305084747697,-0.809523809523142
1997-09-24,44.99999999999808,47.999999999997954,44.059999999998126,46.8,60512.399999999994,0.08755555555557572,0.45685279187856287
1997-09-25,46.99999999999797,47.75999999999793,45.99999999999801,46.1,34851.6,0.037446808510658694,-0.5113636363622136
1997-09-26,46.59999999999796,46.59999999999796,45.399999999998016,45.7,23466.95,0.025751072961394266,-0.7499999999977082
1997-09-29,45.199999999998,45.99999999999796,44.19999999999804,45.1,23767.7,0.039823008849578734,-0.05555555555441479
1997-09-30,45.89999999999799,46.199999999997985,45.259999999998016,45.7,21547.550000000003,0.020479302832265577,-0.2127659574444454
1997-10-06,45.69999999999797,45.999999999997954,44.959999999998004,45.0,13207.5,0.022757111597395466,-0.6730769230743573
1997-10-07,45.01999999999799,45.19999999999798,44.019999999998035,44.6,10235.7,0.02621057307865325,-0.3559322033878434
1997-10-08,45.99999999999801,46.69999999999798,45.49999999999803,46.12,29193.96,0.026086956521760258,0.10000000000157697
1997-10-09,45.999999999997996,46.59999999999797,45.59999999999801,45.8,15342.999999999998,0.021739130434803897,-0.19999999999780763
1997-10-10,45.799999999998,46.159999999997986,45.63999999999801,45.8,8381.4,0.011353711790414542,3.8396636297733446e-12
1997-10-13,45.799999999997986,45.99999999999798,45.39999999999801,45.48,15394.98,0.013100436681244242,-0.5333333333291176
1997-10-14,44.81999999999801,45.55999999999798,44.39999999999803,45.0,8347.5,0.025881302989758423,0.15517241379469163
1997-10-15,44.95999999999804,46.59999999999797,44.699999999998056,45.8,30937.899999999998,0.04225978647688954,0.4421052631587124
1997-10-16,46.199999999998084,48.239999999998,46.199999999998084,48.1,99086.0,0.044155844155864814,0.9313725490201303
1997-10-17,48.99999999999811,51.879999999998006,48.799999999998114,51.86,188148.08,0.0628571428571622,0.9285714285717732
1997-10-20,51.99999999999798,52.75999999999795,50.999999999998025,51.6,282871.2,0.03384615384617234,-0.2272727272714602
1997-10-21,51.599999999998026,52.399999999997995,50.67999999999806,52.2,123792.3,0.03333333333335208,0.3488372093032852
1997-10-22,52.199999999997985,53.99999999999791,51.099999999998026,51.7,139434.9,0.05555555555557359,-0.17241379310269983
1997-10-23,51.39999999999801,52.37999999999797,50.959999999998026,51.5,81138.25,0.027626459143987786,0.07042253521262282
1997-10-24,51.79999999999798,51.999999999997975,50.99999999999801,51.22,89609.39,0.019305019305038307,-0.5799999999974209
1997-10-27,51.59999999999807,53.439999999998,51.59999999999807,53.44,181589.12,0.035658914728700884,1.0000000000005416
1997-10-28,53.399999999997924,53.399999999997924,51.19999999999801,51.36,116124.95999999999,0.041198501872677054,-0.9272727272714
1997-10-29,51.199999999998,51.59999999999798,50.01999999999805,51.08,72431.44,0.030859375000018854,-0.07594936708729737
1997-10-30,51.699999999998,52.59999999999796,51.19999999999802,51.6,112900.8,0.027079303675067095,-0.07142857142709315
1997-10-31,51.199999999998,51.39999999999799,49.59999999999806,51.06,52617.33,0.03515625000001878,-0.0777777777766249
1997-11-03,51.059999999998034,51.939999999997994,50.35999999999806,51.76,40916.28,0.03094398746574548,0.44303797468452527
1997-11-04,51.759999999998,52.39999999999798,51.59999999999801,51.86,71177.85,0.015455950540977282,0.1250000000023462
1997-11-05,51.85999999999802,52.499999999997996,51.79999999999802,52.3,65427.299999999996,0.013497878904762584,0.6285714285733823
1997-11-06,52.69999999999798,53.59999999999794,51.999999999998,52.02,154265.31,0.03036053130931629,-0.42499999999848515
1997-11-07,52.99999999999802,53.99999999999798,52.39999999999804,53.4,197473.19999999998,0.0301886792453014,0.2500000000010905
1997-11-10,54.19999999999795,54.35999999999794,52.35999999999802,52.8,117216.0,0.03690036900370776,-0.6999999999986535
1997-11-11,52.59999999999798,52.79999999999797,51.39999999999802,51.94,49187.18,0.026615969581767603,-0.47142857142681316
1997-11-12,51.979999999997986,52.59999999999796,51.39999999999801,51.56,36684.94,0.023085802231646337,-0.34999999999804177
1997-11-13,51.19999999999802,51.699999999998,50.619999999998036,51.58,48588.36,0.021093750000019208,0.35185185185336953
1997-11-14,51.79999999999799,51.99999999999799,51.35999999999802,51.72,42824.159999999996,0.012355212355231363,-0.12499999999667664
1997-11-17,51.999999999998,53.399999999997945,51.79999999999801,52.0,36426.0,0.030769230769249388,1.2478906796779447e-12
1997-11-18,52.099999999997976,52.599999999997955,51.359999999998,51.36,27683.04,0.023800383877178054,-0.5967741935462972
1997-11-19,51.359999999997996,51.79999999999798,50.799999999998015,51.2,22195.2,0.019470404984442836,-0.15999999999783854
1997-11-20,51.07999999999798,51.479999999997965,50.09999999999802,50.5,43808.75,0.027016444792501437,-0.4202898550707122
1997-11-21,49.999999999997996,50.499999999997975,49.59999999999801,49.76,44958.159999999996,0.018000000000019622,-0.26666666666415717
1997-11-24,47.999999999998,49.19999999999796,47.79999999999801,47.9,47277.299999999996,0.02916666666668704,-0.07142857142709787
1997-11-25,47.59999999999801,47.99999999999799,46.799999999998036,47.64,27774.12,0.025210084033633992,0.03333333333496408
1997-11-26,47.599999999998055,48.959999999998,47.599999999998055,48.8,17006.8,0.028571428571448943,0.8823529411772874
1997-11-27,47.99999999999799,48.41999999999798,47.639999999998004,47.64,19413.3,0.016250000000020606,-0.46153846153530725
1997-11-28,47.63999999999802,47.979999999998,46.699999999998056,47.98,35697.119999999995,0.026868178001699636,0.2656250000013499
1997-12-01,47.999999999997996,48.499999999997975,47.69999999999801,47.88,14100.66,0.01666666666668705,-0.14999999999731184
1997-12-02,47.799999999998,47.999999999997996,47.39999999999802,47.8,11448.099999999999,0.012552301255250743,3.3277084791377397e-12
1997-12-03,47.599999999998005,47.599999999998005,46.999999999998025,47.6,15755.6,0.012605042016827576,3.3277084791377e-12
1997-12-04,47.799999999998015,48.39999999999799,47.19999999999804,48.06,17782.2,0.02510460251048056,0.21666666666815212
1997-12-05,48.55999999999799,48.699999999997985,48.199999999998006,48.26,19183.35,0.010296540362458587,-0.5999999999948125
1997-12-08,48.19999999999804,49.199999999998006,48.17999999999804,49.1,25212.850000000002,0.021161825726161574,0.8823529411775547
1997-12-09,49.299999999998064,51.15999999999799,49.299999999998064,50.9,73245.09999999999,0.037728194726185875,0.8602150537640513
1997-12-10,51.09999999999804,53.399999999997945,51.09999999999804,51.96,121144.74,0.045009784735830685,0.37391304347896615
1997-12-11,51.899999999997995,52.699999999997964,50.81999999999804,51.74,42504.41,0.03622350674375647,-0.08510638297761393
1997-12-12,52.39999999999796,52.39999999999796,51.199999999998006,51.3,50171.399999999994,0.02290076335879727,-0.9166666666642403
1997-12-15,51.399999999998016,52.19999999999799,51.19999999999803,51.8,44910.6,0.019455252918307075,0.4000000000015952
1997-12-16,52.399999999997995,52.399999999997995,51.69999999999802,52.18,63998.77,0.01335877862597305,-0.3142857142824127
1997-12-17,51.99999999999793,51.99999999999793,49.99999999999801,50.2,72062.1,0.03846153846155698,-0.8999999999985498
1997-12-18,49.59999999999805,51.199999999997985,49.59999999999805,50.66,46581.869999999995,0.03225806451614855,0.66250000000083
1997-12-19,50.39999999999804,51.299999999998,50.39999999999804,51.3,53993.25,0.017857142857162306,1.0000000000011073
1997-12-22,51.999999999998046,53.199999999998,51.299999999998064,53.1,176079.6,0.036538461538480185,0.578947368421797
1997-12-23,53.99999999999796,54.19999999999796,52.199999999998035,52.9,132699.65,0.03703703703705482,-0.5499999999987275
1997-12-24,52.779999999998005,52.959999999998,52.35999999999802,52.8,56944.799999999996,0.011367942402443943,0.03333333333659996
1997-12-25,52.79999999999801,53.15999999999799,52.79999999999801,52.94,66333.81999999999,0.006818181818200605,0.38888888889335266
1997-12-26,53.61999999999798,53.75999999999797,52.59999999999802,53.02,99147.40000000001,0.021633718761674303,-0.5172413793081749
1997-12-29,53.15999999999795,53.359999999997946,51.759999999998,51.8,77959.0,0.03009781790822002,-0.8499999999982188
1997-12-30,51.79999999999799,51.79999999999799,51.39999999999801,51.6,40738.200000000004,0.007722007722026874,-0.4999999999937496
1997-12-31,51.999999999998025,53.199999999997985,51.79999999999803,52.6,53941.3,0.026923076923095812,0.4285714285725479
1998-01-05,52.99999999999817,57.859999999998,52.99999999999817,57.86,533064.18,0.09169811320756438,1.000000000000205
1998-01-06,58.599999999998026,60.759999999997945,58.599999999998026,59.1,748383.3,0.036860068259401954,0.23148148148229755
1998-01-07,59.099999999998,59.69999999999798,57.99999999999804,59.0,259452.5,0.02876480541456798,-0.05882352941055439
1998-01-08,58.99999999999803,61.15999999999796,58.49999999999805,59.94,241138.62,0.04508474576272793,0.35338345864723547
1998-01-09,59.99999999999808,63.17999999999798,59.95999999999808,62.44,592711.7,0.053666666666682475,0.757763975155663
1998-01-12,63.19999999999794,64.3999999999979,60.99999999999801,61.16,365736.8,0.05379746835444539,-0.5999999999992384
1998-01-13,59.9999999999979,59.9999999999979,55.03999999999807,56.96,587086.72,0.08266666666668203,-0.6129032258059248
1998-01-14,57.199999999998035,59.199999999997964,57.09999999999803,58.02,357548.25,0.0367132867133036,0.39047619047695487
1998-01-15,58.999999999998,60.97999999999793,57.79999999999804,59.02,121109.04000000001,0.05389830508476169,0.006289308176727729
1998-01-16,58.79999999999802,59.95999999999798,57.999999999998046,59.36,176774.08,0.03333333333334982,0.2857142857151581
1998-01-19,59.65999999999806,61.75999999999799,59.65999999999806,61.4,209005.6,0.03519946362723707,0.8285714285719861
1998-01-20,61.75999999999794,61.79999999999793,58.99999999999803,59.8,159755.69999999998,0.045336787564782155,-0.69999999999904
1998-01-21,59.13999999999797,59.21999999999796,57.999999999998,58.02,124133.79000000001,0.020629015894504187,-0.9180327868828585
1998-01-22,57.559999999998055,59.199999999998,57.19999999999806,58.9,81929.9,0.03474635163309536,0.670000000000658
1998-01-23,59.399999999998,59.799999999997986,59.03999999999801,59.38,99461.5,0.012794612794629451,-0.02631578947101802
1998-02-09,63.59999999999793,63.89999999999791,60.199999999998035,61.1,274491.75,0.05817610062894556,-0.6756756756749551
1998-02-10,61.599999999998076,65.19999999999796,61.599999999998076,63.84,1081002.72,0.058441558441573616,0.6222222222226055
1998-02-11,67.19999999999803,69.99999999999794,63.59999999999813,68.2,1136621.2,0.09523809523810862,0.15625000000028894
1998-02-12,68.59999999999796,69.99999999999793,66.43999999999802,67.6,779799.7999999999,0.05189504373179238,-0.2808988764038523
1998-02-13,67.99999999999804,69.99999999999798,67.65999999999805,69.8,1148175.0999999999,0.034411764705896554,0.7692307692312995
1998-02-16,71.96722609246132,72.78654528182165,68.6456618112708,69.93,474489.5,0.057538461538474577,-0.4919786096250164
1998-02-17,69.39932838230321,69.75363254762448,67.56137552469914,68.58,212423.22999999998,0.03158902361201128,-0.37373737373619265
1998-02-18,68.58482911392188,69.97999999999779,67.76544303797255,69.98,160654.4,0.03228931223766338,0.6300000000007168
1998-02-19,69.97573062261532,70.55148030495329,69.11210609910835,69.71,139267.52,0.020569620253178652,-0.1846153846137242
1998-02-20,69.75145914396663,69.88431906614561,68.20142671854515,68.29,135264.24,0.02412698412699802,-0.8684210526297573
1998-02-23,67.53996101364302,68.64717348927653,66.38846003898419,68.16,164180.52000000002,0.033442622950834125,0.2745098039224281
1998-02-24,67.87071895424614,68.4021699346383,67.56070588235075,67.76,104437.8,0.0123980424143701,-0.13157894736562256
1998-02-25,67.10016891891665,67.32162162161934,65.32854729729509,65.55,151848.0,0.02970297029704413,-0.7777777777762783
1998-02-26,65.32557377048967,68.20432786885024,64.97126557376838,67.54,175954.5,0.049491525423743424,0.684931506849787
1998-02-27,67.86858569051356,68.09001663893285,66.42928452578815,66.54,131709.15,0.024469820554663645,-0.799999999998185
1998-03-02,64.84222145567215,66.4367023111395,62.007588823730195,64.2,137412.6,0.06830601092897617,-0.14499999999946916
1998-03-03,63.352076666664566,66.4299999999978,63.352076666664566,66.43,120330.0,0.04858441104510426,1.0000000000003908
1998-03-04,66.65623188405583,69.15860869564995,66.43478260869351,68.76,282896.55,0.0408637873754297,0.7723577235777653
1998-03-05,69.75735775016123,70.08953564420962,67.54283845650532,67.72,149230.4,0.03650793650795029,-0.7999999999988209
1998-03-06,67.58637634058928,68.62718882027725,66.96631784205177,68.14,78955.81999999999,0.02457404980342202,0.33333333333447024
1998-03-09,68.87145161290101,69.75725806451389,67.98564516128813,68.65,161913.0,0.02572347266882457,-0.1249999999986801
1998-03-10,69.2501264181501,69.42729335494103,67.32343598054887,68.32,119975.65000000001,0.030380556443890084,-0.4421052631566317
1998-03-11,69.57799280810495,70.55235044131838,67.71785550833384,67.74,289748.48,0.04073838319543069,-0.6484374999989929
1998-03-12,66.85358710106162,67.4957712765935,66.45499002659355,66.61,145015.68,0.015568068897000286,-0.23404255318915304
1998-03-13,66.43636363636143,67.43290909090685,66.10418181817963,66.99,98070.5,0.020000000000014638,0.4166666666680224
1998-03-16,67.09646548849393,67.53934644881403,66.21070356785374,66.41,128297.21999999999,0.019801980198034596,-0.5166666666646129
1998-03-17,66.90360797341971,67.76730897009742,66.6599999999978,66.66,110978.70000000001,0.016550810989753084,-0.2199999999978113
1998-03-18,67.09432048681316,67.31575388775973,65.32285327924053,65.5,137517.41999999998,0.02970297029704402,-0.7999999999984976
1998-03-19,64.21712328766903,65.32431506849092,63.77424657534028,64.66,160074.4,0.024137931034498086,0.2857142857155316
1998-03-20,64.39285322359174,65.54430727023095,64.17141975308421,64.57,113607.36,0.021320495185709953,0.1290322580660389
1998-03-23,64.10641775636392,64.54929456297093,63.50853406744447,64.35,139139.28,0.01623488773749368,0.2340425531933957
1998-03-24,64.22128378378162,65.6828716216194,63.999831081078916,65.55,72253.6,0.026206896551739276,0.7894736842113715
1998-03-25,66.43003412969057,66.74004095562913,64.54784982934933,64.88,101905.40000000001,0.03300000000001465,-0.7070707070693758
1998-03-26,64.2157133011694,65.21216402480825,63.99427980702744,64.26,89642.78,0.018965517241394707,0.03636363636542169
1998-03-27,63.91118473895369,66.43574297188533,63.55686077643697,66.17,116083.8,0.045045045045059955,0.7846153846158792
1998-03-30,66.45211714659469,68.62216295811294,65.34495091622824,67.67,258904.31999999998,0.04931689436855791,0.37162162162218493
1998-03-31,67.54493650276564,68.58579290133285,66.4376424617367,68.01,188221.59,0.0318032786885389,0.21649484536175356
1998-04-01,68.09926948051726,69.6716428571406,68.09926948051726,68.21,154215.6,0.02308943089432339,0.07042253521263005
1998-04-02,68.31428803113629,69.31076873175255,68.20356795329005,68.27,280460.51,0.016207455429511942,-0.03999999999796778
1998-04-03,67.75785043703245,69.17500809323181,67.53641955325129,68.4,163099.2,0.024183006535962035,0.39189189189300905
1998-04-06,68.64429967426489,68.86573289902057,67.71428013029096,67.98,188835.69999999998,0.016774193548401536,-0.5769230769206634
1998-04-07,67.76721527320383,68.03296905858895,67.10283080974105,67.28,155150.66,0.013725490196092996,-0.5238095238065839
1998-04-08,67.09492822966294,70.63789473683985,66.43062200956726,69.42,387987.60000000003,0.06270627062707672,0.5526315789477613
1998-04-09,69.42145612343076,69.75361620057636,68.15924783027747,68.89,207379.26,0.022966507177047665,-0.33333333333173976
1998-04-10,68.86975384615172,72.32431384615161,68.64830769230558,71.97,497217.5,0.05337620578779498,0.8433734939762791
1998-04-13,73.07490415806332,77.50368622824897,73.07490415806332,75.09,601800.7699999999,0.060606060606073354,0.45500000000039736
1998-04-14,75.28715814506316,75.73002378121059,73.072829964326,74.49,299496.92,0.035294117647071695,-0.2999999999990549
1998-04-15,74.18565088757177,75.315044378696,73.98634615384395,74.85,176064.19999999998,0.017910447761207482,0.5000000000012814
1998-04-16,75.289280469895,76.39647577092288,74.44781204111382,75.4,317652.44999999995,0.025882352941189523,0.05681818181928881
1998-04-17,75.29305135951434,75.29305135951434,73.18927492446907,73.3,252817.80000000002,0.02794117647060126,-0.9473684210511238
1998-04-20,73.29999999999778,73.29999999999778,73.29999999999778,73.3,0.0,1.3642564802183038e-14,2.2168933355715126
1998-04-21,73.07973102785549,73.07973102785549,68.67280179314542,69.16,241907.58000000002,0.06030303030304302,-0.8894472361802027
1998-04-22,68.64711538461319,70.30793269230544,67.60633653845939,69.09,226792.8,0.03935483870969123,0.16393442623026827
1998-04-23,68.64568690095628,70.83792012779327,68.64568690095628,69.31,146515.30000000002,0.031935483870981836,0.3030303030311739
1998-04-24,69.75858232676192,72.74823585505173,68.87275905912051,69.67,146886.74,0.05555555555556913,-0.02285714285656434
1998-04-27,68.64918970447827,70.42078169685192,68.64918970447827,69.69,120309.81,0.025806451612917575,0.5875000000009144
1998-04-28,69.97424999999781,71.52431249999776,69.75281249999782,70.86,125728.0,0.02531645569621649,0.5000000000009691
1998-04-29,71.07996951219296,73.69287804877824,71.07996951219296,72.63,177316.8,0.03676012461060537,0.5932203389836688
1998-04-30,73.07649769585029,73.29794162826195,71.74783410138028,72.08,107284.79999999999,0.021212121212134637,-0.6428571428553018
1998-05-04,73.03663875968765,73.03663875968765,70.86635658914508,71.42,175085.25,0.029714978775028385,-0.7448979591823062
1998-05-05,71.48725563909551,72.19592731829349,70.31351817042386,70.69,126147.84000000001,0.02633209417597408,-0.42352941176330566
1998-05-06,70.41571969696749,70.63715277777555,69.70713383838165,70.15,112368.95999999999,0.01320754716982524,-0.28571428571160573
1998-05-07,70.42089938530992,70.42089938530992,68.44999999999779,68.45,149542.58,0.02798742138366166,-0.9999999999983678
1998-05-08,68.31775895140447,69.75719309462693,67.98558184143005,69.27,141979.92,0.02593192868721046,0.5375000000009393
1998-05-11,69.04287947882513,69.08716612377627,67.53713355048642,67.98,160407.5,0.02245028864658251,-0.6857142857124209
1998-05-12,67.98574231523651,68.40650098103113,67.38782210594941,67.72,95226.12,0.014983713355063336,-0.26086956521497473
1998-05-13,68.20846696600167,70.06869788325625,67.10118665811203,69.05,76827.52,0.04350649350650743,0.28358208955288755
1998-05-14,68.31285160038576,69.06573229873685,68.31285160038576,68.49,72592.71,0.011021069692072836,0.23529411764969196
1998-05-15,68.49210576922859,70.4186538461516,68.49210576922859,69.09,62649.6,0.0281280310378415,0.3103448275871907
1998-05-18,69.759481361424,69.759481361424,68.00995786061368,68.32,59293.700000000004,0.025079365079379003,-0.8227848101248513
1998-05-19,68.5606956521717,69.75652173912819,67.98492753622969,68.76,56076.3,0.02583979328166803,0.11250000000119055
1998-05-20,68.80291246338858,69.64440286364888,67.98356654734565,68.05,46525.22,0.024139040875456732,-0.4533333333317262
1998-05-21,68.20287581699124,68.20287581699124,67.31712418300434,67.76,59731.200000000004,0.012987012987027462,-0.4999999999969327
1998-05-22,67.98071778140073,68.64502446981832,67.36069820554431,67.87,84226.2,0.018892508143336824,-0.08620689654993681
1998-05-25,67.76429038587092,67.76429038587092,66.67917593197951,67.72,161462.4,0.016013071895439508,-0.04081632652855113
1998-05-26,67.76365441906431,68.42800397219237,66.76713008937217,66.9,83319.18000000001,0.024509803921582942,-0.5199999999983628
1998-05-27,67.1014970059858,67.1014970059858,66.43712574850079,66.57,92404.44,0.00990099009902477,-0.7999999999954848
1998-05-28,66.6157076411938,67.10292358803764,66.43853820597786,66.66,88132.8,0.009973404255333987,0.0666666666699045
1998-05-29,66.76695652173697,70.15513043478035,66.76695652173697,68.76,155405.25,0.05074626865673072,0.5882352941181299
1998-06-01,68.97790849672977,68.97790849672977,67.31712418300434,67.76,78427.8,0.024077046548970717,-0.7333333333315557
1998-06-02,67.76219069613767,67.76219069613767,67.09785549323435,67.12,56194.74,0.009803921568642156,-0.9666666666618817
1998-06-03,67.10283080974105,68.43159973666661,66.54917709018873,67.28,48000.4,0.02805280528054244,0.0941176470599473
1998-06-04,67.10145695364017,67.96513907284543,66.54781456953422,66.88,51611.799999999996,0.021122112211235642,-0.15624999999833405
1998-06-05,67.1013389941193,68.87299150881552,66.87988242978227,67.81,65863.62,0.02970297029704416,0.35555555555648705
1998-06-08,68.02572549019385,68.86718954248141,67.73785620914812,67.76,58446.0,0.0166015625000144,-0.23529411764488078
1998-06-09,69.69060037523234,71.86081926203653,68.6497811131936,70.82,298725.18,0.046075627581837725,0.351724137931614
1998-06-10,71.30143302180464,71.96573208722516,70.41570093457725,71.08,222581.40000000002,0.021739130434796205,-0.14285714285562962
1998-06-11,70.86302250803631,71.52736334404915,68.67069774919393,68.87,95041.6,0.04031250000001357,-0.6976744186036306
1998-06-12,70.70724512623616,70.86225631191849,68.64781080217104,69.29,170217.6,0.031318509238973884,-0.6399999999987112
1998-06-15,69.75594844679215,69.9109616655628,66.85498678122714,67.01,207311.26,0.0438095238095375,-0.8985507246366623
1998-06-16,66.45026392961488,66.45026392961488,63.82228739002559,64.01,107397.95000000001,0.03954802259888444,-0.9285714285696488
1998-06-17,64.00990939976988,66.63788221970178,63.82219705548903,66.3,95293.36,0.04398826979473636,0.8133333333343741
1998-06-18,66.06954689146123,71.70047418334713,66.06954689146123,71.25,287945.58,0.08522727272728653,0.9200000000005019
1998-06-19,72.08170212765573,74.97247872340026,69.86669148935799,70.58,666704.4,0.07083333333334604,-0.29411764705803
1998-06-22,70.57355639503128,70.57355639503128,68.321208850509,69.56,215615.08000000002,0.031914893617035076,-0.4499999999981339
1998-06-23,69.44568777292197,69.55830240174294,68.24446506549846,68.77,130328.48,0.01891891891893313,-0.5142857142824648
1998-06-24,68.77347593582522,71.138502673793,68.69839572192147,70.2,108104.7,0.03548034934499219,0.5846153846166771
1998-06-25,70.87198257080225,70.87198257080225,68.73230936818798,68.92,89229.59999999999,0.030190677966115367,-0.9122807017522073
1998-06-26,68.92788177339526,69.15313628899459,68.32720306513036,68.59,79109.09999999999,0.011982570806114734,-0.40909090908587536
1998-06-29,68.58905027932579,68.8893854748565,66.82458100558287,67.2,70633.4,0.0301039956212511,-0.6727272727251342
1998-06-30,67.19368959635776,67.56907333711953,65.95492325184391,66.03,49990.78,0.02402234636872949,-0.720930232555375
1998-07-01,67.57019064124394,67.57019064124394,64.56707105718866,64.98,60706.17,0.04444444444445856,-0.8624999999984653
1998-07-02,64.34508177569717,64.34508177569717,61.567056074762746,64.27,98868.0,0.043173862310400005,-0.02702702702566419
1998-07-03,64.26887356321471,65.6954022988468,64.19379310344459,65.32,97318.2,0.02336448598132357,0.7000000000020209
1998-07-06,65.6164444444406,65.69152046783242,63.92723391812492,64.19,39654.9,0.02688787185356175,-0.8085106382952851
1998-07-07,64.1955778301849,64.1955778301849,63.0693396226378,63.67,41331.520000000004,0.017543859649138117,-0.4666666666629245
1998-07-08,64.19771260996693,64.38542521993757,63.82228739002559,64.01,29223.7,0.008771929824576682,-0.3333333333261046
1998-07-09,64.19342027266958,64.19342027266958,63.25491997628553,63.33,50103.9,0.014619883040950993,-0.9199999999950286
1998-07-10,63.44393939393569,64.6077039627002,62.69312354311989,64.42,92252.16,0.030177514792914743,0.5098039215703238
1998-07-13,64.41615658362608,65.05431198101631,63.252461447208596,63.29,49214.34,0.02797202797204297,-0.6249999999975744
1998-07-14,63.44592326138708,63.44592326138708,62.619999999996246,62.62,51808.08,0.013017751479305435,-0.9999999999942468
1998-07-15,62.31819841752513,62.31819841752513,61.567376749844094,61.68,56929.95,0.012048192771100384,-0.8499999999938731
1998-07-16,61.71401869158495,62.31464174454441,60.062305295946416,60.25,79303.05,0.03649635036497917,-0.6499999999980468
1998-07-17,60.36168797953577,60.436764705878495,58.55984654731083,58.71,75541.2,0.031094527363200255,-0.8799999999975224
1998-07-20,58.484923076919166,58.484923076919166,55.744615384611656,56.12,65899.59999999999,0.04685494223364919,-0.8630136986284531
1998-07-21,55.55620253164206,61.562278481008754,55.25589873417372,59.31,61067.0,0.11351351351352928,0.5952380952385967
1998-07-22,59.31124031007369,59.87432170542249,57.77215116278697,58.11,61471.08,0.03544303797469975,-0.5714285714265174
1998-07-23,57.811659192821416,58.75016015374384,57.51133888532624,58.6,32359.53,0.02142857142858837,0.6363636363661473
1998-07-24,58.56536312848799,61.56871508379506,57.85206703910256,60.48,73606.59,0.06346153846155442,0.5151515151523852
1998-07-27,60.06675224646598,60.06675224646598,57.73916559691543,58.49,163138.18,0.03875000000001596,-0.677419354836807
1998-07-28,54.43076923076559,57.05846153845772,54.43076923076559,56.12,130139.75,0.048275862068982954,0.642857142858326
1998-07-29,55.93540540540163,55.93540540540163,54.659027027023335,55.56,105538.8,0.02281879194632628,-0.29411764705565346
1998-07-30,55.564218958607775,56.502803738313986,55.564218958607775,56.24,51606.1,0.016891891891909563,0.7200000000032337
1998-07-31,56.23508021389998,56.685561497322404,55.93475935828503,56.16,45104.4,0.013351134846479365,-0.09999999999486237
1998-08-03,56.123437499996186,56.123437499996186,55.18491847825712,55.26,42040.32,0.016722408026773408,-0.9199999999950184
1998-08-04,54.80967302451943,55.185081743865446,54.3591825613042,55.11,45287.799999999996,0.015068493150702763,0.36363636364047214
1998-08-05,55.109836956517995,55.56032608695275,54.80951086956149,55.26,24567.68,0.01362397820165283,0.20000000000473042
1998-08-06,55.486243093918816,55.561325966846994,54.28491712706808,54.36,61511.04,0.023004059539936405,-0.8823529411728358
1998-08-07,54.358840989395446,54.43392226148025,52.744593639572244,53.12,64382.5,0.0310773480663161,-0.733333333330677
1998-08-10,52.32764350452777,52.32764350452777,49.2870845921413,49.7,72687.6,0.058106169297005,-0.8641975308626794
1998-08-11,48.83596862744715,49.54917647058435,47.672313725486454,47.86,54748.5,0.0384319754035555,-0.519999999997723
1998-08-12,47.862304687496255,48.800781249996184,46.47335937499637,48.05,43468.8,0.048627450980411956,0.08064516129190204
1998-08-13,48.238261851012176,50.22785553047027,48.238261851012176,49.89,44720.85,0.04124513618679044,0.8301886792467479
1998-08-14,49.74113338473016,49.85375481880879,48.42721665381276,48.69,33631.21,0.028679245283038193,-0.7368421052600135
1998-08-17,47.93661538461129,47.93661538461129,43.807384615380876,43.92,44939.7,0.08613938919344102,-0.9727272727261288
1998-08-18,43.54982817869042,45.01400343642225,42.38599656357024,43.7,39820.44,0.06034482758622856,0.0571428571442642
1998-08-19,44.97651105650738,46.02771498771122,44.48845208844845,45.84,41709.36,0.03422370617698308,0.5609756097581716
1998-08-20,46.17427884615015,46.88754006409881,45.423477564098924,46.85,47898.240000000005,0.031707317073191715,0.46153846154070727
1998-08-21,46.92322530863835,48.68753858024316,46.36014660493469,48.65,65720.16,0.04960000000002032,0.7419354838722618
1998-08-24,48.42642369020133,49.590159453299194,48.051025056943956,49.44,72382.31999999999,0.03178294573645413,0.6585365853678642
1998-08-25,49.44382581648138,49.44382581648138,47.00354587868997,48.28,38464.259999999995,0.04935459377374734,-0.47692307692134234
1998-08-26,48.68864353311919,48.68864353311919,47.29968454258302,47.6,28542.68,0.028527370855841064,-0.7837837837805174
1998-08-27,47.11310483870588,47.33834677418972,46.362298387093034,46.55,24800.0,0.02071713147412424,-0.576923076918648
1998-08-28,46.55081967212733,46.55081967212733,45.64983606557003,45.8,24705.0,0.0193548387096985,-0.8333333333282444
1998-08-31,45.05060240963494,46.77754216867095,43.924337349394065,46.74,30402.899999999998,0.0633333333333542,0.5921052631590012
1998-09-01,47.11628571428187,47.11628571428187,45.80228571428197,45.99,18534.25,0.027888446215160238,-0.8571428571393442
1998-09-02,45.79522240526805,45.87029654035866,45.04448105436202,45.57,11472.300000000001,0.01803278688526731,-0.27272727272238856
1998-09-03,45.04433497536576,46.32059113300112,45.04433497536576,45.72,15017.94,0.028333333333354974,0.5294117647084087
1998-09-04,45.7991935483834,46.92540322580266,45.7991935483834,46.55,18389.2,0.024590163934447472,0.6666666666694101
1998-09-07,47.303132530116685,47.490843373490165,46.176867469875816,46.74,24651.0,0.027777777777798256,-0.4285714285682464
1998-09-08,47.10999999999625,47.97337051792446,46.92231075696837,47.11,34085.8,0.022310756972132192,3.5694123057256933e-12
1998-09-09,47.108532818529184,48.797683397679634,46.9208494208458,48.61,47513.549999999996,0.03984063745021968,0.8000000000015696
1998-09-10,48.65326661901011,53.49606862043935,48.65326661901011,52.52,176903.55,0.09953703703705542,0.7984496124037109
1998-09-11,52.55932203389459,54.999576271182555,52.55932203389459,53.16,252062.16,0.04642857142858964,0.24615384615528402
1998-09-14,53.23262190812344,54.058515901056246,52.59443109540264,53.12,103139.35,0.02750352609310711,-0.07692307692045855
1998-09-15,53.156516690852456,53.49437590710787,51.72999999999624,51.73,77967.23999999999,0.033192090395498544,-0.808510638295285
1998-09-16,50.68129079042418,52.107875271932414,50.68129079042418,51.77,55035.89,0.028148148148167323,0.7631578947389357
1998-09-17,52.1838116261919,53.27253863134266,50.494407652682085,51.02,55909.26,0.05323741007196062,-0.418918918917417
1998-09-18,50.305580693812196,50.305580693812196,49.554751131217984,49.78,46993.44,0.014925373134347952,-0.6999999999940681
1998-09-21,48.83904905660009,49.777539622637754,48.088256603769956,49.74,35947.25,0.03458877786320195,0.5333333333352398
1998-09-22,49.02949924127094,50.493626707128186,49.02949924127094,49.48,26755.399999999998,0.029862174578886496,0.3076923076946588
1998-09-23,49.33210884353369,50.120521541946324,49.25702191987534,49.67,17622.36,0.017503805175057903,0.39130434782998175
1998-09-24,49.74615088529255,49.933872209388,48.73245573517716,48.77,23953.56,0.02415094339624601,-0.8124999999961954
1998-09-25,48.72949618320239,49.17999999999625,48.0537404580116,49.18,21104.1,0.023112480739619388,0.40000000000297337
1998-09-28,49.18245614034713,49.55789473683832,48.80701754385593,49.22,25446.51,0.015267175572538998,0.05000000000492932
1998-09-29,49.219135987975264,50.60823441021408,49.219135987975264,49.97,24250.82,0.02822273073991302,0.5405405405428529
1998-09-30,50.117376681610594,50.68049327353881,49.967212257096406,50.23,20110.14,0.014232209737847454,0.15789473684715621
1998-10-05,50.303416856488205,50.67881548974558,49.402460136670506,49.44,17779.5,0.02537313432837762,-0.6764705882318217
1998-10-06,49.405762711860596,49.405762711860596,48.72999999999624,48.73,17471.08,0.013677811550172012,-0.999999999992958
1998-10-07,48.347389620445526,49.17319907048418,48.347389620445526,48.46,13529.68,0.01708074534163501,0.13636363636801152
1998-10-08,48.42231660231287,48.797683397679634,48.23463320462948,48.61,21289.8,0.011627906976764652,0.333333333339396
1998-10-09,48.61170212765588,50.488601823704364,48.61170212765588,49.4,15226.12,0.038610038610058246,0.42000000000177645
1998-10-12,49.558071920424666,49.558071920424666,48.80719204284247,49.07,33419.99,0.015151515151535044,-0.6499999999941276
1998-10-13,49.064286792449124,50.34063396226035,49.064286792449124,49.74,37219.25,0.026013771996959402,0.5294117647084128
1998-10-14,49.66787671232498,49.930669710802896,48.95458143074208,49.33,16661.52,0.019652305366610938,-0.3461538461496404
1998-10-15,49.55310344827206,49.740804597697334,48.80229885057097,48.99,29858.4,0.018939393939413712,-0.5999999999953557
1998-10-16,49.47822320117111,51.8057268722429,49.36560205579667,51.13,125603.64,0.04931714719273556,0.6769230769243368
1998-10-19,51.428898426319634,53.38094420600476,51.428898426319634,52.48,137870.76,0.03795620437958083,0.5384615384631862
1998-10-20,52.51899412628102,53.23226138031915,51.05491923641329,51.13,50884.32,0.041458184417459285,-0.6379310344807416
1998-10-21,51.12659090908703,51.12659090908703,49.362310606056866,49.55,43388.399999999994,0.03450807635831537,-0.8936170212739624
1998-10-22,49.55458646616168,49.92999999999624,48.616052631575286,49.93,55008.8,0.026515151515171184,0.28571428571693047
1998-10-23,50.29999999999624,51.801492537309564,49.17388059701125,50.3,44488.0,0.05223880597016819,1.4304894168439355e-12
1998-10-26,50.30591805765931,50.30591805765931,48.804248861908285,49.48,42386.88,0.02985074626867607,-0.5499999999971366
1998-10-27,49.54999999999624,49.737689393935625,48.8367803030266,49.55,29568.0,0.01818181818183804,4.172197961033035e-12
1998-10-28,49.7406934306533,51.42999999999625,49.55299270072631,51.43,72993.59999999999,0.03773584905662322,0.9000000000015188
1998-10-29,51.80118694361634,52.176557863497614,50.524925816019994,50.6,37501.36,0.03188405797103312,-0.7272727272700155
1998-10-30,50.29999999999624,51.38858208954839,49.549253731339576,50.3,37198.4,0.036567164179123625,2.0435563097767212e-12
1998-11-02,51.05999999999625,51.43544117646681,50.53438235293747,51.06,35183.2,0.017647058823548535,4.163619007818313e-12
1998-11-03,51.42843971630841,52.92999999999625,51.42843971630841,52.93,212331.9,0.02919708029198969,1.0000000000018325
1998-11-04,53.68411214952885,53.68411214952885,51.99475197699123,52.22,84085.95,0.031468531468549464,-0.8666666666639331
1998-11-05,52.21675886524453,53.155234042549424,52.21675886524453,52.93,97374.59999999999,0.017972681524102134,0.7600000000031869
1998-11-06,53.30689895470012,54.80850174215646,52.55609756097195,53.87,230116.6,0.042253521126778486,0.2500000000015554
1998-11-09,54.43149350648997,57.80999999999624,54.24379870129518,57.81,405343.4,0.0655172413793275,0.9473684210534193
1998-11-10,57.810789473680416,58.18618421052249,56.30921052631209,57.06,283920.8,0.03246753246754912,-0.3999999999977911
1998-11-11,57.06213211248809,58.18835840418193,56.9870503597085,57.4,159352.38,0.021052631578964566,0.2812500000028944
1998-11-12,57.61962110960368,57.61962110960368,54.992016238155955,55.48,174137.96,0.04560260586320871,-0.814285714283977
1998-11-13,55.48324880054452,55.93372172720659,54.28198766277902,54.77,87729.67,0.029769959404618206,-0.43181818181565
1998-11-16,54.812847682115574,57.36577483443328,54.73776158940035,56.69,104190.0,0.0479452054794693,0.7142857142868724
1998-11-17,57.357993399336145,58.07121452144831,56.30693069306559,56.87,100505.1,0.030759162303681843,-0.2765957446785662
1998-11-18,56.91129380053525,57.36177897573737,55.55983827492887,55.71,53676.28,0.03166226912930457,-0.6666666666642134
1998-11-19,55.56082191780442,55.56082191780442,54.77245890410584,54.81,54020.0,0.014189189189206974,-0.9523809523749821
1998-11-20,54.804625850336414,55.93074829931593,54.804625850336414,55.18,35118.299999999996,0.020547945205497326,0.3333333333363646
1998-11-23,56.30612244897576,56.30612244897576,54.72955102040444,55.18,30943.5,0.02800000000001724,-0.7142857142828822
1998-11-24,55.18015006820906,55.70567530695391,54.80477489767702,55.03,30522.12,0.016326530612262788,-0.16666666666231206
1998-11-25,55.18075862068584,55.55613793103065,54.42999999999624,54.43,30914.0,0.02040816326532391,-0.6666666666627348
1998-11-26,54.39338709677038,54.43092566619534,53.3798457222964,53.53,39571.5,0.019323671497602505,-0.8214285714242234
1998-11-27,53.53110157367284,53.86895565092604,52.479999999996245,52.48,55360.8,0.02594670406733927,-0.7567567567535076
1998-11-30,52.56086956521358,52.56086956521358,51.17176086956151,51.81,37260.0,0.026428571428589884,-0.5405405405374462
1998-12-01,50.68403790087094,52.373505830899965,50.68403790087094,51.51,22171.52,0.03333333333335228,0.48888888889082294
1998-12-02,51.12662815884107,51.98999999999625,50.75124909746926,51.99,19902.45,0.024229074889886956,0.6969696969721668
1998-12-03,52.555395683449454,53.156028776974594,51.99230215826964,52.18,20613.7,0.022142857142875828,-0.32258064515778456
1998-12-04,52.55353241077548,52.85383831026563,51.46492352512371,51.54,15913.07,0.026428571428589908,-0.7297297297264993
1998-12-07,52.40604379561662,52.818985401456004,51.42999999999625,51.43,16508.5,0.026504297994287978,-0.7027027026994965
1998-12-08,51.43456521738757,51.997717391300576,51.13421739130064,51.81,10570.800000000001,0.01678832116790234,0.43478260869950486
1998-12-09,52.17784214337059,52.17784214337059,51.65230992034384,51.84,12014.7,0.010071942446062077,-0.6428571428487779
1998-12-10,51.81088235293738,51.81088235293738,51.05999999999625,51.06,19570.399999999998,0.014492753623207514,-0.999999999993672
1998-12-11,51.05737344093536,51.282626559057135,50.34407190021641,51.17,16274.220000000001,0.01838235294119567,0.12000000000387548
1998-12-14,51.16602094240455,51.278638743451666,50.114921465964834,50.19,20175.329999999998,0.022743947175367752,-0.8387096774154049
1998-12-15,50.15541478129335,50.15541478129335,49.367043740569436,49.78,18948.54,0.015718562874271,-0.476190476185113
1998-12-16,49.925378787875005,50.67613636363252,49.54999999999624,49.55,12276.0,0.02255639097746331,-0.3333333333297038
1998-12-17,49.55576036865979,49.55576036865979,48.72983102918213,48.88,25115.579999999998,0.016666666666686456,-0.8181818181762837
1998-12-18,48.61014717273055,49.098125484117034,48.347389620445526,48.46,17789.98,0.015444015444035572,-0.1999999999947344
1998-12-21,48.42770428015188,48.42770428015188,47.97721400777837,48.24,15420.0,0.009302325581415832,-0.41666666665741514
1998-12-22,48.238261851012176,49.927539503382256,48.238261851012176,49.89,16067.609999999999,0.035019455252938377,0.9777777777794165
1998-12-23,50.30625954198089,50.68167938930911,49.17999999999625,49.18,12366.4,0.029850746268675996,-0.7499999999970011
1998-12-24,48.79939209726073,49.55015197568012,48.724316109418794,49.4,12436.2,0.016923076923096934,0.7272727272763974
1998-12-25,50.3082388510922,50.3082388510922,49.55736961450872,49.67,4987.71,0.014925373134348146,-0.8499999999938636
1998-12-28,49.85076452599007,49.85076452599007,48.874770642198094,49.1,8096.52,0.01957831325303181,-0.7692307692261299
1998-12-29,48.805426356585365,48.805426356585365,48.39245736433734,48.43,15621.9,0.008461538461558681,-0.9090909090796294
1998-12-30,48.42231660231287,48.60999999999625,47.934339768336066,48.61,18622.1,0.013953488372113423,0.27777777778291285
1998-12-31,48.722610038606284,48.722610038606284,48.27216988416616,48.61,7847.7,0.009244992295860162,-0.24999999999112793
1999-01-04,48.613244514102774,48.613244514102774,47.89999999999625,47.9,8255.72,0.014671814671834947,-0.999999999993338
1999-01-05,47.97415384614996,47.97415384614996,45.646769230765535,46.36,17228.25,0.048513302034448584,-0.6935483870948635
1999-01-06,46.35939248600748,47.147689848117736,46.35939248600748,46.96,11296.53,0.017004048583017323,0.7619047619085585
1999-01-07,47.03999999999624,48.35396648044307,46.55195530725886,47.04,10061.59,0.038308060654449784,2.0858755639827546e-12
1999-01-08,46.928294573639775,48.505085271314066,46.928294573639775,48.43,15815.4,0.033600000000020475,0.9523809523827312
1999-01-11,48.49798279905797,48.49798279905797,47.67216575449197,48.01,14439.91,0.017027863777110023,-0.5909090909038297
1999-01-12,48.014918032783136,48.80327868852078,48.014918032783136,48.09,14193.480000000001,0.016419077404242484,0.09523809524274227
1999-01-13,48.13051968503558,48.13051968503558,47.492283464563194,47.68,10795.0,0.013260530421237255,-0.705882352934193
1999-01-14,47.52306954436071,47.5981454836093,46.73477218225046,46.96,19202.85,0.018167456556102753,-0.6521739130383754
1999-01-15,47.11061339789773,47.29830508474194,46.39738498788971,46.51,17246.88,0.019123505976116537,-0.6666666666617572
1999-01-18,46.17572663000423,47.78999999999625,45.80031421837817,47.79,20928.12,0.043089430894329886,0.8113207547184559
1999-01-19,48.04768627450604,48.798431372545195,47.672313725486454,47.86,16243.5,0.023437500000020452,-0.1666666666631903
1999-01-20,48.05095541400891,48.614052547766825,47.03738057324466,47.15,7209.4400000000005,0.03281250000002005,-0.5714285714258288
1999-01-21,46.929477020598505,48.05578446909287,46.74175911251611,47.38,10045.519999999999,0.02800000000002083,0.34285714285973606
1999-01-22,47.4905027932923,47.67821229049898,46.92737430167223,47.04,15950.689999999999,0.015810276679862557,-0.5999999999942062
1999-01-25,47.30113636363252,47.30113636363252,46.24999999999625,46.25,20266.4,0.022222222222242814,-0.9999999999954794
1999-01-26,46.24983818769853,46.55016181229397,46.17475728154967,46.4,14918.519999999999,0.008116883116904536,0.40000000000891683
1999-01-27,46.47524350648974,46.775568181814386,45.987215909087176,46.25,11888.800000000001,0.01696284329565929,-0.2857142857091683
1999-01-28,46.925895765468496,46.925895765468496,45.98737785015913,46.1,13532.56,0.02000000000002086,-0.8799999999950671
1999-01-29,46.095220949259726,46.095220949259726,45.794926350241745,45.87,15629.380000000001,0.00651465798047763,-0.7499999999849915
1999-02-01,45.79613445377766,45.79613445377766,44.594924369744156,44.67,23383.5,0.026229508196742416,-0.9374999999960962
1999-02-02,44.597221757318444,44.85999999999624,44.10920502091681,44.86,11340.55,0.016835016835038765,0.3500000000045355
1999-02-03,45.80100334447777,45.80100334447777,44.67474916387586,44.9,11649.04,0.024590163934447507,-0.7999999999959535
1999-02-04,45.05316455695822,45.05316455695822,44.302278481008926,44.49,8283.15,0.016666666666688323,-0.7499999999940049
1999-02-05,44.48857758620306,44.48857758620306,43.39982758620316,43.55,14975.6,0.024472573839684195,-0.8620689655130064
1999-02-08,43.16829052258254,43.16829052258254,42.22984942426553,42.38,15015.699999999999,0.021739130434805163,-0.8399999999951083
1999-02-09,42.416652211618185,43.542758022546096,42.416652211618185,43.28,10377.0,0.026548672566394493,0.7666666666693169
1999-03-01,43.28807017543479,43.55087719297863,42.79999999999624,42.8,9883.800000000001,0.017346053772789475,-0.6499999999941224
1999-03-02,42.645238938049324,42.757858407075865,42.34492035397855,42.42,12407.400000000001,0.009683098591572636,-0.5454545454441252
1999-03-03,42.34862068965152,43.8878879310307,42.08581896551362,43.55,14221.6,0.04255319148938417,0.6666666666683825
1999-03-04,43.62053291535708,47.89999999999625,43.62053291535708,47.9,110233.64,0.09810671256456462,1.000000000000643
1999-03-05,47.788501602560274,47.788501602560274,46.54967948717576,46.85,40822.08,0.025923016496485405,-0.7575757575721155
1999-03-08,46.8540472440908,48.543496062988304,46.8540472440908,47.68,31013.399999999998,0.036057692307712844,0.48888888889082105
1999-03-09,47.86075697210774,48.34874900398021,46.92231075696837,47.11,19603.100000000002,0.02980392156864771,-0.5263157894706819
1999-03-10,47.11359934853037,47.11359934853037,45.799674267097245,46.1,18616.48,0.02788844621516025,-0.7714285714251257
1999-03-11,46.471412786105255,49.54948697710738,46.471412786105255,47.56,26214.23,0.0662358642972737,0.3536585365864702
1999-03-12,47.56789348171323,47.755612082667106,46.96719395866081,47.23,14869.56,0.01657458563537983,-0.4285714285661227
1999-03-15,47.41015091341959,47.86060365368961,46.772009531370394,47.26,21037.89,0.022961203483789418,-0.13793103447919097
1999-03-16,47.112780448714176,47.675881410252586,46.54967948717576,46.85,23499.84,0.023904382470140127,-0.23333333332979467
1999-03-17,46.92540322580266,47.11310483870588,46.549999999996245,46.55,17298.0,0.012000000000021103,-0.6666666666588077
1999-03-18,46.170593080721076,46.170593080721076,44.669110378909004,45.57,25651.82,0.032520325203273096,-0.399999999997234
1999-03-19,45.04918032786516,46.77606557376666,44.673770491799615,45.8,36697.6,0.046666666666687874,0.3571428571444718
1999-03-22,45.72541390728099,45.9882036423803,45.23737582781083,45.35,39876.08,0.016420361247968845,-0.4999999999943421
1999-03-23,43.925257731954986,44.30068728521957,42.04810996563212,43.7,53066.76,0.0512820512820731,-0.09999999999828568
1999-03-24,43.17389455781946,44.225085034009844,42.79846938775146,44.15,94515.12,0.033043478260892,0.6842105263179391
1999-03-25,43.917829457360554,44.330732127472494,43.39231696812718,43.58,33959.25,0.021367521367543652,-0.35999999999561366
1999-03-26,43.5506993006955,43.5506993006955,42.87491258740884,42.95,38998.96,0.015517241379332967,-0.8888888888820197
1999-03-29,42.795721925129875,42.87080213903361,41.36919786095888,42.12,48504.060000000005,0.0350877192982681,-0.4499999999972026
1999-03-30,42.234416154517795,43.5483757682139,42.234416154517795,42.76,29010.33,0.031111111111133977,0.40000000000255725
1999-03-31,42.800531914889824,42.800531914889824,42.04964539006719,42.35,20834.16,0.01754385964914586,-0.5999999999941971
1999-04-01,42.274911347513985,42.34999999999624,41.97455673758493,42.35,31787.039999999997,0.008880994671426523,0.20000000000946752
1999-04-02,42.49947552447181,43.10017482517106,42.49947552447181,42.95,26689.52,0.014134275618397734,0.7500000000050029
1999-04-05,42.94492146596484,43.545549738216096,42.94492146596484,43.02,32592.24,0.013986013986036947,0.125000000006047
1999-04-06,42.97941429801524,44.030439276482,42.5289750215295,43.58,29559.059999999998,0.03493449781661645,0.4000000000022341
1999-04-07,44.30121527777394,44.30121527777394,43.1749131944407,43.25,32670.719999999998,0.025423728813581493,-0.9333333333291732
1999-04-08,43.69854258120775,43.69854258120775,42.609833187002394,42.76,24044.29,0.024914089347101463,-0.8620689655129938
1999-04-09,42.757225130886326,43.01999999999625,42.11905759161937,43.02,45725.4,0.02107111501319234,0.29166666667050806
1999-04-12,42.9108459483488,42.9108459483488,42.047373107743354,42.16,31668.600000000002,0.020122484689436716,-0.8695652173859449
1999-04-13,42.05035971222643,42.05035971222643,41.6749100719387,41.75,31002.559999999998,0.00892857142859494,-0.7999999999878654
1999-04-14,41.74720285969242,42.047542448611075,41.48440571938861,42.01,20835.78,0.013489208633117013,0.4666666666725144
1999-04-15,41.89524324323947,42.30818918918538,41.59491891891518,41.67,18281.7,0.017025089605758097,-0.3157894736785064
1999-04-16,41.66864014800724,41.74371877890455,39.97937095281776,40.58,36818.86,0.04234234234236527,-0.6170212765932667
1999-04-19,40.16936585365461,40.16936585365461,37.84179512194753,38.48,44987.25,0.05794392523366817,-0.7258064516109788
1999-04-20,38.28953488371722,38.777538759686166,38.10184108526763,38.74,33736.08,0.017647058823555,0.6666666666712464
1999-04-21,38.744739884389325,40.096300578030814,38.744739884389325,38.97,32769.66,0.034883720930257475,0.1666666666693244
1999-04-22,38.295626242540926,38.295626242540926,37.24437375745157,37.77,35290.48,0.027450980392182214,-0.4999999999959522
1999-04-23,37.76999999999625,37.76999999999625,37.76999999999625,37.77,0.0,2.6476039184539918e-14,3.751665644813329
1999-04-26,37.53894080996494,37.53894080996494,36.03738317756634,36.15,29015.190000000002,0.04000000000002567,-0.9249999999968779
1999-04-27,36.149701986750976,36.149701986750976,33.89738410595652,34.01,29426.88,0.06230529595018182,-0.9499999999979104
1999-04-28,34.16229508196348,35.326065573766634,34.01213114753727,34.35,17549.7,0.038461538461566656,0.1428571428598933
1999-04-29,34.382183783780064,34.9076756756719,34.344648648644934,34.72,11997.25,0.016375545851557077,0.6000000000056003
1999-04-30,35.47771276595367,35.47771276595367,34.91457446808139,35.29,13442.0,0.01587301587304355,-0.33333333332607096
1999-05-04,35.36107221006178,35.36107221006178,34.23492341356299,34.31,11324.460000000001,0.03184713375798935,-0.9333333333291647
1999-05-05,34.15969498910303,34.45999999999624,33.89692810457147,34.46,17781.66,0.016483516483545114,0.5333333333390633
1999-05-06,34.538493723845754,36.22787656903387,34.46341004183739,35.89,25257.52,0.05108695652176683,0.7659574468102045
1999-05-07,35.96342245988921,36.18866310160041,34.724598930477576,35.1,12734.699999999999,0.040709812108586096,-0.5897435897406278
1999-05-10,34.761746031742085,34.761746031742085,32.8472222222185,33.11,20727.0,0.05507559395251083,-0.8627450980368042
1999-05-11,33.03946188340437,33.79035874439083,33.03946188340437,33.49,14040.08,0.02272727272730216,0.600000000004203
1999-05-12,33.33161007666667,34.6078203723949,33.06886089813439,34.27,13275.02,0.04617117117119972,0.6097560975630187
1999-05-13,34.23289678135025,34.72086570476862,33.81999999999624,33.82,9127.13,0.02631578947371276,-0.4583333333286525
1999-05-14,33.18981981981609,33.79054054053674,33.18981981981609,33.34,9181.92,0.018099547511341765,0.25000000000583206
1999-05-17,33.33656470587844,33.33656470587844,30.97147058823165,31.91,10438.0,0.070945945945974,-0.6031746031727618
1999-05-18,31.91067146282591,32.47380095922872,31.197374100715685,31.31,9332.46,0.04000000000003001,-0.47058823529080956
1999-05-19,31.31290909090553,33.790909090905245,30.411818181814724,33.04,24772.000000000004,0.10791366906477659,0.5111111111120715
1999-05-20,33.03499469776956,35.5876988335063,33.03499469776956,35.4,47348.03,0.07727272727275522,0.9264705882364006
1999-05-21,35.96736732569865,37.168782518206335,34.35296566076646,36.08,79445.87,0.078288100208794,0.040000000001317544
1999-05-24,36.07357357356996,37.53753753753378,34.534534534531076,37.5,92827.08,0.08324661810616489,0.47500000000109277
1999-05-25,38.106844660190475,41.26051456310279,38.106844660190475,38.67,171804.0,0.08275862068967918,0.178571428572563
1999-05-26,38.293714285710635,40.921714285710394,37.54285714285357,39.42,96610.5,0.08823529411767093,0.3333333333343471
1999-05-27,40.16738117427398,40.54277726001486,39.04119291705135,40.28,116999.92,0.037383177570117374,0.07500000000245444
1999-05-28,41.29591836734311,42.42217068645247,39.456372912797825,40.47,119021.98,0.07181818181820432,-0.27848101265687
1999-05-31,40.46630268198846,41.292145593865776,38.47677203064765,39.19,77224.68,0.0695732838590212,-0.4533333333318387
1999-06-01,39.416901408446996,39.979999999996245,38.44086384976165,39.98,73847.1,0.039047619047643436,0.365853658538789
1999-06-02,40.058936170208895,40.584545454541534,38.707369439067826,38.82,81075.94,0.04686035613873049,-0.6599999999976494
1999-06-03,37.54032258064138,38.66653225806063,37.16491935483497,37.24,54748.48,0.04000000000002559,-0.19999999999736742
1999-06-04,37.277865853654745,37.728353658532754,36.71475609755724,36.94,44811.36,0.02719033232631023,-0.33333333332929843
1999-06-07,36.98053398057893,38.66999999999625,35.66650485436547,38.67,55053.50000000001,0.08121827411170006,0.562500000001063
1999-06-08,38.67089108910509,39.421782178213924,37.73227722771904,37.92,59701.1,0.04368932038837433,-0.4444444444419622
1999-06-09,37.91159420289489,39.413043478257066,37.64884057970651,38.85,57566.7,0.04653465346537177,0.5319148936188463
1999-06-10,39.08111731843211,41.296089385471014,38.78078212290142,40.32,151981.74,0.0643611911623677,0.4925373134341345
1999-06-11,41.068493919547144,41.106033676329176,39.60444340504775,40.13,79886.37,0.03656307129801228,-0.6249999999970882
1999-06-14,40.17160278745295,43.55052264807983,40.17160278745295,43.1,213964.24000000002,0.084112149532733,0.8666666666675225
1999-06-15,43.39249999999601,44.59367647058414,40.53970588234922,40.84,208221.44,0.09342560553635315,-0.6296296296285471
1999-06-16,40.84379248657954,42.42048300536294,40.355769230765624,41.97,116495.59999999999,0.050551470588258644,0.5454545454560942
1999-06-17,42.416341463411186,46.16999999999625,42.416341463411186,46.17,432480.30000000005,0.0884955752212605,1.000000000000733
1999-06-18,46.92982456139993,50.68421052631192,46.29157894736489,49.22,615147.4199999999,0.09360000000001928,0.5213675213682564
1999-06-21,49.54999999999624,50.075530303026504,48.23617424242058,49.55,296142.0,0.03712121212123159,2.043525531935708e-12
1999-06-22,49.557718631174936,49.858068441060844,48.055969581745394,49.37,195764.05000000002,0.03636363636365576,-0.10416666666452555
1999-06-23,49.47599115696024,52.1787767133344,49.47599115696024,50.94,251085.71,0.05462822458272025,0.5416666666678551
1999-06-24,51.35654924514368,52.407706685833766,50.117685118616095,52.22,321974.77,0.04459064327487254,0.3770491803293425
1999-06-25,52.561216730034026,54.73875285170686,49.18228136881755,49.37,515098.65,0.10571428571430279,-0.5743243243235454
1999-06-28,48.99082466567244,51.05557206537511,48.80312035660856,50.53,373393.86000000004,0.04597701149427237,0.6833333333346949
1999-06-29,51.096296018027715,51.80961682944765,49.36930879037946,49.97,326893.60000000003,0.04775900073477247,-0.4615384615367341
1999-06-30,50.682203389826924,54.81186440677578,50.11906779660663,53.16,706909.68,0.09259259259261038,0.5280000000006886
1999-07-01,52.560439560435434,52.560439560435434,47.82999999999625,47.83,202540.52,0.09000000000001727,-0.9999999999989955
1999-07-02,46.92307692307331,49.17538461538083,44.67076923076579,48.8,199680.0,0.09600000000001922,0.4166666666674078
1999-07-05,48.79756097560579,48.79756097560579,46.132463414630394,46.17,113295.3,0.05461538461540407,-0.9859154929559666
1999-07-06,44.67156521738742,46.1731304347786,42.794608695648456,43.17,95450.0,0.07563025210086108,-0.44444444444320036
1999-07-07,43.173728813555655,44.67542372880977,42.79830508474213,44.3,78057.0,0.043478260869587344,0.6000000000016835
1999-07-08,44.48413421706342,46.47371996685614,44.29643744821506,45.31,68919.7,0.04894514767934627,0.37931034482913834
1999-07-09,45.049833887039455,45.425249169431446,44.44916943521226,45.2,61777.24,0.02166666666668828,0.1538461538498387
1999-07-12,45.04537815125672,46.058899159659994,43.84416806722321,44.67,63557.9,0.04916666666668771,-0.1694915254219575
1999-07-13,44.66841201716354,44.66841201716354,43.542317596562775,43.73,39866.3,0.02521008403363535,-0.8333333333292533
1999-07-14,43.73946474086289,44.49035683941848,43.10120645709065,44.19,47515.49,0.031759656652382645,0.32432432432679276
1999-07-15,44.29538461538083,44.8584615384577,43.91999999999624,43.92,35018.1,0.021186440677988246,-0.39999999999557456
1999-07-16,43.9214285714247,43.9214285714247,42.53246031745657,42.57,51585.659999999996,0.03162393162395365,-0.9729729729695704
1999-07-19,41.70717123935272,41.70717123935272,39.379678334906394,39.68,52789.116799999996,0.055805580558078376,-0.8709677419334954
1999-07-20,39.49696428571075,42.04999999999624,39.421874999996476,42.05,56560.0,0.0665399239543962,0.9714285714296326
1999-07-21,43.17279090113358,43.54820647418691,42.23425196850024,42.91,86536.53,0.0304347826087181,-0.1999999999969936
1999-07-22,43.02196721311084,43.17213114753705,41.14491803278314,41.22,63596.16,0.04712041884818966,-0.888888888886602
1999-07-23,41.294594594590876,42.420810810807,41.294594594590876,41.67,40193.1,0.027272727272751,0.33333333333636855
1999-07-26,41.67228699551195,42.310511210758534,41.10914798205909,41.86,36415.9,0.0288288288288521,0.15625000000299813
1999-07-27,41.89524324323947,42.04540540540162,41.2195135135098,41.67,37185.0,0.019713261648768837,-0.2727272727223976
1999-07-28,40.54090909090525,40.54090909090525,38.66401515151149,39.64,102442.56,0.04629629629631978,-0.4799999999977446
1999-07-29,39.63882352940813,40.95261029411389,39.63882352940813,40.84,60558.08,0.03314393939396375,0.9142857142878736
1999-07-30,41.66595940959024,41.89118081180425,40.20202029519924,40.69,32552.52,0.0405405405405635,-0.5777777777752108
1999-08-02,40.54772093022879,40.54772093022879,38.70805581394989,40.36,63113.25,0.04537037037039397,-0.10204081632443747
1999-08-03,40.35159090908724,41.365072727268966,39.78854545454183,41.29,70103.0,0.03906976744188439,0.5952380952400952
1999-08-04,41.291116974490656,42.71753737906397,40.95328056288118,42.68,88560.93,0.04272727272729601,0.7872340425548684
1999-08-05,43.02040033360775,45.61063386154749,42.72008340283214,45.01,233769.03,0.06719022687611238,0.6883116883127491
1999-08-06,45.234300899423936,46.66077677840991,45.084145543741194,45.91,360026.74,0.03485477178425368,0.4285714285735375
1999-08-09,46.176593959727676,46.55201342281489,43.92407718120437,44.75,92797.2,0.056910569105711524,-0.5428571428555095
1999-08-10,44.67360275150088,44.67360275150088,43.547377472051274,43.66,56731.14000000001,0.025210084033635363,-0.8999999999958601
1999-08-11,43.54635879218086,43.54635879218086,42.04476021314014,42.27,43114.54,0.03448275862071194,-0.8499999999969314
1999-08-12,42.68277876105817,43.02063716813779,42.23230088495202,42.42,28419.5,0.01846965699210743,-0.3333333333281425
1999-08-13,42.22999999999624,42.79306666666286,42.04231111110737,42.23,23298.75,0.017777777777801138,5.0066510255588636e-12
1999-08-16,42.04606946983162,42.04606946983162,40.54442413162335,41.07,27634.44,0.035714285714308604,-0.649999999997067
1999-08-17,41.149103942648644,42.61335125447646,41.149103942648644,41.9,18726.48,0.03558394160586269,0.5128205128227272
1999-08-18,41.28999999999625,42.34101818181433,41.21492727272353,41.29,24739.0,0.027272727272750638,3.331583280286915e-12
1999-08-19,41.47837249782059,43.355221932111114,41.47837249782059,43.13,37308.03,0.04524886877830363,0.8800000000015301
1999-08-20,43.7337301587263,44.2968253968215,42.419841269837534,42.57,35312.76,0.04291845493564424,-0.6199999999976693
1999-08-23,42.613169642853336,42.725803571424755,41.59946428571057,42.05,40544.0,0.026431718061696925,-0.499999999996222
1999-08-24,42.792314410476614,43.280296943227654,42.229257641917705,42.98,43567.25,0.024561403508794655,0.17857142857482597
1999-08-25,43.09604278074482,43.13358288769669,42.0449197860925,42.12,31135.5,0.025261324041834683,-0.8965517241336491
1999-08-26,42.0449197860925,42.119999999996246,41.36919786095888,42.12,27466.56,0.01785714285716627,0.100000000004876
1999-08-27,42.23030438674644,42.417994628465316,41.89246195165247,41.93,23524.02,0.012444444444467817,-0.5714285714203357
1999-08-30,42.048584474882,42.048584474882,40.73456621004194,41.11,35521.799999999996,0.03125000000002294,-0.7142857142823117
1999-08-31,41.29215509467617,41.8552299368763,41.10446348060946,41.63,19840.01,0.018181818181841926,0.4500000000044048
1999-09-01,41.74292461398348,42.04323342415603,41.292461398724676,41.33,19014.27,0.01798561151081477,-0.5499999999942604
1999-09-02,41.335086442216436,41.335086442216436,40.73439490445489,41.26,18133.5,0.014532243415101084,-0.12499999999354042
1999-09-03,41.36551470587855,41.36551470587855,40.83999999999625,40.84,15210.240000000002,0.012704174228698921,-0.9999999999909581
1999-09-06,40.84610169491141,40.84610169491141,39.607203389826786,39.87,16875.18,0.030330882352964814,-0.7878787878751287
1999-09-07,39.72034285713908,39.870514285710485,39.344914285710544,39.42,45003.0,0.01323251417771836,-0.5714285714203599
1999-09-08,39.30789017340661,39.60823699421584,38.66965317918702,38.97,44737.8,0.023877745940808087,-0.35999999999561083
1999-09-09,39.04462511291427,41.59754290875866,39.04462511291427,41.56,84098.79000000001,0.0653846153846393,0.9852941176481449
1999-09-10,39.642982005137995,45.2740874035951,39.53035989716885,43.81,1467595.86,0.14488636363638527,0.7254901960789579
1999-09-13,42.722625550657035,43.8113392070446,42.121955947132854,42.61,551519.2,0.03954305799650748,-0.06666666666440928
1999-09-14,42.72080500894073,42.98358676207129,41.66967799641846,41.97,278941.0,0.0307557117750666,-0.5714285714252858
1999-09-15,41.96874782608331,43.65800869564838,41.85613043477897,43.17,388435.5,0.04293381037569363,0.66666666666838
1999-09-16,43.17597517730114,43.28860815602453,41.67420212765588,42.35,136747.44,0.03739130434784832,-0.5116279069741037
1999-09-17,42.272797140300064,42.49805183198905,41.74720285969242,42.01,78162.15,0.017761989342829722,-0.3499999999945331
1999-09-20,42.07901851851462,42.07901851851462,40.53999999999625,40.54,118756.8,0.03657448706514331,-0.9999999999969125
1999-09-21,40.467382053650276,41.10555041627741,40.35476410730431,40.58,49542.23,0.01855287569575694,0.15000000000480523
1999-09-22,40.57768587360218,41.17828066914116,40.164776951669126,40.39,39930.36,0.024976873265519166,-0.18518518518129765
1999-09-23,40.427837078647904,40.87828651685011,39.78970037452811,40.09,47109.479999999996,0.026926648096588728,-0.31034482758247295
1999-09-24,40.16462962962591,41.290740740736915,39.97694444444074,40.54,30920.4,0.03271028037385587,0.2857142857169277
1999-09-27,40.585623242732844,41.22388003748443,39.90982193064294,40.06,31017.69,0.03237742830714681,-0.3999999999968395
1999-09-28,40.54825964251735,40.54825964251735,39.459463781746045,39.91,33920.33,0.026851851851876017,-0.5862068965477362
1999-09-29,40.471199999996145,40.471199999996145,39.41999999999625,39.42,39893.385,0.02597402597404992,-0.9999999999954797
1999-09-30,39.790458015263376,39.86553435114123,39.22738549617946,39.34,36449.44,0.016037735849081303,-0.7058823529341789
1999-10-08,39.38151036524784,39.56922013819945,37.842290227044636,38.03,36498.39,0.04385128693996702,-0.782608695649548
1999-10-11,38.032633663362574,38.25790099009522,37.91999999999625,37.92,43642.1,0.008884501480776212,-0.33333333332124404
1999-10-12,38.02785856573327,38.29063745019538,37.46476095617157,37.69,45752.28,0.021717670286303958,-0.4090909090858789
1999-10-13,37.920724346072646,38.22108651911084,37.16981891347715,37.32,32672.78,0.02772277227725318,-0.571428571424462
1999-10-14,37.24082304526365,37.84148148147759,36.4149176954695,36.49,40551.840000000004,0.03830645161292919,-0.5263157894706767
1999-10-15,36.489193548383426,37.57786290322202,36.489193548383426,37.24,66087.04,0.029835390946528463,0.6896551724166068
1999-10-18,37.46130977130588,37.53638253637864,35.99739085238711,36.11,34506.939999999995,0.04108216432868296,-0.878048780484795
1999-10-19,35.928749999996136,35.928749999996136,34.652284482754894,34.84,40804.159999999996,0.03552769070013133,-0.8529411764669816
1999-10-20,34.874443266168086,35.662778366910324,34.874443266168086,35.4,20595.12,0.022604951560846385,0.666666666670583
1999-10-21,35.36377607024859,35.36377607024859,34.012294182213616,34.2,26819.839999999997,0.038216560509581256,-0.8611111111076978
1999-10-22,34.1613418530315,35.85063897763197,34.1613418530315,35.25,31062.120000000003,0.049450549450577454,0.6444444444462853
1999-10-25,35.366135371175176,35.366135371175176,34.16473799126264,34.39,21654.24,0.03397027600851996,-0.8124999999961943
1999-10-26,34.15954446854293,34.947841648586234,34.15954446854293,34.61,16706.64,0.023076923076951753,0.5714285714326057
1999-10-27,35.13675392669789,35.96261780104336,35.13675392669789,35.85,34618.75,0.023504273504301353,0.8636363636398618
1999-10-28,35.848134328354384,35.848134328354384,35.09738805969775,35.21,33355.280000000006,0.0209424083769906,-0.8499999999938644
1999-10-29,35.28615384615023,36.86276923076545,35.09846153845794,36.6,52113.75,0.050000000000026926,0.7446808510655357
1999-11-01,36.60616438355779,36.60616438355779,35.629999999996244,35.63,26211.38,0.026666666666693387,-0.999999999995125
1999-11-02,35.66790648246167,36.043358129645476,35.217364505841104,35.33,13983.26,0.023157894736869397,-0.40909090908586676
1999-11-03,35.630728831721804,35.630728831721804,34.95490889603055,35.03,11447.91,0.018967334035854867,-0.8888888888820189
1999-11-04,35.0280652173875,35.2533260869527,34.46491304347452,34.54,19182.0,0.02250803858523703,-0.6190476190420733
1999-11-05,34.53999999999625,35.065608695648365,34.53999999999625,34.54,16725.6,0.01521739130437635,7.137754142654619e-12
1999-11-08,34.72771739130057,34.87789130434403,34.31473913043106,34.54,17093.6,0.01621621621624434,-0.33333333332607956
1999-11-09,34.53721682847523,35.28802588996383,34.53721682847523,34.8,15276.96,0.02173913043481125,0.3500000000045359
1999-11-10,34.69034934497438,34.72789301309665,34.23982532750718,34.39,17129.2,0.01406926406929261,-0.6153846153756566
1999-11-11,34.23999999999625,34.577894736838324,34.16491228069801,34.24,12813.599999999999,0.012061403508800984,9.084322079603304e-12
1999-11-12,34.23737704917658,34.3875409836028,34.23737704917658,34.35,11410.050000000001,0.0043859649123099064,0.7500000000200365
1999-11-15,34.35033076074593,34.46295479602706,34.01245865490253,34.05,18058.37,0.013114754098389239,-0.666666666656859
1999-11-16,34.5342497136272,34.90962199312315,32.58231386024827,32.77,60149.700000000004,0.06739130434785329,-0.7580645161270885
1999-11-17,32.77773041474277,33.00300691243859,31.463617511517118,32.59,56307.159999999996,0.04696449026348822,-0.1219512195096767
1999-11-18,32.7392792792756,33.49018018017641,32.176103603599984,33.34,44542.08,0.040137614678928304,0.45714285714536435
1999-11-19,33.40590277777391,33.40590277777391,32.27986111110737,32.43,36201.600000000006,0.033707865168568295,-0.8666666666625619
1999-11-22,32.36049411764325,32.36049411764325,31.572129411760994,31.91,36779.5,0.024361948955946473,-0.5714285714230846
1999-11-23,31.908883826875638,33.33539863325361,31.721184510246957,32.96,33723.979999999996,0.05058823529414754,0.6511627906995948
1999-11-24,33.03556581985762,33.03556581985762,32.32229792147432,32.51,15510.06,0.021590909090938817,-0.7368421052568598
1999-11-25,32.472621809741014,32.510162412989274,32.02213457076195,32.36,12498.999999999998,0.015028901734134481,-0.23076923076106828
1999-11-26,32.20507009345418,32.35521028037005,31.904789719622443,32.13,24978.08,0.013986013986044557,-0.1666666666579595
1999-11-29,32.02213457076195,32.43508120649276,31.909512761017183,32.36,14990.179999999998,0.016412661195810342,0.6428571428630552
1999-11-30,32.355069767438096,32.580279069763655,32.05479069767069,32.28,10689.8,0.016241299303974825,-0.14285714284972004
1999-12-01,32.84770114942151,32.84770114942151,32.284597701145714,32.66,16034.099999999999,0.017142857142887047,-0.3333333333260789
1999-12-02,32.6606557377011,32.6606557377011,31.984918032783145,32.06,14535.079999999998,0.02068965517244376,-0.8888888888820227
1999-12-03,31.90983606557004,32.13508196720936,31.90983606557004,32.06,13903.119999999999,0.007058823529442913,0.6666666666803522
1999-12-06,32.020153121315424,32.020153121315424,31.794923439336657,31.87,13108.56,0.0070339976553649795,-0.6666666666470339
1999-12-07,31.87262411347141,32.09787234042174,31.684917257679466,31.76,11387.160000000002,0.012956419316874437,-0.2727272727175157
1999-12-08,31.90784780023402,31.90784780023402,31.532461355525385,31.57,15407.12,0.011764705882383897,-0.8999999999876074
1999-12-09,31.569542790148706,32.620609613126305,31.569542790148706,32.02,40116.59,0.03329369797862743,0.42857142857459307
1999-12-10,31.909999999996245,32.28541176470208,31.722294117643326,31.91,12534.269999999999,0.017647058823560186,6.668621340672767e-12
1999-12-13,31.91263282171996,32.212987012983206,31.72491145218043,31.8,14729.330000000002,0.015294117647089713,-0.23076923076105732
1999-12-14,31.83808383233152,31.83808383233152,31.16227544909807,31.35,21200.649999999998,0.021226415094370364,-0.7222222222156016
1999-12-15,31.424210526312113,32.66315789473302,31.349122807013877,32.1,36294.75,0.041816009557975424,0.5142857142881837
1999-12-16,32.093035714281896,32.093035714281896,31.49246428571054,31.53,14103.6,0.01871345029242822,-0.9374999999921922
1999-12-17,31.52999999999625,31.755214285710508,31.417392857139113,31.53,14036.400000000001,0.010714285714317305,1.1105469717144798e-11
1999-12-21,31.538840937110788,31.538840937110788,30.4124537607854,30.45,20940.019999999997,0.03571428571431636,-0.9666666666624766
1999-12-22,30.405527638187134,30.593216080398168,29.84246231155404,29.88,24079.0,0.02469135802472346,-0.6999999999940676
1999-12-23,29.88077319587244,30.030927835047677,28.90476804123339,29.13,23661.404,0.037688442211087504,-0.6666666666627432
1999-12-24,28.90981912144329,29.322816537463908,28.75963824289034,29.06,11788.02,0.019480519480553304,0.26666666667286193
1999-12-27,29.09736503855667,29.810719794340642,29.09736503855667,29.21,12588.04,0.024516129032291632,0.1578947368471489
1999-12-28,29.280310880825223,29.468005181343333,28.979999999996245,28.98,11325.24,0.016666666666700275,-0.6153846153756599
1999-12-29,29.090142671850963,29.277821011669353,28.71478599221418,28.94,14556.48,0.019354838709710945,-0.2666666666595293
1999-12-30,29.247909090905292,29.247909090905292,28.872454545450797,28.91,13274.800000000001,0.012836970475001612,-0.8999999999876049
2000-01-04,29.284732824423756,29.660178117044573,28.94683206106502,29.51,17111.22,0.024358974359007676,0.3157894736890321
2000-01-05,29.39459016393072,30.48327868852074,29.0942622950783,29.77,39499.33,0.047254150702458815,0.27027027027277956
2000-01-06,29.73388753055871,30.747542787282303,29.283374083126006,30.71,37235.36,0.04924242424245611,0.6666666666687785
2000-01-07,30.855884393060016,32.46999999999624,30.855884393060016,32.47,92191.7,0.05231143552314489,1.000000000001709
2000-01-10,32.6553488372055,33.06823255813569,31.153953488368472,32.28,103363.4,0.058620689655201216,-0.19607843137048334
2000-01-11,32.289962825274806,32.47769516728222,30.22490706319328,30.3,61541.82,0.0697674418604939,-0.8833333333312732
2000-01-12,30.333282636244572,31.346894803544824,29.582458808614756,29.62,51450.689999999995,0.05816831683171422,-0.4042553191465794
2000-01-13,29.955692307688473,30.030769230765383,29.092307692303965,29.28,31231.2,0.03132832080203734,-0.7199999999952379
2000-01-14,29.315356679633034,29.653177691306144,28.86492866406889,28.94,24502.38,0.026888604353426316,-0.47619047618510896
2000-01-17,28.982290862287133,29.207541827538073,28.832123552119842,29.17,25485.6,0.012953367875681833,0.5000000000086662
2000-01-18,29.318720787204263,31.158179581791984,29.318720787204263,30.52,64771.71000000001,0.06274007682461588,0.6530612244914824
2000-01-19,30.52280397021954,30.748064516125215,29.73439205954966,30.26,33416.76,0.033210332103352676,-0.259259259255302
2000-01-20,30.252880503140847,30.252880503140847,29.276981132071786,29.84,31871.55,0.032258064516161096,-0.42307692307264133
2000-01-21,29.845752895749058,29.99592020591635,28.794581724578023,29.17,53294.43,0.040251572327076136,-0.5624999999964089
2000-01-24,29.135643044615595,29.285826771649695,27.633805774274588,28.61,94038.42,0.0567010309278673,-0.31818181817935137
2000-01-25,28.569661898565855,30.334148244469397,28.15669700909907,28.87,55206.51,0.07621550591330432,0.13793103448442043
2000-01-26,29.13527272726894,29.66090909090524,28.872454545450797,28.91,24640.0,0.027061855670136463,-0.285714285709158
2000-01-27,29.095253576069037,29.28296488946303,28.34440832249306,28.87,74008.56,0.03225806451616239,-0.23999999999574156
2000-01-28,28.830315789469893,28.830315789469893,28.00444736841737,28.53,71994.8,0.02864583333336701,-0.3636363636313791
2000-02-14,29.27799043061851,31.379999999996244,28.865095693776453,31.38,178678.28,0.08589743589746697,0.8358208955235488
2000-02-15,32.282575757571685,32.282575757571685,29.354621212117507,29.73,204003.36,0.09069767441863286,-0.8717948717932925
2000-02-16,29.65585937499614,29.730937499996127,28.454609374996295,28.83,127380.48,0.04303797468357652,-0.6470588235259671
2000-02-17,28.720885286779463,30.78578553615576,28.720885286779463,30.11,252285.13999999998,0.07189542483663348,0.6727272727287651
2000-02-18,30.105846153842293,30.406153846149948,28.641846153842483,29.28,85480.2,0.058603491271851695,-0.4680851063805848
2000-02-21,29.28289156626153,31.159999999996245,28.90746987951459,31.16,334000.30000000005,0.07692307692310842,0.8333333333346318
2000-02-22,31.533745364643817,32.20946847960047,30.21983930778366,30.37,275513.04,0.0630952380952677,-0.5849056603751791
2000-02-23,30.259152542369222,31.160169491521657,30.033898305081113,31.01,147796.18,0.03722084367248847,0.6666666666694047
2000-02-24,31.159016393438982,32.21016393442247,30.971311475406218,32.06,301214.33999999997,0.03975903614460919,0.7272727272751649
2000-02-25,32.28541176470208,32.473117647055005,31.53458823529041,31.91,251795.5,0.029069767441890517,-0.3999999999955726
2000-02-28,32.10066964285356,33.790178571424796,32.025580357139276,33.64,506517.76000000007,0.05497076023394766,0.8723404255335468
2000-02-29,33.82073779795303,34.12103291713574,32.46940976163082,33.07,306940.4,0.04883462819092716,-0.4545454545429066
2000-03-01,33.22394117646668,33.37410588234902,31.572129411760994,31.91,184773.0,0.05423728813562179,-0.729166666664178
2000-03-02,31.720310633210072,32.208315412182536,31.15722819593416,31.42,153120.78,0.03313609467458655,-0.28571428571044505
2000-03-03,31.532885906036746,34.160626398206475,31.532885906036746,33.56,448564.5,0.08333333333336239,0.7714285714297054
2000-03-06,34.539148936166534,36.90432978723012,34.539148936166534,35.29,1181880.8,0.06847826086959238,0.31746031746177134
2000-03-07,34.915434782604905,35.66630434782221,33.71404347825721,34.54,295881.19999999995,0.0559139784946506,-0.19230769230567363
2000-03-08,34.91136600625288,35.99999999999625,34.34827945776493,36.0,272375.18,0.047311827957016474,0.6590909090927838
2000-03-09,36.7862579281145,36.7862579281145,35.47246300211041,35.51,265466.52,0.03571428571431202,-0.9714285714249717
2000-03-10,35.39606790799174,35.47113910185811,34.1573932091967,34.27,185156.40000000002,0.03711558854721694,-0.8571428571393473
2000-03-13,34.16562499999618,34.16562499999618,33.076830357139166,33.64,162579.2,0.03186813186816009,-0.4827586206857611
2000-03-14,33.781395348833286,33.781395348833286,31.45423255813588,32.28,187884.19999999998,0.06888888888891645,-0.6451612903206919
2000-03-15,32.657687861267895,33.33336416184586,31.944473988435607,32.47,86508.65000000001,0.042528735632213405,-0.13513513513233144
2000-03-16,32.66503067484261,33.040490797541956,30.412269938646574,30.6,111606.1,0.08045977011497067,-0.7857142857125556
2000-03-17,30.409322033894625,31.53559322033517,30.033898305081113,31.01,99946.0,0.049382716049414,0.4000000000022333
2000-03-20,30.741069767438283,32.6553488372055,30.403255813949954,32.28,94935.4,0.07326007326010327,0.6833333333346998
2000-03-21,32.55034924330238,32.850698486608515,31.536670547144176,32.25,88863.55,0.040369088812024806,-0.22857142856839582
2000-03-22,32.27999999999625,32.61781395348458,31.67944186046143,32.28,76135.8,0.029069767441890566,3.9980575644812844e-12
2000-03-23,32.28668941979155,32.99999999999624,31.723549488051,33.0,127164.93,0.039534883720959826,0.5588235294142693
2000-03-24,32.850877192978615,33.226315789469794,31.912280701750653,32.1,110808.00000000001,0.04000000000002911,-0.5714285714252807
2000-03-27,31.914170506908768,32.740184331793465,31.538709677415724,32.59,134861.16,0.03764705882355953,0.5625000000026584
2000-03-28,32.506099447510216,34.3453591160183,32.506099447510216,33.97,250232.50000000003,0.05658198614321611,0.7959183673485482
2000-03-29,34.1631284916163,34.27575418994031,32.28603351954946,33.6,136917.09999999998,0.05824175824178598,-0.28301886792249953
2000-03-30,33.74507246376435,33.74507246376435,33.03188405796733,33.67,114430.29000000001,0.021134593993354857,-0.10526315788932097
2000-03-31,33.67277528089509,33.71031460673778,33.07214606741201,33.41,108046.0,0.018952062430352568,-0.4117647058758204
2000-04-03,33.3715426695806,34.647844638945884,33.14631291028084,34.31,215429.80000000002,0.04499437570306571,0.6250000000020823
2000-04-04,34.31417142856751,34.31417142856751,32.84999999999625,32.85,111352.5,0.04266958424510451,-0.9999999999967546
2000-04-05,32.665092165894855,33.22828341013442,32.28963133640181,32.59,75394.48,0.028735632183937824,-0.07999999999591155
2000-04-06,32.58927601809586,33.22754524886501,32.58927601809586,33.19,74698.0,0.01958525345625115,0.9411764705926491
2000-04-07,33.226486784137315,34.35280837004027,33.18894273127388,34.09,172320.24,0.03502824858759957,0.7419354838735568
2000-04-10,34.16456521738759,34.53999999999625,33.751586956518075,34.54,177136.8,0.02307692307695159,0.47619047619463545
2000-04-11,34.53538461538081,34.835692307688475,33.972307692303964,34.16,120584.09999999999,0.02500000000002797,-0.43478260869080154
2000-04-12,34.15797101448894,34.38318840579327,33.40724637680787,33.67,97665.36,0.028571428571457076,-0.49999999999563627
2000-04-13,33.67475083056106,34.16279069767064,33.67475083056106,33.9,99844.70999999999,0.01449275362321758,0.4615384615451986
2000-04-14,34.00939262472516,35.13553145335844,33.7841648589985,34.61,220238.14,0.03973509933777651,0.44444444444689585
2000-04-17,34.60999999999625,34.60999999999625,34.60999999999625,34.61,0.0,2.8893383415200214e-14,3.751665644813329
2000-04-18,34.3453591160183,34.42043093922271,33.78232044198521,33.97,96400.6,0.01857923497270617,-0.5882352941108393
2000-04-19,34.08705114254254,34.98803046789609,34.011969532096415,34.5,139283.63999999998,0.028634361233508567,0.4230769230803319
2000-04-20,34.72292122537913,34.83553610502901,34.23492341356299,34.31,98191.02,0.017297297297325633,-0.6874999999925979
2000-04-21,34.35049833886663,34.53820598006262,33.82491694351785,33.9,116107.73999999999,0.020765027322432895,-0.6315789473622754
2000-04-24,33.82293258426586,33.860471910108544,33.33492134831086,33.41,101193.0,0.015538290788042213,-0.7857142857056542
2000-04-25,33.40696132596315,34.12014364640506,33.0316022099411,33.97,95531.8,0.03258426966295016,0.5172413793133258
2000-04-26,34.160626398206475,34.46093959731159,33.33476510066742,33.56,49241.52,0.03296703296706124,-0.5333333333295293
2000-04-27,33.9786363636325,34.09127272726885,33.03999999999625,33.04,52703.200000000004,0.030939226519365422,-0.8928571428527272
2000-04-28,33.63275590550803,33.63275590550803,32.95709786276344,33.37,62861.19,0.020089285714315026,-0.3888888888827572
2000-05-08,33.74785393258047,33.78539325842316,33.03460674156932,33.41,36810.4,0.02224694104563505,-0.44999999999439655
2000-05-09,33.41349480968473,33.41349480968473,32.47491349480594,32.55,37558.44,0.028089887640478657,-0.9199999999950194
2000-05-10,32.28862275448715,32.551437125744606,31.08718562873879,31.35,68879.15,0.04534883720933197,-0.6410256410226365
2000-05-11,31.162636033853552,31.725816203140056,31.012454655377145,31.05,37049.6,0.022891566265091555,-0.15789473683662636
2000-05-12,31.161042183618964,31.34875930520703,30.222456575678635,30.26,42387.54,0.036144578313283875,-0.7999999999959574
2000-05-15,30.215206508131388,30.327809762198957,29.689724655816057,29.99,35443.64,0.021118012422392654,-0.3529411764641559
2000-05-16,30.03456790123086,30.447543209872784,30.03456790123086,30.41,26997.3,0.013750000000032762,0.9090909090978001
2000-05-17,30.404926108370642,30.517536945809056,30.32985221674504,30.48,22963.359999999997,0.0061728395062055534,0.40000000001785796
2000-05-18,30.411729141471536,31.350362756949053,30.374183796852435,31.05,29275.8,0.032098765432130624,0.6538461538493284
2000-05-19,31.125273390032664,31.313001215063018,30.674726609959816,30.9,40401.07,0.020506634499428307,-0.352941176464146
2000-05-22,30.596058823525812,31.909999999996245,30.596058823525812,31.91,88034.5,0.042944785276104874,1.0000000000020968
2000-05-23,31.912280701750653,32.2126315789436,31.53684210525947,32.1,50727.15,0.021176470588265925,0.27777777778292556
2000-05-24,31.909999999996245,32.322952941172666,31.572129411760994,31.91,55709.0,0.023529411764736358,5.001466005506819e-12
2000-05-25,31.981864211733946,32.84522439585353,31.981864211733946,32.62,86309.08,0.026995305164349784,0.7391304347860984
2000-05-26,33.03788748564489,33.75120551090313,32.69999999999625,32.7,97334.25000000001,0.0318181818182109,-0.32142857142469455
2000-05-29,32.84691011235585,33.44753932583893,32.69675280898509,33.41,116420.90000000001,0.02285714285717245,0.7500000000040146
2000-05-30,33.79147465437399,34.091843317968426,32.47736175114834,32.59,113517.04,0.04777777777780591,-0.744186046508843
2000-05-31,32.4387443946152,33.97808295963745,32.36365470851655,33.49,110661.52,0.04976851851854791,0.6511627906995956
2000-06-01,33.71015659954881,33.8978523489895,33.25968680089114,33.56,73889.09999999999,0.01893095768377078,-0.23529411764081654
2000-06-02,33.557104972371974,33.96999999999625,33.25681767955433,33.97,141542.0,0.02125279642061101,0.5789473684255098
2000-06-05,34.15767955800727,35.20868508286904,33.81985635358742,33.97,284803.5,0.04065934065936892,-0.13513513513232933
2000-06-06,33.97014428412498,34.23289678135025,33.40710321864224,33.82,90685.65,0.024309392265221996,-0.18181818181341855
2000-06-07,34.16181229773094,34.83754045307067,33.82394822006108,34.8,139865.75999999998,0.029670329670357994,0.6296296296327138
2000-06-08,34.915434782604905,35.10315217390923,34.16456521738759,34.54,125607.59999999999,0.026881720430135463,-0.3999999999955782
2000-06-09,34.57843333332949,34.87878888888501,33.71491111110737,33.79,121635.0,0.03365906623238391,-0.6774193548349069
2000-06-12,33.78770949720293,33.78770949720293,33.224581005582884,33.6,73810.65,0.016666666666695758,-0.33333333332607923
2000-06-13,33.78930131003998,34.54017467248531,33.78930131003998,34.39,104387.36,0.022222222222250943,0.8000000000039404
2000-06-14,34.53303867402933,34.53303867402933,33.857392265189624,33.97,101468.6,0.019565217391332726,-0.8333333333265385
2000-06-15,34.08982456139999,36.75543859648744,34.08982456139999,36.38,737786.9099999999,0.07819383259914596,0.859154929578551
2000-06-16,36.41558577405476,36.978713389117466,35.66474895397116,35.89,393929.36000000004,0.03608247422683052,-0.39999999999683383
2000-06-19,35.89016806722313,36.90380252100453,35.51474789915594,35.74,234572.8,0.03870292887031947,-0.10810810810533285
2000-06-20,35.6684607104375,36.344284176529996,34.7673627556475,34.88,136999.62999999998,0.04421052631581624,-0.49999999999730377
2000-06-21,34.914743589739864,35.628055555551754,34.16388888888524,35.14,56450.159999999996,0.0419354838709953,0.15384615384860997
2000-06-22,35.217911733042506,35.593369214205,34.7673627556475,34.88,63218.45,0.023454157782543738,-0.40909090908587736
2000-06-23,34.837219251333174,35.137540106948116,34.16149732619956,35.1,74921.55,0.028017241379338195,0.26923076923434
2000-06-26,35.7755591054275,35.963258785938656,34.83706070287168,35.25,93383.55,0.03147953830013205,-0.46666666666291595
2000-06-27,35.247687366163255,35.58552462526386,34.98492505352945,35.06,83032.6,0.01703940362090102,-0.3124999999932376
2000-06-28,35.217636363632806,37.2826363636326,34.9172727272692,37.17,343312.2,0.0671641791045041,0.8253968253980644
2000-06-29,37.317542799593426,38.481369587105895,36.41651560926119,37.28,841696.59,0.055331991951735555,-0.018181818179992336
2000-06-30,37.5366300366266,40.98999999999624,37.5366300366266,40.99,1540331.52,0.09200000000002416,1.000000000000799
2000-07-03,40.98942238266778,43.466805054147706,39.86333935017691,41.59,2312185.48,0.08791208791211026,0.1666666666676622
2000-07-04,41.4779761904724,41.59058608058227,40.16419413919046,40.99,565918.08,0.034389140271516544,-0.3421052631550247
2000-07-05,41.332135135131416,43.284243243239345,41.332135135131416,41.67,558996.0,0.04722979109902387,0.1730769230787562
2000-07-06,41.74641929498685,42.196920222630595,40.28229128014469,40.47,333177.45999999996,0.04586330935254077,-0.6666666666643589
2000-07-07,40.169500924210695,41.25820702402576,39.493752310532386,40.62,327240.08,0.04392523364488373,0.255319148938157
2000-07-10,40.61420289854705,41.515072463764355,39.788405797097845,41.44,298035.83999999997,0.04251386321628975,0.47826086956711117
2000-07-11,41.6731506849277,43.099799086754054,40.9222831050191,41.11,487274.99999999994,0.05225225225227488,-0.258620689653329
2000-07-12,40.91753902662618,41.59324150596496,40.2418365472874,40.88,219553.29,0.033027522935803466,-0.027777777774978762
2000-07-13,40.91567164178723,41.29104477611555,40.16492537313058,40.24,275332.48000000004,0.02752293577984027,-0.5999999999961318
2000-07-14,40.169500924210695,40.77016635859142,39.53129390018118,40.62,274427.66000000003,0.030841121495351193,0.36363636363910723
2000-07-17,40.62102079394701,40.62102079394701,39.6073724007524,39.72,159017.4,0.024953789279136666,-0.8888888888843123
2000-07-18,39.41658900279222,41.10587138862618,39.34150978564405,40.28,151196.43,0.04476190476192898,0.4893617021295131
2000-07-19,40.505558685442196,40.84341784037175,39.86738028168639,39.98,92452.65000000001,0.024096385542192976,-0.5384615384571291
2000-07-20,40.09582655826196,41.63508581752108,39.79548328816262,41.56,188245.35,0.04588014981275782,0.7959183673485485
2000-07-21,41.51581180811425,41.66595940959024,40.68999999999624,40.69,167694.8,0.02350813743221155,-0.8461538461491357
2000-07-24,40.68999999999624,40.68999999999624,40.68999999999624,40.69,0.0,2.457606291472273e-14,3.75877107217093
2000-07-25,39.72209934395129,41.29896907216108,39.72209934395129,40.06,101567.73,0.039697542533105444,0.21428571428796014
2000-07-26,40.16522556390599,40.72828947368038,39.75231203007145,39.94,109485.6,0.02429906542058492,-0.2307692307651436
2000-07-27,39.97564469913657,40.275931232087835,38.88710601718825,39.3,242726.01,0.0347417840375829,-0.4864864864834278
2000-07-28,39.33797101448896,39.52565217390922,38.58724637680786,38.85,203305.05,0.023854961832085925,-0.519999999995448
2000-07-31,38.85771844659816,38.93280582523894,37.91912621358855,38.67,219493.00000000003,0.026086956521764244,-0.1851851851812908
2000-08-01,38.8534948741809,40.54277726001486,38.8534948741809,40.28,239858.42,0.04347826086958992,0.8444444444461691
2000-08-02,40.31552830188299,40.65336792452447,39.414622641505716,39.79,105830.4,0.03072625698326427,-0.42424242423905434
2000-08-03,39.79061302681611,40.16599616857852,39.00230842911504,39.19,126209.15999999999,0.029245283018892163,-0.5161290322543988
2000-08-04,39.19046511627527,39.19046511627527,38.40215116278698,38.74,112106.16,0.02011494252876053,-0.5714285714230823
2000-08-07,38.671199244566694,39.98526912180925,38.03293673276317,39.76,143949.87,0.05048543689322841,0.5576923076939465
2000-08-08,39.79564823209068,41.59771532184573,39.044786944692746,41.41,639331.89,0.06415094339624995,0.6323529411776933
2000-08-09,42.157743850717374,45.34866836301566,42.157743850717374,44.26,2369554.1999999997,0.07569011576137545,0.658823529412734
2000-08-10,44.25565891472487,44.29319552109868,42.71665805339856,43.58,541966.4099999999,0.03562340966923294,-0.4285714285687764
2000-08-11,43.6204695652136,44.10847826086573,42.644452173909336,43.17,343033.5,0.033562822719471384,-0.3076923076895312
2000-08-14,43.17456896551352,43.62508620689279,42.6489655172377,43.55,241836.8,0.022608695652196593,0.3846153846188301
2000-08-15,43.733246073294616,43.80832460732602,42.79476439790203,43.02,126300.66,0.02317596566525833,-0.7037037036993071
2000-08-16,43.02296035241912,43.02296035241912,42.347207048454415,42.61,162804.4,0.015706806282745532,-0.6111111111046497
2000-08-17,42.60966754155357,43.84853893262958,42.38441819772157,42.91,152956.26,0.034361233480198865,0.205128205130632
2000-08-18,42.91033480175833,42.985418502198854,42.4598325991152,42.61,122432.45,0.012248468941405292,-0.5714285714203404
2000-08-21,42.979559204836384,43.73029386343615,42.791875540186446,43.43,179936.64,0.021834061135394024,0.48000000000349125
2000-08-22,43.55178571428182,43.739508928567524,41.71209821428199,42.05,151368.0,0.04655172413795302,-0.7407407407385207
2000-08-23,41.66551094890131,42.04087591240492,38.36229927006949,41.14,352736.64,0.08828828828831012,-0.14285714285608334
2000-08-24,41.148070175434796,41.26070175438215,39.83403508771561,40.66,164691.81,0.034671532846738774,-0.34210526315502526
2000-08-25,40.543783783780135,41.66999999999625,40.468702702699055,41.67,130713.59999999999,0.029629629629653712,0.9375000000023377
2000-08-28,41.67195013356707,42.31016918966675,41.2965271593908,42.16,130211.85,0.024324324324347675,0.481481481484717
2000-08-29,42.23772321428194,42.350357142853355,41.86227678571055,42.05,82532.79999999999,0.01155555555557878,-0.3846153846069145
2000-08-30,42.04387096773806,42.269105990779515,40.729999999996245,40.73,106373.4,0.03660714285716581,-0.8536585365823721
2000-08-31,40.538830297215675,40.538830297215675,39.07492809203844,39.15,149680.93,0.03611111111113493,-0.9487179487147382
2000-09-01,38.84985563041012,39.71318575553034,38.699711260823996,39.0,133532.28,0.02608695652176402,0.1481481481517084
2000-09-04,39.039694656484826,39.602767175568744,38.47662213740091,39.34,71819.44,0.028846153846178797,0.2666666666697638
2000-09-05,39.346326129662145,39.7968565815285,37.91964636541867,38.22,81857.38,0.04770992366414622,-0.5999999999976818
2000-09-06,37.95170630816567,38.139400206821286,36.03722854187838,36.3,121264.70099999999,0.05539070227500023,-0.7857142857121251
2000-09-07,36.417195496413875,37.39332650971982,36.22947799385504,36.68,74418.09,0.03195876288662466,0.22580645161593604
2000-09-08,36.787234042549464,37.38784194528497,36.67462006078656,37.05,52488.659999999996,0.019387755102067514,0.36842105263632097
2000-09-11,36.97643280632046,38.25277667983812,36.41333992094502,37.99,70556.64,0.04974619289342675,0.5510204081650054
2000-09-12,38.10772277227346,38.22035643563978,37.35683168316462,37.92,48924.4,0.022660098522193015,-0.21739130434323403
2000-09-13,38.102777777774,38.215396825393036,37.53968253967882,37.84,56992.32,0.01773399014780891,-0.38888888888276063
2000-09-14,38.099418040733454,39.00029097962765,37.836663433555984,38.7,75799.12000000001,0.030541871921207817,0.5161290322608466
2000-09-15,38.10772277227346,38.858613861382295,37.73227722771904,37.92,50681.799999999996,0.029556650246330942,-0.16666666666318994
2000-09-18,37.94868098159121,37.98621676891227,36.70999999999625,36.71,41193.36,0.03363006923840324,-0.9705882352904156
2000-09-19,36.5312592592554,36.5312592592554,35.479999999996245,35.48,67576.95,0.02877697841729295,-0.99999999999548
2000-09-20,35.36457983192906,36.303130252097034,35.28949579831563,35.74,44943.92,0.028662420382193087,0.37037037037370535
2000-09-21,36.04085106382595,36.11593617020892,35.28999999999625,35.29,41905.200000000004,0.022916666666693584,-0.9090909090852646
2000-09-22,35.28317046687999,35.28317046687999,34.532464712265515,34.57,34915.11,0.021276595744708714,-0.9499999999937238
2000-09-25,34.53787047200499,34.91328210757027,34.16245883643972,34.2,25635.539999999997,0.021739130434811113,-0.4499999999943921
2000-09-26,34.23965217390932,34.72771739130057,34.202108695648455,34.54,24269.6,0.01535087719301123,0.5714285714346278
2000-09-27,34.57945337620209,35.10509110396194,34.57945337620209,35.03,19807.59,0.015200868621092314,0.8571428571483697
2000-09-28,35.17369757174004,35.17369757174004,34.009999999996246,34.01,26237.760000000002,0.033084311632898225,-0.9999999999959167
2000-09-29,34.04708061001808,34.72276688452781,34.04708061001808,34.46,23308.02,0.019845644983490722,0.6111111111157638
2000-10-09,34.95228632478259,35.177542735038976,34.50177350426981,35.14,26582.399999999998,0.019334049409265554,0.2777777777829208
2000-10-10,35.50985263157521,35.65999999999624,34.90926315789106,35.66,29241.0,0.021141649048653146,0.2000000000047347
2000-10-11,35.66790648246167,35.93072263549033,35.292454835277866,35.33,38232.83,0.017894736842132677,-0.5294117646991698
2000-10-12,35.328943005177685,36.71807253885629,35.328943005177685,36.23,62203.9,0.03931987247611627,0.6486486486508862
2000-10-13,36.33492783504779,36.785360824738476,36.034639175254014,36.41,66406.2,0.020661157024820416,0.10000000000487178
2000-10-16,36.377678048776936,38.479999999996245,35.55176585365507,38.48,79109.5,0.08049535603717692,0.7179487179497553
2000-10-17,37.879336585362154,38.85541463414255,36.79063414633787,38.48,248685.5,0.05450941526266121,0.29090909091076894
2000-10-18,38.4747817652727,38.88768186226587,37.986808923371676,38.7,134772.32,0.023414634146366995,0.250000000003887
2000-10-19,39.19078124999617,39.60371093749613,37.539062499996334,38.44,219719.68,0.05268199233718892,-0.36363636363436946
2000-10-20,37.539215686270836,38.477696078427606,37.539215686270836,38.29,56742.6,0.025000000000025932,0.8000000000031406
2000-10-23,38.28953488371722,38.73999999999625,38.06430232557771,38.74,89938.8,0.017647058823555186,0.6666666666712393
2000-10-24,38.66688995214941,39.22999999999624,38.47918660286713,39.23,97195.45,0.019417475728180505,0.7500000000040027
2000-10-25,39.416744621137575,40.50539756781661,39.416744621137575,40.13,401088.8,0.027619047619072183,0.6551724137959468
2000-10-26,40.170683111950645,40.32085388993925,39.41982922200765,39.57,88441.14,0.022429906542080356,-0.6666666666617578
2000-10-27,39.53332688587625,39.570870406185726,38.40702127659203,38.82,69381.4,0.029439696106387206,-0.6129032258026975
2000-10-30,38.66290480863213,38.81305201177244,37.98724239450068,38.25,59499.409999999996,0.021359223300996297,-0.4999999999948515
2000-10-31,38.370176817285035,38.85825147347359,38.107367387029655,38.22,47784.92,0.01956947162429164,-0.19999999999473922
2000-11-01,38.2196491228033,38.51999999999625,37.844210526312104,38.52,45359.46,0.017681728880182955,0.44444444444933834
2000-11-02,38.51737609329072,39.23066083575907,38.17950437317413,38.63,59970.119999999995,0.027290448343105244,0.10714285714632502
2000-11-03,38.63316568046955,38.895976331357105,37.9949112425998,38.07,44970.9,0.023323615160375108,-0.624999999995129
2000-11-06,38.10442176870379,38.8552478134073,38.10442176870379,38.63,40110.42,0.019704433497562478,0.7000000000040683
2000-11-07,38.667874632709236,38.85558276199423,38.25491674828224,38.33,38052.670000000006,0.01553398058254969,-0.5624999999928118
2000-11-08,38.329669582114846,38.66754130223143,37.99179786199825,38.63,44463.09,0.01762977473068201,0.4444444444493281
2000-11-09,38.66688995214941,39.22999999999624,38.40410526315422,39.23,95931.0,0.021359223300995933,0.6818181818219043
2000-11-10,39.41538461538082,39.64061538461157,38.88984615384241,39.04,90448.8,0.019047619047643932,-0.4999999999943322
2000-11-13,39.22967711300672,39.60508072174363,39.04197530863827,39.53,109880.54999999999,0.014354066985671108,0.5333333333390495
2000-11-14,39.605243088652095,39.642783603428065,39.04213536701249,39.38,98238.85,0.015165876777275954,-0.37499999999313705
2000-11-15,39.377234848481116,40.54090909090525,39.33969696969324,39.64,112854.72,0.030505243088680533,0.21875000000294592
2000-11-16,39.53228733458983,39.945255198483935,39.41965973534599,39.72,102604.84,0.013295346628704926,0.3571428571493272
2000-11-17,39.72174883720561,40.54772093022879,39.72174883720561,40.36,165636.0,0.020793950850686357,0.7727272727308762
2000-11-20,40.54246068454759,40.69261794634221,39.754135060125826,40.58,138216.8762,0.02314814814817236,0.04000000000395405
2000-11-21,40.58313320825136,41.18380863039014,39.982457786112576,40.02,114495.00920000001,0.02960222016653645,-0.4687499999964886
2000-11-22,39.79230046947983,40.16769953051266,39.341821596240436,39.98,83291.09400000001,0.020754716981156628,0.2272727272770006
2000-11-23,40.09441774491311,40.920332717186604,40.01933456561552,40.62,135849.5362,0.022471910112383916,0.583333333336857
2000-11-24,40.6142028985468,40.914492753619236,38.58724637680786,38.85,118051.5825,0.05730129390020816,-0.7580645161270914
2000-11-27,38.70261673151375,39.22816147859541,38.364766536961255,38.59,93717.51719999999,0.02230843840933655,-0.13043478260419897
2000-11-28,39.157370936898744,39.30754302102875,38.631768642443724,39.27,67097.13440000001,0.017257909875384732,0.16666666667197697
2000-11-29,39.34295081966834,39.455573770487995,38.62967213114381,38.93,59878.8688,0.020992366412238585,-0.4999999999948521
2000-11-30,39.042954324583185,39.11803692905354,38.479834791055545,38.63,47817.2184,0.016346153846179007,-0.6470588235225155
2000-12-01,38.66461538461167,39.227692307688535,38.58953846153475,39.04,47830.22400000001,0.01650485436895746,0.588235294122599
2000-12-04,39.03984674329128,39.227538314172484,38.589386973176374,39.19,60507.943199999994,0.01634615384617911,0.23529411765257038
2000-12-05,39.33782483156503,39.41289701635809,38.96246390759971,39.0,51379.2773,0.011450381679414362,-0.749999999990006
2000-12-06,39.00340551180719,39.07848425196466,38.10246062991751,38.14,70358.0,0.025024061597715162,-0.8846153846106317
2000-12-07,38.22035643563978,38.445623762372435,37.73227722771904,37.92,65902.197,0.01866404715130274,-0.421052631573089
2000-12-08,37.91246290800812,38.475519287830025,37.83738872403187,37.95,56785.9491,0.016831683168342774,0.058823529417552985
2000-12-11,37.84080971659536,38.103593117405055,37.08999999999625,37.09,58152.4944,0.02678571428573997,-0.7407407407363028
2000-12-12,37.131218074652544,38.25754420431844,36.98104125736375,38.22,42727.496,0.03437815975735678,0.8529411764728544
2000-12-13,38.287536800781325,38.58783120706196,38.09985279685593,38.25,47955.66849999999,0.012745098039241372,-0.07692307691522551
2000-12-14,38.36555555555176,38.66587301586919,37.72738095237722,37.84,25607.735999999997,0.024461839530358114,-0.5599999999954085
2000-12-15,37.8456338028131,37.920724346072646,37.16981891347715,37.32,31457.4162,0.01984126984129566,-0.6999999999940745
2000-12-18,37.350151362256575,37.46276488395182,37.012310797170834,37.2,35450.3493,0.01206030150756421,-0.3333333333242542
2000-12-19,37.544378698221145,38.295266272185565,37.168934911238935,38.07,49497.29460000001,0.030000000000025707,0.466666666669592
2000-12-20,38.289080459766446,39.340153256701214,38.289080459766446,39.19,145934.9136,0.02745098039218235,0.85714285714561
2000-12-21,39.23315533980201,39.57104854368547,38.59491262135547,38.67,62921.258,0.024880382775144462,-0.5769230769186324
2000-12-22,38.67053045186261,38.82070726915139,38.14491159135185,38.22,45734.769799999995,0.017475728155365237,-0.6666666666601322
2000-12-25,38.217709772947856,38.33033563671882,37.91737413622528,38.03,43477.149600000004,0.010805500982344202,-0.45454545453525813
2000-12-26,38.102303921564896,38.477696078427606,38.102303921564896,38.29,38840.376,0.009852216748794482,0.5000000000086526
2000-12-27,38.29047619047239,38.515714285710466,37.80246031745657,37.84,48241.5696,0.018627450980417716,-0.6315789473622673
2000-12-28,37.842457879084456,38.10525272546699,37.72983151634909,37.88,32766.0642,0.00992063492066112,0.10000000000973822
2000-12-29,38.10754437869446,38.295266272185565,37.88227810650513,38.07,39847.3608,0.010837438423671247,-0.09090909089977095
2001-01-02,38.13922779922412,38.96507722007346,38.06415057914691,38.89,51401.657999999996,0.02362204724411996,0.8333333333365739
2001-01-03,39.039393939390244,39.82768939393562,39.039393939390244,39.64,133348.0896,0.020192307692332715,0.7619047619085585
2001-01-04,39.63969924811657,40.16522556390599,39.26432330826699,39.94,166330.864,0.022727272727297142,0.33333333333713555
2001-01-05,39.86738028168639,40.09261971830609,39.604600938963415,39.98,115783.49850000002,0.012241054613960673,0.23076923077646674
2001-01-08,39.98473389355369,40.547899159660076,39.834556489258645,40.21,166552.0668,0.01784037558687912,0.3157894736890324
2001-01-09,40.16537735848677,40.31552830188299,39.48969811320382,39.79,86163.26599999999,0.02056074766357585,-0.45454545454035267
2001-01-10,39.78925925925557,40.53999999999625,39.78925925925557,40.54,140246.856,0.018867924528326627,1.0000000000036653
2001-01-11,40.73473877176529,41.97367552703557,40.73473877176529,40.96,368828.58770000003,0.03041474654380261,0.18181818182106527
2001-01-12,40.99411131058878,42.796050269295975,40.99411131058878,41.82,502654.1784,0.043956043956067226,0.4583333333351639
2001-01-15,41.81687969924419,42.042105263153935,39.78984962405641,39.94,246439.1048,0.05385996409337976,-0.8333333333312997
2001-01-16,39.79167437557448,40.69261794634221,39.41628122108793,40.58,161463.2407,0.032075471698137695,0.6176470588259878
2001-01-17,40.35246282527506,40.87798327137167,40.05216542750557,40.39,75173.5564,0.020465116279094125,0.04545454545903456
2001-01-18,40.394585635355405,41.29558011049344,40.394585635355405,40.77,111919.25039999999,0.022304832713778745,0.41666666667036684
2001-01-19,40.84261751151698,41.25554838709297,40.729999999996245,40.73,101994.0145,0.012867647058847721,-0.21428571427817666
2001-02-05,40.92407582938,41.111800947863394,39.42227488151285,39.61,63575.77700000001,0.041284403669748074,-0.7777777777750945
2001-02-06,39.492784688991435,39.492784688991435,38.47918660286713,39.23,54794.992999999995,0.02566539923956838,-0.25925925925530185
2001-02-07,39.227538314172484,39.452768199229936,38.9647701149388,39.19,30193.837199999998,0.012440191387584834,-0.07692307691522583
2001-02-08,39.19062256808958,39.978939688712074,38.477383268478754,38.59,44473.438799999996,0.03831417624523536,-0.39999999999723507
2001-02-09,38.591808612436495,39.41770334927852,38.591808612436495,39.23,39807.2895,0.021400778210142024,0.7727272727308855
2001-02-12,39.714774436086486,39.939999999996246,39.03909774435723,39.94,68590.6536,0.022684310018928323,0.2500000000038928
2001-02-13,39.94718954247993,40.69807656395511,39.94718954247993,40.21,68815.7127,0.01879699248122739,0.35000000000453496
2001-02-14,40.202612359546805,40.202612359546805,39.93985018726219,40.09,33419.1084,0.00653594771244295,-0.4285714285555314
2001-02-15,40.17210379981092,40.77280815569594,40.097015755325295,40.51,87182.6605,0.016822429906566416,0.5000000000048169
2001-02-16,40.507878504669115,40.507878504669115,39.34407476635147,40.17,54303.676999999996,0.02873030583876351,-0.2903225806416882
2001-02-19,40.16419413919046,41.177683150179384,39.97651098900733,40.99,117982.3008,0.029906542056098974,0.6875000000025568
2001-02-20,40.99309192200177,41.10571030640286,39.97952646239183,40.43,102493.24349999998,0.027472527472551037,-0.49999999999622785
2001-02-21,40.35622009568991,40.35622009568991,38.779511961718775,39.23,81319.601,0.039069767441884215,-0.7142857142828805
2001-02-22,39.038951310857776,40.24014981273032,38.888801498123705,40.09,58355.0928,0.03461538461540941,0.7777777777799749
2001-02-23,40.08955555555184,40.53999999999625,39.86433333332963,40.54,63621.61200000001,0.016853932584294455,0.6666666666712291
2001-02-26,40.729535095711874,41.44277119416213,40.541841385593386,41.18,232689.9356,0.02211981566822674,0.5000000000036132
2001-02-27,41.29014598539769,41.4778284671495,40.91478102189408,41.14,100472.29280000001,0.013636363636387474,-0.2666666666595274
2001-02-28,41.14200180342281,41.66753832280959,40.91677186654275,41.63,223820.598,0.01824817518250558,0.6500000000041289
2001-03-01,41.6749100719387,41.86263489208257,41.299460431650964,41.75,166544.9072,0.013513513513537183,0.13333333333976496
2001-03-02,41.74028985506868,41.92797101448895,41.40246376811219,41.44,164401.8288,0.012589928057577561,-0.571428571420345
2001-03-05,41.518163452705096,41.518163452705096,40.57968778695679,40.88,138159.03420000002,0.022603978300204365,-0.6799999999952742
2001-03-06,40.73339269812637,42.27262689224912,40.69585040070875,42.16,230215.11229999998,0.03870967741937834,0.9047619047637178
2001-03-07,42.232620320851844,42.87080213903361,41.96983957218877,42.12,349024.9158,0.021333333333356505,-0.12499999999568931
2001-03-08,42.12508928571052,42.27526785713908,41.74964285713912,42.05,115077.424,0.012477718360094798,-0.1428571428497297
2001-03-09,42.04805781390767,42.648744354106356,41.07194218608482,41.56,197902.7073,0.037500000000022876,-0.3095238095212274
2001-03-12,41.4847434743437,41.97279927992422,41.334572457242004,41.71,115535.6675,0.01538461538463918,0.3529411764759155
2001-03-13,41.62753610107928,41.81521660649443,40.91435018050173,41.59,91960.56520000001,0.021641118124460037,-0.04166666666245394
2001-03-14,41.44443649373511,41.96999999999625,41.18165474060455,41.97,114567.7208,0.01902173913045837,0.6666666666705859
2001-03-15,42.04508050089069,42.38294275491571,41.857379248654574,41.97,132844.7848,0.012500000000023544,-0.14285714284972495
2001-03-16,42.00819419237368,42.308520871139535,41.369999999996246,41.37,101695.20479999999,0.02234137622879894,-0.6799999999952744
2001-03-19,41.297370806886555,41.59771532184573,41.10965548503707,41.41,98364.21639999999,0.011818181818205922,0.23076923077644038
2001-03-20,41.444596050265574,41.970161579888504,41.36951526031944,41.82,81618.4354,0.014492753623212168,0.6250000000052203
2001-03-21,41.817538185081595,42.00522911050835,41.367079964057375,41.78,111381.3603,0.015260323159808156,-0.05882352940578438
2001-03-22,41.77895705521106,43.16783523224862,41.77895705521106,42.83,360298.9327,0.03324348607369783,0.7567567567589173
2001-03-23,43.09604278074482,43.3588235294079,42.0449197860925,42.12,229636.1496,0.030487804878071494,-0.7428571428537131
2001-03-26,42.121464690493276,43.285248474276955,42.121464690493276,43.06,256469.65880000003,0.027629233511609445,0.8064516129057632
2001-03-27,43.35769565217014,43.47031304347448,42.794608695648456,43.17,181157.66,0.015584415584438264,-0.2777777777718098
2001-03-28,43.16783523224862,43.317984224360785,42.604776511827986,42.83,137695.42359999998,0.01652173913045748,-0.47368421052038456
2001-03-29,42.90537511032278,42.980450132388086,42.41738746689829,42.53,114354.7097,0.013123359580075376,-0.6666666666588197
2001-03-30,42.609833187002394,42.797541703244704,42.27195785776625,42.76,115504.7371,0.012334801762137887,0.2857142857208976
2001-04-02,42.79539823008471,43.13325663716432,42.157221238934326,42.42,190387.824,0.02280701754388234,-0.384615384611144
2001-04-03,42.422966934759394,42.46050938337422,41.85983020553692,42.01,137771.28,0.014159292035421439,-0.6874999999926165
2001-04-04,42.040433212992596,42.34072202165683,41.28971119133202,41.59,133925.7328,0.02500000000002315,-0.42857142856744734
2001-04-05,41.372115211517425,41.70999999999624,41.146858685864885,41.71,131065.44769999999,0.013611615245032791,0.6000000000056143
2001-04-06,41.74540834845356,41.85803085299076,41.29491833030478,41.37,86809.2786,0.01348920863311721,-0.666666666658812
2001-04-09,41.365072727268966,41.40260909090532,40.914636363632646,41.29,107324.25,0.01179673321236494,-0.15384615383814917
2001-04-10,41.294594594590876,41.93278378378001,41.294594594590876,41.67,68844.42,0.015454545454569356,0.5882352941226052
2001-04-11,41.74276923076545,41.93046153845774,41.29230769230395,41.48,69508.8095,0.015287769784196326,-0.4117647058758183
2001-04-12,41.48046660566867,41.66816102469884,40.91738334857814,41.03,125625.59449999999,0.01809954751133585,-0.599999999994202
2001-04-13,41.07033149170893,41.145414364637105,40.657375690604,40.77,133623.5034,0.011882998171870541,-0.6153846153756571
2001-04-16,40.99215258855213,41.93061762034133,40.917075386008996,41.33,124345.1784,0.02472527472529855,0.3333333333367106
2001-04-17,41.48062442607517,41.66831955922483,40.72984389347652,40.88,126778.6575,0.022624434389163825,-0.6399999999953201
2001-04-18,40.88329906541674,41.14609345794009,40.16999999999625,40.17,147619.55399999997,0.02387511478422971,-0.7307692307646333
2001-04-19,40.08912087911721,40.98999999999624,39.5260714285678,40.99,186341.93759999998,0.03651685393260836,0.6153846153867577
2001-04-20,40.921013133204426,40.921013133204426,39.83228893057788,40.02,99931.8502,0.026605504587179855,-0.8275862068923454
2001-04-23,39.795256166979144,39.795256166979144,39.41982922200765,39.57,88791.7004,0.009433962264175649,-0.599999999988405
2001-04-24,39.56982986767111,39.98279773156522,39.56982986767111,39.72,75191.002,0.0104364326375964,0.36363636364458185
2001-04-25,39.71492452829814,40.61583018867542,39.602311320750985,39.79,82451.67599999999,0.025519848771291067,0.07407407407770286
2001-04-26,39.78984962405641,40.202763157890956,39.78984962405641,39.94,47542.4992,0.010377358490590911,0.3636363636445735
2001-04-27,40.16522556390599,40.16522556390599,39.864924812026324,39.94,40804.506400000006,0.007476635514043325,-0.7499999999849918
2001-04-30,39.94294396960685,40.468509021838514,39.41737891737518,39.53,50027.082299999995,0.026315789473708454,-0.39285714285320644
2001-05-08,39.534027906973066,40.39754418604275,38.89577674418243,40.36,67403.2525,0.037986704653395605,0.5500000000021348
2001-05-09,40.35671846434732,41.10754113345145,40.35671846434732,41.07,180235.29659999997,0.0186046511628149,0.9500000000037405
2001-05-10,41.110174152150215,41.297891842342686,40.80982584784227,40.96,69820.6179,0.011872146118745578,-0.30769230768397254
2001-05-11,40.920332717186604,41.070499075781775,40.50737523104985,40.62,52789.9144,0.013761467889932369,-0.533333333325719
2001-05-14,40.6175393154449,40.6175393154449,40.24214616095835,40.58,62582.87350000001,0.009242144177473573,-0.09999999998973776
2001-05-15,40.73526413345313,41.03561631139564,40.35982391102499,40.51,57829.544499999996,0.016589861751176275,-0.3333333333272851
2001-05-16,40.54029850745891,40.61537313432457,40.089850746264915,40.24,73343.1312,0.012962962962987396,-0.5714285714203374
2001-05-17,40.20982325581022,40.92316279069387,40.05964651162418,40.36,68723.5675,0.02147525676939888,0.17391304348239625
2001-05-18,40.357879924949316,40.73330206378605,39.75720450281053,40.02,67963.6828,0.02418604651165207,-0.34615384614964856
2001-05-21,39.980321665086095,39.980321665086095,39.41721854304262,39.68,99668.758,0.01408450704227833,-0.5333333333257145
2001-05-22,39.67999999999625,39.67999999999625,39.67999999999625,39.68,0.0,2.520161290322755e-14,3.751665644813329
2001-05-23,39.41538461538082,39.56553846153465,38.739692307688586,39.04,60294.416000000005,0.020952380952405553,-0.4545454545403621
2001-05-24,39.0449136276354,39.608061420341684,39.0449136276354,39.12,105694.3322,0.014423076923102214,0.13333333333976863
2001-05-25,39.11290009698942,39.22550921435119,38.66246362754233,38.7,98770.0062,0.014395393474113309,-0.7333333333253753
2001-05-28,38.70059113300111,38.92581280787793,37.912315270932226,38.1,111756.778,0.02618816682834702,-0.5925925925883049
2001-05-29,38.107191780818184,38.595264187863144,37.99455968688473,38.37,56008.0528,0.015763546798055427,0.4375000000055253
2001-05-30,38.406679462568285,39.195086372357075,38.29404990402703,39.12,48544.696,0.023460410557210182,0.791666666669959
2001-05-31,39.1876804619789,39.41289701635809,38.84985563041012,39.0,50619.3527,0.014367816091979074,-0.3333333333260697
2001-06-01,39.22550921435119,39.22550921435119,38.54985451018055,38.7,54168.327600000004,0.017224880382800102,-0.7777777777710717
2001-06-04,38.74015564201959,39.04046692606625,38.28968871594959,38.59,77101.95319999999,0.019379844961265758,-0.19999999999474036
2001-06-05,38.66688995214941,39.41770334927852,38.40410526315422,39.23,69073.45499999999,0.02621359223303469,0.5555555555587111
2001-06-06,39.230163304511116,39.41786743515471,38.92983669548136,39.08,46915.6839,0.012440191387585096,-0.3076923076839753
2001-06-07,39.046472248350035,39.98508936970461,38.7085700846624,39.91,136308.8089,0.03269230769233246,0.6764705882377087
2001-06-08,39.78970037452811,40.39029962546439,39.414325842692946,40.09,118861.2444,0.02452830188681687,0.30769230769584316
2001-06-11,40.09525423728436,40.13279661016571,39.607203389826786,39.87,95669.3142,0.013108614232234172,-0.42857142856347713
2001-06-12,39.792782526112084,39.792782526112084,39.07951566951196,39.53,78273.5967,0.01792452830191145,-0.36842105262580366
2001-06-13,39.41982922200765,39.6826280834877,39.34474383301335,39.57,78779.43819999999,0.008571428571453767,0.4444444444542255
2001-06-14,39.608592233005865,39.72122330096702,38.5198252427147,38.67,80061.90000000001,0.03033175355452699,-0.7812499999962211
2001-06-15,38.59229428847642,38.89262342690814,38.367047434652626,38.78,63966.3557,0.013618677042827012,0.35714285714932936
2001-06-18,38.88827586206513,38.92581280787793,37.76216748768101,38.1,107569.8015,0.02992277992280463,-0.6774193548349012
2001-06-19,38.09913378247949,38.99999999999625,37.94898941289336,39.0,48974.0962,0.027586206896577366,0.8571428571456082
2001-06-20,38.85058881255752,38.96319921491276,38.212463199211165,38.25,27258.148099999995,0.019323671497609874,-0.7999999999939257
2001-06-21,38.257192982452416,38.857894736838325,38.257192982452416,38.52,24515.244,0.015701668302282916,0.4375000000055172
2001-06-22,38.47692307691938,39.41538461538082,38.32676923076555,39.04,34835.840000000004,0.028292682926854364,0.5172413793133204
2001-06-25,39.042296650713965,39.41770334927852,38.704430622005866,39.23,49731.549999999996,0.01826923076925575,0.2631578947417377
2001-06-26,39.344914285710544,39.60771428571052,39.23228571428198,39.42,54542.880000000005,0.009541984732849786,0.20000000000945273
2001-06-27,39.41260744985296,39.6002865329475,39.14985673352061,39.3,38624.353500000005,0.011428571428596546,-0.2499999999911041
2001-06-28,39.30308139534503,39.37815891472487,38.66492248061641,38.74,46082.8248,0.018147086915020243,-0.7894736842041562
2001-06-29,38.74015564201959,38.74015564201959,38.402305447467086,38.59,44188.066,0.008720930232583862,-0.44444444443202913
2001-07-02,39.230327868848676,39.230327868848676,38.667213114750375,38.93,24816.1359,0.014354066985670915,-0.5333333333257247
2001-07-03,38.702153846150125,39.03999999999625,38.439384615380916,39.04,25418.432,0.015518913676068221,0.5625000000053076
2001-07-04,39.04543689320009,39.23315533980201,38.632456310675856,38.67,22190.114,0.01538461538464058,-0.6249999999927037
2001-07-05,38.708074656184806,38.708074656184806,38.182455795674045,38.22,30555.27,0.013579049466563008,-0.9285714285625147
2001-07-06,38.21275964391314,38.475519287830025,37.91246290800812,37.95,32483.7333,0.01473477406682339,-0.466666666659174
2001-07-09,38.10261857707134,38.66571146244678,37.83984189722947,37.99,33661.852399999996,0.021674876847316327,-0.13636363635893053
2001-07-10,38.09985279685593,38.287536800781325,37.98724239450068,38.25,22890.4084,0.007881773399040929,0.5000000000108283
2001-07-11,38.250296735901266,38.28783382788939,37.91246290800812,37.95,24305.1477,0.009813542688936621,-0.7999999999878705
2001-07-12,37.84031999999621,37.915399999996204,37.464919999996255,37.54,44649.700000000004,0.011904761904787864,-0.6666666666568534
2001-07-13,37.80410050250876,37.955015075373076,37.539999999996226,37.54,22096.96,0.010978043912202003,-0.6363636363529948
2001-07-16,37.64854788877058,37.723995880531646,36.55455200823516,36.63,47380.042100000006,0.031062124248522793,-0.8709677419315073
2001-07-17,36.63773195875912,36.63773195875912,35.84536082473858,36.6,38314.03,0.021627188465526307,-0.047619047614235285
2001-07-18,36.59772961815928,37.01275541795284,36.40908152734403,36.56,18414.197699999997,0.016494845360851548,-0.06249999999364276
2001-07-19,36.67090909090531,36.97272727272346,36.40681818181443,36.52,18709.6976,0.015432098765458901,-0.2666666666595401
2001-07-20,36.784989858008444,37.19999999999623,36.40770791074682,37.2,25528.2302,0.021538461538488,0.5238095238136257
2001-07-23,37.28053333332951,37.28053333332951,36.789999999996226,36.79,24173.6625,0.013157894736868547,-0.9999999999902699
2001-07-24,36.79054054053672,36.86600831600448,36.22453222452846,36.3,25975.443,0.01743589743592407,-0.7647058823458766
2001-07-25,36.21818181817798,36.293636363632515,35.689999999996225,35.69,27216.420000000002,0.01666666666669357,-0.8749999999923045
2001-07-26,35.92008602150151,35.92008602150151,34.97680645160914,35.09,36100.647000000004,0.02626050420170769,-0.8799999999950636
2001-07-27,35.084549356219405,35.46180257510348,34.895922746777366,35.16,23283.4104,0.016129032258092507,0.1333333333397702
2001-07-30,35.083012457527175,35.083012457527175,33.30999999999623,33.31,51724.992099999996,0.050537634408629295,-0.9999999999973079
2001-07-31,33.159999999996224,33.95221843003027,33.08455062570727,33.16,34038.6597,0.026166097838482238,4.348417571890511e-12
2001-08-01,33.57951273532297,34.10772978958647,33.390863787371714,34.07,27860.349299999998,0.021348314606770644,0.6842105263200987
2001-08-02,34.10591676040111,34.25682789650908,32.70998875140239,33.54,22727.907300000003,0.04535398230091296,-0.3658536585339071
2001-08-03,33.9531772575213,34.179531772571444,33.50046822742102,33.84,14560.0143,0.0200000000000289,-0.1666666666608581
2001-08-06,33.80363636363243,33.954545454541496,32.068181818178076,32.37,26564.4522,0.05580357142859946,-0.7599999999975994
2001-08-07,32.336802325577644,32.638662790693886,32.034941860461394,32.45,28828.92,0.018669778296413166,0.18750000000592942
2001-08-08,32.479999999996224,33.12130081300428,32.366829268288924,32.48,23168.562899999997,0.023228803716638616,5.000827338431402e-12
2001-08-09,32.52223728813192,33.38999999999623,32.52223728813192,33.39,12502.129500000001,0.026682134570795588,1.0000000000031957
2001-08-10,33.31721787709125,33.92092737429789,33.204022346365015,33.77,35063.05699999999,0.021517553793913655,0.6315789473728092
2001-08-13,33.91957303370405,33.91957303370405,33.20269662920975,33.58,17333.551,0.021134593993354746,-0.4736842105203857
2001-08-14,33.54453423119713,33.77093153759441,33.50680134679759,33.62,30266.1117,0.007874015748060835,0.2857142857274886
2001-08-15,33.61364548494609,33.915451505012946,33.50046822742102,33.84,10563.969000000001,0.012345679012375129,0.5454545454623152
2001-08-16,33.656907216490985,33.77010309277963,32.826804123707575,32.94,12387.87,0.028026905829625186,-0.7599999999951949
2001-08-17,32.82773302646343,32.82773302646343,32.412669735324236,32.79,16177.8254,0.01264367816094956,-0.09090909089978642
2001-08-20,32.63680875575661,33.014112903222006,32.63680875575661,32.75,14549.6764,0.011560693641648804,0.3000000000091972
2001-08-21,32.788152793610855,33.27865450398709,32.637229190418175,33.09,6048.5813,0.019562715765277447,0.4705882352992701
2001-08-22,33.125480093672934,33.125480093672934,32.219999999996226,32.22,14899.4818,0.027334851936248013,-0.9999999999947288
2001-08-23,32.06495828366721,32.06495828366721,31.499106078661317,31.65,19800.3161,0.01764705882356007,-0.7333333333253624
2001-08-24,31.499587264147223,32.216344339618836,31.499587264147223,31.99,26081.5968,0.022754491017995062,0.6842105263201048
2001-08-27,31.87908101571561,31.992261185002178,31.049093107614144,31.2,23994.8261,0.029585798816598424,-0.7199999999952351
2001-08-28,31.018120481923972,31.54640963855041,30.489831325297526,31.32,25537.523,0.03406326034066376,0.28571428571758817
2001-08-29,31.69227110582263,32.03183115338501,31.503626634954635,31.73,21135.423300000002,0.01666666666669773,0.07142857143557635
2001-08-30,31.576821428567666,31.727726190472413,31.31273809523437,31.69,10550.4,0.013142174432528218,0.2727272727357198
2001-08-31,31.691360946741813,31.879999999996226,31.61590532544005,31.88,8343.4455,0.008333333333364452,0.7142857142973
2001-09-03,31.884929906538325,32.37546728971584,31.884929906538325,32.3,18830.972800000003,0.01538461538464643,0.8461538461598117
2001-09-04,32.03402777777407,32.71319444444066,31.996296296292595,32.6,17646.508800000003,0.02237926972912356,0.7894736842146893
2001-09-05,32.74635730858089,32.82180974477578,32.406821345703904,32.52,30126.899999999998,0.012672811059937856,-0.545454545444144
2001-09-06,32.48773255813576,32.827325581391534,32.44999999999623,32.45,18993.444,0.011614401858334697,-0.09999999998973759
2001-09-07,32.52185096153455,32.748221153842216,31.389999999996228,31.39,12219.584,0.041763341067314795,-0.8333333333299383
2001-09-10,31.19871824480009,32.82090069283685,30.67056581985789,32.67,23161.8628,0.06892382103993289,0.6842105263172296
2001-09-11,32.33628865979011,32.97773195875911,32.33628865979011,32.94,23080.2867,0.019836639439937045,0.9411764705926488
2001-09-12,32.75375586854075,32.75375586854075,30.829284037555066,32.15,19931.006400000002,0.05875576036869218,-0.31372549019395296
2001-09-13,32.07226792009024,32.29866039952617,32.07226792009024,32.11,6663.8405999999995,0.007058823529442682,0.16666666668258567
2001-09-14,32.25681818181433,32.25681818181433,31.539999999996226,31.54,13434.519999999999,0.022222222222252817,-0.9999999999933414
2001-09-17,31.16596794080997,31.505548705298214,30.59999999999623,30.6,23998.138799999997,0.029055690072670403,-0.6249999999951448
2001-09-18,30.636809815947156,31.504601226989998,30.56134969324778,30.75,11407.718,0.030788177339933158,0.12000000000387757
2001-09-19,30.787246376807875,31.315458937194286,30.67405797101079,31.24,9947.4264,0.020833333333365116,0.7058823529459577
2001-09-20,31.244530120478156,31.999228915658794,30.942650602405905,31.32,9209.182,0.033816425120804,0.07142857143208173
2001-09-21,31.311800486614196,31.311800486614196,31.00999999999623,31.01,8968.02,0.009638554216899072,-0.9999999999841851
2001-09-24,30.93636363635983,31.238181818177974,30.709999999996228,30.71,10642.887200000001,0.01707317073173887,-0.4285714285634652
2001-09-25,30.78227662178326,31.121787025699987,30.78227662178326,30.82,6807.5708,0.01102941176473799,0.11111111112188755
2001-09-26,30.8664039408829,31.13054187191735,30.60226600984845,30.64,9016.041999999998,0.017114914425459773,-0.42857142856347624
2001-09-27,30.559550561793934,30.823645443192156,30.144544319596733,30.22,14589.414,0.02222222222225429,-0.49999999999370265
2001-09-28,30.409111675123047,30.409111675123047,29.616814720808424,29.73,17590.839200000002,0.0260545905707517,-0.8571428571370132
2001-10-08,29.808247422676576,30.22329896906827,29.24226804123335,29.28,11228.72,0.032911392405095635,-0.538461538457149
2001-10-09,29.278163265302386,29.768647959179876,29.24043367346566,29.58,5730.569600000001,0.018041237113435554,0.5714285714346354
2001-10-10,29.431034482754715,29.468766578245425,28.449999999996226,28.45,10099.528400000001,0.034615384615417334,-0.9629629629583147
2001-10-11,28.374120805365315,28.864630872479346,28.109999999996226,28.11,18004.713,0.02659574468088534,-0.3499999999945327
2001-10-12,28.10507712081901,29.61407455012473,27.916452442155798,29.35,31036.5206,0.06040268456379179,0.7333333333351238
2001-10-15,29.354047919290124,30.297301387133633,29.08993694829394,29.92,25290.911099999998,0.04113110539849015,0.4687500000027349
2001-10-16,30.179028132988467,30.179028132988467,29.46227621482999,29.5,8595.353000000001,0.02375000000003234,-0.9473684210460456
2001-10-17,29.50227330778678,29.728633461043454,29.426819923367887,29.54,9012.4083,0.010230179028166515,0.12500000001208836
2001-10-18,29.542322834641794,29.617782152227083,28.674540682410935,28.75,7927.3146,0.03192848020437498,-0.8399999999951132
2001-10-19,28.489999999996225,28.98055629138689,27.96170860926782,28.49,20492.965,0.03576158940400734,3.703185464421061e-12
2001-10-22,28.489999999996225,29.13149668873786,28.112649006618792,28.49,19884.963499999998,0.03576158940400734,3.703185464421061e-12
2001-10-23,30.935018050537792,31.34999999999623,29.80324909746934,31.35,66035.16570000001,0.050000000000030666,0.26829268292909697
2001-10-24,31.994541176466825,32.71139999999615,31.504058823525703,32.07,109239.025,0.037735849056633755,0.06250000000307289
2001-10-25,31.312713936426494,31.61452322738,30.746821515888662,30.86,37017.8538,0.027710843373525106,-0.5217391304298375
2001-10-26,30.75305755395315,31.50773381294586,30.639856115104237,31.47,27157.125,0.028220858895737184,0.8260869565251305
2001-10-29,31.430415676955885,32.14731591448549,31.430415676955885,31.77,22179.037800000002,0.022809123649490805,0.4736842105309219
2001-10-30,31.50090252707202,32.06678700360625,31.161371841151485,31.35,55760.100000000006,0.028742514970090748,-0.16666666666231417
2001-10-31,31.23592814370883,31.499999999996227,30.745508982032245,31.5,15220.964499999998,0.024154589372011943,0.35000000000454223
2001-11-01,31.692705882349212,32.296376470584434,31.61724705881981,32.07,34855.355,0.021428571428602237,0.5555555555602955
2001-11-02,32.07185273158764,32.2982422802812,31.505878859853738,31.77,20238.2278,0.024705882352971713,-0.380952380947137
2001-11-05,31.508674698791378,31.508674698791378,31.018120481923972,31.32,12022.384000000002,0.015568862275480174,-0.3846153846068982
2001-11-06,31.395469879514287,31.508674698791378,31.018120481923972,31.32,12052.098,0.01562500000003118,-0.1538461538381445
2001-11-07,31.310314465404865,31.310314465404865,29.989999999996225,29.99,29635.374,0.04216867469882579,-0.9999999999963849
2001-11-08,29.616354556800292,30.559550561793934,28.97498127340462,30.22,25233.7428,0.05350318471340774,0.3809523809545243
2001-11-09,30.29499999999627,30.860909090905295,29.99318181817813,30.71,16748.3756,0.028642590286457957,0.47826086956902325
2001-11-12,30.678285356692033,30.678285356692033,29.433041301623348,30.15,11124.477,0.04059040590409048,-0.4242424242390549
2001-11-13,29.58165853658176,31.128658536581572,29.58165853658176,30.94,25543.737999999998,0.05229591836737901,0.8780487804896758
2001-11-14,30.935912938327576,31.87908101571561,30.935912938327576,31.2,35565.4658,0.030487804878080053,0.2800000000037047
2001-11-15,30.936363636359935,31.766363636359838,30.936363636359935,31.54,17510.1872,0.02682926829271444,0.7272727272763945
2001-11-16,33.95789473683813,33.99562573099017,31.543111111107415,32.26,94023.58050000001,0.0722222222222496,-0.6923076923058695
2001-11-19,32.52546511627529,32.67639534883342,32.072674418600926,32.45,47523.083999999995,0.01856148491882377,-0.12499999999354489
2001-11-20,32.44907407407032,32.826388888885084,32.29814814814441,32.6,63260.5248,0.016279069767471906,0.285714285720897
2001-11-21,32.636379511055566,32.900488940624804,32.25908032595666,32.41,45532.154,0.019653179190781484,-0.3529411764641511
2001-11-22,32.40455284552469,32.819512195118136,32.253658536581625,32.48,34505.0916,0.017462165308528316,0.13333333333976213
2001-11-23,32.52044758539075,32.595901060066836,31.765912838629944,32.03,36420.147300000004,0.02552204176337119,-0.5909090909038246
2001-11-26,32.034121140138716,32.034121140138716,31.543610451302662,31.77,19441.4432,0.015312131919936734,-0.538461538452746
2001-11-27,31.80946261681871,32.639602803734505,31.658528037379476,32.3,38515.3776,0.030842230130516932,0.5000000000033361
2001-11-28,32.37546728971584,32.450934579435454,32.07359813083737,32.3,52205.04320000001,0.01165501165504217,-0.19999999998947476
2001-11-29,32.29906976743811,32.86505813953107,32.29906976743811,32.45,42183.602,0.017523364486011796,0.2666666666728525
2001-11-30,32.45171624713587,33.01773455377196,32.45171624713587,32.98,78213.9104,0.01744186046514649,0.9333333333383578
2001-12-03,33.01318807339071,33.16410550458335,32.74908256880358,32.9,44243.361600000004,0.012571428571458423,-0.2727272727175261
2001-12-04,32.90185185184804,32.90185185184804,32.41134259258884,32.6,57703.1904,0.014908256880763976,-0.615384615375661
2001-12-05,32.376408450700424,32.82922535210882,32.036795774644126,32.15,30909.5376,0.024475524475554584,-0.2857142857091639
2001-12-06,31.989593495931246,32.479999999996224,31.876422764223936,32.48,37496.8944,0.01886792452833258,0.812500000004895
2001-12-07,33.24134311512041,34.33555304740019,33.24134311512041,33.43,290574.15479999996,0.03291713961410386,0.1724137931067337
2001-12-10,33.42957810717977,33.42957810717977,32.82588369440903,33.09,43179.095,0.018058690744950427,-0.5624999999928162
2001-12-11,33.09050925925543,33.50555555555168,32.56226851851475,32.6,35340.883200000004,0.028506271379733005,-0.5199999999954426
2001-12-12,32.484098360651934,32.78592505854417,32.182271662759696,32.22,31384.499999999996,0.018583042973317213,-0.437499999993025
2001-12-13,32.261865407316144,32.56373081463606,31.922266824081238,31.96,27650.315000000002,0.019883040935702836,-0.47058823528750154
2001-12-14,31.961493975899764,31.961493975899764,31.319999999996227,31.32,32038.996000000003,0.020070838252687066,-0.9999999999925596
2001-12-17,31.35044009779568,31.61452322738,30.822273838627037,30.86,22396.84,0.02527075812277492,-0.6190476190420747
2001-12-18,30.75397590361075,31.54640963855041,30.75397590361075,31.32,16250.072,0.02576687116567574,0.71428571428958
2001-12-19,31.38634382566206,31.574963680383583,31.00910411621901,31.16,14073.387999999999,0.01802884615387719,-0.3999999999926317
2001-12-20,31.1306962025277,31.1306962025277,29.696797468350667,29.81,33310.429000000004,0.04606060606063675,-0.9210526315756712
2001-12-21,29.885857321648324,30.414142678344128,29.885857321648324,30.15,15091.3522,0.017676767676800553,0.5000000000061955
2001-12-24,30.376576576572674,30.414311454307544,29.244530244526484,29.32,16822.05,0.03850931677021802,-0.9032258064476196
2001-12-25,29.314544287544372,29.540911424899928,29.050449293962895,29.39,17743.6725,0.016731016731050166,0.1538461538535418
2001-12-26,29.80773130544616,29.95865652724589,29.241761723697184,29.77,10591.220399999998,0.024050632911425136,-0.05263157894203597
2001-12-27,29.810553410549577,30.036962676958815,29.319999999996227,29.32,14529.9,0.024050632911425247,-0.684210526309573
2001-12-28,29.31906530089253,29.809603072979538,29.31906530089253,29.47,12492.407399999998,0.016731016731050413,0.3076923076993759
2001-12-31,29.6190747781965,29.95865652724589,29.6190747781965,29.77,15149.9046,0.011464968152899746,0.44444444445424286
2002-01-04,30.111062176161905,30.111062176161905,29.09226683937447,29.13,12095.3872,0.03383458646619755,-0.9629629629583158
2002-01-07,29.056026490062376,29.056026490062376,28.376794701982995,28.49,12820.2775,0.023376623376657017,-0.8333333333265508
2002-01-08,28.412267904505516,29.393302387264004,28.412267904505516,28.45,10910.38,0.03452855245687322,0.03846153846534462
2002-01-09,28.449999999996226,28.638660477449783,28.29907161803338,28.45,11950.9,0.011936339522581201,1.1110440823527169e-11
2002-01-10,28.486730769227115,29.807307692303873,28.298076923073296,29.43,29697.642,0.05298013245036441,0.6250000000020863
2002-01-11,29.431999999996076,29.431999999996076,28.299999999996228,28.3,16437.75,0.038461538461571125,-0.9999999999957835
2002-01-14,28.22241134751373,28.22241134751373,26.52453900708844,26.6,32466.4485,0.060160427807519956,-0.9555555555527713
2002-01-15,26.412912912908943,26.488378378374396,25.092267267263498,25.13,24447.2616,0.05285714285717859,-0.9189189189155587
2002-01-16,25.128160237384996,25.95821958456588,24.599940652815338,25.43,17324.496000000003,0.05405405405409184,0.2222222222248352
2002-01-17,25.427677100490044,25.427677100490044,22.899999999996226,22.9,21445.31,0.09940652818994644,-0.9999999999981116
2002-01-18,22.679447415325726,22.679447415325726,20.603957219247665,21.17,54135.658500000005,0.09151414309488197,-0.727272727270558
2002-01-21,21.133079847904728,21.133079847904728,19.170722433456433,19.85,33286.752799999995,0.09285714285718574,-0.6538461538438974
2002-01-22,19.58452975047609,20.376967370437548,19.24491362763546,19.66,19638.8866,0.05780346820814076,0.06666666666993876
2002-01-23,19.65465608465262,21.42772486772109,19.428306878303452,21.39,29586.400200000004,0.10172744721693631,0.8679245283033397
2002-01-24,21.202290598286975,22.5227179487141,20.560940170936657,22.07,58044.87,0.09252669039150187,0.4423076923093895
2002-01-25,21.126837606833995,22.598170940167076,21.01365811965453,22.07,52041.01499999999,0.07500000000004367,0.5952380952401022
2002-01-28,21.881818181814037,21.881818181814037,19.882272727268962,19.92,38644.7424,0.09137931034486908,-0.9811320754693198
2002-01-29,19.614705882349334,20.74632352940795,19.16205882352589,20.52,30376.144000000004,0.08076923076927754,0.5714285714305932
2002-01-30,20.527944250867506,22.452439024386333,20.30153310104176,21.66,55245.204000000005,0.10477941176474954,0.5263157894751926
2002-01-31,21.884828711252545,23.394127243063068,21.809363784662022,23.13,99959.0902,0.07241379310349064,0.7857142857161717
2002-02-01,22.974069767438046,23.35131229235493,22.67227574750454,22.71,61767.24679999999,0.029556650246347876,-0.38888888888275863
2002-02-04,22.636799999996377,23.693183999996208,22.44815999999641,23.58,45312.0625,0.05500000000004165,0.7575757575781803
2002-02-05,23.651392405059546,24.217215189869584,23.387341772148197,23.84,60664.22640000001,0.0350877192982864,0.22727272727700182
2002-02-06,23.77437603992949,23.84985024958006,22.37810316139395,22.68,52482.0245,0.06190476190480145,-0.7435897435866738
2002-02-07,22.559574468081415,23.35180032732842,22.521849427164888,23.05,28995.371600000002,0.03678929765890562,0.5909090909129234
2002-02-08,23.20831946755022,23.510216306152497,22.642262895170944,22.68,28933.943,0.03739837398378131,-0.6086956521688683
2002-02-25,23.392270531397198,23.694106280189423,22.826328502411783,23.43,33983.0451,0.03709677419358963,0.043478260873863875
2002-02-26,23.430428571424855,23.769999999996227,23.128587301583632,23.77,35359.002,0.027375201288286178,0.5294117647109363
2002-02-27,23.80590909090536,24.334090909087095,23.80590909090536,24.07,54291.566999999995,0.02218700475439925,0.5000000000061967
2002-02-28,24.146372239743826,24.636845425863623,23.69362776024863,23.92,38914.92,0.03906250000003972,-0.23999999999574484
2002-03-01,23.76911764705494,23.76911764705494,23.0522712418263,23.09,25813.976400000003,0.03015873015877093,-0.9473684210460496
2002-03-04,22.636799999996377,23.655455999996214,22.636799999996377,23.58,22492.375,0.04500000000004218,0.9259259259287203
2002-03-05,23.39531249999634,24.41414062499618,23.39531249999634,24.15,54931.39200000001,0.043548387096815015,0.7407407407437216
2002-03-06,24.26266462480486,25.470137825417233,24.187197549766587,24.64,97671.2343,0.05287713841372488,0.2941176470615366
2002-03-07,24.714432989687083,25.657731958759108,24.714432989687083,25.62,93372.1418,0.038167938931336576,0.9600000000029835
2002-03-08,25.883120567372217,26.713191489357914,25.581276595741056,26.6,158844.114,0.043731778425692855,0.6333333333361081
2002-03-11,26.603038674029474,27.357734806626056,26.112486187841697,27.32,118742.4436,0.04680851063833373,0.5757575757601444
2002-03-12,27.317831669040324,27.317831669040324,26.412268188298654,26.45,116812.32669999999,0.033149171270753675,-0.9583333333281057
2002-03-13,26.44729446935329,26.44729446935329,25.202272047828814,25.24,92513.2002,0.04707560627678357,-0.9696969696931576
2002-03-14,24.897486033516074,27.085446927370516,24.708868715080346,27.01,125351.1224,0.09545454545458176,0.8888888888901039
2002-03-15,26.904858420264247,27.16900149030892,25.13132637853575,25.32,136885.4091,0.07573632538572861,-0.7777777777755445
2002-03-18,26.030428360409747,26.40768094534322,25.275923190542795,25.54,77662.93509999999,0.04347826086960202,-0.4333333333296196
2002-03-19,25.84273381294592,26.257726618701255,25.465467625895613,26.22,58287.843,0.0306569343066069,0.4761904761946381
2002-03-20,26.33089337175413,26.70812680114889,25.651873198843564,26.18,78152.034,0.0401146131805523,-0.1428571428534346
2002-03-21,26.25775372124137,27.91772665764169,26.25775372124137,27.88,305903.87700000004,0.06321839080463347,0.9772727272744098
2002-03-22,27.84225941422206,27.84225941422206,26.785913528587617,27.05,167337.4035,0.03794037940382864,-0.7499999999957182
2002-03-25,27.012727272723556,27.50318181817803,26.824090909087218,27.39,57363.7284,0.02513966480450529,0.5555555555602899
2002-03-26,27.207355836845675,27.77338959211986,26.67905766525644,26.83,75316.6566,0.04022191400835706,-0.3448275862031293
2002-03-27,26.59993122420542,27.543191196694973,26.59993122420542,27.43,69254.81970000001,0.035460992907837656,0.8800000000030668
2002-03-28,27.424958100554825,27.462681564241976,26.859106145247644,27.01,67513.1436,0.022008253094946355,-0.6874999999925989
2002-03-29,26.97975146198436,27.168421052627608,25.58359649122433,25.81,83145.1932,0.05874125874129363,-0.7380952380923926
2002-04-01,25.807730600289048,26.185036603217252,25.279502196189565,25.77,50616.9934,0.03508771929828306,-0.04166666666245538
2002-04-02,25.659214501506696,26.036555891234737,24.715861027186598,24.98,75689.8362,0.05147058823533111,-0.5142857142824658
2002-04-03,25.01039999999615,25.61396923076529,24.33138461538087,24.52,58620.575,0.051282051282089264,-0.3823529411732292
2002-04-04,24.521418020675846,25.61545051698292,24.521418020675846,25.54,45989.0839,0.04461538461542357,0.9310344827612179
2002-04-05,25.658666666662864,25.885066666662834,25.281333333329588,25.47,38564.775,0.023529411764744004,-0.31249999999323075
2002-04-08,25.466814159288276,25.73091445427349,25.24044247787238,25.58,27208.2756,0.019259259259297747,0.23076923077645561
2002-04-09,25.58307030128758,26.337733142033528,25.469870875175687,26.3,51984.838899999995,0.03392330383484614,0.8260869565251294
2002-04-10,26.263589743586003,26.527735042731265,26.03717948717578,26.49,70893.01439999999,0.01867816091957756,0.46153846154520917
2002-04-11,26.481786743512032,27.085360230543646,26.142276657056748,26.18,77006.587,0.03561253561257214,-0.3199999999956576
2002-04-12,26.03717948717578,26.829615384611564,26.03717948717578,26.49,45417.7854,0.030434782608732856,0.5714285714326077
2002-04-15,26.71641025640645,26.829615384611564,26.03717948717578,26.49,28691.3016,0.02966101694918883,-0.28571428570916646
2002-04-16,26.41279069767058,26.450523255810108,25.73360465115905,25.96,29967.147199999996,0.02714285714289388,-0.6315789473622789
2002-04-17,25.841376811590457,26.105449275358534,25.50185507246007,26.03,24482.58,0.023357664233614447,0.31250000000573463
2002-04-18,26.143604135889785,26.219054652876483,25.46454948300953,25.54,24835.8804,0.02886002886006614,-0.7999999999939345
2002-04-19,25.091752577315894,25.657731958759108,24.903092783501485,25.62,37545.9161,0.03007518796996354,0.7000000000040694
2002-04-22,25.622264705878585,25.69773529411387,25.05623529411396,25.66,18965.948,0.025036818851289996,0.05882352941755484
2002-04-23,25.690901033969617,25.841802067943007,25.46454948300953,25.54,14905.779799999998,0.014684287812079535,-0.39999999998893854
2002-04-24,25.58509745127053,25.58509745127053,24.905847076458038,25.17,12823.875399999999,0.026548672566409793,-0.6111111111046583
2002-04-25,25.161383928567687,25.34999999999623,24.897321428567725,25.35,14599.3344,0.01799100449779012,0.4166666666740765
2002-04-26,25.46277372262402,26.028613138682335,25.274160583937917,25.84,33447.3855,0.029629629629667843,0.5000000000043335
2002-04-29,26.1081714285677,26.409999999996227,25.768614285710605,26.41,39613.700000000004,0.024566473988476653,0.4705882352992636
2002-04-30,26.41091954022609,26.71275862068582,26.14681034482383,26.26,39749.3256,0.021428571428608496,-0.2666666666595242
2002-05-08,26.263203463199673,26.37640692640312,25.961327561323813,26.15,20699.3556,0.015804597701186994,-0.2727272727175259
2002-05-09,26.06819742488897,26.596351931326666,25.95502145922375,26.37,34679.9763,0.024602026049241565,0.4705882352992705
2002-05-10,26.415094339618808,26.415094339618808,25.924528301883033,26.0,26480.6126,0.01857142857146561,-0.8461538461444341
2002-05-13,25.770419075140786,26.109999999996226,25.46856936415817,26.11,21360.656000000003,0.0248901903367874,0.5294117647109372
2002-05-14,25.95591366906101,26.408633093521377,25.95591366906101,26.22,28256.893,0.0174418604651541,0.5833333333403808
2002-05-15,25.997732558135755,26.375058139531053,25.69587209301952,25.96,17581.427200000002,0.026124818577686337,-0.0555555555499157
2002-05-16,25.802584615380642,25.878030769226786,24.33138461538087,24.52,41935.855,0.059941520467872725,-0.8292682926799492
2002-05-17,24.51960784313356,25.085444947205875,24.255550527899814,25.01,39986.5908,0.03384615384619335,0.5909090909129203
2002-05-20,25.090780141840415,27.052765957442972,24.902127659570937,26.6,480098.937,0.08571428571432214,0.7017543859663397
2002-05-21,26.97971014492398,29.281475625819592,26.60237154149847,28.64,652955.2524,0.09930069930073265,0.6197183098603327
2002-05-22,28.594552631575187,29.27357894736457,27.915526315785804,28.67,506926.30799999996,0.047493403693964584,0.055555555558292294
2002-05-23,28.675792141948204,30.147313054495548,28.373941698348748,29.77,446468.3529,0.061842105263190734,0.6170212765975227
2002-05-24,29.61544021024578,29.804073587381104,28.48363994743384,28.71,310507.8621,0.04458598726117878,-0.6857142857109081
2002-05-27,28.75359374999626,29.168671874996203,28.074374999996348,28.98,189349.248,0.03805774278218562,0.2068965517273949
2002-05-28,28.865999999996152,29.394266666662748,28.22453333332957,28.3,140127.82499999998,0.040522875817026696,-0.4838709677382963
2002-05-29,28.224670329666452,28.375604395600494,27.35679945054569,27.47,143474.604,0.03609625668452608,-0.7407407407363116
2002-05-30,27.50102730818888,29.123172951881777,27.123784135237045,29.01,253232.469,0.0727023319616249,0.7547169811335863
2002-05-31,28.980942408373167,29.433769633504,28.603586387430813,28.83,268378.302,0.028645833333366746,-0.1818181818134165
2002-06-03,28.639190283396943,28.639190283396943,27.394008097162292,27.96,125209.21530000001,0.043478260869598655,-0.5454545454510742
2002-06-04,27.76817204300702,28.44728494623273,27.466344086017813,28.07,99777.39360000001,0.035326086956556355,0.307692307695842
2002-06-05,28.06813559321638,28.06813559321638,26.59682203389455,26.71,121323.6588,0.052419354838743513,-0.9230769230737326
2002-06-06,26.413333333329813,29.016933333329465,24.262533333330097,28.3,323278.57499999995,0.18000000000003114,0.3968253968261066
2002-06-07,27.540473061757222,29.879526938235234,27.087752956632446,28.71,500208.57229999994,0.1013698630137313,0.4189189189201204
2002-06-10,28.599507133589025,29.693683527882012,28.222204928660414,29.09,328521.9435,0.051451187335125485,0.33333333333567244
2002-06-11,29.16588461538088,29.580923076919284,28.788576923073233,29.43,226802.78399999999,0.02716688227687677,0.33333333333767146
2002-06-12,29.42406209572711,29.87673997412291,28.82049159119937,29.16,189842.92520000003,0.0358974358974687,-0.24999999999618872
2002-06-13,29.168833780156948,29.395241286859328,28.112265415545828,28.15,146533.05,0.04398447606730312,-0.7941176470552652
2002-06-14,27.995459459455677,28.67459459459072,27.61816216215843,27.92,112986.456,0.0377358490566381,-0.07142857142493189
2002-06-17,27.728656914889932,28.407726063826015,27.540026595741022,28.37,74779.1808,0.031292517006837724,0.7391304347861017
2002-06-18,28.451190781046293,29.73413572342769,28.375723431494443,29.47,300770.5976,0.04774535809021929,0.7500000000022227
2002-06-19,29.469999999996226,29.469999999996226,29.469999999996226,29.47,0.0,3.39328130302034e-14,3.772981926886132
2002-06-20,29.054533678752712,29.77146373056609,28.86586787564393,29.13,158265.5584,0.03116883116886448,0.08333333333740826
2002-06-21,29.241676942043252,31.12823674475572,29.053020961772006,30.6,469603.46749999997,0.07096774193551567,0.6545454545469567
2002-06-24,33.649999999996226,33.649999999996226,32.14103139013093,33.65,859663.3052,0.04484304932738257,2.5003713809662572e-12
2002-06-25,33.770409292031665,36.10981194689867,32.90256637167778,34.11,931503.9287999999,0.09497206703913305,0.10588235294231872
2002-06-26,33.95232936077638,35.27269772480658,33.19783315275913,34.82,446845.4367,0.06111111111113877,0.4181818181834372
2002-06-27,34.70725274724893,35.08450549450164,33.95274725274352,34.33,253666.868,0.03260869565220188,-0.33333333332970294
2002-06-28,34.411015801350516,34.56194130925118,32.864029345368756,33.43,431106.95619999996,0.04934210526318549,-0.5777777777752144
2002-07-01,33.3863481228631,33.95221843003027,32.669579067118015,33.16,163603.4355,0.03841807909607405,-0.17647058823221887
2002-07-02,33.16183606557014,34.55772677595251,33.04865573770131,34.52,193387.90350000001,0.04550625711038143,0.9000000000019089
2002-07-03,34.55587125415821,34.63132075471314,33.61275249722158,33.99,189197.0256,0.029475982532779058,-0.5555555555513121
2002-07-04,33.99227272726886,34.14318181817794,33.01136363635988,33.2,107317.05600000001,0.033296337402914385,-0.6999999999960379
2002-07-05,33.122747747744015,33.57545045044667,32.93412162161791,33.5,76278.4008,0.019362186788184445,0.5882352941226188
2002-07-08,33.65588431590282,33.95773081200957,32.8635372636226,33.92,100140.59890000001,0.032511210762360604,0.2413793103480585
2002-07-09,33.954545454541595,34.02999999999613,33.19999999999623,33.2,57569.68800000001,0.02444444444447297,-0.9090909090852711
2002-07-10,33.200461361011165,33.42682814301806,32.521361014990475,32.71,126567.3477,0.02727272727275669,-0.5416666666618983
2002-07-11,32.74455172413417,33.423586206892715,32.66910344827211,32.82,69978.537,0.023041474654407746,0.10000000000486539
2002-07-12,32.820477815695924,33.197724687140706,32.669579067118015,33.16,64581.3606,0.01609195402301843,0.6428571428630666
2002-07-15,33.20044994375329,33.57772778402322,32.6722609673754,33.54,89684.3647,0.027272727272756557,0.37500000000375666
2002-07-16,33.54453423119713,34.412390572386705,33.54453423119713,33.62,153321.76530000003,0.02587176602927524,0.08695652174337558
2002-07-17,33.61681208053315,33.767729306483915,33.01314317673009,33.73,51168.984000000004,0.0224466891133847,0.15000000000479988
2002-07-18,33.72592674805397,34.254073251938486,33.53730299666665,33.99,152454.6961,0.021252796420610644,0.36842105263632935
2002-07-19,34.030913140308016,34.1818262806198,33.57817371937266,33.88,64033.686,0.017738359201802587,-0.2499999999933356
2002-07-22,33.88562929061397,33.96109839816545,32.979999999996224,32.98,92046.0092,0.028953229398692326,-0.9230769230721383
2002-07-23,32.81999999999623,33.1595172413755,32.66910344827211,32.82,44117.7,0.014942528735662012,7.693466170685463e-12
2002-07-24,32.67227220299508,33.16273356401001,32.521361014990475,32.71,32828.694899999995,0.019630484988482726,0.0588235294175511
2002-07-25,32.82922535210882,33.50845070422142,32.149999999996226,32.15,57408.8676,0.04137931034485675,-0.49999999999685446
2002-07-26,32.14316807738426,32.29407496976635,31.124546553805185,31.2,96829.95659999999,0.036384976525851556,-0.8064516128993088
2002-07-29,31.160479041912435,31.537724550894424,30.820958083828643,31.5,40486.22749999999,0.023002421307537376,0.47368421053092014
2002-07-30,31.691826923073116,31.691826923073116,31.01271634615012,31.39,34752.8896,0.021428571428602276,-0.44444444443823655
2002-07-31,31.31131611315728,31.53766297662588,30.632275522751453,30.67,43993.869000000006,0.028915662650633472,-0.7083333333283797
2002-08-01,30.640389768571172,31.244141291104594,30.564920828254493,30.98,30458.361100000002,0.022167487684760994,0.5000000000048266
2002-08-02,31.4663768115904,31.4663768115904,30.824975845406904,31.24,53888.889599999995,0.02038369304559466,-0.35294117646415524
2002-08-05,31.234957160338894,31.234957160338894,30.78227662178326,30.82,20144.3605,0.014492753623219855,-0.9166666666563135
2002-08-06,30.559975961534786,31.691826923073116,30.559975961534786,31.39,38509.536,0.0370370370370687,0.7333333333360188
2002-08-07,31.38772563176518,31.689530685916765,31.312274368227282,31.35,23868.813000000002,0.012019230769262165,-0.09999999998973853
2002-08-08,31.314094775208833,31.578189550421435,31.012272174965858,31.05,19042.162500000002,0.018072289156657713,-0.46666666665918005
2002-08-09,30.789172932326967,31.053295739344478,30.109999999996226,30.11,69199.6074,0.030637254901992216,-0.7199999999952362
2002-08-12,29.99040920715729,29.99040920715729,29.424552429663756,29.5,32173.904200000004,0.01886792452833457,-0.8666666666584665
2002-08-13,29.349104859331284,29.764066496159874,29.349104859331284,29.5,23905.8182,0.01413881748075333,0.3636363636445828
2002-08-14,29.429508196717602,29.995460277423714,29.429508196717602,29.92,17027.1374,0.01923076923080268,0.8666666666717957
2002-08-15,29.99922779922394,29.99922779922394,29.282265122261357,29.32,19292.91,0.023899371069214914,-0.9473684210460517
2002-08-16,29.618158890286306,30.146380832278673,29.27858764186264,29.92,37845.76639999999,0.029299363057357683,0.3478260869604661
2002-08-19,29.614124999996296,30.330899999996205,29.614124999996296,30.18,29832.24,0.02420382165608388,0.7894736842146919
2002-08-20,30.260419235507985,30.71319358815898,30.03403205918249,30.6,38959.62899999999,0.022443890274346567,0.5000000000048166
2002-08-21,30.60186799501487,30.715068493146866,30.18679950186424,30.3,33646.422699999996,0.01726263871766474,-0.5714285714203466
2002-08-22,30.225853960392293,30.829616336629844,30.225853960392293,30.49,32828.4744,0.019975031211018762,0.4375000000055315
2002-08-23,30.75266666666294,31.318666666662875,30.563999999996295,31.13,63980.4825,0.02453987730064537,0.5000000000043323
2002-08-26,31.12823674475572,31.12823674475572,30.56226880394198,30.6,29703.9293,0.01818181818184978,-0.9333333333250182
2002-08-27,30.5963602484434,30.671813664592467,30.294546583847165,30.37,48490.22150000001,0.012330456226912907,-0.5999999999883844
2002-08-28,30.525464684011084,30.940520446092815,30.412267657988796,30.45,19006.3026,0.017305315203987558,-0.14285714284972525
2002-08-29,30.448653366579748,30.750498753113376,30.18453865336282,30.26,23066.0814,0.018587360594827837,-0.33333333332607995
2002-08-30,30.262810126578444,30.262810126578444,29.809999999996222,29.81,23389.609,0.01496259351624204,-0.9999999999894514
2002-09-02,29.809999999996222,29.960936708856963,29.621329113920297,29.81,17899.504,0.011392405063324314,1.1120289112668706e-11
2002-09-03,29.88453400503402,30.37506297228837,29.846801007552916,29.96,14491.9292,0.017676767676800653,0.14285714286401566
2002-09-04,30.036405063287333,30.111873417717703,29.734531645565852,29.81,14520.2,0.012562814070384645,-0.5999999999884017
2002-09-05,29.80361757105558,29.841343669246786,29.049095607231386,29.2,38040.165,0.026582278481045264,-0.7619047618990383
2002-09-06,29.238173455975133,29.38908015768339,28.6345466491421,28.71,34572.23,0.02580645161293652,-0.6999999999940719
2002-09-09,28.67041499330272,28.67041499330272,28.142275769741882,28.18,32434.739999999998,0.01842105263161315,-0.9285714285625289
2002-09-10,27.990492676427696,28.48089214380446,27.990492676427696,28.33,18143.033499999998,0.017520215633458257,0.6923076923139743
2002-09-11,28.299999999996228,28.45093333332954,27.960399999996273,28.3,18802.8,0.01733333333336805,7.691591316007634e-12
2002-09-12,28.300395256913266,28.979604743079182,28.111725955200512,28.64,14103.2067,0.030666666666700797,0.3913043478299881
2002-09-13,28.791880794698173,28.791880794698173,28.30132450330751,28.49,8382.614,0.017038007863730106,-0.6153846153756702
2002-09-16,28.37697135061004,28.37697135061004,27.622264665753395,27.66,22294.928,0.026595744680885245,-0.9499999999937422
2002-09-17,27.95317073170353,28.141788617882366,27.46276422763856,27.84,21508.0506,0.02429149797574329,-0.16666666666086735
2002-09-18,27.846393442619146,27.92185792349345,27.619999999996224,27.62,9648.6384,0.010840108401119557,-0.7499999999850074
2002-09-19,27.35666666666302,28.45093333332954,27.09253333332972,28.3,27570.6,0.04965517241382796,0.6944444444467088
2002-09-20,28.18460797798787,28.260068775787037,27.354539202197063,27.43,15621.412499999999,0.0321285140562593,-0.8333333333282452
2002-09-23,27.351369863009953,28.0681643835578,27.200465753420932,27.54,13419.371,0.0317241379310699,0.2173913043519206
2002-09-24,27.614550408715587,27.916348773838163,27.539100817434942,27.69,10765.4312,0.013661202185828137,0.20000000000946366
2002-09-25,27.693187414496894,27.881833105331342,27.50454172366245,27.58,13917.143499999998,0.013623978201670437,-0.2999999999892056
2002-09-26,27.810941336967556,27.810941336967556,27.207175989082234,27.66,31511.670000000002,0.021709633649967388,-0.24999999999333392
2002-09-27,27.65762599469129,28.487732095486937,27.65762599469129,28.45,117265.6238,0.03001364256483727,0.9545454545488506
2002-10-08,28.33905960264525,28.603205298009456,27.88623841059233,28.49,27921.4855,0.025299600532657646,0.21052631579444483
2002-10-09,28.480795610421332,28.480795610421332,27.462277091902955,27.5,38049.3531,0.03576158940400731,-0.9629629629583141
2002-10-10,27.244530386736567,27.848287292813833,27.20679558010674,27.32,16666.48,0.023545706371226972,0.11764705882923053
2002-10-11,27.240919220051914,27.580487465177217,27.089999999996227,27.09,18215.66,0.01800554016624105,-0.3076923076839842
2002-10-14,26.859516358459903,26.897240398289203,25.727795163580975,26.52,39425.7163,0.0435393258427323,-0.29032258064168437
2002-10-15,26.52598837208917,26.52598837208917,25.959999999996228,25.96,19174.56,0.021337126600321433,-0.9999999999915671
2002-10-16,25.918187050355982,26.59726618704653,25.918187050355982,26.22,24608.2125,0.02620087336248287,0.44444444444934716
2002-10-17,26.41194029850352,26.41194029850352,25.12907462686192,25.28,23508.625,0.04857142857146456,-0.882352941172841
2002-10-18,25.273668639049514,25.764053254434057,25.12278106508504,25.5,20691.6164,0.02537313432839676,0.35294117647592244
2002-10-21,25.61772861356554,25.88182890855075,25.127256637164432,25.58,10139.829,0.02945508100151064,-0.04999999999493099
2002-10-22,25.695363766044835,26.71412268187921,25.695363766044835,26.45,28614.048899999998,0.03964757709254835,0.740740740743719
2002-10-23,26.52137005649343,26.709999999996228,26.030932203386158,26.71,19484.9388,0.025604551920378006,0.2777777777829237
2002-10-24,26.67180257510348,26.67180257510348,26.256824034331007,26.37,16866.87,0.015558698727052496,-0.7272727272618812
2002-10-25,26.110930232554345,26.488255813949635,25.65813953487999,25.96,19077.552,0.03179190751448791,-0.18181818181341766
2002-10-28,25.65813953487999,26.148662790693873,25.469476744182344,25.96,14390.139200000001,0.026470588235332035,0.44444444444935044
2002-10-29,25.999617647055,26.112823529407926,24.905294117643397,25.66,38292.772,0.04644412191585674,-0.2812499999966421
2002-10-30,25.6522760646071,26.029515418498384,25.27503671071582,25.69,14994.053699999999,0.02941176470592027,0.050000000004933806
2002-10-31,25.68999999999623,25.68999999999623,25.68999999999623,25.69,0.0,3.892565200467528e-14,3.772981926886132
2002-11-01,25.584529411760947,25.848676470584433,25.282647058819812,25.66,9448.464,0.022123893805347888,0.13333333333975889
2002-11-04,25.651002865325836,26.329999999996225,25.651002865325836,26.33,19307.727000000003,0.026470588235332056,1.000000000004084
2002-11-05,26.413073713487286,27.318664812235422,26.33760778859161,27.13,54270.9109,0.037142857142893615,0.7307692307723309
2002-11-06,27.12358463726499,27.199032716923583,26.40682788050833,26.52,49022.9317,0.0292072322670734,-0.7619047618990382
2002-11-07,26.523624823691605,26.97637517630085,26.523624823691605,26.75,27498.0687,0.017069701280264582,0.5000000000072291
2002-11-08,27.128301610537758,27.241493411416215,25.656808199117766,25.77,33281.633799999996,0.05841446453410978,-0.8571428571399372
2002-11-11,25.657731958759108,25.884123711336397,25.469072164944702,25.62,20157.1335,0.01617647058827376,-0.0909090908997776
2002-11-12,25.65312977098845,25.76630534350752,24.709999999996228,24.71,20575.777000000002,0.041176470588272736,-0.892857142852724
2002-11-13,24.520897832813542,24.63407120742653,23.76640866872697,24.37,31653.4832,0.03538461538465484,-0.17391304347371164
2002-11-14,24.4520388349475,24.4520388349475,23.319999999996227,23.32,20089.635,0.04629629629633534,-0.9999999999957837
2002-11-15,23.32094462540337,23.88698697068015,22.83037459283016,23.17,28399.0964,0.04530744336573673,-0.14285714285343729
2002-11-18,23.0122749590797,23.35180032732842,22.861374795413603,23.05,12699.940500000002,0.021311475409878725,0.07692307693061894
2002-11-19,23.31681159419914,23.505458937194284,22.90178743960984,23.43,12933.6291,0.02588996763758221,0.18750000000594388
2002-11-20,23.426256323773455,23.426256323773455,22.219106239456625,22.37,24500.8031,0.05152979066026597,-0.8749999999961503
2002-11-21,22.375160714281716,22.375160714281716,21.129999999996226,21.13,32768.623999999996,0.05564924114675376,-0.9999999999961667
2002-11-22,20.375357142853506,21.84691071428181,20.375357142853506,21.13,30009.728,0.07222222222226761,0.5128205128227277
2002-11-25,21.131327433624577,21.69734513273952,20.565309734509636,21.32,13617.799500000001,0.05357142857147321,0.16666666666985497
2002-11-26,21.27634408601769,21.804480286734446,20.748207885300943,21.05,14396.4,0.0496453900709667,-0.2142857142819375
2002-11-27,21.04873043477895,21.878608695648367,20.67151304347467,21.69,30723.975000000002,0.05734767025094065,0.5312500000026864
2002-11-28,21.502360876893512,22.445446880266033,21.46463743675861,22.37,30129.0847,0.04561403508776361,0.8846153846183263
2002-11-29,22.48227805694766,23.198994974870487,22.10505862646196,22.52,63203.793,0.048657718120847654,0.034482758624104215
2002-12-02,22.746208695648217,22.8593739130395,21.6522782608658,21.69,23338.675,0.053067993366542436,-0.874999999996149
2002-12-03,21.655903614454107,22.070912220306013,21.504991394144323,21.92,18497.9942,0.026132404181229533,0.4666666666725074
2002-12-04,21.91683219177707,22.407226027393424,21.91683219177707,22.03,20095.44,0.022375215146344152,0.23076923077645564
2002-12-05,22.03272727272342,22.03272727272342,21.315909090905365,21.58,12725.512799999999,0.03253424657538634,-0.631578947362279
2002-12-06,21.695462478181206,21.84638743455116,21.318150087256313,21.62,8191.035000000001,0.024347826087001544,-0.14285714284972886
2002-12-09,21.503645833329603,21.843177083329543,21.35274305555185,21.73,8386.56,0.02280701754390505,0.46153846154520806
2002-12-10,21.73044404972971,21.84362344582205,21.202273534632113,21.24,12291.416,0.029513888888933474,-0.7647058823458682
2002-12-11,21.12772808586384,21.165456171731456,20.788175313055316,21.09,14071.036199999999,0.017857142857189378,-0.09999999998973166
2002-12-12,21.124555160138588,21.464056939497958,21.124555160138588,21.2,8492.5506,0.01607142857147515,0.2222222222326833
2002-12-13,21.088663194440784,21.88090277777398,20.749131944440844,21.73,15710.1696,0.05366726296963336,0.5666666666694998
2002-12-16,21.810391822824222,22.187734241904224,21.58398637137622,22.15,19935.048300000002,0.027681660899698448,0.5625000000053199
2002-12-17,22.104557823125493,22.330884353737698,21.80278911564255,22.18,16335.8748,0.02389078498297928,0.14285714286401396
2002-12-18,22.18867924527921,22.3396226415056,21.92452830188303,22.0,18880.9797,0.01870748299324149,-0.45454545453526385
2002-12-19,21.999999999996227,22.075471698109418,21.735849056600042,22.0,13594.802099999999,0.015437392795928115,1.1109335673578362e-11
2002-12-20,22.189054054050303,22.490945945942144,21.811689189185504,22.34,25119.6848,0.03061224489800279,0.22222222222745605
2002-12-23,22.263430420708374,24.565242718442626,22.263430420708374,23.32,153667.3686,0.10338983050851468,0.45901639344406253
2002-12-24,23.206796116501103,23.357734627827938,22.829449838184008,23.32,51303.826199999996,0.02276422764231864,0.21428571429244436
2002-12-25,23.312673267322886,23.501287128708995,22.859999999996226,22.86,24676.5624,0.027508090614928583,-0.705882352934191
2002-12-26,22.717962003450307,22.868911917094497,21.699050086352038,21.85,37009.68,0.05149501661133749,-0.7419354838671048
2002-12-27,21.8422758620652,22.25724137930651,21.125517241375668,21.88,27150.09,0.05181347150263421,0.03333333333663552
2002-12-30,21.84595744680464,21.84595744680464,21.16680851063455,21.28,22390.574399999998,0.031088082901598667,-0.8333333333265552
2002-12-31,21.237722419925046,21.577224199284412,21.162277580067407,21.2,10998.0028,0.01953818827713307,-0.09090909089978069
2003-01-02,21.19949367088224,21.35037974683158,20.74683544303422,20.86,17474.357600000003,0.028469750889725583,-0.5624999999928155
2003-01-03,20.754528985503484,20.980942028981705,20.565851449271637,20.83,11226.1896,0.020000000000047122,0.181818181826838
2003-01-06,21.054938488572745,21.507732864671084,20.753075571173852,21.47,15950.378700000001,0.035842293906855865,0.5500000000042755
2003-01-07,21.42909090908716,21.881818181814356,21.24045454545083,21.58,19399.7232,0.029929577464834066,0.23529411765257308
2003-01-08,21.576462585030345,22.179999999996227,21.425578231288874,22.18,19682.7708,0.0349650349650796,0.8000000000039398
2003-01-09,22.258193979929388,22.710903010029643,21.91866220735419,22.56,45192.11580000001,0.03559322033902646,0.3809523809566602
2003-01-10,22.63356164383174,22.7467294520509,22.029999999996228,22.03,31735.728,0.031666666666709455,-0.8421052631514541
2003-01-13,21.886792452826434,22.150943396222615,21.698113207543447,22.0,19996.6085,0.020689655172458594,0.2500000000077819
2003-01-14,21.92470684038731,23.396416938106942,21.92470684038731,23.17,89275.41579999999,0.06712564543894114,0.8461538461558347
2003-01-15,23.32056198346722,23.509239669417603,22.603586776855767,22.83,56685.35399999999,0.03883495145635199,-0.5416666666619011
2003-01-16,22.82189014539211,23.38772213246795,22.82189014539211,23.35,46811.8131,0.02479338842979487,0.9333333333383544
2003-01-17,23.50099843993393,24.217722308888575,23.12377535101043,24.18,145035.4804,0.04654895666135684,0.6206896551752946
2003-01-20,24.484561664186554,25.654086181274046,24.33365527488494,25.39,343606.27430000005,0.053929121725770565,0.6857142857166244
2003-01-21,25.3885603715131,25.3885603715131,24.369999999996228,24.37,118445.5858,0.040118870728121134,-0.9999999999953139
2003-01-22,24.104555382211526,24.293166926673276,23.50099843993393,24.18,78148.7329,0.03286384976529834,0.09523809524273937
2003-01-23,24.14267515923183,24.444458598722225,23.652277070059927,23.69,43442.842,0.032812500000040185,-0.5714285714230892
2003-01-24,23.61949921752369,24.109999999996226,23.61949921752369,24.11,32127.9615,0.020766773162980787,1.0000000000056535
2003-01-27,24.181377708974587,24.596346749222196,24.143653250770257,24.37,35981.9416,0.018720748829993653,0.41666666667408014
2003-01-28,24.37090342678748,24.521806853578735,24.1445482866006,24.22,29959.1868,0.015479876161031136,-0.39999999998893493
2003-01-29,24.220909090905295,24.334090909087095,24.069999999996227,24.07,31165.406799999997,0.010903426791318102,-0.571428571412121
2003-02-10,23.77415730336697,23.96284109148893,23.39678972712305,23.51,28249.685800000003,0.02380952380956484,-0.4666666666591718
2003-02-11,23.508515624996324,24.263203124996203,23.508515624996324,24.15,25100.800000000003,0.03210272873198324,0.8500000000038794
2003-02-12,24.143653250770257,24.369999999996228,23.76640866872697,24.37,29136.861,0.025000000000040414,0.3750000000056296
2003-02-13,24.67828124999614,24.67828124999614,24.112265624996226,24.15,36626.048,0.02293577981655343,-0.9333333333250093
2003-02-14,23.958588957051543,25.65644171778748,23.920858895701855,24.6,84292.6464,0.07244094488192857,0.3695652173932642
2003-02-17,24.450931677014836,24.828260869561362,24.149068322977616,24.3,41662.034400000004,0.027777777777817557,-0.22222222221633703
2003-02-18,24.299999999996228,24.299999999996228,24.299999999996228,24.3,0.0,4.115226337449029e-14,3.772981926886132
2003-02-19,24.33906009244617,24.489999999996225,23.961710323571033,24.49,29454.6054,0.02170542635662951,0.28571428572088486
2003-02-20,24.49094573643031,24.830573643407,24.339999999996223,24.34,30018.3,0.020030816641026145,-0.30769230768398287
2003-02-21,24.25817170110902,24.25817170110902,23.729999999996227,23.73,37343.9816,0.021772939346852125,-0.9999999999909632
2003-02-24,23.69546325878216,23.77092651756809,23.544536741210297,23.62,18325.148400000002,0.009554140127430345,-0.33333333331519505
2003-02-25,23.69272727272356,24.220909090905295,23.69272727272356,24.07,20141.085799999997,0.02229299363061453,0.7142857142915053
2003-02-26,24.302263565887703,24.49094573643031,24.151317829453617,24.34,24570.243000000002,0.013975155279543667,0.11111111112190127
2003-02-27,24.339999999996223,24.60415503875587,24.302263565887703,24.34,22628.019,0.01240310077523425,1.2509577049900962e-11
2003-02-28,24.336384976522012,24.41184663536394,23.959076682312368,24.11,13978.9557,0.018604651162831005,-0.4999999999905626
2003-03-03,24.105928792565926,24.483173374609216,23.955030959748612,24.37,28730.85,0.02190923317687956,0.5000000000061972
2003-03-04,24.524105754273016,24.712752721613576,24.071353032655665,24.26,18821.510199999997,0.02615384615388592,-0.41176470587582953
2003-03-05,24.148661417319033,24.148661417319033,23.922267716531668,23.96,17548.9235,0.009375000000041015,-0.8333333333129894
2003-03-06,23.96188197766763,23.99961722487656,23.546794258369452,23.66,27700.483799999995,0.01889763779531661,-0.6666666666568597
2003-03-07,23.654080645157475,23.654080645157475,23.389999999996228,23.39,21135.365999999998,0.011164274322210831,-0.9999999999819261
2003-03-10,23.395073891621777,23.470541871917327,22.829064039405118,22.98,22616.6766,0.02741935483875119,-0.6470588235225263
2003-03-11,22.976368159200167,23.014096185734157,22.712271973462233,22.75,17933.4612,0.013136288998400959,-0.7499999999850028
2003-03-12,22.78405360133622,22.82177554438479,22.180502512559098,22.52,36770.8419,0.028145695364281166,-0.41176470587582953
2003-03-13,22.519999999996227,22.519999999996227,22.519999999996227,22.52,0.0,4.4404973357021456e-14,3.772981926886132
2003-03-14,21.92306666666301,23.545599999996078,21.696666666663052,22.64,145369.32,0.08433734939763217,0.38775510204264835
2003-03-17,22.444948630133144,22.444948630133144,21.690496575338752,22.03,73311.2136,0.033613445378194336,-0.5499999999942705
2003-03-18,21.81054867256251,22.18789380530581,21.244530973447567,21.32,50664.05850000001,0.04325259515575327,-0.5199999999954477
2003-03-19,21.128169014080786,21.505457746475088,20.826338028165345,21.43,60011.131199999996,0.03214285714290309,0.4444444444493451
2003-03-20,21.433422818788348,22.489999999996225,21.244748322144083,22.49,129836.27560000001,0.05809859154933983,0.8484848484871967
2003-03-21,22.565469798653933,22.942818791942457,22.225855704694254,22.49,152121.1924,0.031772575250879086,-0.10526315788932966
2003-03-24,22.2577249575514,22.748149405768633,22.106825127330712,22.22,52776.755999999994,0.02881355932207749,-0.05882352940579281
2003-03-25,22.261344537811386,23.09142857142469,22.110420168063513,22.45,106306.865,0.0440677966102123,0.19230769231134104
2003-03-26,22.338133333329612,22.790933333329537,22.26266666666296,22.64,42611.340000000004,0.02364864864869234,0.571428571434631
2003-03-27,22.491314475869803,22.830948419297368,21.962995008315815,22.68,88194.4662,0.03859060402688838,0.21739130435192155
2003-03-28,22.714117647055005,22.789579831928943,22.261344537811386,22.45,56604.016,0.023255813953531337,-0.49999999999191086
2003-03-31,22.59999999999623,22.788647746239935,22.298163606006295,22.6,43435.9459,0.021702838063482315,7.692362744045495e-12
2003-04-01,22.679999999996227,22.830948419297368,22.453577371044517,22.68,55623.33129999999,0.01663893510819651,9.998069391767742e-12
2003-04-02,22.71773710482151,23.01963394342379,22.642262895170944,22.68,47150.854,0.01661129568110633,-0.0999999999897313
2003-04-03,22.67867449664049,22.71640939596934,22.074916107378844,22.49,60964.1844,0.028286189683903066,-0.29411764705248444
2003-04-04,22.29455311972643,22.78495784148014,22.181382799321725,22.37,53688.55959999999,0.0270727580372687,0.12500000000603734
2003-04-07,22.376405451444228,22.60281090289223,22.074531516180222,22.15,40735.3933,0.023608768971375947,-0.4285714285634734
2003-04-08,22.14638640428942,22.297298747759875,21.052271914128614,21.09,100095.76980000001,0.056218057921678014,-0.8484848484811375
2003-04-09,21.054119782210336,21.431433756801916,20.412686025404643,20.79,85894.89409999999,0.048387096774238685,-0.25925925925530285
2003-04-10,20.752678571424866,21.39412499999618,20.375357142853506,21.13,110421.528,0.04909090909095484,0.3703703703737096
2003-04-11,21.09185117966949,21.242776769506126,20.56361161524128,20.79,98670.60049999999,0.03220035778179892,-0.4444444444382324
2003-04-14,20.674545454541843,21.579999999996225,20.297272727269178,21.58,151058.3932,0.06204379562048328,0.7058823529435646
2003-04-15,21.544537521811247,21.84638743455116,21.167225130886358,21.62,94662.92340000001,0.031523642732094015,0.11111111111650751
2003-04-16,21.691379310341087,22.03089655172034,21.50275862068595,21.88,151657.472,0.02434782608700143,0.3571428571493234
2003-04-17,21.879999999996226,21.879999999996226,21.879999999996226,21.88,0.0,4.570383912249209e-14,3.772981926886132
2003-04-18,22.264527027023266,22.981520270266387,22.075844594590862,22.34,273211.256,0.0406779661017381,0.08333333333740725
2003-04-21,22.335492957742545,22.335492957742545,21.429999999996227,21.43,69781.0152,0.04054054054058345,-0.9999999999947289
2003-04-22,21.465920138885163,21.994079861107295,21.16411458332966,21.73,56300.083199999994,0.0386643233743858,0.3181818181859786
2003-04-23,21.691798941795117,21.691798941795117,21.239100529096785,21.39,48817.1691,0.020869565217436412,-0.6666666666568623
2003-04-24,21.31919561242755,21.356928702007067,20.564533820837195,20.64,51373.255399999995,0.03716814159296549,-0.8571428571370165
2003-04-25,20.56361161524128,21.054119782210336,20.337223230486323,20.79,42239.109,0.034862385321148076,0.31578947368902827
2003-04-28,20.82675909878322,21.84545927209327,20.75129982668618,21.77,121215.3522,0.05253623188410351,0.862068965519899
2003-04-29,21.766424957837813,22.407723440131132,21.54008431702841,22.37,174846.5837,0.039861351819801605,0.6956521739165887
2003-04-30,21.956802841914392,22.069982238006734,21.239999999996225,21.24,75266.90699999999,0.037800687285267136,-0.8636363636307777
2003-05-12,20.68059813083726,20.756074766351265,20.18999999999623,20.19,27229.7345,0.02737226277376977,-0.8666666666584718
2003-05-13,19.168139534880005,19.847325581391498,19.168139534880005,19.47,213836.9532,0.035433070866191886,0.44444444444934755
2003-05-14,19.770923076919274,19.959576923073083,19.167230769227082,19.62,104709.28000000001,0.04007633587791113,-0.19047619047118639
2003-05-15,19.807729007629806,20.07183206106487,19.166335877858938,19.77,118672.638,0.04571428571433386,-0.04166666666245292
2003-05-16,19.87911487758571,20.558097928433043,19.652787193969935,20.03,89267.25959999999,0.045540796963994934,0.1666666666706502
2003-05-19,20.000371057510204,20.566419294986908,19.811688311684637,20.34,80529.5106,0.0377358490566518,0.45000000000440454
2003-05-20,20.184543761634977,20.675009310983118,20.109087523273725,20.26,60211.125,0.02803738317761827,0.13333333333976344
2003-05-21,20.263202247187216,20.489606741569194,19.848127340820252,20.15,68102.7822,0.03165735567974976,-0.17647058822913864
2003-05-22,20.1454873646173,21.1263537906099,20.1454873646173,20.9,149079.35020000002,0.04868913857682622,0.7692307692338335
2003-05-23,20.56678832116413,21.132846715324607,20.45357664233203,20.68,102252.79960000001,0.03302752293582681,0.16666666667197838
2003-05-26,20.746956521735523,21.68999999999623,20.746956521735523,21.69,184265.9375,0.04545454545459144,1.0000000000029405
2003-05-27,22.185460750849455,22.71368600682206,21.694965870303463,22.11,393450.30340000003,0.04591836734698171,-0.07407407407029655
2003-05-28,22.07438423644958,23.20640394088289,21.998916256154025,22.98,454104.26039999997,0.05470085470089746,0.7500000000025042
2003-05-29,22.824999999996155,22.975909090905223,21.84409090908723,22.41,308664.972,0.04958677685954577,-0.36666666666300746
2003-05-30,22.299075630248353,22.82731092436591,22.072689075626542,22.45,103862.129,0.03384094754657462,0.20000000000473386
2003-06-02,22.640394088666234,23.395073891621777,22.33852216748402,22.98,148815.66629999998,0.04666666666670882,0.32142857143183784
2003-06-03,22.979187817254996,23.394247038913132,22.299999999996228,22.3,161417.5842,0.04761904761908907,-0.6206896551683981
2003-06-04,22.302473684206618,22.56663157894341,21.208105263154177,21.51,146906.328,0.0609137055837984,-0.5833333333301284
2003-06-05,21.50410256409889,22.371811965808142,21.50410256409889,22.07,115305.48899999999,0.040350877193027025,0.6521739130470738
2003-06-06,22.076052631575074,22.076052631575074,21.434526315785714,21.51,53166.864,0.029059829059872984,-0.8823529411692114
2003-06-09,21.38861209964032,21.652669039142054,21.124555160138588,21.2,44019.0434,0.024691358024737056,-0.3571428571350323
2003-06-10,21.199116607770108,21.50088339222235,20.935070671374394,21.35,43846.4352,0.026690391459120565,0.26666666667286193
2003-06-11,21.43358885017048,21.69773519163385,21.093972125431865,21.66,36405.950000000004,0.02816901408455237,0.37500000000563244
2003-06-12,21.501391304344086,21.765443478257083,21.425947826083227,21.69,37383.9125,0.01578947368425638,0.5555555555650338
2003-06-13,21.698113207543447,22.075471698109418,21.547169811317058,22.0,52878.6247,0.02434782608700136,0.5714285714346382
2003-06-16,22.074916107378844,22.98055369127131,22.074916107378844,22.49,149643.8588,0.04102564102568455,0.4583333333369945
2003-06-17,22.640545144800228,22.904684838156232,22.036797274272224,22.15,70052.58,0.03833333333337576,-0.5652173912993473
2003-06-18,22.18867924527921,22.3396226415056,21.92452830188303,22.0,38046.929800000005,0.01870748299324149,-0.45454545453526385
2003-06-19,22.25815972221836,22.559965277773863,21.503645833329603,21.73,48724.2432,0.04745762711868679,-0.49999999999595646
2003-06-20,21.699050086352038,22.000949913640415,21.510362694296806,21.85,35722.563,0.022608695652218878,0.30769230769937683
2003-06-23,21.81054867256251,22.18789380530581,21.319999999996227,21.32,43220.805,0.03979238754329664,-0.565217391299348
2003-06-24,21.317730496450125,21.506382978719593,21.129078014180653,21.28,40019.9736,0.01769911504429385,-0.09999999998974174
2003-06-25,21.28357894736469,22.03831578946982,21.28357894736469,21.51,35146.200000000004,0.03546099290784678,0.30000000000460253
2003-06-26,21.508672566367874,21.659610619465195,20.98038938052726,21.32,41902.15150000001,0.03157894736846615,-0.2777777777718116
2003-06-27,21.464964157702248,21.615860215049892,20.974551971322406,21.05,31607.2962,0.02987697715294516,-0.6470588235225185
2003-06-30,21.0499253731304,21.0499253731304,20.182276119399216,20.22,36549.840000000004,0.041218637992877206,-0.9565217391249814
2003-07-01,20.260919324574058,20.60048780487418,20.034540337707305,20.11,31748.518099999998,0.02793296089390284,-0.26666666665952504
2003-07-02,19.992777777774073,20.369999999996228,19.992777777774073,20.37,33463.962,0.0188679245283511,1.000000000007351
2003-07-03,20.378456014359,21.019999999996227,20.189766606818633,21.02,31419.256,0.04074074074078804,0.7727272727308818
2003-07-04,21.054432989687104,22.073195876284863,20.94123711339846,21.96,95156.5344,0.05376344086025994,0.8000000000026283
2003-07-07,21.959999999996228,21.959999999996228,21.959999999996228,21.96,0.0,4.553734061931358e-14,3.772981926886132
2003-07-08,21.887368421048794,22.60436842104867,21.208105263154177,21.51,84572.724,0.06379310344831862,-0.2702702702673749
2003-07-09,21.579061371837255,21.579061371837255,20.824548736458333,20.9,34804.1636,0.03496503496507959,-0.8999999999938058
2003-07-10,20.79133093524806,21.31960431654293,20.79133093524806,20.98,37329.7288,0.02540834845739719,0.35714285714932464
2003-07-11,21.08683274020977,21.38861209964032,20.898220640565675,21.2,29237.263199999998,0.023255813953534602,0.23076923077645736
2003-07-14,21.202273534632113,21.428632326816796,20.975914742447426,21.24,17605.7419,0.021352313167306017,0.08333333334148006
2003-07-15,21.056791443846514,21.32094474152918,20.981319073080037,21.17,16066.6473,0.016129032258111426,0.3333333333434646
2003-07-16,21.20586994727219,21.696397188045392,21.130404217922468,21.47,25111.961500000005,0.02669039145912066,0.4666666666725146
2003-07-17,21.58184397162738,21.58184397162738,21.091347517726756,21.28,31022.989199999996,0.02272727272731801,-0.6153846153756652
2003-07-18,21.279120879116984,21.316849816845917,20.524542124538367,20.6,30642.338999999996,0.037234042553236826,-0.8571428571370127
2003-07-21,20.374108818007432,20.562757973729724,19.95908067541839,20.11,32669.275599999997,0.029629629629677308,-0.43749999999302164
2003-07-22,20.10594444444072,20.369999999996228,19.992777777774073,20.37,14826.132000000001,0.018761726078848188,0.7000000000081454
2003-07-23,20.369999999996228,20.369999999996228,19.95505555555186,20.37,21710.052000000003,0.020370370370418556,9.092739949631675e-12
2003-07-24,20.369491525419896,20.369491525419896,19.9922787193936,20.03,14003.3727,0.018518518518566805,-0.8999999999876147
2003-07-25,19.99961612283685,20.15055662187713,19.471324376195877,19.66,19589.6,0.033962264150991725,-0.4999999999937065
2003-07-28,19.616342412447548,19.616342412447548,19.314552529179124,19.39,15331.077999999998,0.015384615384665545,-0.7499999999850216
2003-07-29,19.395854126675736,19.735470249516368,19.395854126675736,19.66,9697.5293,0.01750972762651009,0.7777777777865961
2003-07-30,19.655452793830506,19.80635838149907,19.4668208092448,19.58,13598.319000000001,0.0172744721689559,-0.222222222210451
2003-07-31,19.541376673036414,19.805449330780153,19.42820267686053,19.73,7848.399500000001,0.019305019305069587,0.5000000000086807
2003-08-01,19.620930232554336,19.620930232554336,19.394534883717167,19.47,10883.6268,0.011538461538512103,-0.666666666647046
2003-08-04,19.43134615384242,19.770923076919274,19.35588461538089,19.62,14005.004,0.02135922330102133,0.4545454545534454
2003-08-05,19.623574144482962,19.925475285167316,19.585836501897422,19.85,10812.719,0.01730769230774222,0.6666666666758231
2003-08-06,19.961880998076783,19.961880998076783,19.546794625716018,19.66,11107.72,0.020793950850710684,-0.7272727272618841
2003-08-07,19.656812977095484,19.883187022896966,19.54362595419474,19.77,17027.0132,0.017274472168955887,0.33333333334346654
2003-08-08,19.80637707947878,20.447726432528565,19.617744916817074,20.41,66554.1987,0.04190476190481027,0.7272727272763972
2003-08-11,20.414530386736573,20.71640883977519,20.074917127068126,20.49,63101.867099999996,0.031423290203374664,0.11764705882922466
2003-08-12,20.370895522384256,20.559514925369296,20.106828358205203,20.22,15316.682400000002,0.022222222222270164,-0.33333333332425974
2003-08-13,20.261852551981047,20.412778827973458,19.922268430998127,19.96,14622.089,0.024208566108055544,-0.6153846153756684
2003-08-14,19.652279693482825,19.916321839076645,19.576839080456022,19.69,18177.658199999998,0.017274472168955855,0.11111111112190006
2003-08-15,19.693179190747646,19.693179190747646,19.50454720616194,19.58,14095.157700000002,0.00957854406135293,-0.5999999999768061
2003-08-18,19.43452611218193,19.736421663439124,19.35905222436763,19.51,13130.662600000001,0.019417475728205787,0.20000000000946438
2003-08-19,19.50905950095595,19.810940499036505,19.471324376195877,19.66,13340.882300000001,0.017408123791152984,0.44444444445424186
2003-08-20,19.623210831717675,19.623210831717675,19.43452611218193,19.51,8330.6795,0.009615384615434904,-0.5999999999768239
2003-08-21,19.50680769230394,20.110499999996133,19.50680769230394,19.62,8033.844,0.030947775628676406,0.18750000000594147
2003-08-22,19.54318446601562,19.769553398054413,19.392271844656428,19.43,12678.785000000002,0.019305019305069497,-0.2999999999892006
2003-08-25,19.43002028397172,19.43002028397172,18.524543610543912,18.6,32685.899999999998,0.04660194174762195,-0.9166666666614884
2003-08-26,18.526801619429445,18.86639676112978,18.451336032384926,18.64,14271.561200000002,0.022403258655857242,0.2727272727357144
2003-08-27,18.862275449098032,19.201796407181796,18.673652694607053,18.9,13135.4184,0.028000000000051397,0.07142857143557571
2003-08-28,18.867346938771657,18.867346938771657,18.45226530611868,18.49,8511.300000000001,0.02200000000005191,-0.909090909079623
2003-08-29,18.49094650205381,18.792839506168974,18.038106995881062,18.34,14780.523600000002,0.0408163265306642,-0.19999999999473592
2003-09-01,18.105599999996375,18.859999999996226,18.105599999996375,18.86,15307.449999999999,0.04166666666671972,1.0000000000036757
2003-09-02,18.8677354709381,19.018677354705606,18.716793587170596,18.83,15241.456000000002,0.016000000000052167,-0.12499999998708487
2003-09-03,18.97544910179262,18.97544910179262,18.749101796403444,18.9,11378.711999999998,0.011928429423511286,-0.33333333331520215
2003-09-04,18.789999999996226,18.97865461847008,18.714538152606682,18.79,14526.560400000002,0.01405622489965077,1.428529612698677e-11
2003-09-05,18.75184049079371,18.902760736192455,18.412269938646542,18.45,19227.48,0.026156941649951394,-0.615384615375668
2003-09-08,18.189053497938644,18.37773662551062,18.189053497938644,18.34,12283.9416,0.010373443983456871,0.8000000000157602
2003-09-09,18.599094567400684,18.863179074442886,18.372736418507372,18.75,15312.8185,0.026369168357050252,0.30769230769937445
2003-09-10,19.2750766283488,19.68999999999623,19.2750766283488,19.69,34363.677599999995,0.021526418786743478,1.000000000006683
2003-09-11,20.679999999996227,20.679999999996227,20.679999999996227,20.68,36954.599200000004,4.835589941973569e-14,3.772981926886132
2003-09-12,21.65977900552087,21.65977900552087,20.188121546957607,20.49,286018.95119999995,0.06794425087112316,-0.7948717948686909
2003-09-15,20.33826666666279,20.375999999996118,19.470399999996292,19.81,92612.835,0.04452690166980571,-0.583333333328522
2003-09-16,19.73492509362926,20.56507490636319,19.73492509362926,20.15,64139.007,0.042065009560278074,0.5000000000039426
2003-09-17,20.033181818178022,20.372727272723417,19.80681818181443,19.92,37432.824,0.02824858757067003,-0.1999999999929732
2003-09-18,19.65316602316223,19.992664092660235,19.351389961386225,19.54,37282.998199999995,0.03262955854131613,-0.17647058822913603
2003-09-19,19.61951219511827,20.487298311440806,19.430863039395977,20.11,59857.87210000001,0.053846153846202074,0.4642857142888474
2003-09-22,20.10956106869845,20.298206106866353,19.694541984729064,19.77,24720.748,0.030018761726127014,-0.5624999999928166
2003-09-23,20.2209022556353,20.635883458642734,19.956823308266923,20.07,42002.038400000005,0.033582089552286545,-0.2222222222163417
2003-09-24,20.03363128491247,20.25999999999623,19.807262569828715,20.26,24999.3369,0.02259887005654595,0.5000000000072332
2003-09-25,20.182695984699773,20.409043977051546,19.654550669212302,19.73,30485.670000000002,0.03738317757014116,-0.5999999999942032
2003-09-26,19.65866279069386,19.80959302325197,19.4322674418567,19.47,24581.5176,0.019193857965500778,-0.49999999998867095
2003-09-29,19.276747967475757,19.427642276418815,18.4845528455247,18.56,29150.753999999997,0.04892367906071462,-0.7599999999951969
2003-09-30,18.525883534132824,18.865461847385767,18.525883534132824,18.79,13856.999400000002,0.018329938900256616,0.7777777777866052
2003-10-08,18.789083665334907,19.05318725099222,18.60043824700825,18.94,13254.807999999999,0.024096385542220485,0.33333333334092535
2003-10-09,18.752269076301452,18.940923694775307,18.714538152606682,18.79,11789.104200000002,0.012072434607698345,0.1666666666826097
2003-10-10,18.710495049501247,19.125445544550672,18.710495049501247,19.05,21074.9125,0.02217741935489107,0.8181818181889305
2003-10-13,19.050486381319253,19.389999999996228,18.93731517509359,19.39,24593.4608,0.02376237623767505,0.750000000006672
2003-10-14,19.3973809523771,19.3973809523771,18.98226190475814,19.02,10352.16,0.02140077821016701,-0.9090909090796319
2003-10-15,18.68035714285344,19.057738095234313,18.68035714285344,19.02,12742.632000000001,0.020202020202072523,0.9000000000076149
2003-10-16,18.9050816326492,18.980551020404288,18.45226530611868,18.49,13123.621000000001,0.02794411177649865,-0.7857142857056488
2003-10-17,19.20365111561477,19.20365111561477,18.56227180527007,18.6,6413.929999999999,0.03339882121812511,-0.9411764705808834
2003-10-20,18.598627049176514,18.598627049176514,18.18364754097988,18.41,13723.243199999999,0.022312373225204574,-0.4545454545352641
2003-10-21,18.259098360651993,18.67407786884863,18.259098360651993,18.41,7256.7552,0.022727272727326317,0.363636363644584
2003-10-22,18.63682092554957,18.787726358145115,18.372736418507372,18.75,27373.517499999998,0.022267206477785184,0.2727272727357042
2003-10-23,18.822648870632687,18.935811088291796,18.332279260776524,18.37,13051.6,0.03206412825656424,-0.7499999999925132
2003-10-24,18.375572354207694,18.526501079909607,17.469999999996226,17.47,31643.086799999997,0.057494866529825585,-0.8571428571384732
2003-10-27,17.24136363635972,17.24136363635972,16.59999999999623,16.6,30726.520000000004,0.037199124726532834,-0.9999999999925581
2003-10-28,16.26267573695776,16.639999999996228,15.77215419500776,16.64,45259.741799999996,0.053364269141589704,0.4347826086995021
2003-10-29,16.60452488687407,16.830950226240535,16.34036199094653,16.68,28483.6734,0.02954545454551292,0.15384615385353378
2003-10-30,16.445437788014647,16.59631336405148,15.841935483867319,16.37,37296.3976,0.04587155963308566,-0.09999999999487047
2003-10-31,16.3722758620652,16.975862068961614,16.334551724134176,16.41,13438.933499999997,0.03917050691250106,0.0588235294175559
2003-11-03,16.52176744185662,16.63493023255427,15.91823255813583,16.22,10305.552,0.043378995433848044,-0.4210526315730942
2003-11-04,16.220501138948467,16.710888382684118,15.99416856491663,16.56,29827.152599999998,0.044186046511686734,0.4736842105309198
2003-11-05,16.41319444444064,16.526388888885062,16.11134259258886,16.3,16881.6528,0.025287356321898692,-0.2727272727175119
2003-11-06,16.149170731703382,16.149170731703382,15.469999999996228,15.47,31582.299999999996,0.04205607476641464,-0.9999999999929724
2003-11-07,14.712276214829997,15.240409207157228,14.712276214829997,14.75,28283.9234,0.035897435897501474,0.07142857143557946
2003-11-10,14.564116094982964,14.677308707120138,13.998153034297099,14.3,17818.685,0.04663212435239706,-0.38888888888275885
2003-11-11,14.262680412367459,14.904123711336366,14.262680412367459,14.64,19536.575999999997,0.04497354497361195,0.5882352941226118
2003-11-12,14.490381679385624,14.943206106866427,14.452646310428893,14.83,18911.513700000003,0.03385416666673332,0.692307692313977
2003-11-13,14.792264631039492,15.018676844779893,14.490381679385624,14.83,14884.8357,0.03571428571435099,0.07142857143558091
2003-11-14,14.867735368952959,14.905470737909694,14.716793893126026,14.83,9477.1164,0.012690355330015711,-0.19999999997893161
2003-11-17,14.827729591832952,14.903188775506402,14.488163265302425,14.79,15310.5792,0.02798982188301728,-0.09090909089978286
2003-11-18,14.789999999996226,14.789999999996226,14.789999999996226,14.79,0.0,6.761325219744337e-14,3.772981926886132
2003-11-19,14.755829145724935,15.09547738693088,14.755829145724935,15.02,14663.4742,0.02301790281336542,0.7777777777866016
2003-11-20,14.864545454541897,15.769999999996227,14.864545454541897,15.77,58117.0898,0.06091370558381957,1.0000000000030627
2003-11-21,16.453809523805607,16.567023809519863,15.69904761904388,15.85,74162.59199999999,0.05275229357803923,-0.6956521739078949
2003-11-24,15.924528301883035,16.150943396222605,15.660377358486873,16.0,20350.1768,0.030805687203852256,0.15384615385353717
2003-11-25,15.993674418600932,16.257720930228775,15.805069767438185,16.22,40557.85799999999,0.028301886792513394,0.5000000000072288
2003-11-26,16.19034246574973,16.529999999996228,15.88842465753062,16.53,42951.550200000005,0.03962703962709897,0.5294117647109386
2003-11-27,16.71834498834109,16.982517482513526,16.18999999999623,16.19,73573.5,0.047404063205474564,-0.6666666666610618
2003-11-28,16.219477434675483,16.219477434675483,15.729121140138783,15.88,25096.7362,0.030232558139594592,-0.6923076922985892
2003-12-01,15.887159353345059,16.528683602767543,15.69847575057374,16.34,22644.2979,0.05225653206656795,0.5454545454584366
2003-12-02,16.409999999996227,16.409999999996227,15.995034482754946,16.41,29169.185999999998,0.025287356321898324,9.0922782017168e-12
2003-12-03,16.41182669788843,16.525011709598004,16.034543325523178,16.11,18924.341099999998,0.0298850574713235,-0.6153846153756715
2003-12-04,16.108625592413244,16.108625592413244,15.882274881512826,15.92,27206.2134,0.014051522248304606,-0.8333333333129921
2003-12-05,15.961331775697204,16.30093457943544,15.961331775697204,16.15,19251.5684,0.02127659574474214,0.555555555565032
2003-12-08,16.295441860461327,16.52176744185662,16.10683720929858,16.22,25528.67,0.025462962963022716,-0.18181818180865758
2003-12-09,16.2185882352903,16.2185882352903,15.879129411760971,16.03,10429.0325,0.02093023255819982,-0.5555555555428067
2003-12-10,15.99281105990415,16.407718894005434,15.917373271885733,16.37,24508.283799999997,0.030660377358551073,0.7692307692368943
2003-12-11,16.370883720926425,16.484046511624072,16.06911627906603,16.22,19236.05,0.025345622119875153,-0.3636363636263997
2003-12-12,16.220501138948467,16.786332574028066,16.145056947604523,16.56,38754.217599999996,0.03953488372098936,0.529411764710941
2003-12-15,16.490381165915583,16.943206278023105,16.452645739906625,16.83,32304.5382,0.02974828375291912,0.6923076923139778
2003-12-16,16.907397260270116,16.945136986297502,16.454520547941453,16.53,28242.459,0.029017857142914393,-0.7692307692215189
2003-12-17,16.410904872385984,16.410904872385984,16.22227378189879,16.26,24750.3474,0.011494252873623472,-0.7999999999757532
2003-12-18,16.188289156622602,16.263759036140655,15.659999999996225,15.66,29788.534000000003,0.03729603729609659,-0.8749999999922998
2003-12-19,15.549340101518895,16.115456852787784,14.869999999996224,14.87,38609.7148,0.08009708737869975,-0.5454545454510786
2003-12-22,14.822828784115426,15.275434243172386,14.219354838706147,15.2,32918.1684,0.07124681933848503,0.35714285714609206
2003-12-23,15.168146341459716,15.507731707313294,14.790829268289077,15.47,29547.674999999996,0.04726368159210272,0.42105263158362216
2003-12-24,15.846808510634553,16.26184397162736,15.658156028365093,15.96,42651.3438,0.0380952380952987,0.1875000000059395
2003-12-25,16.03546099290401,16.375035460989036,15.809078014180661,15.96,24214.804200000002,0.03529411764711883,-0.13333333332642952
2003-12-26,15.955439429924954,16.14403800474676,15.842280285031869,15.88,13587.2277,0.018912529550888887,-0.24999999998667996
2003-12-29,15.87999999999623,15.87999999999623,15.87999999999623,15.88,0.0,6.297229219144675e-14,3.7712055700467317
2003-12-30,15.774160583937764,15.81189781021513,15.09489051094523,15.51,32575.407900000006,0.04545454545460608,-0.3684210526257962
2003-12-31,15.162282878408144,15.652605459053186,14.747394540939267,15.2,21283.598700000002,0.05970149253737547,0.04166666667079149
2004-01-02,15.276838235290372,15.465441176466795,15.088235294113948,15.39,17436.1656,0.024691358024755077,0.30000000000921184
2004-01-05,15.470794392519746,16.149999999996226,15.433060747659942,16.15,40106.4248,0.04634146341469595,0.9473684210565734
2004-01-06,16.56089655172033,16.93813793103059,16.259103448272125,16.41,69083.4375,0.041002277904385896,-0.22222222221633742
2004-01-07,16.41509433961877,16.52830188678855,15.962264150939632,16.0,37640.6,0.03448275862074825,-0.7333333333253734
2004-01-08,16.221800947863454,16.221800947863454,15.69364928909581,15.92,29436.905399999996,0.03255813953494317,-0.5714285714203482
2004-01-09,15.888088578084876,16.49191142190758,15.81261072260704,16.19,32122.6191,0.042755344418112476,0.44444444444934617
2004-01-12,16.22227378189879,16.56180974477574,16.033642691411597,16.26,19808.4152,0.032558139534943145,0.07142857143558165
2004-01-13,16.295079006768333,16.747720090289675,16.031038374714214,16.71,52624.59019999999,0.0439814814815403,0.5789473684255041
2004-01-14,16.791333333329604,17.0931999999962,16.413999999996353,16.98,61118.505,0.040449438202304316,0.2777777777829224
2004-01-15,16.975862068961614,16.975862068961614,16.409999999996227,16.41,40119.615,0.03333333333339029,-0.9999999999915652
2004-01-16,16.22678983833343,16.79284064664739,16.22678983833343,16.34,18352.0988,0.03488372093029225,0.2000000000063184
2004-01-29,16.529049773751915,16.79321266967946,16.378099547507606,16.68,14824.238,0.025114155251200605,0.36363636364458135
2004-01-30,16.71406113536753,17.506375545847703,16.600873362441792,17.28,64931.62179999999,0.054176072234819295,0.6250000000034809
2004-02-02,17.54625779625415,18.149999999996226,17.43305613305251,18.15,134048.5913,0.040860215053817976,0.8421052631619825
2004-02-03,18.300935550931744,18.716008316004427,17.961330561326825,18.15,99244.6338,0.041237113402114445,-0.1999999999947327
2004-02-04,18.294558521556816,18.483162217655345,17.955071868579473,18.37,60155.21400000001,0.028865979381496612,0.14285714286402076
2004-02-05,18.41269076304851,18.827730923690996,18.148574297185107,18.79,88867.20360000001,0.03688524590169177,0.5555555555602936
2004-02-06,18.865546218483434,18.941008403357365,17.92226890755926,17.96,74482.1952,0.054000000000050126,-0.8888888888843146
2004-02-09,17.84277432711846,18.40861283643511,17.80505175983068,18.22,49304.9298,0.033826638477855546,0.6250000000052105
2004-02-10,18.18812244897588,18.67867346938394,18.037183673465705,18.49,71529.269,0.0352697095436215,0.4705882352992663
2004-02-11,18.48906882590719,18.753198380563003,18.33813765181815,18.64,85047.534,0.022448979591889406,0.36363636364458085
2004-02-12,18.680701754382323,19.586432748534197,18.680701754382323,19.36,135497.8692,0.04848484848489962,0.7500000000033357
2004-02-13,19.202233606553442,19.2399590163895,18.37227459016017,18.41,86294.1136,0.04518664047156237,-0.9130434782554715
2004-02-16,18.14947368420685,18.86639676112978,18.14947368420685,18.64,46097.9558,0.03950103950109242,0.6842105263201028
2004-02-17,18.679429133854594,19.16999999999623,18.56622047243729,19.17,60420.50399999999,0.032323232323284226,0.8125000000048992
2004-02-18,19.16773175542028,19.24319526626839,18.865877712027835,19.13,44200.7163,0.019685039370129814,-0.0999999999897336
2004-02-19,19.086836935163245,19.3886051080512,19.04911591355225,19.2,56365.7438,0.017786561264873484,0.3333333333434617
2004-02-20,19.086836935163245,19.426326129662197,19.011394891941254,19.2,62851.065500000004,0.021739130434833998,0.27272727273570224
2004-02-23,19.39546874999621,19.81054687499613,19.206796874996247,19.32,116710.7072,0.031128404669310775,-0.12499999999353636
2004-02-24,19.23861386138233,19.23861386138233,18.521881188115145,19.05,74883.31899999999,0.03725490196083434,-0.2631578947312121
2004-02-25,18.89860887096393,19.20038306451226,18.67227822580269,18.71,54666.2432,0.0279441117764985,-0.35714285713503313
2004-02-26,18.410442105259282,18.863157894732872,17.769094736838365,17.92,67304.0325,0.05942622950824782,-0.4482758620651058
2004-02-27,17.919102296447196,18.371795407094286,17.730480167010914,18.07,28840.7816,0.035789473684264286,0.2352941176525787
2004-03-01,18.33590263691312,18.86409736307934,18.2604462474608,18.6,36848.5948,0.03292181069964127,0.4375000000055233
2004-03-02,18.822279999996233,19.199479999996157,18.482799999996303,18.86,62558.450000000004,0.038076152304660216,0.052631578952560557
2004-03-03,18.86270491802892,19.089057377045265,18.334549180324114,18.41,24887.512,0.04000000000005058,-0.5999999999942089
2004-03-04,18.33590263691312,18.67545638944855,18.2604462474608,18.6,22211.7206,0.022633744856020634,0.636363636371185
2004-03-05,18.680701754382323,19.548693957111198,18.49200779726735,19.36,114306.66,0.056565656565706925,0.6428571428601076
2004-03-08,19.35035999999613,19.38807999999612,18.822279999996233,18.86,47858.8,0.029239766081921456,-0.8666666666584704
2004-03-09,19.054116465859625,19.16730923694394,18.488152610438053,18.79,33781.9296,0.035643564356486176,-0.38888888888275913
2004-03-10,18.859999999996226,18.859999999996226,18.482799999996303,18.86,49058.0,0.020000000000051924,1.0002603199567581e-11
2004-03-11,18.826812749000236,19.166374501988216,18.487250996012257,18.94,54697.51839999999,0.03607214428862826,0.1666666666719752
2004-03-12,19.056020408159373,19.056020408159373,18.18812244897588,18.49,69170.75200000001,0.045544554455495545,-0.6521739130383785
2004-03-15,18.603204081628853,18.716408163261484,18.11265306122079,18.49,58937.102,0.03245436105481878,-0.18749999999343583
2004-03-16,18.482799999996303,18.859999999996226,18.482799999996303,18.86,44524.45,0.020408163265359085,1.0000000000073515
2004-03-17,18.86679920476762,19.055467196815293,18.753598409539013,18.98,52482.013999999996,0.016000000000052077,0.3750000000112639
2004-03-18,18.937235772353873,18.97495934958964,18.522276422760463,18.56,33901.358400000005,0.02390438247017107,-0.8333333333231577
2004-03-19,18.485915492954028,18.863179074442886,18.410462776656257,18.75,36846.88419999999,0.02448979591842014,0.5833333333403751
2004-03-22,18.90270058708045,19.468649706454116,18.827240704497296,19.28,98848.6576,0.03393213572859393,0.5882352941226159
2004-03-23,19.237356321835396,19.840881226049838,19.237356321835396,19.69,122865.1758,0.03137254901965811,0.7500000000050103
2004-03-24,19.690888030884228,19.879498069494232,19.426833976830228,19.54,97086.66799999999,0.022988505747176036,-0.3333333333242619
2004-03-25,19.352753346076604,19.76772466538819,19.277304015292682,19.73,74420.33730000001,0.02534113060433886,0.769230769236898
2004-03-26,19.729513618673206,20.25764591439295,19.314552529179124,19.39,124226.2956,0.04780114722758173,-0.35999999999561916
2004-03-29,19.389999999996228,19.389999999996228,19.389999999996228,19.39,0.0,5.157297576070877e-14,3.772981926886132
2004-03-30,19.804166666662997,20.369999999996228,19.804166666662997,20.37,122022.66600000001,0.028571428571477743,1.0000000000049007
2004-03-31,21.276825396821643,21.389999999996228,20.861851851848176,21.39,233678.4471,0.024822695035506683,0.21428571429245669
2004-04-01,22.1487678571389,22.186499999996038,21.01680357142482,21.13,575053.416,0.05281090289612446,-0.8709677419315138
2004-04-02,21.086088435370563,22.179999999996227,21.048367346935198,22.18,477889.5912,0.0536672629696333,0.9666666666691487
2004-04-05,23.09414876032676,23.28282644627714,22.188495867764928,22.83,556895.603,0.04738562091507384,-0.24137931034115992
2004-04-06,22.830574324320466,22.943783783779907,22.226790540536783,22.34,212555.40959999998,0.03140495867772845,-0.684210526309568
2004-04-07,22.340587219339838,22.529274611395074,21.54810017270785,21.85,267217.0692,0.04391891891896172,-0.4999999999956432
2004-04-08,21.694965870303463,22.600494880542218,21.694965870303463,22.11,162893.1742,0.04173913043482687,0.4583333333369946
2004-04-09,22.189263157890846,22.26473684210136,21.472263157890975,21.51,132045.402,0.03571428571432909,-0.8571428571370159
2004-04-12,21.351792114691516,21.502688172039157,20.748207885300943,21.05,101995.704,0.0353356890459815,-0.39999999999447283
2004-04-13,21.055328719719537,22.1118685121069,21.055328719719537,21.81,202333.9864,0.050179211469579245,0.7142857142886112
2004-04-14,21.584141592916534,21.77281415928818,20.82945132742994,21.32,97245.20100000002,0.04370629370633807,-0.2799999999957031
2004-04-15,21.161895652170234,21.954052173909226,21.01100869564852,21.69,93769.505,0.044563279857442635,0.5600000000034068
2004-04-16,21.539908925314837,21.539908925314837,20.59683060108914,20.71,163329.147,0.043782837127890356,-0.8799999999950633
2004-04-19,20.303214953267236,20.642859813080257,19.6994018691552,20.19,160120.364,0.04646840148703583,-0.11999999999587492
2004-04-20,20.676383763833822,20.97822878228395,20.072693726933565,20.45,116854.22439999999,0.04379562043800235,-0.24999999999555736
2004-04-21,20.44532818532424,20.44532818532424,19.426833976830228,19.54,112243.65879999999,0.04981549815502803,-0.8888888888843143
2004-04-22,19.42820267686053,19.880898661564075,18.786883365197173,19.73,64369.74170000001,0.05631067961169896,0.27586206896871507
2004-04-23,19.73604330708273,19.73604330708273,19.09452755905136,19.17,34527.3376,0.03250478011477179,-0.8823529411692128
2004-04-26,19.199479999996157,19.425799999996116,18.859999999996226,18.86,45896.049999999996,0.029469548133645967,-0.5999999999922662
2004-04-27,19.04843096233911,19.161589958154988,17.916841004180352,18.03,68548.2592,0.06534653465351446,-0.8181818181781292
2004-04-28,17.770437499996298,18.33637499999618,17.204499999996415,18.11,75144.192,0.06369426751597639,0.3000000000030671
2004-04-29,18.03036559139397,18.181247311824045,17.35139784945863,17.54,35979.096,0.04602510460256357,-0.5909090909038296
2004-04-30,17.544539614557273,17.997301927191007,17.39361884367936,17.62,31285.0772,0.034408602150592646,0.12500000000604142
2004-05-10,17.72807017543471,17.84122807017153,16.82280701754017,17.2,29923.221599999997,0.057446808510691554,-0.518518518514306
2004-05-11,17.171304347822353,17.397739130431003,16.982608695648484,17.36,20616.555999999997,0.02417582417588103,0.45454545455345063
2004-05-12,17.46554865424069,18.219999999996226,17.276935817801807,18.22,48752.8125,0.053995680345626386,0.8000000000031547
2004-05-13,18.29544513457178,18.370890269147335,17.91821946169401,18.22,26186.666100000002,0.02474226804129047,-0.16666666665796093
2004-05-14,18.224643628505785,18.224643628505785,17.319071274294316,17.47,42382.6496,0.04968944099384102,-0.8333333333282487
2004-05-17,17.469999999996226,17.469999999996226,17.469999999996226,17.47,0.0,5.724098454494326e-14,3.772981926886132
2004-05-18,17.3536480686658,17.69317596566144,16.976394849781762,17.58,23265.702400000002,0.04130434782614233,0.315789473689033
2004-05-19,17.622264957261194,18.112820512816644,17.244914529910847,17.66,44812.778399999996,0.04925053533195966,0.04347826087386039
2004-05-20,17.506375545847703,17.695021834057272,17.242270742354314,17.28,21008.46,0.02586206896557286,-0.49999999999055433
2004-05-21,17.659607843133408,17.659607843133408,17.169063180824146,17.32,12329.7957,0.027777777777832843,-0.6923076922985885
2004-05-24,17.280045871555668,17.280045871555668,16.449999999996226,16.45,50841.9164,0.048034934497871634,-0.9999999999942497
2004-05-25,16.228365384611482,16.530288461534486,15.624519230765472,15.7,28309.9648,0.05581395348843034,-0.5833333333285216
2004-05-26,15.47355769230397,15.813221153842353,15.322596153842468,15.7,20360.787200000002,0.03170731707323345,0.4615384615452149
2004-05-27,15.690541176466898,16.067717647055044,15.53967058823164,16.03,21212.175000000003,0.03365384615390765,0.6428571428630696
2004-05-28,16.03317535544644,16.14635071089665,15.769099526062615,15.92,17965.2574,0.023529411764766996,-0.2999999999892045
2004-05-31,15.774523809520051,15.925476190472397,15.661309523805794,15.85,13034.364000000001,0.016746411483315828,0.28571428572749924
2004-06-01,15.845011600924401,16.486357308580864,15.580928074242326,16.26,27202.6512,0.05714285714291668,0.45833333333699144
2004-06-02,16.26184397162736,16.26184397162736,15.809078014180661,15.96,19020.956400000003,0.027842227378249894,-0.6666666666568611
2004-06-03,15.925476190472397,16.189642857139003,15.774523809520051,15.85,18362.694,0.026066350710961785,-0.18181818180864792
2004-06-04,15.774523809520051,16.151904761900916,15.774523809520051,15.85,15439.704,0.023923444976138554,0.20000000000947443
2004-06-07,15.84498777505725,15.84498777505725,15.392273838627043,15.43,17989.864999999998,0.028571428571489886,-0.9166666666563077
2004-06-08,15.430454545450647,15.5813636363597,14.939999999996227,14.94,22988.1564,0.04156479217610121,-0.7647058823458655
2004-06-09,14.904534005034028,15.395062972288313,14.82906801007183,14.98,26189.6533,0.03797468354436836,0.1333333333397666
2004-06-10,14.905845771140573,15.28320895522008,14.905845771140573,15.17,18065.4378,0.025316455696267788,0.7000000000081424
2004-06-11,15.284170854267515,15.397386934669496,14.94452261306157,15.02,20246.6182,0.029629629629693094,-0.58333333332371
2004-06-14,15.011181102358263,15.011181102358263,14.256850393697043,14.37,22087.4082,0.05025125628147035,-0.8499999999938711
2004-06-15,14.373224999996406,15.089999999996227,14.373224999996406,15.09,26674.6,0.049868766404265574,1.0000000000038687
2004-06-16,15.545463414630357,15.809585365849806,15.205878048776782,15.47,74354.44299999998,0.03883495145637252,-0.12499999999354473
2004-06-17,15.38947368420667,15.464912280697877,15.012280701750624,15.05,20033.710199999998,0.029411764705945292,-0.7499999999900143
2004-06-18,15.056412213736627,15.09414758269336,14.490381679385624,14.83,19340.9841,0.04010025062663023,-0.3749999999931276
2004-06-21,14.78683544303423,15.013164556958223,14.485063291135573,14.9,10273.081000000002,0.03571428571435089,0.21428571429245513
2004-06-22,14.790423940145939,15.167730673312926,14.71496259351254,15.13,18915.089799999998,0.03061224489802471,0.7500000000066767
2004-06-23,15.019640102823901,15.132853470433126,14.64226221079315,14.68,15228.027399999999,0.0326633165829789,-0.6923076922985888
2004-06-24,14.529048843183926,14.8686889460116,14.529048843183926,14.68,18791.1896,0.02337662337669048,0.44444444445424813
2004-06-25,14.453210526311986,14.641894736838251,14.26452631578572,14.34,10842.92,0.0261096605744799,-0.29999999998920646
2004-06-28,14.257173913039603,14.257173913039603,13.804565217387553,13.88,10889.892800000001,0.03174603174609956,-0.8333333333231574
2004-06-29,13.888705234155953,14.039669421483735,13.209366391180934,13.7,16017.5928,0.05978260869571982,-0.22727272726790868
2004-06-30,13.769522471906242,13.84497191010847,13.392275280895113,13.43,7062.968800000001,0.032876712328837404,-0.7499999999900049
2004-07-01,13.38967391303984,13.993152173909241,13.201086956518152,13.88,26748.889600000002,0.059154929577535056,0.6190476190516008
2004-07-02,13.883178082187978,13.920904109585226,13.619095890407227,13.77,13273.0425,0.021739130434853076,-0.37499999998626216
2004-07-05,13.6954308093959,14.449999999996226,13.657702349865884,14.45,47509.04350000001,0.05785123966949033,0.9523809523845136
2004-07-06,13.960422163584708,14.75277044854492,13.73403693931036,14.3,67590.8979,0.07297297297303937,0.3333333333367097
2004-07-07,14.183163538870192,14.183163538870192,13.843672922248299,14.07,24276.966099999998,0.023936170212834763,-0.3333333333212378
2004-07-08,13.843159340655536,14.069478021974156,13.541401098897378,13.73,19541.34,0.03814713896464715,-0.21428571427816134
2004-07-09,13.770914127420006,13.808642659275952,13.58227146814028,13.62,10798.0515,0.01643835616445497,-0.6666666666470518
2004-07-12,13.472869565213484,13.62382608695257,12.944521739126682,13.02,23114.896500000003,0.05042016806729731,-0.6666666666601285
2004-07-13,12.90642857142473,12.981904761900898,12.604523809520057,12.68,17297.8848,0.029239766081946658,-0.5999999999884076
2004-07-14,12.68163009403991,12.83260188087372,12.039999999996224,12.04,18419.06,0.06250000000007395,-0.8095238095180252
2004-07-15,12.038694267512088,12.038694267512088,11.510350318467669,11.85,22288.8504,0.043887147335502766,-0.35714285713503574
2004-07-16,11.77609756097202,12.379999999996226,11.77609756097202,12.38,25483.96,0.05128205128213175,1.0000000000045948
2004-07-19,12.378699690398642,12.416439628479127,12.001300309593807,12.19,18866.0101,0.033536585365931695,-0.45454545453526574
2004-07-20,12.03904024767429,12.22773993807671,11.963560371513323,12.19,17021.2602,0.021943573667792933,0.5714285714406951
2004-07-21,12.03454828660061,12.147725856694036,11.92137071650719,12.11,17857.872,0.018808777429548743,0.3333333333485291
2004-07-22,12.0713846153809,12.410892307688489,11.99593846153477,12.26,32323.329999999998,0.03437500000007998,0.4545454545534521
2004-07-23,12.260903426787458,12.260903426787458,11.657289719622536,12.11,14531.0601,0.049230769230846814,-0.24999999999333666
2004-07-26,12.039677419350953,12.039677419350953,11.662258064512365,11.7,9783.6,0.03134796238252564,-0.8999999999876116
2004-07-27,11.695932203385865,11.733661016945174,11.129999999996228,11.13,25172.350000000002,0.05161290322588738,-0.9374999999921981
2004-07-28,11.134201388885023,11.134201388885023,10.568055555551885,10.87,32216.8032,0.05084745762720402,-0.466666666659176
2004-07-29,10.869041095886688,11.05773972602361,10.680342465749767,11.02,22267.19,0.03472222222231105,0.4000000000089403
2004-07-30,11.134201388885023,11.209687499996107,10.756770833329599,10.87,23915.462399999997,0.04067796610178102,-0.5833333333237147
2004-08-02,10.868321167879243,10.868321167879243,10.339999999996225,10.34,17255.7802,0.048611111111198556,-0.9999999999909625
2004-08-03,10.263597122298467,10.678669064744362,10.074928057550332,10.49,17660.617199999997,0.05882352941185662,0.3750000000056264
2004-08-04,10.338556701027375,11.0177319587591,10.338556701027375,10.98,29113.5606,0.06569343065702461,0.9444444444486106
2004-08-05,10.943205574909078,11.35829268292287,10.829999999996225,10.83,28423.6764,0.048275862069052516,-0.21428571427816276
2004-08-06,10.757746478869452,10.946478873235582,10.606760563376548,10.72,12799.936800000001,0.03157894736851095,-0.11111111109967203
2004-08-09,10.713655172410098,11.053172413789293,10.713655172410098,10.94,14324.318,0.03169014084516094,0.6666666666758124
2004-08-10,10.939999999996227,11.053172413789293,10.75137931034112,10.94,5663.294,0.02758620689664069,1.2501882527350628e-11
2004-08-11,10.945161290318657,10.945161290318657,10.416774193544653,10.53,20248.9551,0.04827586206905249,-0.7857142857056553
2004-08-12,10.408560885605015,10.408560885605015,10.106863468630959,10.22,13998.369499999999,0.028985507246469873,-0.6249999999854292
2004-08-13,10.264525547441508,10.377737226273583,10.113576642332074,10.34,9390.144400000001,0.025735294117741923,0.28571428572749474
2004-08-16,10.416444444440584,10.642888888884945,10.114518518514771,10.19,6314.3550000000005,0.050724637681250524,-0.4285714285634714
2004-08-17,10.184942084938154,10.26038610038214,9.694555984552242,9.77,11960.8013,0.0555555555556484,-0.733333333325372
2004-08-18,9.811320754713279,10.264150943392353,9.735849056600099,10.0,18593.195,0.0538461538462504,0.3571428571493231
2004-08-19,9.889999999996226,9.965496183202305,9.73900763358407,9.89,9045.9168,0.022900763358877523,1.6666442034582e-11
2004-08-20,9.43609022556036,10.153233082702949,9.43609022556036,10.04,8359.981,0.07600000000009807,0.8421052631619845
2004-08-23,10.039037037033317,10.265481481477678,9.888074074070412,10.19,15283.296,0.03759398496250181,0.40000000000894387
2004-08-24,10.04029090908726,10.493236363632548,9.964799999996378,10.38,16504.0975,0.05263157894746255,0.6428571428630708
2004-08-25,10.187732342003649,10.30092936802591,9.923605947951701,10.15,14169.5481,0.037037037037131515,-0.09999999998973753
2004-08-26,10.184558823525666,10.373161764702067,10.033676470584545,10.26,16823.744000000002,0.03333333333342815,0.22222222223268207
2004-08-27,10.186813186809458,10.337728937725153,9.998168498164837,10.3,11743.395299999998,0.03333333333342828,0.3333333333434578
2004-08-30,10.109999999996226,10.26089552238423,9.996828358205223,10.11,10043.4608,0.02611940298517107,1.4287963210428531e-11
2004-08-31,10.299097472920469,10.600902527071986,9.921841155231075,10.45,23008.1463,0.06593406593415671,0.22222222222745058
2004-09-01,10.379032258060796,10.680967741931655,10.341290322576938,10.53,18707.591699999997,0.03272727272736586,0.4444444444542453
2004-09-02,10.527216494841744,11.055463917521974,10.527216494841744,10.98,40586.2356,0.05017921146962426,0.8571428571483775
2004-09-03,10.982260273968842,11.284178082187918,10.869041095886688,11.02,38425.681599999996,0.03780068728531114,0.09090909091795968
2004-09-06,11.09645833332948,11.247430555551649,10.79451388888514,10.87,27209.6352,0.04081632653069863,-0.4999999999905637
2004-09-07,10.938596491224231,10.938596491224231,10.636842105259424,10.75,14640.4215,0.027586206896640722,-0.6249999999854245
2004-09-08,10.750510204077976,11.12772108843159,10.750510204077976,11.09,19406.5872,0.03508771929833546,0.9000000000076113
2004-09-09,11.01544827585827,11.166344827582355,10.864551724134184,10.94,21215.008,0.027397260274060812,-0.24999999998667416
2004-09-10,10.832256944440683,10.907743055551768,10.568055555551885,10.87,14176.396799999999,0.0313588850175111,0.11111111112189298
2004-09-13,10.750889679711475,10.901779359426726,10.562277580067414,10.6,9864.0273,0.0315789473685113,-0.44444444443201975
2004-09-14,10.529383561640229,11.095479452050995,10.529383561640229,11.02,12041.0872,0.05376344086030504,0.8666666666718015
2004-09-15,11.052772277224076,11.580891089105089,10.864158415837998,11.43,55801.5708,0.06484641638233718,0.5263157894782114
2004-09-16,11.510963455145676,11.54870431893304,11.095813953484686,11.36,33056.121,0.039344262295165404,-0.3333333333242625
2004-09-17,11.35282958198992,11.76771704179686,11.239678456588026,11.73,41704.198099999994,0.04651162790706084,0.7142857142915026
2004-09-20,11.807323076919442,12.297723076919292,11.694153846150247,12.26,63029.525,0.05111821086270017,0.7500000000050108
2004-09-21,12.304200626955389,12.643887147331458,11.889028213162417,12.04,49626.447199999995,0.061349693251609945,-0.3499999999945356
2004-09-22,12.070886075945547,12.070886075945547,11.618227848097588,11.92,40700.041600000004,0.037500000000079796,-0.3333333333242618
2004-09-23,11.695899053624071,11.959999999996228,11.582712933750289,11.96,20533.1044,0.0322580645162119,0.7000000000081427
2004-09-24,11.963853820594032,12.039335548168758,11.359999999996225,11.36,49559.108199999995,0.056782334384936996,-0.8888888888820242
2004-09-27,11.204068965513379,11.505862068961548,10.78910344827214,10.94,28289.5,0.06397306397314749,-0.368421052625804
2004-09-28,11.0168135593183,11.243186440674155,10.86589830508106,11.13,13121.010000000002,0.03424657534255357,0.30000000000920607
2004-09-29,11.128620689651335,11.128620689651335,10.939999999996227,10.94,11765.3,0.016949152542461307,-0.9999999999746954
2004-09-30,11.130496453896765,11.130496453896765,10.564539007088452,10.64,8427.5136,0.05084745762720411,-0.8666666666584684
2004-10-08,10.564539007088452,10.90411347517344,10.489078014180679,10.64,16382.3388,0.03928571428580533,0.18181818182683526
2004-10-11,10.673142857139046,10.74857142856759,10.446857142853412,10.56,17465.111999999997,0.028268551236840172,-0.3749999999862586
2004-10-12,10.563176895303044,10.714079422378802,10.33682310468941,10.45,18910.1529,0.035714285714376785,-0.2999999999892051
2004-10-13,10.49056603773189,10.566037735845068,9.924528301883047,10.0,13193.766999999998,0.06115107913678005,-0.7647058823458672
2004-10-14,10.000595238091268,10.000595238091268,9.509999999996225,9.51,16515.576,0.04905660377367997,-0.9999999999902675
2004-10-15,9.433593749996316,9.735468749996198,9.39585937499633,9.66,13432.1152,0.036000000000102145,0.6666666666758134
2004-10-18,9.61951219511804,9.61951219511804,9.24227642276047,9.28,9896.088,0.039215686274609536,-0.8999999999876155
2004-10-19,9.246774193544658,9.624193548383214,9.209032258060802,9.36,10236.571999999998,0.044897959183776696,0.2727272727357073
2004-10-20,9.351666666662771,9.351666666662771,8.936874999996277,9.05,13280.975999999999,0.04435483870977959,-0.7272727272618837
2004-10-21,9.241228070171386,9.241228070171386,8.599999999996227,8.6,20424.4224,0.06938775510214178,-0.9999999999925565
2004-10-22,8.529677419350906,8.529677419350906,8.189999999996225,8.19,26133.8308,0.03982300884966993,-0.9999999999859434
2004-10-25,8.302884615380624,8.340624999995988,7.774519230765493,7.85,43959.76,0.06818181818193023,-0.7999999999919227
2004-10-26,7.582748815162282,7.9977251184796225,7.582748815162282,7.96,19083.114299999997,0.05472636815932884,0.9090909090978081
2004-10-27,7.924886877824469,8.339999999996227,7.849411764702331,8.34,24639.046899999998,0.06190476190488033,0.8461538461598113
2004-10-28,8.302262443435158,8.453212669679434,8.075837104068745,8.34,31223.101,0.0454545454546605,0.10000000000973344
2004-10-29,7.9577142857104946,8.259428571424637,7.919999999996228,7.92,36251.418000000005,0.042654028436139205,-0.11111111109966779
2004-11-01,7.619627906973199,8.29860465115893,7.581906976740658,8.11,39690.591,0.09405940594071309,0.6842105263200977
2004-11-02,8.116507177029609,8.116507177029609,7.852248803823994,7.89,10759.9888,0.032558139535002854,-0.8571428571253298
2004-11-03,7.921395348833524,8.185441860461308,7.883674418600983,8.11,12909.008499999998,0.03809523809535957,0.6250000000104285
2004-11-04,8.073175355446411,8.261800947863383,7.959999999996227,7.96,16344.5875,0.0373831775702128,-0.37499999998625705
2004-11-05,8.036376811590321,8.036376811590321,7.621352657001149,7.81,11515.658399999998,0.051643192488380917,-0.545454545444142
2004-11-08,7.814497607651763,8.003253588512917,7.738995215307301,7.89,8078.5188,0.033816425120896755,0.28571428572748936
2004-11-09,7.809099526062649,7.959999999996227,7.809099526062649,7.96,6419.7594,0.01932367149771012,1.0000000000183762
2004-11-10,7.959116279066064,8.147720930228768,7.808232558135901,8.11,20879.08,0.04265402843613945,0.44444444445424613
2004-11-11,8.144587155959567,8.521651376142879,8.106880733941235,8.22,36847.8206,0.050925925926042344,0.1818181818268365
2004-11-12,8.302262443435158,8.415475113118363,8.18904977375195,8.34,15487.790500000001,0.0272727272728444,0.16666666668259514
2004-11-15,8.374553571424832,8.52544642856762,8.261383928567739,8.45,16822.1088,0.031531531531647,0.2857142857274929
2004-11-16,8.417747747743956,8.455495495491688,8.266756756753033,8.38,12890.962800000001,0.022421524663793414,-0.19999999997893478
2004-11-17,8.370825688069555,8.408532110087885,8.144587155959567,8.22,10465.3952,0.03153153153164708,-0.5714285714121226
2004-11-18,8.185937499996344,8.487723214281923,8.185937499996344,8.45,14902.630400000002,0.03686635944712219,0.8750000000096058
2004-11-19,8.45226666666291,8.527733333329541,8.263599999996327,8.49,19476.2925,0.03125000000011445,0.1428571428708912
2004-11-22,8.454808510634699,8.907744680847271,8.41706382978365,8.87,65931.083,0.05803571428582567,0.8461538461598155
2004-11-23,8.869037656900055,9.208702928866439,8.755815899577925,9.02,45728.0373,0.05106382978734103,0.33333333334092957
2004-11-24,9.012511013211888,9.012511013211888,8.55999999999623,8.56,31516.68,0.05020920502102583,-0.9999999999894562
2004-11-25,8.37638888888501,8.414120370366474,8.149999999996226,8.15,34788.5712,0.031531531531647186,-0.857142857125322
2004-11-26,8.031467889904572,8.295412844032892,7.956055045867909,8.22,18693.936,0.042253521126880016,0.5555555555650298
2004-11-29,8.114516129028518,8.265483870963932,8.114516129028518,8.19,10919.1796,0.018604651162911615,0.5000000000216918
2004-11-30,8.185087719294655,8.599999999996227,8.185087719294655,8.6,33235.56,0.050691244239747205,1.0000000000066833
2004-12-01,8.67682403433104,8.789999999996226,8.48819742488906,8.79,29471.937,0.03478260869576332,0.37500000001125827
2004-12-02,8.7922649572612,8.905470085466279,8.490384615380988,8.83,37769.565599999994,0.04721030042929273,0.09090909091796427
2004-12-03,8.716794871791146,8.943205128201306,8.565854700851041,8.83,25807.766399999997,0.04329004329015295,0.3000000000092074
2004-12-06,8.906434782604823,9.057391304343888,8.679999999996225,8.68,37741.320999999996,0.042372881356039824,-0.5999999999884079
2004-12-07,8.675438596487423,8.750877192978617,8.524561403505032,8.6,26189.539199999996,0.026086956521851373,-0.3333333333151944
2004-12-08,8.642594142255797,9.019999999996225,8.567112970707711,9.02,76440.8279,0.052401746725000475,0.8333333333398275
2004-12-09,8.938577586203046,9.127155172409859,8.561422413789414,8.75,51855.526399999995,0.06329113924061104,-0.3333333333260812
2004-12-10,8.749999999996229,8.825431034478955,8.52370689654805,8.75,35174.3784,0.03448275862079996,1.2498852746404573e-11
2004-12-13,9.172254098356898,9.209999999996226,8.870286885242267,9.21,191325.5484,0.03703703703714199,0.11111111112189274
2004-12-14,9.167727272723486,9.39409090908703,8.941363636359943,9.13,80330.1092,0.0493827160494865,-0.083333333324817
2004-12-15,9.095130434778655,9.095130434778655,8.679999999996225,8.68,45326.513999999996,0.04564315352707608,-0.9999999999884982
2004-12-16,8.486301369859138,8.52401826483629,8.259999999996227,8.26,14894.19,0.03111111111122537,-0.857142857125321
2004-12-17,7.842935779812916,8.446238532106218,7.842935779812916,8.22,40656.7384,0.07692307692319467,0.6250000000052145
2004-12-20,8.149565217387368,8.187294685986382,7.809999999996227,7.81,24901.913699999997,0.04629629629641325,-0.8999999999876176
2004-12-21,7.658199052129071,7.9977251184796225,7.658199052129071,7.96,12948.2893,0.044334975369583175,0.8888888888973808
2004-12-22,7.995981735156166,8.29771689497338,7.845114155247559,8.26,17279.0781,0.05660377358502365,0.5833333333403784
2004-12-23,8.265144230765255,8.340624999995988,7.849999999996226,7.85,19429.092800000002,0.05936073059372093,-0.8461538461444288
2004-12-24,7.921395348833524,8.223162790693848,7.921395348833524,8.11,19102.147999999997,0.03809523809535946,0.6250000000104304
2004-12-27,7.999999999996226,8.150943396222571,7.849056603769882,8.0,11288.5336,0.0377358490567242,1.2500944723790011e-11
2004-12-28,7.919158878500972,8.069999999996229,7.768317757005716,8.07,10736.380000000001,0.03809523809535959,0.5000000000108448
2004-12-29,7.961342592588905,8.149999999996226,7.848148148144514,8.15,21688.8624,0.03791469194324879,0.6250000000104363
2004-12-30,8.150943396222571,8.150943396222571,7.886792452826468,8.0,11141.426800000001,0.0324074074075263,-0.5714285714121219
2004-12-31,7.846336633659482,7.997227722768319,7.582277227719017,7.62,21645.370600000002,0.05288461538473631,-0.545454545444138
2005-01-04,7.617083333329366,7.617083333329366,7.239999999996229,7.24,29629.0368,0.04950495049517429,-0.9999999999873471
2005-01-05,7.279137055833868,7.505431472077408,7.241421319793278,7.43,16124.2727,0.03626943005194588,0.5714285714406943
2005-01-06,7.429999999996228,7.505431472077408,7.241421319793278,7.43,9631.0148,0.03553299492398769,1.4287684453863668e-11
2005-01-07,7.435784313721844,7.737745098035421,7.3980392156826476,7.7,24191.0952,0.04568527918794544,0.7777777777866062
2005-01-10,7.57917073170362,7.805414634142534,7.541463414630468,7.73,11625.816499999999,0.03482587064689345,0.571428571440695
2005-01-11,7.734541062798195,7.809999999996227,7.696811594199181,7.81,15295.0644,0.01463414634159069,0.6666666666941182
2005-01-12,7.772270531397211,7.960917874392289,7.734541062798195,7.81,22641.2253,0.029126213592357907,0.16666666668259594
2005-01-13,7.772270531397211,7.847729468595243,7.696811594199181,7.81,10435.8429,0.019417475728281456,0.2500000000233422
2005-01-14,7.776746411479533,8.116507177029609,7.738995215307301,7.89,25577.838,0.048543689320510786,0.30000000000920224
2005-01-17,7.73802816901045,8.077746478869447,7.662535211264006,8.04,22641.175799999997,0.05365853658548834,0.7272727272800661
2005-01-18,8.106880733941235,8.446238532106218,7.956055045867909,8.22,85281.6654,0.0604651162791859,0.23076923077645303
2005-01-19,8.109999999996226,8.260883720926389,7.883674418600983,8.11,24961.715,0.04651162790709424,1.0002356526248418e-11
2005-01-20,8.035450236963015,8.110900473929805,7.846824644546044,7.96,10905.4717,0.032863849765378546,-0.2857142856989149
2005-01-21,7.849056603769882,8.113207547165983,7.849056603769882,8.0,17148.68,0.03365384615396912,0.5714285714406979
2005-01-24,8.29860465115893,8.33632558139147,7.996837209298605,8.11,20501.238999999998,0.04090909090920646,-0.5555555555428087
2005-01-25,8.106880733941235,8.333119266051222,8.069174311922904,8.22,18097.291800000003,0.0325581395350029,0.42857142858409564
2005-01-26,8.220841121491485,8.220841121491485,7.9945794392486,8.07,7284.025000000001,0.027522935779934858,-0.6666666666470501
2005-01-27,8.001960784309803,8.077450980388196,7.662254901957027,7.7,17312.5008,0.051886792452948666,-0.7272727272618852
2005-01-28,7.656294416239767,7.769441624361538,7.3168527918744575,7.43,14819.561399999999,0.059113300492733827,-0.49999999999055883
2005-01-31,7.429999999996228,7.429999999996228,7.429999999996228,7.43,0.0,1.3458950201889274e-13,3.772093748466432
2005-02-01,7.0922751322713795,7.356349206345314,7.054550264546532,7.13,16863.2226,0.04255319148949666,0.12500000001208636
2005-02-02,7.133538461534803,7.397743589739796,6.79384615384267,7.36,19645.8795,0.08465608465621285,0.3750000000056306
2005-02-03,7.356349206345314,7.394074074070161,7.0922751322713795,7.13,14380.4808,0.041025641025771345,-0.7499999999850155
2005-02-04,7.132263157890983,7.283210526311956,7.132263157890983,7.17,8959.83,0.02116402116415841,0.25000000002334355
2005-02-16,7.241421319793278,7.467715736036817,7.241421319793278,7.43,10763.7451,0.031250000000133706,0.8333333333463204
2005-02-17,7.394545454541719,7.50772727272348,7.356818181814465,7.47,9802.2474,0.020408163265438636,0.5000000000216913
2005-02-18,7.4713300492574035,7.848669950735051,7.4335960591096395,7.66,32331.789699999998,0.05555555555568196,0.45454545455345013
2005-02-21,7.616878048776773,7.805414634142534,7.57917073170362,7.73,17880.899499999996,0.02970297029715709,0.5000000000144568
2005-02-22,7.7699999999962275,7.845436893200074,7.581407766986609,7.77,34822.0958,0.033980582524396334,1.428665769776642e-11
2005-02-23,7.774519230765493,7.925480769226958,7.661298076919392,7.85,29878.6384,0.03398058252439617,0.2857142857274893
2005-02-24,7.814497607651763,7.889999999996224,7.776746411479533,7.89,19480.5347,0.014492753623314333,0.6666666666941233
2005-02-25,7.811320754713296,8.075471698109398,7.811320754713296,8.0,26223.0856,0.03381642512089672,0.7142857142972976
2005-02-28,7.919999999996228,8.03314285713903,7.882285714281959,7.92,26326.419,0.019047619047742832,2.5004409317332074e-11
2005-03-01,7.924886877824469,8.339999999996227,7.849411764702331,8.34,83219.89259999999,0.06190476190488033,0.8461538461598113
2005-03-02,8.417464788728442,8.530704225348106,7.964507042249781,8.04,119907.56189999999,0.0672645739911422,-0.6666666666588223
2005-03-03,7.924528301883054,8.113207547165983,7.811320754713296,8.0,22392.818,0.03809523809535939,0.25000000001167355
2005-03-04,7.919158878500972,8.18313084111767,7.843738317753344,8.07,20126.272,0.042857142857263573,0.4444444444542498
2005-03-07,8.073636363632694,8.413181818177994,8.073636363632694,8.3,34591.304000000004,0.04205607476647379,0.6666666666758152
2005-03-08,8.299999999996228,8.413181818177994,8.149090909087205,8.3,21423.952,0.03181818181829854,1.4286678552705357e-11
2005-03-09,8.370825688069555,8.370825688069555,8.144587155959567,8.22,37142.7092,0.027027027027143317,-0.6666666666470508
2005-03-10,8.224545454541717,8.299999999996228,7.960454545450927,8.3,30431.566000000003,0.041284403669841443,0.2222222222326773
2005-03-11,8.29824561403145,8.71315789473302,8.26052631578585,8.6,101996.66639999999,0.05454545454556864,0.6666666666735216
2005-03-14,8.376799999996278,8.527733333329541,8.188133333329693,8.49,43277.9625,0.040540540540654944,0.3333333333434619
2005-03-15,8.416451612899346,8.416451612899346,8.152258064512372,8.19,24271.5151,0.03139013452926292,-0.8571428571253279
2005-03-16,8.144587155959567,8.408532110087885,8.031467889904572,8.22,23349.522200000003,0.04629629629641327,0.20000000000947205
2005-03-17,8.115492957742667,8.228732394362334,8.002253521123004,8.04,13239.078899999999,0.027906976744305787,-0.33333333331519177
2005-03-18,7.924528301883054,8.113207547165983,7.735849056600124,8.0,15218.1656,0.04761904761916772,0.20000000000947124
2005-03-21,7.9948258706427895,7.9948258706427895,7.579999999996229,7.58,22041.659999999996,0.051886792452948874,-0.9999999999884983
2005-03-22,7.549738219891335,7.549738219891335,7.209999999996224,7.21,17514.7,0.04500000000012657,-0.9999999999859432
2005-03-23,6.978238341965297,7.279999999996228,6.865077720203697,7.28,11898.7009,0.05945945945959424,0.7272727272800639
2005-03-24,7.242279792742361,7.279999999996228,7.05367875647303,7.28,10085.3887,0.03125000000013372,0.16666666668259855
2005-03-25,7.281363636359958,7.620909090905241,7.281363636359958,7.47,17962.104600000002,0.046632124352462466,0.5555555555650324
2005-03-28,7.088367346935158,7.465408163261497,7.088367346935158,7.39,11981.793599999999,0.05319148936183581,0.800000000007879
2005-03-29,7.390833333329484,7.390833333329484,7.202291666662915,7.24,9369.983999999999,0.025510204081764565,-0.799999999975753
2005-03-30,7.240851063825935,7.3162765957407885,7.014574468081375,7.09,8719.5152,0.04166666666679894,-0.49999999998584155
2005-03-31,7.057741935480076,7.057741935480076,6.793548387093121,7.02,10300.9776,0.03743315508035034,-0.14285714284231477
2005-04-01,6.905842105259524,7.245473684206713,6.905842105259524,7.17,14924.348,0.04918032786899012,0.777777777786598
2005-04-04,7.169999999996226,7.245473684206713,6.943578947364767,7.17,10918.445,0.042105263158028344,1.25006157602181e-11
2005-04-05,7.169999999996226,7.20773684210147,6.981315789470011,7.17,12364.744,0.031578947368556064,1.6667487680272427e-11
2005-04-06,7.3989999999963,7.549999999996224,7.3989999999963,7.55,18451.72,0.020408163265438494,1.0000000000183817
2005-04-07,7.919999999996228,7.919999999996228,7.882285714281959,7.92,20409.186,0.004761904762030517,1.0001763726733696e-10
2005-04-08,8.302884615380624,8.302884615380624,7.812259615380858,7.85,55037.7152,0.059090909091022534,-0.9230769230673479
2005-04-11,7.659999999996226,7.735467980291756,7.4713300492574035,7.66,29346.674699999996,0.03448275862081569,1.4287497787664326e-11
2005-04-12,7.618578680199178,7.618578680199178,7.392284263955638,7.43,13768.2315,0.02970297029715711,-0.8333333333129831
2005-04-13,7.356818181814465,7.545454545450734,7.281363636359958,7.47,16626.753,0.035897435897566915,0.4285714285840944
2005-04-14,7.427704081628863,7.540816326526764,7.314591836730961,7.39,10052.84,0.030456852792008743,-0.16666666664926302
2005-04-15,7.3620320855575585,7.3620320855575585,7.022245989301057,7.06,47027.9568,0.04615384615397556,-0.8888888888751605
2005-04-18,7.054055555551637,7.054055555551637,6.752277777774027,6.79,18497.772,0.04278074866323726,-0.8749999999846014
2005-04-19,6.757967914434888,7.09775401069139,6.757967914434888,7.06,9782.4562,0.050279329609079035,0.888888888897387
2005-04-20,7.055459459455646,7.093189189185354,6.904540540536808,6.98,7506.9855,0.02673796791457637,-0.3999999999778796
2005-04-21,6.9809392265154795,7.169613259664546,6.792265193366412,6.83,10863.1313,0.054054054054189504,-0.3999999999889385
2005-04-22,6.791860465112331,6.905058139530869,6.489999999996226,6.49,15615.88,0.06111111111124938,-0.7272727272618841
2005-04-25,6.2631901840452375,6.338650306744578,6.1499999999962265,6.15,13452.716,0.030120481927865796,-0.5999999999768167
2005-04-26,6.076768292679223,6.227743902435227,5.963536585362218,6.19,12222.099999999999,0.04347826086972259,0.42857142858408975
2005-04-27,6.189999999996226,6.189999999996226,6.189999999996226,6.19,0.0,1.6155088852995933e-13,3.7747582837255322
2005-04-28,6.263604651159149,6.489999999996226,5.999476744182559,6.49,32602.892399999997,0.07831325301219523,0.4615384615452146
2005-04-29,6.599162011169497,6.825418994409595,6.410614525136083,6.75,34543.5095,0.06285714285728494,0.3636363636445789
2005-05-09,6.749352941172501,6.7870588235254194,6.40999999999623,6.41,18842.8,0.055865921787849326,-0.8999999999876148
2005-05-10,6.182988505743571,6.559999999996228,6.145287356318306,6.56,11949.641399999999,0.06707317073185816,0.9090909090978115
2005-05-11,6.492254335256363,6.567745664736088,6.303526011557049,6.53,8945.4148,0.0406976744187525,0.14285714287088766
2005-05-12,6.522298850570963,6.673103448272026,6.446896551720432,6.56,10403.286,0.03468208092500351,0.1666666666825994
2005-05-13,6.5622857142819635,6.788571428567549,6.4491428571391705,6.6,11194.592499999999,0.05172413793117911,0.11111111112189626
2005-05-16,6.604519774007567,6.679999999996225,6.566779661013238,6.68,7628.239799999999,0.01714285714300593,0.6666666666941183
2005-05-17,6.63687150837618,6.825418994409595,6.561452513962815,6.75,10579.258,0.039772727272871976,0.42857142858409414
2005-05-18,6.749180327865164,7.013114754094529,6.673770491799631,6.9,14403.4359,0.050279329609079396,0.4444444444542459
2005-05-19,6.907747252743457,6.9454945054906885,6.756758241754529,6.87,9558.4216,0.027322404371725447,-0.19999999997893825
2005-05-20,6.826285714281813,6.826285714281813,6.5999999999962276,6.6,12278.0,0.0331491712708599,-0.9999999999789112
2005-05-23,6.604166666662736,6.604166666662736,6.264523809520081,6.34,8816.4888,0.05142857142871507,-0.7777777777643777
2005-05-24,6.2280346820773245,6.567745664736088,6.2280346820773245,6.53,4236.1125999999995,0.054545454545606394,0.8888888888973846
2005-05-25,6.5245714285676994,6.788571428567549,6.4491428571391705,6.6,8867.005,0.05202312138742865,0.22222222223267946
2005-05-26,6.789130434778919,6.939999999996228,6.789130434778919,6.94,60563.6552,0.022222222222366278,1.000000000018374
2005-05-27,6.862295081963463,6.937704918028996,6.711475409832398,6.9,26310.1662,0.03296703296717389,0.16666666668259847
2005-05-30,6.824590163930697,7.126229508192827,6.824590163930697,6.9,15615.3534,0.04419889502776427,0.2500000000116721
2005-05-31,6.937704918028996,6.975409836061762,6.711475409832398,6.9,8514.806999999999,0.03804347826100818,-0.1428571428423156
2005-06-01,6.833258426962453,6.871011235951196,6.719999999996224,6.72,10357.82,0.0220994475139553,-0.7499999999700311
2005-06-02,6.715454545450729,6.715454545450729,6.564545454541724,6.64,11423.244799999999,0.022471910112505118,-0.49999999997168504
2005-06-03,6.564545454541724,6.790909090905232,6.564545454541724,6.64,16175.807999999999,0.03448275862083674,0.33333333334852855
2005-06-06,6.674581005582863,6.825418994409595,6.674581005582863,6.75,12266.1003,0.022598870056643666,0.5000000000216869
2005-06-07,6.825418994409595,6.9008379888229605,6.674581005582863,6.75,20718.3371,0.033149171270859965,-0.33333333331519227
2005-06-08,6.757967914434888,7.09775401069139,6.757967914434888,7.06,41440.3594,0.050279329609079035,0.888888888897387
2005-06-09,7.095794871791233,7.397743589739796,6.944820512816952,7.36,57196.971,0.06382978723417443,0.5833333333403805
2005-06-10,7.240851063825935,7.3162765957407885,7.052287234038802,7.09,25182.6376,0.03645833333346626,-0.571428571412121
2005-06-13,7.014574468081375,7.203138297868509,7.014574468081375,7.09,14994.936399999999,0.02688172043024622,0.4000000000178793
2005-06-14,7.170967741931627,7.246451612899328,7.019999999996225,7.02,18252.087000000003,0.03157894736855601,-0.6666666666470549
2005-06-15,6.9809392265154795,6.9809392265154795,6.792265193366412,6.83,14091.574,0.02702702702716644,-0.799999999975755
2005-06-16,6.752277777774027,6.86544444444063,6.676833333329624,6.79,12398.4,0.027932960893998732,0.200000000018938
2005-06-17,6.828201058197445,7.129999999996227,6.75275132274775,7.13,22498.824599999996,0.0552486187846686,0.8000000000078822
2005-06-20,7.129999999996227,7.205449735445923,6.828201058197445,7.13,26369.28,0.05291005291018573,1.0001312541093495e-11
2005-06-21,7.129999999996227,7.24317460317077,7.016825396821685,7.13,12661.109999999999,0.031746031746167365,1.6668854235126457e-11
2005-06-22,7.134502617797311,7.360994764394052,7.096753926697854,7.21,23235.4747,0.037037037037172156,0.28571428572749025
2005-06-23,7.21101604277689,7.21101604277689,7.022245989301057,7.06,9316.34,0.026178010471339042,-0.7999999999757589
2005-06-24,6.976861702123949,7.127712765953655,6.9391489361665215,7.09,7139.600799999999,0.027027027027166448,0.6000000000168167
2005-06-27,7.132263157890983,7.283210526311956,7.09452631578574,7.17,15674.221,0.02645502645516293,0.20000000001894006
2005-06-28,7.172251308896768,7.3232460732945945,7.172251308896768,7.21,16500.299,0.021052631579083856,0.250000000023348
2005-06-29,7.135508021386556,7.21101604277689,6.98449197860589,7.06,8054.09,0.031746031746167254,-0.33333333331518883
2005-06-30,7.022022471906166,7.022022471906166,6.719999999996224,6.72,19509.7078,0.04301075268830827,-0.9999999999841879
2005-07-01,6.639999999996227,6.753181818177981,6.564545454541724,6.64,17516.9632,0.028409090909237305,2.0001349973759478e-11
2005-07-04,6.603197674414766,6.640930232554279,6.301337209298662,6.49,12385.5136,0.05142857142871512,-0.33333333332123977
2005-07-05,6.4491428571391705,6.788571428567549,6.411428571424906,6.6,9617.894999999999,0.05847953216388879,0.40000000000894165
2005-07-06,6.755480225984884,6.755480225984884,6.566779661013238,6.68,5350.71,0.027932960893998722,-0.3999999999778791
2005-07-07,6.677727272723478,6.715454545450729,6.602272727268976,6.64,3766.4,0.01694915254252003,-0.33333333329705783
2005-07-08,6.604166666662736,6.604166666662736,6.302261904758153,6.34,11341.8648,0.04571428571443025,-0.8749999999846023
2005-07-11,6.337724550894408,6.526347305385313,6.299999999996227,6.3,6264.17,0.03571428571443788,-0.166666666649262
2005-07-12,6.221470588231634,6.5231176470549865,6.108352941172878,6.41,10247.005,0.06666666666681656,0.45454545455345147
2005-07-13,6.377738095234299,6.490952380948517,6.226785714282007,6.34,7200.48,0.04142011834334564,-0.14285714284231518
2005-07-14,6.261403508768268,6.449999999996228,6.185964912277084,6.45,6903.441,0.04216867469894814,0.7142857142972964
2005-07-15,6.3714942528699,6.635402298846761,6.333793103444634,6.56,20338.425,0.047337278106658554,0.6250000000104281
2005-07-18,6.4565454545415415,6.5698181818142,6.229999999996224,6.23,15098.126999999999,0.05263157894751516,-0.6666666666535923
2005-07-19,6.186826347301683,6.337724550894408,6.149101796403502,6.3,8516.7829,0.030487804878205623,0.6000000000168219
2005-07-20,6.266745562126469,6.379999999996224,6.22899408283655,6.38,5816.8955,0.024096385542324416,0.7500000000200336
2005-07-21,6.418787878783989,6.418787878783989,6.154484848481118,6.23,9201.654,0.04117647058838471,-0.7142857142687241
2005-07-22,6.264523809520081,6.415476190472372,6.151309523805862,6.34,14842.6824,0.042168674698948146,0.2857142857274882
2005-07-25,6.266745562126469,6.417751479286143,6.266745562126469,6.38,6726.0479,0.024096385542324416,0.7500000000200336
2005-07-26,6.336842105259453,6.48771929824182,6.336842105259453,6.45,14089.0149,0.02380952380967777,0.7500000000200301
2005-07-27,6.409195402295166,6.559999999996228,6.333793103444634,6.56,15469.226400000001,0.03529411764720936,0.666666666680391
2005-07-28,6.559999999996228,6.635402298846761,6.484597701145697,6.56,21126.8364,0.02298850574727552,2.5007232057322907e-11
2005-07-29,6.5622857142819635,6.788571428567549,6.486857142853435,6.6,18321.940000000002,0.04597701149439826,0.12500000001208755
2005-08-01,6.5977011494214945,6.635402298846761,6.484597701145697,6.56,11822.2038,0.022857142857291107,-0.24999999997333647
2005-08-02,6.564545454541724,6.677727272723478,6.4890909090872215,6.64,13196.128,0.028735632184056073,0.40000000001787994
2005-08-03,6.714555555551825,6.978611111107234,6.6013888888852215,6.79,38422.35,0.056179775281039485,0.20000000000947088
2005-08-04,6.792265193366412,6.905469613255853,6.603591160217345,6.83,24165.798700000003,0.04444444444458529,0.1250000000120887
2005-08-05,6.826847826083246,6.977717391300556,6.789130434778919,6.94,25634.236,0.027624309392407672,0.6000000000168203
2005-08-08,6.831290322576971,7.057741935480076,6.793548387093121,7.02,28514.6928,0.038674033149312045,0.7142857142972976
2005-08-09,7.013749999996347,7.315416666662856,6.9383333333297195,7.24,48352.416,0.05376344086034996,0.6000000000084099
2005-08-10,7.239999999996229,7.277708333329542,7.051458333329661,7.24,33356.486399999994,0.031250000000133685,1.6668311911743833e-11
2005-08-11,7.317720207250094,7.430880829011694,7.204559585488495,7.28,39466.2998,0.0309278350516789,-0.16666666664926
2005-08-12,7.3242780748623915,7.3620320855575585,7.022245989301057,7.06,43491.5624,0.04639175257744963,-0.7777777777643758
2005-08-15,7.05367875647303,7.317720207250094,6.978238341965297,7.28,23950.5859,0.048128342246124056,0.666666666675816
2005-08-16,7.2405970149217715,7.65542288556833,7.20288557213572,7.58,56357.22419999999,0.06250000000012938,0.7500000000066757
2005-08-17,7.474499999996262,7.587749999996205,7.361249999996319,7.55,39217.6,0.030303030303159943,0.33333333334853377
2005-08-18,7.549999999996224,7.927499999996035,7.474499999996262,7.55,66551.24,0.060000000000124544,8.334760402072369e-12
2005-08-19,7.622842105259147,7.660578947364389,7.169999999996226,7.17,55312.799999999996,0.06435643564368708,-0.923076923067351
2005-08-22,7.169999999996226,7.20773684210147,6.8681052631542805,7.17,33812.514,0.047368421052764426,1.1111658453531297e-11
2005-08-23,7.169072164944758,7.508659793810563,7.093608247419024,7.32,35851.3746,0.05789473684223675,0.3636363636445787
2005-08-24,7.355440414503961,7.430880829011694,7.0913989637268955,7.28,24244.66,0.046153846153975886,-0.22222222221045487
2005-08-25,7.283567839192319,7.623216080398179,7.283567839192319,7.51,51430.933099999995,0.04663212435246259,0.6666666666758159
2005-08-26,7.512488038273918,7.889999999996224,7.474736842101686,7.89,99922.1685,0.05527638190967345,0.9090909090978104
2005-08-29,8.151557788940627,8.26477386934258,7.509999999996226,7.51,127577.1687,0.09259259259270389,-0.8499999999938739
2005-08-30,7.507248677244705,7.507248677244705,7.129999999996227,7.13,57095.9739,0.050251256281533645,-0.999999999987348
2005-08-31,6.983507853399485,7.285497382195138,6.983507853399485,7.21,43498.3209,0.04324324324338023,0.7500000000100177
2005-09-01,7.171282051278373,7.397743589739796,7.171282051278373,7.36,42761.023499999996,0.03157894736855613,0.8333333333463226
2005-09-02,7.394545454541719,7.469999999996227,7.243636363632704,7.47,41964.912000000004,0.030612244898090394,0.3333333333485299
2005-09-05,7.46825242718084,7.845436893200074,7.430533980578916,7.77,58396.2414,0.05555555555568203,0.7272727272800665
2005-09-06,7.7670408163225675,7.880153061220468,7.3899999999962285,7.39,70100.9876,0.06310679611662542,-0.7692307692215082
2005-09-07,7.318217821778555,7.657722772273436,7.2427722772241365,7.62,38776.8492,0.05670103092796394,0.7272727272800663
2005-09-08,7.61771144278228,7.6931343283543825,7.429154228852026,7.58,31302.513899999994,0.03465346534666143,-0.1428571428423167
2005-09-09,7.545893719803118,7.960917874392289,7.508164251204103,7.81,104532.12269999999,0.06000000000012441,0.5833333333403788
2005-09-12,7.849056603769882,8.150943396222571,7.58490566037378,8.0,73718.124,0.07211538461550306,0.2666666666728621
2005-09-13,7.926760563376559,8.266478873235554,7.926760563376559,8.04,82425.50459999999,0.04285714285726353,0.3333333333434636
2005-09-14,7.997321428567856,8.449999999996226,7.733258928567974,8.45,168906.4608,0.08962264150954795,0.6315789473728041
2005-09-15,8.301333333329644,8.678666666662808,8.150399999996377,8.49,113609.205,0.0636363636364763,0.357142857149324
2005-09-16,8.455757575753916,8.908744588740731,8.30476190475831,8.72,176841.8883,0.07142857142868107,0.43750000000552675
2005-09-19,8.679423868309184,9.169999999996225,8.641687242794797,9.17,131080.8096,0.06086956521749947,0.9285714285768162
2005-09-20,9.240551181098725,9.617716535429283,8.863385826768164,9.58,182591.30359999998,0.08163265306132368,0.4500000000044031
2005-09-21,9.467178423232584,10.032946058087123,9.089999999996227,9.09,180245.61110000004,0.0996015936255933,-0.3999999999955727
2005-09-22,8.866375545847657,8.904104803489561,8.639999999996228,8.64,69148.7942,0.029787234042662536,-0.8571428571253258
2005-09-23,8.222283105019077,8.637168949767744,8.222283105019077,8.26,110998.1352,0.05045871559644556,0.09090909091796154
2005-09-26,7.9964912280666685,8.637719298241825,7.9964912280666685,8.6,77672.2128,0.08018867924539791,0.9411764705926505
2005-09-27,8.521651376142879,8.597064220179542,8.182293577977898,8.22,52592.892400000004,0.04867256637179295,-0.7272727272618804
2005-09-28,8.149565217387368,8.338212560382445,7.809999999996227,7.81,55658.159999999996,0.06481481481492955,-0.6428571428487843
2005-09-29,8.032289719622414,8.107710280370043,7.806028037379528,8.07,52718.4292,0.03755868544612936,0.12500000001208994
2005-09-30,8.075471698109398,8.226415094335742,7.849056603769882,8.0,36254.3744,0.0467289719627349,-0.19999999998946927
2005-10-10,8.001960784309803,8.001960784309803,7.624509803917831,7.7,17407.360800000002,0.047169811320873875,-0.7999999999878794
2005-10-11,7.6928971962580865,8.069999999996229,7.579766355136644,8.07,42177.046,0.0637254901962003,0.7692307692368929
2005-10-12,8.001290322576958,8.265483870963932,8.001290322576958,8.19,40259.3373,0.03301886792464899,0.7142857142972976
2005-10-13,8.11418269230379,8.151923076919157,7.812259615380858,7.85,30800.224,0.04186046511639724,-0.7777777777643747
2005-10-14,7.7691428571391565,7.9577142857104946,7.731428571424888,7.92,18819.15,0.029126213592357977,0.6666666666803914
2005-10-17,7.844571428567693,7.9577142857104946,7.731428571424888,7.92,16105.908,0.028846153846277645,0.33333333334852855
2005-10-18,7.738749999996129,7.738749999996129,7.549999999996224,7.55,66935.58,0.02439024390256498,-0.9999999999746986
2005-10-19,7.5422885572101785,7.768557213926484,7.504577114424127,7.58,41605.030199999994,0.035000000000128,0.14285714287088525
2005-10-20,7.579374999996052,7.579374999996052,7.202291666662915,7.24,55982.5728,0.0497512437812199,-0.8999999999876112
2005-10-21,7.2068041237076255,7.395463917521961,7.2068041237076255,7.32,25930.5832,0.02617801047133928,0.6000000000168213
2005-10-24,7.239183673465694,7.5031122448941305,7.239183673465694,7.39,19909.3664,0.03645833333346646,0.5714285714406933
2005-10-25,7.3899999999962285,7.465408163261497,7.314591836730961,7.39,26477.8556,0.020408163265438747,2.500528727079273e-11
2005-10-26,7.46860103626556,7.544041450773293,7.279999999996228,7.28,38525.7336,0.035353535353664506,-0.7142857142687212
2005-10-27,7.433195876284828,7.433195876284828,7.169072164944758,7.32,26332.7258,0.03553299492398762,-0.42857142855551916
2005-10-28,7.472261306528908,7.6609547738654955,7.396783919594272,7.51,108796.20539999999,0.03535353535366439,0.1428571428708902
2005-10-31,7.46825242718084,7.883155339801997,7.392815533976993,7.77,75008.3286,0.06565656565669063,0.615384615391055
2005-11-01,7.694010152280358,7.731725888320947,7.392284263955638,7.43,36102.909499999994,0.04411764705894772,-0.777777777764375
2005-11-02,7.3590452261269546,7.547738693463543,7.2458291457250015,7.51,35559.9866,0.04102564102577135,0.5000000000108454
2005-11-03,7.50772727272348,7.50772727272348,7.356818181814465,7.47,20901.4542,0.02010050251269337,-0.24999999997334021
2005-11-04,7.396783919594272,7.547738693463543,7.3590452261269546,7.51,16252.469299999999,0.025510204081764423,0.600000000016824
2005-11-07,7.545454545450734,7.545454545450734,7.356818181814465,7.47,16614.378,0.02500000000012923,-0.3999999999778763
2005-11-08,7.474499999996262,7.587749999996205,7.3989999999963,7.55,24453.2,0.025252525252655544,0.400000000017888
2005-11-09,7.587749999996205,7.7009999999961485,7.474499999996262,7.55,24966.16,0.0298507462687846,-0.16666666664925803
2005-11-10,7.54736842104866,7.54736842104866,7.169999999996226,7.17,39063.145,0.05000000000012594,-0.9999999999873497
2005-11-11,7.017729729725937,7.1309189189150635,6.866810810807099,6.98,21231.395500000002,0.03763440860228756,-0.1428571428423162
2005-11-14,6.976861702123949,7.127712765953655,6.826010638294242,7.09,14716.3956,0.04324324324338029,0.3750000000112565
2005-11-15,7.059999999996223,7.21101604277689,6.946737967910723,7.06,12821.2062,0.03743315508035006,1.4290003597396832e-11
2005-11-16,6.98449197860589,7.135508021386556,6.757967914434888,7.06,24249.4494,0.054054054054189324,0.20000000000947185
2005-11-17,7.021256544498942,7.247748691095682,6.945759162300028,7.21,29671.066899999998,0.043010752688308326,0.6250000000104293
2005-11-18,7.279999999996228,7.355440414503961,7.129119170980762,7.28,30612.637099999996,0.031088082901687453,1.6666989318937337e-11
2005-11-21,7.359999999996226,7.397743589739796,7.171282051278373,7.36,24010.194,0.030769230769362495,1.666842992127729e-11
2005-11-22,7.360994764394052,7.360994764394052,7.096753926697854,7.21,39086.812999999995,0.03589743589756701,-0.5714285714121212
2005-11-23,7.204559585488495,7.279999999996228,7.166839378234628,7.28,22804.8993,0.015706806282859236,0.6666666666941092
2005-11-24,7.277708333329542,7.277708333329542,7.164583333329602,7.24,19609.1904,0.015544041450912413,-0.3333333332970475
2005-11-25,7.246769230765515,7.435487179483367,7.171282051278373,7.36,30478.0125,0.03645833333346643,0.4285714285840908
2005-11-28,7.43674999999628,7.549999999996224,7.323499999996337,7.55,62748.52,0.03045685279200857,0.500000000014464
2005-11-29,7.473230769226937,7.473230769226937,7.246769230765515,7.36,24478.3305,0.030303030303160092,-0.49999999998112565
2005-11-30,7.358684210522443,7.358684210522443,6.981315789470011,7.17,28714.396,0.051282051282180156,-0.49999999998867695
2005-12-01,7.09452631578574,7.169999999996226,7.019052631575254,7.17,9843.652999999998,0.021276595744818685,0.5000000000216888
2005-12-02,7.204021739126519,7.2417391304308465,6.902282608691901,6.94,12902.08,0.04712041884829976,-0.7777777777643738
2005-12-05,6.901714285710341,6.901714285710341,6.5999999999962276,6.6,15162.0,0.043715846994674075,-0.9999999999841834
2005-12-06,6.717740112990554,6.717740112990554,6.566779661013238,6.68,12639.1098,0.022471910112505027,-0.249999999973339
2005-12-07,6.63687150837618,6.749999999996229,6.561452513962815,6.75,8088.1329000000005,0.028409090909237305,0.6000000000168229
2005-12-08,6.757752808984967,6.833258426962453,6.644494382018738,6.72,5875.1748,0.02793296089399864,-0.19999999997893853
2005-12-09,6.714555555551825,6.903166666662831,6.714555555551825,6.79,11555.82,0.02808988764059421,0.4000000000178814
2005-12-12,6.7945054945017604,6.907747252743457,6.7945054945017604,6.87,6597.4818,0.01666666666681146,0.6666666666941183
2005-12-13,6.907747252743457,6.907747252743457,6.719010989007296,6.87,8306.6256,0.027322404371725575,-0.1999999999789373
2005-12-14,6.824590163930697,6.937704918028996,6.786885245897931,6.9,9761.933700000001,0.022099447513955404,0.5000000000216865
2005-12-15,6.975409836061762,6.975409836061762,6.862295081963463,6.9,9214.5075,0.016216216216357254,-0.6666666666274359
2005-12-16,6.9454945054906885,6.9454945054906885,6.832252747248993,6.87,4850.118,0.016304347826228527,-0.6666666666274407
2005-12-19,6.828201058197445,7.205449735445923,6.828201058197445,7.13,52393.7673,0.05524861878466873,0.8000000000078803
2005-12-20,7.129999999996227,7.129999999996227,7.129999999996227,7.13,0.0,1.4025245441800685e-13,3.772981926886132
2005-12-21,7.050819672127295,7.050819672127295,6.824590163930697,6.9,18221.7858,0.03208556149746348,-0.6666666666470525
2005-12-22,6.862295081963463,6.89999999999623,6.786885245897931,6.9,12376.0338,0.016483516483659807,0.3333333333637235
2005-12-23,6.826847826083246,6.977717391300556,6.826847826083246,6.94,8502.3088,0.02209944751395543,0.7500000000200311
2005-12-26,6.976861702123949,7.203138297868509,6.901436170209095,7.09,25636.056,0.04324324324338029,0.3750000000112565
2005-12-27,7.0922751322713795,7.205449735445923,7.016825396821685,7.13,11397.5694,0.02659574468098818,0.20000000001894136
2005-12-28,7.167724867721075,7.167724867721075,7.016825396821685,7.13,5229.63,0.021052631579083866,-0.24999999997334438
2005-12-29,7.057741935480076,7.1332258064477765,6.869032258060822,7.02,15825.1404,0.037433155080350215,-0.14285714284231524
2005-12-30,7.050819672127295,7.126229508192827,6.862295081963463,6.9,20146.47,0.037433155080350375,-0.5714285714121209
2006-01-04,6.944516129028524,7.019999999996225,6.906774193544673,7.02,9197.0862,0.016304347826228558,0.6666666666941145
2006-01-05,7.055876288656157,7.357731958759095,6.980412371130424,7.32,70178.8792,0.05347593582901108,0.7000000000081452
2006-01-06,7.316019900493873,7.65542288556833,7.20288557213572,7.58,115075.41449999998,0.06185567010322092,0.5833333333403776
2006-01-09,7.579999999996229,7.579999999996229,7.579999999996229,7.58,0.0,1.319261213720799e-13,3.7712055700467317
2006-01-10,7.579999999996229,7.579999999996229,7.579999999996229,7.58,0.0,1.319261213720799e-13,3.7712055700467317
2006-01-11,7.579999999996229,7.579999999996229,7.579999999996229,7.58,0.0,1.319261213720799e-13,3.7712055700467317
2006-01-12,7.579999999996229,7.579999999996229,7.579999999996229,7.58,0.0,1.319261213720799e-13,3.7712055700467317
2006-01-13,7.579999999996229,7.579999999996229,7.579999999996229,7.58,0.0,1.319261213720799e-13,3.7712055700467317
2006-01-16,7.579999999996229,7.579999999996229,7.579999999996229,7.58,0.0,1.319261213720799e-13,3.7712055700467317
2006-01-17,7.579999999996229,7.579999999996229,7.579999999996229,7.58,0.0,1.319261213720799e-13,3.7712055700467317
2006-01-18,7.579999999996229,7.579999999996229,7.579999999996229,7.58,0.0,1.319261213720799e-13,3.7712055700467317
2006-01-19,7.959999999996227,7.959999999996227,7.959999999996227,7.96,7362.887199999999,1.2562814070356136e-13,3.772981926886132
2006-01-20,8.372571428567442,8.372571428567442,7.919999999996228,7.92,103795.125,0.05405405405416713,-0.9999999999894557
2006-01-23,7.7691428571391565,7.9577142857104946,7.693714285710621,7.92,38166.366,0.03398058252439605,0.5714285714406986
2006-01-24,8.340967741931639,8.340967741931639,8.03903225806081,8.19,55169.060099999995,0.03619909502273993,-0.49999999998584216
2006-01-25,8.186818181814461,8.337727272723482,8.149090909087205,8.3,39963.308000000005,0.023041474654497143,0.6000000000168225
2006-02-06,8.337727272723482,8.413181818177994,8.186818181814461,8.3,61085.508,0.027149321267085014,-0.16666666664925736
2006-02-07,8.299999999996228,8.299999999996228,8.299999999996228,8.3,0.0,1.204819277108836e-13,3.772981926886132
2006-02-08,8.299999999996228,8.299999999996228,8.299999999996228,8.3,0.0,1.204819277108836e-13,3.772981926886132
2006-02-09,8.299999999996228,8.299999999996228,8.299999999996228,8.3,0.0,1.204819277108836e-13,3.772981926886132
2006-02-10,8.299999999996228,8.299999999996228,8.299999999996228,8.3,0.0,1.204819277108836e-13,3.772981926886132
2006-02-13,8.299999999996228,8.299999999996228,8.299999999996228,8.3,0.0,1.204819277108836e-13,3.772981926886132
2006-02-14,8.299999999996228,8.299999999996228,8.299999999996228,8.3,0.0,1.204819277108836e-13,3.772981926886132
2006-02-15,8.299999999996228,8.299999999996228,8.299999999996228,8.3,0.0,1.204819277108836e-13,3.772981926886132
2006-02-16,8.299999999996228,8.299999999996228,8.299999999996228,8.3,0.0,1.204819277108836e-13,3.772981926886132
2006-02-17,8.299999999996228,8.299999999996228,8.299999999996228,8.3,0.0,1.204819277108836e-13,3.772981926886132
2006-02-20,8.299999999996228,8.299999999996228,8.299999999996228,8.3,0.0,1.204819277108836e-13,3.772981926886132
2006-02-21,8.299999999996228,8.299999999996228,8.299999999996228,8.3,0.0,1.204819277108836e-13,3.772981926886132
2006-02-22,8.299999999996228,8.299999999996228,8.299999999996228,8.3,0.0,1.204819277108836e-13,3.772981926886132
2006-02-23,8.299999999996228,8.299999999996228,8.299999999996228,8.3,0.0,1.204819277108836e-13,3.772981926886132
2006-02-24,8.299999999996228,8.299999999996228,8.299999999996228,8.3,0.0,1.204819277108836e-13,3.772981926886132
2006-02-27,8.299999999996228,8.299999999996228,8.299999999996228,8.3,0.0,1.204819277108836e-13,3.772981926886132
2006-02-28,8.299999999996228,8.299999999996228,8.299999999996228,8.3,0.0,1.204819277108836e-13,3.772981926886132
2006-03-01,8.299999999996228,8.299999999996228,8.299999999996228,8.3,0.0,1.204819277108836e-13,3.772981926886132
2006-03-02,8.68630057802966,8.735375722538302,8.342774566469165,8.49,122201.02389999999,0.04519774011310426,-0.499999999986225
2006-03-03,8.439340659336022,8.929999999995093,8.341208791204208,8.93,162711.2578,0.06976744186057537,0.8333333333402514
2006-03-06,9.026222222217207,9.026222222217207,8.68283333332851,8.83,77338.404,0.038043478260976,-0.5714285714126217
2006-03-07,8.880643274848609,8.880643274848609,8.389999999995094,8.39,71605.2069,0.05524861878463679,-0.9999999999879622
2006-03-08,8.240946745557252,8.388106508870775,7.995680473368049,8.29,36462.1049,0.047619047619163204,0.1250000000121828
2006-03-09,8.240946745557252,8.437159763308616,8.191893491119412,8.29,22954.2053,0.029761904762022454,0.20000000001918708
2006-03-10,8.291871345024392,8.389999999995094,8.24280701753904,8.39,21999.1671,0.01775147929005934,0.6666666666954658
2006-03-13,8.29094117646571,8.43811764705386,8.29094117646571,8.34,11931.279999999999,0.01775147929005943,0.3333333333644086
2006-03-14,8.341860465111429,8.439999999995093,8.292790697669597,8.44,17126.865599999997,0.017647058823647237,0.6666666666954667
2006-03-15,8.433863636358844,8.679034090904159,8.384829545449781,8.63,36529.504,0.03488372093034688,0.6666666666810752
2006-03-16,8.62902857142364,8.678057142852184,8.481942857138009,8.58,19145.735,0.022727272727386203,-0.24999999997372355
2006-03-17,8.538139534878757,8.63627906976242,8.390930232553261,8.44,20879.338,0.028735632184021694,-0.3999999999783753
2006-03-20,8.431954022983659,8.579022988500816,8.33390804597222,8.53,15341.058,0.02906976744197562,0.40000000001836994
2006-03-21,8.481942857138009,8.62902857142364,8.432914285709465,8.58,23489.1825,0.023121387283352394,0.5000000000224544
2006-03-22,8.534748603347186,8.878100558654257,8.485698324017605,8.78,51413.5256,0.04597701149436463,0.6250000000109094
2006-03-23,8.731888888884038,8.97716666666168,8.584722222217453,8.83,39609.918,0.044943820224828485,0.2500000000118626
2006-03-24,8.82808988763549,8.82808988763549,8.680955056174898,8.73,30528.958,0.016666666666778136,-0.6666666666288021
2006-03-27,8.53193181817697,8.973238636358538,8.384829545449781,8.63,23100.2112,0.06896551724148842,0.16666666667471916
2006-03-28,8.629999999995096,8.679034090904159,8.482897727267908,8.63,22389.664,0.02272727272738583,2.5005670252227545e-11
2006-03-29,8.629999999995096,8.728068181813223,8.53193181817697,8.63,26647.0864,0.022727272727386033,2.500567025222732e-11
2006-03-30,8.529999999995097,8.628045977006535,8.529999999995097,8.53,20795.731799999998,0.011494252873679106,5.00045491527178e-11
2006-03-31,8.579999999995096,8.776114285709271,8.481942857138009,8.58,29304.502500000002,0.03428571428582707,1.6672323540691204e-11
2006-04-03,8.729039548017665,8.729039548017665,8.532881355927382,8.68,32415.443700000003,0.022471910112471436,-0.2499999999737181
2006-04-04,8.68375690607255,8.978121546956366,8.585635359111278,8.88,55082.354400000004,0.0451977401131045,0.5000000000112289
2006-04-05,8.879999999995094,8.978121546956366,8.732817679553186,8.88,49886.0797,0.02762430939237479,2.0000897834763952e-11
2006-04-06,9.121355932198236,9.121355932198236,8.630960451972523,8.68,56462.38050000001,0.05376344086031893,-0.8999999999881625
2006-04-07,8.679999999995095,8.778079096040237,8.532881355927382,8.68,41346.4035,0.028248587570733393,2.0002310100030765e-11
2006-04-10,8.68283333332851,8.879055555550623,8.535666666661925,8.83,40524.479999999996,0.03954802259898073,0.42857142858446395
2006-04-11,8.829050279324676,8.878100558654257,8.63284916200635,8.78,49215.13710000001,0.027777777777887827,-0.19999999997918513
2006-04-12,8.829050279324676,8.829050279324676,8.681899441335931,8.78,29625.5561,0.01666666666677808,-0.3333333332977342
2006-04-13,8.782802197797372,9.126263736258721,8.782802197797372,8.93,95372.4044,0.039106145251506054,0.4285714285844671
2006-04-14,8.830939226514458,8.978121546956366,8.68375690607255,8.88,55905.2347,0.03333333333344299,0.16666666668276992
2006-04-17,8.779999999995095,8.878100558654257,8.730949720665512,8.78,48401.6895,0.016759776536424877,3.3329889931893494e-11
2006-04-18,8.827118644062809,8.827118644062809,8.630960451972523,8.68,35297.0922,0.02222222222233309,-0.7499999999711714
2006-04-19,8.679999999995095,8.778079096040237,8.630960451972523,8.68,23503.122,0.016949152542486162,3.333718349996055e-11
2006-04-20,8.682426035497821,8.682426035497821,8.240946745557252,8.29,77368.8422,0.05084745762722813,-0.8888888888757636
2006-04-21,8.287108433729948,8.287108433729948,7.894819277103679,8.14,41982.9438,0.04733727810662376,-0.37499999998654404
2006-04-24,8.088036809810989,8.235092024534826,7.891963190179209,7.99,26096.7401,0.04242424242436069,-0.2857142856991669
2006-04-25,7.941951219507352,8.138048780482842,7.892926829263479,8.04,22372.699599999996,0.030864197530986258,0.40000000001836505
2006-04-26,8.043809523804736,8.239999999995096,7.896666666661967,8.24,37124.152799999996,0.04268292682938725,0.5714285714411936
2006-04-27,8.137055214718934,8.235092024534826,7.989999999995098,7.99,24760.515,0.03012048192783007,-0.5999999999775504
2006-04-28,7.9471698113157565,7.9471698113157565,7.652830188674431,7.8,28508.5569,0.0370370370371583,-0.499999999981634
2006-05-08,7.797664670654013,8.189999999995095,7.797664670654013,8.19,36677.3583,0.050314465408926715,1.000000000009952
2006-05-09,8.194651162785933,8.538139534878757,8.096511627902268,8.44,49068.400799999996,0.05389221556897793,0.5555555555654071
2006-05-10,8.390930232553261,8.538139534878757,8.243720930227765,8.44,60634.833199999994,0.035087719298360735,0.16666666668276495
2006-05-11,8.390930232553261,8.783488372087916,8.292790697669597,8.44,64373.855200000005,0.058479532163854896,0.10000000000979518
2006-05-12,8.434802259882238,8.679999999995095,8.336723163837096,8.68,75591.72630000001,0.040697674418718514,0.7142857142979231
2006-05-15,8.727741935479177,9.119999999995096,8.678709677414687,9.12,113540.3892,0.05056179775291791,0.888888888897986
2006-05-16,9.170395480220806,9.170395480220806,8.679999999995095,8.68,99338.5242,0.053475935828980165,-0.9999999999879597
2006-05-17,8.67684782608224,9.118043478255913,8.578804347821423,9.02,81893.61600000001,0.06214689265547539,0.6363636363715482
2006-05-18,9.217081081076099,9.217081081076099,8.873891891887094,9.07,73077.183,0.03723404255329604,-0.4285714285558925
2006-05-19,9.069999999995098,9.069999999995098,9.069999999995098,9.07,0.0,1.1025358324150278e-13,4.902744876744691
2006-05-22,9.225567010304522,9.519999999995091,9.02927835051081,9.52,100071.7378,0.05319148936180465,0.6000000000087805
2006-05-23,9.71437499999494,10.008749999994787,9.370937499995119,9.42,137534.9184,0.06565656565666192,-0.46153846153004385
2006-05-24,9.32252747252235,9.567857142851885,8.929999999995093,8.93,83014.8774,0.0684210526316788,-0.6153846153759579
2006-05-25,8.825806451608157,9.365161290317543,8.629677419350198,9.12,66446.65860000001,0.08333333333343701,0.4000000000061241
2006-05-26,9.122857142852316,9.368095238090282,8.975714285709538,9.27,59205.195,0.04301075268827688,0.37500000001154254
2006-05-29,9.316751269030803,9.659999999995096,9.267715736035903,9.66,89735.86399999999,0.04210526315799762,0.8750000000102703
2006-05-30,9.708061224484842,9.806122448974588,9.462908163260476,9.61,68681.1244,0.03535353535363482,-0.28571428569916624
2006-05-31,9.565671641786285,9.958109452731364,9.516616915418151,9.86,105920.02529999998,0.046153846153945834,0.6666666666762696
2006-06-01,9.859478672981108,10.349999999995093,9.81042654027971,10.35,172882.7867,0.054726368159299744,0.9090909090983181
2006-06-02,10.548122065722746,10.597183098586575,10.106572769948306,10.45,139098.7767,0.04651162790706728,-0.19999999998958978
2006-06-05,10.54193548386611,10.836129032253071,10.345806451608135,10.64,114651.29899999998,0.04651162790706721,0.20000000000959187
2006-06-06,10.640614035083052,11.179999999995097,10.493508771925223,11.18,191343.0948,0.06451612903234598,0.7857142857202839
2006-06-07,11.179354838704525,11.3754838709625,10.639999999995096,10.64,111598.95529999999,0.06578947368429414,-0.7333333333256669
2006-06-08,10.099999999995097,10.198058252422234,10.099999999995097,10.1,36070.6,0.009708737864175728,4.999828933661367e-11
2006-06-09,9.609999999995095,10.051275510198952,9.609999999995095,9.61,122733.7496,0.045918367347038115,1.1114419722289199e-11
2006-06-12,9.609999999995095,9.609999999995095,9.609999999995095,9.61,0.0,1.0405827263271658e-13,4.9045212335840915
2006-06-13,9.854153846148792,9.854153846148792,9.265846153841402,9.56,50676.580500000004,0.05970149253740884,-0.49999999999081496
2006-06-14,9.465728643211323,9.809045226125724,9.318592964819437,9.76,48274.3752,0.051813471502690854,0.6000000000087781
2006-06-15,9.759040404035476,10.053282828277752,9.660959595954717,9.71,44437.417199999996,0.040201005025224036,-0.12499999998718073
2006-06-16,9.662849999995167,9.859049999995069,9.564749999995216,9.81,40752.12,0.030456852791978458,0.5000000000149751
2006-06-19,9.711899999995143,9.859049999995069,9.564749999995216,9.81,47339.86,0.030303030303130096,0.33333333334887183
2006-06-20,9.808080808075855,9.906161616156615,9.56287878787396,9.71,32589.9882,0.03500000000009841,-0.2857142856991678
2006-06-21,9.709999999995096,9.808080808075855,9.41575757575282,9.71,57734.9586,0.04040404040413929,1.2501225595361275e-11
2006-06-22,9.615643564351675,9.909999999995094,9.517524752470536,9.91,43884.9444,0.04081632653071201,0.75000000001059
2006-06-23,9.906698564588561,10.397129186597896,9.857655502387626,10.25,123900.44589999999,0.054455445544650066,0.636363636371546
2006-06-26,10.301886792447972,10.399999999995096,10.05660377358016,10.4,69394.0448,0.033333333333427424,0.2857142857277354
2006-06-27,10.496190476185479,10.545238095233074,10.152857142852307,10.3,52686.186,0.03738317757018533,-0.49999999998622413
2006-06-28,10.2509523809475,10.447142857137882,10.152857142852307,10.3,32256.420000000002,0.028708133971386704,0.16666666668277022
2006-06-29,10.350943396221533,10.498113207542218,10.301886792447972,10.4,78427.9584,0.018957345971658688,0.25000000002372696
2006-06-30,10.105273631835768,10.105273631835768,9.859999999995093,9.86,64275.77999999999,0.02427184466029083,-0.9999999999759195
2006-07-03,9.56287878787396,9.857121212116233,9.51383838383358,9.71,93224.637,0.03589743589753655,0.4285714285844665
2006-07-04,9.714679802950881,10.009064039403938,9.714679802950881,9.96,102591.3686,0.03030303030313013,0.833333333347166
2006-07-05,10.0071641790995,10.0071641790995,9.71283582089069,9.86,45182.347799999996,0.029411764705979313,-0.4999999999816378
2006-07-06,9.804878048775706,10.049999999995098,9.755853658531827,10.05,84489.807,0.030000000000098958,0.8333333333471661
2006-07-07,10.05524999999497,10.104299999994947,9.809999999995094,9.81,51534.38,0.029268292683023323,-0.8333333333138278
2006-07-10,9.812807881768567,10.009064039403938,9.763743842359723,9.96,61722.0079,0.02500000000009946,0.6000000000175479
2006-07-11,9.958490566033039,10.449056603768655,9.860377358485914,10.4,138097.224,0.05911330049270527,0.7500000000070604
2006-07-12,10.34904761904269,10.398095238090287,10.103809523804713,10.3,66229.77900000001,0.028436018957439767,-0.16666666664942745
2006-07-13,10.30049999999485,10.30049999999485,9.809999999995094,9.81,56797.0,0.04761904761914017,-0.9999999999879586
2006-07-14,9.618144329891948,9.716288659788805,9.323711340201378,9.52,69744.1252,0.04081632653071211,-0.24999999998685876
2006-07-17,9.41759999999529,9.908099999995045,9.368549999995315,9.81,56118.46,0.05729166666676677,0.7272727272804748
2006-07-18,9.808080808075855,9.857121212116233,9.56287878787396,9.71,25395.975,0.03000000000009871,-0.3333333333155362
2006-07-19,9.65805128204633,9.805128205123177,9.51097435896948,9.56,23745.54,0.03045685279197864,-0.3333333333155329
2006-07-20,9.51842364531551,10.05812807881278,9.51842364531551,9.96,75221.93419999999,0.056701030927934076,0.8181818181893926
2006-07-21,9.959059405935662,10.008118811876233,9.811881188113954,9.91,29972.3762,0.019704433497635388,-0.24999999997371516
2006-07-24,9.903883495140823,10.198058252422234,9.707766990286549,10.1,71521.243,0.04950495049514552,0.40000000000918384
2006-07-25,10.100966183570002,10.29710144927039,10.002898550719806,10.15,54845.0226,0.029126213592329222,0.16666666668276064
2006-07-26,10.157205882347961,10.255343137249874,10.009999999995092,10.01,27754.5468,0.02415458937207677,-0.5999999999775509
2006-07-27,9.95195121950734,10.197073170726734,9.853902439019583,10.05,34083.320499999994,0.03448275862078677,0.2857142857277427
2006-07-28,10.051932367144902,10.199033816420195,9.904830917869612,10.15,46069.6716,0.029268292683023504,0.3333333333488689
2006-07-31,10.150355329944086,10.199390862938985,9.659999999995096,9.66,38485.92,0.05314009661845088,-0.9090909090801298
2006-08-01,9.618144329891948,9.765360824737233,9.421855670098235,9.52,25467.5634,0.03571428571438586,-0.285714285699165
2006-08-02,9.560969387750223,9.757091836729714,9.413877551015604,9.61,20390.8992,0.035897435897536654,0.14285714287101364
2006-08-03,9.610964467000198,9.758071065984893,9.512893401010398,9.66,15693.0594,0.025510204081734066,0.20000000001918386
2006-08-04,9.663368421047545,9.712421052626468,9.221894736837251,9.32,17732.661999999997,0.05076142131989524,-0.6999999999885712
2006-08-07,9.274426229503128,9.274426229503128,8.881857923492413,8.98,31899.297300000002,0.042328042328145576,-0.749999999985586
2006-08-08,8.924812834219825,9.219037433150149,8.875775401064772,9.17,24255.5456,0.03846153846164612,0.7142857142979244
2006-08-09,9.169999999995095,9.317112299460256,9.022887700529933,9.17,23977.102600000002,0.032085561497431546,1.6669310626637667e-11
2006-08-10,9.17190476189991,9.319047619042689,9.122857142852316,9.27,19162.4076,0.021390374331657466,0.5000000000224457
2006-08-11,9.369052631574016,9.51621052631078,9.221894736837251,9.32,17910.882,0.03141361256554841,-0.16666666664943222
2006-08-14,9.265108695647136,9.41217391303836,8.970978260864689,9.02,17513.6536,0.04761904761915028,-0.5555555555431821
2006-08-15,9.027499999995298,9.469062499995069,9.027499999995298,9.42,28641.888,0.0489130434783663,0.8888888888979862
2006-08-16,9.419057591618104,9.419057591618104,8.977539267011005,9.37,15983.338399999999,0.04687500000010121,-0.11111111109974803
2006-08-17,9.268074866305202,9.317112299460256,9.071925133684987,9.17,10778.493,0.026455026455131366,-0.3999999999783625
2006-08-18,9.17190476189991,9.319047619042689,9.17190476189991,9.27,9268.0308,0.01604278074877031,0.6666666666954636
2006-08-21,9.022887700529933,9.169999999995095,8.826737967909716,9.17,12130.2973,0.038043478260976295,0.42857142858446656
2006-08-22,9.220952380947502,9.269999999995095,9.122857142852316,9.27,11747.521799999999,0.015957446808617288,0.3333333333644037
2006-08-23,9.317112299460256,9.317112299460256,9.022887700529933,9.17,9793.676200000002,0.0315789473685248,-0.4999999999816283
2006-08-24,9.17376963350305,9.468115183241114,9.075654450257028,9.37,25707.7023,0.04278074866320573,0.5000000000112297
2006-08-25,9.369052631574016,9.369052631574016,9.025684210521566,9.32,39487.358,0.036649214659788557,-0.1428571428424403
2006-08-28,9.224663212430453,9.519067357508021,9.175595854917526,9.47,32850.954600000005,0.03723404255329575,0.7142857142979251
2006-08-29,9.51621052631078,9.51621052631078,9.319999999995094,9.32,22550.283,0.020618556701133908,-0.9999999999698981
2006-08-30,9.319047619042689,9.319047619042689,9.17190476189991,9.27,18984.672,0.01578947368431607,-0.3333333332977403
2006-08-31,9.27281249999517,9.419999999995094,9.223749999995196,9.42,21864.192,0.021164021164126735,0.7500000000211763
2006-09-01,9.412923076918249,9.609025641020713,9.216820512815787,9.56,57082.447499999995,0.0416666666667684,0.3750000000115483
2006-09-04,9.560969387750223,9.757091836729714,9.413877551015604,9.61,45155.46,0.035897435897536654,0.14285714287101364
2006-09-05,9.610964467000198,9.709035532989995,9.4638578680155,9.66,28132.4077,0.025510204081734066,0.20000000001918386
2006-09-06,9.709999999995096,9.759040404035476,9.56287878787396,9.71,31483.6632,0.020202020202121047,2.5002451190658934e-11
2006-09-07,9.707076923071945,9.707076923071945,9.412923076918249,9.56,21659.1375,0.03030303030313028,-0.49999999998163
2006-09-08,9.469359605906666,10.05812807881278,9.469359605906666,9.96,96434.2974,0.062176165803207874,0.8333333333402512
2006-09-11,9.909999999995094,10.057178217816801,9.713762376232815,9.91,49968.073399999994,0.0346534653466319,1.4286753831096366e-11
2006-09-12,10.009064039403938,10.20532019703931,9.812807881768567,9.96,57019.67529999999,0.03921568627460581,-0.12499999998718409
2006-09-13,9.959059405935662,10.155297029697941,9.860940594054522,9.91,45168.715000000004,0.029556650246402874,-0.16666666664942656
2006-09-14,9.809045226125724,10.005226130648238,9.465728643211323,9.76,43411.5714,0.055000000000096326,-0.0909090908998312
2006-09-15,9.711899999995143,9.859049999995069,9.613799999995193,9.81,36832.24,0.025252525252625488,0.40000000001837577
2006-09-18,9.812807881768567,10.05812807881278,9.812807881768567,9.96,35925.7017,0.02500000000009928,0.6000000000175523
2006-09-19,10.057178217816801,10.057178217816801,9.860940594054522,9.91,34020.133,0.01951219512204872,-0.7499999999711672
2006-09-20,9.903883495140823,10.149029126208664,9.903883495140823,10.1,54618.737,0.024752475247623067,0.8000000000167418
2006-09-21,10.050970873781527,10.149029126208664,9.903883495140823,10.1,26740.242000000002,0.02439024390253594,0.20000000001919216
2006-09-22,10.100966183570002,10.248067632845292,9.953864734294708,10.15,58673.528999999995,0.029126213592329222,0.16666666668276064
2006-09-25,10.148048780482855,10.34414634145837,9.902926829263462,10.05,50080.35199999999,0.043478260869659516,-0.22222222221060542
2006-09-26,10.157205882347961,10.157205882347961,9.862794117642222,10.01,32146.891200000002,0.0289855072464725,-0.49999999998163097
2006-09-27,9.960931372544135,10.059068627446047,9.862794117642222,10.01,16614.2904,0.019704433497635305,0.25000000002373696
2006-09-28,10.009999999995092,10.108137254897006,9.960931372544135,10.01,34575.1644,0.014705882353039832,3.33415612798969e-11
2006-09-29,10.008118811876233,10.057178217816801,9.860940594054522,9.91,52638.1902,0.01960784313735287,-0.49999999997245026
2006-10-09,9.95291262135439,10.149029126208664,9.903883495140823,10.1,44323.0012,0.02463054187201903,0.6000000000175634
2006-10-10,10.101923076918219,10.29807692307197,9.905769230764466,10.2,86677.0528,0.0388349514564059,0.25000000001186445
2006-10-11,10.156542056070018,10.549065420555817,10.058411214948569,10.5,106501.16600000001,0.04830917874405511,0.7000000000085775
2006-10-12,10.54716981131578,10.743396226410027,10.350943396221533,10.4,88297.19440000001,0.037209302325672704,-0.3749999999865423
2006-10-13,10.299545454540771,10.93713636363139,10.299545454540771,10.79,134180.728,0.06190476190485297,0.7692307692372563
2006-10-16,10.74095454544966,11.084272727267685,10.593818181813365,10.79,85119.40800000001,0.0456621004567096,0.10000000000979968
2006-10-17,10.746279069762444,10.844418604646119,10.451860465111418,10.55,55724.56,0.03652968036538647,-0.4999999999862258
2006-10-18,10.443870967737123,10.68903225805959,10.443870967737123,10.64,35201.3928,0.023474178403849383,0.8000000000167378
2006-10-19,10.64096330274741,10.935183486233514,10.542889908252041,10.69,59669.3468,0.036866359447095265,0.12500000001218467
2006-10-20,10.692380952375862,10.692380952375862,10.2509523809475,10.3,51287.25,0.041284403669814555,-0.888888888875762
2006-10-23,10.30441176470083,10.402549019602743,9.813725490191267,10.01,51880.525200000004,0.057142857142948644,-0.499999999990817
2006-10-24,9.954807692302904,10.199999999995095,9.905769230764466,10.2,31311.4464,0.02955665024640296,0.8333333333471731
2006-10-25,10.206274509798918,10.206274509798918,9.862794117642222,10.01,28817.3052,0.03365384615394099,-0.5714285714126193
2006-10-26,9.959999999995095,10.156256157630466,9.910935960586253,9.96,22003.9211,0.024630541872019032,1.999956648297997e-11
2006-10-27,9.954213197964489,10.052284263954286,9.561928934005298,9.66,38911.144499999995,0.049261083743937735,-0.5999999999887744
2006-10-30,9.609999999995095,9.757091836729714,9.462908163260476,9.61,26988.631599999997,0.0306122448980601,1.667162958341491e-11
2006-10-31,9.613799999995193,9.859049999995069,9.613799999995193,9.81,25359.5,0.02551020408173388,0.8000000000167462
2006-11-01,9.809999999995094,9.809999999995094,9.564749999995216,9.81,17721.38,0.02500000000009944,2.0005290888505323e-11
2006-11-02,9.807106598979793,9.807106598979793,9.561928934005298,9.66,19532.6091,0.025000000000099436,-0.5999999999775503
2006-11-03,9.662849999995167,9.908099999995045,9.613799999995193,9.81,27942.94,0.030456852791978458,0.5000000000149751
2006-11-06,9.90517766496959,9.90517766496959,9.610964467000198,9.66,23553.0639,0.029702970297127575,-0.8333333333138341
2006-11-07,9.814432989685661,9.814432989685661,9.372783505149807,9.52,34434.8448,0.04500000000009732,-0.6666666666540442
2006-11-08,9.4647979797932,9.709999999995096,9.366717171712441,9.71,17075.143799999998,0.036269430051915325,0.7142857142979192
2006-11-09,9.610964467000198,9.758071065984893,9.4638578680155,9.66,15054.0111,0.030612244898059953,0.16666666668276714
2006-11-10,9.713403141356169,9.713403141356169,9.27188481674907,9.37,26348.5264,0.045454545454643745,-0.7777777777649021
2006-11-13,9.372568306005807,9.568852459011163,8.881857923492413,8.98,28527.138000000003,0.07329842931947055,-0.5714285714205958
2006-11-14,9.1680540540491,9.1680540540491,8.824864864860094,9.07,24883.2585,0.037433155080319,-0.2857142856991681
2006-11-15,9.071925133684987,9.268074866305202,8.973850267374878,9.17,15425.6113,0.03243243243253908,0.3333333333488718
2006-11-16,9.119027027022097,9.217081081076099,8.922918918914096,9.07,19696.247000000003,0.032258064516235134,-0.16666666664943128
2006-11-17,8.97478723403778,9.219999999995096,8.876702127654854,9.22,29017.123199999998,0.03825136612032568,0.7142857142979194
2006-11-20,9.219999999995096,9.219999999995096,9.023829787229245,9.22,18296.874399999997,0.021276595744786835,2.500135552900235e-11
2006-11-21,9.219037433150149,9.219037433150149,9.022887700529933,9.17,11495.7502,0.021276595744786946,-0.24999999997371922
2006-11-22,9.17376963350305,9.419057591618104,9.026596858634017,9.37,34701.4339,0.04278074866320592,0.5000000000112274
2006-11-23,9.270947368416172,9.467157894731859,9.270947368416172,9.32,28219.731,0.021164021164126814,0.2500000000237334
2006-11-24,9.370937499995119,9.419999999995094,9.174687499995223,9.42,27596.3712,0.026178010471307984,0.2000000000191878
2006-11-27,9.421855670098235,9.56907216494352,9.323711340201378,9.52,23451.9616,0.026041666666770175,0.4000000000183689
2006-11-28,9.559999999995098,9.559999999995098,9.412923076918249,9.56,32434.818000000003,0.015384615384718513,3.3334562446276025e-11
2006-11-29,9.567187499995017,9.567187499995017,9.223749999995196,9.42,26192.275199999996,0.03589743589753664,-0.42857142855589414
2006-11-30,9.36484693877073,9.659030612239969,9.315816326525857,9.61,55876.307199999996,0.03664921465978884,0.7142857142979202
2006-12-01,9.609025641020713,9.707076923071945,9.51097435896948,9.56,51468.358499999995,0.020408163265408126,-0.2499999999737197
2006-12-04,9.659999999995096,9.659999999995096,9.512893401010398,9.66,60338.7754,0.015228426396041078,3.3339913147342496e-11
2006-12-05,9.71283582089069,10.0071641790995,9.565671641786285,9.86,86762.5143,0.04545454545464387,0.333333333343686
2006-12-06,9.861871921177409,10.107192118221624,9.665615763542037,9.96,70049.90019999999,0.04477611940308204,0.22222222223282942
2006-12-07,10.059068627446047,10.059068627446047,9.715588235289355,10.01,70395.25920000001,0.03414634146351047,-0.1428571428424355
2006-12-08,10.156542056070018,10.499999999995092,10.156542056070018,10.5,428595.9258,0.03381642512086817,1.0000000000113787
2006-12-11,10.79245283018359,10.79245283018359,10.301886792447972,10.4,186824.08840000004,0.04545454545463397,-0.7999999999883709
2006-12-12,10.492233009703645,10.492233009703645,9.854854368927253,10.1,114824.91500000001,0.0607476635514916,-0.6153846153759561
2006-12-13,10.149999999995098,10.346135265695485,10.051932367144902,10.15,52606.317599999995,0.028985507246472576,1.666450229036434e-11
2006-12-14,10.100966183570002,10.248067632845292,9.855797101444514,10.15,60420.567599999995,0.038834951456405906,0.1250000000121769
2006-12-15,10.198058252422234,10.2470873786358,9.95291262135439,10.1,57385.069800000005,0.028846153846249098,-0.33333333331553416
2006-12-18,10.198058252422234,10.198058252422234,10.00194174756796,10.1,74564.7076,0.01923076923086542,-0.4999999999724513
2006-12-19,10.103809523804713,10.34904761904269,10.054761904757116,10.3,93609.474,0.029126213592329007,0.6666666666810692
2006-12-20,10.594751131216926,10.839999999995095,10.545701357461292,10.84,364227.86789999995,0.027777777777869536,0.833333333347167
2006-12-21,10.836129032253071,11.326451612898007,10.590967741930605,10.64,232943.641,0.06787330316750671,-0.2666666666596373
2006-12-22,10.541629955942494,11.17903083699948,10.345506607924959,11.13,154126.7575,0.07906976744194773,0.7058823529462127
2006-12-25,11.136233183851507,11.332466367707921,10.792825112102783,10.94,85751.7064,0.04845814977982106,-0.363636363626598
2006-12-26,10.89252336448089,10.99065420560234,10.450934579434367,10.5,77533.8264,0.04954954954963684,-0.727272727262287
2006-12-27,10.34904761904269,10.59428571428067,10.152857142852307,10.3,77095.935,0.042654028436111595,-0.11111111109974348
2006-12-28,10.353480392151786,10.500686274504655,9.862794117642222,10.01,55017.473999999995,0.061611374407673655,-0.5384615384529993
2006-12-29,9.95291262135439,10.198058252422234,9.854854368927253,10.1,67140.55,0.034482758620786876,0.42857142858446806
2007-01-04,10.105273631835768,10.154328358203902,9.61472636815442,9.86,86519.8269,0.05339805825252075,-0.4545454545355225
2007-01-05,9.812807881768567,9.959999999995095,9.714679802950881,9.96,68782.24639999999,0.02500000000009928,0.6000000000175523
2007-01-08,9.906698564588561,10.249999999995095,9.808612440186694,10.25,67739.53339999999,0.04455445544564099,0.7777777777871273
2007-01-09,10.253755868539786,10.548122065722746,10.20469483567596,10.45,73926.16560000001,0.03349282296660126,0.5714285714411975
2007-01-10,10.443870967737123,10.68903225805959,10.247741935479148,10.64,90679.2656,0.04225352112685236,0.4444444444545482
2007-01-11,10.592876712323932,10.936164383556651,10.396712328762376,10.74,124894.49549999999,0.05092592592601556,0.27272727273585523
2007-01-12,10.74043062200443,10.9856459330091,10.200956937794162,10.25,96681.0383,0.07305936073068006,-0.6249999999929519
2007-01-15,10.255581395344068,10.599069767436932,10.108372093018556,10.55,82920.3185,0.047846889952245925,0.6000000000087773
2007-01-16,10.542889908252041,10.739036697242778,10.444816513756674,10.69,107400.316,0.027906976744278278,0.5000000000149762
2007-01-17,10.68903225805959,10.836129032253071,10.492903225801617,10.64,123231.8045,0.032110091743209696,-0.14285714284244086
2007-01-18,10.595675675670902,10.889999999995094,10.595675675670902,10.89,117073.8534,0.027777777777869557,1.000000000013272
2007-01-19,10.839999999995095,10.889049773750731,10.39855203619439,10.84,242424.2925,0.04524886877836878,9.999070042623257e-12
2007-01-22,10.938534482753907,11.379999999995094,10.889482758615998,11.38,325286.0168,0.04484304932744138,0.9000000000081686
2007-01-23,11.42855371900354,11.869999999995093,11.281404958673022,11.87,298576.0668,0.051502145922829784,0.7500000000070607
2007-01-24,11.96420168066724,11.96420168066724,11.57193277310438,11.67,219063.8394,0.03278688524598245,-0.7499999999855863
2007-01-25,11.619999999995096,12.061265822779719,11.22776371307543,11.62,267590.7039,0.07172995780598704,5.882102540182183e-12
2007-01-26,11.37711790392516,11.57327510916525,11.033842794755007,11.23,150467.9766,0.04741379310353188,-0.27272727271767216
2007-01-29,11.234700854696053,11.62717948717452,11.185641025636244,11.48,134272.9908,0.03930131004375388,0.5555555555654078
2007-01-30,11.579063829782303,11.726255319143945,11.33374468084624,11.53,124850.142,0.03389830508482926,-0.12499999998717327
2007-01-31,11.524235807855229,11.867510917025385,11.229999999995096,11.23,154975.58969999998,0.055319148936252144,-0.4615384615300439
2007-02-01,11.079999999995097,11.325132743357821,10.687787610614741,11.08,126050.3248,0.057522123893890324,7.692448917960656e-12
2007-02-02,11.088124999995047,11.431562499994895,10.940937499995114,10.99,92782.368,0.04424778761070569,-0.19999999998958648
2007-02-05,10.984803493444986,11.32807860261514,10.837685589514917,11.23,78171.3713,0.04464285714294409,0.5000000000089798
2007-02-06,11.235617021271812,11.628127659569518,11.235617021271812,11.53,69963.777,0.034934497816679844,0.7500000000105924
2007-02-07,11.578119658114709,11.62717948717452,11.332820512815669,11.48,86392.215,0.025423728813643656,-0.33333333331552517
2007-02-08,11.530284552840843,12.069999999995094,11.383089430889681,12.07,214700.5344,0.05957446808518801,0.7857142857202813
2007-02-09,12.551937984491259,12.649999999995096,12.257751937979744,12.65,269171.52900000004,0.03125000000007715,0.250000000011864
2007-02-12,13.291412213735383,13.291412213735383,12.751908396941696,12.85,451688.0524,0.0405904059041312,-0.8181818181712076
2007-02-13,12.901345454540763,13.489999999995096,12.656072727268127,13.49,253047.7675,0.06463878327003444,0.7058823529462128
2007-02-14,13.826782006915629,14.169999999995095,13.483564013836164,14.17,336576.336,0.049645390070990704,0.5000000000064179
2007-02-15,14.367103448270909,14.563241379305325,13.974827586202078,14.22,256741.35,0.04095563139938422,-0.24999999999124148
2007-02-16,14.31709342560058,14.41515570933757,13.924844290652619,14.17,241740.00340000002,0.03424657534253323,-0.2999999999893842
2007-02-26,14.222442244219728,14.859999999995095,14.222442244219728,14.86,70750.1364,0.04482758620696369,1.0000000000061242
2007-02-27,15.595068493145344,15.595068493145344,14.123835616433519,14.32,489799.86559999996,0.09433962264156755,-0.866666666662744
2007-02-28,14.22605863191719,15.059999999995096,14.22605863191719,15.06,243361.75509999998,0.05862068965523866,1.000000000004682
2007-03-01,15.593850931672176,15.789999999995095,15.250590062107063,15.79,393867.05120000005,0.03459119496861537,0.3636363636447792
2007-03-02,16.579999999995092,16.579999999995092,15.844201183427263,16.58,298230.8862,0.044378698224909696,6.667987879217442e-12
2007-03-05,17.164788732389532,17.409999999995097,16.625323943657293,17.41,599172.195,0.04571428571434118,0.3125000000058519
2007-03-06,17.412908011864268,17.560059347175798,16.529999999995095,16.53,460909.7102,0.05915492957751884,-0.8571428571372603
2007-03-07,15.74287037036551,16.52756172838996,15.693827160488983,15.89,441848.0016,0.05295950155769246,0.1764705882409668
2007-03-08,15.987664670653892,16.478083832330395,15.987664670653892,16.38,287708.9026,0.030674846625827677,0.8000000000083701
2007-03-09,16.384329268287686,16.433384146336454,15.942835365848797,16.09,219389.7864,0.029940119760538366,-0.5999999999887724
2007-03-12,16.09094224923523,16.434346504554277,15.649422492396459,16.14,280787.1885,0.04878048780493729,0.06250000000617204
2007-03-13,16.282434782603975,16.919999999995095,16.184347826082263,16.92,460675.29150000005,0.04518072289162506,0.8666666666721566
2007-03-14,17.22033149170795,17.759999999995095,16.680662983420806,17.76,514613.00980000006,0.06267806267811724,0.5000000000040841
2007-03-15,18.24757894736362,18.639999999995094,18.24757894736362,18.64,230299.98799999998,0.0215053763441395,1.0000000000099545
2007-03-16,19.574596774188283,19.574596774188283,17.75940860214576,18.25,1034941.6836000001,0.09273182957398116,-0.7297297297266235
2007-03-19,17.561351351346605,18.787702702697622,17.36513513513044,18.15,426645.77900000004,0.08100558659223103,0.4137931034514325
2007-03-20,18.099023136242128,19.079999999995092,18.049974293054483,19.08,272080.7985,0.0569105691057432,0.9523809523847939
2007-03-21,20.009999999995095,20.009999999995095,20.009999999995095,20.01,78357.9096,4.997501249376288e-14,4.906297590423492
2007-03-22,20.989999999995092,20.989999999995092,20.107242990649503,20.99,1001429.692,0.04205607476640083,5.557925384308306e-12
2007-03-23,21.578619153670026,22.019999999995097,20.990111358569937,22.02,968625.7693,0.04772727272731684,0.42857142857577535
2007-03-26,22.368105726867316,23.054845814972897,21.485154185017294,22.27,852831.6452,0.07017543859653289,-0.06249999999683326
2007-03-27,22.173393258421978,22.27150561797252,21.143213483141313,21.83,624954.5735,0.05088495575225516,-0.30434782608233585
2007-03-28,21.8311764705831,21.8311764705831,20.751882352936295,20.85,580483.9975,0.04943820224723449,-0.9090909090855215
2007-03-29,20.604950495044402,20.604950495044402,19.819999999995094,19.82,389167.8672,0.03809523809528468,-0.9999999999924756
2007-03-30,18.837384987888903,20.456222760285605,18.837384987888903,20.26,490894.0715,0.08593750000004852,0.8787878787903661
2007-04-02,20.158116279065084,21.089999999995097,19.9128837209256,21.09,327858.53099999996,0.058394160583988525,0.7916666666701542
2007-04-03,21.381358313812328,21.724637002336834,20.59672131147059,20.94,356321.252,0.052752293578025924,-0.3913043478213956
2007-04-04,20.944299287405947,21.091448931111376,20.355700712584238,20.65,298523.31149999995,0.03512880562065486,-0.39999999999278696
2007-04-05,20.602836879427752,20.99527186760733,19.670803782501256,20.75,309838.7439,0.06428571428575987,0.11111111111473186
2007-04-06,20.549557109552318,21.579487179482147,20.206247086242374,21.04,416338.7943,0.06682577565636998,0.35714285714616945
2007-04-09,20.993303167416066,21.82714932126203,20.600904977370906,21.68,591410.9838,0.05841121495331586,0.5600000000035424
2007-04-10,21.68050925925424,21.68050925925424,20.650439814810035,21.19,337896.70560000004,0.04751131221723847,-0.4761904761852506
2007-04-11,21.137126168219353,21.186168224294114,20.597663551397055,20.99,310681.3052,0.027842227378236287,-0.2499999999912323
2007-04-12,21.480956719812873,21.67712984054176,20.990523917990664,21.53,470398.8165,0.031963470319679714,0.07142857143561386
2007-04-13,21.578619153670026,22.60850779509519,21.33340757237832,22.02,773050.6187000001,0.05909090909095288,0.3461538461574204
2007-04-16,21.971974522288335,23.0999999999951,21.579617834390326,23.1,1009512.2922,0.0691964285714709,0.7419354838737027
2007-04-17,23.10278787878321,24.2799999999951,23.05373737373272,24.28,1048824.216,0.05307855626331066,0.9600000000032182
2007-04-18,24.813461538456764,25.499999999995097,24.813461538456764,25.5,704819.4400000001,0.027667984189762667,1.0000000000056848
2007-04-19,26.482191780816734,26.77643835615914,24.226301369858273,25.06,1485676.29,0.09629629629633028,-0.5576923076901668
2007-04-20,25.0646927374255,26.339999999995094,25.015642458095897,26.34,945704.5782,0.05283757338555647,0.9629629629659385
2007-04-23,26.34147727272228,27.616856060600824,25.507575757570923,25.9,1068926.7072,0.08007448789575182,-0.20930232557896944
2007-04-24,25.80396856581025,25.80396856581025,24.6756581532368,24.97,963535.3203,0.04372623574148192,-0.7391304347776041
2007-04-25,24.527559055113283,25.312440944876908,24.03700787401102,24.92,564083.4032,0.05200000000003851,0.30769230769591405
2007-04-26,24.92038535644992,25.754335260110643,24.822273603078067,25.46,646205.8620000001,0.03740157480318828,0.578947368425694
2007-04-27,25.654852071000857,25.900118343190158,24.77189349111937,24.87,437228.99220000004,0.04397705544936818,-0.6956521739080758
2007-04-30,24.626224899593446,25.2639558232881,23.694156626501265,24.43,625171.8198,0.06374501992035685,-0.12499999999679352
2007-05-08,24.576081081076335,25.45905405404914,24.576081081076335,25.41,737897.1123999999,0.035928143712614186,0.9444444444489294
2007-05-09,25.55198529411295,26.679999999995097,25.453897058818853,26.68,1180867.4912,0.047984644913664845,0.9200000000032511
2007-05-10,27.66661996496888,28.00999999999509,27.176077057788586,28.01,385865.6407,0.03014184397166616,0.4117647058877501
2007-05-11,29.380949999995103,29.429999999995093,28.694249999995215,29.43,1382775.96,0.025041736227078303,0.06666666667324256
2007-05-14,30.161386138608886,30.897029702965195,29.425742574252567,29.72,1829289.7193999998,0.04878048780490958,-0.299999999996465
2007-05-15,29.424528301882166,31.1899999999951,29.424528301882166,31.19,1539938.0868000002,0.06000000000003204,1.0000000000022105
2007-05-16,31.484910179636003,32.759999999995095,31.484910179636003,32.76,558629.0948,0.04049844236763178,1.0000000000030607
2007-05-17,34.3799999999951,34.3799999999951,34.3799999999951,34.38,133586.9763,2.9086678301341285e-14,4.902744876744691
2007-05-18,36.09999999999509,36.09999999999509,36.09999999999509,36.1,121573.5104,2.7700831024933744e-14,4.909850304102292
2007-05-21,37.90999999999509,37.90999999999509,37.90999999999509,37.91,147920.2751,2.637826431021111e-14,4.909850304102292
2007-05-22,39.82999999999509,39.82999999999509,39.82999999999509,39.83,50112.498799999994,2.510670348983425e-14,4.909850304102292
2007-05-23,41.8399999999951,41.8399999999951,41.8399999999951,41.84,117476.52479999998,2.3900573613768957e-14,4.902744876744691
2007-05-24,41.8399999999951,41.8399999999951,41.8399999999951,41.84,0.0,2.3900573613768957e-14,4.902744876744691
2007-05-25,42.182469135797255,42.182469135797255,39.72999999999509,39.73,1080540.0,0.058139534883743314,-0.9999999999975903
2007-05-28,37.76709753231049,41.7399999999951,37.76709753231049,41.74,3135823.5190000003,0.10519480519482896,1.0000000000009823
2007-05-29,41.642785234894674,43.8499999999951,40.22035794182995,43.85,2004848.2824,0.08716136631333178,0.6081081081092907
2007-05-30,41.639102416565976,46.053141541997,41.639102416565976,42.62,3078254.9633,0.10600706713783072,0.22222222222328314
2007-05-31,41.93226392251309,41.98130750604819,40.509999999995095,40.51,404178.32,0.035087719298268705,-0.966666666662678
2007-06-01,38.49999999999509,38.49999999999509,38.49999999999509,38.5,81977.55,2.597402597402861e-14,4.909850304102292
2007-06-04,36.589999999995094,36.589999999995094,36.589999999995094,36.59,8489.48,2.732987154960663e-14,4.909850304102292
2007-06-05,34.7699999999951,34.7699999999951,34.7699999999951,34.77,6813.49,2.876042565430291e-14,4.902744876744691
2007-06-06,33.05999999999509,36.05207715132996,33.05999999999509,33.06,1812788.2432,0.0905044510386032,1.640950435355652e-12
2007-06-07,31.439046874995086,32.616171874994905,31.389999999995094,31.39,1117079.4880000001,0.03900156006243313,-0.03999999999596514
2007-06-08,32.1261904761857,32.9599999999951,31.39047619047152,32.96,1154988.912,0.04885496183209071,0.5312500000027849
2007-06-11,33.98741379309812,34.03645768024545,31.289999999995093,31.29,1047457.1711999999,0.0808080808081079,-0.9821428571407133
2007-06-12,29.818085808575937,29.9652145214472,29.719999999995093,29.72,246114.77999999997,0.008223684210559716,-0.3999999999783635
2007-06-13,28.24754716980688,31.1899999999951,28.24754716980688,31.19,1724942.4096,0.1041666666666985,1.0000000000013263
2007-06-14,31.292380952375815,32.322380952375646,29.62476190475704,29.87,1030149.6261,0.08620689655175337,-0.5272727272707135
2007-06-15,28.841450777197092,29.82245250431264,28.399999999995096,28.4,874796.2776,0.04931972789118944,-0.31034482758254217
2007-06-18,28.940947546526406,29.431472081213293,27.959898477152628,28.99,741094.497,0.05084745762715148,0.033333333336642956
2007-06-19,28.98850241545427,30.459999999995095,28.54705314009202,30.46,655379.181,0.06598984771576824,0.7692307692329311
2007-06-20,31.293899999994782,31.784399999994704,28.939499999995178,29.43,825819.1199999999,0.09090909090912,-0.655172413791148
2007-06-21,28.695258620684704,29.872499999994847,27.95948275861587,28.45,515233.14,0.0666666666666991,-0.12820512820249597
2007-06-22,28.25640653357019,29.384700544459278,27.029999999995095,27.03,574543.0728999999,0.08333333333336582,-0.520833333331028
2007-06-25,26.48374760993757,26.48374760993757,25.649999999995092,25.65,141335.52000000002,0.031481481481518,-0.999999999992916
2007-06-26,24.379999999995093,24.379999999995093,24.379999999995093,24.38,26649.14,4.101722723544546e-14,4.906297590423492
2007-06-27,23.150020283970964,24.76855983772317,23.150020283970964,24.18,853784.2527000001,0.0699152542373283,0.6363636363662732
2007-06-28,23.53846153845651,24.56826923076398,22.949999999995097,22.95,432535.2876,0.06875000000003956,-0.36363636363310947
2007-06-29,21.829999999995092,22.32056179774779,21.829999999995092,21.83,391974.64550000004,0.022471910112404264,1.000138537670408e-11
2007-07-02,20.799054373517542,21.829196217488928,20.749999999995094,20.75,304321.1742,0.05188679245287575,-0.045454545449958424
2007-07-03,20.99566820276014,21.535276497690887,19.916451612898634,21.29,377089.3196,0.07710280373836172,0.18181818182109907
2007-07-04,20.946779661011877,21.241113801447643,20.210944309922468,20.26,220884.29439999998,0.0491803278688979,-0.6666666666612557
2007-07-05,19.769617346933735,20.1130102040765,19.229999999995094,19.23,259206.3544,0.04466501240699607,-0.6111111111048683
2007-07-06,19.028206388201713,20.107125307120366,18.341621621617115,19.96,282650.02259999997,0.09278350515468685,0.5277777777802569
2007-07-09,19.959203747067928,20.939999999995095,19.615925058543418,20.94,302442.00769999996,0.06633906633911295,0.7407407407438859
2007-07-10,21.040453460615502,21.727088305484074,20.25572792362285,20.55,408518.2541,0.06993006993011415,-0.3333333333297722
2007-07-11,20.106323185007003,20.989039812641458,20.008243559714288,20.94,111704.908,0.048780487804925346,0.8500000000041324
2007-07-12,20.94474537036552,21.43525462962467,20.846643518513694,21.19,199007.5392,0.028103044496533527,0.4166666666742967
2007-07-13,21.24150943395725,21.3396226415044,20.701886792447944,20.8,132280.9192,0.03002309468826744,-0.692307692298907
2007-07-16,21.14359801488309,21.14359801488309,19.769999999995093,19.77,111211.15460000001,0.06496519721582147,-0.9999999999957001
2007-07-17,19.12536945812337,20.30231527093096,19.12536945812337,19.91,133590.4024,0.06153846153851061,0.6666666666702659
2007-07-18,19.76288177339415,20.106157635463028,19.6157635467932,19.91,92931.4512,0.024813895781686923,0.30000000000938654
2007-07-19,20.05636150234271,20.889999999995094,19.958286384971842,20.89,77893.84439999999,0.04645476772620875,0.8947368421095692
2007-07-20,21.919999999995095,21.919999999995095,21.919999999995095,21.92,57578.517,4.562043795621251e-14,4.906297590423492
2007-07-23,22.999999999995094,22.999999999995094,21.970149253726657,23.0,564216.6145,0.04477611940302661,4.764086066059781e-12
2007-07-24,23.006769230764178,23.30109890109378,22.221890109885226,22.32,352762.27349999995,0.04690831556507342,-0.636363636358504
2007-07-25,22.37036402569114,23.106231263378348,22.321306209845325,22.91,241301.7954,0.035087719298288765,0.6875000000053776
2007-07-26,23.049183673464682,24.0299999999951,23.049183673464682,24.03,487454.54800000007,0.04255319148940341,1.000000000003979
2007-07-27,24.37666666666183,25.210476190471187,23.788095238090516,24.72,557069.7888,0.058350100603660394,0.24137931034810534
2007-07-30,24.814395393469326,25.795201535503686,24.71631477926589,25.55,359088.8821,0.04347826086960376,0.6818181818220957
2007-07-31,25.55525193797954,25.60430232557643,24.623294573638635,25.31,370706.4228,0.03838771593093979,-0.24999999999474387
2007-08-01,25.452183673464194,25.795469387749836,24.0299999999951,24.03,434728.68600000005,0.0693641618497474,-0.805555555552323
2007-08-02,23.538650306743655,24.519427402857975,23.195378323103647,23.98,310741.0647,0.05625000000004,0.3333333333367844
2007-08-03,23.989057377044265,24.479631147535972,23.253196721306715,23.94,320635.8616,0.051124744376317706,-0.03999999999596669
2007-08-06,24.028657314624443,24.76422845690886,24.028657314624443,24.47,288159.027,0.030612244897999345,0.6000000000058534
2007-08-07,24.528487229857653,25.264341846753386,24.332259332018793,24.97,402289.62609999994,0.03800000000003927,0.4736842105310726
2007-08-08,24.86578651684928,26.189999999995095,24.37533707864712,26.19,816633.384,0.07297830374757176,0.7297297297320292
2007-08-09,26.432316384175813,27.16790960451466,25.74576271185956,26.04,567210.0582,0.05380333951766105,-0.2758620689618755
2007-08-10,26.137901960779192,26.285019607837988,24.71576470587751,25.01,333345.894,0.06003752345219357,-0.7187499999964183
2007-08-13,25.017958412093567,26.244328922490308,24.52741020793487,25.95,361012.876,0.06862745098042923,0.5428571428596864
2007-08-14,25.74537892790652,27.02038817005046,25.598262476889907,26.53,381831.849,0.055238095238132015,0.5517241379340936
2007-08-15,26.928063380276953,27.859999999995097,25.996126760558806,27.86,586255.9176,0.06921675774138246,0.5000000000023612
2007-08-16,27.95486577180739,29.229999999995098,27.464429530196732,29.23,970240.32,0.06315789473687577,0.7222222222245888
2007-08-17,29.818976109209927,30.65273037542139,28.44573378839105,28.74,743597.4922000001,0.07401315789476788,-0.48888888888644555
2007-08-20,28.737821138206712,30.159999999995097,28.541658536580726,30.16,542975.751,0.056313993174094266,0.8787878787903645
2007-08-21,30.31379421221378,31.392926045011038,30.06853697748713,30.51,562741.127,0.043689320388381185,0.14814814815173866
2007-08-22,29.818085808575937,30.45564356435141,29.32765676567173,29.72,495829.9878,0.03782894736845322,-0.08695652173470605
2007-08-23,29.722857142852263,30.164285714280762,29.67380952380465,29.87,358144.4349,0.01650165016504967,0.30000000000938787
2007-08-24,29.670643642067553,31.338084772365562,29.670643642067553,31.24,750122.6642,0.05619834710746976,0.9411764705906139
2007-08-27,31.340461049279597,31.978060413349446,29.918124006354542,30.85,604245.3276,0.06572769953054627,-0.23809523809274105
2007-08-28,30.212842809359493,31.14473244146636,29.329999999995096,29.33,584467.7384,0.060064935064966046,-0.4864864864835162
2007-08-29,27.95478260869079,29.180869565212316,27.856695652169066,28.2,344902.8825,0.047368421052665734,0.1851851851887499
2007-08-30,28.443046357611184,29.6199999999951,28.443046357611184,29.62,302402.7472,0.041379310344861406,1.0000000000033158
2007-08-31,31.0999999999951,31.0999999999951,30.462302839111917,31.1,607871.2116,0.020504731861230276,7.688202453256847e-12
2007-09-03,32.6699999999951,32.6699999999951,32.37567567567081,32.67,214707.01140000002,0.009009009009039523,1.665762722120852e-11
2007-09-04,34.2799999999951,34.2799999999951,34.2799999999951,34.28,121311.7995,2.917152858810133e-14,4.902744876744691
2007-09-05,35.75936842104725,35.75936842104725,32.57094736841615,32.62,1218006.0865,0.08916323731141094,-0.9846153846135365
2007-09-06,33.16080229225886,34.2399999999951,32.86647564469443,34.24,1161470.9530000002,0.041420118343224295,0.7857142857172856
2007-09-07,34.13812778602761,35.60959881128742,32.86285289746911,33.01,891804.0102,0.08045977011496933,-0.41071428571234947
2007-09-10,31.881872213962566,33.84383358097565,31.34233283803397,33.01,549268.7481000001,0.07846153846156742,0.45098039215864505
2007-09-11,32.86040688575386,34.47890453833577,31.339999999995097,31.34,601303.3452,0.09552238805972915,-0.484374999998284
2007-09-12,30.602337662332697,31.779350649345492,29.7686201298653,30.21,502976.32,0.06570512820515867,-0.19512195121697742
2007-09-13,30.65570522978912,31.342393026936396,29.82187004753886,30.95,345111.63109999994,0.0496000000000309,0.1935483870998721
2007-09-14,30.900950871627433,31.244294770201073,30.165213946112498,30.95,322931.28699999995,0.03492063492066608,0.04545454545904752
2007-09-17,31.14660633483693,32.51999999999509,30.705158371036095,32.52,339090.1566,0.05826771653546318,0.7567567567590455
2007-09-18,33.60043103447793,34.1399999999951,32.66844827585738,34.14,1106667.2832000002,0.043795620437984635,0.36666666666975317
2007-09-19,34.140524781336126,34.68010204081127,33.11042274051995,33.65,559612.389,0.04597701149428092,-0.31249999999667266
2007-09-20,33.74199718705573,35.31139240505832,32.7611251758041,34.87,711973.2879,0.07558139534886475,0.4423076923094409
2007-09-21,34.33576642335265,34.77722627736719,33.25664233576157,33.6,398832.1395,0.04428571428574226,-0.4838709677383892
2007-09-24,34.137142857137775,34.137142857137775,31.92999999999525,32.96,344215.2672,0.0646551724138204,-0.5333333333308689
2007-09-25,32.96095096581976,33.84383358097565,31.979970282313218,33.01,281541.60860000004,0.05654761904764777,0.02631578947630362
2007-09-26,32.767573964492186,33.65053254437372,32.375147928989286,33.16,250984.53639999998,0.03892215568865226,0.3076923076959148
2007-09-27,33.10470409711182,33.15374810318161,32.2709559939253,32.32,250372.74970000001,0.026666666666696044,-0.8888888888823274
2007-09-28,32.41816176470112,33.644264705877404,32.41816176470112,33.35,351194.024,0.03782148260214756,0.7600000000033813
2007-10-08,33.741384388802096,34.03564064800677,32.56435935198342,33.3,350542.9165,0.0436046511628191,-0.2999999999964619
2007-10-09,33.301908957410674,33.84140969162499,32.76240822319636,33.4,262300.4976,0.03240058910164928,0.09090909091355102
2007-10-10,33.45473071324113,34.48486171760779,33.111353711785576,33.7,360930.3579,0.04105571847510198,0.17857142857486769
2007-10-11,33.84486983154152,33.99202143950475,32.0299999999951,32.03,420330.81070000003,0.0579710144927813,-0.9249999999970296
2007-10-12,31.784347826081838,31.784347826081838,30.4109500805104,30.46,369225.2376,0.04320987654324,-0.9642857142814394
2007-10-15,30.21620915032186,31.0991503267923,29.431372549014796,30.02,318493.062,0.05519480519483648,-0.11764705882051729
2007-10-16,30.06853697748713,31.000514469448397,29.479919614143174,30.51,183579.69239999997,0.0505709624796401,0.29032258064819433
2007-10-17,30.41295681062618,31.05064784052641,28.990415282387215,29.53,328928.04419999995,0.06774193548390169,-0.42857142856884034
2007-10-18,29.62979020978503,29.776958041952838,28.059999999995092,28.06,348098.6652,0.057947019867581606,-0.9142857142823224
2007-10-19,28.19957264956783,28.886170940166004,27.218717948713298,28.69,219347.73899999997,0.05913043478264204,0.2941176470615884
2007-10-22,28.447122302153158,28.447122302153158,27.269999999995097,27.27,218634.7124,0.04137931034486127,-0.9999999999949853
2007-10-23,27.02330882352444,27.90610294117134,25.8952941176423,26.68,162706.3744,0.0744101633394171,-0.1707317073145483
2007-10-24,26.78450867051507,27.176955684002472,25.361888246623245,25.46,169370.2005,0.06776556776560261,-0.729729729726624
2007-10-25,24.179999999995093,24.719513184579164,24.179999999995093,24.18,98895.79999999999,0.02231237322519261,9.093934551751199e-12
2007-10-26,23.003766990286795,25.407145631063024,23.003766990286795,25.26,250265.7435,0.10447761194033728,0.9387755102057339
2007-10-29,25.209502982102343,25.307594433394573,24.130497017887848,24.67,143993.5082,0.04669260700392894,-0.4583333333287744
2007-10-30,25.016634429395545,25.70336557059464,24.673268858796,25.36,110498.8236,0.04117647058827369,0.3333333333377738
2007-10-31,25.89436464087921,26.629999999995093,25.256813996312108,26.63,214868.79239999998,0.053030303030339475,0.5357142857174666
2007-11-01,26.68387096773688,27.076280834909475,25.55569259961565,25.85,156796.6236,0.05698529411768225,-0.5483870967706125
2007-11-02,25.64947265624499,26.23798828124487,24.864785156245144,25.11,101521.86880000001,0.05353728489487417,-0.3928571428532859
2007-11-05,25.016542750924717,26.389999999995098,24.575074349437813,26.39,79439.9502,0.07254901960788028,0.7567567567590425
2007-11-06,26.876247787605863,27.709999999995098,26.483893805305048,27.71,352903.52,0.04562043795623997,0.6800000000034451
2007-11-07,27.854637681154376,28.78639492753102,26.530561594198094,27.07,231068.13839999997,0.0809859154929908,-0.347826086954194
2007-11-08,27.02659758203333,28.449050086350873,26.339896373052447,28.4,383292.90479999996,0.07803992740475278,0.6511627906996909
2007-11-09,27.219557522119075,28.54375221238433,27.219557522119075,27.71,207406.07600000003,0.04864864864868371,0.37037037037379505
2007-11-12,27.173854748598288,27.811508379883087,26.339999999995094,26.34,178355.4747,0.054151624548771246,-0.5666666666629461
2007-11-13,26.48960302456966,26.931096408312488,25.508506616252266,25.95,86765.2575,0.05370370370373942,-0.3793103448238712
2007-11-14,25.89436464087921,26.826169429092662,25.74723756905603,26.63,103352.6109,0.04166666666670365,0.6818181818220936
2007-11-15,26.628077634006168,27.31462107208368,26.382883548978487,26.53,93445.1988,0.0349907918969056,-0.10526315788935832
2007-11-16,26.534280373826817,26.877607476630494,25.21001869158407,26.24,90774.627,0.06284658040668988,-0.17647058823224826
2007-11-19,26.293236363631586,27.17621818181324,25.75363636363168,26.98,112095.115,0.05410447761197626,0.48275862069276276
2007-11-20,26.824800724632823,27.560398550719647,26.628641304343002,27.07,111748.42559999999,0.03473491773312563,0.26315789474182133
2007-11-21,26.97192028985019,27.854637681154376,26.97192028985019,27.07,92023.31279999999,0.03272727272730855,0.11111111111653804
2007-11-22,26.87709923663609,26.975190839689507,25.699999999995093,25.7,98917.57600000002,0.04744525547448803,-0.9230769230723525
2007-11-23,25.255367231633667,26.236158192085455,24.51977401129482,26.04,140061.5514,0.06796116504858045,0.4571428571454456
2007-11-26,25.9937621832308,26.238986354770713,24.816686159839218,25.16,144486.2961,0.05471698113211178,-0.5862068965478637
2007-11-27,25.06425855512832,25.947148288968453,24.524714828892677,25.8,106743.021,0.0567514677104095,0.5172413793134265
2007-11-28,25.84326923076426,25.990384615379618,25.009615384610573,25.5,80259.14,0.037950664136659734,-0.34999999999464154
2007-11-29,25.752840909086025,26.145265151510195,25.311363636358838,25.9,94279.0464,0.03238095238098996,0.17647058824097106
2007-11-30,25.94300180831357,27.169041591315157,25.64875226039319,27.12,288697.29980000004,0.058601134215537164,0.7741935483898158
2007-12-03,27.122366972472086,27.46568807338945,26.533816513756598,26.73,160613.1895,0.034358047016310345,-0.42105263157323214
2007-12-04,26.735277777772822,27.078666666661647,25.999444444439625,26.49,119044.18800000001,0.0403669724771001,-0.22727272726796843
2007-12-05,26.532867647053948,26.974264705877395,26.2876470588187,26.68,113817.52960000001,0.02587800369689435,0.21428571429254265
2007-12-06,26.975229357793214,26.975229357793214,26.386678899077726,26.73,84136.119,0.021818181818218083,-0.4166666666576225
2007-12-07,26.976660682221368,27.712387791736496,26.584272890479966,27.32,173763.0011,0.04181818181821737,0.304347826091035
2007-12-10,26.825346358787417,27.855204262872494,26.72726465363646,27.61,190496.6237,0.04204753199272309,0.6956521739167767
2007-12-11,27.861894736837215,28.15621052631085,27.175157894732074,27.96,229728.696,0.03521126760566849,0.1000000000049013
2007-12-12,28.05905429071312,28.353380035021303,27.715674255686917,28.01,157911.2491,0.022727272727307443,-0.0769230769152562
2007-12-13,28.01094405593916,28.943006993001934,27.716608391603547,28.06,250041.39159999997,0.04378283712788002,0.04000000000396599
2007-12-14,28.15240204428822,29.182367972737786,27.95621805791687,28.79,314811.97420000006,0.04355400696867509,0.5200000000035749
2007-12-17,29.37757679180386,29.475665529005205,28.44573378839105,28.74,243530.4074,0.03505843071789587,-0.6190476190422597
2007-12-18,28.743866432332382,29.038172231980834,27.566643233738564,27.91,175769.0503,0.05119453924917971,-0.5666666666629485
2007-12-19,27.90438356163906,28.738082191775906,27.90438356163906,28.64,141790.8784,0.029876977152934605,0.8823529411812897
2007-12-20,28.49382905982419,29.033299145294183,28.444786324781465,28.69,156063.66749999998,0.020654044750464624,0.3333333333411017
2007-12-21,28.690955631394417,28.838088737196443,28.151467576787006,28.74,171371.5394,0.023931623931657896,0.07142857143561519
2007-12-24,28.690520134223373,29.76947986576682,28.690520134223373,29.23,296964.56919999997,0.037606837606871245,0.5000000000040822
2007-12-25,29.329999999995096,29.771421404677294,29.03571906354029,29.33,173620.2104,0.025083612040167097,6.6640332680755125e-12
2007-12-26,29.332340425527114,30.21525368248278,29.185188216034504,29.97,264129.5566,0.03511705685622011,0.6190476190517801
2007-12-27,30.169055374587924,30.41433224755205,29.727557003252485,30.12,303597.45759999997,0.02276422764230888,-0.07142857142132752
2007-12-28,30.111915584410696,30.504253246748295,29.719577922073096,30.21,307344.94560000004,0.026058631921856496,0.1250000000060922
2008-01-02,30.265165876772468,31.099052132696507,29.970853080563987,31.05,324881.4264,0.03727714748787609,0.6956521739167798
2008-01-03,30.903157894732193,32.619999999995095,30.854105263153254,32.62,425587.232,0.05714285714288768,0.972222222224449
2008-01-04,33.10812883435075,33.206226993859936,31.88190184048591,31.98,357469.2364,0.04000000000002889,-0.8518518518475073
2008-01-07,32.177518248170486,33.5999999999951,31.637956204374948,33.6,546668.086,0.06097560975612671,0.725000000002131
2008-01-08,35.269289940823185,35.269289940823185,32.129881656799974,33.16,898911.5407999998,0.08901251738528333,-0.6718749999982231
2008-01-09,33.111228813554646,34.828107344627846,32.71879943502363,34.73,573879.5244,0.06370370370373189,0.7674418604670771
2008-01-10,35.11425352112182,35.70276056337525,34.0843661971783,34.82,492350.99100000004,0.04608938547488741,-0.18181818181504086
2008-01-11,34.87190743337519,35.41141654978465,34.33239831696573,34.97,412818.3727,0.030942334739830726,0.09090909091355276
2008-01-14,34.97143465908594,35.41286931817679,34.235710227267866,34.53,390324.0704,0.03366058906033616,-0.37499999999551575
2008-01-15,34.52713266761277,34.77235378030888,33.88955777460288,34.38,409461.25019999995,0.025568181818209954,-0.16666666666092556
2008-01-16,34.43636632200378,34.632584933525166,33.01378138847371,33.21,444138.6738,0.04700854700857458,-0.7575757575722615
2008-01-17,32.808755364802174,34.52520743919391,32.02409155936595,34.28,517378.2708,0.07623318385653026,0.5882352941193739
2008-01-18,33.94005449590818,35.9999999999951,33.59673024522703,36.0,661877.3068,0.07080924855494078,0.8571428571445417
2008-01-21,37.46753661783789,37.81082556590708,36.045339547265506,36.83,1543487.4179,0.04712041884819294,-0.36111111110812966
2008-01-22,34.96999999999509,34.96999999999509,34.96999999999509,34.97,62779.65,2.859593937661172e-14,4.909850304102292
2008-01-23,33.20477951635373,34.77428165006617,33.20477951635373,34.48,950841.3143,0.04726735598230355,0.8125000000026091
2008-01-24,34.58146551723641,34.728620689650185,33.35517241378831,34.14,424723.908,0.039716312056765464,-0.321428571424764
2008-01-25,33.35474452554258,34.63007299269567,33.35474452554258,33.6,326306.05199999997,0.03823529411767578,0.1923076923113873
2008-01-28,33.40142857142344,34.13714285713761,31.929999999995093,31.93,238164.444,0.06607929515421299,-0.6666666666641411
2008-01-29,30.503833865809824,31.778913738014097,30.30766773162455,30.7,294178.4962,0.04823151125405064,0.1333333333365749
2008-01-30,30.7005337519575,32.220847723699805,30.60244897958703,31.24,229942.4764,0.05271565495210749,0.33333333333615894
2008-01-31,31.34638436481574,31.787882736151175,29.727557003252485,30.12,120742.42459999998,0.06572769953054633,-0.5952380952354237
2008-02-01,30.257341337902186,30.40445969124693,28.589999999995097,28.59,168984.2407,0.05996758508917211,-0.9189189189157098
2008-02-04,29.088006535942956,30.019999999995093,28.45032679738097,30.02,143480.5236,0.05396290050593473,0.5937500000027487
2008-02-05,30.020820189269717,31.492429022077054,30.020820189269717,31.1,159455.1844,0.04901960784316889,0.7333333333361671
2008-02-13,31.00216216215751,32.6699999999951,30.168243243238717,32.67,182882.5344,0.08069620253167525,0.6666666666683598
2008-02-14,33.59469357249124,34.036083707020325,32.41765321374702,32.81,344148.1173,0.04817518248178018,-0.48484848484515114
2008-02-15,32.864233576637545,33.74715328466661,31.98131386860847,33.6,224744.4585,0.05373134328361094,0.4166666666692046
2008-02-18,33.5999999999951,33.5999999999951,33.5999999999951,33.6,0.0,2.976190476190822e-14,4.902744876744691
2008-02-19,34.57467343976276,34.77084179970468,33.39766328011127,33.79,295948.1681,0.039716312056765214,-0.5714285714245871
2008-02-20,33.890455212917196,34.18472834067045,33.10572687224183,33.4,209264.35379999998,0.031837916063704376,-0.4545454545404889
2008-02-21,33.350506512296185,34.233314037621675,33.00719247466961,33.89,203252.26020000002,0.03676470588238184,0.4400000000036425
2008-02-22,34.23055007051704,35.21136812411351,33.593018335679325,34.77,468344.55539999995,0.04727793696277857,0.33333333333615534
2008-02-25,34.91941176470075,35.21367647058305,33.055735294112786,33.35,337823.524,0.06179775280901552,-0.7272727272701183
2008-02-26,33.64948275861586,34.23810344827095,33.060862068960766,34.14,310895.8224,0.03498542274055364,0.41666666667047275
2008-02-27,35.8499999999951,35.8499999999951,35.40861833104851,35.85,730451.5307,0.012311901504815575,1.1107722004936374e-11
2008-02-28,36.5419421487553,36.983388429746974,35.560950413218244,35.61,853889.256,0.03892617449667061,-0.6551724137891943
2008-02-29,36.14395013122885,37.36999999999509,35.45736220471975,37.37,397452.8754,0.05291723202173578,0.6410256410278715
2008-03-03,38.75103896103393,39.09440259739752,37.23042857142374,37.77,1071150.619,0.048101265822809325,-0.5263157894707685
2008-03-04,37.76806083649712,39.680988593150865,36.836121672999134,38.7,1254638.9226,0.07532467532469979,0.3275862068981595
2008-03-05,38.26176836861292,40.42012453299621,37.77123287670763,39.39,774256.2135,0.06923076923079347,0.42592592592761735
2008-03-06,39.43701067615191,41.3499999999951,39.43701067615191,41.35,823570.9575,0.04850746268659135,1.0000000000020401
2008-03-07,41.93071253070738,43.107714987709684,39.62574938574452,39.92,1515170.239,0.08304093567253626,-0.5774647887308219
2008-03-10,39.18510996118509,39.18510996118509,37.90999999999509,37.91,597831.0884,0.03254067584483074,-0.9999999999953652
2008-03-11,36.34732758620242,39.82999999999509,36.00396551723694,39.83,862660.2739999999,0.10526315789476137,0.9102564102574553
2008-03-12,40.12335388408877,40.61385943279401,39.33854500616038,39.78,736551.4976,0.031784841075818734,-0.2692307692267172
2008-03-13,38.69370466320742,40.115906735746094,37.761917098440705,37.86,598210.2936,0.060836501901164824,-0.3541666666644326
2008-03-14,37.028990450199586,38.0098908594764,35.94999999999509,35.95,421721.50789999997,0.055629139072873326,-0.5238095238068856
2008-03-17,36.200172413787904,36.200172413787904,34.1399999999951,34.14,301020.4872,0.05691056910571706,-0.9999999999971347
2008-03-18,32.4199999999951,33.10665658093296,32.4199999999951,32.42,172306.9682,0.021180030257216126,7.140024595761069e-12
2008-03-19,31.049908256875984,33.45345565748724,30.8046483180381,32.08,453093.48900000006,0.08530805687206747,0.3888888888905938
2008-03-20,31.39185520361518,33.25574660632983,30.45990950225785,32.52,464943.0045,0.08906250000002906,0.40350877193143375
2008-03-21,33.25706896551247,34.1399999999951,32.81560344827115,34.14,401411.5272,0.039823008849586464,0.6666666666698633
2008-03-24,34.577570789860715,34.96994038747615,32.86095380029316,32.91,327719.8221,0.06099290780144548,-0.7906976744159057
2008-03-25,32.37276595744221,34.579999999995096,31.88226950354158,34.58,242804.18549999996,0.08333333333336161,0.8181818181833346
2008-03-26,35.071896792184795,36.052928870287865,34.33612273360749,35.17,352721.9838,0.0489510489510761,0.057142857145677815
2008-03-27,34.773274596176975,34.8713656387614,33.39999999999509,33.4,287361.0933,0.04231311706631821,-0.9333333333293614
2008-03-28,31.982215743435567,33.7971574343974,31.73695335276505,33.65,279134.429,0.06441717791413959,0.8095238095257999
2008-03-31,32.37239263803185,33.25527607361453,31.979999999995094,31.98,205365.46039999998,0.0393939393939691,-0.3076923076882217
2008-04-01,30.654281098541087,31.389983844906073,30.359999999995093,30.36,94570.82,0.033600000000031514,-0.28571428570924484
2008-04-02,28.839999999995094,30.115238095232968,28.839999999995094,28.84,259854.4284,0.04421768707486294,3.847358080613531e-12
2008-04-03,27.42188948306106,27.96149732619822,27.42188948306106,27.52,266190.6291,0.01967799642221821,0.1818181818269426
2008-04-07,27.761867572151488,28.889999999995098,27.663769100165084,28.89,212659.039,0.04416961130745498,0.9200000000032456
2008-04-08,29.083867313911146,30.309999999995092,28.936731391581077,30.31,317733.5142,0.04721753794269713,0.8928571428600685
2008-04-09,30.310425894373026,30.408517887558702,28.789999999995093,28.79,247803.2827,0.05339805825245845,-0.9393939393903259
2008-04-10,27.862306368325665,28.54905335627736,27.371772805503035,28.5,214971.74300000002,0.04225352112679493,0.5416666666703767
2008-04-11,28.844721753789404,29.580556492406483,28.50133220910143,29.09,139263.9745,0.03741496598642816,0.2272727272770589
2008-04-14,28.44369449377825,28.44369449377825,27.609999999995093,27.61,87144.6306,0.029310344827620353,-0.9999999999929156
2008-04-15,26.72726465363646,27.659040852570573,26.236856127881662,27.61,149529.02790000002,0.053211009174347304,0.6206896551754258
2008-04-16,27.368074766350027,27.46616822429393,26.239999999995096,26.24,136049.8045,0.044802867383547405,-0.9199999999952537
2008-04-17,25.263385826766683,25.950157480309855,24.919999999995095,24.92,99517.2,0.040776699029164254,-0.3333333333282482
2008-04-18,24.033333333328358,24.474761904756836,23.689999999995095,23.69,128866.8633,0.03265306122452998,-0.437499999993192
2008-04-21,24.868185745135023,24.868185745135023,22.51380129589147,22.71,247374.7884,0.09467455621305423,-0.9166666666641949
2008-04-22,22.71202702702191,22.71202702702191,21.583783783778923,21.78,159674.8764,0.04967602591796836,-0.8260869565166583
2008-04-23,21.584549356218545,22.859999999995093,20.89776824033886,22.86,182686.0266,0.09090909090913316,0.650000000002167
2008-04-24,23.979999999995098,23.979999999995098,23.783844580772232,23.98,204006.5457,0.008179959100245927,2.4994185203465413e-11
2008-04-25,24.526627218930074,25.164319526622254,24.085147928989333,24.87,330795.44550000003,0.04400000000003891,0.3181818181860703
2008-04-28,24.765199999995048,25.255599999994953,24.029599999995195,24.52,170760.0,0.049504950495088,-0.19999999999583729
2008-04-29,24.621904761900073,25.749999999995097,24.425714285709635,25.75,125853.945,0.05378486055780738,0.8518518518549115
2008-04-30,26.490381125222054,27.029999999995095,26.04887477313502,27.03,314582.4851,0.03703703703707339,0.5500000000044388
2008-05-05,27.659040852570573,28.394653641202773,26.6291829484855,27.61,429058.359,0.06382978723407648,-0.027777777774983234
2008-05-06,27.90531623931147,28.984256410251458,27.709145299140566,28.69,360234.98549999995,0.045694200351528005,0.615384615387979
2008-05-07,28.643309352512837,29.18282374100195,27.269999999995097,27.27,298030.45599999995,0.06678082191784092,-0.7179487179457791
2008-05-08,26.045176056333442,27.90904929576974,26.045176056333442,27.86,247430.96719999998,0.07156308851227697,0.9736842105284212
2008-05-09,27.86200364298217,28.156320582872826,26.48852459015911,26.93,223955.3268,0.059859154929611066,-0.5588235294084876
2008-05-12,26.390315789469053,28.254315789468727,26.095999999995424,27.96,317826.927,0.08178438661713507,0.727272727274665
2008-05-13,26.882281639923907,27.71622103386315,26.587950089121815,27.52,318242.00430000003,0.041970802919743776,0.5652173913081932
2008-05-14,27.070157068058098,28.68848167538766,26.972076788826005,28.1,242365.3053,0.06340579710148389,0.6000000000025114
2008-05-15,28.109055944051033,28.74678321677819,27.961888111883223,28.06,258468.2672,0.02792321116931906,-0.06249999999367542
2008-05-16,27.808540540535528,28.200900900895817,26.778594594589766,27.22,162147.6345,0.051146384479752,-0.41379310344453574
2008-05-19,27.266159420284914,27.315199275357372,26.383442028980728,27.07,98784.42959999999,0.034172661870539085,-0.2105263157839827
2008-05-20,27.078109090904167,27.715818181813145,25.704581818177147,26.98,240466.49,0.07427536231887477,-0.04878048780241439
2008-05-21,26.437110726639023,28.3499999999951,25.99567474047993,28.35,439578.9994,0.08905380333955225,0.8125000000017379
2008-05-22,28.253793103443403,29.72534482758108,27.861379310340023,28.45,437311.93799999997,0.06597222222225521,0.10526315789731244
2008-05-23,28.646123128115033,29.87241264558571,27.223627287849048,29.48,450700.7781,0.09246575342468921,0.31481481481654855
2008-05-26,28.988065573765745,30.459540983601567,28.74281967212644,29.92,500797.8,0.059221658206462156,0.5428571428596823
2008-05-27,29.869999999995095,30.164285714280762,28.5457142857096,29.87,312970.4592,0.05418719211825824,3.0312518210899276e-12
2008-05-28,29.77581081080578,29.87391891891387,28.794729729724864,29.04,212752.7824,0.036243822075814856,-0.681818181813005
2008-05-29,29.040944350753957,29.825834738612173,28.59944350758371,29.09,206250.2626,0.04222972972976274,0.040000000003966356
2008-05-30,29.08474870016827,29.673310225298152,27.61334488734357,28.3,256977.27829999998,0.07082630691402862,-0.38095238094981443
2008-06-02,27.465277777773007,28.348090277772858,26.876736111106446,28.25,262297.0944,0.05357142857146307,0.5333333333363054
2008-06-03,28.001526586616123,29.031355060029327,27.756329331041552,28.59,248413.1518,0.04553415061299381,0.46153846154194583
2008-06-04,28.738501742155268,28.738501742155268,27.904790940761686,28.15,122912.4568,0.029010238907883606,-0.7058823529344449
2008-06-05,28.888091993180765,29.182367972737786,28.00526405450971,28.79,152239.5066,0.04074702886251194,-0.08333333332909391
2008-06-06,28.94243986253798,29.040549828173702,28.206615120270065,28.55,125646.69959999999,0.028813559322067472,-0.470588235287668
2008-06-10,27.119999999995095,27.169041591315157,27.119999999995095,27.12,30979.06,0.0018083182640512242,1.0004360499444805e-10
2008-06-11,27.119999999995095,27.119999999995095,27.119999999995095,27.12,0.0,3.68731563421882e-14,4.906297590423492
2008-06-12,27.119999999995095,27.119999999995095,27.119999999995095,27.12,0.0,3.68731563421882e-14,4.906297590423492
2008-06-13,25.55829317268563,27.07903614457287,24.429999999995097,24.43,311369.76900000003,0.10364683301347051,-0.42592592592391426
2008-06-16,22.657550111353526,23.39318485522864,21.970957683736756,22.02,291709.6875,0.06277056277060393,-0.4482758620652022
2008-06-17,22.36669683257412,23.98533936651041,21.483800904972515,21.68,243213.94759999998,0.11184210526319757,-0.27450980391949664
2008-06-18,21.679999999995093,21.679999999995093,21.679999999995093,21.68,0.0,4.612546125462086e-14,4.906297590423492
2008-06-19,22.560804020094828,22.904120603009318,19.519999999995093,19.52,224141.8192,0.15000000000003771,-0.8985507246359649
2008-06-20,19.517506493501422,21.08675324674777,17.604987012982438,18.88,186851.203,0.1783919597990372,-0.18309859154783434
2008-06-23,18.878680203040894,20.15360406090859,18.09411167512231,19.32,188642.3144,0.10909090909095642,0.21428571428799115
2008-06-24,19.56672413792622,20.351354679797947,18.536896551719572,19.91,213603.50199999998,0.09273182957398139,0.18918918919178532
2008-06-25,19.71531100477997,20.745215310999825,19.372009569373358,20.5,236879.38779999997,0.06965174129357962,0.5714285714317278
2008-06-26,20.301923076918193,20.792307692302693,19.909615384610596,20.4,187187.6448,0.04347826086961238,0.11111111111654312
2008-06-27,19.767203166221698,19.767203166221698,18.344749340364555,18.59,159985.4129,0.07196029776679629,-0.8275862068925227
2008-06-30,18.494339622636524,18.837735849051523,17.46415094339152,18.2,95099.32040000001,0.07427055702922757,-0.21428571428198748
2008-07-01,18.192662889513258,18.535920679881432,17.015779036822376,17.31,78287.281,0.08355795148252997,-0.580645161286716
2008-07-02,17.218867924523657,18.44528301886295,17.218867924523657,18.2,96659.8206,0.07122507122512514,0.8000000000033505
2008-07-03,18.249424083764854,19.08340314135626,17.611675392665543,18.74,160543.9422,0.08064516129037318,0.3333333333364397
2008-07-04,18.639050131921202,18.933350923477853,18.19759894458623,18.59,102396.8177,0.03947368421057774,-0.06666666665990797
2008-07-07,18.345586034908145,19.964314214458863,18.345586034908145,19.67,158060.9269,0.08823529411769675,0.8181818181843432
2008-07-08,19.810962962958072,20.154222222217246,19.17348148147675,19.86,181107.8595,0.04950495049509742,0.0500000000049475
2008-07-09,20.162826086951654,20.359057971009577,19.623188405792362,20.31,284449.4226,0.03649635036501133,0.20000000000638976
2008-07-10,20.10518518518022,20.546518518513448,19.71288888888402,19.86,212043.258,0.04146341463419423,-0.29411764705258453
2008-07-11,20.112437810940268,20.308656716412855,19.425671641786213,19.72,142286.493,0.043902439024437606,-0.44444444443838554
2008-07-14,19.277080291966115,20.209051094885595,19.277080291966115,20.16,114423.75630000002,0.04834605597969306,0.9473684210568771
2008-07-15,20.49748148147642,20.742666666661545,19.61481481480997,19.86,152486.874,0.055023923445022216,-0.5652173912994989
2008-07-16,20.056935064929853,20.302129870124595,18.48768831168351,18.88,140627.06350000002,0.09046454767730691,-0.648648648645588
2008-07-17,19.17663129972966,19.568992042435127,18.342864721480545,18.49,89254.7877,0.06393861892588003,-0.5599999999955435
2008-07-18,18.59135549871647,19.22905370843498,17.80649616367831,19.18,128821.9489,0.07651715039582796,0.41379310345143494
2008-07-21,19.07863961813387,20.84427207636734,18.637231503575503,20.55,301980.8839,0.11568123393320834,0.6666666666685876
2008-07-22,20.849775784748687,22.615874439456814,20.604484304928118,21.88,677539.6512,0.09647058823533744,0.5121951219534044
2008-07-23,21.826682134565704,22.022877030157307,20.992853828301396,21.14,310746.47449999995,0.0471910112359988,-0.6666666666612584
2008-07-24,21.183853211004315,21.772293577976658,20.88963302751814,21.38,239126.9904,0.04166666666671211,0.22222222222752408
2008-07-25,21.28905311777799,21.28905311777799,20.749468822166108,21.24,165106.1908,0.0253456221198613,-0.09090909089982731
2008-07-28,21.233844393587816,21.96942791761511,21.233844393587816,21.43,131919.2002,0.03464203233260912,0.2666666666729725
2008-07-29,21.68283146066928,22.27150561797252,21.29038202246712,21.83,256168.166,0.04524886877832461,0.15000000000484945
2008-07-30,22.41377272726763,22.658999999994844,20.99145454544977,21.58,162078.796,0.0743982494529953,-0.499999999996759
2008-07-31,21.67703349281778,21.67703349281778,20.45095693779415,20.5,92711.0624,0.05656108597289427,-0.9599999999952162
2008-08-01,20.306650831349092,20.846199524935663,19.669002375292237,20.65,100063.28,0.057971014492800045,0.29166666667058744
2008-08-04,20.49748148147642,20.595555555550472,19.810962962958072,19.86,65341.282499999994,0.03827751196176946,-0.8124999999927137
2008-08-05,19.91717121587595,20.309627791558235,19.67188585607452,19.77,71193.65759999999,0.03201970443354619,-0.23076923076117484
2008-08-06,20.014328358203976,20.308656716412855,19.523781094522505,19.72,96171.465,0.03921568627455773,-0.37499999999327344
2008-08-07,19.91420814479187,21.679999999995093,19.718009049769293,21.68,413742.98419999995,0.09852216748773002,0.9000000000020428
2008-08-08,21.681042654023297,22.41682464454445,20.405687203786634,20.7,412758.9174,0.09276018099551699,-0.48780487804609873
2008-08-11,20.402863961808972,21.57995226729795,18.686276849637544,20.55,283111.76360000006,0.14182692307696518,0.0508474576287966
2008-08-12,20.5968749999954,22.558482142852103,20.15551339285264,21.97,875170.0160000002,0.11666666666670955,0.5714285714303752
2008-08-13,21.776181818176866,22.119499999994968,19.765318181813686,21.58,472232.42000000004,0.10810810810814901,-0.08333333333121411
2008-08-14,20.89569444443961,21.68050925925424,20.50328703703229,21.19,297663.94080000004,0.05633802816905925,0.2500000000039538
2008-08-15,21.38694736841655,23.299999999995094,20.70021052631143,23.3,804692.655,0.12155963302756408,0.7358490566053774
2008-08-18,23.049183673464682,25.501224489790715,22.558775510199474,24.03,1384649.3990000002,0.12765957446812318,0.33333333333488707
2008-08-19,23.637428023028097,25.942322456808842,22.852783109400605,25.55,1250497.1144,0.13070539419090818,0.6190476190490046
2008-08-20,25.65143925233166,27.85854205606956,24.670504672892587,26.24,1659758.3735,0.12428298279162105,0.18461538461686305
2008-08-21,25.950157480309855,25.950157480309855,24.086062992121246,24.92,1131513.104,0.07183364839323046,-0.5526315789444409
2008-08-22,24.61863013698148,25.942739726022317,23.637808219173458,25.06,863660.6202000001,0.09362549800800479,0.19148936170417363
2008-08-25,24.676081370444397,24.921370449673464,22.664710920766026,22.91,709033.0706999999,0.09145129224655763,-0.7826086956496546
2008-08-26,22.32056179774779,23.645078651680077,20.603595505613345,21.83,757080.013,0.13626373626377497,-0.16129032257897855
2008-08-27,21.57850467289215,22.363177570088226,20.107242990649503,20.99,596058.9508,0.10454545454549595,-0.26086956521510135
2008-08-28,20.59999999999554,22.905238095233134,20.3547619047575,22.66,841653.9978,0.1238095238095662,0.807692307693916
2008-08-29,22.417569892468297,23.742021505371238,21.828924731178102,22.81,737553.6585,0.08533916849019393,0.20512820513066168
2008-09-01,22.317695961989944,22.41579572446023,20.60095011875995,20.65,476553.22339999996,0.08131868131872248,-0.9189189189157085
2008-09-02,20.013786407762133,20.847694174752224,19.376092233005007,20.21,420130.82,0.07352941176475224,0.1333333333365762
2008-09-03,20.059546539374686,21.13854415273958,19.76527446300244,20.55,360477.93480000005,0.06845965770175777,0.35714285714617067
2008-09-04,20.39940740740237,20.693629629624517,19.4677037036989,19.86,299462.6295,0.06009615384619972,-0.4399999999956438
2008-09-05,19.37226775955755,19.37226775955755,17.900956284148112,17.95,384184.344,0.07594936708865542,-0.9666666666626751
2008-09-08,17.947871720111387,18.242099125359115,16.52577259474737,16.82,217575.91030000002,0.09562841530059689,-0.6571428571396174
2008-09-09,16.916761363631558,17.358068181813252,16.818693181813405,17.26,146449.776,0.03188405797107173,0.6363636363715498
2008-09-10,16.974700854696017,17.5634188034138,16.287863247858606,17.22,212783.60609999998,0.07514450867057482,0.1923076923113875
2008-09-11,16.972555205041964,17.119716088322676,15.500946372234859,15.55,234666.9214,0.09537572254340589,-0.8787878787843049
2008-09-12,15.543225806446598,15.837419354833601,15.150967741930595,15.2,155137.671,0.044164037854951224,-0.4999999999921269
2008-09-16,15.255678233433672,15.648107255515567,14.765141955831304,15.55,232819.88919999998,0.057877813504884884,0.3333333333385138
2008-09-17,15.40496644294785,15.650268456370586,14.472818791941453,14.62,148586.0184,0.07643312101916812,-0.6666666666619355
2008-09-18,14.66426621159909,14.909488054602418,13.192935153579112,14.37,205179.1393,0.11705685618735126,-0.17142857142561427
2008-09-19,15.691925465833634,15.789999999995095,15.201552795026334,15.79,222719.35,0.03750000000006129,0.16666666667471863
2008-09-22,16.918468468463388,17.359819819814604,15.69249249248778,16.33,395044.8597,0.09855072463773427,-0.35294117646743706
2008-09-23,16.180999999994604,16.180999999994604,14.709999999995098,14.71,230392.68,0.09090909090914691,-0.9999999999959872
2008-09-24,14.421372549014892,15.10810457515846,13.979901960779744,15.01,135786.5208,0.07823129251707077,0.5217391304386702
2008-09-25,15.005769230764422,15.643269230764217,14.662499999995301,15.3,223375.464,0.06535947712424522,0.3000000000046946
2008-09-26,15.350429042899224,15.350429042899224,14.712871287123857,14.86,172808.14169999998,0.041533546325941015,-0.769230769221871
2008-10-06,14.51713310579709,14.86044368600175,14.320955631394426,14.37,89884.5476,0.03716216216222843,-0.27272727271767166
2008-10-07,14.121931034477889,14.269034482753701,13.63158620689185,14.22,119712.203,0.045138888888956674,0.1538461538536052
2008-10-08,13.975178571423582,14.122285714280672,13.53385714285231,13.73,68453.308,0.04210526315796326,-0.4166666666576274
2008-10-09,14.172313167254742,14.172313167254742,13.730960854087638,13.78,74384.2125,0.03114186851217924,-0.8888888888757598
2008-10-10,13.391027667978898,13.391027667978898,12.409999999995096,12.41,93767.74549999999,0.0732600732601425,-0.9999999999939813
2008-10-13,12.314687499995188,12.609062499995073,11.28437499999559,12.56,112903.808,0.10756972111561035,0.1851851851887509
2008-10-14,12.747679324889134,13.09088607594384,11.52194092826518,11.62,108503.00820000001,0.12307692307699179,-0.7187499999964166
2008-10-15,11.42681992336727,12.799999999995096,11.377777777773417,12.8,155661.6789,0.12446351931338148,0.9655172413820782
2008-10-16,12.755400696859665,14.079999999995092,12.510104529612363,14.08,578966.8794,0.12307692307699192,0.8437500000025885
2008-10-17,14.467656765671794,15.154257425737573,13.830099009896426,14.86,684426.1262999999,0.09152542372887634,0.2962962962997748
2008-10-20,14.420459016388717,15.058098360650803,14.1261639344216,14.96,537099.7235,0.06462585034020094,0.5789473684256924
2008-10-21,14.663418530346753,16.47795527156023,14.516293929707821,15.35,774460.1880999999,0.13377926421410594,0.3500000000023211
2008-10-22,15.013444816048489,15.602207357854313,14.522809364543637,14.67,446870.12110000005,0.07189542483666318,-0.3181818181769764
2008-10-23,14.024451827237865,15.201328903649435,13.87734219268642,14.76,419541.024,0.09440559440565892,0.5555555555588404
2008-10-24,14.619275362313545,14.815507246371444,13.29471014492272,13.54,376921.08359999995,0.10402684563764522,-0.709677419351147
2008-10-27,13.100661478594123,13.49319066147335,12.315603112835674,12.61,239542.78669999997,0.08988764044950774,-0.4166666666621454
2008-10-28,12.35957597172708,13.879999999995094,12.35957597172708,13.88,253714.9336,0.12301587301594398,1.000000000002569
2008-10-29,14.613264604805973,15.103642611678659,13.975773195871486,14.27,671532.9303,0.07718120805375442,-0.30434782608233796
2008-10-30,14.21903114186359,14.41515570933757,13.483564013836164,14.17,307427.65150000004,0.065517241379376,-0.052631578942047154
2008-10-31,13.88138983050377,15.00955932202881,13.832338983046156,14.47,339418.8875,0.08480565371031341,0.5000000000037415
2008-11-03,14.424682274242667,15.209698996650431,14.228428093640725,14.67,261690.36140000002,0.06802721088441843,0.25000000000474565
2008-11-04,14.719063545145577,15.062508361198974,13.835919732436842,14.67,236632.72620000003,0.08333333333339564,-0.03999999999596581
2008-11-05,14.615286624199166,15.79235668789306,14.37006369426294,15.4,504255.39460000006,0.09731543624167244,0.551724137934096
2008-11-06,14.963422818786924,15.06154362415602,14.472818791941453,14.62,274765.238,0.03934426229514611,-0.5833333333240097
2008-11-07,14.36676666666188,15.004199999994999,14.121599999995293,14.71,193307.09999999998,0.06143344709904138,0.38888888889400297
2008-11-10,14.957275541791034,16.18328173374112,14.859195046435028,15.84,479270.5654,0.0885245901639953,0.6666666666698676
2008-11-11,15.545375375370705,17.065585585580457,15.251141141136559,16.33,636330.699,0.11671924290226497,0.4324324324348972
2008-11-12,15.987664670653892,16.821377245503946,15.791497005983295,16.38,361261.9484,0.06441717791416904,0.3809523809567753
2008-11-13,16.141260997062716,17.12249266861668,15.846891495596525,16.73,499058.75140000007,0.07902735562315742,0.46153846154194533
2008-11-14,16.824245810051167,18.393854748598212,16.431843575414405,17.56,639559.3030000001,0.11661807580180165,0.3750000000023084
2008-11-17,17.164383561639134,18.19424657533748,16.919178082187145,17.9,617198.867,0.07428571428576823,0.5769230769264684
2008-11-18,17.562674772031137,17.955136778110045,16.139999999995094,16.14,386792.50190000003,0.1033519553073137,-0.7837837837806491
2008-11-19,15.64447887323503,17.75329577464289,15.252140845066126,17.41,488274.31299999997,0.15987460815052415,0.7058823529428538
2008-11-20,16.875280235983222,17.513008849552353,16.18849557521646,16.63,357472.6863,0.07848837209307787,-0.18518518518134222
2008-11-21,16.037641791039988,17.06758208954714,15.498149253726716,16.43,274457.5605,0.09785932721718155,0.2500000000029663
2008-11-24,16.532462006074002,16.92492401215291,15.992826747715503,16.14,173364.576,0.05637982195851412,-0.42105263157323153
2008-11-25,16.188109756092622,16.629603658531515,15.599451219507438,16.09,175637.9648,0.06363636363642154,-0.09523809523323762
2008-11-26,15.841907692302819,16.332369230764208,15.547630769225986,15.94,130301.85999999999,0.04953560371523038,0.1250000000060889
2008-11-27,16.925909090903964,17.07309090908574,15.993757575752731,16.19,340735.758,0.06376811594208437,-0.6818181818130048
2008-11-28,16.328925619830212,17.799999999995098,16.27988980715805,17.8,1044610.9443,0.09309309309314875,0.9677419354864598
2008-12-01,18.24757894736362,19.375789473679113,17.80610526315321,18.64,1225623.386,0.08602150537639419,0.2500000000029647
2008-12-02,17.850958904104697,18.635616438351057,17.311506849310323,17.9,711949.655,0.07417582417587613,0.03703703704071253
2008-12-03,17.804285714281004,19.030476190471155,17.657142857138187,18.54,699804.063,0.0771349862259471,0.5357142857174667
2008-12-04,18.881382978718385,20.009361702122337,18.341914893612145,18.44,756590.4711999999,0.08831168831173646,-0.26470588234984227
2008-12-05,18.200366492141832,18.789057591618118,17.856963350780664,18.74,429631.2362,0.05121293800544307,0.5789473684256923
2008-12-08,19.51711392404569,20.105569620248072,18.87962025315978,19.37,774085.055,0.06281407035180665,-0.11999999999590145
2008-12-09,19.37429305912098,19.521439588683922,18.34426735218037,19.08,474504.22280000005,0.06075949367093448,-0.24999999999561975
2008-12-10,19.08266343825204,20.358111380140354,19.08266343825204,20.26,830867.618,0.06683804627254257,0.923076923080043
2008-12-11,20.10699481864764,20.20507772020202,18.880958549217908,18.93,519222.6118,0.06585365853663179,-0.8888888888845133
2008-12-12,19.86478149099746,20.60051413881218,18.63856041130626,19.08,709407.6689,0.09876543209881081,-0.3999999999972943
2008-12-15,18.884300791551745,19.129551451182287,17.952348284955686,18.59,372259.1818,0.06233766233771193,-0.24999999999562061
2008-12-16,18.586709844554772,19.028082901549475,18.047253886005688,18.93,274803.8606,0.05277044854886359,0.35000000000464154
2008-12-17,18.882885085569953,20.207139364298236,18.441466992660526,20.06,544601.2505999999,0.0935064935065415,0.6666666666690678
2008-12-18,19.663851851846996,20.154222222217246,19.222518518513773,19.86,521241.68249999994,0.04738154613471176,0.21052631579451125
2008-12-19,20.056531645564544,20.25268354429867,19.2228860759445,19.37,378848.055,0.05134474327633085,-0.6666666666612584
2008-12-22,19.174233766228788,19.61558441557932,18.634805194800354,18.88,264210.87,0.051150895140714484,-0.2999999999946971
2008-12-23,19.03417142856599,19.181342857137377,17.071885714280835,17.17,269777.23500000004,0.11082474226808804,-0.8837209302298122
2008-12-24,16.821377245503946,17.164670658677494,16.085748502989194,16.38,213559.9674,0.06413994169101776,-0.4090909090859856
2008-12-25,16.52541076486784,17.947478753535993,16.329263456086025,17.31,397584.71189999994,0.09792284866474311,0.4848484848512147
2008-12-26,17.072470588230274,17.170588235289067,16.336588235289312,16.68,180852.12,0.04885057471269938,-0.4705882352876733
2008-12-29,16.72715976330866,16.92337278106008,15.991360946740828,16.58,125436.59959999999,0.05571847507337037,-0.15789473683667277
2008-12-30,16.431441717786374,16.823834355823063,15.891901840485925,15.99,141267.5686,0.0567164179105052,-0.4736842105205472
2008-12-31,15.940476190471129,16.185714285709146,15.40095238094749,15.45,118044.95849999998,0.049230769230828864,-0.6249999999929533
2009-01-05,15.745688073389678,16.08905198776266,15.647584097854539,16.04,139499.80229999998,0.0280373831776317,0.6666666666762742
2009-01-06,16.036308139530224,16.9190406976695,15.938226744181415,16.87,247435.14080000002,0.06116207951076186,0.8500000000041332
2009-01-07,16.922844827581343,17.609568965512178,16.677586206891757,17.07,292273.368,0.05507246376817175,0.1578947368472
2009-01-08,16.675223880592036,17.018537313427753,16.282865671636927,16.43,187745.5575,0.04411764705888095,-0.3333333333262111
2009-01-09,16.481782729800422,17.806211699159384,16.481782729800422,17.61,303130.625,0.08035714285719865,0.851851851854913
2009-01-12,17.412796833768493,19.129551451182287,17.16754617413795,18.59,493450.2684,0.11267605633807914,0.6000000000021941
2009-01-13,18.341502590668824,19.224248704658233,18.341502590668824,18.93,532725.6252,0.04812834224604123,0.6666666666714655
2009-01-14,19.08044999999523,19.816199999995046,18.442799999995387,19.62,543882.24,0.07197943444734954,0.3928571428604272
2009-01-15,19.572429667514175,19.964859335033257,18.78757033247601,19.18,486187.6988,0.06015037593989773,-0.3333333333288827
2009-01-16,19.27248768472432,20.54751231526588,18.92921182265544,19.91,687871.9554,0.08396946564890259,0.3939393939421776
2009-01-19,19.90842639593403,20.496852791872968,18.878680203040894,19.32,387171.5466,0.08128078817738596,-0.3636363636331063
2009-01-20,19.326633416454033,19.964314214458863,19.032319201990266,19.67,259621.5954,0.048223350253856455,0.3684210526364479
2009-01-21,19.37380952380513,21.629999999995093,19.177619047614698,21.63,1079098.3791,0.1265822784810577,0.9200000000016257
2009-01-22,21.143213483141313,22.516786516848867,20.603595505613345,21.83,839560.318,0.09048723897916124,0.35897435897673674
2009-01-23,21.82383073496173,22.510423162578505,20.74489977727823,22.02,624201.9103,0.08089887640453644,0.111111111113826
2009-02-02,21.871153846149173,23.832692307687218,21.33173076922621,22.95,714428.3952,0.1143497757847941,0.4313725490213947
2009-02-03,23.051926977682953,24.474279918859136,22.365273833666862,24.18,795294.3876,0.09148936170216723,0.5348837209323024
2009-02-04,23.83288343557795,25.255010224943714,23.538650306743655,23.98,868966.5941999999,0.07201646090538877,0.08571428571709136
2009-02-05,23.980559999995204,24.91231999999502,23.539199999995294,24.52,816699.2,0.057259713701470864,0.39285714286042717
2009-02-06,24.771780303025604,26.145265151510195,24.722727272722587,25.9,1181864.2704,0.05742574257429545,0.7931034482787575
2009-02-09,25.899999999995092,25.899999999995092,25.899999999995092,25.9,0.0,3.861003861004444e-14,4.906297590423492
2009-02-10,25.899999999995092,25.899999999995092,25.899999999995092,25.9,0.0,3.861003861004444e-14,4.906297590423492
2009-02-11,25.899999999995092,25.899999999995092,25.899999999995092,25.9,0.0,3.861003861004444e-14,4.906297590423492
2009-02-12,25.899999999995092,25.899999999995092,25.899999999995092,25.9,0.0,3.861003861004444e-14,4.906297590423492
2009-02-13,25.899999999995092,25.899999999995092,25.899999999995092,25.9,0.0,3.861003861004444e-14,4.906297590423492
2009-02-16,25.899999999995092,25.899999999995092,25.899999999995092,25.9,0.0,3.861003861004444e-14,4.906297590423492
2009-02-17,25.899999999995092,25.899999999995092,25.899999999995092,25.9,0.0,3.861003861004444e-14,4.906297590423492
2009-02-18,25.899999999995092,25.899999999995092,25.899999999995092,25.9,0.0,3.861003861004444e-14,4.906297590423492
2009-02-19,25.899999999995092,25.899999999995092,25.899999999995092,25.9,0.0,3.861003861004444e-14,4.906297590423492
2009-02-20,25.899999999995092,25.899999999995092,25.899999999995092,25.9,0.0,3.861003861004444e-14,4.906297590423492
2009-02-23,25.899999999995092,25.899999999995092,25.899999999995092,25.9,0.0,3.861003861004444e-14,4.906297590423492
2009-02-24,25.899999999995092,25.899999999995092,25.899999999995092,25.9,0.0,3.861003861004444e-14,4.906297590423492
2009-02-25,25.899999999995092,25.899999999995092,25.899999999995092,25.9,0.0,3.861003861004444e-14,4.906297590423492
2009-02-26,25.899999999995092,25.899999999995092,25.899999999995092,25.9,0.0,3.861003861004444e-14,4.906297590423492
2009-02-27,25.899999999995092,25.899999999995092,25.899999999995092,25.9,0.0,3.861003861004444e-14,4.906297590423492
2009-03-02,25.899999999995092,25.899999999995092,25.899999999995092,25.9,0.0,3.861003861004444e-14,4.906297590423492
2009-03-03,25.899999999995092,25.899999999995092,25.899999999995092,25.9,0.0,3.861003861004444e-14,4.906297590423492
2009-03-04,25.899999999995092,25.899999999995092,25.899999999995092,25.9,0.0,3.861003861004444e-14,4.906297590423492
2009-03-05,25.899999999995092,25.899999999995092,25.899999999995092,25.9,0.0,3.861003861004444e-14,4.906297590423492
2009-03-06,25.899999999995092,25.899999999995092,25.899999999995092,25.9,0.0,3.861003861004444e-14,4.906297590423492
2009-03-09,25.899999999995092,25.899999999995092,25.899999999995092,25.9,0.0,3.861003861004444e-14,4.906297590423492
2009-03-10,25.899999999995092,25.899999999995092,25.899999999995092,25.9,0.0,3.861003861004444e-14,4.906297590423492
2009-03-11,28.494550669210604,28.494550669210604,25.404780114717887,25.65,2593567.5123,0.10843373493979035,-0.920634920633033
2009-03-12,24.524793388424683,24.819090909085777,23.249504132226598,23.74,1238842.6247999999,0.06400000000003814,-0.4999999999965567
2009-03-13,23.73461538461031,24.323076923071728,22.802884615379746,22.95,812869.0127999999,0.06404958677689891,-0.5161290322544988
2009-03-16,22.810399159659077,23.74243697478493,22.5160714285667,23.35,665448.1427999999,0.053763440860256514,0.4400000000036393
2009-03-17,23.20045454544975,24.03429752065619,22.61185950412756,23.74,942085.8171999999,0.06131078224105522,0.3793103448307672
2009-03-18,23.73713097712604,24.031392931387938,23.34478170477685,23.59,783819.8511,0.02892561983475184,-0.21428571427825394
2009-03-19,23.54506769825463,25.70336557059464,23.15264990328372,25.36,1330095.2577,0.10833333333337135,0.7115384615401058
2009-03-20,25.017706237419514,25.26297786719814,24.036619718305026,24.38,871702.8620999999,0.04901960784317523,-0.5199999999955774
2009-03-23,24.478882466276595,26.19583815028397,24.184547206161042,25.46,1056040.3881,0.08216432865735213,0.48780487805097694
2009-03-24,25.358097087373714,25.7504854368882,24.916660194169918,25.26,748793.7775000001,0.03288201160545397,-0.11764705881750123
2009-03-25,25.009815950915133,25.15693251533228,23.930961145189382,23.98,567076.1849999999,0.049019607843175224,-0.839999999995317
2009-03-26,23.69046558703974,24.328097165986975,22.954736842100615,24.23,557197.1236,0.0579710144927933,0.3928571428604289
2009-03-27,24.22480961923362,24.813266533061153,23.832505010015264,24.47,561768.4116,0.04048582995955349,0.25000000000474676
2009-03-30,24.325312499995245,25.502343749995017,24.031054687495306,25.11,714529.2287999999,0.0604838709677805,0.5333333333363068
2009-03-31,24.373552631574363,26.28616541352889,24.030263157890218,26.09,1009130.6904000001,0.09255533199198895,0.7608695652192293
2009-04-01,25.996197718626238,26.73193916349302,25.55475285170617,25.8,1135130.355,0.045283018867961364,-0.16666666666235877
2009-04-02,25.795616438351114,25.89369863013192,25.059999999995096,25.06,573026.7130000001,0.03231939163501849,-0.8823529411695296
2009-04-03,25.01811023621555,25.45960629920759,24.331338582672377,24.92,469180.46880000003,0.045098039215724514,-0.0869565217347047
2009-04-07,25.017567567562736,25.45905405404914,24.428918918914206,25.41,351769.81139999995,0.041176470588273534,0.38095238095677586
2009-04-08,25.15993902438513,25.748475609750866,24.03191056910081,24.13,389883.2844,0.06822612085773681,-0.5999999999967951
2009-04-09,23.78479591836249,24.177122448974654,23.049183673464682,24.03,407589.9870000001,0.047422680412411086,0.2173913043519845
2009-04-10,24.135662650597563,24.675281124493036,23.5469879518025,24.43,375492.74700000003,0.04674796747971431,0.2608695652215074
2009-04-13,24.479056224894684,24.871506024091392,24.135662650597563,24.43,443702.76120000007,0.03006012024052061,-0.06666666665991139
2009-04-14,24.91434034416349,26.287571701715812,24.86529636710805,25.65,935437.1724000002,0.057086614173266305,0.5172413793134308
2009-04-15,25.406186770423076,25.455233463030073,24.523346303497178,25.21,595767.6854,0.03667953667957469,-0.2105263157839871
2009-04-16,25.21140684410167,26.09429657794181,24.671863117866035,25.8,699192.7588,0.056420233463072504,0.41379310345143355
2009-04-17,25.800446927369492,26.97765363127989,25.162793296084697,26.34,973984.1259000001,0.07034220532322993,0.2972972972998389
2009-04-20,26.436666666662,28.202380952375975,26.14238095237634,27.81,1170646.0038,0.07792207792211281,0.6666666666687259
2009-04-21,27.365207956595412,28.296998191676614,26.38437613019414,27.12,752439.0076000001,0.0698924731183135,-0.12820512820249633
2009-04-22,27.12282101166788,28.05470817120077,24.474299610890185,25.21,691898.8438,0.13200723327308791,-0.5342465753409487
2009-04-23,25.019056974454806,25.41151277013253,24.185088408639647,24.97,370074.7107,0.04901960784317523,-0.03999999999596515
2009-04-24,25.11141153081012,25.356640159040687,24.57190854870287,24.67,316471.3028,0.031250000000038664,-0.562499999993033
2009-04-27,24.92038535644992,26.58828516377137,24.773217726392144,25.46,722110.0791000001,0.07283464566932858,0.2972972972998361
2009-04-28,25.260949612398203,26.291007751932888,24.623294573638635,25.31,397962.36840000004,0.06601941747576524,0.029411764708806208
2009-04-29,25.359907063192313,26.586208178433722,25.212750929363345,26.39,731501.4378,0.05415860735013402,0.7500000000030248
2009-04-30,26.733273703036364,27.46905187834929,26.04654740607763,27.42,844864.0473,0.05321100917434743,0.4827586206927636
2009-05-04,27.61147826086476,28.59234782608198,27.02295652173443,28.2,1035680.225,0.05683836589701456,0.3750000000028876
2009-05-05,28.002326820598935,28.345612788627292,27.266714031966735,27.61,679053.8924,0.03852889667253881,-0.36363636363148144
2009-05-06,27.413211920525264,30.355596026485042,27.266092715227273,29.62,1397526.9252,0.1127012522361684,0.71428571428707
2009-05-07,29.570960264895767,30.110397350988393,28.541125827809847,29.62,1130812.1824,0.0530679933665328,0.03125000000310536
2009-05-08,29.62331658290961,30.50613065326122,29.03477386934187,29.28,892529.2683,0.0496688741722175,-0.2333333333298398
2009-05-11,29.525226130648317,31.879396984919282,29.181909547733806,29.28,1262224.3839,0.0913621262458779,-0.09090909090723728
2009-05-12,28.596579378064057,30.21525368248278,28.20417348608376,29.97,677916.8422000001,0.07032590051461234,0.6829268292703924
2009-05-13,30.01905073649263,30.705761047458147,29.47949263501972,29.97,832289.0472,0.04084967320264638,-0.039999999995967074
2009-05-14,29.87391891891387,29.87391891891387,28.451351351346542,29.04,543577.8336,0.04761904761907951,-0.586206896547862
2009-05-15,28.840950764001896,29.2333446519475,28.350458404069894,28.89,523359.3662,0.03061224489799274,0.05555555556104751
2009-05-18,28.885747899154804,29.37616806722195,27.806823529407087,29.18,554634.01,0.054329371816671176,0.18750000000300826
2009-05-19,29.33093548386624,31.390967741930424,28.88949999999534,30.41,1157481.224,0.08528428093648616,0.43137254902139377
2009-05-20,30.84699173553209,31.14123966941634,29.424793388424888,29.67,720188.1884999999,0.05564387917332156,-0.685714285711027
2009-05-21,29.326575342460735,29.915068493145565,28.44383561643349,28.64,537330.1072,0.050167224080299916,-0.4666666666630185
2009-05-22,28.69145728642735,29.42713567838703,28.44623115577413,29.28,348045.5076,0.03418803418806792,0.6000000000043924
2009-05-25,28.00207070706599,29.17904040403549,27.8549494949448,29.13,334791.2898,0.04728546409810769,0.8518518518549122
2009-05-26,29.23095477386445,30.16281407034671,28.93668341708058,29.28,554001.672,0.04194630872486508,0.04000000000396824
2009-05-27,29.182367972737786,29.672827938666153,28.446678023845237,28.79,328493.9463,0.04201680672272191,-0.3199999999957382
2009-06-01,28.941891891887003,29.628648648643644,28.50040540540059,29.04,401364.33759999997,0.03898305084749093,0.08695652174339992
2009-06-02,29.3336757624351,31.148635634023886,28.9903049759183,30.56,1115309.8635000002,0.07357859531775716,0.5681818181838282
2009-06-03,30.406168831163896,30.651379870124895,29.8176623376575,30.21,644482.9776,0.027419354838741642,-0.23529411764089453
2009-06-04,30.45668789808432,31.731847133752904,30.113375796173546,30.8,763773.7256,0.05314009661838851,0.21212121212411436
2009-06-05,30.79711999999507,31.67983999999493,30.208639999995164,30.65,974837.9999999999,0.047770700636973626,-0.09999999999659688
2009-06-08,30.411456628472926,30.55860883796554,29.67569558100987,29.97,549907.4542,0.029032258064548244,-0.49999999999387473
2009-06-09,30.014257425737622,30.014257425737622,28.93531353134836,29.72,446446.25999999995,0.03594771241833281,-0.2727272727224756
2009-06-10,29.727557003252485,30.41433224755205,29.482280130288355,30.12,542334.534,0.031353135313564026,0.42105263158376083
2009-06-11,30.8045629629584,33.1099999999951,30.8045629629584,33.11,846125.325,0.07484076433124028,1.0000000000016929
2009-06-12,34.328767123282965,36.437534246570344,33.15178082191326,35.8,3936802.546,0.09571428571431197,0.4477611940312076
2009-06-15,35.80624113474669,37.22868085105855,34.33475177304477,34.58,1848099.1965,0.08082191780824494,-0.4237288135574801
2009-06-16,34.2372106824875,34.2372106824875,32.86379821957969,33.06,1222488.394,0.0401146131805438,-0.8571428571386588
2009-06-17,33.062299854434784,34.09243085880145,32.473653566225266,33.7,893775.4584000001,0.048961424332372966,0.3939393939421803
2009-06-18,33.69571428570927,33.84285714285211,32.86190476189987,32.96,647871.168,0.029112081513857167,-0.7499999999942321
2009-06-19,32.768108108103185,33.11148648648152,32.13040540540058,32.67,748767.3498,0.02994011976050875,-0.09999999999489281
2009-06-22,32.957130044838124,32.957130044838124,32.12339312406097,32.81,578635.4940000001,0.02529761904764865,-0.176470588229198
2009-06-23,32.12760180994991,32.71619909501769,31.931402714927312,32.52,449249.3967,0.024427480916060933,0.5000000000056123
2009-06-24,32.66382089551752,33.30140298506966,32.02623880596537,32.86,738291.291,0.03903903903906845,0.1538461538498754
2009-06-25,32.8599999999951,32.8599999999951,32.8599999999951,32.86,0.0,3.04321363359744e-14,4.902744876744691
2009-06-26,32.51713636363143,33.30186363635859,32.12477272726785,32.37,554187.8759999999,0.03619909502265427,-0.12499999999572263
2009-06-29,32.52283783783295,33.11148648648152,32.424729729724866,32.67,471860.0676,0.021116138763227606,0.2142857142925516
2009-06-30,33.15988522237687,35.95591104734061,33.15988522237687,34.19,1458738.6842999998,0.08431952662724669,0.3684210526332025
2009-07-01,32.96095096581976,33.59858841009901,32.56855869241714,33.01,871920.3598,0.03125000000002947,0.04761904762376678
2009-07-02,33.056179104472676,33.056179104472676,32.27146268656235,32.86,619601.5950000001,0.02373887240359018,-0.24999999999343137
2009-07-03,32.56287856071476,32.75904047975521,32.02343328335352,32.71,522921.93029999995,0.022590361445813112,0.2000000000063969
2009-07-06,32.86142208774087,33.00856278365613,32.12571860816458,32.42,448706.2334,0.02686567164182075,-0.4999999999938763
2009-07-07,32.42420118342716,33.552426035497994,32.375147928989286,33.16,716601.7091999999,0.036308623298063225,0.6250000000036275
2009-07-08,32.37329376854119,33.6486053412413,32.37329376854119,33.06,563070.3840000001,0.0393939393939692,0.5384615384649644
2009-07-09,33.20616714696927,34.775734870311986,32.960922190196975,34.04,1143715.8864,0.05465288035453362,0.45945945946191286
2009-07-10,34.091472303202025,34.238629737604334,33.45379008745868,33.65,643336.5624,0.023021582733841552,-0.5624999999930331
2009-07-13,33.452345323736196,34.62955395682955,33.40329496402397,34.09,707647.4015,0.03665689149562988,0.5200000000035779
2009-07-14,34.329999999995096,34.52617142856649,33.888614285709444,34.33,660166.29,0.018571428571457053,7.689890908862872e-12
2009-07-15,34.52574647886838,35.45754929576965,34.329577464783895,34.82,972443.335,0.03267045454548258,0.26086956522150706
2009-07-16,35.064098837204206,35.064098837204206,33.7399999999951,33.74,719038.6383999999,0.037762237762265116,-0.999999999995542
2009-07-17,33.789040697669506,34.083284883715976,33.3476744185998,33.74,539857.5695999999,0.021770682148069653,-0.06666666665990474
2009-07-20,33.69244285713804,34.673299999995045,33.69244285713804,34.33,779735.18,0.029112081513857115,0.6500000000043379
2009-07-21,34.28029940119247,34.32934131736013,32.710958083827435,32.76,694694.4156,0.04721030042921249,-0.9393939393903266
2009-07-22,32.81149572649105,34.72427350426856,32.81149572649105,34.43,1058682.7602,0.058295964125589274,0.8461538461559669
2009-07-23,34.72149999999518,35.8004166666617,34.42724999999522,35.31,1826999.352,0.039548022598897774,0.4285714285746861
2009-07-24,35.55607142856635,35.65415714285204,33.83957142856659,34.33,997561.3200000001,0.05103448275864723,-0.6756756756726029
2009-07-27,34.38095441594952,34.57713675213183,33.84145299144817,34.43,640002.0276,0.021398002853095524,0.06666666667324347
2009-07-28,34.43473833097108,34.72905233379989,33.74800565770385,34.68,668342.0884,0.028490028490056708,0.25000000000474987
2009-07-29,34.82232011746919,35.75418502202118,31.19295154184564,33.4,1568021.9765999997,0.1309859154929827,-0.31182795698810406
2009-07-30,34.27972602739256,35.94712328766631,33.83835616437892,35.8,2163858.554,0.06151645207441947,0.7209302325601213
2009-07-31,36.04904632152097,36.24523160762449,34.822888283374,36.0,1783497.8623999998,0.03945578231295192,-0.03448275861721312
2009-08-03,35.85838370564574,37.42810775295171,35.12257555847107,37.33,1870712.9539,0.06429548563614094,0.6382978723422785
2009-08-04,37.027560646895274,37.174690026949165,35.752439353094914,36.39,1237703.7848,0.038410596026515906,-0.44827586206519987
2009-08-05,36.59099173553215,36.73814049586271,34.97235537189601,35.61,1015160.6454,0.04825737265418156,-0.5555555555524626
2009-08-06,35.21667613635863,35.46191761363133,34.137613636358786,34.53,757417.9712,0.037604456824539965,-0.5185185185144172
2009-08-07,34.630517241374335,35.12103448275358,33.747586206891704,34.14,571997.3687999999,0.039660056657251634,-0.3571428571390245
2009-08-10,34.329999999995096,34.722342857137896,33.44722857142379,34.33,468450.29000000004,0.037142857142885184,3.8449454544344295e-12
2009-08-11,34.48473163841321,34.77905367231147,34.09230225988219,34.73,362566.8,0.019914651493627266,0.3571428571494754
2009-08-12,34.38645801526193,34.63172519083441,31.639465648850134,32.13,527694.5275,0.0870185449358325,-0.754098360653847
2009-08-13,32.32716463414141,33.06298780487301,31.247957317068405,32.18,354210.8736,0.05614567526558321,-0.08108108107833235
2009-08-14,32.31778861788092,32.75915447153939,30.061918699182105,30.16,428078.62200000003,0.08345978755693276,-0.7999999999978844
2009-08-17,29.720252707575863,29.916425992774382,27.169999999995095,27.17,429056.934,0.09240924092412292,-0.9285714285693045
2009-08-18,26.973913043473566,28.59234782608198,26.53252173912582,28.2,350909.7925,0.07636363636367052,0.5952380952401897
2009-08-19,27.96124763704575,28.2065217391251,25.753780718331612,25.95,291853.7436,0.08771929824564675,-0.8199999999976643
2009-08-20,25.996594982074193,27.468100358418013,25.996594982074193,27.37,326363.04,0.0566037735849419,0.9333333333360352
2009-08-21,27.02982517482045,28.2071678321629,26.980769230764512,28.06,422226.376,0.04537205081673223,0.8400000000033148
2009-08-24,28.153789649410992,29.821435726205372,28.055692821364264,29.38,584984.7777,0.06271777003487652,0.6944444444468283
2009-08-25,29.4253246753199,30.259042207787296,28.4935227272681,30.21,768419.8368,0.060000000000032,0.44444444444697007
2009-08-26,29.918124006354542,31.87996820349255,29.476709061998495,30.85,621925.7628,0.08032786885248978,0.387755102042697
2009-08-27,30.799999999995094,31.6337579617784,30.40764331209707,30.8,515633.53,0.039808917197483355,4.001499852966148e-12
2009-08-28,30.799999999995094,30.799999999995094,30.799999999995094,30.8,0.0,3.2467532467536587e-14,4.906297590423492
2009-08-31,30.84883185840162,30.84883185840162,27.709999999995098,27.71,386665.6035,0.10174880763118964,-0.9999999999981194
2009-09-01,29.578022508033836,30.5099999999951,29.578022508033836,30.51,194102.9994,0.03150912106139253,1.0000000000041875
2009-09-02,32.81425438596011,33.54999999999509,31.931359649118132,33.55,667677.5711999999,0.049327354260118625,0.45454545454820444
2009-09-03,35.3643227665655,36.19815561959132,32.42138328529792,34.04,2475485.5774000003,0.10679611650487947,-0.3506493506479575
2009-09-04,32.861436950141815,35.06854838709164,32.8123900293207,33.45,1423204.4200000002,0.06865671641793894,0.2608695652194475
2009-09-07,33.35688456188687,35.564325452011744,32.96445062586468,35.27,1760803.1747,0.07794117647061588,0.7358490566053804
2009-09-08,34.622877291955625,35.30944992947317,33.887263751758276,34.77,1110848.6507,0.041076487252152356,0.1034482758654463
2009-09-09,34.23385892115709,35.85236514522325,33.49817427385429,35.46,1459541.1393000002,0.06876790830948262,0.5208333333351959
2009-09-10,35.31130434782097,35.31130434782097,33.741913043473375,33.84,766597.1070000001,0.044444444444471466,-0.9374999999962778
2009-09-11,33.74095791000962,34.91796806966112,33.446705370096744,33.79,892634.8457,0.043604651162819176,0.0333333333366414
2009-09-14,33.79851002864845,34.68148997134174,33.35702005730181,34.24,910954.6348,0.03918722786650175,0.3333333333367869
2009-09-15,33.89319010416226,37.6699999999951,33.89319010416226,37.67,2791515.8784,0.11143270622289159,1.0000000000010334
2009-09-16,37.76482412059827,41.099899497482276,37.37246231155309,39.04,4455353.29,0.09870129870132266,0.34210526315911843
2009-09-17,38.50662878787393,39.73295454544953,37.77083333332857,38.85,2065655.2752,0.05095541401276344,0.17500000000241023
2009-09-18,38.99538770052954,38.99538770052954,35.807085561492535,36.69,1539182.1148,0.08176100628933171,-0.7230769230751571
2009-09-21,35.9555789473637,37.52526315788981,35.56315789473217,37.28,856853.716,0.05457025920875759,0.6750000000021518
2009-09-22,37.17759668507774,37.52092541435946,35.46095303866914,35.51,680204.2988,0.055408970976278664,-0.8095238095210372
2009-09-23,35.21967930028641,36.053571428566165,33.11042274051995,33.65,785479.1238000001,0.08356545961005378,-0.5333333333314857
2009-09-24,33.59328908554077,33.83849557521625,32.318215339228274,33.25,611981.9874,0.04525547445258314,-0.2258064516095289
2009-09-25,33.15619047618554,33.94095238094733,32.763809523804646,32.96,365993.64479999995,0.0355029585799108,-0.1666666666623581
2009-09-28,33.40092187499478,33.84234374999471,30.94857812499516,31.39,385387.776,0.08663729809107008,-0.694915254235351
2009-09-29,31.53271999999495,31.777919999994914,29.374959999995298,30.65,364453.5,0.07620528771387072,-0.36734693877331465
2009-09-30,30.948092209851996,31.58569157392185,30.653815580281297,30.85,270901.0537,0.030110935023803173,-0.10526315788935972
2009-10-09,31.189745127431607,32.75904047975521,31.189745127431607,32.71,379078.1777,0.05031446540883539,0.9687500000025092
2009-10-12,32.767055393581224,34.042419825067924,32.27653061224019,33.65,537074.4078,0.05389221556889135,0.5000000000024952
2009-10-13,33.40406504064588,37.033875338748366,33.305962059616085,36.2,1577577.1391999999,0.11160058737153891,0.7500000000011159
2009-10-14,36.928502024286516,38.154547908226974,36.045748987849386,36.34,1892715.6261,0.05710491367864451,-0.27906976743940104
2009-10-15,36.29567367119453,39.97428924597776,36.29567367119453,39.68,3480146.9773999997,0.10135135135137611,0.920000000001082
2009-10-16,38.693833543500794,39.18424968473655,37.86012610340002,38.89,1745077.386,0.0342205323194166,0.14814814815174107
2009-10-19,39.479042288552314,39.479042288552314,38.1549004975077,39.43,1620037.1663999998,0.033540372670832076,-0.03703703703331344
2009-10-20,39.2418952618405,39.7324189526135,38.55516209475829,39.34,1522803.9159999997,0.030000000000024656,0.08333333333742911
2009-10-21,38.89525423728306,38.89525423728306,37.570951760099405,37.62,1352061.4640000002,0.034047919293845694,-0.9629629629585345
2009-10-22,37.42797953963716,39.24296675191314,37.32987212275737,38.36,1027221.5932000001,0.051114023591113146,0.4871794871817969
2009-10-23,38.35476493010948,39.13951715374344,38.158576874200996,38.6,962538.7760000001,0.025575447570357953,0.2500000000047486
2009-10-26,38.653787878783,38.99715909090417,37.52556818181345,38.85,928234.7712,0.03807106598987256,0.13333333333657624
2009-10-27,38.55568181817696,40.41969696969187,37.77083333332857,38.85,2051035.6679999998,0.06870229007636001,0.11111111111291885
2009-10-28,38.20763613860914,39.72809405940102,37.5700247524706,39.63,1392272.5568,0.05648267008988337,0.6590909090928758
2009-10-29,38.991003671965856,40.90376988983587,38.30436964503815,40.07,2306589.4493,0.06666666666669054,0.41509433962436737
2009-10-30,40.60658476657977,41.19508599508094,39.62574938574452,39.92,2076501.3830000001,0.03864734299519279,-0.4374999999965909
2009-11-02,38.848883553416705,41.693877551015404,37.524489795913865,40.86,1962311.2614,0.10732323232325526,0.4823529411775313
2009-11-03,40.8566666666618,42.52428571428065,40.31714285713806,41.2,1974632.268,0.0540216086434805,0.15555555555770909
2009-11-04,41.00864077669405,41.69538834950951,40.027572815529126,40.42,1454211.68,0.04066985645935356,-0.35294117646743345
2009-11-05,40.41191283292489,41.000435835346124,39.77434624696855,40.51,1174179.4022,0.030339805825266724,0.08000000000393204
2009-11-06,40.56716019416983,40.9595873786358,39.92946601941264,40.42,1062011.2464,0.025392986698935516,-0.14285714285223788
2009-11-09,40.415238095233285,41.396190476185545,40.219047619042826,41.2,1241509.668,0.029126213592257092,0.6666666666702672
2009-11-10,41.59518518518038,42.57620370369877,40.51606481481013,42.38,2262012.3936,0.04952830188681516,0.3809523809545765
2009-11-11,42.91850828728808,46.499138121541826,42.820408839774274,44.39,4437031.1945,0.08571428571430707,0.400000000001224
2009-11-12,44.14576271185942,44.3419661016899,42.91949152541888,43.41,1867201.4085,0.032222222222244044,-0.5172413793065371
2009-11-13,43.45191441440951,44.08947072071575,41.784459459454744,43.55,1405626.6552000002,0.05304740406322737,0.04255319149147528
2009-11-16,43.702367256632336,44.830486725658766,43.30997787610141,44.34,1495709.1319999998,0.034792368125723665,0.4193548387126271
2009-11-17,44.239506172834545,44.239506172834545,43.160493827155655,43.7,1008479.9537999999,0.02439024390246106,-0.49999999999499284
2009-11-18,43.604753914983945,44.389541387019655,43.16331096196386,43.85,926059.287,0.028121484814420596,0.20000000000383047
2009-11-19,43.902312775325555,44.58905286343121,43.21557268721991,44.54,1286403.3704000001,0.031284916201139386,0.4642857142889517
2009-11-20,44.58382226980251,46.30047109207213,43.84811563168695,45.81,1852410.6994,0.055005500550076226,0.5000000000017953
2009-11-23,46.54376609441561,46.54376609441561,45.02336909870761,45.71,1356817.9024,0.032665964172834405,-0.5483870967706058
2009-11-24,46.001448598125464,46.001448598125464,41.68574766354652,41.98,1799695.3168000001,0.09381663113008382,-0.931818181816828
2009-11-25,41.44157175398161,43.40330296127068,41.19635535307048,43.06,1119691.2744,0.053254437869845295,0.7333333333352247
2009-11-26,42.7731034482706,42.96931034482229,39.731896551719245,39.83,1383608.9427999998,0.0756880733945169,-0.9090909090891156
2009-11-27,39.2414664980987,40.66396965865478,38.358533501891486,38.8,854374.6827,0.058750000000023825,-0.1914893616999176
2009-11-30,39.34082524271367,40.46905339805334,39.34082524271367,40.42,705598.8631999999,0.028678304239426217,0.9565217391339371
2009-12-01,40.463823529407,41.68999999999509,40.218588235289374,41.69,876060.49,0.036363636363660294,0.8333333333360982
2009-12-02,42.132373853206175,43.45667431192162,41.64189220183009,42.77,1274309.408,0.04307334109431824,0.3513513513538647
2009-12-03,42.91437980241022,46.690845225022315,42.91437980241022,44.68,2626449.3488999996,0.08800000000002123,0.4675324675336428
2009-12-04,43.696590649938,45.511151653358546,42.02915621436237,43.01,1745682.6196999997,0.07968574635243401,-0.19718309859008426
2009-12-07,42.9166666666618,43.603333333328386,42.32809523809044,43.26,752023.0998,0.029714285714308203,0.26923076923440675
2009-12-08,43.1114137930985,43.160459770109995,42.17954022988022,42.67,677852.409,0.02275312855519912,-0.4499999999945439
2009-12-09,42.18048220435796,43.55380022961613,41.78810562571277,42.72,890018.6334,0.04186046511630194,0.30555555555815905
2009-12-10,44.04042792792296,44.82511261260756,43.10861486486,43.55,1041878.856,0.0389755011136077,-0.28571428571125945
2009-12-11,43.306177474397806,43.89470989760593,42.96286689419307,43.11,630296.5310999999,0.02151755379390696,-0.21052631578398923
2009-12-14,43.109930069925035,43.35515151514646,40.70675990675516,42.08,654734.9093999999,0.0614334470989979,-0.3888888888868868
2009-12-15,42.08285714285237,43.897619047614064,41.73952380951907,43.26,851079.5496,0.05128205128207384,0.5454545454565657
2009-12-16,43.26388439305858,43.65630057802963,41.890427745659885,42.43,531036.475,0.040816326530634564,-0.47222222221917537
2009-12-17,42.078947368416024,42.61842105262648,40.8038277511913,41.0,536066.4408,0.04312354312356566,-0.5945945945915697
2009-12-18,40.46184863523071,40.707071960292716,39.431910669970286,39.53,432848.3562,0.031515151515175636,-0.7307692307648038
2009-12-21,39.630476190471356,40.21904761904271,39.630476190471356,40.17,289693.48589999997,0.014851485148539692,0.9166666666734392
2009-12-22,40.32159090908582,40.71401515151002,38.80094696969207,38.85,321801.87600000005,0.047445255474476374,-0.7692307692278003
2009-12-23,38.99050868485868,39.6280893300199,38.794330024809085,39.53,290466.11880000005,0.021383647798767166,0.6470588235345265
2009-12-24,39.57682634730065,41.09712574849808,39.57682634730065,40.95,497741.32899999997,0.038413878562601846,0.9032258064542418
2009-12-25,41.04808383233041,41.29329341316871,40.410538922150856,40.95,350500.0175,0.0215053763441098,-0.11111111110542596
2009-12-28,40.90947867298093,41.69431279620359,40.90947867298093,41.4,412094.9848,0.019184652278201507,0.625000000005454
2009-12-29,41.4409574468036,41.63712765956954,40.65627659573987,41.49,398000.02320000005,0.0236686390532781,0.05000000000496197
2009-12-30,41.19809069211919,41.63949880667761,40.80572792362282,41.1,370984.1084,0.020238095238118935,-0.11764705881750309
2009-12-31,41.0999999999951,41.0999999999951,41.0999999999951,41.1,0.0,2.433090024331131e-14,4.902744876744691
2010-01-04,41.74378947367932,42.724842105258155,41.498526315784616,41.94,655739.514,0.029377203290269972,0.1600000000038737
2010-01-05,42.1356878612668,42.42999999999509,41.154647398839174,42.43,528963.762,0.030267753201419847,0.23076923077289874
2010-01-06,41.97999999999509,42.66658878504173,41.93095794392033,41.98,521508.2416,0.017523364486004462,6.674339940140386e-12
2010-01-07,41.93372093022743,42.080856793140505,39.726682986531245,40.07,564613.5854999999,0.05614035087721552,-0.7916666666642485
2010-01-08,39.77340606060124,40.7052121212072,39.33202424241948,40.46,382286.9325,0.03452527743528952,0.5000000000032062
2010-01-11,40.609498164009715,40.85472460219818,39.57954712361817,40.07,321562.4581,0.03140096618359866,-0.42307692307274375
2010-01-12,40.06724550897724,40.9499999999951,39.723952095803625,40.95,343038.54099999997,0.030599755201982704,0.7200000000034125
2010-01-13,39.92381418092421,40.659511002440006,39.825721271388765,40.12,348801.4168,0.020884520884545347,0.23529411765266123
2010-01-14,39.92105263157418,41.09808612439701,39.92105263157418,41.0,407542.3088,0.029484029484053886,0.9166666666700471
2010-01-15,40.902937062932295,42.374265734260796,40.902937062932295,42.08,783645.3768000001,0.03597122302160631,0.8000000000027884
2010-01-18,41.931487889268524,42.912341407146144,41.58818915801135,42.52,719365.8528,0.031578947368444035,0.4444444444478131
2010-01-19,42.8705092592543,42.91956018518022,41.88949074073589,42.38,664538.688,0.024027459954256276,-0.47619047618524835
2010-01-20,42.87146820808753,43.950612716757924,42.18473988438818,42.43,1534124.21,0.04118993135013693,-0.249999999997079
2010-01-21,42.62285550458226,43.113337155958355,41.592844036692476,42.77,646490.1616,0.03567318757194434,0.09677419355155557
2010-01-22,42.1774818401886,42.422699757864116,39.725302663433446,40.51,658057.6799999999,0.06395348837211531,-0.6181818181797706
2010-01-25,40.17140794223343,41.29954271960995,39.72996389891218,40.76,296314.98840000003,0.039072039072063136,0.3750000000028858
2010-01-26,41.2040973111343,41.30220230473223,37.966632522402314,38.31,563598.8094,0.08095238095240326,-0.8676470588218005
2010-01-27,38.35573726541041,38.60097855227365,36.29571045575921,36.59,353772.1484,0.0601023017903059,-0.7659574468060497
2010-01-28,36.2504133333285,37.133373333328386,36.2504133333285,36.79,197195.84999999998,0.024357239512882153,0.6111111111159698
2010-01-29,36.93190728476333,37.56950993376986,36.441443708604446,37.03,227802.828,0.030544488711845598,0.08695652174339676
2010-02-01,37.28108108107604,37.62445945945437,35.66229729729247,36.3,242083.304,0.052631578947393995,-0.49999999999724287
2010-02-02,36.29331514324198,37.225170532054946,35.90095497953126,35.95,177885.17299999998,0.03648648648651291,-0.2592592592553617
2010-02-03,36.19382749325658,36.58617250673361,34.52636118597918,36.39,283489.48459999997,0.05691056910571698,0.0952380952404305
2010-02-04,36.44191906004746,38.59998694516467,35.8043080939901,37.57,447978.9374,0.07671601615076562,0.40350877193143486
2010-02-05,36.542847593578,37.52386363635862,34.82606951871192,36.69,272638.89400000003,0.07382550335573013,0.054545454547251404
2010-02-08,36.64050203527318,36.64050203527318,35.85569877882824,36.15,158189.3115,0.021419009370843234,-0.6249999999929532
2010-02-09,36.1037837837789,36.64337837837342,35.956621621616755,36.3,109106.71,0.01902173913046199,0.2857142857210131
2010-02-10,36.44662666666181,36.88810666666175,36.44662666666181,36.79,138777.975,0.012113055181722947,0.7777777777871249
2010-02-11,36.883328859055446,37.17761073825004,36.490953020129325,36.54,132427.77300000002,0.018617021276622358,-0.49999999999212147
2010-02-12,36.68572944296596,37.12713527850966,36.4895490716132,36.98,149436.69259999998,0.017379679144411752,0.4615384615454255
2010-02-22,36.984743082999074,37.57335968378951,36.64138339920465,37.23,218236.71209999998,0.02519893899206895,0.26315789474182394
2010-02-23,37.22761408082956,37.767144719682165,36.29569752281143,37.62,262400.51759999996,0.039525691699630564,0.2666666666698206
2010-02-24,37.567384987888914,40.70617433413551,37.076949152537885,40.51,1138428.8006,0.09660574412535047,0.8108108108119377
2010-02-25,40.07095354522737,40.51237163813685,39.58048899755017,40.12,957791.5373999999,0.023255813953512637,0.05263157895257988
2010-02-26,40.07525862068472,40.71293103447775,39.731896551719245,39.83,547770.1656,0.024479804161591116,-0.24999999999474765
2010-03-01,39.822035928138945,40.99904191616275,39.57682634730065,40.95,776477.522,0.035714285714309804,0.7931034482787565
2010-03-02,40.95139225181102,40.95139225181102,40.019564164644066,40.51,479053.89839999995,0.022754491017987894,-0.47368421052054643
2010-03-03,40.613739742082,42.18335287221077,40.613739742082,41.84,1015837.7852999999,0.038647342995192735,0.7812500000026263
2010-03-04,42.17693251533224,42.42214723925859,39.57765644171293,39.97,671425.525,0.06744186046513832,-0.7758620689635186
2010-03-05,40.120952380947486,40.80761904761407,39.777619047614195,40.17,371522.97,0.025672371638166068,0.04761904762376133
2010-03-08,40.27231414867622,41.204316546757646,40.027050359707424,40.91,359450.24700000003,0.02923264311817279,0.5416666666703716
2010-03-09,41.10621103117013,41.64579136690148,40.762841726613814,40.91,462981.08879999997,0.021479713603842394,-0.22222222221642143
2010-03-10,40.90286738350766,41.932795698919726,40.51051373954116,41.05,550315.9493999999,0.03477218225422029,0.1034482758654397
2010-03-11,41.002836185814054,41.444254278723534,39.72762836185333,40.12,376610.3084,0.04186602870815737,-0.5142857142825563
2010-03-12,40.2166253101687,40.46184863523071,39.23573200992069,39.53,265078.97260000004,0.030487804878072854,-0.5599999999955384
2010-03-15,39.7280813214689,39.7280813214689,38.256670902155236,38.6,293964.0176,0.037037037037061286,-0.7666666666628079
2010-03-16,38.60095177664485,38.94428934009658,38.11046954314237,38.65,222944.11200000002,0.021601016518449753,0.05882352941757402
2010-03-17,38.74901234567423,39.82809876542718,38.552814814810056,39.73,298269.864,0.03291139240508815,0.76923076923401
2010-03-18,39.77621980675848,41.14950483091291,39.530990338159484,40.61,573104.5056,0.04069050554872939,0.5151515151542257
2010-03-19,40.66095180722401,41.102385542163724,40.17046987951323,40.71,428641.38200000004,0.022919179734644208,0.05263157895258371
2010-03-22,40.7558703071626,43.89470989760593,40.314470989756515,43.11,2121556.2458999995,0.08784596871241686,0.657534246576529
2010-03-23,42.62577283371866,42.77292740046338,41.693793911002146,41.89,1100815.3085999999,0.025316455696225464,-0.6818181818130035
2010-03-24,41.73531718569299,43.304682814297195,41.539146482117474,42.52,1331893.203,0.04230317273797815,0.4444444444469754
2010-03-25,42.23388625591916,42.871563981037575,41.30189573459226,41.4,591746.0395999999,0.0371660859465967,-0.531249999996531
2010-03-26,41.392438739785135,42.569474912480445,41.24530921819822,42.03,511084.3765,0.0319905213270375,0.4814814814848241
2010-03-29,42.57190804597212,43.650919540224876,42.17954022988022,42.67,817682.1149999999,0.034562211981589507,0.06666666666995279
2010-03-30,42.32947427292592,44.291442953015185,41.93708053690807,43.85,1425545.4906,0.05561993047510911,0.6458333333351409
2010-03-31,43.65480549198585,43.90005720823296,42.72284897024683,42.87,778712.15,0.026966292134853603,-0.6666666666619356
2010-04-01,42.91761041902119,43.99668176669944,42.91761041902119,43.31,833352.0888,0.025142857142879962,0.3636363636405725
2010-04-02,43.45331058019983,43.64948805460255,42.57051194538765,43.11,812315.2803,0.024830699774288922,-0.3181818181769755
2010-04-06,43.15852534561715,43.20756912441899,42.03051843317488,42.57,662863.9108,0.027272727272749833,-0.4999999999954099
2010-04-07,42.56862029646037,43.05904218927673,42.02915621436237,43.01,553001.4708,0.024193548387119717,0.42857142857577385
2010-04-08,42.668600682589,43.600443686001874,42.57051194538765,43.11,943622.6735999999,0.024137931034505778,0.4285714285757717
2010-04-09,43.067908496727334,45.520522875812034,43.067908496727334,45.03,2244319.8822,0.05694760820047748,0.8000000000016745
2010-04-12,45.17519743862912,47.33340448238556,44.88089647811688,45.96,2850261.1433,0.0542888165038211,0.32000000000186907
2010-04-13,46.006666666661694,46.98761904761396,44.19190476189998,45.32,1497438.0036000002,0.06076759061835732,-0.24561403508587912
2010-04-14,45.520333333328594,47.28620833332841,44.68644791666201,47.09,1641890.976,0.05711206896553802,0.6037735849073146
2010-04-15,47.09106382978222,47.72875531914386,45.86473404254831,46.11,1037664.402,0.03958333333335383,-0.5263157894707678
2010-04-16,46.109580193751775,46.109580193751775,44.73610333691661,45.57,946728.107,0.02978723404257443,-0.39285714285329015
2010-04-19,45.171861520993744,46.15279228149306,42.71953461974544,43.21,948163.4755000001,0.07600434310534077,-0.5714285714269779
2010-04-20,43.2099999999951,43.2099999999951,43.2099999999951,43.21,0.0,2.3142791020599174e-14,4.902744876744691
2010-04-21,43.2099999999951,43.2099999999951,43.2099999999951,43.21,0.0,2.3142791020599174e-14,4.902744876744691
2010-04-22,43.2099999999951,43.2099999999951,43.2099999999951,43.21,0.0,2.3142791020599174e-14,4.902744876744691
2010-04-23,46.1047619047568,47.37999999999475,43.554285714280894,44.29,1732389.246,0.0829787234042751,-0.47435897435756913
2010-04-26,43.551032967028185,45.0223516483467,43.109637362632625,44.63,712555.935,0.043918918918940834,0.5641025641048332
2010-04-27,44.19141216991456,44.2404592422452,42.03334098736601,42.72,723031.1231000001,0.049944506104349924,-0.6666666666641432
2010-04-28,42.667561260205055,42.96182030337888,41.196266044335914,42.03,374731.82,0.041379310344849984,-0.361111111108128
2010-04-29,42.177941176465424,43.01169117646532,39.235294117642255,40.02,380793.5808,0.08953488372095177,-0.5714285714271221
2010-04-30,39.72760351316942,40.31616060225342,38.01097867000778,39.09,381113.92319999996,0.05802469135804853,-0.2765957446786016
2010-05-04,38.55526248398995,39.43820742637139,37.81947503200541,38.31,222404.35469999997,0.04198473282445219,-0.1515151515120314
2010-05-05,38.20632458233434,41.49236276849147,37.96109785202411,41.1,511066.03200000006,0.09242618741979265,0.819444444445603
2010-05-06,40.707071960292716,41.29560794044153,39.186687344908286,39.53,488553.35360000003,0.05180722891568606,-0.5581395348811286
2010-05-07,38.2571428571383,42.426190476185425,37.81571428570978,41.2,758438.772,0.12051282051284358,0.6382978723413522
2010-05-10,40.95198135197658,42.66853146852649,40.804848484843724,42.08,537233.1821999999,0.045508982035951405,0.6052631578970441
2010-05-11,42.18095238094723,42.96571428570904,40.120952380947486,40.17,488824.8183,0.06744186046513832,-0.706896551722166
2010-05-12,39.96878238341451,40.115906735746094,37.271502590668746,37.86,405667.7808,0.0711656441718023,-0.7413793103428444
2010-05-13,37.77032418952148,39.8305236907681,37.67221945136688,39.34,474698.58699999994,0.057142857142882045,0.7272727272746622
2010-05-14,39.2342569269472,39.77372795969272,38.645743073042986,38.94,278148.3632,0.028750000000024825,-0.2608695652128108
2010-05-17,38.69754768391843,38.69754768391843,35.803814713891576,36.0,403309.6588,0.07477820025350933,-0.93220338982849
2010-05-18,36.10284167793829,36.44621109607085,34.189783491199705,36.25,297088.7894,0.06250000000002594,0.06521739130649042
2010-05-19,36.04904632152097,36.980926430512675,34.871934604899884,36.0,224573.6124,0.0585034013605703,-0.023255813951149132
2010-05-20,36.15146978021481,37.37777472526959,35.51379120878633,35.71,271675.69519999996,0.051560379918615076,-0.23684210526039695
2010-05-21,34.67940379403324,36.2981029810249,34.237940379399156,36.2,274011.282,0.059405940594086645,0.7380952380972605
2010-05-24,36.39563068920203,38.259557867355234,36.39563068920203,37.72,350924.22959999996,0.05121293800541693,0.710526315791723
2010-05-25,37.719999999995096,38.161456436926116,37.08234070220584,37.72,259099.7852,0.028608582574798178,4.543298479482388e-12
2010-05-26,37.32286649214171,38.254712041879806,37.126688481670534,37.47,282979.7936,0.03022339027597855,0.13043478261292576
2010-05-27,37.4205167958608,38.15617571058939,36.782945736429355,37.96,287364.45060000004,0.036697247706447854,0.39285714286042756
2010-05-28,38.25618556700538,38.84474226803623,37.76572164947967,38.06,294901.1848,0.02820512820515343,-0.181818181813469
2010-05-31,37.768181818176615,38.01342975206088,35.46285123966454,35.61,274539.7314,0.0675324675324922,-0.8461538461515913
2010-06-01,35.31241473396517,36.29331514324198,34.82196452932676,35.95,249345.48960000003,0.04166666666669394,0.4333333333363719
2010-06-02,36.29946666666183,36.83905333332842,35.31839999999529,36.79,291971.55,0.04189189189191825,0.3225806451643024
2010-06-03,36.74122762147868,38.55621483375466,36.34879795395955,38.36,572864.4224,0.060080106809104285,0.7333333333352234
2010-06-04,37.916021634610836,40.957151442302774,37.62171874999548,40.81,713360.8768000001,0.08796895213456483,0.8676470588247376
2010-06-07,39.62859241125586,41.63944920440127,39.23623011015432,40.07,1286257.2671,0.0606435643564593,0.18367346938971996
2010-06-08,40.07190476189987,40.95476190475691,38.99285714285239,40.17,549367.7553,0.04895960832315709,0.05000000000247348
2010-06-09,40.166267942578926,42.127990430616975,40.117224880377975,41.0,846934.2111999999,0.05006105006107387,0.41463414634369544
2010-06-10,40.46524390243409,40.46524390243409,39.778560975604904,40.22,466718.49799999996,0.01696969696972128,-0.3571428571351951
2010-06-11,40.22391033623409,40.5672851805678,39.340946450804566,39.39,300516.0048,0.030487804878072892,-0.6799999999954425
2010-06-17,39.03911764705404,40.46139705881858,39.03911764705404,40.02,293075.9472,0.03643216080404487,0.6896551724167554
2010-06-18,39.729562982000026,40.02385604112595,37.816658097681504,38.16,249743.60160000002,0.055555555555579395,-0.7111111111085634
2010-06-21,38.11092615769234,39.33714643303637,38.061877346678585,39.19,217663.3403,0.03346203346205866,0.8461538461570404
2010-06-22,39.18811735940841,40.56141809290457,39.18811735940841,40.12,282783.1726,0.0350438047559694,0.6785714285745095
2010-06-23,40.17144444443948,40.22049382715552,39.23950617283466,39.73,186894.783,0.02442002442004862,-0.449999999994541
2010-06-24,39.72762836185333,40.659511002440006,39.48239608801473,40.12,268009.0292,0.029629629629653827,0.3333333333372232
2010-06-25,40.11999999999509,40.11999999999509,40.11999999999509,40.12,0.0,2.4925224327021372e-14,4.909850304102292
2010-06-28,39.681449999995046,39.73049999999504,39.04379999999512,39.24,140502.16,0.017305315203980324,-0.6428571428490671
2010-06-29,39.23545706370648,39.627811634343544,35.31191135733583,35.41,410413.9688,0.11000000000002272,-0.8863636363622951
2010-06-30,35.26773722627223,35.26773722627223,33.30569343065208,33.6,195109.71449999997,0.055632823365812656,-0.8499999999970689
2010-07-01,33.59904970759742,34.334795321632406,33.353801169585765,33.55,104804.3952,0.02919708029199972,-0.049999999994948044
2010-07-02,33.84190751444598,34.62664739883892,32.272427745660075,33.94,188601.9704,0.06956521739133167,0.04166666666873075
2010-07-05,33.84140969162499,33.9395007342094,32.61527165931973,33.4,98255.02049999998,0.03913043478263705,-0.33333333332938103
2010-07-06,33.007678062673364,34.479045584040676,33.007678062673364,34.43,124683.41339999998,0.04457652303123254,0.9666666666693401
2010-07-07,34.53189801699228,34.77715297449932,34.041388101978185,34.63,147437.86299999998,0.021306818181846387,0.13333333333981817
2010-07-08,34.58094900849368,34.973356940504964,34.090439093479596,34.63,149064.134,0.025531914893645122,0.055555555561054466
2010-07-09,34.77476190475717,36.049999999995094,34.33333333332866,36.05,249984.89250000002,0.04936530324403301,0.742857142859567
2010-07-12,36.198097826082034,36.884782608690635,36.05095108695162,36.1,234322.74880000003,0.023035230352330446,-0.11764705881749903
2010-07-13,35.806648575300436,36.591451831745374,35.0708955223833,36.15,212499.6522,0.04246575342468421,0.22580645161597826
2010-07-14,35.90756756756271,37.0358108108058,35.90756756756271,36.3,183249.01200000002,0.03142076502734939,0.34782608696056494
2010-07-15,36.152005571025605,36.6425348189364,35.121894150412935,35.22,166270.491,0.04206241519676998,-0.6129032258028237
2010-07-16,34.97421703296222,35.90620879120386,34.87611263735784,35.71,123884.4152,0.02945301542779788,0.7142857142897863
2010-07-19,35.55906040267979,36.58904697986085,35.31382550335096,36.54,152188.451,0.035862068965544225,0.7692307692340145
2010-07-20,36.789883268477716,38.26147859921682,36.5936705577125,37.82,299923.4718,0.04533333333335927,0.617647058826102
2010-07-21,37.817110266154906,40.122433460070965,37.522813688208174,38.7,550165.2026999999,0.06874189364464207,0.3396226415111897
2010-07-22,38.69478589420167,39.087128463471146,38.10627204029746,38.94,322436.9686,0.025348542458833907,0.25000000000474537
2010-07-23,38.944755944926285,40.170976220270305,38.944755944926285,39.19,403605.3419,0.031486146095742566,0.20000000000383977
2010-07-26,38.942885085569806,40.659511002440006,38.942885085569806,40.12,389199.2466,0.04408060453402944,0.6857142857167474
2010-07-27,39.92429433051389,40.95428226778758,39.92429433051389,40.66,495106.15699999995,0.025798525798550086,0.7142857142897758
2010-07-28,40.658148584900864,41.688089622636596,40.020566037731136,41.59,720269.7456,0.04101326899881723,0.5588235294143749
2010-07-29,41.49095631640596,41.93234946870815,40.80434474615811,41.54,696212.4015,0.027186761229337903,0.0434782608738736
2010-07-30,41.540442054953225,41.540442054953225,40.60860215053278,41.05,366923.8089,0.022432113341227886,-0.5263157894678608
2010-08-02,40.709090909086456,45.17237677984171,40.709090909086456,44.78,1686094.619,0.10963855421688921,0.9120879120888066
2010-08-03,43.16238532109597,43.99620412843532,42.52475917430705,42.77,1165927.8304,0.03409090909093151,-0.26666666666315
2010-08-04,42.32393018017541,43.79521396395902,42.32393018017541,43.55,606444.06,0.03476245654695198,0.8333333333361048
2010-08-05,43.650454545449584,44.28804545454041,42.522409090904254,43.16,532311.4720000001,0.040449438202268984,-0.27777777777484525
2010-08-06,43.066644067791735,43.50810169491033,42.527084745757904,43.41,448763.2335,0.022779043280204806,0.35000000000465065
2010-08-09,43.79668888888402,44.48331111110617,43.06102222221743,44.14,553143.3300000001,0.032474804031377216,0.24137931034810717
2010-08-10,43.89614942528232,44.435655172408694,42.6699999999951,42.67,615445.221,0.04022346368717281,-0.6944444444412741
2010-08-11,42.47523809523327,43.40714285713793,42.47523809523327,43.26,285791.1084,0.02193995381064654,0.842105263162261
2010-08-12,42.9212555066032,45.61916299558969,42.67599118942261,44.54,1118405.5736,0.06857142857145034,0.5500000000014791
2010-08-13,44.535700534754596,45.958096256679575,44.04521925133219,45.86,870910.051,0.042951541850241616,0.6923076923098956
2010-08-16,45.81568085105896,46.551478723399306,45.276095744676034,46.11,1027948.092,0.02783725910066369,0.23076923077289394
2010-08-17,45.80904608788362,46.152368703103306,45.367631296886884,45.76,585405.9051,0.017130620985032166,-0.062499999993673866
2010-08-18,45.8066086956472,46.00278260869066,44.188173913038675,45.12,586927.708,0.039614561027858375,-0.3783783783754694
2010-08-19,45.12190889370443,45.61236442515774,44.82763557483245,45.22,454078.7304,0.017391304347847854,0.1250000000060952
2010-08-20,45.51126948774549,46.44307349665407,44.039999999995096,44.04,559431.4602,0.05280172413795187,-0.6122448979568875
2010-08-23,44.14715719063053,44.88294314380771,43.509476031210305,44.0,549250.6812,0.03111111111113326,-0.10714285713920711
2010-08-24,44.09475663716327,44.928584070791494,43.408075221234135,44.34,419440.2704,0.034482758620711665,0.1612903225837614
2010-08-25,44.29240223463192,44.733854748598354,43.70379888267668,43.9,315528.133,0.023255813953510472,-0.3809523809472491
2010-08-26,44.63044444443948,44.63044444443948,43.698599999995146,44.14,269352.54000000004,0.020879120879142735,-0.5263157894678553
2010-08-27,44.191423766811184,44.43665919282013,43.35762331838079,43.75,289241.1688,0.024417314095471595,-0.4090909090859791
2010-08-30,43.75093048127874,46.3504812834175,43.75093048127874,45.86,733653.36,0.059417040358765855,0.811320754718556
2010-08-31,45.36904761904321,50.46999999999509,45.22190476190037,50.47,2891632.7222999996,0.11567567567569499,0.971962616823181
2010-09-01,52.974880153398566,52.974880153398566,49.54132310641902,51.16,3942361.1254999996,0.06481481481483262,-0.5285714285698463
2010-09-02,51.8974793008232,55.42925482980172,50.524011039553784,53.32,3422582.7674,0.09451795841211569,0.29000000000093956
2010-09-03,52.53144067796117,53.31622410545638,51.403314500936794,52.09,1786490.8776,0.03641456582634867,-0.230769230766554
2010-09-06,50.61811694746773,51.01050545093647,48.06759167492091,49.49,2341447.058,0.05813953488373939,-0.38333333333153824
2010-09-07,48.94581463414158,51.25087804877549,48.74963902438549,50.27,1492135.6524999999,0.051102204408837074,0.5294117647076277
2010-09-08,50.02857142856684,54.98238095237592,49.63619047618593,53.56,2477826.8424,0.10686274509805713,0.6605504587163913
2010-09-09,53.80281742353534,53.851862835954236,50.76200185356342,52.92,1375622.6028999998,0.057429352780327465,-0.28571428571260815
2010-09-10,52.04307557117292,57.389630931453645,51.6016168717002,55.82,2405235.3768,0.11121583411877295,0.6525423728820928
2010-09-13,55.129523809519036,58.759047619042526,54.49190476190004,56.65,2151118.662,0.07740213523133348,0.3563218390815255
2010-09-14,55.91810193321125,57.144376098413254,55.329490333914286,55.82,1499106.6322,0.032456140350894606,-0.05405405405131683
2010-09-15,55.32147368420567,57.57749122806513,55.17434210525832,55.91,1459952.742,0.04343971631207407,0.2448979591856118
2010-09-16,56.0594311926554,56.45179816513243,51.54721100916958,53.46,1752568.599,0.08748906386703287,-0.529999999998891
2010-09-17,52.97288135592723,53.65956685498554,51.74665725046595,52.09,730591.6427999999,0.03611111111112924,-0.46153846153566186
2010-09-20,52.090950141105154,53.954844778922485,51.9928504233253,52.14,717583.9965000001,0.03766478342751383,0.025000000002493538
2010-09-21,52.428011472270306,53.114627151046534,49.87772466538719,51.3,899522.0302,0.06173994387279614,-0.3484848484832219
2010-09-27,51.29972677595161,53.99713114753607,51.00546448086967,53.85,949042.4652000001,0.058317399617609234,0.8524590163947966
2010-09-28,53.951914514687985,55.76666073018203,53.06906500444764,55.08,937236.8213,0.05000000000001753,0.41818181818348055
2010-09-29,55.42527173912542,55.86671195651668,53.70855978260383,54.15,874295.0255999999,0.03893805309736256,-0.5909090909065465
2010-09-30,53.51395540874868,59.547151114776256,53.464905037154956,59.4,2481201.1881999997,0.11365719523374711,0.9677419354845177
2010-10-08,59.05766582703114,61.068765743067914,57.78233417295904,58.42,3386819.0688,0.05564784053157743,-0.1940298507447141
2010-10-11,57.62960737179025,61.357139423072006,57.33532852563643,61.21,2891450.3904000004,0.0697872340425694,0.8902439024400229
2010-10-12,59.59285714285226,61.11333333332833,59.396666666661794,59.74,1790847.5676,0.028806584362156343,0.08571428571708785
2010-10-13,59.884221105522634,60.17849246230652,57.87336683416601,58.56,1314160.8168,0.038493038493054514,-0.5744680851040105
2010-10-14,58.126206604567464,59.793962743432694,57.68474174427961,57.93,1579569.6669,0.0362869198312402,-0.09302325581157915
2010-10-15,57.09331069609024,59.10432937181163,56.455670628178574,57.78,1462389.815,0.04639175257733636,0.2592592592610085
2010-10-18,57.287114337562855,57.38520871142854,52.77477313974112,54.05,1659693.1071999997,0.08047945205481051,-0.7021276595732521
2010-10-19,54.05319516407131,58.026252158889626,53.21934369602303,56.8,1379236.479,0.08892921960074279,0.5714285714294755
2010-10-20,56.16251962322949,62.48999999999509,55.81916797487788,62.49,3321251.8794,0.11877729257643489,0.9485294117653007
2010-10-21,63.12816455695702,64.15822784809619,60.82278481012177,62.0,2730316.2192,0.05283605283606788,-0.3382352941160708
2010-10-22,65.48223021582264,68.1799999999951,65.48223021582264,68.18,3396971.099,0.04119850187267377,1.0000000000014466
2010-10-25,74.98917197451696,74.98917197451696,67.68152866241559,69.3,6584502.285,0.09744931327666324,-0.7785234899321074
2010-10-26,67.88386329865766,68.42340267458628,64.98997028231315,66.02,4395963.316,0.0505780346820947,-0.542857142855559
2010-10-27,65.08247612049485,69.05510653930426,63.758265980891714,66.75,3247388.5993,0.08138658628486727,0.3148148148156819
2010-10-28,65.6710709117174,69.79083936323663,65.03348769898227,67.78,2082972.2355999998,0.07244212098582442,0.4432989690731023
2010-10-29,67.44539249146297,72.84102389078001,66.70962457337428,71.86,3246915.539,0.09090909090910437,0.7200000000006834
2010-11-01,73.56904603068222,74.94233488992161,70.13582388258372,73.52,4230360.5782,0.06533333333334583,-0.010204081631631218
2010-11-02,72.59090357792164,80.8799999999951,72.00232868404659,80.88,5450297.061499999,0.12229729729730932,0.9337016574590081
2010-11-03,80.88355584081637,84.12086007701642,75.09564826700417,76.42,5270065.092999999,0.11158277744088418,-0.49456521739070575
2010-11-04,76.271654929573,83.87429577464297,75.58496478872796,83.58,4278341.6856,0.10868167202573525,0.8816568047342103
2010-11-05,84.36574780058156,88.19163636363119,80.93225806451139,83.63,4116241.0080000004,0.08604651162791775,-0.101351351350662
2010-11-08,83.67863717871586,83.67863717871586,80.49041243275073,82.06,2673135.1262000003,0.03810082063307115,-0.5076923076906115
2010-11-09,81.91246913579742,81.91246913579742,78.3809135802421,79.46,2698490.0519999997,0.043113772455101396,-0.6944444444428652
2010-11-10,79.50759393938914,82.0581151515102,79.26235151514673,80.93,2182490.31,0.03516347933375665,0.508771929826131
2010-11-11,78.47713226204708,82.89147095178721,77.59426452409905,79.36,2648742.3696,0.06750000000001175,0.16666666666755894
2010-11-12,78.47252747252207,79.01202609889566,71.4099999999951,71.41,2765215.3984000003,0.0968750000000114,-0.9290322580637493
2010-11-15,72.34244532802703,74.05904572564123,67.68310139164562,74.01,1912786.2177,0.08813559322035164,0.26153846153918875
2010-11-16,73.32877358490033,74.30976052249099,67.05045718432025,67.59,1712056.2758,0.09899665551840699,-0.7905405405397543
2010-11-17,65.62821681067827,68.17879025922481,60.9194658287462,62.44,1292370.4772,0.11061285500748742,-0.439189189188453
2010-11-18,63.17521472392155,64.69573619631406,61.899938650302005,63.96,1145731.1728,0.04425465838510826,0.28070175438761463
2010-11-19,64.64522509224614,66.9504797047921,63.762361623611525,66.46,1373235.1835,0.049317147192730955,0.5692307692321321
2010-11-22,66.21854304635275,67.44481236202594,65.38467991169497,66.66,1094758.8939,0.031111111111125654,0.21428571428798712
2010-11-23,66.31287128712366,66.31287128712366,62.83046458491525,64.4,1091080.4164,0.052514792899422444,-0.5492957746463191
2010-11-24,64.60063480741336,69.60387303851144,64.50253209699967,68.77,1676506.8332,0.0789673500379794,0.8173076923084942
2010-11-25,69.74712499999515,71.36572916666171,68.66805555555078,70.63,1469156.976,0.038677918424767734,0.3272727272744238
2010-11-26,70.92481192334486,70.92481192334486,68.42331440737625,69.11,1079494.9234,0.03526970954358227,-0.7254901960761775
2010-11-29,68.57195068890005,68.57195068890005,66.51184916605754,67.64,791967.6982,0.030042918454949927,-0.4523809523783562
2010-11-30,67.68423423422915,68.41993243242729,62.779579579574865,65.33,1041661.8288,0.08333333333334679,-0.41739130434688304
2010-12-01,64.64570996978364,65.62667673715517,63.76283987914926,64.94,513160.1568,0.0288315629742184,0.15789473684465
2010-12-02,65.81950413222646,66.70232907587777,65.08381667918368,65.28,601530.9421000001,0.02459016393444095,-0.3333333333300953
2010-12-03,64.49714928731699,65.91951987996504,63.27096774193074,65.38,726882.1007000001,0.041064638783284646,0.33333333333506127
2010-12-06,65.48363504706259,70.1435191889884,63.717784214332816,67.74,1006818.4643,0.09812734082398397,0.3511450381686478
2010-12-07,66.70992034756938,68.67197682838025,66.26845763938694,67.74,1294743.9829,0.03602941176472042,0.4285714285732926
2010-12-08,67.82910192444278,69.54567355665934,67.53483250177707,68.81,1160206.5007,0.029645697758510503,0.4878048780509733
2010-12-09,68.81129977460039,68.81129977460039,65.23095416979224,65.28,735561.4442,0.052031361368509846,-0.9863013698613672
2010-12-10,64.59664684014389,66.36238661709544,64.05711524163092,65.97,415738.8275,0.03568716780563379,0.5957446808529347
2010-12-13,66.01487437185456,69.15376884421613,65.9658291457239,68.32,1018679.5871,0.04829123328381822,0.7230769230782326
2010-12-14,68.67044649184488,69.70050318922256,67.88564138908094,69.21,935148.5748999999,0.026428571428585595,0.297297297299833
2010-12-15,69.93950530034842,70.38091872791023,69.0566784452248,69.4,1270409.357,0.018934081346437655,-0.40740740740339104
2010-12-16,69.40429382540316,70.38527324343006,68.76665720368567,69.11,778405.9952,0.023321554770332254,-0.18181818181503412
2010-12-17,68.711464968148,69.59426751591863,68.36815286623718,69.3,451394.29530000006,0.017844396859400556,0.4800000000036117
2010-12-20,70.38381523271718,70.43286318758318,66.36188293370476,69.55,1378934.5254,0.05783972125436882,-0.2048192771071798
2010-12-21,69.30288100208287,71.06855949895122,67.73338900486655,70.48,1271224.2311999998,0.0481245576787115,0.3529411764719514
2010-12-22,70.58437677053325,70.97678470254456,69.06379603398946,69.26,797307.9683999999,0.027102154273814977,-0.6923076923047697
2010-12-23,69.2599999999951,69.2599999999951,69.2599999999951,69.26,0.0,1.4438348252960676e-14,4.902744876744691
2010-12-24,66.36599150141174,69.79956090651065,64.3549008498538,69.26,1129409.8036,0.0820399113082179,0.5315315315323331
2010-12-27,68.86383601756451,70.23718887261566,66.70571010248413,67.0,810396.3018,0.05128205128206528,-0.5277777777762384
2010-12-28,66.21842316974528,66.856082059528,60.28329042638291,60.97,905165.7758,0.09925925925927298,-0.798507462685699
2010-12-29,60.818574859883036,63.369031224974904,58.856685348273906,61.26,813057.0336,0.07419354838711197,0.09782608695758775
2010-12-30,61.16285599999512,61.65333599999508,59.151887999995274,61.31,707446.75,0.04089815557339185,0.05882352941369898
2010-12-31,61.16145312499523,63.27046874999506,60.57289062499527,62.78,603673.216,0.04410585404973502,0.6000000000015935
2011-01-04,62.82678947367948,66.79944360901753,62.53251879698777,65.23,844849.649,0.06791569086652542,0.5632183908056166
2011-01-05,64.99227373067954,66.90525386312974,64.25651214127562,66.66,689134.2228,0.040754716981147035,0.6296296296312401
2011-01-06,67.63666666666194,71.41333333332835,67.63666666666194,70.04,1948928.4023999998,0.0558375634517908,0.636363636364764
2011-01-07,69.35624190064296,71.2691792656536,68.08095032396918,68.13,1429575.3291000002,0.04596888260255963,-0.38461538461372824
2011-01-10,67.69006622516059,69.16158940396842,65.72803532008346,66.66,1127286.0152999999,0.05072463768117344,-0.29999999999848803
2011-01-11,66.06991360690668,70.09198704103166,65.72656587472528,68.13,1652248.836,0.06607275426875944,0.4719101123605677
2011-01-12,67.73381227436334,69.25426714800943,66.99810830324427,67.93,648668.351,0.033309196234626685,0.0869565217412674
2011-01-13,67.7371480406337,68.27669085630855,66.70711175616351,67.59,443869.2336,0.023171614771918994,-0.09374999999681723
2011-01-14,67.10197183098094,67.83773906596977,64.99277242401297,66.17,981789.6543,0.04239766081872784,-0.32758620689471174
2011-01-17,65.77187548039464,66.16425057647454,61.84812451959556,63.81,633585.8291000001,0.0656226696495294,-0.4545454545442139
2011-01-18,62.7785880527492,65.18183087664349,62.7785880527492,63.22,442352.575,0.03828125000001505,0.1836734693897215
2011-01-19,63.711921331311366,66.1642662632325,62.78003025718133,64.84,444616.4942,0.05311778290994548,0.33333333333468634
2011-01-20,65.03436123347541,70.87077826724884,65.03436123347541,66.8,2247501.4398,0.08974358974360368,0.30252100840414836
2011-01-21,65.23467230443515,69.6980972515807,65.08752642705672,69.6,1690477.1202,0.07067669172933759,0.9468085106391544
2011-01-24,69.64959765910243,70.53247988295021,66.70665691294317,67.05,972229.6747000001,0.054929577464802364,-0.6794871794857164
2011-01-25,67.19929961088971,67.19929961088971,61.803735408555504,63.03,1303518.906,0.08029197080293335,-0.7727272727262204
2011-01-26,62.977142857138325,68.61761904761411,62.977142857138325,67.98,868239.8802,0.08956386292836341,0.8869565217398406
2011-01-27,67.14385222381155,69.3018723098946,66.26102582495939,68.37,1513026.4112,0.04528853177503242,0.40322580645309175
2011-01-28,68.76291637870982,72.53948168624238,67.43866620593866,70.97,2719620.8724,0.07417974322397922,0.4326923076931867
2011-01-31,70.5845962314892,73.5767160161458,69.55452220726316,72.89,2442979.542,0.0569840166782621,0.5731707317083928
2011-02-01,72.09999999999502,74.06190476189964,70.72666666666179,71.07,1499797.5929999999,0.04625850340137364,-0.30882352941020336
2011-02-09,69.60162895927151,77.15529411764207,69.30733031673759,75.88,2814311.2179,0.11275546159268382,0.8000000000005227
2011-02-10,74.30446096653816,81.121833952907,74.05923172242416,79.16,3769846.9152,0.09504950495050728,0.6875000000005945
2011-02-11,78.32809404388225,79.65236363635864,77.00382445140583,78.23,2089097.505,0.033813400125247126,-0.03703703703517313
2011-02-14,78.12853889942579,81.1202783048652,77.39286527513742,77.54,2743499.9721000004,0.04770872567483939,-0.15789473684074418
2011-02-15,77.00860077021328,79.46110397945574,75.9294993581466,76.42,2588531.6215999997,0.045859872611477344,-0.16666666666522786
2011-02-16,76.61194082839785,83.03714201182942,75.9743254437825,82.89,4078703.6289999997,0.09218950064021661,0.8888888888894563
2011-02-17,81.46618587808801,82.39806879902943,79.25909474954258,81.27,2529022.4305999996,0.0385310054184346,-0.062499999998415365
2011-02-18,80.4380952380904,83.18476190475691,79.45714285713808,81.37,2381637.8376,0.046341463414646095,0.2500000000012472
2011-02-21,80.93043995243278,82.59809750296775,79.94946492270631,82.5,1680440.2814000002,0.03272727272728466,0.5925925925942153
2011-02-22,82.15379975874052,84.26282267792013,80.48620024124968,81.32,2416331.5634,0.04597014925374285,-0.22077922077786521
2011-02-23,79.79904674046249,81.36854243541934,77.0033825338206,79.75,2010372.4164000002,0.05470190534727672,-0.011235955055051232
2011-02-24,79.359520884516,80.68381449630954,77.39760442259966,79.85,1215168.3412,0.04140914709519144,0.14925373134473105
2011-02-25,78.62479565772168,79.85100893996938,76.66285440612538,76.81,1394206.1982,0.040548970679987424,-0.5692307692290507
2011-02-28,76.81091939546116,78.92003148614113,76.71282115868534,77.89,888350.7024000001,0.028735632183920733,0.4888888888908903
2011-03-01,77.93527060270124,80.19142066420171,76.9543357933532,79.75,1576920.4908000003,0.041535556954071594,0.5606060606073997
2011-03-02,78.97145534040732,79.8053154278526,77.25468457213759,78.53,959871.8652,0.03229813664597492,-0.17307692307493497
2011-03-03,78.33452225130378,79.07028795811001,74.85189790575427,74.95,1546440.5151999998,0.05385097056983048,-0.802325581393997
2011-03-04,74.55745222929461,77.25525477706515,74.55745222929461,77.01,897790.3699999999,0.036184210526328815,0.9090909090923909
2011-03-07,77.25182926828799,80.93048780487312,77.25182926828799,80.44,1913862.7799999998,0.04761904761905982,0.8666666666677607
2011-03-08,80.44194941393704,80.7362492288661,78.23470080196927,79.51,1508754.9897000003,0.031097560975621923,-0.37254901960572595
2011-03-09,78.91620541204927,80.19142066420171,77.297662976625,79.75,1290483.843,0.036668738346811613,0.2881355932219337
2011-03-10,79.95291563274938,80.93393300247637,78.87379652604969,79.07,1342534.5336,0.02576687116565644,-0.42857142856884073
2011-03-11,79.26187951806752,84.16669879517565,79.26187951806752,81.42,2935224.284,0.06188118811882364,0.4400000000009108
2011-03-14,82.05436416184497,84.99713872831877,79.45491329479309,84.85,2676630.223,0.06754333532577342,0.5044247787618544
2011-03-15,84.51450423215934,85.838875453441,80.34518742442077,81.13,3132413.1794,0.06500290191527526,-0.6160714285704232
2011-03-16,81.71381443298475,81.71381443298475,79.45761067313043,80.88,1680389.3745999997,0.027611044417778948,-0.3695652173889749
2011-03-17,80.44205193159718,80.44205193159718,77.00854971500462,77.45,1744232.0865,0.04268292682928014,-0.8714285714268871
2011-03-18,77.59101538461063,80.43569230768736,77.59101538461063,79.7,1381611.5625,0.03666245259166835,0.7413793103462895
2011-03-21,79.79668298653124,80.2871358629082,78.81577723377733,80.14,830825.1105999999,0.018438844499090345,0.23333333333649944
2011-03-22,79.94331484904005,80.33567467652,77.9324707332053,79.6,699131.2704,0.030061349693263576,-0.14285714285504417
2011-03-23,79.41140404659234,80.19619865112938,77.74371551195111,80.0,862470.3534999999,0.030883261272402585,0.24000000000189078
2011-03-24,79.65705351773424,82.2076488274154,79.16655441971864,81.57,1302909.7784999998,0.03817733990149004,0.6290322580659161
2011-03-25,82.25049170615628,83.72187796208037,80.73005924170141,82.79,1555609.6535999998,0.036374478234954925,0.18032786885403504
2011-03-28,83.14062690200346,83.14062690200346,80.1975958612246,80.59,1559084.5965,0.03539823008850693,-0.8666666666647108
2011-03-29,80.83583126550367,81.13013647642175,78.72664392059065,79.07,948406.0144000001,0.029733009708749758,-0.7346938775486799
2011-03-30,79.06283563362115,79.79853199497617,77.44430363864006,78.18,894281.1823999999,0.029776674937977466,-0.3749999999977597
2011-03-31,78.27573033707377,79.20758426965797,77.54005617977045,78.57,584417.9304,0.02130325814537578,0.1764705882381254
2011-04-01,79.1128589108862,79.40714108910402,77.88668316831203,79.26,625938.2080000001,0.019218846869200227,0.09677419355154646
2011-04-06,78.9637790332656,79.4051914626441,77.73763339610308,78.13,537131.7225,0.021118012422372736,-0.4999999999967558
2011-04-07,78.2343431122399,78.87198979591332,76.5666517857094,76.91,697676.4256,0.02946708463951073,-0.5744680851040054
2011-04-08,76.90666666666183,78.77047619047124,75.97476190475713,78.28,680628.564,0.03635204081633909,0.49122807017702214
2011-04-11,78.13817197451732,78.28532484075936,76.32328662419897,77.01,590012.437,0.025109855618342704,-0.5749999999972055
2011-04-12,77.0047619047568,77.20095238094727,74.11095238094747,74.16,936814.9392,0.04012738853504443,-0.9206349206330315
2011-04-13,74.10953320183602,74.69809335962691,72.34385272846335,74.6,544693.5234000001,0.03176704169425543,0.2083333333353276
2011-04-14,74.45755656108115,76.41954751130727,74.45755656108115,75.88,537838.5285,0.026350461133082995,0.7250000000021318
2011-04-15,73.96380952380476,76.75952380951887,73.96380952380476,76.22,679782.2261999999,0.037798408488076765,0.8070175438611157
2011-04-18,75.08908446163281,78.47324306898268,75.08908446163281,76.07,1061386.6791,0.045068582625747484,0.28985507246513115
2011-04-19,75.68506558400527,79.41291068081954,75.68506558400527,78.53,1498434.9769000001,0.04925469863902754,0.7631578947379507
2011-04-20,78.13143925233159,80.82900934578936,78.03334579438767,78.72,1391430.1935,0.03578154425613278,0.21052631579114994
2011-04-21,78.6280394574551,80.05050554870039,78.03943279900878,79.56,879775.5573999999,0.025577043044304245,0.46341463414854095
2011-04-22,79.3095205479403,80.53570361145205,78.47571606475229,78.77,719107.6991999999,0.025974025974038396,-0.26190476190226775
2011-04-25,78.47185325742704,79.45275142314487,77.04955091713619,77.54,576934.0932,0.030625000000012156,-0.3877551020386145
2011-04-26,77.98871287128199,78.67540594058887,73.52520792078724,74.31,728711.8185,0.06603773584906851,-0.7142857142846252
2011-04-27,74.79376657824437,75.52944297081727,72.09628647214376,73.96,627430.544,0.04590163934427505,-0.24285714285564422
2011-04-28,74.05752032519823,74.54796747966974,71.60528455284067,72.39,403246.152,0.03973509933776126,-0.5666666666648051
2011-04-29,72.58767395625763,74.30427435387182,70.23347912524386,74.01,660313.8033,0.05608108108109404,0.3493975903625622
2011-05-03,73.86429980275648,74.94332675870643,73.07955292570196,74.6,522522.9711000001,0.0252324037184726,0.3947368421076855
2011-05-04,74.79516238159168,74.79516238159168,71.99953991880433,72.49,356642.87799999997,0.037377049180340585,-0.8245614035067239
2011-05-05,72.49570080862046,73.57479784366082,71.17135444743457,72.79,283001.1744,0.033152909336955125,0.12244897959382783
2011-05-06,71.99814391391581,73.66567585742612,71.65482851378133,72.93,235950.0224,0.027929155313365147,0.4634146341485472
2011-05-09,73.96475875743066,75.04382022471412,73.03284203568585,74.21,383051.20290000003,0.027188328912479888,0.1219512195145766
2011-05-10,74.69905379131079,75.72904731042932,74.25762799740285,75.68,569232.6047,0.019697964543676904,0.6666666666695455
2011-05-11,75.62951012409695,76.36520574787221,74.40335075113818,75.09,389156.1633,0.025940337224396804,-0.27499999999735736
2011-05-12,74.54996664442464,75.08947298198298,72.58812541693979,73.52,399069.0265,0.03355263157896027,-0.4117647058802286
2011-05-13,73.57095269819631,73.76714190539148,72.19762824782998,73.62,291110.3943,0.021333333333346364,0.031250000003101845
2011-05-16,74.06093959731047,74.06093959731047,72.98190604026355,73.08,479336.72500000003,0.014569536423854435,-0.909090909085518
2011-05-17,73.18284949832287,73.67335117056363,72.10374581939317,73.33,338063.0045,0.021447721179638075,0.0937500000030624
2011-05-18,73.5756972111505,74.99816069056607,73.08519256307616,73.87,357918.6708,0.026000000000013124,0.15384615384863803
2011-05-19,73.61668435012774,74.30331564986244,72.34151193633473,73.96,439162.9268,0.02664890073285791,0.1750000000024097
2011-05-20,73.32619047618554,73.66952380951886,72.05095238094755,73.13,450267.8355,0.022073578595330996,-0.12121212120901087
2011-05-23,72.93169895677548,72.93169895677548,65.81999999999509,65.82,777498.0334,0.09751176866174734,-0.99999999999917
2011-05-24,66.11374045801023,66.11374045801023,62.386259541979975,64.25,693528.934,0.056379821958471285,-0.4999999999985515
2011-05-25,64.50196759258762,64.50196759258762,62.785185185180346,63.57,295572.3696,0.026615969581764105,-0.5428571428539718
2011-05-26,63.567146171688826,64.7443155452386,63.07665893270974,63.42,331168.20269999997,0.026234567901249766,-0.08823529411465637
2011-05-27,63.31902285263489,64.4961386918783,60.081954294715516,62.24,675837.8019,0.06971340046477088,-0.24444444444327756
2011-05-30,61.996190476185554,67.19523809523275,61.30952380951894,61.8,960238.6919999999,0.09493670886077396,-0.033333333332494476
2011-05-31,61.068613138681165,62.0005839416008,58.763211678827346,60.48,708584.8788000001,0.05301204819278652,-0.18181818181660764
2011-06-01,60.4766612903177,61.3104838709628,59.34854838709198,60.82,307801.108,0.03244120032442814,0.17500000000241173
2011-06-02,60.13429508196229,60.77193442622454,59.20236065573287,59.84,347267.632,0.026101141924975372,-0.18749999999675918
2011-06-03,59.8399999999951,59.8399999999951,59.8399999999951,59.84,0.0,1.6711229946525153e-14,4.902744876744691
2011-06-07,60.4299441340734,62.73530726256483,60.13564245809577,61.46,624892.0251,0.04301948051949632,0.39622641509606976
2011-06-08,61.406232558134775,63.71141860464623,61.406232558134775,63.27,847260.3900000001,0.03753993610225213,0.8085106382996496
2011-06-09,63.124285714280695,63.7619047618997,61.750952380947474,61.8,570730.104,0.03185703185704727,-0.6585365853630826
2011-06-10,61.70599848139243,64.74715261958505,60.82308276385263,64.6,902279.5974,0.0635930047694904,0.7375000000010626
2011-06-13,63.75815011371768,65.96516300226945,62.924389689153685,64.69,630680.3776,0.04769230769232259,0.3064516129047375
2011-06-14,63.9057295645482,65.1809014514847,63.9057295645482,64.2,346795.7262,0.01995395241751346,0.23076923077290484
2011-06-15,64.15948406676297,66.21965098633792,64.15948406676297,64.65,581094.2061999999,0.03211009174313429,0.2380952380975023
2011-06-16,64.34763636363148,65.4266363636314,62.82722727272252,64.74,380019.55199999997,0.04039634146342942,0.1509433962282457
2011-06-17,64.15332820906502,65.33045349730475,63.662859338965134,63.81,262551.03709999996,0.02599388379206412,-0.20588235293811524
2011-06-20,63.815119581460095,66.66006726456901,63.815119581460095,65.63,1285436.4024,0.044581091468116556,0.6379310344842581
2011-06-21,64.64244082839758,66.45713757395959,64.64244082839758,66.31,394442.34959999996,0.028072837632792082,0.9189189189211148
2011-06-22,65.42952380951861,66.16523809523284,61.30952380951894,61.8,764087.058,0.07421289355323746,-0.7474747474735843
2011-06-23,60.81904761904287,62.977142857137935,59.83809523809056,62.83,284142.0687,0.05161290322582206,0.6406250000013581
2011-06-24,61.753268933534635,64.45098918082964,61.65517001545118,63.47,433688.8878,0.04527402700557542,0.6140350877208348
2011-06-27,63.668463855416896,66.41533132529621,63.472259036139796,65.14,528630.1871999999,0.04622496147921385,0.5000000000014947
2011-06-28,64.69284396617489,64.69284396617489,62.289546502685454,63.81,552836.0116000001,0.037149355572418205,-0.3673469387733166
2011-06-29,63.36856249999505,64.64378124999494,62.53476562499512,62.78,484737.5360000001,0.03328173374614516,-0.27906976743940365
2011-06-30,62.580512820507955,63.51235431234937,62.580512820507955,63.12,251359.4655,0.014890282131677157,0.5789473684256955
2011-07-01,63.12566292134359,65.62714606741083,63.12566292134359,65.48,846120.597,0.039627039627055084,0.9411764705898139
2011-07-04,65.57950259836187,66.36429844097502,65.28520415738194,66.07,624110.6285999999,0.016454749439057472,0.45454545454957906
2011-07-05,65.96952773612699,66.01857571213898,64.89047226386322,65.43,633444.2972,0.017100371747226624,-0.47826086956044683
2011-07-06,65.13617843865687,66.21524163568282,64.98903345724423,65.97,477009.2265,0.01882530120483453,0.6800000000034353
2011-07-07,65.97372262773241,69.2601459853964,65.13985401459378,67.2,1398696.568,0.06245353159852733,0.2976190476201652
2011-07-08,67.24619604973904,67.58953913679095,65.97092172640336,67.05,448931.82220000005,0.024070021881852498,-0.12121212120901521
2011-07-11,66.70240349598932,67.97759650400087,66.26099053167762,67.34,454695.4489,0.025735294117661612,0.37142857143121466
2011-07-12,67.04513636363129,67.04513636363129,64.59286363635874,64.74,603616.728,0.0365764447695828,-0.9399999999976187
2011-07-13,64.79331835205508,65.72524344568797,64.30283146066935,65.48,411996.219,0.02195306585921256,0.48275862069276254
2011-07-14,65.28569932684628,65.77620044876097,64.54994764397424,65.58,549647.7860999999,0.018782870022554393,0.24000000000379731
2011-07-15,65.52714178544144,65.52714178544144,63.76144036008524,65.38,619039.7346999999,0.02694610778444597,-0.08333333333050981
2011-07-18,65.13616398242569,67.68667642752068,64.30234260614463,67.0,1303576.3954,0.05195783132531596,0.5507246376824438
2011-07-19,66.4609084406247,69.40382689556012,66.06851931329999,68.57,1580762.0778,0.05018450184503268,0.6323529411777535
2011-07-20,68.27905104241061,69.84868439970742,67.98474478791746,68.23,871092.0504000001,0.027298850574727106,-0.026315789471033357
2011-07-21,68.2299999999951,70.82970524801792,67.69043853342433,68.23,1007741.2475,0.04601006470166743,1.5617484344199284e-12
2011-07-22,68.17711686493575,70.87477256822457,68.17711686493575,70.09,1125159.0178999999,0.03956834532375498,0.7090909090924647
2011-07-25,70.13557692307174,70.47889792898886,66.21190828401878,66.31,1032744.1279999999,0.06083916083917399,-0.8965517241365752
2011-07-26,66.21521268925262,68.12809661138658,65.7247296322952,68.03,406080.17329999997,0.036296296296310794,0.7551020408180514
2011-07-27,68.12856223175477,68.66809728182626,67.09854077252737,68.57,401920.80600000004,0.023038156947458626,0.2812500000029487
2011-07-28,68.1727609178336,68.1727609178336,65.62241302738227,66.26,587226.0653,0.037410071942460245,-0.7499999999977821
2011-07-29,65.91699530515916,67.04503912362543,61.30672926447095,62.68,846890.343,0.08705357142858522,-0.5641025641016116
2011-08-01,62.28617693522415,63.119928909947625,61.94286729857332,62.09,300498.393,0.018897637795291203,-0.1666666666623568
2011-08-02,62.091868484357484,62.533279871687036,60.57145148355568,61.16,321009.3491,0.03159557661928891,-0.474999999997256
2011-08-03,60.9661904761858,64.00714285713795,60.6719047619001,63.86,485576.60339999996,0.05470635559132699,0.867647058824735
2011-08-04,63.91245682888038,64.255808477232,61.80329670329185,62.49,448172.5612,0.03837298541828047,-0.579999999997763
2011-08-05,60.721903225801555,61.50667741934987,59.446645161285524,60.82,324752.9,0.0339256865912921,0.04761904762140575
2011-08-08,60.232035555550205,60.918719999994586,54.73855999999514,55.18,570204.225,0.10260586319219724,-0.8174603174593926
2011-08-09,52.969541284398815,54.784238532105064,50.370110091738496,53.46,695418.474,0.08333333333335063,0.1111111111121961
2011-08-10,54.93625570775754,55.42675799086253,53.46474885844261,53.71,346285.428,0.03571428571430332,-0.6249999999971794
2011-08-11,51.59945652173446,54.395244565212465,51.59945652173446,54.15,405107.832,0.0541825095057217,0.9122807017558131
2011-08-12,54.73286863270289,55.22330652367693,53.948168007144425,54.88,341481.6492,0.023297491039444423,0.11538461538836847
2011-08-15,54.83103508771448,56.15521929824068,54.73294736841625,55.91,360546.43200000003,0.025939177101985497,0.7586206896580909
2011-08-16,55.91036970242959,55.95941388637909,53.948602344449604,54.39,318811.993,0.035964912280718984,-0.7560975609727979
2011-08-17,54.3899999999951,54.3899999999951,54.3899999999951,54.39,0.0,1.8385732671448274e-14,4.902744876744691
2011-08-18,54.3899999999951,54.3899999999951,54.3899999999951,54.39,0.0,1.8385732671448274e-14,4.902744876744691
2011-08-19,54.3899999999951,54.3899999999951,54.3899999999951,54.39,0.0,1.8385732671448274e-14,4.902744876744691
2011-08-22,54.3899999999951,54.3899999999951,54.3899999999951,54.39,0.0,1.8385732671448274e-14,4.902744876744691
2011-08-23,54.3899999999951,54.3899999999951,54.3899999999951,54.39,0.0,1.8385732671448274e-14,4.902744876744691
2011-08-24,54.3899999999951,54.3899999999951,54.3899999999951,54.39,0.0,1.8385732671448274e-14,4.902744876744691
2011-08-25,54.3899999999951,54.3899999999951,54.3899999999951,54.39,0.0,1.8385732671448274e-14,4.902744876744691
2011-08-26,54.3899999999951,54.3899999999951,54.3899999999951,54.39,0.0,1.8385732671448274e-14,4.902744876744691
2011-08-29,54.3899999999951,54.3899999999951,54.3899999999951,54.39,0.0,1.8385732671448274e-14,4.902744876744691
2011-08-30,54.3899999999951,54.3899999999951,54.3899999999951,54.39,0.0,1.8385732671448274e-14,4.902744876744691
2011-08-31,54.3899999999951,54.3899999999951,54.3899999999951,54.39,0.0,1.8385732671448274e-14,4.902744876744691
2011-09-01,54.3899999999951,54.3899999999951,54.3899999999951,54.39,0.0,1.8385732671448274e-14,4.902744876744691
2011-09-02,54.3899999999951,54.3899999999951,54.3899999999951,54.39,0.0,1.8385732671448274e-14,4.902744876744691
2011-09-05,54.3899999999951,54.3899999999951,54.3899999999951,54.39,0.0,1.8385732671448274e-14,4.902744876744691
2011-09-06,54.3899999999951,54.3899999999951,54.3899999999951,54.39,0.0,1.8385732671448274e-14,4.902744876744691
2011-09-07,54.3899999999951,54.3899999999951,54.3899999999951,54.39,0.0,1.8385732671448274e-14,4.902744876744691
2011-09-08,54.3899999999951,54.3899999999951,54.3899999999951,54.39,0.0,1.8385732671448274e-14,4.902744876744691
2011-09-09,54.3899999999951,54.3899999999951,54.3899999999951,54.39,0.0,1.8385732671448274e-14,4.902744876744691
2011-09-13,54.3899999999951,54.3899999999951,54.3899999999951,54.39,0.0,1.8385732671448274e-14,4.902744876744691
2011-09-14,54.3899999999951,54.3899999999951,54.3899999999951,54.39,0.0,1.8385732671448274e-14,4.902744876744691
2011-09-15,54.3899999999951,54.3899999999951,54.3899999999951,54.39,0.0,1.8385732671448274e-14,4.902744876744691
2011-09-16,54.3899999999951,54.3899999999951,54.3899999999951,54.39,0.0,1.8385732671448274e-14,4.902744876744691
2011-09-19,54.3899999999951,54.3899999999951,54.3899999999951,54.39,0.0,1.8385732671448274e-14,4.902744876744691
2011-09-20,54.3899999999951,54.3899999999951,54.3899999999951,54.39,0.0,1.8385732671448274e-14,4.902744876744691
2011-09-21,54.3899999999951,54.3899999999951,54.3899999999951,54.39,0.0,1.8385732671448274e-14,4.902744876744691
2011-09-22,54.3899999999951,54.3899999999951,54.3899999999951,54.39,0.0,1.8385732671448274e-14,4.902744876744691
2011-09-23,54.3899999999951,54.3899999999951,54.3899999999951,54.39,0.0,1.8385732671448274e-14,4.902744876744691
2011-09-26,54.3899999999951,54.3899999999951,54.3899999999951,54.39,0.0,1.8385732671448274e-14,4.902744876744691
2011-09-27,54.3899999999951,54.3899999999951,54.3899999999951,54.39,0.0,1.8385732671448274e-14,4.902744876744691
2011-09-28,54.3899999999951,54.3899999999951,54.3899999999951,54.39,0.0,1.8385732671448274e-14,4.902744876744691
2011-09-29,54.3899999999951,54.3899999999951,54.3899999999951,54.39,0.0,1.8385732671448274e-14,4.902744876744691
2011-09-30,54.3899999999951,54.3899999999951,54.3899999999951,54.39,0.0,1.8385732671448274e-14,4.902744876744691
2011-10-10,54.3899999999951,54.3899999999951,54.3899999999951,54.39,0.0,1.8385732671448274e-14,4.902744876744691
2011-10-11,54.3899999999951,54.3899999999951,54.3899999999951,54.39,0.0,1.8385732671448274e-14,4.902744876744691
2011-10-12,54.3899999999951,54.3899999999951,54.3899999999951,54.39,0.0,1.8385732671448274e-14,4.902744876744691
2011-10-13,54.3899999999951,54.3899999999951,54.3899999999951,54.39,0.0,1.8385732671448274e-14,4.902744876744691
2011-10-14,54.3899999999951,54.3899999999951,54.3899999999951,54.39,0.0,1.8385732671448274e-14,4.902744876744691
2011-10-17,54.3899999999951,54.3899999999951,54.3899999999951,54.39,0.0,1.8385732671448274e-14,4.902744876744691
2011-10-18,54.3899999999951,54.3899999999951,54.3899999999951,54.39,0.0,1.8385732671448274e-14,4.902744876744691
2011-10-19,54.3899999999951,54.3899999999951,54.3899999999951,54.39,0.0,1.8385732671448274e-14,4.902744876744691
2011-10-20,54.3899999999951,54.3899999999951,54.3899999999951,54.39,0.0,1.8385732671448274e-14,4.902744876744691
2011-10-21,54.3899999999951,54.3899999999951,54.3899999999951,54.39,0.0,1.8385732671448274e-14,4.902744876744691
2011-10-24,54.3899999999951,54.3899999999951,54.3899999999951,54.39,0.0,1.8385732671448274e-14,4.902744876744691
2011-10-25,54.3899999999951,54.3899999999951,54.3899999999951,54.39,0.0,1.8385732671448274e-14,4.902744876744691
2011-10-26,54.3899999999951,54.3899999999951,54.3899999999951,54.39,0.0,1.8385732671448274e-14,4.902744876744691
2011-10-27,54.3899999999951,54.3899999999951,54.3899999999951,54.39,0.0,1.8385732671448274e-14,4.902744876744691
2011-10-28,54.3899999999951,54.3899999999951,54.3899999999951,54.39,0.0,1.8385732671448274e-14,4.902744876744691
2011-10-31,54.3899999999951,54.3899999999951,54.3899999999951,54.39,0.0,1.8385732671448274e-14,4.902744876744691
2011-11-01,54.3899999999951,54.3899999999951,54.3899999999951,54.39,0.0,1.8385732671448274e-14,4.902744876744691
2011-11-02,54.3899999999951,54.3899999999951,54.3899999999951,54.39,0.0,1.8385732671448274e-14,4.902744876744691
2011-11-03,54.3899999999951,54.3899999999951,54.3899999999951,54.39,0.0,1.8385732671448274e-14,4.902744876744691
2011-11-04,54.3899999999951,54.3899999999951,54.3899999999951,54.39,0.0,1.8385732671448274e-14,4.902744876744691
2011-11-07,54.3899999999951,54.3899999999951,54.3899999999951,54.39,0.0,1.8385732671448274e-14,4.902744876744691
2011-11-08,54.3899999999951,54.3899999999951,54.3899999999951,54.39,0.0,1.8385732671448274e-14,4.902744876744691
2011-11-09,48.9499999999951,48.9499999999951,48.9499999999951,48.95,476984.12,2.0429009193055764e-14,4.902744876744691
2011-11-10,46.64146417444998,48.55420560747159,46.003883696776114,47.23,3981911.6853000005,0.054679284963216813,0.23076923077106504
2011-11-11,46.25511224489323,48.4133571428522,46.206061224485076,48.07,2173092.67,0.0477200424178361,0.8222222222240743
2011-11-14,48.06759167492091,50.1766798810654,47.67520317145217,49.49,3184859.1599,0.052040816326550283,0.568627450982124
2011-11-15,49.247669021185736,49.247669021185736,47.972330978804436,48.61,1436892.8193,0.02589641434264918,-0.4999999999957553
2011-11-16,48.36095238094748,48.60619047618555,47.7233333333285,48.41,1143533.265,0.018255578093326633,0.05555555556104456
2011-11-17,48.360481444328144,49.733801404207654,48.066198595782545,48.9,1547211.8975000002,0.034482758620709625,0.32352941176745476
2011-11-18,48.46240816326036,48.51145918366852,47.824744897954304,48.07,879572.638,0.014170040485850329,-0.5714285714205984
2011-11-21,48.16661386138137,49.78524752474755,47.08752475247058,49.54,1288742.325,0.05600814663953096,0.5090909090925361
2011-11-22,49.28955665024145,50.270443349748746,48.848157635463174,49.78,1956005.079,0.028855721393054475,0.34482758621010257
2011-11-23,49.6857214428808,49.78381763526556,48.312374749494154,48.95,944004.9066,0.029615004935853825,-0.49999999999632583
2011-11-24,48.31663306451126,50.18062499999494,47.67895161289842,48.66,1163062.3648,0.05177664974621241,0.13725490196268927
2011-11-25,48.11336683416602,49.143316582909634,47.622914572859536,48.8,1040373.0944999999,0.03160040774721686,0.4516129032287309
2011-11-28,48.70522299305761,49.78429137759665,48.06759167492091,49.49,1070601.1653,0.035246727089647066,0.4571428571454512
2011-11-29,49.534416825999074,52.47705544932575,49.19110898661096,51.3,3372382.3454,0.06633663366338519,0.5373134328371536
2011-11-30,50.024169184284986,50.71077542799087,48.16052366565477,48.7,1652064.03,0.05098039215688169,-0.5192307692286392
2011-12-01,49.832865731457936,50.12715430861221,48.85190380761034,48.95,1180325.2188,0.025590551181121808,-0.6923076923033066
2011-12-02,48.50455424274452,48.50455424274452,44.237722878620374,45.66,1539742.8221000002,0.0879676440849532,-0.6666666666653602
2011-12-05,45.12658227847625,46.794303797463414,44.88132911391932,46.5,1054206.9996,0.0423913043478471,0.717948717950912
2011-12-06,46.055235546033614,46.643800856526056,45.56476445395658,45.81,919174.7114,0.02342917997872197,-0.2272727272679703
2011-12-07,45.710985324942804,47.23141509433468,45.66193920334952,46.79,1571582.2985999999,0.03433476394851897,0.6875000000026823
2011-12-08,46.25287567567067,47.380994594589474,45.075708108103235,45.37,985409.9,0.04984093319196119,-0.38297872340196126
2011-12-09,45.21712731229106,45.560424374314955,43.20638737757963,45.07,786627.24,0.052060737527135886,-0.06249999999789358
2011-12-12,44.67860869564732,45.8066086956472,44.62956521738646,45.12,768396.3279999999,0.026344676180043762,0.37500000000384365
2011-12-13,45.121864594889544,45.121864594889544,43.699544950050644,44.19,464256.6482,0.03152173913045604,-0.6551724137891939
2011-12-14,44.23853932583772,44.63089887639948,43.649999999995096,43.65,1288910.3710000003,0.022172949002239345,-0.5999999999943858
2011-12-15,43.503781609190405,43.503781609190405,41.19862068965045,42.67,955840.377,0.05298759864714674,-0.36170212765729154
2011-12-16,42.47701943844034,46.10669546435788,41.839373650103475,45.42,1258527.526,0.10046189376445543,0.6896551724147809
2011-12-19,44.195256696423634,46.059207589280575,43.36138392856659,43.95,1657063.8336000002,0.061043285238645044,-0.09090909090723608
2011-12-20,43.64887839432779,43.94314049586258,41.29478158204943,41.54,860847.7724,0.06067415730339233,-0.7962962962941443
2011-12-21,41.69551681194998,42.08794520547421,39.24283935242351,39.39,784991.4402,0.06823529411766939,-0.8103448275841989
2011-12-22,38.75086206896074,40.22241379309849,37.62267241378847,39.83,1001754.9807999999,0.06708860759496062,0.41509433962437
2011-12-23,39.6332147093666,42.08576512455017,38.89744958481152,41.35,1390694.9925,0.08044554455447873,0.5384615384629058
2011-12-26,41.105258103236366,41.939135654256674,40.467587034809064,40.86,1503329.5109,0.03579952267305466,-0.16666666666322252
2011-12-27,40.71149999999492,40.90769999999489,38.89664999999514,39.24,825791.52,0.049397590361469124,-0.7317073170703715
2011-12-28,38.80042394014479,39.7324189526135,38.457057356603684,39.34,357861.3824,0.032869785082199385,0.42307692308043937
2011-12-29,39.2418952618405,40.17389027430921,38.260847880294484,39.34,402530.7774,0.04875000000002423,0.05128205128458842
2011-12-30,39.7304506699099,40.564299634587016,39.33805115712066,40.27,1346767.8253000001,0.030864197530888624,0.4400000000036428
2012-01-04,40.50862275448617,42.42125748502487,39.52778443113299,40.95,969549.3949999999,0.07142857142859448,0.15254237288299816
2012-01-05,40.71346633415952,41.54735660847363,38.80042394014479,39.34,1560785.6735999999,0.06746987951809529,-0.49999999999803313
2012-01-06,38.74618320610194,39.67805343510945,37.22576335877388,38.55,903334.3944,0.06329113924053048,-0.079999999997968
2012-01-09,38.260847880294484,39.487157107227006,37.86842892767608,39.34,1053123.2826,0.04230769230771753,0.6666666666692821
2012-01-10,39.08957729468127,41.0514130434733,38.50102657004366,40.61,1261036.548,0.06524466750316057,0.5961538461555359
2012-01-11,40.27231414867622,41.498633093520205,39.781786570738625,40.91,1227018.0798,0.04263093788065743,0.37142857143120966
2012-01-12,40.663879310339816,41.49775862068455,39.731896551719245,39.83,800814.3752,0.043425814234040544,-0.47222222221917437
2012-01-13,39.52818057455,39.72435020519293,35.8499999999951,35.85,924496.0655,0.09801488833749179,-0.9493670886060845
2012-01-16,34.329577464783895,35.11425352112182,33.20160563379814,34.82,695837.204,0.05571428571431337,0.2564102564126869
2012-01-17,34.774321148820526,38.15856396866343,34.332898172319275,37.57,721886.9026,0.11001410437238118,0.7307692307703205
2012-01-18,37.46753661783789,37.76178428761148,36.5357523302215,36.83,524263.2619,0.0327225130890311,-0.519999999995576
2012-01-19,36.88380952380464,37.521428571423606,36.49142857142375,37.08,378649.7064,0.027925531914919845,0.1904761904807681
2012-01-20,37.27480916030059,39.13854961831563,36.93148854961362,38.55,565926.8382,0.05921052631581476,0.5777777777797408
2012-01-30,38.15668789808431,39.5789808917147,37.371974522288234,38.5,712265.3539999999,0.057840616966605564,0.15555555555770945
2012-01-31,37.7166752577271,38.74664948453109,37.61858247422196,38.06,439918.0472,0.029908972691833215,0.30434782609103833
2012-02-01,38.06473751600026,39.24199743917552,37.72137003840747,38.31,1538277.4374,0.03994845360827258,0.1612903225837607
2012-02-02,38.01621271076031,38.653904020747255,36.789883268477716,37.82,1049158.6815,0.04903225806454118,-0.10526315789204736
2012-02-03,37.66383419688631,38.05616580310387,36.83012953367398,37.86,763964.3292,0.032552083333358954,0.16000000000386927
2012-02-06,37.91664102563616,38.8486153846104,37.72043589743106,38.26,708930.6900000001,0.02975420439847308,0.30434782609103794
2012-02-07,38.11431906614291,38.21242542152552,37.280415045390754,37.82,549143.5164,0.024453024453050067,-0.3157894736786029
2012-02-08,37.81354952829743,41.5899999999951,37.175966981127694,41.59,2613234.4512,0.11673151750975105,0.8555555555564727
2012-02-09,41.693357058120796,42.57627520758688,40.95759193356572,41.35,3272732.8721999996,0.03882352941178772,-0.21212121211805035
2012-02-10,40.8038277511913,41.83373205741126,40.41148325358369,41.0,1741131.9331999999,0.03485576923079264,0.1379310344861052
2012-02-13,40.711401425173314,41.69239904987628,40.36805225652727,41.3,1307411.3742,0.03253012048195139,0.4444444444478102
2012-02-14,41.2019002375248,41.64334916864113,40.46615201899757,41.3,1066153.1984,0.02857142857145204,0.0833333333374283
2012-02-15,41.250457746474034,42.182394366192234,40.66186619717833,41.79,1458131.6291999999,0.03686087990489853,0.3548387096804096
2012-02-16,42.32425904316893,43.893640606762666,41.83382730454587,42.03,1825704.0367,0.04866743916572351,-0.14285714285469478
2012-02-17,41.740487514858295,42.32907253269414,40.80856123661822,41.25,973391.9861000001,0.03642773207992919,-0.3225806451578512
2012-02-20,41.78953626634461,42.08382877526253,41.151902497022455,41.25,804297.1621,0.022300469483591413,-0.5789473684151669
2012-02-21,41.44476470587747,41.73904705881861,40.51287058823052,41.69,780593.59,0.02958579881659153,0.20000000000384224
2012-02-22,41.69515011546862,42.52905311777799,41.35177829098829,42.48,1351246.1264000002,0.02823529411767028,0.6666666666702709
2012-02-23,42.427605956467076,42.9671477663181,41.93711340205706,42.82,1358754.1362,0.024277456647421633,0.38095238095677647
2012-02-24,42.76668941979037,44.48324232081406,42.668600682589,43.11,1782081.3476999998,0.042431192660572964,0.18918918919178077
2012-02-27,43.40233751424818,44.92264538197892,42.96095781071346,43.01,1629023.9042999998,0.04519774011301642,-0.1999999999973959
2012-02-28,42.6214186046462,42.915697674413614,41.738581395343985,42.18,884223.62,0.027617951668607373,-0.3749999999955111
2012-02-29,42.22563829786734,42.61797872339921,41.4409574468036,41.49,720086.7744000001,0.027874564459953455,-0.6249999999952915
2012-03-01,41.498526315784616,42.47957894736345,41.498526315784616,41.94,653943.8430000001,0.023640661938557832,0.4500000000045424
2012-03-02,41.98011402508073,43.009999999995095,41.98011402508073,43.01,770376.971,0.024532710280397087,1.0000000000037894
2012-03-05,43.014282433978984,43.995223880591965,42.62190585533379,42.72,981317.8115000001,0.0319270239452906,-0.2142857142819838
2012-03-06,42.42905092592102,42.62525462962469,41.59518518518038,42.38,713421.4752,0.024277456647421605,-0.04761904761424045
2012-03-07,42.07830734966124,45.952650334070604,41.78405345211116,44.04,2366097.7246000003,0.09906759906762044,0.47058823529518146
2012-03-08,43.699544950050644,44.48427302996176,43.454317425078415,44.19,1108786.2774,0.023569023569045902,0.4761904761947736
2012-03-09,44.488099447508894,44.488099447508894,43.605204419884686,44.39,915886.6070000001,0.019845644983483915,-0.11111111110542687
2012-03-12,44.4852754237241,46.49618644067304,44.09290254236821,46.3,1922620.7280000001,0.0540242557883345,0.755102040818052
2012-03-13,46.20475184793598,47.03859556493695,45.419957761346836,46.45,1164335.9318000001,0.03503184713377879,0.1515151515180939
2012-03-14,46.49199543899128,46.83529076396273,42.274367160770545,43.01,1587204.247,0.09810126582280429,-0.7634408602138116
2012-03-15,42.82189714285225,44.048182857137824,42.184228571423745,42.92,947818.4625,0.04352806414664334,0.052631578949971475
2012-03-16,42.96526766594829,46.055235546033614,42.96526766594829,45.81,1282350.3373999998,0.07191780821919976,0.9206349206362103
2012-03-19,45.61289308175623,47.672830188674254,44.87720125785694,46.79,1559389.0337999999,0.0612903225806657,0.42105263158054806
2012-03-20,46.54376609441561,46.690901287548634,45.121459227462964,45.71,957817.1456,0.03371970495260246,-0.5312499999965369
2012-03-21,45.713340540535604,46.25287567567067,44.24188108107629,45.37,640279.5425,0.043991416309033825,-0.17073170731455323
2012-03-22,45.717268722461924,45.717268722461924,44.49094713655898,44.54,483047.828,0.026824034334785144,-0.9599999999952199
2012-03-23,44.48126567844419,44.48126567844419,42.81383124286855,43.01,483014.59059999994,0.037486218302116445,-0.8823529411730026
2012-03-26,42.919050343244514,43.55670480548701,41.98709382150549,42.87,399544.3804,0.03657142857145115,-0.031249999996854568
2012-03-27,42.96524663676648,43.89714125560045,42.8671524663629,43.75,409365.0248,0.02397260273974867,0.76190476190879
2012-03-28,43.45668625146376,44.38860164511818,40.46474735604695,41.74,556451.9651,0.09029345372462613,-0.43749999999863787
2012-03-29,40.85817490493779,41.495817490489046,38.454752851706154,38.7,621147.5876999999,0.07442977190878633,-0.7096774193529908
2012-03-30,38.69370466320742,39.13507772020218,37.32054404144594,37.86,273955.1624,0.04689480354882057,-0.4594594594565022
2012-04-05,38.203417402265046,39.135208070612975,37.56587641865857,38.89,278026.51369999995,0.041078305519922455,0.43750000000284445
2012-04-06,38.79191677174795,40.11604035308447,38.54670870113007,38.89,355263.12769999995,0.0404551201011624,0.06250000000308313
2012-04-09,38.988083228242246,39.72370744009587,38.301500630512194,38.89,258976.75049999997,0.036477987421408314,-0.06896551723788216
2012-04-10,38.74522292993137,39.13757961782941,36.39108280254313,38.5,376199.475,0.07088607594939116,-0.08928571428389696
2012-04-11,38.05629255989432,39.42945775535442,37.41875157628784,38.89,417262.2467,0.052835051546416635,0.41463414634369733
2012-04-12,38.89429455445063,40.022376237618815,38.2566831683121,39.63,504017.3912,0.045397225725119165,0.4166666666692097
2012-04-13,39.679987951802445,41.44572289156126,39.23855421686274,40.71,696860.9450000001,0.05562422744130916,0.46666666666868056
2012-04-16,39.970520581108964,40.90234866827592,39.725302663433446,40.51,370443.4062,0.02944785276076051,0.45833333333710696
2012-04-17,40.2690487804829,41.10287804877548,39.9747560975561,40.22,497954.92199999996,0.028014616321583273,-0.04347826086518293
2012-04-18,40.26763529411291,42.18047058823032,40.218588235289374,41.69,755857.145,0.04872107186360466,0.7250000000021304
2012-04-19,41.54799076211991,43.90254041569931,41.35177829098829,42.48,1589397.2522000002,0.06139315230226578,0.36538461538639594
2012-04-20,41.89125140923991,43.95147688838287,41.74409244644399,43.51,1000406.8527999999,0.05269320843093612,0.7333333333352243
2012-04-23,42.180532786880924,47.869999999995095,42.13148565573339,47.87,4168729.0688,0.13604651162792733,0.9914529914536737
2012-04-24,46.597599164922066,48.02005219206179,45.665647181623626,46.99,2523349.2954,0.050526315789493986,0.16666666666868077
2012-04-25,46.64935845213375,49.10200610997463,44.8834521384883,48.17,4296985.2234000005,0.09043112513146002,0.3604651162801467
2012-04-26,47.52811839322964,48.90147991542823,46.20380549682386,46.4,2388164.6074,0.056759545923652586,-0.41818181817984157
2012-04-27,45.369999999995095,46.79241081080575,45.12475675675188,45.37,1036909.275,0.0367567567567779,2.9399052308383496e-12
2012-05-02,45.80764331209705,47.13184713375296,43.7477707006323,46.2,1422933.1074,0.07387580299787892,0.1159420289869227
2012-05-03,45.85651544401102,50.8099999999951,45.85651544401102,50.81,4927859.1488,0.10802139037435095,1.0000000000007878
2012-05-04,50.03284457477516,51.16103616812794,49.64043010752202,50.18,3808302.0492,0.030392156862764665,0.09677419355155263
2012-05-07,49.92953307392511,51.79330739299108,48.55622568092914,50.42,3121812.8211999997,0.06483300589392839,0.1515151515166194
2012-05-08,49.784271844655365,51.25572815533483,49.097592233004946,50.52,3038990.1770000006,0.04334975369460041,0.34090909091120597
2012-05-09,49.93190196077943,51.35432352940674,49.04901960783833,50.03,2520292.296,0.04616895874265187,0.04255319149146734
2012-05-10,49.87990566037214,49.87990566037214,46.593815513621955,46.79,1950273.1709999999,0.06588003933138556,-0.9402985074609096
2012-05-11,46.692858638738564,47.91903664920964,46.251434554968974,46.84,864765.297,0.03571428571430638,0.0882352941205389
2012-05-14,47.187671232871736,47.825342465748385,46.157586933609466,46.55,841736.9974,0.035343035343055815,-0.3823529411732992
2012-05-15,46.20091106290171,46.20091106290171,44.19004338394314,45.22,896826.7262000002,0.04352441613590184,-0.48780487804609735
2012-05-16,45.023315038414374,45.56281009878753,44.483819978041225,44.68,549926.6076,0.023965141612221907,-0.31818181817697794
2012-05-17,44.73610333691661,45.91336921420389,44.44178686759479,45.57,647881.7200999999,0.032894736842126834,0.5666666666696151
2012-05-18,45.123340471087246,46.59475374731835,44.92715203425644,45.81,806855.2338,0.03695652173915162,0.41176470588505
2012-05-21,45.7619146608265,46.54668490152663,44.14332603938247,44.83,584144.255,0.05251875669884177,-0.3877551020386125
2012-05-22,44.97572047670152,45.41713976164188,44.53430119176115,45.27,475146.64730000007,0.01962922573611771,0.3333333333385172
2012-05-23,45.07521966526725,47.23333682007874,44.78093096233842,46.89,1240159.9104,0.054406964091424564,0.7400000000017015
2012-05-24,46.79142857142372,48.606190476185446,46.20285714285236,47.38,1420005.2202,0.051362683438175474,0.24489795918561533
2012-05-25,47.382400835068125,47.72575156575702,46.00899791231253,46.99,743153.9384,0.03623188405799124,-0.22857142856843923
2012-05-28,46.93999999999509,47.381442006264635,44.879937304070545,46.94,626059.1601,0.053291536050176794,1.9627587746662477e-12
2012-05-29,47.33474226803636,49.00249484535577,47.138536082469365,47.58,1109177.346,0.03937823834198919,0.13157894737098083
2012-05-30,47.86798283261289,47.86798283261289,45.56286480686206,45.71,974190.0556000001,0.048155737704937994,-0.9361702127634213
2012-05-31,45.02571428570941,46.05571428570931,44.78047619047135,45.32,529345.6476,0.028322440087167604,0.23076923077289607
2012-06-01,45.321900647943274,45.714298056150575,44.83140388768415,45.42,380247.08400000003,0.01948051948054114,0.1111111111165383
2012-06-04,44.5792289719574,44.5792289719574,41.68574766354652,41.98,806207.0792000002,0.0649064906490859,-0.8983050847437548
2012-06-05,42.1774818401886,42.47174334139922,40.264782082319584,40.51,610200.3964,0.05232558139537126,-0.7555555555529924
2012-06-06,40.856188178523425,41.39570566947631,40.36571773220261,40.66,269200.1752,0.025210084033637194,-0.19047619047125341
2012-06-07,41.00380952380452,41.396190476185424,39.97380952380465,40.17,268824.13739999995,0.034688995215334514,-0.5862068965478651
2012-06-08,40.66335766422862,41.00671532846216,39.24087591240398,40.32,363756.6186,0.043425814234040384,-0.19444444444155107
2012-06-11,40.2652927120621,41.197132616482534,40.02007168458304,41.05,305229.54329999996,0.029232643118172613,0.6666666666702634
2012-06-12,41.20194884286953,41.20194884286953,40.220950060896435,40.27,221103.7563,0.0238095238095477,-0.9499999999940227
2012-06-13,40.410538922150856,41.04808383233041,39.822035928138945,40.95,306626.362,0.030339805825266658,0.44000000000363854
2012-06-14,40.95766423357165,41.59532846714822,40.02569343065206,40.32,364372.5432,0.038323353293436654,-0.40624999999660905
2012-06-15,40.32189320387861,40.81242718446107,39.83135922329613,40.42,208909.4616,0.024330900243333432,0.10000000000489108
2012-06-18,41.008105515582606,41.008105515582606,40.32136690646998,40.91,225876.807,0.01674641148327747,-0.1428571428497883
2012-06-19,40.611915945606846,40.857156983925734,39.58190358466754,39.68,295580.285,0.03140096618359883,-0.7307692307648088
2012-06-20,39.729562982000026,39.92575835475065,37.96380462724447,38.16,499295.42620000005,0.04938271604940672,-0.7999999999970883
2012-06-21,38.30277850589275,38.449908256875695,37.07669724770156,37.42,312728.0632,0.03585147247121603,-0.6428571428531018
2012-06-25,37.227142857137935,37.668571428566445,36.93285714285226,37.08,261155.1348,0.01976284584982869,-0.19999999999306617
2012-06-26,37.079999999995096,37.079999999995096,37.079999999995096,37.08,0.0,2.6968716289107476e-14,4.902744876744691
2012-06-27,37.07757738895867,37.56802153431527,36.14573351278114,36.44,197513.6218,0.0383597883598143,-0.4482758620652053
2012-06-28,36.58508333332825,36.78124999999489,35.16287499999512,35.31,248065.128,0.044235924933001936,-0.7878787878752688
2012-06-29,35.21799472295049,37.27810026384732,34.97274406331992,37.18,419948.4486,0.06545961002788166,0.8510638297889954
2012-07-02,37.229050131921205,37.32715039577344,36.68949868073395,37.18,267173.62440000003,0.017127799736521662,-0.07692307691525811
2012-07-03,36.83331989246817,37.127594086016515,36.34286290322092,36.49,221906.10960000003,0.021304926764340894,-0.43749999999318917
2012-07-04,36.934803256440034,36.934803256440034,36.05189959293948,36.15,148188.8111,0.02390438247014589,-0.8888888888823283
2012-07-05,36.00045519202901,36.00045519202901,34.38190611663806,34.48,264651.5909,0.04495912806542148,-0.9393939393903276
2012-07-06,34.533785310729584,35.122429378526114,33.8470338983003,34.73,235260.5412,0.036931818181846134,0.15384615384987774
2012-07-09,34.72278260869062,34.918956521734074,33.79095652173423,33.84,158389.22400000002,0.03248587570624276,-0.782608695647126
2012-07-10,33.84140969162499,34.037591776793825,33.10572687224183,33.4,132562.779,0.027536231884086732,-0.4736842105205479
2012-07-11,33.40379562043308,33.79620437955711,33.011386861309056,33.6,99530.5685,0.023494860499294837,0.25000000000593525
2012-07-12,33.59667630057318,34.28332369941701,32.959075144503906,33.94,220729.5928,0.03941605839418921,0.25925925926276555
2012-07-13,33.9414348462615,34.13762811126879,33.49999999999509,33.5,142640.31540000002,0.018786127167658973,-0.6923076922989124
2012-07-16,33.59761904761388,33.89190476189955,31.88095238094748,31.93,200317.0617,0.059854014598568164,-0.8292682926800731
2012-07-17,31.884732824422613,32.22810687022409,31.099877862590674,32.13,128046.67050000001,0.03538461538464562,0.21739130435198328
2012-07-18,32.02623880596537,33.056179104472676,31.6829253731296,32.86,185459.28300000002,0.042879019908146215,0.607142857145986
2012-07-19,32.318215339228274,33.59328908554077,31.77876106194222,33.25,252504.3534,0.05614567526558294,0.513513513515933
2012-07-20,33.151364317836105,33.78889055471757,32.66095952023498,32.71,180633.7384,0.03402366863908229,-0.39130434782138895
2012-07-23,32.46952380951882,32.46952380951882,31.78285714285226,31.93,116183.90490000001,0.02114803625380646,-0.785714285705999
2012-07-24,31.394198473277655,32.424320610682074,31.394198473277655,32.13,90454.05900000001,0.03281250000003068,0.7142857142897832
2012-07-25,31.978092307687383,32.22332307691812,31.634769230764363,31.88,93344.94,0.01840490797549089,-0.16666666665804328
2012-07-26,31.686199376942106,32.32384735201989,31.391900311521592,31.49,103040.679,0.029411764705912984,-0.21052631578398764
2012-07-27,31.636687797142372,31.685736925510035,30.85190174325977,30.95,99471.0293,0.026356589147317633,-0.8235294117578362
2012-07-30,30.655809859149535,31.048204225346648,27.859999999995097,27.86,318052.6792,0.10400000000002924,-0.8769230769212644
2012-07-31,27.36707865168027,27.4651685393207,25.60146067415251,26.19,295943.334,0.06810035842297316,-0.6315789473654505
2012-08-01,26.236715867153826,26.874243542430467,26.187675276747935,26.58,143342.7942,0.02616822429910259,0.5000000000064179
2012-08-02,26.630431519694817,26.630431519694817,25.99287054408518,26.14,114181.925,0.02394106813999988,-0.7692307692218686
2012-08-03,26.534761904757044,26.878095238090317,26.044285714280942,26.78,136128.6108,0.031423290203363825,0.2941176470643542
2012-08-06,26.581063829782522,27.70904255318658,26.43393617020808,27.66,208355.47439999998,0.04797047970483296,0.8461538461570264
2012-08-07,27.764199655761143,29.333907056793574,27.371772805503035,28.5,398927.7887,0.07067137809190624,0.37500000000230865
2012-08-08,28.494260869560257,28.788521739125425,27.95478260869079,28.2,193699.445,0.029259896729810296,-0.35294117646427825
2012-08-09,28.108505154634344,28.893384879720116,27.96134020618076,28.55,220218.3822,0.03315881326355958,0.4736842105310754
2012-08-10,28.64095726495237,29.621811965806902,28.54287179486692,28.69,268157.565,0.03767123287674582,0.0454545454590496
2012-08-13,28.54375221238433,28.59279646017193,27.660955752207492,27.71,159955.6245,0.03264604810999952,-0.8947368420990408
2012-08-14,27.658078291810025,27.707117437717493,26.677295373660733,27.56,165764.991,0.03723404255322641,-0.09523809523324132
2012-08-15,27.51842639593443,30.31441624364969,26.97884940777885,28.99,584329.4421,0.12121212121215313,0.44117647058957327
2012-08-16,28.44383561643349,29.76794520547436,28.247671232871877,28.64,358694.78559999994,0.053448275862102324,0.12903225806765495
2012-08-17,28.256223776218835,28.893951048945997,27.667552447547607,28.06,191046.28399999999,0.043402777777811756,-0.1599999999958693
2012-08-20,27.760952380947483,27.957142857137924,27.31952380951899,27.81,150529.5981,0.0229681978798938,0.07692307693064972
2012-08-21,27.81046712802287,28.595242214527925,27.516176470583478,28.35,163343.32020000002,0.038800705467406604,0.5000000000040834
2012-08-22,28.449999999995093,29.332931034477703,28.10663793102964,28.45,253028.47999999998,0.04310344827589571,4.000917542978974e-12
2012-08-23,28.25513513513036,29.08905405404914,28.206081081076317,29.04,199368.5504,0.03125000000003426,0.888888888893441
2012-08-24,29.088521594679555,30.314850498333836,28.696096345510185,29.53,502129.1632,0.05564924114674411,0.2727272727301339
2012-08-27,29.129433962259156,29.521749571178468,28.540960548880182,28.59,344340.788,0.03367003367006676,-0.5499999999944428
2012-08-28,28.844721753789404,29.23716694771851,28.305109612136878,29.09,238401.5959,0.03231292517010164,0.26315789474182033
2012-08-29,29.17958677685468,30.16041322313551,29.17958677685468,29.67,444972.781,0.03361344537818438,0.5000000000044924
2012-08-30,29.233851468043312,29.724352331601082,27.56614853194688,28.4,342926.4144,0.07382550335573633,-0.3863636363611864
2012-08-31,28.39807553956324,28.447122302153158,26.53429856114631,27.27,324044.4728,0.06735751295340059,-0.5897435897407202
2012-09-03,27.127557932258977,27.71622103386315,26.48983957218779,27.52,169666.48380000002,0.045207956600396816,0.32000000000374074
2012-09-04,27.314804270457774,27.854234875439882,26.97153024910552,27.56,175173.714,0.03231597845604979,0.2777777777830162
2012-09-05,27.56522491349004,28.693339100341056,27.270934256050644,28.35,308870.2528,0.05160142348757892,0.5517241379340949
2012-09-06,28.304725085905783,28.59905498281295,27.814175257727175,28.55,199330.4022,0.027729636048561244,0.31250000000586053
2012-09-07,28.64743882544394,30.16810766720552,28.549331158233514,30.07,562219.3252,0.05650684931510148,0.8787878787903669
2012-09-10,30.30726415093863,31.43520440251078,29.8658962264104,31.19,727205.4528,0.05177993527511219,0.5625000000027689
2012-09-11,31.391442155304063,31.832884310613025,30.50855784468613,30.95,427388.4782999999,0.04218750000003066,-0.3333333333293804
2012-09-12,30.79956112852182,31.780438871468373,30.407210031343197,31.29,425980.92459999997,0.04458598726117749,0.3571428571461671
2012-09-13,31.099368421047952,34.140631578942234,30.412631578942793,32.62,993016.1045000001,0.11987381703472866,0.4078947368433116
2012-09-14,31.88284839203187,33.599617151602814,31.588545176105423,32.03,661844.6891000001,0.06307692307695234,0.07317073170972037
2012-09-17,31.88582677164852,32.768818897632634,30.90472440944395,31.15,462020.92,0.05846153846156803,-0.39473684210241977
2012-09-18,30.70429032257569,31.243822580640124,29.919516129027432,30.41,253943.568,0.043130990415366714,-0.2222222222183487
2012-09-19,30.652866242033333,31.241401273880374,30.40764331209707,30.8,169565.1496,0.027200000000031706,0.17647058824096853
2012-09-20,30.701217391299004,31.633043478255367,27.709565217386483,28.2,380685.075,0.12779552715657796,-0.6374999999985864
2012-09-21,27.957630161574873,28.20287253141325,26.976660682221368,27.32,316888.88560000004,0.04385964912284123,-0.5199999999955753
2012-09-24,27.12426056337551,27.958098591544378,26.97711267605159,27.86,136423.944,0.036166365280324964,0.7500000000042278
2012-09-25,27.80951438848421,28.152841726613644,26.975719424455583,27.27,159987.9436,0.04232804232807674,-0.4583333333287807
2012-09-26,27.074285714280556,27.270476190470994,25.65190476189988,25.75,234360.5775,0.05978260869568674,-0.818181818178284
2012-09-27,25.750466417905642,26.58429104477116,25.65236940298029,26.29,150797.22160000002,0.03619047619051353,0.5789473684256969
2012-09-28,26.244181818177044,27.078109090904167,25.998909090904363,26.98,148860.8,0.041121495327139386,0.6818181818220979
2012-10-08,26.97192028985019,27.364239130429826,26.922880434777735,27.07,101618.56319999999,0.016363636363672746,0.22222222223282526
2012-10-09,27.077052631574194,27.959999999995095,27.02799999999526,27.96,186045.321,0.03442028985510808,0.9473684210568838
2012-10-10,28.00946643717246,28.794320137688675,27.862306368325665,28.5,212199.0367,0.03327495621719752,0.5263157894783805
2012-10-11,28.44369449377825,28.44369449377825,27.462877442268656,27.61,194383.74459999998,0.034482758620723544,-0.8499999999941331
2012-10-12,27.66285714285226,28.055238095233143,27.221428571423765,27.81,125495.07389999999,0.030141843971666336,0.17647058824096717
2012-10-15,28.153824057445572,28.153824057445572,26.976660682221368,27.32,96096.36930000002,0.04181184668992947,-0.7083333333285639
2012-10-16,27.413836589693176,28.05136767317441,27.16863232681578,27.61,129480.8231,0.03220035778178834,0.22222222222752722
2012-10-17,27.56286725663229,27.906176991145504,27.170513274331473,27.71,99372.14350000002,0.026690391459110112,0.20000000000639348
2012-10-18,27.80575916229881,28.443280977307424,27.462478184986477,28.1,200029.3149,0.035273368606736695,0.3000000000046983
2012-10-19,28.055709342555698,28.49714532871479,28.055709342555698,28.35,170249.2642,0.01573426573430079,0.6666666666762763
2012-10-22,28.25421319796476,28.989999999995092,28.058003384090004,28.99,243544.59900000002,0.032986111111145376,0.7894736842149433
2012-10-23,29.085726643593585,29.134775086500152,28.300951557088528,28.35,190783.1188,0.028667790893794075,-0.8823529411695253
2012-10-24,28.054310051102544,28.83904599658793,27.858126064731195,28.79,173812.5784,0.034965034965069496,0.7500000000042344
2012-10-25,28.795839160834127,29.28639860139348,27.961888111883223,28.06,229819.4184,0.045996592845007525,-0.5555555555514345
2012-10-26,27.712888482627474,27.8600365630662,26.682851919556363,26.83,164321.3709,0.04247787610622912,-0.7499999999951987
2012-10-29,26.876176470583296,27.170441176465594,26.581911764700994,26.68,74374.864,0.0218978102190146,-0.33333333332443443
2012-10-30,26.635260223043378,26.97862453531097,26.34094795538544,26.39,84161.43819999999,0.023941068139999692,-0.38461538460709305
2012-10-31,26.480961182989564,26.824232902028314,26.333844731972953,26.53,117612.48030000001,0.01851851851855554,0.10000000000979087
2012-11-01,26.482459312834273,27.21808318263522,26.482459312834273,27.12,116878.65140000002,0.027777777777814275,0.8666666666721607
2012-11-02,27.07095840867503,27.31616636527535,26.482459312834273,27.12,187481.5992,0.030797101449311123,0.05882352941758182
2012-11-05,26.92342806393838,27.708081705146057,26.678223801060984,27.61,271299.2282,0.03825136612025425,0.6666666666707799
2012-11-06,27.56614853194688,28.64525043177398,26.977547495677552,28.4,454704.68039999995,0.06049822064060344,0.500000000002641
2012-11-07,28.29616055845928,28.590401396155567,27.756719022682763,28.1,215266.0725,0.02946273830159411,-0.23529411764088748
2012-11-08,27.810484739671846,28.153824057445572,27.172854578092068,27.32,212225.9677,0.03527336860673664,-0.49999999999448885
2012-11-09,27.170513274331473,27.8080884955703,27.121469026543874,27.71,108173.544,0.025270758122779485,0.78571428572029
2012-11-12,27.764728546404946,29.72690017512614,27.470402802096764,28.01,535828.684,0.08127208480568676,0.10869565217603903
2012-11-13,28.14971900825981,30.79795041321805,27.708347107433436,29.67,1336834.862,0.10975609756100727,0.49206349206492
2012-11-14,28.939016393437885,30.01809836065082,28.350426229503555,29.92,766679.842,0.05762711864410033,0.5882352941202328
2012-11-15,29.431472081213293,30.265363790181002,28.842842639589026,28.99,607408.9968,0.048333333333365675,-0.3103448275825409
2012-11-16,28.68770794823869,28.68770794823869,26.480961182989564,26.53,542575.5002,0.07692307692310894,-0.9777777777751135
2012-11-19,25.900408163260504,26.538107606674114,25.753246753241978,26.44,220588.55279999998,0.030303030303067715,0.6875000000053718
2012-11-20,26.53137218044614,26.629454887213036,26.040958646611642,26.09,112926.9484,0.022181146025914894,-0.7499999999903916
2012-11-21,25.997583643117846,26.43905204460475,25.70327137545991,26.39,134941.4828,0.028301886792490065,0.5333333333392767
2012-11-22,26.385215759844957,26.385215759844957,25.845741088175263,26.14,103707.3557,0.02044609665431229,-0.454545454535521
2012-11-23,25.9905730129342,27.118465804061533,25.892495378923126,26.53,170038.13940000001,0.04716981132079142,0.4400000000036406
2012-11-26,26.581911764700994,27.121397058818545,26.33669117646575,26.68,156927.24480000001,0.029520295202988503,0.1250000000060931
2012-11-27,26.48774703556789,26.634901185765486,24.574743082999095,24.82,198689.14779999998,0.07777777777781257,-0.8095238095210363
2012-11-28,24.76904761904249,24.76904761904249,23.542857142852267,23.69,163288.8243,0.049504950495087886,-0.8799999999952797
2012-11-29,23.547169811315815,24.52830188678731,23.15471698112722,23.4,88130.56769999999,0.05833333333337345,-0.10714285713920604
2012-11-30,23.10049792530641,24.375684647297845,23.10049792530641,23.64,96379.17760000001,0.05520169851384127,0.42307692308043887
2012-12-03,23.640466101689906,23.83665254236783,23.100953389825612,23.15,98482.18639999999,0.03112033195024847,-0.6666666666590948
2012-12-04,23.006617647053996,23.399054621843824,21.87836134453322,23.35,146598.52759999997,0.06609808102349464,0.22580645161597768
2012-12-05,23.19630612244425,24.226163265301178,22.65685714285252,24.03,176609.72000000003,0.06765327695564269,0.5312500000027858
2012-12-06,24.03286004056308,24.866653144011185,23.787626774843044,24.18,148830.24169999998,0.0448979591837133,0.13636363636805215
2012-12-07,23.984285714280954,24.96523809523314,23.83714285713813,24.72,191618.1792,0.04703476482621545,0.6521739130472503
2012-12-10,24.71576470587751,25.451352941171486,24.51960784313245,25.01,203034.05999999997,0.03769841269845167,0.3157894736891313
2012-12-11,25.063333333328362,25.406666666661625,24.719999999995096,24.72,160958.8008,0.027397260274011345,-0.4999999999921345
2012-12-12,24.716159999995057,25.20655999999496,24.274799999995146,24.52,138217.19999999998,0.03769841269845158,-0.21052631578398534
2012-12-13,24.380554414779386,24.82205338808525,23.840944558516668,23.89,155788.8163,0.04024144869219214,-0.49999999999448963
2012-12-14,24.177260273967867,25.158082191775897,23.981095890406262,25.06,233367.6191,0.048681541582189534,0.7500000000035305
2012-12-17,24.91945945945465,25.65527027026532,24.91945945945465,25.41,236236.749,0.029527559055157068,0.6666666666724254
2012-12-18,25.456194174752337,25.652388349509582,25.11285436892716,25.26,210270.4315,0.021194605009672494,-0.3636363636265907
2012-12-19,25.058653846149028,25.84326923076426,24.96057692307212,25.5,239027.93200000003,0.0352250489237176,0.5000000000049879
2012-12-20,25.40522417153501,25.40522417153501,24.718596491223252,25.16,193760.25389999998,0.027027027027065387,-0.35714285713519595
2012-12-21,25.166227897833952,25.41151277013253,24.77377210215623,24.97,164981.2029,0.025341130604327234,-0.3076923076841294
2012-12-24,24.673268858796,25.654313346223276,24.673268858796,25.36,219443.5452,0.03976143141156973,0.7000000000042876
2012-12-25,25.21047619047139,25.946190476185535,25.01428571428095,25.75,292301.9925,0.03696498054478538,0.5789473684256918
2012-12-26,25.750466417905642,26.339048507457772,25.554272388054933,26.29,290038.3368,0.03047619047622813,0.6875000000053749
2012-12-27,26.187675276747935,27.60985239851889,25.599188191877193,26.58,691642.7312,0.07677902621726375,0.19512195122185355
2012-12-28,26.431922365984022,26.77519408502278,25.9905730129342,26.53,316520.3814,0.029684601113209273,0.12500000000609435
2012-12-31,26.293236363631586,27.225272727267775,26.293236363631586,26.98,294702.32,0.03544776119406636,0.7368421052676318
2013-01-04,26.972744360897185,27.36507518796478,26.040958646611642,26.09,407794.758,0.0490909090909445,-0.6666666666624569
2013-01-07,25.99112318840109,28.541195652168746,25.893043478256182,27.07,964122.2063999999,0.10188679245286475,0.4074074074091048
2013-01-08,27.12568872986993,28.155778175308026,26.684221824682172,27.42,749589.2053,0.05424954792046881,0.20000000000319576
2013-01-09,27.123806104124395,27.614290843801143,26.780466786350665,27.32,515223.38470000005,0.030741410488281645,0.23529411765265923
2013-01-10,27.321388400698186,27.95905096660317,26.978031634441653,27.91,639844.8813000001,0.03590664272894018,0.6000000000043875
2013-01-11,27.86044905008154,29.381001727110643,27.615198618302657,28.4,1280951.5764000001,0.06338028169017453,0.30555555555816055
2013-01-14,28.101287284140014,31.239999999995092,27.757990580843366,31.24,1345708.1092,0.1239092495637309,0.9014084507053758
2013-01-15,33.44847457626603,33.791787365171984,31.241463790442022,31.83,2872396.7041,0.07624633431087807,-0.6346153846132121
2013-01-16,31.292380952376575,35.0199999999951,30.801904761900452,35.02,4779577.403999999,0.13479623824454176,0.8837209302335106
2013-01-17,33.354898911347846,33.354898911347846,31.539999999995093,31.54,3461938.0415000003,0.05441176470591077,-0.9999999999967456
2013-01-18,30.019485530541804,31.04956591639373,30.019485530541804,30.51,1779689.1030000001,0.03431372549022825,0.4761904761947711
2013-01-21,30.118104575158476,30.412418300648625,29.13705882352465,30.02,1598242.4064,0.042345276872995954,-0.07692307691916983
2013-01-22,29.7686201298653,30.455211038956097,29.1801136363589,30.21,1320185.0816000002,0.0428336079077752,0.3461538461574182
2013-01-23,29.676125401924494,31.000514469448397,29.627073954979164,30.51,1233814.3768,0.04628099173556937,0.6071428571459834
2013-01-24,30.315141955831184,31.933911671919258,29.579337539427517,31.1,1949684.2811999999,0.07766990291265176,0.3333333333352745
2013-01-25,30.406600660060988,30.700858085803514,29.621914191414252,29.72,842361.9371999999,0.035483870967773695,-0.6363636363585007
2013-01-28,29.727019230764462,30.757163461533526,29.677964743584983,30.61,953889.0816,0.03630363036306867,0.8181818181856108
2013-01-29,30.406168831163896,30.504253246748295,29.719577922073096,30.21,857270.26,0.02580645161293531,-0.24999999999343103
2013-01-30,30.066661290317732,30.85143548386599,29.6742741935436,30.41,935491.03,0.03915171288747082,0.2916666666705844
2013-01-31,30.50761904761404,30.60571428570926,29.820952380947485,29.87,550162.0131,0.025723472668842236,-0.8124999999927142
2013-02-01,29.72043624160575,29.818523489927884,28.837651006706572,29.23,802046.736,0.03300330033006553,-0.4999999999944883
2013-02-04,29.039157894731748,29.38252631578432,27.861894736837215,27.96,793772.88,0.052364864864897685,-0.7096774193511433
2013-02-05,27.95948275861587,28.646206896546783,27.861379310340023,28.45,452449.93799999997,0.028070175438631193,0.6250000000054529
2013-02-06,28.199159663860804,29.278084033608522,28.199159663860804,29.18,550010.6815000001,0.038260869565251494,0.9090909090946141
2013-02-07,29.03287394957495,29.866588235289093,28.542453781507806,29.18,457462.4775,0.04560810810814089,0.11111111111473367
2013-02-08,29.18380634390164,29.42904841401846,28.84046744573809,29.38,344149.4001,0.020168067226924418,0.3333333333410948
2013-02-18,29.426688632614592,29.868088962103812,29.377644151560236,29.77,419411.2632,0.016666666666700046,0.7000000000085729
2013-02-19,29.717907375638127,29.766946826753045,28.393842195535438,28.59,472372.8933,0.046204620462078454,-0.8214285714243991
2013-02-20,28.203799654571988,28.449050086350873,27.56614853194688,28.4,545875.4678999999,0.03130434782612133,0.22222222222752175
2013-02-21,28.154295774642936,28.154295774642936,27.516654929572624,27.86,376342.20239999995,0.02264808362372814,-0.46153846153005357
2013-02-22,27.71422413792626,29.283879310339778,27.71422413792626,28.45,509075.56999999995,0.05663716814162684,0.46875000000282535
2013-02-25,28.54905335627736,28.745266781406414,28.00946643717246,28.5,260832.1646,0.025773195876322853,-0.0666666666599097
2013-02-26,28.250969899660824,29.771421404677294,27.85859531772109,29.33,863073.0680000001,0.06770833333336645,0.5641025641048336
2013-02-27,28.935406698559984,31.28947368420554,28.935406698559984,30.75,1158803.844,0.08135593220342151,0.7708333333350875
2013-02-28,30.655241935478927,30.655241935478927,29.625225806446835,30.41,776716.4700000001,0.033600000000031514,-0.2380952380902449
2013-03-01,30.11616481774483,31.293343898568732,30.11616481774483,30.95,822543.205,0.03908794788276803,0.708333333336898
2013-03-04,30.610149253726263,30.708258706462562,29.432835820890638,29.58,688821.7941,0.04166666666669786,-0.8076923076878287
2013-03-05,29.4285714285666,30.11523809523315,29.232380952376154,29.87,489943.545,0.030000000000032865,0.5000000000049889
2013-03-06,29.824205457459094,30.70715890850229,29.677046548951893,30.56,450124.91370000003,0.03453947368424294,0.7142857142897842
2013-03-07,30.457598684205518,30.800921052626514,29.67286184210038,29.82,435725.5712,0.03703703703706872,-0.5652173912994988
2013-03-08,29.775265780725956,30.41295681062618,29.431893687702754,29.53,333557.7252,0.032948929159834835,-0.2499999999947487
2013-03-11,29.57862944161936,29.627681895088045,28.548527918776895,28.99,325190.067,0.03648424543950179,-0.5454545454494962
2013-03-12,28.886170940166004,29.229470085465092,28.19957264956783,28.69,274506.56999999995,0.03565365025470237,-0.19047619047124328
2013-03-13,28.54571428570925,28.7909523809473,27.711904761899874,27.81,243203.7069,0.037800687285256984,-0.6818181818130049
2013-03-14,27.762847100170866,28.15525483303547,27.51759226713049,27.91,146005.40000000002,0.022968197879893765,0.23076923077656478
2013-03-15,27.76566433565948,28.99206293705787,27.716608391603547,28.06,220086.15199999997,0.04593639575975172,0.2307692307728961
2013-03-18,27.85854205606956,27.85854205606956,25.99476635513533,26.24,429616.556,0.06690140845073769,-0.8684210526284829
2013-03-19,26.242409867167698,26.6348197343403,25.01612903225332,25.85,297675.52839999995,0.06168224299068997,-0.24242424242106267
2013-03-20,25.55334579438775,26.485233644854866,25.55334579438775,26.24,240246.565,0.036468330134394766,0.736842105267626
2013-03-21,26.385735294112795,26.827132352936243,26.189558823524596,26.68,259160.07680000004,0.024163568773271155,0.46153846154543293
2013-03-22,26.532436823099907,27.660433212991396,26.287220216601757,27.17,364907.55659999995,0.05175600739375093,0.4642857142889479
2013-03-25,27.021916817354967,27.31616636527535,26.482459312834273,27.12,229642.76160000003,0.030852994555389725,0.11764705882927447
2013-03-26,26.972076788826005,29.178883071548135,26.432635253049483,28.1,729773.1438000001,0.1018181818182153,0.410714285715923
2013-03-27,27.806707317068323,28.885627177695312,27.36533101044819,28.15,464394.47040000005,0.05467372134042199,0.2258064516159819
2013-03-28,27.76190140844582,28.742887323938607,27.222359154924785,27.86,495286.7984,0.05477031802123566,0.06451612903543902
2013-03-29,27.807467166974146,28.10172607879398,25.99287054408518,26.14,416767.3042,0.07583774250444257,-0.7906976744159026
2013-04-01,26.139999999995098,26.139999999995098,26.139999999995098,26.14,0.0,3.825554705432859e-14,4.902744876744691
2013-04-02,24.819999999995094,25.457667984184695,24.819999999995094,24.82,265057.98,0.025691699604782504,7.694125645418919e-12
2013-04-03,23.69377823408138,24.380554414779386,23.64472279260295,23.89,568407.8453,0.031055900621158792,0.266666666672971
2013-04-08,23.294520547940646,25.059999999995096,23.294520547940646,25.06,523827.63300000003,0.07578947368425025,1.0000000000022105
2013-04-09,24.96287109374512,25.453300781245026,24.81574218749515,25.11,267444.8896,0.025540275049154983,0.23076923077656428
2013-04-10,25.01428571428095,25.799047619042707,25.01428571428095,25.75,164895.8325,0.031372549019646694,0.9375000000050534
2013-04-11,25.65527027026532,25.80243243242745,25.164729729724872,25.41,106085.5194,0.024856596558355412,-0.38461538460709166
2013-04-12,25.36041666666186,26.194318181813216,25.26231060605582,25.9,187126.47360000003,0.036750483559032064,0.5789473684257
2013-04-15,25.95038888888408,27.17677777777274,25.901333333328534,26.49,206319.79800000004,0.04914933837432775,0.423076923080438
2013-04-16,26.044285714280754,26.43666666666163,25.16142857142378,25.75,217078.36500000002,0.04896421845578029,-0.23076923076520459
2013-04-17,25.898098859310668,26.09429657794181,25.505703422048384,25.8,113715.25619999999,0.022727272727310587,-0.1666666666580519
2013-04-18,25.895730337073804,26.778539325837684,25.895730337073804,26.19,142371.44879999998,0.03409090909094642,0.3333333333385107
2013-04-19,26.48287292817192,26.77712707181827,25.89436464087921,26.63,191469.402,0.033333333333369686,0.1666666666720331
2013-04-22,26.34229090908612,27.17621818181324,26.293236363631586,26.98,149483.51,0.033519553072662286,0.7222222222269618
2013-04-23,26.975229357793214,27.17141284403171,26.386678899077726,26.73,149339.5375,0.02909090909094509,-0.3124999999933496
2013-04-24,26.490381125222054,27.128112522681104,26.490381125222054,27.03,136671.8583,0.02407407407411091,0.846153846160211
2013-04-25,26.779999999995095,27.319523809518806,26.093333333328555,26.78,176701.4886,0.04578754578758139,4.00125240383799e-12
2013-04-26,26.82856074765854,26.877607476630494,25.749532710275563,26.24,194843.46899999998,0.04204753199272317,-0.5217391304299748
2013-05-02,25.606999999995253,26.735277777772822,25.606999999995253,26.49,104583.09600000002,0.0440613026820297,0.7826086956558309
2013-05-03,26.486654478971392,27.222394881165037,26.290457038386418,26.83,122242.24719999998,0.03518518518522149,0.36842105263644603
2013-05-06,26.83377495462308,27.275281306710113,26.735662431937072,27.03,121515.2258,0.02010968921393044,0.36363636364478014
2013-05-07,27.123806104124395,27.56524236983347,26.780466786350665,27.32,239829.82940000002,0.028933092224267324,0.25000000000593103
2013-05-08,27.42094642856653,27.56810714285222,26.83230357142378,27.47,147910.16799999998,0.026833631484829812,0.06666666667324304
2013-05-09,27.266159420284914,27.511358695647193,27.020960144922643,27.07,153819.9336,0.017985611510827403,-0.39999999998918107
2013-05-10,27.225668449193,27.765276292330164,26.98039215685793,27.52,221350.12350000002,0.028828828828864568,0.3750000000057789
2013-05-13,27.711904761900048,28.889047619042703,27.466666666661993,28.84,513696.02760000003,0.051327433628352806,0.793103448278754
2013-05-14,28.787123287666308,28.983287671227917,28.394794520543087,28.64,225998.8896,0.020442930153355965,-0.24999999999124872
2013-05-15,28.742370617691364,30.01762938229883,28.693322203667996,29.38,304907.95170000003,0.04607508532426532,0.48148148148481873
2013-05-16,29.37904682273756,30.310936454844423,29.03571906354029,29.33,258421.9924,0.043405676126910604,-0.03846153845766238
2013-05-17,29.42617449663936,29.671392617444685,28.935738255028703,29.23,298563.9948,0.025000000000033065,-0.26666666665963845
2013-05-20,29.32616161615668,29.42424242423747,28.73767676767193,29.13,266376.38940000004,0.02341137123749151,-0.28571428570672713
2013-05-21,29.32765676567173,30.063300330028042,28.73914191418668,29.72,356885.51999999996,0.045150501672273295,0.29629629629977455
2013-05-22,29.824318936872125,29.97147840531064,29.235681063118072,29.53,207150.06619999997,0.02467105263161166,-0.3999999999927913
2013-05-23,29.580556492406483,29.580556492406483,28.94283305227168,29.09,202009.3045,0.021558872305174136,-0.7692307692218743
2013-05-24,28.99188870151282,29.433389544683067,28.89377740303054,29.09,181797.196,0.018612521150626178,0.18181818182692877
2013-05-27,28.9390492359883,29.135246179961104,28.7428522920155,28.89,194967.8939,0.013559322033932434,-0.1249999999871904
2013-05-28,29.033825503350833,29.72043624160575,28.739563758384442,29.23,272752.7844,0.03378378378381693,0.20000000000479734
2013-05-29,29.383246329522123,30.413376835231578,29.236084828706485,30.07,331371.73939999996,0.04006677796330478,0.5833333333370052
2013-05-30,30.165245901634403,30.214295081962263,29.674754098355795,29.92,217070.025,0.01788617886182114,-0.4545454545355264
2013-05-31,29.963278145690406,30.06135761588906,29.521920529796436,29.62,125903.3772,0.018003273322455028,-0.6363636363533692
2013-06-03,29.57714999999507,29.92049999999501,29.184749999995134,29.43,180034.91999999998,0.02487562189058016,-0.19999999999305976
2013-06-04,29.472710120063557,29.472710120063557,28.442881646650353,28.59,220269.9345,0.03494176372715426,-0.857142857137263
2013-06-05,28.200954861106215,28.642361111106137,27.906684027772936,28.25,142011.8784,0.02608695652177349,0.06666666667324321
2013-06-06,28.15474956821621,28.64525043177398,27.86044905008154,28.4,131573.0601,0.02787456445996489,0.3125000000058461
2013-06-07,28.35049295774149,28.791936619713244,27.467605633797984,27.86,177193.1664,0.04671280276819974,-0.37037037036638953
2013-06-13,27.47111111110602,27.7654444444393,26.489999999995092,26.49,202786.2,0.04642857142860614,-0.7692307692263176
2013-06-14,26.433830570897523,27.218508287287804,26.433830570897523,26.63,128694.5295,0.029684601113209315,0.2500000000059329
2013-06-17,26.730035335684324,27.956183745578098,26.092438162539562,27.76,228352.81319999998,0.0697247706422365,0.552631578949705
2013-06-18,27.758608695647343,28.396173913038538,27.758608695647343,28.2,203524.125,0.02296819787989392,0.692307692314301
2013-06-19,28.153806228368833,28.644290657434492,27.56522491349004,28.35,135861.3854,0.03832752613243837,0.1818181818225589
2013-06-20,28.053309734508307,28.298530973446315,27.464778761057083,27.71,98988.3955,0.029720279720314276,-0.41176470587597375
2013-06-21,27.467605633797984,28.203345070417573,26.731866197178395,27.86,88323.2616,0.05357142857146305,0.2666666666698165
2013-06-24,27.91261111110594,27.91261111110594,26.489999999995092,26.49,240602.45400000003,0.050966608084392497,-0.9999999999958482
2013-06-25,25.699550561792943,26.435224719096173,25.16005617977057,26.19,175749.01200000002,0.04961832061072392,0.3846153846189284
2013-06-26,26.196226415089395,26.49056603773085,25.411320754712186,26.0,100634.068,0.0411985018726958,-0.1818181818134661
2013-06-27,25.998224852065878,26.390650887568757,24.722840236681513,24.87,110789.13300000002,0.06415094339626237,-0.6764705882319471
2013-06-28,24.624855967073117,24.77201646090025,23.790946502052712,23.84,135201.798,0.03984063745023834,-0.7999999999941764
2013-07-01,23.884776422759373,24.47331300812511,23.541463414629362,24.13,117454.7172,0.039014373716672796,0.2631578947418212
2013-07-02,24.47620202019708,24.47620202019708,23.78949494949014,24.28,149305.16700000002,0.028056112224488824,-0.2857142857067272
2013-07-03,24.084642166339634,25.507156673109186,24.084642166339634,25.36,260445.57439999998,0.05906313645625095,0.8965517241407487
2013-07-04,25.36094594594105,25.65527027026532,25.017567567562736,25.41,115738.03499999999,0.02514506769829777,0.07692307693064701
2013-07-05,25.45810444873782,25.752417794966004,25.114738878138272,25.36,107958.44069999999,0.025048169556878438,-0.15384615383821817
2013-07-08,25.258028455279423,25.258028455279423,24.08095528454795,24.13,123921.12240000001,0.0466019417476107,-0.9583333333283532
2013-07-09,24.13190283400321,24.67143724695857,23.837611336027564,24.23,60598.93060000001,0.03455284552849526,0.11764705882927416
2013-07-10,24.324790419156823,24.61904191616275,24.07958083831855,24.57,93450.3777,0.022177419354878818,0.454545454553702
2013-07-11,24.568647058818716,25.10807843136763,24.225372549014864,25.01,144090.504,0.03592814371261402,0.5000000000049878
2013-07-12,25.01332007951789,25.062365805164006,24.473817097410645,24.67,133766.91460000002,0.023529411764744882,-0.5833333333240059
2013-07-15,24.429448818892833,25.116220472436,23.98795275590079,24.92,80544.2128,0.046184738955862406,0.4347826086996115
2013-07-16,24.72377952755419,25.01811023621555,24.429448818892833,24.92,84679.3328,0.023809523809563148,0.33333333334110377
2013-07-17,24.920943025535376,25.70585461689082,24.822829076615943,24.97,175284.1773,0.035433070866180576,0.05555555556105022
2013-07-18,25.010399999995,25.255599999994953,24.470959999995106,24.52,97867.65,0.03137254901964672,-0.6249999999929516
2013-07-19,24.52475247524267,24.966198019797037,24.279504950490246,24.77,132440.694,0.028000000000039497,0.3571428571494767
2013-07-22,24.769999999995097,24.86809900989607,24.4266534653417,24.77,64372.400499999996,0.01782178217825753,1.1106114756878584e-11
2013-07-23,24.81574218749515,25.208085937495074,24.76669921874516,25.11,121351.32160000001,0.01778656126486174,0.666666666676272
2013-07-24,25.017159763308673,25.360532544373694,24.62473372780579,24.87,106601.21160000001,0.02941176470592122,-0.19999999999305634
2013-07-25,24.869051383394297,25.163359683789494,24.819999999995094,24.82,95011.56940000001,0.013806706114438143,-0.1428571428424451
2013-07-26,24.61904191616275,24.81520958083337,24.275748502989167,24.57,80783.24399999999,0.0219123505976492,-0.09090909089983057
2013-07-29,24.522357723572252,24.522357723572252,23.93382113820652,24.13,79114.0428,0.024000000000039802,-0.6666666666572035
2013-07-30,24.179044715442238,24.27713414633653,23.83573170731223,24.13,58430.412000000004,0.018255578093346783,-0.11111111109974683
2013-07-31,24.129999999995096,24.27713414633653,23.884776422759373,24.13,80625.22080000001,0.016260162601666784,1.249559925068758e-11
2013-08-01,23.986633064511288,24.47715725805958,23.986633064511288,24.33,61849.0672,0.020449897750552275,0.700000000008573
2013-08-02,24.23377510039674,24.57716867469386,24.23377510039674,24.43,78855.9594,0.014170040485870533,0.5714285714411936
2013-08-05,24.42382470119036,24.66904382469629,24.08051792828206,24.62,101922.2648,0.02409638554220877,0.3333333333410915
2013-08-06,24.62473372780579,24.869999999995095,24.379467455616492,24.87,95156.1429,0.01992031872513945,0.5000000000089899
2013-08-07,24.72377952755419,25.067165354325777,24.3803937007826,24.92,136659.26440000001,0.02777777777781724,0.2857142857210122
2013-08-08,24.869999999995095,25.066213017746534,24.673786982243655,24.87,97856.3235,0.015779092702209122,1.250247727351666e-11
2013-08-09,24.819049504945582,24.966198019797037,24.4266534653417,24.77,124693.64050000001,0.02173913043482192,-0.09090909089983559
2013-08-12,24.773584905655703,25.999999999995094,24.675471698108552,26.0,347222.55700000003,0.053465346534691635,0.9259259259289314
2013-08-13,26.535242537308484,26.829533582084544,25.99570895521903,26.29,245620.0168,0.031423290203363596,-0.29411764705259247
2013-08-14,26.343212341193045,27.61867513611114,26.343212341193045,27.03,421979.1073,0.04841713221605087,0.538461538464962
2013-08-15,26.878095238090317,27.515714285709247,26.730952380947485,26.78,177707.439,0.029197080292006957,-0.1249999999935916
2013-08-16,26.531101243334543,28.002326820598935,26.482060390759063,27.61,252976.3369,0.05730129390022036,0.7096774193575964
2013-08-19,27.468100358418013,27.860501792109698,27.026648745514866,27.37,145384.11000000002,0.030357142857178155,-0.11764705881750093
2013-08-20,27.22190305205974,27.614290843801143,27.074757630156714,27.32,97787.0314,0.019819819819855884,0.18181818182694323
2013-08-21,27.418096947930444,27.418096947930444,26.829515260318338,27.32,101536.64400000001,0.021466905187871217,-0.1666666666580457
2013-08-22,27.12610526315314,28.303368421047665,27.12610526315314,27.96,169161.69300000003,0.0433996383363823,0.7083333333368987
2013-08-23,28.203853046589927,28.203853046589927,27.22284946236071,27.37,107490.7206,0.03478260869568649,-0.8499999999941299
2013-08-26,27.27189964157217,27.517150537629476,26.879498207880488,27.37,105978.5406,0.02338129496406454,0.15384615385361375
2013-08-27,27.12474910393779,27.468100358418013,26.977598566303406,27.37,90485.6706,0.018083182640180846,0.5000000000089833
2013-08-28,27.22473214285228,27.813374999995034,27.12662499999516,27.47,92411.48,0.02522522522526097,0.3571428571494828
2013-08-29,27.70893186003173,27.70893186003173,26.09053406997678,26.63,205888.9842,0.05840707964605164,-0.6666666666632253
2013-08-30,26.48287292817192,27.12042357273902,26.13957642725117,26.63,144243.17159999997,0.03703703703707344,0.15000000000484592
2013-09-02,26.68095412843547,26.877137614673966,26.386678899077726,26.73,119494.084,0.018382352941213265,0.1000000000097996
2013-09-03,26.735489510484836,28.059999999995092,26.735489510484836,28.06,287163.5052,0.04954128440370523,1.0000000000029492
2013-09-04,28.302407732859695,28.694815465724304,27.762847100170866,27.91,167739.6068,0.032928942807659775,-0.4210526315732269
2013-09-05,27.95905096660317,28.057152899819318,27.61569420034664,27.91,78815.71780000001,0.01578947368424566,-0.11111111109974381
2013-09-06,27.908564013836006,28.644290657434492,27.71237024220974,28.35,179338.4298,0.0333919156415109,0.47368421053106763
2013-09-09,28.34520069807533,28.68848167538766,27.854799301914856,28.1,177384.29760000002,0.02941176470591661,-0.2941176470525849
2013-09-10,28.106203866427396,28.25335676625162,27.71379613356279,27.91,176610.203,0.01919720767891783,-0.36363636362659835
2013-09-11,28.646736842100236,28.695789473679174,27.861894736837215,27.96,188001.44700000001,0.029109589041129782,-0.8235294117578328
2013-09-12,27.904245115447974,28.002326820598935,26.972468916513858,27.61,135090.5551,0.036906854130087326,-0.2857142857092462
2013-09-13,27.66140540540042,27.710450450445457,26.92572972972488,27.22,183910.4055,0.02836879432627623,-0.5624999999930326
2013-09-16,27.266714031966735,28.05136767317441,27.266714031966735,27.61,210830.2132,0.02877697841730181,0.4375000000056947
2013-09-17,27.41761904761421,28.54571428570925,27.41761904761421,27.81,275314.1076,0.04114490161005286,0.3478260869605623
2013-09-18,27.809532062386864,28.545233968799216,27.61334488734357,28.3,221704.74899999995,0.03350970017640171,0.5263157894783783
2013-09-23,28.100547945200674,28.88520547944711,28.100547945200674,28.64,204734.5736,0.027923211169318837,0.6875000000053721
2013-09-24,28.548631578942363,28.744842105258115,27.861894736837215,27.96,188834.274,0.030927835051580435,-0.6666666666603562
2013-09-25,27.90327402134735,28.148469750884672,27.36384341636524,27.56,141335.9188,0.028119507908646445,-0.43749999999319644
2013-09-26,27.763363148474465,27.812415026828656,27.27284436493251,27.42,122564.0481,0.019434628975300315,-0.6363636363533706
2013-09-27,27.27189964157217,27.517150537629476,27.12474910393779,27.37,121672.0116,0.014388489208669194,0.2500000000118775
2013-09-30,27.318586572433336,28.0542756183696,27.269540636037583,27.76,116849.0586,0.0287253141831595,0.5625000000055337
2013-10-08,27.56570422534726,28.154295774642936,27.516654929572624,27.86,126542.27759999999,0.02313167259790026,0.46153846154542577
2013-10-09,28.053309734508307,28.200442477871114,27.415734513269484,27.71,187574.0675,0.027972027972062576,-0.4374999999931895
2013-10-10,27.37339382939612,27.765843920140153,26.784718693280077,27.03,255505.91809999998,0.03584229390684526,-0.34999999999464276
2013-10-11,27.120956678695467,27.90564981948955,27.022870036096204,27.17,248401.3012,0.0325497287522962,0.05555555556104772
2013-10-14,27.708081705146057,28.002326820598935,27.364795737117696,27.61,245726.3044,0.023008849557557463,-0.1538461538382232
2013-10-15,27.516193895865797,27.614290843801143,26.92761220825369,27.32,236637.88520000002,0.024955436720177988,-0.28571428570672835
2013-10-16,27.07332110091246,27.367596330270207,26.484770642196974,26.73,202161.42799999999,0.032608695652209654,-0.38888888888288686
2013-10-17,26.879049360141337,26.97714808043382,26.633802559410118,26.83,123241.9444,0.012773722627773966,-0.14285714284244302
2013-10-18,26.68095412843547,26.82809174311434,26.484770642196974,26.73,118647.6445,0.012867647058860395,0.14285714287101894
2013-10-21,26.923833634714843,27.169041591315157,26.531500904154335,27.12,253408.2131,0.023679417122076222,0.30769230769951944
2013-10-22,27.02810564662531,27.224316939885746,26.83189435336487,26.93,165900.16890000002,0.014519056261379492,-0.24999999998685357
2013-10-23,26.87955307262069,27.173854748598288,26.290949720665495,26.34,187185.5268,0.03284671532850301,-0.6111111111048642
2013-10-24,26.291895910775786,26.635260223043378,25.997583643117846,26.39,103169.40860000001,0.024253731343320706,0.15384615385360018
2013-10-25,26.389050279324692,26.92860335195029,26.143798882676695,26.34,111141.60119999999,0.029739776951709578,-0.062499999993667614
2013-10-28,26.38617977527596,26.48426966291639,25.748595505613157,26.19,102526.8786,0.02788104089223015,-0.26666666665963795
2013-10-29,26.14637795275076,26.14637795275076,24.87094488188487,24.92,181537.8132,0.048780487804914424,-0.9615384615338622
2013-10-30,24.918529980652817,25.507156673109186,24.82042553191009,25.36,88803.4873,0.0275590551181494,0.6428571428633505
2013-10-31,25.361888246623245,26.146782273598046,25.067552986507696,25.46,113825.8344,0.04255319148939941,0.09090909091355248
2013-11-01,25.402879078689942,25.697120921300254,25.25575815738479,25.55,53891.1459,0.017374517374556125,0.333333333343689
2013-11-04,25.451919385791662,25.74616122840197,25.25575815738479,25.55,81247.70969999999,0.01926782273606936,0.20000000000958956
2013-11-05,25.501503759393703,26.43328947367924,25.354379699243353,26.09,179967.51360000003,0.042307692307729794,0.5454545454585858
2013-11-06,25.95094339622152,26.196226415089395,25.656603773580066,26.0,94887.11899999999,0.020793950850699232,0.09090909091801454
2013-11-07,25.799999999995094,25.996197718626238,25.652851711021743,25.8,82816.75379999999,0.013307984790912681,1.4289659648702925e-11
2013-11-08,25.70336557059464,25.94862669245146,25.261895551252366,25.36,72016.0837,0.026717557251946255,-0.4999999999921301
2013-11-11,25.359999999995093,25.55620889748055,25.261895551252366,25.36,58872.3927,0.011605415860773982,1.667031975710317e-11
2013-11-12,25.459999999995095,25.607167630052867,25.31283236993732,25.46,53005.7814,0.011560693641657268,1.6669078616271557e-11
2013-11-13,25.50095969289338,25.795201535503686,25.353838771588226,25.55,76633.9421,0.017307692307730767,0.11111111112196399
2013-11-14,25.405725190834843,25.699999999995093,24.866221374041054,25.7,99410.50280000002,0.032818532818570896,0.35294117647604983
2013-11-15,25.556628787873944,26.145265151510195,25.4585227272679,25.9,159894.18720000001,0.026871401151669534,0.5000000000064189
2013-11-18,25.501503759393703,26.089999999995094,25.452462406010252,26.09,271599.3,0.025000000000038203,0.9230769230831679
2013-11-19,25.944775280894017,26.239044943815312,25.60146067415251,26.19,135464.4258,0.024574669187183183,0.3846153846224761
2013-11-20,26.13957642725117,27.218508287287804,26.04149171270238,26.63,234982.59839999996,0.0450281425891549,0.416666666670477
2013-11-21,26.489999999995092,26.931499999995008,26.19566666666181,26.49,157205.556,0.02777777777781448,6.667675094565436e-12
2013-11-22,26.48287292817192,27.12042357273902,26.28670349907435,26.63,165167.94809999998,0.03148148148151808,0.1764705882409635
2013-11-25,26.731901279702605,27.418592321750012,26.584753199263876,26.83,193594.4588,0.031192660550494952,0.11764705882927307
2013-11-26,26.881890909086025,27.17621818181324,26.489454545449732,26.98,132533.06,0.02554744525551059,0.1428571428640745
2013-11-27,27.027153284666596,27.125255474447602,26.683795620433084,26.88,111024.25200000002,0.016333938294047282,-0.3333333333214591
2013-11-28,27.026197440580063,27.075246800726305,26.78095063984885,26.83,99080.1886,0.010889292196043662,-0.6666666666477341
2013-11-29,26.784718693280077,27.275281306710113,26.735662431937072,27.03,163819.3528,0.020146520146556685,0.45454545455370376
2013-12-02,26.48374760993757,26.48374760993757,25.649999999995092,25.65,250961.60230000003,0.031481481481518,-0.999999999992916
2013-12-03,24.377603960391212,24.966198019797037,24.377603960391212,24.77,331436.44899999996,0.02414486921533181,0.6666666666738656
2013-12-04,24.769999999995097,24.966198019797037,24.475702970292186,24.77,259138.1745,0.019801980198059278,9.995503281193071e-12
2013-12-05,24.770948616595895,24.967154150192695,24.623794466398294,24.82,132102.38139999998,0.013861386138653738,0.14285714287101295
2013-12-06,24.772834645664418,25.01811023621555,24.674724409443964,24.92,153895.5012,0.013861386138653594,0.42857142858446556
2013-12-09,24.916190476185534,24.96523809523314,24.670952380947487,24.72,90456.50880000001,0.011811023622086796,-0.6666666666477495
2013-12-10,24.919053254432953,24.968106508870815,24.722840236681513,24.87,92046.0021,0.00984251968507913,-0.1999999999791719
2013-12-11,24.81520958083337,24.81520958083337,24.226706586821514,24.57,129796.575,0.023715415019802014,-0.41666666665762475
2013-12-12,24.52095808382744,24.668083832330407,24.373832335324476,24.57,67993.215,0.012000000000040348,0.16666666668276606
2013-12-13,24.525691699599896,24.967154150192695,24.378537549402296,24.82,112545.22839999999,0.024000000000039847,0.5000000000074829
2013-12-16,24.814239999995035,25.010399999995,24.323839999995137,24.52,145735.45,0.02766798418976246,-0.42857142856365965
2013-12-17,24.469999999995093,24.568076152299682,24.22480961923362,24.47,102829.32920000001,0.014028056112264622,1.4292968051927739e-11
2013-12-18,24.475242914974803,24.524291497970744,24.18095141699915,24.23,80643.0794,0.014028056112264856,-0.7142857142693425
2013-12-19,24.274233128829394,24.32327198363511,23.734805725966517,23.98,102737.82419999999,0.02424242424246449,-0.49999999999081896
2013-12-20,24.03525773195381,24.08430927834555,23.49569072164464,23.79,107461.54699999999,0.02448979591840801,-0.4166666666576291
2013-12-23,23.785208333328374,23.981374999995,23.196708333328502,23.54,90505.152,0.03298969072168999,-0.31249999999334876
2013-12-24,23.540956340951446,23.933305613300636,23.295738045733202,23.59,95068.2551,0.027083333333374607,0.07692307693064947
2013-12-25,23.69283950616796,23.839999999995094,23.496625514398456,23.84,56954.53440000001,0.014492753623230013,0.42857142858447783
2013-12-26,23.739999999995092,23.93619834710249,23.543801652887694,23.74,64988.8096,0.016528925619876168,1.2503412140687685e-11
2013-12-27,23.63672801635509,23.979999999995098,23.63672801635509,23.98,51680.1606,0.014522821576805033,1.0000000000113693
2013-12-30,24.180476190471392,25.161428571423578,24.180476190471392,24.72,274240.76399999997,0.04056795131849807,0.5500000000044393
2013-12-31,24.915228628225666,25.01332007951789,24.424771371764532,24.67,84918.8744,0.02362204724413349,-0.416666666657631
2014-01-02,24.673786982243655,25.262426035497977,24.673786982243655,24.87,100640.1591,0.023856858846958078,0.33333333334110005
2014-01-03,24.916190476185534,24.96523809523314,24.572857142852268,24.72,87668.7336,0.015748031496102398,-0.4999999999862354
2014-01-06,24.61947046842675,24.66851323828418,23.54052953156343,24.08,77470.4219,0.04581673306776801,-0.4782608695604398
2014-01-07,23.988493975898795,24.429999999995097,23.939437750999208,24.43,56455.1724,0.02044989775055225,0.9000000000081632
2014-01-08,24.424268292677965,24.47331300812511,23.93382113820652,24.13,51428.4156,0.022088353413694764,-0.5454545454444473
2014-01-09,23.937154639170323,24.378618556696004,23.544742268036384,23.79,79246.7205,0.03483606557381076,-0.17647058822920278
2014-01-10,23.788583509508708,23.788583509508708,23.052854122616687,23.2,60158.7888,0.030927835051587117,-0.7999999999922411
2014-01-13,23.146550218335555,23.440786026195756,22.116724890824866,22.46,82909.0836,0.05720338983054922,-0.5185185185144209
2014-01-14,22.75384615384129,22.99903846153355,22.361538461533684,22.95,41081.695199999995,0.02801724137935324,0.3076923076995156
2014-01-15,23.100953389825612,23.199046610164576,22.659533898300282,23.15,42824.6072,0.023354564755880984,0.09090909091801395
2014-01-16,23.196162046903368,23.196162046903368,22.852878464813887,23.0,53465.953100000006,0.014799154334080578,-0.5714285714126132
2014-01-17,23.002860169486652,23.149999999995092,22.757627118639242,23.15,49218.744,0.01705756929641806,0.37500000001153827
2014-01-20,23.098624999995184,24.030416666661658,23.000541666661874,23.54,87968.44799999999,0.0445859872611878,0.42857142857577735
2014-01-21,23.442443991848585,24.129042769852514,23.442443991848585,24.08,57518.342300000004,0.029288702928911545,0.9285714285772239
2014-01-22,24.183782696172194,24.379999999995093,24.036619718305026,24.38,77529.2168,0.014198782961500999,0.5714285714412044
2014-01-23,24.328097165986975,24.426194331978863,24.03380566801133,24.23,114359.51800000001,0.01612903225810504,-0.24999999998685243
2014-01-24,24.33245901638846,24.33245901638846,23.792827868847585,23.94,131101.88319999998,0.02217741935487892,-0.7272727272622894
2014-01-27,23.792827868847585,24.08717213114261,23.792827868847585,23.94,68309.1664,0.01237113402066015,0.5000000000149639
2014-01-28,23.88572008113106,24.278093306283107,23.88572008113106,24.18,65928.79139999999,0.01642710472283374,0.7500000000105882
2014-01-29,24.179999999995093,24.229046653139104,24.03286004056308,24.18,50104.280199999994,0.008113590263732682,2.50083200172348e-11
2014-01-30,24.181898989894105,24.47620202019708,24.034747474742623,24.28,69976.863,0.018255578093346842,0.22222222223283278
2014-02-07,24.229523809519005,24.769047619042706,24.082380952376177,24.72,114628.5504,0.028340080971699953,0.7142857142918125
2014-02-10,24.771373307538727,25.60526112185191,24.722321083167362,25.36,154239.8671,0.03564356435647457,0.6666666666714685
2014-02-11,25.40810077518887,25.506201550382652,25.113798449607536,25.31,94154.3136,0.01544401544405413,-0.24999999998685743
2014-02-12,25.254807692302837,25.696153846148906,25.15673076922593,25.5,98681.596,0.021359223301009724,0.4545454545536984
2014-02-13,25.404257812495036,25.600429687494998,25.060957031245103,25.11,115573.3504,0.02123552123555979,-0.5454545454444397
2014-02-14,25.016634429395545,25.45810444873782,25.016634429395545,25.36,106405.1659,0.017647058823568748,0.7777777777871304
2014-02-17,25.403831417619656,25.894252873558262,25.256704980838077,25.6,282223.5804,0.025096525096563512,0.30769230769951594
2014-02-18,25.65143925233166,26.877607476630494,25.504299065415797,26.24,395754.3195,0.05353728489487441,0.42857142857468244
2014-02-19,26.242843866166126,26.831468401482002,26.144739776946814,26.39,240426.3896,0.026168224299102535,0.2142857142925456
2014-02-20,26.43810055865429,26.58525139664309,26.094748603347096,26.34,202370.86649999997,0.018552875695769862,-0.19999999998958679
2014-02-21,26.431922365984022,26.628077634006168,26.137689463950807,26.53,171917.1406,0.01855287569576993,0.20000000000959856
2014-02-24,26.392061657027668,26.392061657027668,25.21472061656547,25.46,308178.25560000003,0.044609665427545436,-0.7916666666618261
2014-02-25,25.505742574252377,25.603841584153347,24.377603960391212,24.77,230160.71899999998,0.04807692307696045,-0.5999999999955119
2014-02-26,24.576614173223508,25.067165354325777,24.331338582672377,24.92,114365.4812,0.029940119760518583,0.4666666666727015
2014-02-27,25.166227897833952,25.558683693511675,24.822829076615943,24.97,187333.2762,0.029239766081910035,-0.26666666665963357
2014-02-28,25.10847999999498,25.255599999994953,23.931519999995214,24.52,344091.2,0.05273437500003789,-0.4444444444404054
2014-03-03,24.519999999995097,24.519999999995097,24.519999999995097,24.52,0.0,4.078303425775527e-14,4.902744876744691
2014-03-04,24.519999999995097,24.519999999995097,24.519999999995097,24.52,0.0,4.078303425775527e-14,4.902744876744691
2014-03-05,24.519999999995097,24.519999999995097,24.519999999995097,24.52,0.0,4.078303425775527e-14,4.902744876744691
2014-03-06,24.519999999995097,24.519999999995097,24.519999999995097,24.52,0.0,4.078303425775527e-14,4.902744876744691
2014-03-07,26.979999999995094,26.979999999995094,26.979999999995094,26.98,55445.555,3.7064492216462e-14,4.906297590423492
2014-03-10,29.669999999995095,29.669999999995095,29.669999999995095,29.67,702274.6224999999,3.370407819346585e-14,4.906297590423492
2014-03-11,30.902108963087713,31.14736379612809,27.51759226713049,27.91,3396060.1697000004,0.11746031746034592,-0.824324324322746
2014-03-12,28.73833865814238,30.699999999995097,27.90463258785497,30.7,4318842.421800001,0.0972696245734102,0.7017543859664142
2014-03-13,29.914065180097783,30.453499142361846,27.70728987992664,28.59,3178487.6662000003,0.0918032786885549,-0.4821428571408955
2014-03-14,27.659581881528275,29.22891986062208,27.169163763061466,28.15,1734341.8036000002,0.07446808510641643,0.23809523809750618
2014-03-17,27.46751188589105,30.949999999995093,27.46751188589105,30.95,1452691.5443,0.1267857142857461,1.0000000000011218
2014-03-18,32.86282420748805,34.03999999999509,32.12708933717116,34.04,2429171.3486,0.058208955223909294,0.6153846153868606
2014-03-19,35.168126801147665,35.168126801147665,32.66662824207022,34.04,4520027.899,0.07112970711299707,-0.45098039215472013
2014-03-20,33.102470930227746,36.24107558139008,33.102470930227746,33.74,3685179.464,0.09481481481484208,0.20312500000149888
2014-03-21,32.425125553909545,33.602437223037875,31.49308714918294,33.21,2255121.527,0.06505295007567183,0.37209302325795995
2014-03-24,33.59855907780495,34.97193083572982,32.568530259361296,34.04,2510977.2926,0.071532846715356,0.1836734693897224
2014-03-25,33.496063829782145,33.496063829782145,32.02478723403769,32.27,1807293.3312000001,0.04392386530017492,-0.8333333333294329
2014-03-26,32.025735963576324,33.349924127460795,31.584339908948166,32.32,1478558.8259,0.05513016845332195,0.16666666666935046
2014-03-27,32.02611464967643,32.27133757961269,30.652866242033333,30.8,1459791.2752,0.050535987748881024,-0.7575757575722603
2014-03-28,30.951084745757463,31.049186440672703,28.890949152537473,28.94,1227304.5480000002,0.06973058637087007,-0.9318181818154745
2014-03-31,28.986672240797827,29.771421404677294,28.692391304343023,29.33,668583.0762,0.0372250423012178,0.31818181818606756
2014-04-01,29.134757929878276,29.870484140228736,28.693322203667996,29.38,617115.1976000001,0.0404040404040734,0.2083333333373206
2014-04-02,29.476643952294804,29.57473594548048,28.642862010216582,28.79,692726.5658,0.03161397670552378,-0.736842105257099
2014-04-03,28.788607382545507,29.475218120800424,28.249127516773783,29.23,731980.4395999999,0.04258943781945409,0.3600000000037048
2014-04-04,28.746069651736523,30.0705472636766,28.697014925368368,29.58,879019.3907999999,0.04778156996590346,0.6071428571459877
2014-04-08,29.481353996732544,30.315269168021153,29.187030995101274,30.07,829790.1472,0.03826955074878464,0.5217391304386727
2014-04-09,29.97283387621662,30.610553745923355,29.53133550488118,30.12,764283.1312,0.036006546644876826,0.1363636363680539
2014-04-10,29.96713815788981,30.11427631578452,29.623815789468814,29.82,682142.0128,0.016366612111325642,-0.2999999999893943
2014-04-11,29.525689948887642,29.623781942073315,28.544770017030913,28.79,684381.0694,0.03654485049837136,-0.6818181818130056
2014-04-14,28.591090909086184,29.719041322309135,28.591090909086184,29.67,628114.63,0.03945111492284654,0.9565217391339382
2014-04-15,29.76850420167567,30.160840336129382,29.03287394957495,29.18,522287.906,0.03789126853380502,-0.521739130429971
2014-04-16,29.27904362415616,29.52426174496149,28.837651006706572,29.23,298927.07800000004,0.023450586264689915,-0.07142857142132135
2014-04-17,29.236216216211275,29.383378378373415,28.794729729724864,29.04,346296.2608,0.02013422818795304,-0.3333333333244302
2014-04-18,28.841898305079855,29.13620338982557,28.694745762706997,28.94,210466.80599999998,0.015306122449013889,0.2222222222328354
2014-04-21,28.595739436614686,28.791936619713244,27.712852112671182,27.86,475103.9976,0.037735849056637356,-0.681818181813008
2014-04-22,27.763789473679342,28.107157894731913,27.32231578946889,27.96,374933.5740000001,0.028268551236784137,0.25000000000592937
2014-04-23,27.906684027772936,28.642361111106137,27.906684027772936,28.25,364904.64,0.026362038664358083,0.46666666667269757
2014-04-24,28.94164037854434,31.0999999999951,28.94164037854434,31.1,1393490.6632,0.07457627118647252,1.000000000001808
2014-04-25,31.242399999995193,33.54756923076407,31.09526153845675,31.88,3673030.335,0.0784929356358224,0.2600000000018933
2014-04-28,30.653747870522885,30.898977853487068,28.69190800680942,28.79,1716484.7375999999,0.07200000000003028,-0.8444444444418391
2014-04-29,28.107458471756132,29.62810631228744,27.028289036540365,29.53,1364337.4023999998,0.09249563699828703,0.5471698113224304
2014-04-30,28.444089456864468,31.33753993609723,28.444089456864468,30.7,1668327.9356,0.10172413793106595,0.7796610169505778
2014-05-05,30.60382165604608,31.58471337579115,29.573885350313763,30.8,1323845.8544,0.06570512820515877,0.0975609756121482
2014-05-06,30.80045307442867,31.29090614886225,30.0647734627783,30.31,992520.4218,0.0398089171974835,-0.3999999999956717
2014-05-07,30.116561085968307,33.353846153841125,29.871312217190066,32.52,2778526.3896,0.11563517915312387,0.6901408450716339
2014-05-08,31.781965317914484,35.06806358380996,31.487687861267123,33.94,3015084.9664,0.11265432098768229,0.6027397260285976
2014-05-09,33.59272863567712,33.93601199399791,32.56287856071476,32.71,1662829.0657,0.04087591240878763,-0.6428571428531008
2014-05-12,32.61948148147665,33.50241481480985,31.932755555550823,33.11,1617508.6425,0.048120300751908984,0.3125000000029259
2014-05-13,32.66435897435432,35.214729344724326,31.928675213670665,34.43,2425029.5862,0.10060060060062806,0.5373134328371502
2014-05-14,34.092983751841345,34.28920236336274,33.111890694234404,33.21,1448699.3016,0.034532374100747804,-0.7499999999951941
2014-05-15,33.00856278365613,34.82329803327764,32.12571860816458,32.42,1595485.7094,0.08172362555723431,-0.2181818181799207
2014-05-16,32.3678873239391,35.65371830985413,32.17171830985462,34.82,2943694.79,0.10757575757578514,0.704225352113883
2014-05-19,35.22094575799232,37.08500695409776,34.38702364394515,35.27,3720801.992,0.07660167130921823,0.018181818183631408
2014-05-20,34.8268015170626,38.799999999995094,34.43438685208161,38.8,5678881.986400001,0.1253521126760816,0.9101123595514758
2014-05-21,38.792337164746,38.792337164746,37.46819923371169,38.4,3578129.91,0.03413400758535995,-0.29629629629236814
2014-05-22,38.156323529407096,41.883676470583104,37.51874999999541,40.02,5321940.4944,0.11439588688948325,0.42696629213585646
2014-05-23,39.631901234563,40.073345679007396,38.74901234567423,39.73,2750062.023,0.03341584158418268,0.07407407407772396
2014-05-26,38.742875157624376,39.478499369478,37.27162673391712,38.89,3355572.1251,0.0569620253164801,0.06666666666885654
2014-05-27,38.30764322916168,38.50384114582832,37.47380208332846,37.67,2393135.0016,0.026888604353418333,-0.6190476190422562
2014-05-28,37.52142857142375,38.60047619047123,37.276190476185675,38.11,2534653.9532999997,0.035294117647084726,0.4444444444478056
2014-05-29,37.61653005463967,37.76366120218063,35.36051912567822,35.9,2993425.6476000003,0.06388526727512271,-0.7142857142833756
2014-05-30,35.89974489795461,39.087563775505224,35.409311224485286,38.45,3720575.2528,0.10245901639346756,0.6933333333344771
2014-06-03,38.06046997388537,38.403798955608565,37.27571801566093,37.57,1918584.4970000002,0.029639175257757545,-0.4347826086909152
2014-06-04,37.029096774188766,38.696632258059516,36.244374193543706,38.01,2207215.2674999996,0.06622516556293906,0.40000000000183844
2014-06-05,37.71528662419902,39.67707006368921,37.371974522288234,38.5,2305567.0585,0.06111833550067491,0.34042553191687475
2014-06-06,38.06323057952675,40.85911220714664,37.52367447595099,39.78,3676283.1939,0.0876288659794055,0.5147058823542562
2014-06-09,39.18904761904284,40.46428571428078,38.84571428570955,40.17,2362082.1588,0.04130162703381666,0.6060606060632606
2014-06-10,39.82806257520579,43.55581227436299,39.23947051744413,40.76,4702388.010000001,0.10837438423647572,0.2159090909101778
2014-06-11,40.11999999999509,41.346161369188096,39.62953545231789,40.12,2602750.028,0.042787286063593576,2.860174867364922e-12
2014-06-12,39.57808695651682,41.00034782608186,39.283826086951635,39.48,2567616.73,0.04337050805454711,-0.05714285713996717
2014-06-13,39.4328624535267,39.92332094175465,38.79526641883038,39.58,1867740.3294000002,0.02860696517415404,0.1304347826129347
2014-06-16,39.53429999999506,39.63239999999505,38.89664999999514,39.24,1479771.36,0.018610421836253173,-0.39999999999279273
2014-06-17,39.09142150802978,40.46477132261552,38.25760197774558,39.68,2191549.6917,0.0564617314931233,0.26666666666876604
2014-06-18,39.63197916666151,39.63197916666151,37.47380208332846,37.67,2027473.2287999997,0.054455445544578276,-0.9090909090882161
2014-06-19,37.7671724137879,38.208606896546456,34.3828413793056,35.56,1453969.7374999998,0.10129870129872513,-0.5769230769216439
2014-06-20,35.165726141073975,35.80331950206973,34.82240663899933,35.46,709082.3223,0.02789400278942784,0.30000000000469523
2014-06-23,35.80191256830111,37.077049180322796,35.80191256830111,35.9,881186.2116,0.035616438356191306,0.07692307692686746
2014-06-24,35.70805890227099,37.0323962516684,35.51186077643434,36.64,1046511.6668999998,0.04258241758244427,0.6129032258092751
2014-06-25,36.544855967073175,36.69201646090031,35.61283950616795,35.76,717575.5494,0.029530201342308403,-0.7272727272675097
2014-06-26,35.806648575300436,36.39525101763414,35.463297150605776,36.15,699899.2726,0.026027397260301018,0.36842105263644476
2014-06-27,35.904257028107644,37.13049531458673,35.806157965189314,36.64,1230612.6554999999,0.036885245901666294,0.5555555555588381
2014-06-30,36.642119700743564,40.2229426433865,36.44591022443436,39.34,2800339.2295999997,0.10307898259707932,0.7142857142868243
2014-07-01,39.28426415093845,40.46132075471189,38.64669182389451,38.99,1975136.4780000001,0.04619225967543011,-0.16216216215936485
2014-07-02,39.28668275029683,41.83712907116504,39.28668275029683,40.66,3119381.6762999995,0.06491885143572905,0.5384615384632483
2014-07-03,40.16520884520391,40.21425061424567,39.282457002452176,39.92,1769522.5284000002,0.023199023199047458,-0.26315789473129086
2014-07-04,39.870958230953335,41.6364619164568,39.23341523341041,39.92,2173248.7832000004,0.060270602706050704,0.02040816326733839
2014-07-07,39.681838942302925,41.34955528845657,39.28943509614913,40.81,2195407.7184,0.05191594561189038,0.5476190476211632
2014-07-08,40.61526123936322,40.860522478731355,39.63421628189068,40.37,1495806.5327,0.030193236714999665,-0.19999999999583196
2014-07-09,40.12422569027129,43.41068427370427,39.633709483788756,40.86,3991435.287,0.0941320293398759,0.19480519480644318
2014-07-10,40.12047029702474,41.24855198019292,39.38476485148028,39.63,2232914.5448,0.04645476772618523,-0.26315789473406775
2014-07-11,39.284338235289304,40.65757352940678,39.235294117642255,40.02,1501157.5824000002,0.036204744069937046,0.5172413793134322
2014-07-14,39.8285505481072,40.76049939098164,39.58330085261394,40.27,1297546.9870000002,0.02955665024632989,0.3750000000038537
2014-07-15,40.169541176465856,44.044258823524224,39.97335294117176,41.69,3874313.43,0.10134310134312374,0.3734939759047285
2014-07-16,41.19999999999498,41.78857142856633,39.67952380951897,40.17,2084890.1345999998,0.05119047619049916,-0.488372093020703
2014-07-17,40.0728536585317,40.66143902438528,39.68046341462931,40.22,887991.6939999999,0.02447980416159092,0.15000000000484637
2014-07-18,40.2195180722843,41.34762650601911,40.023325301199996,40.71,986406.9430000001,0.032926829268316665,0.37037037037380255
2014-07-21,40.81051094890014,40.95766423357165,39.829489051090036,40.32,905942.4756,0.027644230769254555,-0.43478260869091334
2014-07-22,39.97799760191367,41.69484412469524,39.781786570738625,40.91,1427648.2056,0.047852760736220315,0.48717948718179327
2014-07-23,40.858063380276896,42.67288732393865,40.563767605629046,41.79,2729593.5516,0.05162064825932682,0.4418604651183951
2014-07-24,41.450121359218265,42.382135922324956,39.63514563106315,40.42,1773066.3080000002,0.06627218934913497,-0.37499999999807515
2014-07-25,40.02475030450182,40.809549330080294,39.7304506699099,40.27,959753.1050000001,0.026960784313749868,0.2272727272770663
2014-07-28,40.31620977353512,41.29713945172332,39.97288438616925,41.15,1559227.2167,0.03284671532849105,0.6296296296328602
2014-07-29,41.055559322029254,43.55715254236796,40.81030508474115,43.41,4096992.0075,0.06690561529273475,0.8571428571443321
2014-07-30,43.06051743531574,44.629921259837495,42.22677165353855,43.6,3973222.7241,0.05580865603646849,0.2244897959203163
2014-07-31,43.21048206277543,44.28951793721476,42.72001121075755,43.75,2053960.1428,0.03632236095348405,0.3437500000029071
2014-08-01,43.26388439305858,44.392080924850355,42.23379190750956,42.43,2337254.393,0.04988662131521472,-0.38636363636118454
2014-08-04,42.130976163445844,43.65141884221979,41.93479001134598,43.21,1309697.7715999999,0.04074505238651862,0.62857142857392
2014-08-05,43.21335240274105,43.409553775738736,42.47759725399971,42.87,1040702.1278,0.021566401816140713,-0.36842105262592334
2014-08-06,42.67281879194154,44.291442953015185,42.47662192393261,43.85,2037883.9068,0.04252873563220639,0.6486486486509928
2014-08-07,43.59991935483369,44.18844470045574,42.47191244239142,42.57,1398468.4784,0.03937007874017953,-0.5999999999967934
2014-08-08,42.47476463834185,43.06332950630963,42.18048220435796,42.72,1053147.004,0.020785219399560982,0.27777777778301826
2014-08-11,42.76478905358692,43.009999999995095,42.66670467502364,43.01,957437.8261,0.008027522935803073,0.7142857142979003
2014-08-12,43.21280662982948,45.37099447513311,42.96755801104497,44.39,2905014.3430000003,0.05561861521001063,0.48979591836918285
2014-08-13,43.99523542600404,43.99523542600404,43.014293721968265,43.75,1493591.114,0.022296544035696853,-0.24999999999474354
2014-08-14,43.45523269011992,44.53425652666918,43.01381384789523,43.21,1186190.5578,0.03498871331830677,-0.16129032257730894
2014-08-15,43.06570135746119,43.409049773750745,42.77140271492729,43.36,820550.9883999999,0.014806378132141251,0.4615384615454394
2014-08-18,43.50905191873098,43.60715575620276,43.067584650108,43.46,914065.6447999999,0.012401352874881947,-0.09090909089983126
2014-08-19,43.557589285709426,44.195256696423634,43.26328124999517,43.95,1269746.0608000003,0.021396396396418854,0.4210526315837602
2014-08-20,43.94244224421959,45.46277227722272,43.40297029702493,44.58,2156353.434,0.04687500000002161,0.30952380952603814
2014-08-21,44.82903587443444,44.82903587443444,43.35762331838079,43.75,1643400.6408,0.03282275711161903,-0.7333333333295016
2014-08-22,43.75095184769946,43.89809630458634,42.57379619260441,43.8,1271104.5048999998,0.03026905829598612,0.03703703704071578
2014-08-25,43.598938869660486,43.647981545554366,42.421914648207334,42.52,1133517.3606,0.028121484814420467,-0.8799999999952818
2014-08-26,42.37714285713781,42.426190476185425,40.905714285709415,41.2,1023962.436,0.0358796296296524,-0.7741935483833594
2014-08-27,40.950116822425116,42.911799065415536,40.950116822425116,41.98,937297.3160000001,0.04790419161678961,0.5250000000022355
2014-08-28,41.988625592412085,42.43009478672483,41.154739336488014,41.4,566909.2296,0.030373831775724038,-0.4615384615342528
2014-08-29,41.1509523809476,42.573333333328385,41.10190476189999,42.23,727477.2393,0.03575685339692443,0.7333333333361681
2014-09-01,42.278576349019254,43.35761194029352,42.2295292766886,42.72,1016651.0588000001,0.026682134570788666,0.39130434783008944
2014-09-02,42.872202643167086,45.3738986784091,42.67599118942261,44.54,2876498.0552,0.06292906178491889,0.6181818181834065
2014-09-03,44.13913043477781,45.26713043477769,43.94295652173436,45.12,2851399.2399999998,0.030000000000021915,0.740740740743884
2014-09-04,45.17519743862912,47.52960512272705,44.63564567769001,45.96,3869710.7716999995,0.0640608034745049,0.27118644067956704
2014-09-05,45.614738996924714,48.95001023540953,45.17330603888996,47.92,3330092.1898,0.08279569892475117,0.6103896103907467
2014-09-09,47.918092307687395,49.29138461537956,47.32953846153361,47.82,2588504.6849999996,0.0409416581371746,-0.04999999999747547
2014-09-10,48.02189602445993,48.65957186543846,47.08990825687592,48.12,1758854.2257,0.03268641470890687,0.06250000000308928
2014-09-11,47.82578124999502,48.56156249999495,46.501374999995164,47.09,1997365.728,0.04307692307694307,-0.3571428571403011
2014-09-12,46.64042613635922,51.789999999995096,46.444251893935,51.79,4625834.928,0.11461619348056577,0.9633027522943155
2014-09-15,52.428838209978274,56.98999999999509,51.79125645438453,56.99,6181121.6516,0.09915809167447917,0.8773584905668144
2014-09-16,56.994706368895194,62.53722084366728,55.42514474772081,59.3,7566566.638799999,0.12478485370053163,0.3241379310351279
2014-09-17,56.408974358969544,59.35205128204621,54.10356410255948,57.39,4889012.778,0.09304347826088562,0.1869158878513651
2014-09-18,56.65457570715004,60.627753743755356,56.06595673876406,58.96,5377001.7984,0.08051948051949669,0.5053763440869845
2014-09-19,57.58100161550423,61.79903069466382,56.50197092083549,60.72,5100737.7768,0.0919931856899647,0.5925925925934075
2014-09-22,59.83956228955725,60.281001683496605,57.877609427604554,58.27,3197996.3268,0.0401639344262455,-0.6530612244874817
2014-09-23,58.66285237697593,60.47767306087903,57.387572977476445,58.81,3223013.7950999998,0.05267558528429715,0.04761904762061946
2014-09-24,58.8557919621703,62.975697399522225,58.16914105594498,62.24,5843695.0013999995,0.08166666666668228,0.704081632653936
2014-09-25,62.0973932253268,68.13055228276376,60.82209131074663,66.61,6633445.686,0.11769352290680718,0.6174496644301171
2014-09-26,65.86951201200706,68.37088588588075,64.83953453452966,65.33,3915770.1768,0.05361131794491393,-0.1527777777763451
2014-09-29,65.63103186645937,66.80827010621648,64.2575872534094,64.65,2800202.7664,0.0388639760837216,-0.3846153846133117
2014-09-30,64.64427575522349,65.47807900851545,61.79953524399211,63.32,3719033.6617,0.05690440060699487,-0.35999999999856647
2014-10-08,63.61707335328865,66.46193862274951,62.14559131736062,65.53,3403565.6776,0.06784888203548106,0.4431818181828521
2014-10-09,65.17993119265557,65.96464067277783,63.02198012231935,64.15,2862621.5688,0.045146726862317035,-0.3499999999982152
2014-10-10,63.765306122443974,64.15770800627439,61.80329670329185,62.49,2672517.9572,0.036923076923091935,-0.5416666666643535
2014-10-13,61.35522471909619,61.35522471909619,59.29533707864692,61.11,2452027.697,0.03357314148682635,-0.11904761904517687
2014-10-14,60.81528662419898,62.23757961782944,60.32484076432641,61.6,1724255.8912,0.03145161290324168,0.4102564102587597
2014-10-15,61.310975609751104,62.04670731706812,59.54521951219028,60.33,1433666.598,0.04080000000001556,-0.3921568627429784
2014-10-16,59.49081911262291,60.22648464163308,57.38191126279373,57.48,2029711.206,0.047815333882950915,-0.7068965517221653
2014-10-17,57.29044953349811,58.61480067853616,55.13224766751017,57.83,1582773.8985,0.060787671232893,0.15492957746615169
2014-10-20,57.635607321126656,59.20525790348926,57.3903494176325,58.96,1321591.187,0.03148936170214459,0.7297297297320258
2014-10-21,58.71341317364768,59.35106928998637,56.849495295119176,57.34,1227216.3169,0.04260651629074311,-0.549019607840959
2014-10-22,57.63430282292065,59.25296834901119,56.40804106073085,57.34,1758905.8066999998,0.049361702127676065,-0.1034482758603091
2014-10-23,56.40185676392074,58.06938992041927,55.322864721480514,55.47,1336357.4796000002,0.04869565217393002,-0.33928571428380394
2014-10-24,55.569482288823295,56.354223433237394,53.460490463210405,54.0,1055090.6121,0.05207413945279735,-0.5423728813540507
2014-10-27,53.857096774188726,55.23050179210974,52.434641577056226,54.74,1106795.9016,0.051912568306028584,0.31578947368585114
2014-10-28,54.788897370648456,57.87905004240392,54.59269720101319,57.83,1832503.7835,0.059982094897062806,0.9253731343295664
2014-10-29,58.17092799999535,61.3590479999951,58.17092799999535,61.31,4108477.375,0.05480607082632323,0.9846153846166127
2014-10-30,61.310975609751104,62.29195121950712,59.54521951219028,60.33,2669247.723,0.04480000000001543,-0.35714285714093996
2014-10-31,60.768124006354476,62.631875993635724,60.08147853735612,61.7,2964461.275,0.04196933010493906,0.36538461538639405
2014-11-03,60.81640566740784,66.21140939596822,60.57117822520055,65.77,5038757.0784,0.09274193548388601,0.8782608695659296
2014-11-04,65.53094988780362,67.44390426327095,64.01039640986806,65.58,3319686.1004999997,0.05239520958085283,0.014285714287141111
2014-11-05,65.23467230443515,71.12050739957215,64.54799154333583,69.6,6214169.3724,0.10075187969926189,0.6641791044782562
2014-11-06,68.36815286623718,69.59426751591863,67.191082802543,69.3,3153806.5329,0.035150645624117585,0.38775510204270025
2014-11-07,69.06048640915098,69.79621602288483,67.4909298998521,68.57,3460841.8272,0.03338068181819569,-0.21276595744458607
2014-11-10,68.27478260869054,68.66716641678646,64.4490404797553,65.43,3281742.3178000003,0.061781609195415935,-0.6744186046498418
2014-11-11,64.99229808492382,64.99229808492382,58.909999999995094,58.91,3757082.6553,0.09358490566039138,-0.9999999999990296
2014-11-12,57.38340248962179,60.179004149372595,55.078257261406215,59.1,2618349.0790000004,0.08888888888890475,0.33653846153935885
2014-11-13,58.958203799649475,58.958203799649475,55.67184801381211,56.8,1704325.872,0.055740432612328805,-0.6567164179087533
2014-11-14,56.502857142852335,58.70999999999501,56.20857142856665,57.68,1487414.6783999999,0.04427083333335033,0.47058823529589067
2014-11-17,56.554602784598146,60.87099918099419,56.554602784598146,59.89,2467319.5107000005,0.07632263660018983,0.7727272727282316
2014-11-18,60.12995850621907,60.32614107883317,58.51145228215282,59.1,1453597.284,0.03017944535075028,-0.5675675675645461
2014-11-19,58.66192013593384,59.34859813083607,57.435709430751274,57.73,799259.8581,0.03260869565219041,-0.4871794871766683
2014-11-20,57.72999999999509,57.72999999999509,57.72999999999509,57.73,0.0,1.732201628269648e-14,4.909850304102292
2014-11-21,57.72999999999509,57.72999999999509,57.72999999999509,57.73,0.0,1.732201628269648e-14,4.909850304102292
2014-11-24,57.72999999999509,57.72999999999509,57.72999999999509,57.73,0.0,1.732201628269648e-14,4.909850304102292
2014-11-25,57.72999999999509,57.72999999999509,57.72999999999509,57.73,0.0,1.732201628269648e-14,4.909850304102292
2014-11-26,57.72999999999509,57.72999999999509,57.72999999999509,57.73,0.0,1.732201628269648e-14,4.909850304102292
2014-11-27,57.72999999999509,57.72999999999509,57.72999999999509,57.73,0.0,1.732201628269648e-14,4.909850304102292
2014-11-28,57.72999999999509,57.72999999999509,57.72999999999509,57.73,0.0,1.732201628269648e-14,4.909850304102292
2014-12-01,57.72999999999509,57.72999999999509,57.72999999999509,57.73,0.0,1.732201628269648e-14,4.909850304102292
2014-12-02,57.72999999999509,57.72999999999509,57.72999999999509,57.73,0.0,1.732201628269648e-14,4.909850304102292
2014-12-03,57.72999999999509,57.72999999999509,57.72999999999509,57.73,0.0,1.732201628269648e-14,4.909850304102292
2014-12-04,57.72999999999509,57.72999999999509,57.72999999999509,57.73,0.0,1.732201628269648e-14,4.909850304102292
2014-12-05,57.72999999999509,57.72999999999509,57.72999999999509,57.73,0.0,1.732201628269648e-14,4.909850304102292
2014-12-08,63.5199999999951,63.5199999999951,63.5199999999951,63.52,141072.12,1.5743073047859907e-14,4.902744876744691
2014-12-09,69.8957446808461,69.8957446808461,64.99078014183935,69.16,8296988.067,0.0701754385965045,-0.1499999999989674
2014-12-10,69.30381780249866,74.06140472878482,62.73148122391774,70.53,9966577.974200001,0.16348195329088255,0.10822510822553179
2014-12-11,68.6699999999951,72.34874999999482,65.62889999999531,68.67,6646795.96,0.09785714285715587,7.295914159905829e-13
2014-12-12,66.46379690948739,68.52392935981837,66.46379690948739,66.66,3470885.4564,0.030996309963114338,0.09523809524042685
2014-12-15,62.58941086457057,66.07205049731705,61.902693190507875,64.11,3480673.7912,0.06661442006271096,0.36470588235403123
2014-12-16,64.10523809523325,66.70476190475686,64.10523809523325,64.89,2961135.5571,0.04055087987759729,0.3018867924546016
2014-12-17,64.742857142852,64.742857142852,61.40761904761417,61.8,3017305.494,0.051515151515166224,-0.882352941174735
2014-12-18,60.37761904761433,64.74285714285207,60.32857142856672,62.83,2934863.2320000003,0.07311129163283397,0.5555555555565429
2014-12-19,62.0942857142807,62.24142857142355,59.73999999999518,60.77,2174953.8573000003,0.040284360189588926,-0.529411764703708
2014-12-22,60.818521816557364,61.75041852181106,54.68762243988827,55.08,2635928.5092,0.11612903225807905,-0.812499999999191
2014-12-23,55.03540465115768,56.310734883715696,52.484744186041624,52.73,1299295.6325,0.06951871657755718,-0.6025641025626638
2014-12-24,52.23886424134408,55.77050576751945,52.23886424134408,55.28,1446403.7462,0.06760563380283467,0.8611111111122564
2014-12-25,55.428956521734314,56.459052173908134,54.74222608695176,56.41,1289452.565,0.030973451327451135,0.5714285714310913
2014-12-26,55.61718749999517,57.23567708332836,55.519097222217404,56.5,1100615.5007999998,0.03086419753088155,0.5142857142882753
2014-12-29,56.50285714285206,56.895238095232976,53.16761904761427,54.59,1604526.1764,0.06597222222223871,-0.5131578947353859
2014-12-30,53.99848314606236,54.43988764044434,52.28191011235466,52.38,925568.85,0.03996366939148,-0.7499999999973813
2014-12-31,51.74711090400264,53.80718546131838,51.59996272133722,52.63,812309.285,0.0426540284360376,0.40000000000203806
2015-01-05,52.533870967736966,53.367741935478826,50.03225806451139,51.7,1172162.2536,0.06349206349208152,-0.2499999999984573
2015-01-06,51.55256590509212,56.65386643233245,50.277240773282045,55.82,2560144.7164000003,0.12369172216937949,0.6692307692314349
2015-01-07,55.41948168006655,55.41948168006655,53.948168007144425,54.88,1315131.3822,0.026548672566389393,-0.36666666666308956
2015-01-08,54.68904847396278,55.71906642728404,54.34570915618902,54.64,1081588.6156,0.025112107623336117,-0.035714285710690366
2015-01-09,54.442857142852155,55.42380952380445,53.26571428570941,53.56,937775.5296,0.03963963963965734,-0.40909090908844414
2015-01-12,52.976842105258086,53.32021052631068,51.161894736837205,51.26,874501.144,0.040740740740758834,-0.7954545454519044
2015-01-13,51.25146641437547,53.213245033107555,51.25146641437547,51.84,625833.845,0.0382775119617414,0.3000000000023484
2015-01-14,51.595818181813485,54.58759090908595,51.39963636363169,53.95,1263972.6,0.06178707224336416,0.7384615384628487
2015-01-15,53.70382165604606,55.32229299362553,53.262420382160755,53.9,1244943.1337000001,0.03835616438357947,0.09523809524043389
2015-01-16,53.90570135746119,54.886696832574216,53.75855203619424,54.2,848991.0585,0.02092811646953571,0.26086956522150834
2015-01-19,53.80276937617639,55.56840264649758,50.614820415874235,51.89,1347939.7158,0.09206927985416448,-0.38613861386031895
2015-01-20,51.98676470587757,53.60522058823036,51.98676470587757,53.36,866612.4544000002,0.031132075471716723,0.8484848484873586
2015-01-21,53.41331850533333,55.669528469745934,53.21712633451484,55.13,1606905.9184,0.045913682277336464,0.7000000000017148
2015-01-22,55.667703150907485,60.57234660032665,54.53963515754107,59.15,3785433.0804000003,0.10837004405287959,0.5772357723584408
2015-01-23,59.10777113577633,59.10777113577633,57.243791631079645,57.44,2415927.8062,0.03153526970956005,-0.894736842102148
2015-01-26,57.87381756756268,59.345185810805795,57.38336148648164,58.07,1460314.8159999999,0.033898305084762395,0.1000000000024481
2015-01-27,58.219983726602266,60.57428803905122,57.827599674527434,60.28,3053487.4929,0.04717775905646126,0.7500000000015099
2015-01-28,60.23534109816471,60.23534109816471,58.81284525789861,58.96,1528020.7438,0.023615635179169255,-0.8965517241338568
2015-01-29,58.2651635111826,58.2651635111826,56.89191049913452,56.99,1262203.327,0.023569023569040448,-0.9285714285671792
2015-01-30,55.91619718309367,56.8481338028119,54.98426056337545,55.72,1340713.6752,0.033333333333350534,-0.10526315789205117
2015-02-02,54.88570666666179,56.210026666661676,54.00282666666187,55.18,607099.9500000001,0.040214477211813815,0.13333333333549396
2015-02-03,55.17903930130523,56.159999999995094,54.6395109170258,56.16,791841.8105,0.02755555555557303,0.645161290325379
2015-02-04,56.156178790529694,57.72560911480651,55.71477651182684,55.96,1019166.4161,0.03580786026202595,-0.0975609756072664
2015-02-05,56.157091882242966,56.79468331846058,54.93095450490142,54.98,971442.3455,0.03318777292578143,-0.631578947365443
2015-02-06,54.685169880619405,55.518934802566065,52.527190082639805,53.41,751168.2420000001,0.05470852017938942,-0.4262295081949414
2015-02-09,53.073793738484994,54.69249539594341,52.779484346219824,53.27,392803.9194,0.03604436229207001,0.10256410256660903
2015-02-10,53.460490463210405,55.177111716616245,52.9700272479516,54.0,567878.5143,0.04128440366974265,0.24444444444655533
2015-02-11,53.95525114154759,54.39670319634207,53.36664840182162,53.71,559173.4665,0.019090909090927116,-0.2380952380902538
2015-02-12,53.21382001836058,53.85140495867274,53.21382001836058,53.41,463774.4991000001,0.011981566820295154,0.30769230769952155
2015-02-13,53.55812781277646,55.07855085508056,53.50908190818601,54.49,728224.8368999999,0.029304029304047376,0.593750000002746
2015-02-16,54.74044365571831,55.62335403726215,54.44614019520369,55.28,1045967.2348999999,0.021505376344104002,0.45833333333710313
2015-02-17,55.42759226713045,56.163356766251646,54.98613356765773,55.82,774949.2086,0.021238938053114883,0.33333333333722287
2015-02-25,56.112808219173274,58.41814212328267,55.47516267122813,57.29,1539924.8384,0.052447552447569365,0.4000000000015314
2015-02-26,57.38619210977209,57.63143224699334,56.3071355059986,57.19,1049691.1502,0.023076923076940085,-0.14814814814433114
2015-02-27,57.481941422589344,60.277564853551446,57.481941422589344,58.61,2419110.678,0.048634812286705846,0.40350877193143114
2015-03-02,58.85572139302994,59.591417910442814,57.384328358204186,59.15,1511320.608,0.037500000000016444,0.1333333333354975
2015-03-03,59.34569037656408,59.54187447698248,58.16858577405371,58.61,1675378.2889999999,0.023140495867785268,-0.535714285710325
2015-03-04,58.61380316930286,59.54573811509095,58.41760633861064,58.81,1368884.9911,0.019246861924702978,0.1739130434824611
2015-03-05,59.49572621034562,59.740968280462454,58.1223706176913,58.76,1339233.6576,0.027205276174789652,-0.45454545454214745
2015-03-06,58.75485294117167,61.403235294112626,57.381617647054135,60.03,2699881.3296000003,0.068447412353939,0.31707317073284863
2015-03-09,59.10475206611083,59.98764462809422,57.9275619834663,59.35,1612860.667,0.03485477178424864,0.11904761904993884
2015-03-10,58.85294117646578,60.6675735294068,58.65676470587756,60.03,1881047.9736000001,0.03416666666668293,0.5853658536606894
2015-03-11,60.33149999999497,60.33149999999497,58.7618999999951,58.86,1424917.32,0.026016260162617724,-0.9374999999962769
2015-03-12,58.85762426284256,59.29905644481388,57.582375737147636,58.22,1113589.3915,0.029166666666683175,-0.3714285714255024
2015-03-13,58.4619095477338,59.835175879391976,58.21668341708055,58.56,789062.8997999999,0.0276845637584059,0.060606060609050896
2015-03-16,58.710935192776155,60.035242001635766,58.710935192776155,59.79,1792220.2439,0.022556390977460223,0.8148148148179012
2015-03-17,60.0388180404308,65.7778227060602,59.6954587869316,63.08,4926641.3088,0.10130718954249851,0.5000000000007233
2015-03-18,62.53384615384134,64.7409230769181,62.28861538461059,63.76,3074644.56,0.03921568627452522,0.5000000000017968
2015-03-19,63.75869726128322,66.94663212434737,62.33638786083921,66.26,4375188.776699999,0.07230769230770676,0.5425531914903093
2015-03-20,66.26721175583525,67.1010700828887,64.69759608138172,65.09,2807917.9337999998,0.03626943005182803,-0.4897959183651011
2015-03-23,65.18905120481436,66.12102409638057,64.55138554216381,65.14,2832816.56,0.024078254326576343,-0.03124999999685066
2015-03-24,65.18669201520416,66.70722433459568,62.34182509505229,64.5,2975362.395,0.06696764484576288,-0.1573033707853553
2015-03-25,65.18956752655045,65.3857738998433,63.32560698026835,64.65,2861626.1794,0.031602708803626534,-0.261904761902255
2015-03-26,64.20106336488972,68.07568827384793,63.759650400578025,67.34,5688686.5063000005,0.06722689075631719,0.7272727272736935
2015-03-27,67.04420895521888,67.09325373133828,65.2295522388011,65.72,2716474.9340000004,0.02779809802488649,-0.7105263157864615
2015-03-30,65.7261976047855,65.8242964071807,64.69616017963587,65.53,2388063.26,0.017164179104492614,-0.17391304347375533
2015-03-31,66.01382222221733,67.04375555555058,64.24822222221745,66.21,3822731.8200000003,0.042347696879657885,0.07017543859821972
2015-04-01,66.11291545189023,68.02567784256064,65.52437317783779,67.29,3990069.0592,0.03783382789318966,0.4705882352958899
2015-04-02,67.33904518949947,67.87854227404753,66.06387026238586,67.29,3312288.1624000003,0.02694828841953368,-0.027027027024310195
2015-04-03,66.51040454222381,71.12100780695023,65.97086586230901,69.11,4988226.4809,0.07743362831859789,0.5047619047627595
2015-04-07,68.27288135592738,69.59713983050355,67.92955508474095,69.45,3928489.512,0.024425287356336162,0.7058823529436952
2015-04-08,69.54555473915727,70.2321822189515,65.86719324025967,66.75,3315014.5116999997,0.06276445698167793,-0.6404494382009749
2015-04-09,66.75831018518004,66.75831018518004,60.43074074073608,63.57,2979597.5712,0.09478324761206358,-0.5038759689913933
2015-04-10,63.17106508875273,66.65332100591223,62.38633136094213,66.31,2969216.8375999997,0.0675465838509465,0.7356321839090222
2015-04-13,66.65760790050719,68.42337234820275,65.57852962691545,67.05,2903153.2635,0.04267844002944793,0.13793103448443506
2015-04-14,66.95320197043864,71.02434904995981,65.97220267416847,69.7,5785129.301700001,0.07545787545788923,0.5436893203892129
2015-04-15,69.15360902255118,69.98737593984436,64.64145864661168,65.23,3000074.4830000005,0.07730496453902036,-0.7339449541273837
2015-04-16,64.5504446119017,66.51246420496862,62.833677467968144,65.09,2108524.707,0.056990881458981214,0.14666666666795977
2015-04-17,65.23659793813952,68.37580265095225,65.23659793813952,66.61,3286925.0637999997,0.048120300751894274,0.43750000000142353
2015-04-20,65.62827309236509,73.2799999999951,64.74538152610009,73.28,9290159.7714,0.13004484304934058,0.8965517241384003
2015-04-21,74.89755865567058,80.58722257450344,73.2789473684164,77.35,14812281.907399999,0.09757694826458314,0.3355704697992827
2015-04-22,75.87895587320848,79.26334369172909,75.48656308265537,78.92,10917130.486299999,0.049773755656121126,0.8051948051958849
2015-04-23,78.22708465944758,78.47231063016686,75.92196053468643,77.05,6402594.004500001,0.03260188087775535,-0.4615384615363526
2015-04-24,76.60814674256315,82.15022137886893,75.62724857684532,77.54,7556535.2682,0.08514724711908997,0.14285714285787382
2015-04-27,78.37569172456865,81.85796588755011,76.61003158559213,77.64,6978170.6271,0.0669586983729782,-0.14018691588689083
2015-04-28,76.95923854446922,77.00828840969831,71.26945417789277,72.79,4572263.9536,0.0745697896749642,-0.7264957264947458
2015-04-29,72.34385272846335,75.53188691649733,70.92149901380205,74.6,3019174.6572000002,0.06372881355933482,0.4893617021286195
2015-04-30,74.79810252995507,76.76001997336374,73.57190412782467,73.67,2732866.7704,0.04262295081968499,-0.35384615384450346
2015-05-04,73.72310126581812,77.54905063290649,71.61392405062837,77.5,4180009.29,0.08050565535596738,0.636363636364355
2015-05-05,77.83659699542274,79.50417374264667,73.61860875244457,75.09,3559575.6124000004,0.07561436672969053,-0.4666666666657529
2015-05-06,75.14280279010303,79.65529486366012,73.67133798350832,77.35,4604384.7201,0.0796344647519703,0.36885245901715163
2015-05-07,77.50030618493098,82.40538885486332,76.56834047764383,80.1,8849627.9015,0.07531645569621452,0.44537815126126307
2015-05-08,79.45381773398528,79.94427339900989,73.61739532019253,79.65,6506787.9072,0.07962962962964137,0.031007751938752482
2015-05-11,79.8454861111065,86.515624999995,78.12890624999548,84.75,7780329.6768000005,0.10503685503686627,0.5847953216379411
2015-05-12,83.62345679011878,87.98855218854726,82.93681257014126,87.4,7678376.5806,0.06041055718476198,0.7475728155348011
2015-05-13,87.30817972349729,89.27016129031746,84.31615783409654,85.15,6043294.2808,0.05674157303371871,-0.43564356435535906
2015-05-14,84.1147439670345,86.56706886403258,83.18286050617523,83.33,4194820.2963,0.0402332361516147,-0.23188405796950293
2015-05-15,83.37673611110628,86.31944444443945,82.83723958332854,84.75,4150775.4048,0.04176470588236451,0.39436619718439414
2015-05-18,84.75289340101045,88.18617033276435,82.88911449520118,86.96,5102678.3976,0.06250000000001119,0.4166666666675109
2015-05-19,86.86188926940146,87.49949771688999,84.60573630136504,85.93,3688920.6215999997,0.03331451157539227,-0.32203389830328455
2015-05-20,85.83141872486584,89.26467547386046,85.19381390005256,85.39,5507800.0922,0.047428571428582304,-0.10843373493852977
2015-05-21,86.8664684014824,93.09574083908164,85.44403611258178,92.36,7202405.140699999,0.08808582721627248,0.7179487179492628
2015-05-22,92.20711206896057,92.20711206896057,89.65670258620209,91.03,5329847.1744,0.027659574468095638,-0.4615384615363651
2015-05-25,90.53786625829044,97.55136294027068,89.31173047472745,96.08,6852617.262,0.09100758396534048,0.67261904761956
2015-05-26,96.72547528516651,104.5243346007555,96.72547528516651,103.2,8052168.7456,0.08062880324544562,0.8301886792458051
2015-05-27,103.24141221373554,107.80267175572006,98.33683206106402,102.8,8642442.2496,0.09168646080760977,-0.04663212435181
2015-05-28,101.03393425238066,103.9276246023275,92.49999999999511,92.5,6649716.7002,0.11310679611651374,-0.7467811158793344
2015-05-29,90.73809523809047,95.83904761904257,86.22571428570974,92.7,5764845.303,0.10594594594595586,0.20408163265354734
2015-06-01,92.74859374999534,98.58523185483376,91.27717237902768,97.31,4844121.1071999995,0.07879428873612845,0.6241610738260873
2015-06-02,97.50666666666189,100.79285714285221,95.64285714285245,99.91,5919629.961,0.05281690140846059,0.4666666666675251
2015-06-03,99.96103324807673,100.40247058823016,93.92805626597986,95.89,4279737.2245000005,0.06476938174681984,-0.6287878787870256
2015-06-04,95.64239401495783,99.2719002493716,88.28528678303799,98.34,4283492.426,0.11487179487180404,0.24553571428613824
2015-06-05,99.07795059468897,107.6614364135358,98.34222323878782,107.22,8871242.2508,0.0940594059406032,0.8736842105267483
2015-06-08,106.92132247244336,106.92132247244336,101.03574508863915,102.36,5860602.3716,0.055045871559641836,-0.774999999999035
2015-06-09,100.9395308760124,105.30474868357561,99.02668262325999,102.46,4445425.0062,0.06219630709427541,0.2421875000007428
2015-06-10,100.83955917584566,104.91041686631026,98.87770004791092,102.36,4556126.5695,0.05982490272374483,0.2520325203259751
2015-06-11,101.4353999999954,109.87199999999501,100.79774999999543,107.91,8634292.040000001,0.08945841392650794,0.7135135135139747
2015-06-12,108.00196512122041,118.69425776264913,105.10817949808144,115.31,10081192.854600001,0.12579473206177014,0.5379061371844378
2015-06-15,115.31426458156741,122.13207945899738,112.86181318680843,116.05,9856630.8386,0.080391322841352,0.07936507936559814
2015-06-16,116.09523280648801,119.08712516018288,112.80905595898707,114.82,8758323.6045,0.05407689057879989,-0.2031249999991907
2015-06-17,112.81425485960636,115.75723542116133,104.2305615550711,113.55,7655717.500999999,0.10217391304348628,0.06382978723446167
2015-06-18,112.31859001258447,123.55044901384292,110.35669324380571,116.88,9392669.5645,0.1174672489083048,0.3457249070635418
2015-06-19,111.88002212388885,122.62168141592377,108.88805309734032,110.85,9264817.568,0.12275317843052072,-0.07499999999963747
2015-06-23,110.35931174088623,121.6404858299546,100.05910931173683,121.15,10460700.705,0.19555555555556298,0.5000000000002037
2015-06-24,124.08908179011867,130.85757716048877,120.16531635802005,127.13,16710961.737600002,0.08616600790514571,0.2844036697252023
2015-06-25,128.01163287085993,139.83186410529564,125.21597652080666,137.87,25554973.0332,0.11417624521073479,0.674496644295591
2015-06-26,129.97569169959962,136.10662055335433,124.08999999999511,124.09,15432037.081999999,0.09245283018868629,-0.48979591836689873
2015-06-29,127.52217830478142,130.12166886253274,111.6799999999951,111.68,14602344.3027,0.14461538461539147,-0.8590425531911766
2015-06-30,104.4714285714241,116.78238095237595,100.49857142856712,114.33,13812896.676599998,0.15586854460094704,0.6054216867472513
2015-07-01,107.80467111534284,111.33603431839319,102.89999999999512,102.9,11075451.725399999,0.07825295723385747,-0.581395348836562
2015-07-02,94.07139830507977,98.09322033897786,92.59999999999509,92.6,10081831.4528,0.058394160583951686,-0.2678571428562028
2015-07-03,83.32999999999511,88.52892878163107,83.32999999999511,83.33,3701462.9772999994,0.06238964096528501,9.402964009232427e-13
2015-07-06,90.73348593851597,90.78253106605031,74.98999999999509,74.99,4746828.3577,0.17405405405406324,-0.9968944099375141
2015-07-07,67.48999999999509,67.48999999999509,67.48999999999509,67.49,178990.08,1.481700992739751e-14,4.902744876744691
2015-07-08,60.71999999999509,60.71999999999509,60.71999999999509,60.72,96229.74,1.6469038208169703e-14,4.909850304102292
2015-07-09,54.6367107195261,66.7999999999951,54.6367107195261,66.8,12004680.258,0.22262118491922406,1.0000000000003209
2015-07-10,63.7590120160171,73.4699999999951,62.28765020026286,73.47,10685185.315,0.1753846153846284,0.8684210526319396
2015-07-13,77.00430825242252,80.8299999999951,73.57099514562661,80.83,9771747.2784,0.09426751592357854,0.5270270270276295
2015-07-14,81.76469661609792,88.77870478412551,81.42135355892174,84.07,12268245.6944,0.08998200359929127,0.3133333333339553
2015-07-15,80.43860103626423,81.95908678755947,75.68095207253397,75.73,6752020.3888,0.07804878048781635,-0.7499999999991002
2015-07-16,72.83318425759852,82.74045915324493,68.37000596302514,82.25,9197687.616,0.19730639730640856,0.6552901023893736
2015-07-17,82.88785907858629,90.48999999999509,82.88785907858629,90.49,11732003.342999998,0.09171597633137193,1.0000000000005134
2015-07-20,90.74137015400476,98.58927243759436,87.79840679765864,92.36,15706804.7941,0.11891891891892882,0.15000000000043892
2015-07-21,88.77619047618573,95.64285714285202,86.22571428570966,91.67,10523874.366600001,0.10607734806630856,0.30729166666715396
2015-07-22,93.48934815562944,99.57155128852455,92.50834765032378,97.07,14860653.5649,0.07555089192026179,0.5069444444450645
2015-07-23,96.28234852277937,99.91194291436658,92.99609414120718,97.95,12202237.9468,0.07182883341824706,0.24113475177372176
2015-07-24,98.83095238094764,106.335238095233,97.11428571428107,101.97,15005109.111299999,0.0933002481389669,0.3404255319153879
2015-07-27,98.0972741849226,106.43554249064101,91.7699999999951,91.77,12167585.6146,0.14950000000000857,-0.4314381270899373
2015-07-28,83.37819420783174,95.6396933560423,82.59345826234627,86.37,9278569.5288,0.15647058823530427,0.22932330827103395
2015-07-29,86.81863706762587,95.0099999999951,81.03072792978415,95.01,9450666.1951,0.16101694915255213,0.5859649122810109
2015-07-30,96.08287443267294,103.97942511345923,94.07195158849756,97.26,13095967.3821,0.10311383358857486,0.11881188118860021
2015-07-31,95.14930671103188,99.07298946200227,87.54717138102677,88.43,6903893.9844,0.12113402061856579,-0.5829787234037793
2015-08-03,85.44600121728027,85.5931527693192,79.60898965306882,80.59,6061620.7802,0.07003444316878228,-0.8114754098351139
2015-08-04,79.261804095181,88.62999999999509,79.261804095181,88.63,7299215.677,0.11819306930694176,1.0000000000004166
2015-08-05,88.8713804713755,92.30460157126306,84.84960718293577,87.4,8563085.229600001,0.08388520971303447,-0.19736842105194916
2015-08-06,83.67666082895016,87.89482778750218,83.38237011091167,84.02,3857137.2614999996,0.05392731535757288,0.07608695652280896
2015-08-07,84.84957410561701,86.66427597955219,84.16293015331722,86.37,4513955.8032,0.029479768786138786,0.6078431372566092
2015-08-10,87.30913784201924,95.0099999999951,87.30913784201924,95.01,9414041.5928,0.08820224719102178,1.0000000000005067
2015-08-11,97.1100449775064,101.52413793102941,93.23545227385843,98.14,12096598.676700002,0.08535353535354463,0.12426035503016114
2015-08-12,107.94999999999511,107.94999999999511,103.48682417082675,107.95,8378552.422600001,0.041344843253075726,1.0953039291170583e-12
2015-08-13,107.46468130921157,116.58765288543857,100.59792850990094,113.89,22192554.474,0.1487905066179905,0.40184049079782747
2015-08-14,110.84578723403784,120.16468085105872,108.98200851063366,115.26,18365218.51,0.1008849557522205,0.3947368421056663
2015-08-17,112.81046312177904,119.92242710119555,112.07474271011527,114.38,14548419.863999998,0.06956521739131258,0.20000000000059925
2015-08-18,112.5141972367741,112.66133873272453,102.94999999999511,102.95,10987755.9925,0.08631211857019125,-0.984848484847881
2015-08-19,93.73086625416022,105.45335554497356,93.19133745834873,103.05,10815262.8639,0.13082155939299728,0.760000000000338
2015-08-20,100.94051551814302,102.60814308258271,93.19095213045274,93.24,6424076.1041,0.0932944606414085,-0.8177083333327236
2015-08-21,91.6709309623383,97.99813807530869,89.41471757321709,93.78,7088472.1288,0.09363295880150799,0.2457142857148285
2015-08-24,88.2847181870954,93.18942475304513,84.4099999999951,84.41,3729722.8035000004,0.09944444444445459,-0.4413407821222967
2015-08-25,75.9799999999951,78.43255003227382,75.9799999999951,75.98,2477434.1985,0.032278889606210164,1.9990396983613974e-12
2015-08-26,75.77593256814379,78.52250358679495,68.3699999999951,68.37,5360327.8476,0.13398058252428335,-0.7294685990332618
2015-08-27,69.74339052847839,72.19568977350224,62.68076870280969,71.46,5961238.5704,0.13642756680732604,0.1804123711345177
2015-08-28,73.17594510292744,78.6199999999951,71.85171553337045,78.62,7545215.522600001,0.09249329758714368,0.804347826087563
2015-08-31,81.32343828714852,83.04015743072524,76.76187027707326,77.89,8049715.396400001,0.07720144752715238,-0.5468749999991306
2015-09-01,78.03582225331854,78.08487053883289,70.08999999999509,70.09,3780892.2132,0.1024512884978118,-0.9938650306741069
2015-09-02,63.079999999995096,72.25259720061648,63.079999999995096,63.08,3685769.235,0.1454121306376498,5.344990921886364e-13
2015-09-07,63.316425041180935,66.99476112025806,58.36293245469041,59.54,3174875.9874,0.13632842757553643,-0.4374999999993802
2015-09-08,59.40080542264279,63.37393939393434,53.95614035087289,61.51,3348931.2713999995,0.15854665565649642,0.22395833333383025
2015-09-09,61.79593679457775,65.96471030849767,59.88320541760273,65.18,4485967.335299999,0.0984126984127128,0.556451612903942
2015-09-10,63.27519142419118,67.68973966308823,61.9998774885098,64.06,3908303.603,0.08992248062016939,0.13793103448359612
2015-09-11,64.05521874999499,65.47757812499488,61.4066874999952,62.78,2622307.328,0.06355283307811563,-0.31325301204691025
2015-09-14,64.24913194443886,65.03385416666102,56.49999999999509,56.5,2718847.5264,0.13282442748092954,-0.9080459770108121
2015-09-15,53.85176470587716,56.00975891995603,50.85999999999509,50.86,1838122.3207999999,0.09562841530056337,-0.5809523809513149
2015-09-16,51.987379491669415,55.9599999999951,50.17272567922436,55.96,2703358.5208,0.11132075471699814,0.686440677966831
2015-09-17,55.82059620595702,60.72574525744709,54.00569105690569,54.3,3428628.075,0.12038664323375915,-0.22627737226201053
2015-09-18,54.83384076989897,56.79569553805278,53.70577427821053,56.06,2131193.5659,0.05635062611808531,0.39682539682685386
2015-09-21,55.37219570405287,61.649999999995096,55.02887828161854,61.65,4289925.8016,0.11957484499558713,0.9481481481487466
2015-09-22,63.268591224013605,65.03422632793956,61.65009237874814,63.71,4786915.6725,0.053488372093038174,0.13043478261010685
2015-09-23,62.19322603218599,70.08999999999509,61.31035689292783,70.09,6413029.9034,0.14116719242903578,0.8994413407825803
2015-09-24,70.03863999999531,76.02233333332825,67.68439999999548,73.57,8095757.85,0.11904761904763157,0.42352941176524517
2015-09-25,73.52095333332842,77.93515333332813,71.65717999999521,73.57,7378981.2,0.08539026017346155,0.007812500000780601
2015-09-28,74.9499999999951,76.76488874345048,71.12401832460267,74.95,5251448.124799999,0.07526178010472455,8.691468714406744e-13
2015-09-29,72.78465480426527,73.8636725978595,67.5857508896749,68.91,4393275.8135,0.08625336927224977,-0.6171874999991194
2015-09-30,71.36652652004713,75.8299999999951,69.2083635187536,75.83,8121987.063200001,0.09278350515465202,0.6740740740747118
2015-10-08,77.49383177569611,81.85899065420051,76.9052710280326,78.72,8147641.7415000005,0.0639240506329234,0.2475247524761873
2015-10-09,77.15190476189998,83.82238095237577,76.80857142856668,79.31,6408336.2574000005,0.09090909090910267,0.3076923076929644
2015-10-12,78.72142857142384,83.38095238094738,78.72142857142384,81.37,7581167.1389999995,0.05919003115265999,0.5684210526325063
2015-10-13,79.75096464948595,82.0071420011934,79.1133493109599,81.86,5116005.2273,0.036285362853640576,0.7288135593234718
2015-10-14,81.8144090056234,85.14976860537304,77.49806128830035,78.43,5406116.0244,0.09352517985612618,-0.4423076923069929
2015-10-15,77.54886792452359,80.83525258672668,75.43969567863206,80.59,4794220.4382,0.0695762175838197,0.5636363636371672
2015-10-16,80.39141126589459,83.18720775287201,79.704724409444,80.98,6117012.6199,0.04331909701038409,0.16901408450840213
2015-10-19,80.93151969980732,80.93151969980732,76.81136960599895,78.43,5018002.9068,0.050909090909102686,-0.6071428571415178
2015-10-20,78.52702877274936,84.31477980034737,78.47798003522733,83.53,8585669.5613,0.07432854465959955,0.8571428571435492
2015-10-21,82.39999999999462,82.54714285713746,75.1899999999951,75.19,5813203.1454,0.08928571428572518,-0.9799999999992015
2015-10-22,72.83867304243438,82.64859533771175,72.64247459652884,82.06,6848245.6525,0.13737373737374933,0.921568627451378
2015-10-23,80.44185207455921,84.26774503908092,78.67605532170303,81.57,6134998.5775999995,0.0695121951219627,0.2017543859657517
2015-10-26,82.59794423181614,89.70999999999509,80.09646254783596,89.71,11202103.186299998,0.11638954869359755,0.7397959183677795
2015-10-27,90.24398340248493,96.86514522821074,86.320331950203,94.56,13047681.196,0.11684782608696617,0.409302325581824
2015-10-28,91.72448639644134,95.55042754025013,86.62323153802963,88.34,8299454.107700001,0.09732620320856604,-0.3791208791202877
2015-10-29,88.77240811848115,92.59795940756486,86.07490400438365,89.41,5831783.3805,0.07348066298343577,0.0977443609029906
2015-10-30,88.28620296464722,88.67858608893452,85.14713797034864,86.03,3979938.6068,0.04000000000001084,-0.6388888888873266
2015-11-02,84.35938461537943,86.46836923076391,78.03243076922598,79.7,4034385.2249999996,0.10000000000001052,-0.5523255813947027
2015-11-03,80.92518472905908,81.75895935960091,77.24676724137458,79.65,3617640.4263999993,0.05575757575758742,-0.282608695651029
2015-11-04,80.68379088784575,84.11714369158386,80.09521612149064,83.97,4794532.6976,0.049848024316121245,0.817073170732725
2015-11-05,83.86763678695672,87.64413271245125,82.78863795110112,84.26,5433666.0044,0.057894736842116545,0.08080808080907081
2015-11-06,83.52900335945782,90.00335946248097,83.38185890257093,87.6,6906154.450800001,0.079271873165014,0.6148148148154603
2015-11-09,85.83661417322352,89.17197975252591,83.38413948255999,87.21,6575933.533400001,0.06742857142858226,0.237288135594025
2015-11-10,86.32568550643055,89.66099608281536,84.85422495802547,87.65,5261569.533000001,0.05568181818182921,0.27551020408259447
2015-11-11,87.79190848213794,89.21423549106645,86.71290178570943,87.89,4004881.8432,0.028491620111743023,0.03921568627646164
2015-11-12,88.77939458310736,94.27292618162006,87.70030801911378,92.36,8925243.7512,0.07403314917128112,0.5447761194036453
2015-11-13,90.69152504220087,92.5553854811428,85.83567810916794,87.16,5847639.1159,0.07409410492158947,-0.5255474452546672
2015-11-16,89.02614628820474,93.09731441047528,87.30938864628345,89.86,7082951.68,0.06501377410469372,0.14406779661099275
2015-11-17,88.8770826580179,94.17439222041631,88.2884927066403,90.79,8824178.8245,0.0662251655629243,0.32500000000077817
2015-11-18,90.78614293816844,91.47280204196873,85.88143505388058,86.47,4442518.821599999,0.06158833063210093,-0.771929824560394
2015-11-19,86.13135830072186,88.24049748462335,85.39561207377947,87.75,3097930.795,0.033029612756275285,0.5689655172429036
2015-11-20,87.79334811529448,90.7361419068686,87.25383592017255,88.48,4128320.6843999997,0.039664804469284796,0.1971830985928989
2015-11-23,89.01946651531846,89.26469920544329,85.83144154369548,86.42,3191400.6512,0.038567493112958436,-0.7571428571412114
2015-11-24,86.2223657142808,86.27141142856651,82.39679999999531,85.83,3547790.575,0.044937428896484256,-0.10126582278352156
2015-11-25,87.99432937181167,89.024363327669,86.22855687605625,86.67,3908805.6147000003,0.03177257525084715,-0.47368421052439624
2015-11-26,85.78381623449349,88.77570462231746,84.85191657271227,87.01,4858745.623,0.045740423098924815,0.31250000000116823
2015-11-27,88.38224650879853,88.67652701881671,78.81812993320713,80.78,4462135.0794,0.11154273029967686,-0.771144278606392
2015-11-30,78.67143564355949,81.3690222772227,72.93293316831233,79.26,3601739.6688,0.10723192019951257,0.06976744186103856
2015-12-01,79.45571955719068,82.15329028289777,78.32764452644045,79.75,2384501.358,0.048148148148160014,0.0769230769243415
2015-12-02,79.36147355163227,79.85196473551134,73.37748110830772,77.89,1985689.0332000002,0.08158220024723041,-0.22727272727193293
2015-12-03,77.98383900928312,79.35713931888054,77.93479256965463,79.21,1633384.6755,0.018238993710704293,0.8620689655200712
2015-12-04,79.46145251396156,80.5405586592129,78.38234636871023,79.02,1922911.5096,0.02716049382717293,-0.20454545454309334
2015-12-07,79.31334782608204,79.95099378881491,76.51751552794555,78.97,2481131.072,0.04329004329005551,-0.09999999999854418
2015-12-08,78.9686375321286,78.9686375321286,76.27095115680743,76.32,1721786.6652,0.03416149068324212,-0.9818181818159986
2015-12-09,75.77810102301305,78.91712915600517,75.04239130434303,76.71,2328317.8852,0.0511326860841548,0.24050632911512862
2015-12-10,76.8041501976234,77.44173254281439,74.20477602107549,74.45,1935413.1126,0.0421455938697441,-0.7272727272709899
2015-12-11,73.61718235680884,75.18663594469551,73.61718235680884,74.5,1098293.9625,0.021319120586289195,0.5625000000027688
2015-12-14,73.76808290154963,75.92619170983966,72.88522020724918,75.73,1703068.5928,0.0412234042553322,0.6451612903239798
2015-12-15,76.02798742137887,79.7558113207497,76.02798742137887,77.99,2745936.9960000003,0.049032258064528614,0.5263157894748574
2015-12-16,78.43145283018374,79.16720754716484,76.86184276729075,77.99,1939667.2349999999,0.029393370856798044,-0.191489361699917
2015-12-17,78.47995064774346,80.63814929055641,78.18565083281442,79.51,2944118.7180999997,0.031250000000012504,0.4200000000018276
2015-12-18,79.2647501542209,80.49099938309189,78.47995064774346,79.51,2362753.39,0.025371287128725144,0.12195121951457169
2015-12-21,79.84952380951896,80.97761904761414,79.0647619047571,80.34,2418256.8774,0.02395577395578629,0.2564102564126757
2015-12-22,80.92808850644863,80.92808850644863,78.4757221880714,79.8,1761868.7007,0.030303030303042273,-0.45999999999781777
2015-12-23,80.05056839474828,80.05056839474828,78.48094940661596,78.53,1794251.2666000002,0.019607843137267152,-0.968749999996259
2015-12-24,78.134291115307,78.57572778827482,75.09328292375079,77.84,1633112.9829,0.04456999372254815,-0.08450704225208994
2015-12-25,77.88574613002615,79.45523219813751,77.54242105262679,79.21,1490654.8514999999,0.024559193954672452,0.6923076923098854
2015-12-28,78.5222888459008,79.99366215344422,76.02095422307697,76.07,1748747.0714999998,0.050593379138050835,-0.6172839506158952
2015-12-29,76.41381562099383,77.29664532649953,75.7762163892397,76.61,874121.9101999999,0.019897304236213043,0.12903225806765523
2015-12-30,76.02848101265342,78.23575949366592,76.02848101265342,77.5,1301366.8420000002,0.029032258064528773,0.6666666666685901
2015-12-31,77.00717981888246,77.84101552392768,75.53570504527325,75.83,935870.327,0.029936305732496556,-0.5106382978699908
2016-01-04,77.54587737843005,78.87019027483586,68.76617336151735,69.6,1593666.8384999998,0.13029728020241466,-0.7864077669897289
2016-01-05,66.4630763936637,73.33011011699426,63.863413626974264,71.27,2175182.4104999998,0.14243542435425652,0.5077720207258525
2016-01-06,71.26666438355676,72.68905479451557,69.59903424657057,71.61,1888572.926,0.043358568479022495,0.11111111111266332
2016-01-07,70.14274867121715,70.24085041761046,64.50189825360178,64.6,319306.65,0.08181818181819497,-0.965811965810943
2016-01-08,66.70426026335656,67.63615801703581,58.85670023237344,63.32,1539430.0993,0.13161764705883655,-0.385474860334592
2016-01-11,62.28683304646624,62.77728055076913,56.98999999999509,56.99,1187239.802,0.09291338582678632,-0.9152542372871288
2016-01-12,58.068984509461444,58.85370051634605,53.998270223747504,56.99,1116277.6239999998,0.08361486486488062,-0.22222222222116686
2016-01-13,57.19403794037424,58.76368563685106,54.10379403793549,54.3,1028624.6214000001,0.08147512864495608,-0.6210526315777616
2016-01-14,52.3876345004225,58.126729291199126,51.504696840303026,57.44,1418516.3778000001,0.1264044943820391,0.7629629629635903
2016-01-15,57.43043927648085,59.539328165369554,56.400516795860774,56.94,1746161.2988999998,0.05465414175919675,-0.15624999999838987
2016-01-18,55.51919597989485,58.854271356778995,55.17587939698031,58.56,1201531.9908,0.06625441696114757,0.8266666666677741
2016-01-19,57.485147881690054,63.71434052757285,57.239904076734035,61.36,1731405.5172,0.11262798634813838,0.5984848484855123
2016-01-20,60.480515126732584,62.88403924774629,59.842845461973845,59.99,1304258.0768000002,0.05028386050285433,-0.16129032257897805
2016-01-21,58.901675438591326,60.274903508766634,55.6647807017495,55.91,983993.508,0.07826810990842523,-0.6489361702115631
2016-01-22,56.98912013535897,59.24514382402206,55.419712351941165,57.97,1323780.9000000001,0.0671256454389148,0.2564102564114718
2016-01-25,57.871912013531485,58.70565989847219,57.13625211505439,57.97,1083150.9948,0.0271186440678134,0.06250000000308299
2016-01-26,57.28344892220644,58.75477038424941,52.182867853790796,52.33,1150455.1916,0.11472602739727572,-0.7537313432827213
2016-01-27,52.37918845806561,56.40081154192458,47.867123534711645,54.39,1334969.7291,0.16292134831462274,0.2356321839085928
2016-01-28,50.47049098195887,51.69669338676837,48.9499999999951,48.95,1268724.3662,0.05442176870750162,-0.5535714285694403
2016-01-29,46.69378757514562,50.32334669338173,45.02615230460471,48.95,1922209.4768,0.11344537815127945,0.4259259259267724
2016-02-01,47.77491266375024,47.82396288209085,44.145196506545396,44.93,1325881.3292,0.07700205338810967,-0.7733333333317898
2016-02-02,44.92669491524948,47.13379237287636,44.73050847457153,46.3,1478686.5087999997,0.053493449781680406,0.5714285714303741
2016-02-03,45.125701943839616,45.665248380124666,44.04660907126954,45.42,1332434.3639999998,0.0358695652174128,0.1818181818211024
2016-02-04,46.00352112675594,48.94617706236932,45.61116700200749,48.75,2026626.4423999998,0.0724946695096149,0.823529411765929
2016-02-05,49.04663212434724,49.04663212434724,47.2319067357464,47.33,1091178.4785000002,0.0370000000000195,-0.9459459459427219
2016-02-15,45.61382198952402,47.183329842926995,44.14240837695873,46.84,725955.9515000001,0.06666666666668712,0.4032258064530943
2016-02-16,47.33548864757677,50.18052319841558,47.09022704836652,49.69,1551283.8880000003,0.06528497409328406,0.7619047619061016
2016-02-17,50.470879712742324,54.6399999999951,49.88229802513017,54.64,1456252.3262,0.0942662779397654,0.876288659794661
2016-02-18,57.38471223021067,58.75802158272853,54.294766187045475,54.54,3677989.0391999995,0.07777777777779392,-0.6373626373613952
2016-02-19,53.36659498207407,55.52480286737854,53.36659498207407,54.74,2115273.7656,0.0404411764706063,0.6363636363656147
2016-02-22,55.133218291625965,57.88006902501658,55.03511647971916,56.85,2526262.4485,0.051601423487561665,0.6034482758635794
2016-02-23,56.35905052264317,57.09480836236437,54.93658536584887,56.31,1949840.0012,0.038294168842488895,-0.022727272724987767
2016-02-24,56.20903117101465,60.37811288963266,55.620454928386216,58.22,3198418.6238999995,0.08464223385690989,0.42268041237207343
2016-02-25,57.725898876399086,57.82398876403953,52.37999999999509,52.38,2123841.7812,0.09430756159729692,-0.9819819819808996
2016-02-26,52.482420749274496,54.19913544668067,48.8527953890443,51.06,1462995.8954999999,0.10186915887852167,-0.26605504587059203
2016-02-29,50.131331203402546,50.131331203402546,45.96189563364793,46.06,1582636.7988000002,0.08317025440314947,-0.9764705882338829
2016-03-01,46.20514811031193,48.5595505617928,44.34124616955625,48.02,1338623.9999,0.09129511677284348,0.4302325581405959
2016-03-02,48.16566990290795,51.25572815533483,47.086601941743005,50.52,1840196.1460000002,0.08655804480653617,0.5647058823539822
2016-03-03,50.41808966861107,53.213645224166356,49.78050682260724,50.32,2040488.9982,0.06809338521402628,-0.028571428569990644
2016-03-04,49.689937998224124,55.37999999999509,49.19941541186455,55.38,2951393.9784999997,0.12438302073052108,0.9206349206355648
2016-03-07,56.40157807308502,60.91370431893182,55.42068106311832,59.05,7082975.2392,0.09739130434784209,0.4821428571436611
2016-03-08,57.14568744662193,57.88146883005483,54.39877028180577,57.44,4141994.3359,0.060944206008600114,0.0845070422549067
2016-03-09,54.439044183944596,57.332651036965075,54.242867448146605,54.39,2373522.5003,0.056756756756773954,-0.015873015871423393
2016-03-10,54.44707446808028,56.85059397162617,53.024583333328636,55.33,2843546.3232,0.07027027027028733,0.23076923077045172
2016-03-11,54.246206293701555,57.43427447551946,53.216215034960385,56.11,2859037.4384,0.07775768535263909,0.4418604651173361
2016-03-14,56.25623628691508,58.80664978902457,55.471493670881394,58.12,4169862.8459999994,0.05928509154317271,0.5588235294130678
2016-03-15,56.89184925503446,57.82369851007381,55.32241893075764,55.96,2415716.7566,0.043965517241396086,-0.37254901960573533
2016-03-16,56.99737226276851,57.29167883211155,53.31854014598053,53.76,2061580.2744000002,0.06970740103271855,-0.8148148148133724
2016-03-17,53.75758222221745,55.8176355555506,53.21804444443971,55.18,2083063.725,0.04835766423359451,0.5471698113224261
2016-03-18,55.32793388429295,60.085743801647936,54.93553719007811,59.35,5008258.97,0.09308510638299522,0.78095238095318
2016-03-21,58.854460093892115,64.5927699530466,58.11877934271846,62.68,6714658.5192,0.1100000000000152,0.5909090909097556
2016-03-22,60.72188739095475,66.2153053132382,60.08425852497541,61.85,5933506.6258000005,0.10096930533119405,0.18400000000076905
2016-03-23,61.55619504395992,62.782414068739996,60.32997601917984,61.36,3339724.3938,0.03984063745021483,-0.07999999999797149
2016-03-24,59.34904880065679,62.19387923903538,59.103804797348296,59.3,3182201.4042,0.052066115702495266,-0.015873015871422338
2016-03-25,59.24999186329868,60.57428803905122,58.85760781122386,60.28,2424452.1098999996,0.028973509933791195,0.6000000000025064
2016-03-28,60.82246077621298,61.95061932286855,59.105697770432776,59.4,2210389.9811,0.046774193548402815,-0.49999999999809963
2016-03-29,59.198482220289755,59.198482220289755,55.42194275801775,56.55,2278246.4828999997,0.06379453189728175,-0.7012987012972193
2016-03-30,57.488959731538806,58.51905201341791,56.556971476505325,58.47,1932331.7704,0.03412969283278131,0.5000000000022421
2016-03-31,58.85856079403979,59.83953680727379,57.288999172865395,59.3,2907835.0548,0.04333333333334962,0.17307692307877998
2016-04-01,58.32050042408327,59.105301102624345,56.898049194227575,57.83,1684716.1334999998,0.03784693019345655,-0.22222222221990212
2016-04-05,57.529609634546716,59.58949335547678,57.039161129563375,59.05,2342528.6471999995,0.04433077578859289,0.5961538461555349
2016-04-06,58.46058823528934,60.37330882352448,58.0682352941129,60.03,2937870.1368,0.03942953020135877,0.6808510638316183
2016-04-07,59.54772881355427,59.94013559321526,57.63474576270698,57.88,1869176.05,0.03871499176278391,-0.7234042553167038
2016-04-08,57.28665511264669,57.384748700168345,55.91334488734352,56.6,1449790.2796,0.025684931506866245,-0.4666666666630229
2016-04-11,57.390947907766225,58.077677198970264,56.70421861656219,57.44,1258104.2495000002,0.02393162393164087,0.035714285717836365
2016-04-12,57.48766177738935,58.07627264883019,55.918032786880424,56.85,1210663.2363,0.037542662116057626,-0.29545454545213723
2016-04-13,56.991448040881,58.36473594548054,56.89335604769531,57.58,1995023.7512,0.025817555938055008,0.400000000003066
2016-04-14,57.92095600676329,58.06808798645871,57.234340101518,57.97,1367600.9496,0.01439458086369184,0.05882352941757352
2016-04-15,58.0719138359521,59.73951946975478,57.92477216238128,59.2,2906179.9591,0.03125000000001665,0.6216216216239863
2016-04-18,59.14750853241816,59.19655290101883,57.13668941979034,57.48,1475808.6528,0.034825870646782435,-0.8095238095210365
2016-04-19,57.538104184452806,58.02862510674141,56.90042698547762,57.44,967272.2304000001,0.019607843137272037,-0.08695652173469895
2016-04-20,57.28812330008547,58.85766092474535,52.383318223023366,54.1,2267615.2345,0.11301369863015244,-0.4924242424234095
2016-04-21,52.73051643191993,54.39827230046438,51.994741784032676,52.24,1302968.8185,0.045581395348855344,-0.2040816326509342
2016-04-22,51.694312441529306,53.06759588399878,51.00767072029458,52.43,808165.9241999999,0.03984819734347202,0.3571428571450665
2016-04-25,52.38091603052935,52.38091603052935,50.76240458014782,51.4,894628.344,0.0308988764045129,-0.6060606060571994
2016-04-26,51.399999999995096,51.399999999995096,51.399999999995096,51.4,0.0,1.9455252918289415e-14,4.902744876744691
2016-04-27,49.5366465863404,50.02710843372991,48.8499999999951,48.85,1846310.1996000002,0.02376237623764321,-0.5833333333286721
2016-04-28,48.854243323437316,50.47290801186445,48.41278931750263,49.59,2096152.0983,0.04216867469881488,0.35714285714505967
2016-04-29,49.00189810189321,49.63956043955548,48.60949050948566,49.1,1187975.6889,0.021021021021040878,0.0952380952427624
2016-05-03,48.9999705882305,50.2752450980343,48.95092156862266,50.03,1087842.5459999999,0.027027027027046905,0.7777777777808895
2016-05-04,50.033268858795935,51.259574468080146,49.88611218568183,50.72,1123427.1444,0.027450980392176194,0.5000000000032081
2016-05-05,50.8614394661534,52.136653956143746,50.8614394661534,51.45,1096282.5211,0.02507232401159104,0.46153846154194594
2016-05-06,51.25426278835995,51.9409227682997,48.899999999995096,48.9,1166053.5134,0.0593301435406881,-0.7741935483852305
2016-05-09,48.06863780358521,48.06863780358521,46.44999999999509,46.45,515287.32200000004,0.033673469387775296,-0.9999999999963488
2016-05-10,44.48331111110617,45.071844444439435,44.13999999999509,44.14,665997.1199999999,0.020948180815898602,-0.36842105262591823
2016-05-11,43.75494736841593,44.58884210525793,41.939999999995095,41.94,1366601.22,0.06053811659194948,-0.6851851851830753
2016-05-12,40.22241379309849,40.4186206896502,39.82999999999509,39.83,1027050.5671999999,0.014634146341488132,-0.6666666666571848
2016-05-13,39.77434624696855,41.39278450362695,39.480084745757935,40.51,832825.5684,0.04808877928485737,0.38461538461774847
2016-05-16,40.607234042548384,41.539042553186576,40.16585106382503,41.49,582702.6348000001,0.033816425120796884,0.6428571428602502
2016-05-17,41.44958033572644,41.84200239807651,40.615683453232535,40.91,506230.5774,0.02958579881659139,-0.43999999999563927
2016-05-18,40.12537878787372,40.2725378787828,38.8499999999951,38.85,540348.7320000001,0.03545232273841038,-0.8965517241338504
2016-05-19,38.44957178840825,39.47947103274062,38.351486146090885,38.94,476510.9218,0.02933673469390287,0.434782608699617
2016-05-20,38.64491400490925,40.16520884520391,37.76216216215752,39.92,503988.2628,0.062182741116775436,0.5306122448997824
2016-05-23,40.125679611645616,40.61621359222808,39.63514563106315,40.42,441013.9464,0.024449877750635444,0.30000000000469734
2016-05-24,40.36330882352447,40.853749999994996,39.72573529411278,40.02,345623.98079999996,0.027946537059562366,-0.30434782608234007
2016-05-25,40.21999999999509,41.05382926828767,39.9257073170683,40.22,425625.182,0.028048780487828936,4.352233638208136e-12
2016-05-26,40.221454993829816,40.46670776818244,38.65183723797305,39.78,456854.70969999995,0.045121951219535834,-0.24324324324040852
2016-05-27,39.53144254278245,40.56141809290457,39.33525672371157,40.12,450595.79079999996,0.03101736972707158,0.4800000000036102
2016-05-30,40.711449451882984,40.858599269178946,39.8285505481072,40.27,369256.7366,0.025301204819301183,-0.4285714285662468
2016-05-31,40.269471830981196,41.93714788731903,40.17137323943191,41.79,836024.9148,0.04384896467724673,0.8611111111133949
2016-06-01,41.63670560747176,42.61754672896697,41.489579439247485,41.98,607008.0896000001,0.027090694935241067,0.3043478260910433
2016-06-02,41.884818181813415,43.650454545449584,41.786727272722516,43.16,601981.16,0.044496487119460935,0.6842105263180531
2016-06-03,43.25713310579713,43.5513993174012,42.668600682589,43.11,498909.50039999996,0.02040816326532901,-0.16666666666092558
2016-06-06,43.159999999995094,43.45427272726778,42.7676363636315,43.16,325080.184,0.015909090909113462,7.1402348264424775e-12
2016-06-07,43.1152517162422,43.21335240274105,42.62474828374798,42.87,347100.6222,0.013651877133128851,-0.41666666665761126
2016-06-08,42.76574031890174,43.05999999999509,42.373394077443926,43.06,332306.1424,0.016055045871582442,0.42857142857794644
2016-06-13,42.331382857138024,45.225417142851974,41.93897142856664,42.92,1263761.975,0.0776361529548305,0.17910447761337753
2016-06-14,43.016197021759105,43.11429553264111,40.808980526914,42.82,719155.1385,0.05359179019386457,-0.08510638297655886
2016-06-15,42.08192962542088,43.55332576616986,41.59146424517122,43.21,909801.652,0.04662004662006936,0.575000000002206
2016-06-16,43.26484988452156,43.26484988452156,41.94041570438315,42.48,824459.1058,0.030612244897981495,-0.5925925925884433
2016-06-17,42.47148063780838,43.55043280181737,42.3243507972617,43.06,682771.3441999999,0.028868360277159177,0.4800000000036079
2016-06-20,40.90999999999509,41.35147482013892,40.90999999999509,40.91,971893.8936,0.010791366906498989,1.1121473026460611e-11
2016-06-21,40.705644171774146,41.0979877300563,39.28339877300131,39.97,1023483.194,0.044578313253035566,-0.4054054054024794
2016-06-22,39.82287116563928,40.1171288343509,38.74392638036334,39.97,665772.1145,0.03448275862071386,0.1071428571463557
2016-06-23,39.62859241125586,40.46236230109664,39.53050183598047,40.07,375094.5857,0.02351485148517319,0.47368421053107074
2016-06-24,40.121433868969085,40.17048207663286,38.55189122372824,39.68,462540.896,0.04034229828853239,-0.272727272724076
2016-06-27,39.48520097441663,40.31904993909375,39.38710109621932,40.27,349185.74960000004,0.023602484472074515,0.8421052631622539
2016-06-28,40.12515587529494,41.155263788963886,39.97799760191367,40.91,553069.7688000001,0.0293398533007576,0.6666666666702709
2016-06-29,40.80340425531432,41.98042553190993,40.754361702122836,41.49,662708.0934,0.03004807692310082,0.5600000000035478
2016-06-30,41.490103806223594,43.05946943482779,41.39201845443582,42.52,746857.8159,0.04018912529553151,0.6176470588260968
2016-07-01,42.673348783309066,43.85054461181414,42.231900347619664,42.33,821526.3775000001,0.03793103448278111,-0.21212121211804616
2016-07-04,42.32351893095297,44.138084632511784,42.32351893095297,44.04,985172.9908000001,0.04287369640790198,0.945945945948129
2016-07-05,44.63044444443948,44.92471111110612,43.74764444443958,44.14,942472.4400000001,0.026373626373648297,-0.4166666666621419
2016-07-06,44.783872767852145,44.832924107137856,43.459486607138004,43.95,557230.1056,0.03066812705369099,-0.6071428571388394
2016-07-07,43.94572062083771,44.5833259423454,43.65144124168031,44.24,521237.47719999996,0.02120535714287945,0.31578947368912397
2016-07-08,44.24095238094759,46.44809523809022,43.94666666666191,45.32,875607.2556,0.05654101995567556,0.43137254902139655
2016-07-11,46.107594936704,47.08860759493174,45.46993670885596,46.5,802803.9408000001,0.03510638297874428,0.24242424242712352
2016-07-12,45.760952890787394,46.692847965733755,44.681916488217915,45.81,683416.4861999999,0.04394426580923836,0.024390243904866146
2016-07-13,45.96242195909086,46.5510548977345,45.324736275560255,45.57,546990.6479,0.0266808964781428,-0.3199999999957446
2016-07-14,45.41762312633347,46.10428265524132,45.36857601712577,45.81,403524.7062,0.016198704103693343,0.5333333333392789
2016-07-15,45.66284775464998,45.90808324205411,44.24048192770599,44.78,679435.6096000001,0.03651987110635835,-0.5294117647026226
2016-07-18,44.44189427312286,44.93242290748404,44.392841409686746,44.54,299297.1392,0.012141280353223016,0.18181818182692866
2016-07-19,44.48476973683723,44.92618421052139,44.38667763157409,44.73,278162.0064,0.01212789415658217,0.4545454545536983
2016-07-20,44.9299999999951,45.32240174671994,44.635698689951454,44.93,197698.17320000002,0.015283842794781795,7.1395413613113605e-12
2016-07-21,44.98043103447792,45.86336206896058,44.784224137926216,45.52,361680.94719999994,0.023991275899694558,0.5000000000040798
2016-07-22,45.46572347266394,46.25046087888036,45.31858520899836,45.76,409266.98099999997,0.020496224379741135,0.31578947368913
2016-07-25,45.91284345047434,46.697678381251684,45.618530351432845,46.06,508502.77350000007,0.023504273504294723,0.13636363636806034
2016-07-26,46.05286624203333,46.49426751591864,45.95477707005882,46.2,274064.4438,0.011714589989371912,0.27272727273585373
2016-07-27,46.2494401756261,46.98511525795313,44.042414928645,44.68,703549.3574999999,0.06362672322377426,-0.5333333333314854
2016-07-28,44.873830250267154,45.462339499450984,44.48149075081127,45.07,358662.6331,0.02185792349728947,0.20000000000479456
2016-07-29,44.876180021948976,45.268540065856726,44.58190998901816,44.68,269902.881,0.015300546448109482,-0.2857142857067323
2016-08-01,44.341510297477754,44.63581235697429,42.42854691075029,42.87,649954.47,0.04977876106196825,-0.6666666666641402
2016-08-02,42.867619047614184,43.55428571428077,42.47523809523327,43.26,276295.4082,0.02517162471398164,0.363636363640572
2016-08-03,43.21329608938065,43.89999999999509,43.21329608938065,43.9,248967.7885,0.0158910329171622,1.0000000000056937
2016-08-04,43.846287553643364,46.102360515016514,43.846287553643364,45.71,890385.3612,0.051454138702482506,0.8260869565235468
2016-08-05,45.413297062019,45.95276387377084,44.92287268769914,45.07,397853.1124,0.022678185745161825,-0.3333333333282492
2016-08-08,44.88089647811688,46.205250800421965,44.68469583777538,45.96,407763.8473999999,0.03387978142078661,0.7096774193575931
2016-08-09,45.71190578157969,46.202376873656725,45.61381156316428,45.81,242684.3956,0.012875536480708272,0.16666666667472155
2016-08-10,45.810476190471235,46.15380952380453,45.12380952380464,45.32,297948.42,0.02248394004284802,-0.4761904761852509
2016-08-11,45.315643564351454,45.413729372932295,44.334785478542976,44.58,251316.68399999998,0.02380952380954532,-0.6818181818130103
2016-08-12,44.580521739125594,45.21808695651683,44.38434782608214,45.12,178947.72799999997,0.01870187018704059,0.6470588235345136
2016-08-15,44.6851887810092,45.61715210355496,44.6851887810092,45.47,332702.0613,0.02085620197587282,0.8421052631622462
2016-08-16,45.61810344827096,45.71620689654681,45.12758620689169,45.52,348291.392,0.012903225806473398,-0.16666666665806237
2016-08-17,45.37378902044722,45.815263724429954,45.22663078578631,45.57,330374.3244,0.012972972972994767,0.33333333334109205
2016-08-18,45.41434643995266,46.542348565351055,45.120085015935686,46.15,579121.8883999999,0.03131749460045341,0.5172413793134312
2016-08-19,46.1514585519364,46.78904512066666,45.51387198320614,46.74,545308.8872,0.027630180658894676,0.46153846154194217
2016-08-22,46.59913793102947,46.59913793102947,45.42189655171925,45.52,379485.184,0.025263157894757745,-0.9166666666617244
2016-08-23,45.4199999999951,45.714298056150575,45.0276025917878,45.42,252083.4058,0.015118790496781963,7.139620299206543e-12
2016-08-24,45.366684549351355,46.54376609441561,45.366684549351355,45.71,326033.07879999996,0.025945945945967486,0.29166666667058605
2016-08-25,45.70860786396963,46.199043570664585,44.87486716258822,46.15,304622.6843,0.028969957081566206,0.33333333333678944
2016-08-26,46.15150924024167,47.86809034907107,45.85723819301378,47.77,842893.1716,0.04357066950055209,0.8048780487825253
2016-08-29,47.7699999999951,47.7699999999951,47.7699999999951,47.77,0.0,2.0933640360060322e-14,4.902744876744691
2016-08-30,47.7699999999951,47.7699999999951,47.7699999999951,47.77,0.0,2.0933640360060322e-14,4.902744876744691
2016-08-31,47.7699999999951,47.7699999999951,47.7699999999951,47.77,0.0,2.0933640360060322e-14,4.902744876744691
2016-09-01,47.7699999999951,47.7699999999951,47.7699999999951,47.77,0.0,2.0933640360060322e-14,4.902744876744691
2016-09-02,47.7699999999951,47.7699999999951,47.7699999999951,47.77,0.0,2.0933640360060322e-14,4.902744876744691
2016-09-05,47.7699999999951,47.7699999999951,47.7699999999951,47.77,0.0,2.0933640360060322e-14,4.902744876744691
2016-09-06,47.7699999999951,47.7699999999951,47.7699999999951,47.77,0.0,2.0933640360060322e-14,4.902744876744691
2016-09-07,47.7699999999951,47.7699999999951,47.7699999999951,47.77,0.0,2.0933640360060322e-14,4.902744876744691
2016-09-08,47.7699999999951,47.7699999999951,47.7699999999951,47.77,0.0,2.0933640360060322e-14,4.902744876744691
2016-09-09,47.7699999999951,47.7699999999951,47.7699999999951,47.77,0.0,2.0933640360060322e-14,4.902744876744691
2016-09-12,47.7699999999951,47.7699999999951,47.7699999999951,47.77,0.0,2.0933640360060322e-14,4.902744876744691
2016-09-13,47.7699999999951,47.7699999999951,47.7699999999951,47.77,0.0,2.0933640360060322e-14,4.902744876744691
2016-09-14,47.7699999999951,47.7699999999951,47.7699999999951,47.77,0.0,2.0933640360060322e-14,4.902744876744691
2016-09-19,47.7699999999951,47.7699999999951,47.7699999999951,47.77,0.0,2.0933640360060322e-14,4.902744876744691
2016-09-20,47.7699999999951,47.7699999999951,47.7699999999951,47.77,0.0,2.0933640360060322e-14,4.902744876744691
2016-09-21,47.7699999999951,47.7699999999951,47.7699999999951,47.77,0.0,2.0933640360060322e-14,4.902744876744691
2016-09-22,47.7699999999951,47.7699999999951,47.7699999999951,47.77,0.0,2.0933640360060322e-14,4.902744876744691
2016-09-23,47.7699999999951,47.7699999999951,47.7699999999951,47.77,0.0,2.0933640360060322e-14,4.902744876744691
2016-09-26,47.7699999999951,47.7699999999951,47.7699999999951,47.77,0.0,2.0933640360060322e-14,4.902744876744691
2016-09-27,47.7699999999951,47.7699999999951,47.7699999999951,47.77,0.0,2.0933640360060322e-14,4.902744876744691
2016-09-28,47.7699999999951,47.7699999999951,47.7699999999951,47.77,0.0,2.0933640360060322e-14,4.902744876744691
2016-09-29,47.7699999999951,47.7699999999951,47.7699999999951,47.77,0.0,2.0933640360060322e-14,4.902744876744691
2016-09-30,47.7699999999951,47.7699999999951,47.7699999999951,47.77,0.0,2.0933640360060322e-14,4.902744876744691
2016-10-10,47.7699999999951,47.7699999999951,47.7699999999951,47.77,0.0,2.0933640360060322e-14,4.902744876744691
2016-10-11,47.7699999999951,47.7699999999951,47.7699999999951,47.77,0.0,2.0933640360060322e-14,4.902744876744691
2016-10-12,47.7699999999951,47.7699999999951,47.7699999999951,47.77,0.0,2.0933640360060322e-14,4.902744876744691
2016-10-13,47.7699999999951,47.7699999999951,47.7699999999951,47.77,0.0,2.0933640360060322e-14,4.902744876744691
2016-10-14,47.7699999999951,47.7699999999951,47.7699999999951,47.77,0.0,2.0933640360060322e-14,4.902744876744691
2016-10-17,47.7699999999951,47.7699999999951,47.7699999999951,47.77,0.0,2.0933640360060322e-14,4.902744876744691
2016-10-18,47.7699999999951,47.7699999999951,47.7699999999951,47.77,0.0,2.0933640360060322e-14,4.902744876744691
2016-10-19,47.7699999999951,47.7699999999951,47.7699999999951,47.77,0.0,2.0933640360060322e-14,4.902744876744691
2016-10-20,47.7699999999951,47.7699999999951,47.7699999999951,47.77,0.0,2.0933640360060322e-14,4.902744876744691
2016-10-21,47.7699999999951,47.7699999999951,47.7699999999951,47.77,0.0,2.0933640360060322e-14,4.902744876744691
2016-10-24,47.7699999999951,47.7699999999951,47.7699999999951,47.77,0.0,2.0933640360060322e-14,4.902744876744691
2016-10-25,47.7699999999951,47.7699999999951,47.7699999999951,47.77,0.0,2.0933640360060322e-14,4.902744876744691
2016-10-26,47.7699999999951,47.7699999999951,47.7699999999951,47.77,0.0,2.0933640360060322e-14,4.902744876744691
2016-10-27,47.7699999999951,47.7699999999951,47.7699999999951,47.77,0.0,2.0933640360060322e-14,4.902744876744691
2016-10-28,47.7699999999951,47.7699999999951,47.7699999999951,47.77,0.0,2.0933640360060322e-14,4.902744876744691
2016-10-31,47.7699999999951,47.7699999999951,47.7699999999951,47.77,0.0,2.0933640360060322e-14,4.902744876744691
2016-11-01,47.7699999999951,47.7699999999951,47.7699999999951,47.77,0.0,2.0933640360060322e-14,4.902744876744691
2016-11-02,47.7699999999951,47.7699999999951,47.7699999999951,47.77,0.0,2.0933640360060322e-14,4.902744876744691
2016-11-03,47.7699999999951,47.7699999999951,47.7699999999951,47.77,0.0,2.0933640360060322e-14,4.902744876744691
2016-11-04,47.7699999999951,47.7699999999951,47.7699999999951,47.77,0.0,2.0933640360060322e-14,4.902744876744691
2016-11-07,47.7699999999951,47.7699999999951,47.7699999999951,47.77,0.0,2.0933640360060322e-14,4.902744876744691
2016-11-08,47.7699999999951,47.7699999999951,47.7699999999951,47.77,0.0,2.0933640360060322e-14,4.902744876744691
2016-11-09,47.7699999999951,47.7699999999951,47.7699999999951,47.77,0.0,2.0933640360060322e-14,4.902744876744691
2016-11-10,47.7699999999951,47.7699999999951,47.7699999999951,47.77,0.0,2.0933640360060322e-14,4.902744876744691
2016-11-11,47.7699999999951,47.7699999999951,47.7699999999951,47.77,0.0,2.0933640360060322e-14,4.902744876744691
2016-11-14,47.7699999999951,47.7699999999951,47.7699999999951,47.77,0.0,2.0933640360060322e-14,4.902744876744691
2016-11-15,47.7699999999951,47.7699999999951,47.7699999999951,47.77,0.0,2.0933640360060322e-14,4.902744876744691
2016-11-16,47.7699999999951,47.7699999999951,47.7699999999951,47.77,0.0,2.0933640360060322e-14,4.902744876744691
2016-11-17,47.7699999999951,47.7699999999951,47.7699999999951,47.77,0.0,2.0933640360060322e-14,4.902744876744691
2016-11-18,47.7699999999951,47.7699999999951,47.7699999999951,47.77,0.0,2.0933640360060322e-14,4.902744876744691
2016-11-21,47.7699999999951,47.7699999999951,47.7699999999951,47.77,0.0,2.0933640360060322e-14,4.902744876744691
2016-11-22,47.7699999999951,47.7699999999951,47.7699999999951,47.77,0.0,2.0933640360060322e-14,4.902744876744691
2016-11-23,47.7699999999951,47.7699999999951,47.7699999999951,47.77,0.0,2.0933640360060322e-14,4.902744876744691
2016-11-24,47.7699999999951,47.7699999999951,47.7699999999951,47.77,0.0,2.0933640360060322e-14,4.902744876744691
2016-11-25,47.7699999999951,47.7699999999951,47.7699999999951,47.77,0.0,2.0933640360060322e-14,4.902744876744691
2016-11-28,47.7699999999951,47.7699999999951,47.7699999999951,47.77,0.0,2.0933640360060322e-14,4.902744876744691
2016-11-29,47.7699999999951,47.7699999999951,47.7699999999951,47.77,0.0,2.0933640360060322e-14,4.902744876744691
2016-11-30,47.7699999999951,47.7699999999951,47.7699999999951,47.77,0.0,2.0933640360060322e-14,4.902744876744691
2016-12-01,47.7699999999951,47.7699999999951,47.7699999999951,47.77,0.0,2.0933640360060322e-14,4.902744876744691
2016-12-02,47.7699999999951,47.7699999999951,47.7699999999951,47.77,0.0,2.0933640360060322e-14,4.902744876744691
2016-12-05,47.7699999999951,47.7699999999951,47.7699999999951,47.77,0.0,2.0933640360060322e-14,4.902744876744691
2016-12-06,47.7699999999951,47.7699999999951,47.7699999999951,47.77,0.0,2.0933640360060322e-14,4.902744876744691
2016-12-07,47.7699999999951,47.7699999999951,47.7699999999951,47.77,0.0,2.0933640360060322e-14,4.902744876744691
2016-12-08,47.7699999999951,47.7699999999951,47.7699999999951,47.77,0.0,2.0933640360060322e-14,4.902744876744691
2016-12-09,47.7699999999951,47.7699999999951,47.7699999999951,47.77,0.0,2.0933640360060322e-14,4.902744876744691
2016-12-12,47.7699999999951,47.7699999999951,47.7699999999951,47.77,0.0,2.0933640360060322e-14,4.902744876744691
2016-12-13,50.1799999999951,50.1799999999951,50.1799999999951,50.18,10379.562600000001,1.992825827022873e-14,4.902744876744691
2016-12-14,52.6799999999951,52.6799999999951,52.6799999999951,52.68,5821.1874,1.8982536066819932e-14,4.902744876744691
2016-12-15,55.329999999995096,55.329999999995096,55.329999999995096,55.33,6880.799999999999,1.8073377914333464e-14,4.902744876744691
2016-12-16,58.0699999999951,58.0699999999951,58.0699999999951,58.07,25339.257599999997,1.7220595832616964e-14,4.902744876744691
2016-12-19,60.96999999999509,60.96999999999509,60.96999999999509,60.97,10677.369999999999,1.640150893882342e-14,4.909850304102292
2016-12-20,64.0099999999951,64.0099999999951,64.0099999999951,64.01,13598.361,1.5622558975161084e-14,4.902744876744691
2016-12-21,67.1999999999951,67.1999999999951,67.1999999999951,67.2,11646.507,1.4880952380953245e-14,4.902744876744691
2016-12-22,70.57999999999508,70.57999999999508,70.57999999999508,70.58,37651.291099999995,1.4168319637291805e-14,4.916955731459893
2016-12-23,74.10999999999508,74.10999999999508,74.10999999999508,74.11,42419.5118,1.3493455673998825e-14,4.916955731459893
2016-12-26,77.8399999999951,77.8399999999951,77.8399999999951,77.84,23054.349,1.284686536485162e-14,4.902744876744691
2016-12-27,81.70999999999509,81.70999999999509,81.70999999999509,81.71,23752.3286,1.2238404112104367e-14,4.902744876744691
2016-12-28,85.7799999999951,85.7799999999951,85.7799999999951,85.78,38917.698599999996,1.1657729074376843e-14,4.902744876744691
2016-12-29,90.0499999999951,90.0499999999951,90.0499999999951,90.05,47919.9672,1.1104941699056562e-14,4.902744876744691
2016-12-30,94.5599999999951,94.5599999999951,94.5599999999951,94.56,150116.3936,1.0575296108291468e-14,4.902744876744691
2017-01-03,99.2699999999951,99.2699999999951,99.2699999999951,99.27,36581.573599999996,1.007353681877747e-14,4.902744876744691
2017-01-04,104.22999999999512,104.22999999999512,104.22999999999512,104.23,134584.1125,9.594166746618414e-15,4.888534022029489
2017-01-05,104.22999999999512,104.22999999999512,104.22999999999512,104.23,0.0,9.594166746618414e-15,4.888534022029489
2017-01-06,104.22999999999512,104.22999999999512,104.22999999999512,104.23,0.0,9.594166746618414e-15,4.888534022029489
2017-01-09,104.22999999999512,104.22999999999512,104.22999999999512,104.23,0.0,9.594166746618414e-15,4.888534022029489
2017-01-10,104.22999999999512,104.22999999999512,104.22999999999512,104.23,0.0,9.594166746618414e-15,4.888534022029489
2017-01-11,109.42999999999512,109.42999999999512,109.42999999999512,109.43,435347.74669999996,9.138261902586452e-15,4.888534022029489
2017-01-12,114.91999999999511,114.91999999999511,114.91999999999511,114.92,658240.3113,8.701705534285014e-15,4.888534022029489
2017-01-13,120.65714285713746,120.65714285713746,109.17999999999512,109.18,19433925.827400003,0.09512195121951966,-0.999999999999487
2017-01-16,105.94665436086268,112.07782648822742,103.98467928010595,106.29,8178005.111100001,0.07638888888889771,0.0424242424248426
2017-01-17,106.62633846153378,111.57999999999511,106.62633846153378,111.58,3816961.3299999996,0.046458141674342084,1.000000000000785
2017-01-18,116.98380075344845,117.1799999999951,116.10090414398846,117.18,2013368.6907000002,0.009224318658289337,0.18181818182254952
2017-01-19,123.00999999999512,123.00999999999512,123.00999999999512,123.01,372719.39759999997,8.12942037232771e-15,4.888534022029489
2017-01-20,127.47272801971539,127.47272801971539,116.87861133935428,119.38,10832401.8718,0.08310888803386639,-0.7638888888883544
2017-01-23,121.2999999999951,125.37112818438635,119.38706025070282,121.3,6270782.6378,0.04933279417712058,8.192996689003084e-13
2017-01-24,119.4279906343074,122.02744997870916,115.20999999999509,115.21,5047115.1921,0.05708418891171228,-0.6187050359704154
2017-01-25,114.52807986405632,117.4219371282873,113.20377230245909,115.46,2690905.8924,0.03683083511778154,0.22093023255924396
2017-01-26,115.51122572815069,121.24999999999511,115.31502831714747,121.25,3646981.8936,0.051380042462853125,0.9669421487609917
2017-02-03,121.88809907369628,124.38962545307595,120.4656625050294,121.79,2913836.5034999996,0.0321931589537302,-0.024999999998747812
2017-02-06,121.10187399678487,122.91668539325349,119.7775521669294,122.23,2502224.1776,0.02592142567842019,0.3593750000014494
2017-02-07,122.37519425018951,128.35907148406653,122.32614607614134,126.25,5596265.4462,0.049298597194396686,0.6422764227649302
2017-02-08,126.25265260820842,132.57999999999512,124.9773732889336,132.58,5198877.219,0.060217560217567793,0.8322580645166652
2017-02-09,133.7990684133867,136.7418631732119,131.44483260552653,134.78,4762014.9708,0.03958944281525623,0.18518518518607668
2017-02-10,135.85961871749961,141.4999999999951,135.27105719236965,141.5,5085667.3255,0.04584837545127075,0.905511811024262
2017-02-13,144.6948798328058,148.56975966561654,139.20137931033997,140.82,6524021.0673,0.06474576271187081,-0.4136125654444578
2017-02-14,140.18151471643432,142.68300430724543,134.93329145728163,136.65,5093022.2434,0.05528341497551388,-0.45569620253095655
2017-02-15,137.2407042734996,143.4699999999951,136.65210940170473,143.47,4925215.035,0.0496783416726303,0.9136690647487822
2017-02-16,144.93663188783356,150.6261917182866,143.21995435278308,150.43,5811509.8572,0.05109983079526896,0.7417218543051962
2017-02-17,150.9160923385697,151.99511542321338,145.17765138841938,146.6,4344950.584100001,0.045173870653239884,-0.6330935251790443
2017-02-20,140.2319366197134,144.54827464788224,139.2999999999951,139.3,5887555.436,0.037425673312353865,-0.17757009345697747
2017-02-21,137.33052926743298,142.72565720293926,136.6438766210958,139.93,4935458.621700001,0.044285714285721145,0.4274193548394466
2017-02-22,140.42433948338964,141.60149077490252,132.9199999999951,132.92,5504752.269,0.061823262312266467,-0.8644067796603542
2017-02-23,131.44809559372175,133.11572068707494,128.11284540701539,131.35,3664763.4634000002,0.03805970149254461,-0.019607843136270273
2017-02-24,131.6910384068232,137.9199999999951,131.4458036984306,137.92,4899453.05,0.049162011173191564,0.9621212121218197
2017-02-27,138.02093804689753,142.8276373818641,137.18712285613802,140.13,3687271.0558,0.04086709310590593,0.37391304347906196
2017-02-28,141.11233628921755,144.00619372441528,140.27851296043178,143.81,3215658.6856,0.026416405978456663,0.7236842105274408
2017-03-01,144.83990256576342,151.01999999999512,143.71178954205448,151.02,6538752.219,0.05045716220793065,0.845637583893172
2017-03-02,151.85626229507702,154.4068196721261,147.1965901639296,149.6,5071787.3549999995,0.04748062015504497,-0.3129251700673085
2017-03-03,152.04563758388753,152.04563758388753,142.7267114093912,146.16,4412391.2360000005,0.0612903225806512,-0.6315789473678298
2017-03-06,147.14285714285245,153.4699999999951,147.14285714285245,153.47,2982798.4137,0.04300000000000655,1.0000000000006146
2017-03-07,159.89382039573331,161.1199999999951,155.47957382039098,161.12,5549004.589500001,0.03527607361963804,0.21739130434866125
2017-03-08,161.86181277859848,168.23818722139174,159.5074591381825,165.05,7094714.852,0.053939393939399734,0.3651685393263622
2017-03-09,165.00077914637166,173.29005729016976,159.80158693783557,171.23,6624231.847,0.08174791914388192,0.4618181818185115
2017-03-10,171.22999999999507,171.22999999999507,171.22999999999507,171.23,0.0,5.840098113648443e-15,4.916955731459893
2017-03-13,168.23187889580979,187.85075690115204,164.30810329474133,165.24,14399202.3534,0.1399416909621043,-0.12708333333311905
2017-03-14,164.40718834322277,181.7699999999951,160.1891041554193,181.77,12915719.451,0.13126491646778576,0.8045454545456443
2017-03-15,188.00325831201562,198.10726854219442,183.93222506393388,191.78,19514845.972,0.07539786068354278,0.26643598615949876
2017-03-16,190.60041328412814,208.94435424353728,189.03087822877762,199.38,21453827.735999998,0.10447761194030318,0.440886699507614
2017-03-17,195.55382382891557,198.8400305498931,190.69808553971,192.66,13806187.820799999,0.041635314773017205,-0.3554216867463394
2017-03-20,193.0529196499551,195.2110315566111,181.96807212940382,184.96,11518017.957,0.0685975609756145,-0.6111111111106946
2017-03-21,185.39763717510667,187.8499868731901,182.50386453136824,186.82,7630987.1664,0.028835978835984048,0.26605504587243456
2017-03-22,184.66428571428048,184.66428571428048,172.69666666666177,174.07,12351281.615400001,0.06480743691899579,-0.8852459016388584
2017-03-23,174.3119066366655,177.4508942632121,170.43721878514705,174.41,8022973.235200001,0.04023635340462,0.013986013986713185
2017-03-24,175.54098136971461,191.28522697454233,171.0776594069753,186.92,14084255.535,0.11511595417714943,0.5631067961167201
2017-03-27,186.3290309769609,190.7922954725922,183.53335980936762,185.25,9502234.010400001,0.0389576204264331,-0.14864864864795016
2017-03-28,181.43151364763767,182.51058726219512,174.613730355661,177.9,7333077.6675,0.043525277101924734,-0.44720496894342004
2017-03-29,178.19380533406164,183.83440197964848,176.57519934011063,178.39,6008139.604099999,0.040737682356184655,0.027027027027697575
2017-03-30,176.86571428570903,177.45428571428042,164.45666666666176,164.8,9415379.232,0.07348863006101464,-0.9283018867920043
2017-03-31,162.20047619047133,170.63666666666154,160.97428571428088,163.77,6256841.913000001,0.05957060780163867,0.162436548223842
2017-04-05,161.37032389844873,170.59148526407438,160.73269039976188,168.09,5550499.083300001,0.06109422492401785,0.681592039801427
2017-04-06,167.39759988161683,172.6946818585329,165.1904823912351,165.73,4444923.1208,0.044828596542636906,-0.2222222222215399
2017-04-07,165.5321299135722,177.05807081125798,165.48308335656077,175.93,8282379.0543,0.06992592592593162,0.8983050847461084
2017-04-10,173.87904909706057,177.55773137697017,169.7589249435618,173.83,6781282.0391999995,0.044851904090273564,-0.0062893081754714095
2017-04-11,179.2712801436588,191.18999999999508,178.04507439712216,191.19,13265863.432599999,0.07332421340629784,0.9067164179107542
2017-04-12,196.04680656933795,202.76644942648065,185.69757559957804,188.15,15974913.4412,0.08706529897423546,-0.4626436781606036
2017-04-13,185.40382673398386,191.14251660908337,183.93236779165068,184.57,6859320.579,0.038888888888894024,-0.11564625850269937
2017-04-14,183.6803856749261,189.02649035812152,177.84381267217142,178.04,7517855.234999999,0.06088117489987155,-0.5043859649118009
2017-04-17,173.2336935866932,173.62606888360529,161.11910629453203,165.19,6821656.9968,0.07219705549264403,-0.6431372549015177
2017-04-18,164.8052132701373,167.84626184833627,164.06947571089563,165.59,3616169.9903999995,0.022916666666672546,0.20779220779345212
2017-04-19,164.80199066873516,165.78295489890618,154.99234836702473,157.69,5799357.817,0.06547619047619604,-0.6590909090903951
2017-04-20,159.16187290969415,164.65528732136926,157.24898753420013,161.32,3931788.6751,0.04653312788906612,0.2913907284774435
2017-04-21,161.85528262799164,167.1033175495659,159.40292986090085,165.73,5072615.6219999995,0.04757575757576339,0.5031847133763694
2017-04-24,164.30847568987636,166.27036793691965,149.15285808146686,149.3,4858533.270400001,0.10417910447761741,-0.8767908309452215
2017-04-25,148.125697407281,151.65717098785194,141.06275024613913,149.45,6679946.9363,0.07152317880795327,0.12500000000044997
2017-04-26,147.24095238094748,150.91952380951878,145.0828571428523,147.29,3946174.4321999997,0.03964023984011313,0.008403361345375608
2017-04-27,148.12803921568144,151.07098039215194,143.27218627450512,150.09,4315215.365999999,0.052649006622523066,0.2515723270446209
2017-04-28,148.90634176433838,161.26615669339415,148.71015422578193,159.01,5702841.072600001,0.08432147562582976,0.8046875000003266
2017-05-02,152.5413716814111,157.78957964601273,152.09993362831378,155.19,3849840.9796,0.03729903536978132,0.4655172413800894
2017-05-03,154.25240641710744,161.70753067001692,152.83004718464446,155.92,4477282.9365,0.057551669316381227,0.18784530386793466
2017-05-04,154.30962172647418,156.5168477206545,149.9932686711882,151.71,3692348.8586999997,0.042275905912275716,-0.3984962406006929
2017-05-05,151.90596414072562,153.76984100134803,144.10711096075295,144.99,3252149.2248,0.06360994510817539,-0.7157360406085578
2017-05-08,143.4616822429853,143.51072897195726,130.46429906541567,131.2,5279654.99,0.09094017094017744,-0.9398496240597016
2017-05-09,130.462531737391,137.2799347116381,130.462531737391,135.22,3697877.8059,0.05225563909775146,0.6978417266193218
2017-05-10,135.3704503163329,137.8718608113086,130.51477112020356,131.79,2649094.4910000004,0.05434782608696349,-0.48666666666593605
2017-05-11,128.31165487976915,138.85714639320585,119.58096888259833,138.71,4717503.5964,0.1502293577981718,0.539440203562568
2017-05-12,140.32523809523326,143.46428571428075,137.82380952380478,142.14,3825938.7306,0.04019573575673504,0.3217391304355932
2017-05-15,138.80523194976843,145.62287408440372,138.55999302406212,140.62,2822970.9076,0.050883392226155406,0.2569444444451044
2017-05-16,138.803400673396,147.1414141414092,135.86057239056782,145.67,4318704.620999999,0.08127208480566037,0.6086956521742927
2017-05-17,144.19999999999513,148.27095238094736,144.10190476189987,145.23,3334841.9433,0.028911564625857155,0.2470588235305262
2017-05-18,145.52922404753076,146.4611604334098,140.03570429919122,140.33,2296477.4935000003,0.0441523424334409,-0.8091603053426255
2017-05-19,139.78860489882356,142.2410365637152,136.35520056797526,138.17,2511504.5193,0.042105263157901585,-0.27499999999911967
2017-05-22,136.8942553944062,142.04434382737384,136.20757693667719,138.66,2458751.8703,0.04263704765317795,0.3025210084041477
2017-05-23,137.72270270269755,139.7826576576524,130.02239489489003,130.66,2919240.7704000003,0.0708689458689525,-0.7236180904516876
2017-05-24,129.18910237388246,133.40712166171613,126.29534495548494,132.23,2278362.64,0.05504935459378109,0.42758620689717736
2017-05-25,133.31412499999536,145.28198611110605,129.63547916666215,141.26,3554220.6720000003,0.1173657100809485,0.5078369905958927
2017-05-26,141.4523641496069,143.7085391672497,138.41143260408828,139.0,2400041.7662,0.03744798890430648,-0.4629629629619539
2017-05-31,148.66131044148042,148.66131044148042,139.68571829011424,139.98,3368442.3474,0.06037611349390271,-0.9672131147534454
2017-06-01,139.34901433064877,143.9596469765766,138.95662006291022,140.33,2562866.6339999996,0.03590285110877153,0.19607843137348738
2017-06-02,139.93524227527598,141.4557443820175,133.80418539325373,139.69,2643690.176,0.054679284963203435,-0.03205128205063668
2017-06-05,140.27524339359735,143.07093880388933,139.29429763560017,141.06,1574415.0072,0.026923076923083867,0.20779220779345148
2017-06-06,140.62409440910142,148.61911617006533,140.62409440910142,146.51,4279701.0159,0.05685385420300634,0.7361963190189256
2017-06-07,146.45433420365057,150.7704699738854,144.73768929503447,150.28,4030142.0119999996,0.04119223040857963,0.6341463414641263
2017-06-08,147.4395159151145,151.5595822281117,146.75283819628163,147.93,3342204.8296,0.03260146373919484,0.1020408163275264
2017-06-09,146.85334449279722,147.93242718446106,143.7141948443206,146.51,2491951.0485,0.028724114896466247,-0.08139534883602773
2017-06-12,145.61953340046512,148.26805303792725,144.44241356159304,146.11,1800661.0185,0.02627147187605916,0.12820512820636815
2017-06-13,145.66818479684974,149.83713958059798,145.373905635644,149.69,2438070.362,0.03063973063973721,0.9010989010998012
2017-06-14,151.0699774266317,155.38626249596405,149.15707836181397,152.1,3915868.376,0.04123376623377258,0.1653543307094194
2017-06-15,152.29238611022134,154.10714240203396,150.82096208983273,153.96,2496935.4423,0.021578099838975774,0.5074626865685035
2017-06-16,157.05181605154783,169.11763327474605,154.6975102518994,167.45,5975692.1688,0.09181761399126118,0.7210884353744395
2017-06-19,166.27187413745054,180.79000828042558,165.2909191277901,177.7,8671486.7404,0.0932153392330437,0.737341772152169
2017-06-20,176.47484821691194,177.55390509872745,161.9075803124031,166.42,9947478.3057,0.08866036687048896,-0.6426332288397675
2017-06-21,166.75947083583384,171.51702044497378,159.50052916415638,163.13,8383928.3566,0.07205882352941713,-0.302040816326099
2017-06-22,163.13714715617928,170.2002106530193,160.3904002407415,162.99,6419858.2195,0.060132291040294494,-0.01499999999949956
2017-06-23,161.41430117222234,165.28902915539027,155.6267327923007,163.18,5492200.953600001,0.05986022485567282,0.1827411167517628
2017-06-26,163.12858170914052,165.09044077960522,160.62721139429803,163.57,3296152.9195000003,0.02736019242333714,0.0989010989021784
2017-06-27,164.06569407603405,168.92145004420365,163.62426171529134,166.42,4392805.8096,0.03228699551570098,0.4444444444452876
2017-06-28,165.9747654175224,167.4952198288531,163.669560342279,166.22,3185002.1951,0.0230496453900768,0.0641025641038268
2017-06-29,167.59473936488413,168.23235470341015,163.22952666266735,163.72,3274058.941,0.029850746268662437,-0.7745098039204353
2017-06-30,161.32187499999512,162.94048913042985,159.40896739129954,162.45,3112367.8752,0.021891152325940903,0.3194444444457445
2017-07-03,162.34809552599268,163.81952841595634,160.87666263602898,162.25,2026922.4179999998,0.018126888217528708,-0.03333333333165603
2017-07-04,162.34668055968552,165.24047335516028,161.26763917832207,164.75,3278070.9412000002,0.024471299093661473,0.6049382716060306
2017-07-05,164.9024182418192,164.9024182418192,161.56709270926603,163.48,2947639.2066,0.020226055919101732,-0.4264705882336855
2017-07-06,162.59238578679714,164.65237981486516,161.46429381904562,164.26,3257948.0578,0.019607843137260828,0.5230769230783093
2017-07-07,163.0852054389547,166.66572273129864,161.8590008867821,165.93,4224818.954,0.029473684210532182,0.5918367346947768
2017-07-10,164.3604581732142,169.80480638486048,164.3604581732142,165.93,4409056.4574,0.03312444046553843,0.2882882882891349
2017-07-11,165.78395522387544,166.96111940297988,157.3476119402936,157.74,4400263.377599999,0.05798816568047908,-0.8367346938769521
2017-07-12,155.97380653265841,157.69049937185434,152.44232412059822,156.17,3804897.8304,0.03364779874214464,0.03738317757101902
2017-07-13,156.1661980631004,158.32427366447493,153.91002811620888,157.0,2260189.9286999996,0.028266331658297828,0.18888888888995417
2017-07-14,157.00191401273386,157.88477388534528,153.12714012738365,154.01,2451115.4,0.030303030303036455,-0.6288659793802847
2017-07-17,151.36251238499113,151.36251238499113,138.60999999999513,138.61,4897189.53,0.084251458198321,-0.9999999999995383
2017-07-18,137.92379273880374,139.49333803312868,132.43038420866645,139.15,3304279.1493,0.05120910384068978,0.17361111111178118
2017-07-19,137.82428318583587,139.09952566371192,137.1376141592872,138.56,2369389.3675,0.014234875444846978,0.3750000000022915
2017-07-20,138.806555740428,149.98955740432112,138.31607321130986,147.39,4813448.3655,0.08409893992933525,0.7352941176474144
2017-07-21,146.50237327961915,148.66042631755127,144.14813360187503,146.11,2516533.7841,0.030800133913632243,-0.0869565217380286
2017-07-24,144.5942495840218,150.23479866888016,140.37609983360596,147.39,4315948.679,0.0681818181818245,0.2835820895527067
2017-07-25,147.33512178387144,147.33512178387144,142.33239794167608,142.97,2552501.9685,0.03395472703063237,-0.8725490196066885
2017-07-26,142.33666552079262,145.27953248538518,141.45380543141488,142.68,2095189.5051,0.026878015161964055,0.08974358974485304
2017-07-27,141.8512841253744,146.85433771485856,139.88930232557666,145.53,2633496.7386000003,0.049100968188112,0.5281690140851314
2017-07-28,144.20432543768817,144.89101270167714,142.48760727771568,142.88,1769183.1678,0.016666666666673415,-0.5510204081610076
2017-07-31,141.25618213659752,142.23712784587946,138.9019124343209,140.03,2651935.841,0.02361111111111801,-0.36764705882195203
2017-08-01,139.9309389339873,141.20615954817714,137.82192022590408,138.95,2218754.6059999997,0.024185068349112975,-0.28985507246224235
2017-08-02,140.22480041293394,146.15946317962334,140.0776600137598,142.53,4098426.2449999996,0.043371808324595924,0.3790322580652559
2017-08-03,142.72712041884324,143.56092146596362,139.34286910994282,140.52,1872595.515,0.02955326460481776,-0.5232558139522129
2017-08-04,142.14175126903103,154.5999999999951,142.14175126903103,154.6,6370186.9568,0.08764665286405059,1.0000000000003122
2017-08-07,161.21622857142373,166.02279699247623,157.5867789473637,163.08,12394331.5125,0.05232735016733165,0.22093023255869595
2017-08-08,159.00975319148483,178.97180425531405,156.01789787233596,172.89,15248664.254999999,0.1443553362122202,0.6047008547010417
2017-08-09,169.21666184552592,176.67200462828532,167.99045415099312,169.56,10248206.3229,0.051304347826092604,0.039548022599429834
2017-08-10,171.0837018284059,177.85249507735082,169.66127426159863,174.37,11068623.679499999,0.04787844036697779,0.4011976047909679
2017-08-11,175.1050837320522,177.70468301434875,161.61659688994735,164.02,12073806.6064,0.09187675070028509,-0.6890243902435573
2017-08-14,162.7404629358288,168.43000292996868,160.1409317316097,167.4,6697346.6237,0.050934297769746714,0.5621301775153194
2017-08-15,166.56433447098505,172.89142491467086,163.47436006825473,172.45,8175360.304799999,0.05653710247350404,0.6250000000004493
2017-08-16,171.47190394510662,173.97335334476347,168.72521440822845,171.57,6110456.114399999,0.03060640732266012,0.018691588785971155
2017-08-17,170.7347619047569,173.43238095237587,165.6828571428523,167.89,6823369.520099999,0.045389255960936264,-0.3670886075942579
2017-08-18,165.78047178261667,167.93856076440224,163.2790504628198,164.26,4384732.8387,0.028106508875745558,-0.3263157894725511
2017-08-21,162.8852590827825,167.49568195353876,162.6400238236997,164.7,4093364.3904,0.02981029810298715,0.37373737373830496
2017-08-22,164.70433566433064,164.70433566433064,159.55425965338523,161.32,4455936.8711,0.0312686122692137,-0.6571428571417767
2017-08-23,160.92617957215543,164.75191623982633,160.87713166615964,162.79,3495478.8636999996,0.02407802499238667,0.4810126582289849
2017-08-24,162.3452192448184,163.32615712545172,160.38334348355173,161.07,3051373.9192000004,0.018126888217528444,-0.433333333331512
2017-08-25,160.72811264229597,164.01428400239172,159.89430796883883,163.72,3434838.0504000005,0.025633201098571735,0.7261904761914915
2017-08-28,163.2318949567245,165.0466726350294,162.15283795881345,164.36,3432157.1988,0.017728365384621348,0.38983050847613365
2017-08-29,162.84057788944213,162.8896262562763,155.97380653265841,156.17,5724027.0848,0.04246987951807825,-0.9645390070913511
2017-08-30,155.08857142856658,157.83523809523317,155.03952380951895,157.59,2266312.6836,0.018026565464902056,0.8947368421067018
2017-08-31,154.2586379812309,154.2586379812309,149.8932901973423,151.61,5057689.8603,0.02829888712242291,-0.6067415730324485
2017-09-01,151.8081380208284,152.44578124999506,149.69901041666182,150.68,2808808.2432,0.018093699515353803,-0.41071428571235424
2017-09-04,152.49377153796578,156.41770261645962,152.44472239948462,153.72,4358238.1808,0.02605339337408177,0.3086419753097957
2017-09-05,153.7194818325386,156.22097946287028,150.62939652448185,155.24,3394569.477,0.03637523931079106,0.2719298245622315
2017-09-06,154.35809856915247,156.3200699523003,153.0828171701064,154.26,2716894.1084999996,0.020972354623457392,-0.030303030301505267
2017-09-07,154.93802521007902,154.93802521007902,151.5538138332207,151.75,2589128.1962,0.02184235517569486,-0.9420289855055151
2017-09-08,151.1118811234438,152.4361332462393,149.3462116263831,150.18,2445551.4236,0.02044790652386235,-0.30158730158561575
2017-09-11,149.55037463976467,155.38720461094604,149.55037463976467,153.18,2725016.4351,0.039029189898333774,0.6218487394965319
2017-09-12,153.22287166454404,155.18475222362915,151.16289707750474,154.4,3063038.628,0.026248399487842553,0.2926829268304176
2017-09-13,154.50429389312487,155.48527353689073,153.03282442747607,154.21,1961277.8184,0.0158730158730221,-0.1199999999979531
2017-09-14,153.76904913847628,155.28957243139263,153.08236119973986,153.72,2321571.9264,0.014354066985652307,-0.02222222221999449
2017-09-15,154.39839719215695,168.22951155308075,154.00602515354916,167.69,10718935.6196,0.09212198221093335,0.9344827586209686
2017-09-18,164.06910963052198,164.26530587522214,160.43947910356871,161.96,6331475.3736000005,0.023318385650230155,-0.5512820512806219
2017-09-19,161.46714502887923,162.74240194587523,159.2599695956169,161.32,3521156.0384,0.021567436208997582,-0.04225352112533615
2017-09-20,160.8785649133426,163.478127090296,160.5352265126129,161.32,3210686.9366,0.018292682926835425,0.15000000000162803
2017-09-21,161.12191377170714,161.12191377170714,157.93380893299758,158.13,3348576.6496,0.019786910197875093,-0.9384615384597055
2017-09-22,157.93766478342255,162.74446327683106,155.92665725046592,156.27,2991918.438,0.04316770186336009,-0.24460431654600728
2017-09-25,158.035269086353,159.7519774718348,156.22046307884366,156.76,2214197.7488,0.02234636871509007,-0.3611111111096197
2017-09-26,160.88179372196822,169.7106726457348,159.80270852017455,164.07,6993949.111500001,0.06158536585366448,0.3217821782182895
2017-09-27,162.8348084348036,166.4152123552074,161.069129789125,165.14,4682481.1761,0.032831325301210725,0.4311926605512948
2017-09-28,165.29515752624954,171.0338914819086,163.38224620769648,168.14,5916662.5252,0.046290801186949206,0.3717948717954658
2017-09-29,170.59254086180772,172.65260029717172,164.3142644873651,165.05,5297424.270500001,0.048878665899948194,-0.6647058823522715
2017-10-09,163.8176043557119,165.09283121596593,161.3652450090695,162.15,3493708.7292000004,0.022754491017970006,-0.44736842105118685
2017-10-10,161.85387585387102,167.64137808137306,160.97103653103173,165.14,4578880.943,0.041212121212127036,0.49264705882419463
2017-10-11,164.30906750571611,172.84332951944586,163.32811784896555,171.47,7506497.58,0.05791044776119998,0.7525773195880633
2017-10-12,171.46999999999508,171.46999999999508,171.46999999999508,171.47,0.0,5.831923951711803e-15,4.916955731459893
2017-10-13,171.46999999999508,171.46999999999508,171.46999999999508,171.47,0.0,5.831923951711803e-15,4.916955731459893
2017-10-16,171.46999999999508,171.46999999999508,171.46999999999508,171.47,0.0,5.831923951711803e-15,4.916955731459893
2017-10-17,171.46999999999508,171.46999999999508,171.46999999999508,171.47,0.0,5.831923951711803e-15,4.916955731459893
2017-10-18,171.46999999999508,171.46999999999508,171.46999999999508,171.47,0.0,5.831923951711803e-15,4.916955731459893
2017-10-19,171.46999999999508,171.46999999999508,171.46999999999508,171.47,0.0,5.831923951711803e-15,4.916955731459893
2017-10-20,171.46999999999508,171.46999999999508,171.46999999999508,171.47,0.0,5.831923951711803e-15,4.916955731459893
2017-10-23,171.67053364268645,186.38515081205958,167.2561484918745,169.12,14039781.899999999,0.11142857142857662,-0.13333333333307043
2017-10-24,167.54426674534764,173.2827559752088,164.06193567423534,166.22,6902282.7636,0.05503512880562621,-0.1436170212760457
2017-10-25,164.11333333332837,164.30952380951882,160.0423809523761,161.71,5681214.0105,0.026001195457268263,-0.5632183908033194
2017-10-26,160.28761904761419,163.132380952376,159.45380952380467,161.71,4087604.4447,0.022949816401474973,0.3866666666678956
2017-10-27,160.97576850094367,161.80958570524473,154.74666350410644,155.09,5021647.7718,0.043875685557592754,-0.8333333333325205
2017-10-30,152.54400132934023,154.8002791625073,146.65805915586085,147.59,3940339.662,0.053376205787787546,-0.6084337349390823
2017-10-31,147.14757345658148,149.5019346318868,146.75517992736394,148.57,2319727.2397,0.018666666666673354,0.5178571428587336
2017-11-01,148.2237682097718,154.01146001941876,147.04661055357244,151.51,3393016.5999000003,0.046988749172739736,0.47183098591613143
2017-11-02,150.72816441069165,152.83727963023597,147.6871145592556,148.57,2394353.3184999996,0.03416856492027984,-0.41904761904659027
2017-11-03,148.8133007494249,152.00145650048378,147.19469859888736,150.53,2256346.6002,0.032300593276209356,0.35714285714381
2017-11-06,148.6123890897092,151.45711468944623,147.28812027603854,149.25,2182645.3068,0.028052805280534623,0.15294117647172864
2017-11-07,149.49342719999524,153.5642783999951,147.6296639999953,153.27,3422789.375,0.03969816272966507,0.6363636363643559
2017-11-08,152.04480457578165,156.40996186844117,151.2110104861725,154.35,3116662.92,0.03419354838710311,0.44339622641594717
2017-11-09,152.97999999999507,155.6285796729671,152.0480923372827,152.98,2176398.9006000003,0.023404937479967983,1.3732643828828526e-12
2017-11-10,152.44383047556934,154.3567356842396,150.57997411840344,151.61,2673119.9825,0.024774774774781017,-0.22077922077786832
2017-11-13,150.57808352217057,154.5019423761685,149.10663645192136,151.51,2155017.3736,0.03583061889251445,0.17272727272815114
2017-11-14,151.65945292620384,155.8286164122088,150.13893447836674,154.21,3497620.1424000002,0.037516170763266334,0.44827586206974834
2017-11-15,153.51857279387852,156.31427843261687,152.43952851226018,153.96,2474374.5076,0.02523961661342497,0.11392405063414753
2017-11-16,153.52436729395998,154.30915639194828,150.63045749512813,151.17,2322894.154,0.02396166134185955,-0.6399999999984938
2017-11-17,150.9646060196094,151.16079134257183,141.0572472100054,145.03,4366298.216100001,0.06692657569851164,-0.5873786407761581
2017-11-20,145.5704867405121,148.56233299764526,144.29527358173405,146.11,1899456.2766,0.02931266846361831,0.12643678161030905
2017-11-21,145.47330133698506,146.89566335275464,141.8438258484696,143.07,1785738.3944,0.03472690492246099,-0.47572815533874163
2017-11-22,141.7932346525353,157.38999999999507,141.30277033343276,157.39,8557339.5374,0.11345555171221669,0.9695121951221956
2017-11-23,157.20054278415844,161.66395913154017,153.42380587483547,153.62,6784251.822000001,0.05241809672387488,-0.4345238095231605
2017-11-24,151.95190322580157,153.03096774193057,148.76375806451134,152.05,3513189.0799999996,0.02808263395739835,0.022988505748267725
2017-11-27,150.62984256926478,164.6088413098185,149.25646725440336,155.78,5514057.4992,0.10192119830674648,0.3354632587862399
2017-11-28,155.77616707616227,161.17143734643238,153.56901105650633,159.7,4853150.0512,0.04880352644836884,0.5161290322586435
2017-11-29,160.53381449630953,161.3185810810761,156.36474201473717,159.7,3897384.788,0.030858539566153406,-0.16831683168213912
2017-11-30,158.91573033707368,162.59433520598742,156.41427902621234,157.15,3806227.3644,0.038888888888894885,-0.28571428571344387
2017-12-01,156.46379471228127,158.47477138413194,154.1094805598708,157.69,2610356.2359999996,0.02789968652038238,0.28089887640555816
2017-12-04,156.55646511627387,157.19406976743662,146.45288372092534,147.63,4513368.279,0.06860902255639695,-0.8310502283099687
2017-12-05,149.05811339522054,152.05006631299233,146.21330570291295,147.93,2585629.7687999997,0.03915761763738715,-0.1932773109234991
2017-12-06,142.77807264397438,151.26333769633013,141.30663939790114,149.89,3567148.6992,0.06973548608726172,0.7142857142861343
2017-12-07,149.8928311688263,154.35626298700797,148.42137012986532,151.07,3554876.248,0.039594240837702604,0.19834710743881104
2017-12-08,149.8409457714606,152.39142995480464,149.69380245319076,151.95,2132443.8616,0.018003273322428966,0.7818181818197047
2017-12-11,151.21950533462172,152.59289039766725,150.53281280309895,151.71,1522680.807,0.013623094388588969,0.2380952380974955
2017-12-12,152.3390466988679,155.4289887278533,150.91669243155715,152.29,2009814.957,0.029620090148106765,-0.010869565216305926
2017-12-13,157.2004479456238,162.3995891257287,153.96324683348305,158.77,5773121.1993,0.053666146645871916,0.18604651162846791
2017-12-14,160.58285021224498,167.54765312309982,160.28856276530743,161.76,7554470.036799999,0.04520464263897972,0.16216216216281432
2017-12-15,162.638254839637,170.68188384859374,158.95976596358972,169.75,9686448.8308,0.07207478890229782,0.6066945606698232
2017-12-18,168.6777019748603,169.1191382405694,163.47856373428593,163.92,5782069.0608,0.03343995347485302,-0.8434782608685487
2017-12-19,163.9185327510869,170.39287336244044,163.9185327510869,168.48,4926495.2055,0.039497307001801304,0.7045454545461046
2017-12-20,168.48334305717125,173.29014585763784,167.0609218202985,168.14,5468678.4588,0.03697234352256744,-0.055118110235422284
2017-12-21,166.1747337962915,171.22668113425428,163.91852430555082,169.51,5013146.7648,0.04397874852420863,0.4563758389267835
2017-12-22,169.40951490356022,172.89187609584533,165.3385856224382,167.84,4108595.5552,0.04458598726115215,-0.2077922077915312
2017-12-25,168.08271093511522,169.21078282058576,159.79383490709228,161.02,4976181.3143,0.05602567843595553,-0.7499999999993989
2017-12-26,159.84336369155557,162.68807528839824,158.47005464480395,161.56,3194933.6088,0.02638846271863144,0.4069767441871118
2017-12-27,161.0741529744997,174.1209631727996,160.87796033993877,173.14,7425375.4739999985,0.08221680876979878,0.9111111111114092
2017-12-28,171.7199242424194,175.10429292928802,169.7089225589178,174.81,6011336.0736,0.03141959440160517,0.5727272727280791
2017-12-29,174.61243909429135,176.37818286041338,170.09998280309054,171.13,4452220.441500001,0.0359550561797808,-0.5546874999991298
2018-01-02,172.9947565118864,175.34909399773002,170.68946772366445,173.24,4858821.5836000005,0.02693507229941033,0.05263157894840593
2018-01-03,171.67242869489567,172.55531547104084,166.91464995677998,170.25,5257073.8584,0.032857142857148504,-0.2521739130425661
2018-01-04,168.72693565975547,182.46052344601463,167.30452835332147,179.91,9293714.6708,0.08982558139535429,0.7378640776701785
2018-01-05,178.28857579122212,179.46572182120545,175.73809272625826,176.67,5490386.321,0.020907840440170793,-0.4342105263143473
2018-01-08,175.88665190923695,182.85148865522459,175.69045932484295,177.26,5419198.0596,0.0407138873396596,0.19178082191846887
2018-01-09,177.06052842273346,185.79093674939458,177.06052842273346,183.78,8228598.6006000005,0.04930747922438224,0.7696629213487874
2018-01-10,182.55523809523348,195.60190476189982,182.55523809523348,193.64,13206095.1372,0.07146695325094546,0.849624060150685
2018-01-11,193.2043562066257,193.94009252119778,187.41656386532543,190.85,8828047.101599999,0.033764914953038745,-0.36090225563828904
2018-01-12,186.38663620787588,186.38663620787588,171.7699999999951,171.77,13565915.2244,0.07842105263158387,-0.9999999999995952
2018-01-15,165.19441624364958,165.29251269035012,154.5999999999951,154.6,10158568.507199999,0.06472684085511271,-0.9908256880728415
2018-01-16,154.74282734274215,156.85184210525813,147.63103337611852,152.83,7568177.257200001,0.05958795562599643,-0.20744680851008304
2018-01-17,152.00247027740582,152.00247027740582,141.30981505944052,148.52,6874787.854,0.07034527266860886,-0.32568807339400613
2018-01-18,147.63566092886825,152.73669373172615,146.60564468982963,151.02,5140626.9672,0.04152823920266427,0.5520000000007067
2018-01-19,150.923316078934,157.49586218051903,148.91231316725498,151.61,6160637.4808,0.05687357816055229,0.08000000000056114
2018-01-22,149.5989717223602,152.9833419023087,146.55794344472534,152.64,4129272.0328,0.04295081967213765,0.47328244274878234
2018-01-23,151.95097154072124,153.91289499508818,149.05713444552998,149.94,3115269.4770000004,0.03195610071014172,-0.41414141414032407
2018-01-24,149.5933289516875,150.86855077225925,146.94479132434614,149.25,3329978.3311,0.02622950819672781,-0.08749999999873227
2018-01-25,148.4726235741398,159.36159695816988,147.7368821292729,154.8,7659801.359999999,0.07829534192270195,0.54430379746873
2018-01-26,154.11242531319775,156.5158336010229,152.5428525538017,152.69,2840121.8912,0.025779758115856064,-0.35802469135670084
2018-01-29,157.44628443305072,157.98581998718268,152.0999775784705,153.13,3696779.2442,0.03738317757009968,-0.7333333333323792
2018-01-30,152.2404425642645,154.20230393751532,148.80718516107555,150.72,2613458.9705000003,0.03543814432990316,-0.28181818181722296
2018-01-31,149.83998653651466,151.80188488723823,144.6900033658652,145.72,3455649.7228,0.04746317512275585,-0.579310344826818
2018-02-01,146.30699638988642,147.9745920577564,134.1433574007172,135.86,4401774.037,0.09453570231311374,-0.7553191489357609
2018-02-02,135.86658389499343,138.71144377438318,131.0107023767247,138.27,3192229.1163000003,0.056678700361017804,0.3121019108286206
2018-02-05,135.17144508670032,139.48751445086202,134.38670520230727,135.76,2037900.9711999998,0.03773584905661108,0.11538461538555243
2018-02-06,132.33305499798746,134.14785226816002,122.1799999999951,122.18,5286680.188399999,0.09043736100816109,-0.8483606557372233
2018-02-07,124.48085370907069,125.46179030252277,112.66056775797296,118.35,4421564.7916,0.10283687943263127,-0.47892720306471465
2018-02-08,117.37234885620435,122.3752655228708,117.22520424836121,120.07,2277032.6592,0.04387797743419121,0.5238095238103732
2018-02-09,115.3080139982452,117.22082239719523,110.40337707786047,112.12,2743527.5838,0.05912377711612878,-0.46762589927979203
2018-02-12,112.85574742267558,116.09280927834556,111.38435567009833,114.18,2869470.9168000002,0.04172099087354178,0.2812500000009804
2018-02-13,115.30821515891952,125.26464547676751,115.25916870415179,120.36,4216494.4566,0.08677158655891895,0.504901960784752
2018-02-14,123.59621600314846,127.17658257784284,122.02674024437832,124.43,3335563.8790000007,0.04166666666667443,0.16190476190568476
2018-02-22,126.29761904761412,128.40666666666166,123.20761904761424,125.66,2723549.2158,0.041165048543696944,-0.1226415094329962
2018-02-23,125.5651642475124,130.0286134453732,124.68228418639708,128.41,3154126.3446,0.04257812500000761,0.5321100917439354
2018-02-26,130.2736781193443,137.18956238697515,129.04745750451613,135.62,5142884.239499999,0.06250000000000723,0.6566265060246163
2018-02-27,135.61351674640682,147.8751367053948,133.1121462747733,143.51,6742285.5346,0.10886075949367745,0.5348837209305303
2018-02-28,141.8023145299097,151.31793162392646,139.8893811965764,143.47,6381258.0975,0.08059494984435106,0.14592274678153103
2018-03-01,141.844783783779,149.59425675675172,141.7466891891844,145.18,3734321.496,0.05532503457815342,0.4250000000005685
2018-03-02,142.5294919972115,146.89464161446952,138.3114822546925,140.96,3703787.6028,0.06022023399863021,-0.18285714285655244
2018-03-05,144.64142857142375,147.38809523809033,144.05285714285236,147.29,5607760.158000001,0.023058663953889325,0.7941176470600602
2018-03-06,146.6024293426438,156.90236583041735,145.81767227690867,154.45,7568477.2758,0.07561057209769775,0.7079646017702901
2018-03-07,154.1537745571609,155.47803542672608,149.05291787439134,152.29,3963147.7905,0.04167992363984079,-0.2900763358770536
2018-03-08,151.99809813982836,156.95189223860947,151.2133386786353,152.93,3676931.7446,0.03775411423040337,0.16239316239398838
2018-03-09,152.044323979587,156.26232780611747,150.9162531887707,153.81,4119830.624,0.03516129032258702,0.3302752293586507
2018-03-12,152.53993779159714,159.3085909797773,152.53993779159714,157.69,4388425.8105,0.04437299035370384,0.7608695652180035
2018-03-13,158.41992421849832,158.9103883801655,154.9866750868281,155.33,2941240.0883000004,0.02476780185759126,-0.7874999999985498
2018-03-14,155.18815546771557,156.26721343873,146.65378787878305,148.91,4368480.666,0.06194690265487317,-0.6530612244892197
2018-03-15,147.6385558131783,150.72866512089598,146.55947002318163,148.08,2617014.4139,0.028239202657813982,0.10588235294232609
2018-03-16,148.85904746209135,152.29236980882823,148.66285761370636,148.81,2493523.2399999998,0.024382207578260463,-0.013513513512162588
2018-03-19,150.57902912620875,154.01242718446105,150.57902912620875,151.56,3122264.8529999997,0.02280130293160243,0.28571428571562396
2018-03-20,150.57478344561596,154.8909335899854,150.08431183830126,152.88,2556898.7892,0.0319218241042408,0.4795918367356149
2018-03-21,152.88519340519488,159.11439441977933,151.95326569435156,154.7,5207826.7664,0.04683991017004135,0.25342465753489773
2018-03-22,154.9934180514775,155.4839035516404,149.74522319973445,150.53,3388900.8978,0.03702531645570223,-0.7777777777767892
2018-03-23,144.14767480762313,153.515557042484,142.9705587152846,146.6,5094339.213599999,0.07315413405921045,0.2325581395353269
2018-03-26,147.63154780441772,160.77615073185424,144.10016194331536,157.49,7811453.6448,0.11295681063123529,0.591176470588493
2018-03-27,157.25123205741158,164.55953947367928,156.46644736841637,164.02,7739900.344,0.051466001247666635,0.8363636363641384
2018-03-28,162.8395017793546,171.3738612099593,161.2699644128066,165.39,6362085.5940000005,0.06204819277109003,0.2524271844664783
2018-03-29,165.5318346409123,168.13129752564367,160.3819553409728,162.54,4116552.3742,0.046814814814820624,-0.38607594936640427
2018-03-30,163.13605568445,171.81767981438017,162.69461716936885,169.12,5488736.038399999,0.0559230306674741,0.6559139784950926
2018-04-02,171.17885592087222,184.9124031007703,169.26596899224356,183.49,12299198.908799998,0.09140401146132346,0.786833855799634
2018-04-03,180.99086307937714,184.66953915822629,176.5764517847582,184.13,8179929.2108,0.044715447154476805,0.38787878787935015
2018-04-04,183.44101722723042,193.29974569318586,176.18185397866625,179.37,11678988.9831,0.09331550802139515,-0.23782234956990003
2018-04-09,182.9438973284394,188.48616553168702,178.13732844420696,187.26,6685636.4212,0.056568364611265104,0.417061611374844
2018-04-10,187.3593922651882,189.12508287292295,169.99676795579637,177.55,9042569.588,0.10209424083770127,-0.5128205128202288
2018-04-11,177.40668062534402,177.45572864321113,171.1775823562208,175.69,6696309.3642,0.035388443461437574,-0.2734374999991769
2018-04-12,174.85762950449956,179.90961711711205,172.6504504504456,174.22,4711048.857600001,0.041514726507719354,-0.08783783783714673
2018-04-13,176.08473451326947,182.36296460176487,175.2018584070748,177.36,5100418.2624,0.04066852367688565,0.17808219178148393
2018-04-16,177.3580530016177,181.87048134126061,176.76947539209905,181.38,5647959.097999999,0.028761061946908077,0.7884615384623485
2018-04-17,181.97245901638848,191.29180327868332,178.68616393442136,179.52,7782299.358,0.06927223719677066,-0.19455252918247495
2018-04-18,178.87575263157422,186.62523684210032,174.60863157894278,186.38,7874877.18,0.06717850287908372,0.624489795918727
2018-04-19,185.35005013787452,204.77281273501617,185.35005013787452,195.65,15415417.5013,0.10478962688542426,0.530303030303256
2018-04-20,194.22810730986475,200.84952005906467,189.37240462711813,199.28,9211955.7959,0.059090909090913885,0.44017094017133146
2018-04-23,196.67683813627264,199.12916778884463,179.36339078911448,182.11,8723425.0501,0.10049875311721158,-0.7369727047143534
2018-04-24,183.38626562499525,188.68332812499509,175.34257812499544,188.34,5426871.552,0.07274672372292558,0.37132352941210334
2018-04-25,186.13289062499518,193.24468749999497,184.3181562499952,188.34,3933330.4319999996,0.04795783926219213,0.2472527472532662
2018-04-26,187.02190301441186,193.00581913498837,185.40330275228868,187.12,3527712.5694999998,0.040650406504070286,0.012903225807097176
2018-04-27,187.21099481864798,189.7614196891142,179.02020725388135,189.32,4743286.888,0.057374901755310105,0.19634703196391082
2018-05-02,186.33237415671545,191.4823871302493,185.15522833419342,189.03,3270214.5791999996,0.03395630429060791,0.42635658914799723
2018-05-03,187.2172121865681,189.03199784307924,177.309463467237,181.92,5825944.018300001,0.06261461881058926,-0.4518828451878245
2018-05-04,181.03809704526478,185.15817294659294,179.51759284358417,180.94,2817778.4614,0.03115686805744226,-0.017391304346947523
2018-05-07,181.72611583421408,184.8161955366582,178.78318278426732,184.62,3809120.1972,0.033198380566806726,0.4796747967487054
2018-05-08,184.1789910431985,191.2910958904059,183.9337460484672,186.19,5057553.5296,0.03994673768309441,0.2733333333339663
2018-05-09,185.69912950026367,186.18961848468064,180.99043524986078,182.56,2372923.88,0.027997886951933428,-0.6037735849045963
2018-05-10,181.67189398122082,183.29046107122628,174.41286581998415,177.65,5327826.8993999995,0.04886609071274803,-0.453038674032546
2018-05-11,176.471423794924,179.80662580105374,175.09810532181177,176.03,2374675.4882,0.02668148971651453,-0.09374999999893036
2018-05-14,177.55387731480968,178.53483796295777,168.2347511574025,169.51,3723661.3248000005,0.058011049723762184,-0.7809523809518306
2018-05-15,171.67127453690426,177.80239148465085,169.36597456455155,177.41,3623716.0456,0.04914285714286274,0.6802325581400382
2018-05-16,180.00796854521153,188.83669724770147,180.00796854521153,187.12,7638065.673,0.04904632152589085,0.8055555555560211
2018-05-17,188.10244385732662,188.83817701452605,183.44280052839673,185.65,3123503.12,0.028683181225559302,-0.45454545454446277
2018-05-18,185.20800414722171,189.32809745981882,184.07988335924873,189.23,3858110.7246,0.028336864406784845,0.7663551401877094
2018-05-21,188.1023909067105,189.32861249019624,184.91421478964762,187.71,3291076.8702000002,0.02346805736636766,-0.08888888888774875
2018-05-22,185.4990531914844,187.60811170212264,179.51521276595264,184.42,4349209.672,0.04362771020624527,-0.1333333333327079
2018-05-23,183.77805563056484,187.5056062651853,180.54097218471023,181.62,3499357.2180000003,0.03789698425407496,-0.30985915492882843
2018-05-24,180.05716479297558,183.0491253084677,177.94807787221885,178.88,3079727.385,0.0283301552710488,-0.23076923076822203
2018-05-25,179.76287359473045,181.87196051548716,177.4575925418103,178.88,2551152.7223,0.024556616643934416,-0.19999999999884083
2018-05-28,179.02685347343316,179.02685347343316,163.87088149444935,168.04,5819087.0376,0.08465753424658057,-0.7249190938507594
2018-05-29,167.84582535884664,169.85683612439686,163.8238038277463,164.02,3070157.4991999995,0.03594389246055527,-0.6341463414624897
2018-05-30,161.90713769207102,167.40050316359844,158.57188008435796,162.79,3149809.9921999997,0.05452893062708866,0.10000000000054657
2018-05-31,162.3490126731458,166.46904804007758,162.3490126731458,166.42,2763578.8205999997,0.025377643504537584,0.9880952380961943
2018-06-01,166.41620234603616,172.15469208210638,163.9148093841594,167.25,3416237.231,0.04951370468612417,0.10119047619106131
2018-06-04,168.28238095237617,172.20619047618555,168.28238095237617,172.01,3470108.4642,0.02331681725445039,0.950000000001008
2018-06-05,172.94236820314177,178.04333425337623,170.78426718188874,177.7,3589283.2750999997,0.04197390811117954,0.6554054054059943
2018-06-06,177.80312084992886,186.23957237715305,176.67499070384656,184.67,5167588.6275,0.05379310344828104,0.7179487179491582
2018-06-07,185.2009531374057,188.830420969018,182.50337569499118,185.25,4208646.135600001,0.03416313559322552,0.007751937985277917
2018-06-08,185.6428457658565,187.359490310587,180.19863020971115,184.76,4093638.8302,0.03857331571995241,-0.12328767123217453
2018-06-11,184.17140939596817,184.61283221476012,180.0024161073777,182.7,2789372.0075,0.02503328894807443,-0.3191489361690747
2018-06-12,183.34189311352876,187.75622440839703,183.24379686253167,184.47,2475351.4191,0.02461209202782781,0.25000000000103106
2018-06-13,181.62235668789307,183.9275823871453,176.57047909165948,177.11,3044915.8074,0.04050769646233314,-0.6133333333325832
2018-06-14,176.81429558010558,179.90425414364142,175.09765193369682,177.55,2694494.148,0.02718446601942288,0.15306122449079446
2018-06-15,178.53129411764178,179.02176470587705,165.53382352940687,166.76,4265460.82,0.07554945054945564,-0.872727272726844
2018-06-19,166.7643198090642,169.02054295942216,159.50516706443437,164.41,3547628.4184000003,0.05705882352941744,-0.24742268041182655
2018-06-20,163.5782779966189,174.51619583567316,162.2539561057917,174.32,3919376.7887999997,0.07496251874063523,0.8760000000003304
2018-06-21,171.81036304603975,174.1155548996406,165.77762691853107,166.17,3949368.9004,0.04852983157294298,-0.6764705882346222
2018-06-22,164.30811209439045,169.99758702064395,162.7386017699067,166.27,2555700.999,0.04417910447761778,0.27027027027090733
2018-06-25,167.69714578453844,169.56099238875385,164.75423009367202,167.55,1921338.0816,0.028663351857273988,-0.030612244896933934
2018-06-26,164.26186053240264,173.728130787032,161.85850694443974,169.51,3176594.1504,0.07226037623171669,0.4421487603309548
2018-06-27,169.70856154510898,172.40624099163526,168.43329489766018,170.15,2288675.8721,0.02341040462428314,0.11111111111231836
2018-06-28,169.12002334402771,171.8667522614481,167.79570761598575,168.09,1688725.1889000002,0.024071925754065984,-0.2530120481914966
2018-06-29,166.7641509433916,177.40762763595512,166.7641509433916,176.77,3316540.9956,0.06382352941177033,0.9400921658989909
2018-07-02,177.50238981658418,183.24093074185095,175.09906925813917,179.17,3600751.5063000005,0.04586902459243415,0.2048192771090174
2018-07-03,178.5315573770446,191.67618852458526,177.84489754097905,191.48,7144864.608,0.07747252747253268,0.9361702127662432
2018-07-04,190.35771670189771,190.40676532769052,185.25665961944543,185.6,4021619.6856000004,0.027054882762179735,-0.9238095238083952
2018-07-05,185.4990640129052,187.75526627218431,180.8885637439435,182.36,2997847.1952,0.0370174510840877,-0.45714285714207653
2018-07-06,182.36043296817468,192.7095592070894,182.16424100156019,188.05,6296568.998400001,0.05782678859602462,0.5395348837213457
2018-07-09,190.06285456420346,192.22098762248086,184.32418256832943,190.21,4419538.2686,0.04154838709677928,0.018633540373289466
2018-07-10,189.1738431975355,193.4409223674047,187.75148347424576,191.43,3901754.9430000004,0.03007518796992988,0.3965517241387284
2018-07-11,188.34188938872217,189.5190261974017,182.45620534532463,185.35,3884825.9823,0.037500000000005036,-0.4236111111103546
2018-07-12,185.35602665982606,193.44910535759564,185.3069776980214,191.34,4502155.4129,0.04392696480550917,0.7349397590366592
2018-07-13,191.1886008992279,193.10146786563888,183.38998942078328,185.45,5031976.7447,0.05079527963058476,-0.5909090909085217
2018-07-16,185.157118510745,190.06194284215545,184.5194913476616,187.07,3157258.9492,0.029933774834442373,0.34513274336365657
2018-07-17,186.48233341975148,189.81763028259817,182.70560020741036,189.18,2733780.6594,0.03813782219884804,0.37931034482821735
2018-07-18,189.2300953895021,189.81868044514601,184.81570747217316,185.11,2094242.0394000001,0.026438569206848155,-0.8235294117635498
2018-07-19,184.46761470350995,186.33141937214418,180.05334048832358,182.8,2301772.4653000003,0.03403350172826899,-0.26562499999917627
2018-07-20,181.47526825437893,189.51903690132977,180.7395577074017,187.41,3087951.0845999997,0.048378378378383664,0.6759776536317642
2018-07-23,189.6217633872929,204.04204234121534,189.57271481942243,196.93,7561903.5965,0.0763062596999531,0.5050847457630174
2018-07-24,198.64669987546205,200.31435118305853,195.0171058530462,196.93,5446275.23,0.026666666666671685,-0.3240740740730836
2018-07-25,197.02571964017497,199.13478260869067,193.73950524737145,196.29,3937344.8886,0.02738361961663432,-0.1363636363627
2018-07-26,197.9556916688243,199.3780690371087,188.2442875681238,188.98,4624309.337300001,0.056243805748270266,-0.806167400880543
2018-07-27,188.19475263157398,191.03949999999497,183.437157894732,186.38,3037730.64,0.040396142819916596,-0.23870967741867585
2018-07-30,187.40998941518424,187.55713151626918,181.81858957395653,185.35,2831521.9398999996,0.030620256477367234,-0.358974358973441
2018-07-31,184.41998947921658,188.44191478168884,184.1257022619625,186.48,2369569.5058000004,0.023404255319154254,0.4772727272737572
2018-08-01,187.315806974853,191.04348472559636,180.35093538793782,181.43,3255658.9443000006,0.057083006022524,-0.5504587155958182
2018-08-02,180.0057582668136,180.0057582668136,167.84188141390626,172.06,5301209.6175999995,0.06757493188011433,-0.6532258064511557
2018-08-03,172.60048161868986,176.23004559703116,172.01190367625614,172.11,2226141.8828000003,0.02443876101165667,-0.1162790697662458
2018-08-06,172.1090772847437,173.82575374668897,164.45760505435896,166.91,2651123.8247,0.054431461954978354,-0.5549738219889483
2018-08-07,166.76329331045835,171.86428816466062,164.21279588335722,171.57,2335754.52,0.04588235294118232,0.6282051282056849
2018-08-08,171.1732014388438,171.1732014388438,163.4728597122253,163.62,2815743.1272,0.044985673352441205,-0.9808917197444561
2018-08-09,162.34397572955325,173.1342097659586,159.94069633053567,169.75,3268274.215,0.08126888217523229,0.5613382899631534
2018-08-10,169.21986417656564,173.48714770797469,168.53317487266074,173.34,2619464.4120000005,0.029275362318846303,0.831683168317662
2018-08-13,171.32656310679138,177.8009708737815,170.00225242717974,176.82,2793987.476,0.045519610649876904,0.7044025157238032
2018-08-14,176.47141255604882,176.47141255604882,173.5776345291431,175.0,1359495.0592,0.01639799888827669,-0.5084745762693043
2018-08-15,175.68665919282017,179.75756726456893,173.13621076232695,175.0,2591439.4704,0.03768844221106083,-0.10370370370294478
2018-08-16,171.7123932840019,174.60614684120162,169.30910643141237,172.35,1521138.5629999998,0.030848329048848745,0.12037037037128007
2018-08-17,174.5604761904711,175.09999999999488,166.71285714285227,167.89,1854517.7321999997,0.048047204270868026,-0.7953216374262233
2018-08-20,168.14084765177066,171.5252462772001,165.5412371133973,171.28,1671761.4768,0.035589264877485254,0.524590163935162
2018-08-21,171.18170259811575,179.0295743504649,170.69121061359394,177.46,2914294.2966,0.04871060171920331,0.75294117647109
2018-08-22,176.32523676879734,178.92474651810085,175.9819052924742,176.08,1609043.744,0.016689847009741195,-0.08333333333164224
2018-08-23,175.73620546809786,179.41474730736869,175.73620546809786,177.6,1735834.6179,0.020932179737655605,0.5066666666678648
2018-08-24,178.33862778730193,178.33862778730193,169.804271012002,171.57,2795982.8819999998,0.04785478547855319,-0.793103448275195
2018-08-27,171.71848132779607,178.34001659750544,171.66943291839084,177.31,3198148.9275,0.03884604398743768,0.8382352941182604
2018-08-28,177.45428571428084,181.23095238094743,177.0128571428523,179.22,3150596.4588,0.0237700386954173,0.4186046511638581
2018-08-29,179.32236576723417,180.89192695556883,177.0661215590031,179.96,1880132.8205999997,0.0213347921225438,0.1666666666678984
2018-08-30,180.00143943508473,182.69900869092388,178.23575774035368,180.59,2501356.0222000005,0.024795640326980773,0.1318681318692032
2018-08-31,180.98229571983933,180.98229571983933,173.96861867703797,176.47,2690182.1436,0.038753387533880655,-0.6433566433558525
2018-09-03,176.57416267942116,184.96143540669368,174.1217437533181,184.52,3989291.7635999997,0.06138888888889423,0.7330316742085283
2018-09-04,184.1701036269382,192.85135751294834,182.9929844559538,189.32,5181868.58,0.05352862849534456,0.5223880597019426
2018-09-05,190.74811703510554,191.92527178152946,187.8542782834801,188.59,3103695.535,0.021342247364366355,-0.5301204819263613
2018-09-06,188.83238415738572,192.51093709551662,186.42906290447354,189.47,3010518.5682,0.032207792207797396,0.10483870967821193
2018-09-07,188.98582251655128,191.78161589403464,181.62847152317397,185.16,3275614.31,0.053724370620300964,-0.3768115942023777
2018-09-10,185.6471766603876,189.3257865017427,181.03665232588918,182.41,2798099.7324,0.04464993394980709,-0.3905325443780606
2018-09-11,182.36093060355802,186.87335814942338,179.0747061951561,184.47,2226688.0148,0.04276492738031731,0.27044025157292284
2018-09-12,184.0308574407041,191.09387542350296,183.98180870471242,188.2,3593888.8310999996,0.038646055437105475,0.5862068965523284
2018-09-13,188.15090487238493,190.50524361948465,185.45322505799984,190.26,2981661.6204,0.026850886339942672,0.41747572815622785
2018-09-14,189.4729308953969,190.2086528636679,181.4780855068518,182.41,3320817.827,0.04607817758219495,-0.808988764044292
2018-09-17,182.74753972602238,185.98461369862505,178.0390684931458,179.02,2680531.165,0.04347826086957053,-0.4691358024684562
2018-09-18,179.12518598382266,182.0680970350355,175.29940161724593,181.97,2435721.106,0.03778751369113343,0.42028985507312777
2018-09-19,181.6719155672775,188.24427968337233,180.10239577835935,185.89,2774784.828,0.04481641468683031,0.518072289157168
2018-09-20,185.94243548386595,186.580064516124,181.96951612902737,182.46,1848849.3,0.024795568451601014,-0.7553191489349402
2018-09-21,183.2414247166707,183.38856718833827,179.26857798164653,181.77,2307959.3074000003,0.0224839400428319,-0.35714285714157507
2018-09-25,181.32629687499528,192.263749999995,180.59059374999532,188.34,4937955.84,0.06437652150392724,0.6008403361348228
2018-09-26,188.38859726168462,189.85999999999513,186.67196073365577,189.86,3313155.6094,0.016922676386362908,0.46153846153985906
2018-09-27,189.76764015644875,192.22005215123355,185.89282920468875,188.1,3079587.4524999997,0.03334194882399051,-0.2635658914720503
2018-09-28,188.92998425196356,189.66569291338084,185.10429921259356,186.87,2372054.946,0.024143302180690503,-0.45161290322463493
2018-10-08,184.46952799999508,188.83479999999497,182.16427199999515,183.93,3047316.375,0.03616059558628546,-0.08088235294042792
2018-10-09,184.5216934800964,185.3064747389166,166.7660174992897,173.78,5127241.4667,0.10047846889952636,-0.5793650793647831
2018-10-10,172.00629711751188,177.20523281595965,170.19157427937446,176.96,2211828.8367999997,0.04077559167380091,0.7062937062943027
2018-10-11,167.4943404377832,174.90038594469542,167.4943404377832,170.29,2933199.416,0.044216691068819716,0.37748344370921993
2018-10-12,170.05274057399632,175.39907709622463,167.7474395047786,174.32,2433778.8446,0.044995673492938856,0.5576923076928798
2018-10-15,174.31956274843344,178.58681147075018,172.7009511641064,172.75,2006987.046,0.033764772087793826,-0.26666666666578953
2018-10-16,173.03808273893944,176.86375463622892,165.7300684736044,171.91,2408868.3815,0.06434240362812338,-0.10132158590263506
2018-10-17,173.57757724515812,174.8037539705407,166.02432861680143,169.85,1942118.9674000002,0.05057925967788054,-0.42458100558598433
2018-10-18,169.21816838995068,170.10104579024608,165.049025110778,166.03,1644303.693,0.02985507246377381,-0.6310679611639511
2018-10-19,161.5147426361154,165.29143112168506,153.51993454328613,164.85,4057747.7356999996,0.07288187063468539,0.2833333333337263
2018-10-22,166.9127180067903,175.8886296715692,166.9127180067903,173.24,3003397.7012,0.05377607992947957,0.7049180327873545
2018-10-23,173.77861564917814,175.20102034966536,170.09998280309054,171.13,2159067.8646,0.029353655094558298,-0.5192307692296996
2018-10-24,171.37334687953054,172.50144847604722,167.4004673439719,168.97,1441793.1320000002,0.029765311963371326,-0.4711538461527864
2018-10-25,164.11890930299901,168.72954214056082,162.35313502478385,168.19,1627341.6779999998,0.03885236102809887,0.6384615384622094
2018-10-26,168.23285166617018,171.17570038336268,164.89762312001872,166.32,1358299.2991,0.03731778425656549,-0.30468749999916633
2018-10-29,166.02519975414364,166.66281499692172,156.9514443761476,159.6,2039351.4356,0.05849335302807058,-0.6616161616155904
2018-10-30,160.14189476885156,161.85857664233083,155.97281021897336,161.27,2015304.6336000003,0.03675344563553424,0.19166666666747315
2018-10-31,161.9061904761856,165.192380952376,160.92523809523328,163.77,1252875.6072000002,0.026355649803095908,0.4367816091964596
2018-11-01,165.2955780346773,172.1134075144459,164.80508670519754,169.71,2739998.912,0.044213649851637914,0.6040268456381721
2018-11-02,171.66808752486014,174.07144075020818,170.49093492468964,172.6,2195744.7995999996,0.020857142857148746,0.2602739726040328
2018-11-05,172.69953276352783,174.31813105412607,169.51138461537977,172.16,1703508.651,0.027833001988077203,-0.11224489795813727
2018-11-06,171.17570932251962,172.30380138968812,167.5952431962893,169.41,1717615.8273999998,0.02750716332378797,-0.37499999999887235
2018-11-07,169.41573713288255,172.80012794416479,168.04236115149263,168.68,1383145.166,0.02808338158657208,-0.15463917525666976
2018-11-08,169.9470323740956,170.63368705035458,163.17857913668578,163.62,2415812.772,0.04386724386724924,-0.8486842105255469
2018-11-09,163.17809323307782,164.79663157894242,161.41241503758914,163.08,1253109.0425,0.020739404869257582,-0.02898550724492057
2018-11-12,163.0866182572566,165.48999999999512,162.74327800829394,165.49,1308021.8606000002,0.016842105263164018,0.8750000000014612
2018-11-13,164.0680502215609,167.15812112259476,162.84183161003952,166.03,1981879.588,0.026307922272053644,0.4545454545464854
2018-11-14,165.24142857142357,166.27142857142354,162.34761904761416,162.74,1867714.1448,0.023745918670234324,-0.6374999999985833
2018-11-15,163.81539345203433,171.02523262492326,163.81539345203433,170.78,4196698.6064,0.04401197604791002,0.9659863945583734
2018-11-16,170.68427454386992,172.1066434984022,168.47715030407852,169.36,2005405.716,0.02126436781609778,-0.3648648648633995
2018-11-19,169.36665606935927,170.20049132947486,166.42370809248072,169.71,1752913.1580000003,0.02229944975384316,0.09090909091036736
2018-11-20,168.48141862488632,173.04292428197928,166.76472294748572,169.07,2543185.2249,0.037263464337705735,0.0937500000007664
2018-11-21,167.2580985915444,168.23908450703732,165.63947183098108,167.16,1587558.1823999998,0.015542521994140647,-0.03773584905471269
2018-11-22,167.79674591381377,168.72867756314506,164.4123625557158,165.05,1298994.315,0.025723472668815944,-0.6363636363623605
2018-11-23,165.04864741640836,166.0786686930041,160.781416413369,161.37,1333482.073,0.03209509658247247,-0.6944444444433858
2018-11-26,161.81098833639777,163.28244321669237,159.40761203191656,159.8,1179771.9732,0.02394665050015757,-0.5189873417707588
2018-11-27,160.87715610509545,161.2204914992222,157.00237094280808,158.67,1541306.3685,0.026219512195128122,-0.5232558139521931
2018-11-28,157.93520439291768,161.6628676021915,154.01134838315573,160.78,1985443.2972,0.04844720496895021,0.37179487179546544
2018-11-29,161.41668315300888,163.32955177742923,158.66999999999507,158.67,1417385.8114999998,0.028866605894870757,-0.5894736842093412
2018-11-30,157.2924159210072,160.3823511261907,157.24336933044876,158.96,812788.6753,0.01995634549423758,0.5312500000013883
2018-12-03,162.25283313324843,164.46002100839843,160.19279111644175,163.43,1659240.3716,0.026299879081021844,0.27586206896660276
2018-12-04,163.12942056074255,163.12942056074255,155.23289719625683,157.44,4267007.097,0.04840649428743808,-0.7204968944092229
2018-12-05,152.24287697160403,156.31380441639885,152.24287697160403,155.48,1762041.964,0.026739690721655843,0.7951807228925735
2018-12-06,154.99143769967557,156.6100191693241,152.24475399360537,153.52,1306149.0,0.02816455696203164,-0.3370786516841924
2018-12-07,153.0328530259317,154.94576368875585,152.54236311238705,153.18,1104691.9194,0.015705128205134616,0.06122448979793607
2018-12-10,153.52204355108364,153.52204355108364,143.27089112227327,146.41,3031981.8105,0.06677316293930317,-0.6937799043056753
2018-12-11,146.41186835105898,148.0304920212717,145.6761303191441,147.54,1434661.3887999998,0.016080402010057036,0.4791666666685317
2018-12-12,148.12950495049017,150.38578217821285,147.54091089108422,148.62,1565151.651,0.0192052980132517,0.1724137931051088
2018-12-13,150.09087979374314,152.93573960682716,149.1589429584225,152.2,1966682.3309,0.025163398692817005,0.558441558442707
2018-12-14,151.70187356697835,153.66374713396158,149.10239109072555,149.74,1943519.6502,0.03006789524733921,-0.43010752688055215
2018-12-17,149.69052495973753,153.2709339774508,148.70959098228184,152.29,1613121.399,0.03047182175623205,0.5698924731192254
2018-12-18,151.11902612060138,153.62050951305537,150.089003547238,152.1,1778172.0089,0.02336903602727031,0.27777777777908874
2018-12-19,152.68379186991373,152.7818861788568,149.39763252032034,150.82,1373865.72,0.0221651140379119,-0.5507246376795508
2018-12-20,149.89001002338293,150.67477447376712,145.76999665886586,146.8,1477398.674,0.03272251308901154,-0.6299999999988782
2018-12-21,145.6761303191441,148.128590425527,145.28373670212284,147.54,1217179.0784,0.01952861952862623,0.6551724137945905
2018-12-24,147.14809873248345,148.61957971980829,145.72566711140277,147.05,905214.9208,0.019666666666673376,-0.03389830508304547
2018-12-25,145.18378559463503,146.90048576213914,143.17279396984446,146.41,979747.7445000001,0.025675675675682352,0.3289473684222733
2018-12-26,146.36151098900598,147.73487637362132,142.8299999999951,142.83,1470269.3824,0.033512064343170264,-0.7199999999988512
2018-12-27,145.0333033788589,145.0333033788589,134.88048166786,136.45,2605261.4874000004,0.07000338180589061,-0.8454106280187594
2018-12-28,136.44952002886552,138.4114110429398,131.74098159508728,135.91,1935354.7949,0.04888569374551375,-0.08088235294042988
2019-01-02,135.7661759425445,138.07145421902555,134.63806104128778,136.6,1312643.1885000002,0.025289017341047732,0.24285714285849935
2019-01-03,135.2279312738586,146.1658451926364,135.2279312738586,141.31,2878566.4192999997,0.08088501994922685,0.5560538116595877
2019-01-04,139.8384775915108,144.4981252138165,139.8384775915108,143.37,1578153.4224,0.03332164152929493,0.7578947368429891
2019-01-07,145.42297429221784,151.99520989260813,145.42297429221784,150.72,3235277.7547999998,0.045193929173699667,0.8059701492543556
2019-01-08,149.5457184655348,152.48856631989102,148.22143693107452,150.87,2246631.0392,0.028533945555926424,0.31034482758728416
2019-01-09,149.93474186122495,151.70041104899207,149.05190726734136,149.15,1658024.9676,0.01766437684004592,-0.2962962962943367
2019-01-10,148.47232277033163,151.80767722965854,146.75559621038397,150.14,2374222.1021,0.03402708952759148,0.3300970873795468
2019-01-11,150.1366494010958,152.78525412754442,148.91044350922147,151.51,1431760.7670000002,0.025808559294354726,0.35443037974801034
2019-01-14,151.50665029469053,152.6347347740618,149.0542927308399,149.79,785034.9756,0.023632243444486903,-0.47945205479302083
2019-01-15,149.88812319537536,153.12523580365243,149.20146294513478,152.88,1407053.0742000001,0.0261780104712105,0.762500000001062
2019-01-16,152.9328548542085,154.99288689522095,152.1971291252755,153.08,1353717.8329,0.01828094932649784,0.05263157894910564
2019-01-17,153.76140096617863,153.8104476650514,151.45620611915777,152.29,854083.3454999999,0.015311004784695395,-0.6249999999976565
2019-01-18,152.7857258064467,153.5214516128983,150.8237903225758,152.05,782723.65,0.0176565008025746,-0.2727272727253528
2019-01-21,152.05138844557447,154.3076348547669,150.87421640599584,153.67,1200408.6367,0.02258064516129684,0.471428571429854
2019-01-22,153.03153692614262,153.12963406519785,146.99856287424663,147.44,1575592.1946,0.04006410256410878,-0.9119999999990541
2019-01-23,147.14847590953303,150.82718780727134,146.9032284496838,149.65,1183253.1597000002,0.026666666666673194,0.6375000000010911
2019-01-24,150.96529974489317,154.3985586734645,149.24867028060748,153.81,1731434.208,0.03411306042885649,0.5523809523817894
2019-01-25,153.81333333332836,154.25476190475692,151.4099999999951,151.41,1153344.2571,0.01849489795919004,-0.8448275862048801
2019-01-28,152.34287590281838,152.98049901509677,148.12475377543834,149.4,1163766.9440000001,0.03187379265937547,-0.6060606060594679
2019-01-29,148.76433165828647,150.3338860971474,142.7804053601292,146.41,1194586.254,0.05077481041873384,-0.31168831168761973
2019-01-30,146.06859069453319,149.40393796358228,144.79331085636733,145.48,935356.8702,0.031564808596380056,-0.1276595744669982
2019-01-31,145.81617028493403,147.58185549524603,144.2466723202122,144.59,979122.4828,0.022872519340740038,-0.3676470588219572
2019-02-01,145.13471723219746,148.17572854290927,144.3499401197557,147.44,1173070.1574,0.026360256843534945,0.6025641025652193
2019-02-11,148.47228747566032,151.2680986372436,147.49130110317498,151.17,1276134.7692,0.025437727122569965,0.7142857142868292
2019-02-12,151.17041746948777,153.8190879897189,150.58182402054751,152.74,1492214.1642,0.02141466580143412,0.4848484848498486
2019-02-13,153.27658582089077,158.91716417909953,151.5598880596968,157.74,3382178.4384,0.04800000000000611,0.6066666666672511
2019-02-14,157.83713226204705,159.84810877626208,156.46378244746117,158.72,2541678.6624,0.02144188937228728,0.2608695652187579
2019-02-15,157.83231649189204,158.42087702573377,154.05571973307423,154.35,2310335.1182999997,0.027656929770049722,-0.7977528089874606
2019-02-18,155.28158796992017,163.12904661653644,155.28158796992017,163.08,3666700.275,0.05053695514845822,0.9937500000005006
2019-02-19,162.84288310114587,164.21625681404709,158.91895820714234,161.96,2633706.8992000003,0.03253012048193366,-0.1666666666657052
2019-02-20,161.8571428571379,162.24952380951882,158.08047619047133,159.65,2309127.2715,0.02575757575758177,-0.5294117647045784
2019-02-21,162.35345679011843,167.2583950617232,158.0371111111062,158.92,3708794.9519999996,0.05679758308157677,-0.3723404255313424
2019-02-22,157.1518384827116,160.53619455490482,157.05374120525676,160.34,2345322.4746,0.022159800249693887,0.9154929577476373
2019-02-25,161.0764746945852,169.8562216404837,159.70310645723794,168.63,5612028.5826,0.06303288672351372,0.743961352657415
2019-02-26,167.99398315282284,168.09208182911647,162.1571119133525,163.04,4320622.953600001,0.035328467153290403,-0.8347107438006828
2019-02-27,162.59615269907061,170.05154190276858,162.59615269907061,164.46,5103726.0316,0.045852187028663505,0.25000000000062406
2019-02-28,168.62425645591665,169.85043633125053,162.64049866428724,165.24,3749209.1688,0.04275741710297265,-0.4693877551012952
2019-03-01,165.78095238094738,165.9771428571379,160.87619047618563,163.77,2448725.7690000003,0.030769230769236842,-0.3942307692297191
2019-03-04,163.77472511143645,167.69864784546309,163.33328380385845,165.05,4594883.6085,0.02665468703205153,0.29213483146172986
2019-03-05,163.13612407680463,166.0299999999951,162.69468537665693,166.03,3354256.076,0.02044497895370426,0.867647058824735
2019-03-06,167.00906000590697,168.13716819390578,163.62473544191064,165.93,4148726.8265,0.027019089574161468,-0.239130434781467
2019-03-07,165.8338528267973,166.0790966197976,162.84187855219378,163.97,3620113.6391,0.01952085181899427,-0.5757575757558859
2019-03-08,161.07581789638428,161.86059654630574,155.97475667189462,156.22,3875633.8075,0.03654080389769173,-0.8249999999990286
2019-03-11,156.9514443761476,159.74714197909773,156.46097111247215,159.6,3134565.5094,0.020937500000006187,0.8059701492549785
2019-03-12,160.34177049179848,165.78622950819175,157.54596721311003,164.56,6535750.023,0.05139186295503804,0.5119047619052971
2019-03-13,164.5567114093909,168.67676021964095,160.19142159853078,160.78,5614432.197,0.051564828614014714,-0.4450867052016769
2019-03-14,161.51673507462186,161.81102611939798,156.0233022388011,157.74,3011345.016,0.03583358639539034,-0.6525423728803934
2019-03-15,155.6262006269544,159.40282131660945,155.6262006269544,156.46,2703409.841,0.024267254963763012,0.2207792207804582
2019-03-18,156.26757752532524,160.87810868897262,156.12043291371947,159.75,2779091.2704000003,0.030445699937231528,0.731958762887481
2019-03-19,159.80175334323448,165.14809806834577,159.80175334323448,165.05,5581863.682499999,0.03345610804174952,0.9816513761475224
2019-03-20,165.29386892177092,165.29386892177092,159.30993657504803,162.4,3145573.8314,0.036201780415436285,-0.4836065573761479
2019-03-21,161.3676167374117,163.1333414190369,161.2695209217659,161.76,2110825.2062,0.011550151975689957,0.2105263157919964
2019-03-22,161.2681009615336,164.3090444711489,161.17000600961052,163.23,3152749.5168,0.019464720194653343,0.6250000000013616
2019-03-25,162.69232349536566,171.86430555555057,161.7604108796249,169.51,8023430.592000001,0.062104311124516025,0.6747572815538148
2019-03-26,169.21528837350718,169.26433628318063,160.3866646322807,160.73,4095066.6753000002,0.05246376811594746,-0.955801104971718
2019-03-27,161.11950507223608,162.24758684290924,156.36194282200566,159.55,3034239.0030000005,0.03652968036530268,-0.2666666666657911
2019-03-28,159.40379825653304,163.47472602739217,156.95143212950944,157.54,2017978.8287999998,0.04092307692308286,-0.2857142857134944
2019-03-29,158.52190476189992,161.0233333333284,157.5899999999952,160.68,2297708.7588,0.02165841584159012,0.6285714285726836
2019-04-01,161.86278026905342,165.59052914797707,161.86278026905342,164.07,3740710.8240000005,0.02303030303030903,0.5921052631590618
2019-04-02,165.63380952380462,170.09714285713778,163.32857142856653,164.8,5014415.28,0.04086467278650281,-0.1231884057963596
2019-04-03,164.41093064611252,165.78429164196305,162.3999377593313,165.49,3258208.0314,0.02058472553699859,0.31884057971149893
2019-04-04,166.759516081435,167.64236057833673,164.79763942165343,166.22,3961581.0392,0.017058823529417677,-0.18965517241199453
2019-04-08,166.4710144057573,168.18771608642953,161.90949279711398,163.43,3126645.1748,0.037713612256929825,-0.4843749999991386
2019-04-09,164.25807877329632,164.6014070956054,162.1490619362549,163.13,2002719.9681999998,0.014929829799946295,-0.4599999999978116
2019-04-10,163.32479141835026,164.89427890345152,162.343861740162,164.6,2715034.8752,0.015615615615621461,0.5000000000017542
2019-04-11,164.8029090909041,166.17626666666163,161.8599999999951,161.86,2604212.82,0.0261904761904821,-0.681818181816887
2019-04-12,161.12379154078062,163.03667673715518,159.11280966766887,162.35,1912184.0210000002,0.024353120243537384,0.3125000000011712
2019-04-15,163.7170660146649,164.64894865525167,160.43095354522734,160.48,2355164.9864,0.025763930497309802,-0.7674418604637683
2019-04-16,160.03863005431018,162.6380929390415,159.40102595050814,162.54,2458753.3688,0.02022678516703018,0.7727272727285597
2019-04-17,162.10475830815216,163.52716012084096,161.17283987914917,162.35,1930263.903,0.01452344931921954,0.10416666666872171
2019-04-18,162.35179623085503,169.07149293285718,162.30274734981853,166.57,5635012.0056,0.04169184290030791,0.6231884057977384
2019-04-19,166.71670630201643,166.76575505350274,161.86087990487033,165.0,3402807.1040000003,0.029420417769938034,-0.34999999999892734
2019-04-22,165.29577084582584,167.94442711457202,162.94140971805146,163.53,2615454.9864000003,0.030267062314546032,-0.3529411764695292
2019-04-23,164.21339925833854,164.21339925833854,157.4447466007368,158.72,2968481.8216,0.041218637992837176,-0.8115942028977077
2019-04-24,158.9133250311283,159.7961768368568,155.72524906599764,157.54,1776950.0276,0.025617283950623456,-0.3373493975890733
2019-04-25,157.20058252426676,157.83821359222793,150.38283495145146,151.56,2754135.849,0.04742589703588759,-0.7565789473676607
2019-04-26,151.0690813302552,152.34433980901707,147.1942574909402,148.96,1633733.8021000002,0.0340909090909154,-0.40952380952278405
2019-04-29,152.00098430346137,155.5815173315842,149.6466612164765,149.99,2220827.8532,0.0390448531784508,-0.3388429752057311
2019-04-30,151.07048859934363,153.52293159608624,149.5009250814284,150.58,1682963.2550000001,0.026623376623383044,-0.12195121951094728
2019-05-06,147.3937410329933,147.6389885222329,135.52376255379716,136.75,3132623.0072,0.08219633943428255,-0.8785425101209798
2019-05-07,138.80716322166293,139.19955096221886,136.59998218103578,137.63,1800008.5935999998,0.018727915194353316,-0.45283018867719654
2019-05-08,136.25983228511055,141.65529000698317,134.8864430468157,140.38,2119437.5004000003,0.04967602591793334,0.6086956521745488
2019-05-09,141.01097972972497,146.89665540540045,140.520506756752,145.18,3130384.408,0.04521739130435464,0.6538461538468211
2019-05-10,145.43182120305266,149.11053506147726,141.85120638085272,147.59,3133627.0629,0.049915682967966044,0.2972972972979322
2019-05-13,145.82041720990398,152.00049543676164,145.4770795306341,150.48,3012937.07,0.04473595694585247,0.714285714286356
2019-05-14,149.108120649647,152.0019953596237,147.19522041762852,147.98,2185223.3578,0.03223684210526947,-0.23469387754994672
2019-05-15,148.51666556836415,150.03714662272984,147.24142339373486,148.86,1553761.573,0.018824306472926076,0.12280701754557036
2019-05-16,148.6133442088043,153.95950081565567,148.2209657422464,150.33,2173874.2375,0.03861386138614512,0.29914529914610005
2019-05-17,150.37754125967834,151.99608622431285,144.68811047490252,145.62,2044438.8519,0.048597521200267266,-0.6510067114086361
2019-05-20,145.66765588529026,149.83659553183895,144.0981727242366,147.09,1759575.6792,0.03939393939394602,0.2478632478640567
2019-05-21,146.79999999999512,147.92809889742242,142.53284330103102,146.8,1804937.3297000001,0.03675242231875025,9.060801540706004e-13
2019-05-22,146.65334233625433,146.65334233625433,143.3671303173483,145.28,1842116.0806,0.022408026755859376,-0.41791044775957437
2019-05-23,144.8410487804828,146.9010975609705,140.76999999999512,140.77,1617056.1539999999,0.042329834067056926,-0.6639999999990979
2019-05-24,139.44238095237614,143.07190476189984,138.70666666666187,141.11,1422818.6238,0.0313049595497785,0.3820224719111412
2019-05-27,141.69622138708093,144.09951486162817,138.70436624529765,143.56,1487503.1561999999,0.03807545863621299,0.34545454545538945
2019-05-28,142.48286440677484,146.2104711864357,142.48286440677484,144.69,1627209.675,0.026161790017218425,0.592105263159052
2019-05-29,144.102869955152,144.102869955152,140.52236978267885,142.19,1617740.8559,0.02484683458135458,-0.5342465753409504
2019-05-30,142.48333333332843,142.9738095238046,140.91380952380467,142.14,1032030.5436,0.014457831325308038,-0.1666666666642196
2019-05-31,142.18762297901128,143.6590368077006,141.30477468179768,142.58,1132210.2204,0.01655743359779932,0.16666666666868238
2019-06-03,142.9728442280896,145.1799721835833,140.52047983309666,141.06,1452949.448,0.03259005145798279,-0.4105263157883308
2019-06-04,139.78376925832532,140.96089573629015,135.81096739519398,136.89,1741118.7403,0.03684210526316461,-0.5619047619037024
2019-06-05,137.4771392857094,138.70329999999507,136.3490714285666,137.33,883910.16,0.017124509454163345,-0.0624999999978947
2019-06-06,137.82624863287867,138.31673350345832,133.90236966824156,134.54,1026543.063,0.03202846975089675,-0.744444444443164
2019-06-10,135.76619392184747,136.84526049203555,134.73617583212246,135.57,952566.1648,0.015534682080932116,-0.0930232558115862
2019-06-11,135.6203768932675,139.39714688270027,134.24700598801923,139.25,2317785.4349,0.0379746835443109,0.7047619047627225
2019-06-12,138.80379656159963,138.80379656159963,136.4495272206255,136.94,1581619.6984,0.01696113074205655,-0.7916666666642534
2019-06-13,136.59523381294474,137.33093525179362,135.90857913668577,136.35,1390040.588,0.010412926391389528,-0.17241379309989494
2019-06-14,136.4980833333284,138.65615579709643,134.63429347825598,135.37,1777029.3120000002,0.029464606539712567,-0.28048780487675934
2019-06-17,135.36902848794247,135.56521548575108,133.3581117604042,134.29,1193065.1554,0.016304347826094186,-0.48888888888645415
2019-06-18,134.58666666666176,134.88095238094746,133.50761904761416,133.9,659465.8979999999,0.010204081632660589,-0.4999999999960659
2019-06-19,135.37285559174325,137.08954035468201,135.22571118349134,135.52,1502453.6406,0.013768115942036311,0.07894736842362268
2019-06-20,134.97531672597384,138.21237010675665,134.4358078291767,137.82,2031230.137,0.02797965116279804,0.753246753247848
2019-06-21,138.41611246094627,141.604293648034,138.1218188129074,141.31,2688760.3773,0.025159461374918625,0.830985915494119
2019-06-24,141.7533472077648,142.24384321886433,139.30086715226713,141.41,1766534.0328,0.020761245674747422,-0.116666666664969
2019-06-25,141.2085665176988,143.51381230662966,139.63903746991613,142.68,2170406.9363,0.027440083362285553,0.3797468354442091
2019-06-26,141.99144467212633,143.60999999999513,139.8333709016346,143.61,1576155.2832000002,0.02659758203800342,0.4285714285726073
2019-06-27,143.5628566552852,146.45667576791308,142.77809215016578,143.71,2325444.896,0.025623505295531163,0.040000000001324844
2019-06-28,143.6652807440529,144.10672407853446,140.28088184636098,142.39,1490223.4073,0.026630249231826445,-0.333333333331961
2019-07-01,144.88809620595714,145.57476964769154,142.97522018969704,144.79,2652101.0064000003,0.017941773865951312,-0.03773584905470109
2019-07-02,145.23238740263648,146.1643074839097,143.662837792071,144.84,1953903.8322000003,0.017223910840938775,-0.15686274509602047
2019-07-03,144.20468697689503,148.71721459658022,144.20468697689503,146.51,2953263.0298,0.03129251700680969,0.5108695652183677
2019-07-04,145.67516512549057,155.8773315719896,145.28277410831754,148.52,6270732.739600001,0.07272727272727923,0.26851851851895664
2019-07-05,148.276733601066,150.38586345381023,145.4809103078934,146.56,2838006.5831999998,0.033079722130340605,-0.34999999999893344
2019-07-08,145.66751900483254,145.66751900483254,140.66479612991913,141.94,2233053.81,0.03434343434344081,-0.7450980392145572
2019-07-09,142.23904109588554,143.85762328766629,140.27712328766643,143.22,1152945.356,0.025172413793110172,0.2739726027410205
2019-07-10,143.21999999999508,147.34002739725523,142.5333287671184,143.22,1729900.272,0.03356164383562319,1.0229382180590153e-12
2019-07-11,143.46901528013098,145.38193548386604,142.83137521221929,144.45,1157873.5754999998,0.01777777777778453,0.38461538461714534
2019-07-12,144.49523295070412,146.0647670492861,143.71046590141313,145.28,1148552.8212000001,0.01629327902241003,0.33333333333526816
2019-07-15,144.98662260409301,148.56714474553374,144.2018506278868,148.42,2396812.5954,0.03010825439784168,0.7865168539335259
2019-07-16,148.0299999999951,149.45242213385853,147.24521537441527,148.03,1238129.6712,0.01491053677933071,2.2148056592851e-12
2019-07-17,147.98144281914404,149.01147606382486,146.90236037233555,147.54,1211866.3488,0.014252568776937495,-0.20930232557898173
2019-07-18,146.16382045223943,146.99764090448375,144.74142085723443,145.33,1012682.8806,0.015436241610744863,-0.3695652173889733
2019-07-19,146.1643074839097,146.85098543853212,144.83999999999511,144.84,1050642.5546,0.013758389261751667,-0.6585365853630859
2019-07-22,144.68902648778314,145.52282765737377,141.79524595802746,142.58,1241753.5386,0.025762711864413687,-0.5657894736827406
2019-07-23,143.41476610169005,145.03333220338493,142.87524406779175,144.69,944725.995,0.01504787961697013,0.5909090909110835
2019-07-24,146.35902184544682,151.06762308444243,145.18187153569792,150.43,3736587.7467,0.040214477211802796,0.6916666666673822
2019-07-25,149.84574013157405,151.75866447367926,148.27616118420568,149.11,2942386.5119999996,0.02324058919804262,-0.21126760563233715
2019-07-26,149.49666775776925,152.97903764320287,148.7119083469673,149.84,3572634.6175,0.028543307086620853,0.08045977011607389
2019-07-29,149.54666886325703,151.45953212520095,147.9280922569968,148.86,2935578.256,0.023614299770423012,-0.1944444444429995
2019-07-30,148.32478723403764,148.86432845744187,147.24570478722916,147.54,2609256.8128,0.010912698412705087,-0.48484848484517257
2019-07-31,147.8261860465067,148.51283720929737,146.06051162790212,147.63,2050713.301,0.01658925016589909,-0.07999999999796514
2019-08-01,151.9980747223106,151.9980747223106,145.7199999999951,145.72,3058930.0131,0.04130364633753446,-0.9999999999990621
2019-08-02,142.83137521221929,147.29485568760114,142.48803056026682,144.45,2228410.231,0.03365384615385305,0.33673469387849214
2019-08-05,143.26621493747405,149.29899290300276,143.26621493747405,145.13,3177500.2534,0.042108866826436116,0.3089430894316527
2019-08-06,143.22000689892573,144.887637116242,140.37522593997448,142.19,2223160.1886,0.031506849315075136,-0.22826086956408262
2019-08-07,142.2419866150003,143.37011271573994,139.20095103909335,139.25,1943614.0358000002,0.029310344827593184,-0.7176470588221802
2019-08-08,140.03566967383279,142.0957390700853,139.59422623177866,141.36,1511083.8996,0.017863397548168087,0.5294117647076256
2019-08-09,142.77614594402613,142.77614594402613,137.96952886999156,138.46,1424892.5943000002,0.03366540707661287,-0.8979591836722595
2019-08-12,139.0490542907132,140.86380385288476,138.46048686514402,140.03,1417423.2775,0.01728395061729113,0.40816326530797753
2019-08-13,139.29714487133805,140.18001409939583,138.21808248148966,139.15,1228258.7236,0.014084507042260632,-0.07499999999745378
2019-08-14,140.91621137639956,140.9652598314557,138.90522471909625,139.69,1514728.4512,0.014618865297605177,-0.5952380952354385
2019-08-15,137.38049770560758,139.29332862689236,136.9881221320107,138.95,1382165.4565,0.016779721528032893,0.680851063831611
2019-08-16,139.05426315788986,140.82003157894243,139.05426315788986,139.79,1435901.25,0.012698412698419802,0.41666666666920055
2019-08-19,140.76804574503393,146.1633366969342,140.27756474940665,145.82,3477748.5075,0.041811846689902336,0.8583333333340214
2019-08-20,145.81904443701487,148.07524223186945,144.98523220848165,146.8,2566865.0404,0.02119071644803902,0.3174603174617969
2019-08-21,147.14619492656382,148.42146194926073,146.21426902536226,146.95,2214970.6628,0.015000000000006815,-0.08888888888661978
2019-08-22,147.5347692307644,150.72285433714728,146.7500098199625,149.84,3593044.767,0.026928191489368192,0.5802469135813398
2019-08-23,149.50046420398334,151.65860738803036,148.7156848643299,150.04,2582983.5038,0.019685039370085398,0.18333333333493504
2019-08-26,148.2228431692159,151.01857515486955,147.7323638734872,150.43,2483326.8975,0.022170747849113142,0.6716417910460659
2019-08-27,150.47809523809045,154.30380952380463,149.59523809523333,153.47,4020275.3115000003,0.03129074315515654,0.6354166666675659
2019-08-28,156.9013581847599,157.14659319286363,151.21190599675361,151.31,6600351.33,0.0378243201000374,-0.9421487603295942
2019-08-29,152.39605898964066,159.90059617194353,152.05271415123462,156.32,7602697.176700001,0.05149662053428382,0.5000000000005573
2019-08-30,156.95377128953294,161.2699999999951,155.6294738442775,161.27,7716703.8672,0.03593750000000617,0.7652173913050831
2019-09-02,163.32723440134444,177.4037858347336,161.3653456998268,174.51,14156014.996199999,0.09819819819820377,0.6972477064222825
2019-09-03,174.70855798504908,185.79337946304494,171.22615831718315,177.21,12709249.939800002,0.08338012352611439,0.17171717171750045
2019-09-04,176.28088572990222,184.275817386545,175.34896118096842,179.42,10779888.229999999,0.050639955481363186,0.3516483516488616
2019-09-05,177.99095316803917,183.6803856749261,176.96096969696484,178.04,9585102.12,0.03775144667953153,0.00729927007372099
2019-09-06,178.09330366774063,183.43953613807489,176.5728155339758,181.87,10145415.7872,0.03855687138529877,0.5500000000006317
2019-09-09,181.96809600862508,183.93001618122483,179.51569579287542,181.87,8211574.018799999,0.02425876010782215,-0.02222222222110504
2019-09-10,182.50913139695209,187.4630207468828,176.18188658367424,177.31,11328065.5815,0.06181134103736074,-0.4608695652169161
2019-09-11,177.79809827872907,180.34858134369293,174.65904219877356,176.67,7450836.055000001,0.03200000000000564,-0.19827586206806447
2019-09-12,176.5685449957898,177.69662181104067,173.674782730581,174.95,5527869.075,0.022777777777783392,-0.40243902438891876
2019-09-16,176.03238483145574,177.3076264044894,173.23666292134345,174.61,5294852.08,0.023126219002513246,-0.3493975903601547
2019-09-17,175.2520759640424,175.59541896201281,167.45328501014296,169.17,7600844.4629,0.04645955779457574,-0.7469879518065302
2019-09-18,170.10196032671612,170.54340140022836,167.64950991831478,168.14,4134526.9116,0.017012687427918224,-0.6779661016929752
2019-09-19,169.16287359630957,170.5852346674296,167.49527785775504,170.34,5542188.047099999,0.018266164105543742,0.38095238095384015
2019-09-20,170.0539809863289,170.0539809863289,162.4022875816945,165.1,9190942.100999998,0.044995673492939176,-0.6474358974351724
2019-09-23,164.16238095237603,166.46761904761405,161.51380952380467,163.77,5564595.4245,0.03017627726322675,-0.07920792079106889
2019-09-24,163.81618705035478,165.18949640287275,162.09955035970737,163.62,4770052.3248,0.018862275449107842,-0.06349206349044846
2019-09-25,163.3276030534301,164.60283358778125,159.74714809159818,160.63,4411279.59,0.029729729729735758,-0.5555555555544239
2019-09-26,161.17146937479654,161.56385274515515,153.76523325927792,154.55,5229602.5244,0.048387096774199286,-0.8490566037728496
2019-09-27,155.2404912836718,156.6629160063342,153.62187004753872,154.75,3600317.523,0.019589257503955845,-0.16129032257897977
2019-09-30,154.7476612903176,156.66054838709175,152.04999999999512,152.05,3361650.23,0.02979397781300153,-0.5851063829775343
2019-10-08,152.04712566844412,152.92997994651896,146.5538101604229,146.75,3915581.0320000006,0.04193548387097413,-0.8307692307683309
2019-10-09,146.7981042496631,147.87714143425802,145.52287848605096,147.73,3081441.3588,0.0160374206481856,0.3958333333352527
2019-10-10,148.026191108157,148.61476443264274,146.65285335102368,147.83,2826282.9562,0.013253810470517062,-0.09999999999744572
2019-10-11,148.07812082776542,149.01004672896696,145.52758678237163,146.95,3129512.8452,0.023517721099708365,-0.3239436619703342
2019-10-14,147.7300292682879,152.1933203251983,147.7300292682879,150.82,5235398.7524999995,0.030212483399740843,0.692307692308634
2019-10-15,150.57619047618542,150.57619047618542,145.76952380951892,146.26,3799049.2134,0.03192182410424094,-0.8979591836722628
2019-10-16,146.69999999999507,148.46569709126885,145.22858575726696,146.7,2152675.0425,0.022066198595794013,1.5189331549433498e-12
2019-10-17,147.09769021738632,147.5881793478211,143.71331521738645,144.4,2488710.4,0.02634211403801925,-0.6962025316441256
2019-10-18,144.63754664823273,146.0598894263944,141.49858327573804,141.94,2569729.9046,0.03153611393693431,-0.5913978494611627
2019-10-21,141.99380136985815,143.61238356163892,139.73759589040617,143.22,1901091.988,0.027288428324704666,0.3164556962037158
2019-10-22,142.92664853840438,144.74143439836354,142.04377974166752,144.3,2019511.1872000003,0.01887439945093331,0.509090909092549
2019-10-23,145.1809523809474,145.1809523809474,141.89476190475702,142.14,1921260.6882,0.022635135135141916,-0.9253731343265914
2019-10-24,142.87523727647377,143.41475928472684,139.78524759284252,142.63,1857605.1003999999,0.02540336422932358,-0.06756756756619973
2019-10-25,142.72857142856662,147.53523809523313,141.99285714285236,146.26,4110788.0898000007,0.038831615120281666,0.6371681415936917
2019-10-28,145.03427998663068,147.19238222518723,143.75903775475632,146.8,3307590.6384,0.023672641190402532,0.5142857142869812
2019-10-29,146.60908998988384,147.00148634984336,144.54900910009624,145.53,2003279.5323,0.016728002676487014,-0.43999999999782585
2019-10-30,145.66754716980634,145.66754716980634,141.69479588335707,142.97,2619182.885,0.02727272727273397,-0.6790123456776108
2019-10-31,144.10285617136537,145.6233424005391,142.23903434205567,144.25,1870801.8628,0.023485364193335703,0.04347826087100378
2019-11-01,143.27330834752493,145.3333833049354,143.27330834752493,143.96,1708696.2455000002,0.014378637452933864,0.3333333333355583
2019-11-04,143.7633447332372,144.98957592338763,141.2618331053303,143.42,2420959.4259999995,0.025929716820204625,-0.09210526315655422
2019-11-05,143.51285419531834,144.00332874827566,142.18857290233348,142.63,1985993.0095999998,0.012645249487361778,-0.48648648648352844
2019-11-06,145.67095917689528,150.86999004314137,145.67095917689528,147.78,7697363.2249,0.03569023569024229,0.4056603773593534
2019-11-07,146.75047619047115,146.75047619047115,143.02285714285225,143.17,4098675.3192,0.025401069518723098,-0.960526315787904
2019-11-08,143.61142857142363,143.95476190475694,142.1399999999951,142.14,2736685.728,0.012636612021864767,-0.8108108108076787
2019-11-11,140.51801785713786,141.25371428570926,137.13381428570943,137.33,3489071.8800000004,0.029319371727755436,-0.7738095238081526
2019-11-12,137.5780948983183,137.87237959328797,134.92953264359133,137.48,1773430.6306,0.021390374331557886,-0.033333333331657305
2019-11-13,137.62905890804103,137.62905890804103,136.15761494252388,136.55,1158014.544,0.01069137562367051,-0.7333333333295101
2019-11-14,136.4514244810259,137.87381531853478,136.35332856119769,137.04,1213406.26,0.011143062544938949,0.3870967741965149
2019-11-15,136.59476702508474,138.3604444444395,135.27050896056863,136.84,1431522.216,0.022621184919217337,0.07936507936663342
2019-11-18,136.84050318922266,138.70428065201494,135.85956768248988,138.41,1359815.1284,0.020788530465957005,0.5517241379325594
2019-11-19,138.41143957967992,140.1771418563874,137.87191943957487,140.03,1542832.864,0.016654854712976716,0.7021276595762854
2019-11-20,139.7852301105908,139.7852301105908,137.1366678558638,137.48,1632964.7325000002,0.018947368421059648,-0.8703703703681884
2019-11-21,137.28289005235126,141.25570680627783,136.59623036648742,140.52,2470817.256,0.03394069310468725,0.6947368421061622
2019-11-22,139.53664782761783,140.90994348286327,138.11430589897077,138.85,1912330.5914999999,0.02003514938489265,-0.24561403508588353
2019-11-25,138.31620751341188,138.56144901609525,136.25617889087172,137.09,1859336.5765,0.016666666666673765,-0.5319148936146684
2019-11-26,136.70038732393888,139.2999999999951,136.50419014084028,139.3,1692741.9559999998,0.020452099031223407,0.9298245614049273
2019-11-27,138.41286019970977,138.41286019970977,136.94142653351867,137.53,960657.1295999999,0.010630758327434507,-0.5999999999962661
2019-11-28,137.53334286735299,138.07288165891535,136.60141222738162,137.19,905845.9297999999,0.010699001426540719,-0.23333333332985576
2019-11-29,137.1833475631399,138.11523301315768,136.64383493418228,137.87,1082266.4832000001,0.010725777618884554,0.46666666666968987
2019-12-02,138.0723656294152,139.3966831683119,137.3856824610984,138.71,1134868.1988000001,0.01456483126110831,0.3170731707339943
2019-12-03,138.76124102563628,143.5190495726447,137.68215042734573,143.47,3917543.76,0.04206433368682212,0.8067226890763307
2019-12-04,142.28993927125026,145.67429149797078,141.94659919027862,145.38,3183718.3559999997,0.026197862805935723,0.8289473684221479
2019-12-05,145.13748514851005,150.58198019801483,144.84318811880712,148.62,4862654.898,0.03954038526529882,0.6068376068383602
2019-12-06,148.61139999999506,149.1018666666617,146.40429999999512,147.14,2469294.6,0.018151815181524745,-0.5454545454525349
2019-12-09,147.14285714285225,147.78047619047126,145.76952380951894,147.29,2340383.5455000005,0.0136666666666734,0.07317073170971199
2019-12-10,147.28760869564726,148.02331103678435,145.914297658858,146.65,1830434.0469999998,0.014319014319020973,-0.30232558139288596
2019-12-11,147.19565431288467,150.3347818956986,146.50897015414412,149.55,2980542.0226,0.02599133622126614,0.615384615385734
2019-12-12,149.19948837208807,149.98423255813452,146.6981162790649,147.63,1959210.806,0.022024983563451478,-0.47761194029687576
2019-12-13,147.8295238095189,149.2028571428522,145.8676190476142,147.29,2693040.5502,0.022561380225620504,-0.16176470588083633
2019-12-16,147.29089570935966,156.75714375195253,147.29089570935966,156.61,6118859.8901,0.06426906426907054,0.9844559585496353
2019-12-17,156.56141395348354,162.5943255813903,156.02188527131298,158.18,6405991.9725,0.0419799498746929,0.24626865671712433
2019-12-18,159.40231158960864,160.38324889169857,154.59571880936812,154.89,4131917.726,0.03630769230769862,-0.779661016948169
2019-12-19,155.6790737783406,157.59195464707258,153.42285531778495,153.57,3728178.4478999996,0.026780088216767427,-0.5058823529398815
2019-12-20,154.25186795490646,155.28184863123494,151.45620611915777,152.29,2439669.6045,0.024801271860101684,-0.5128205128190977
2019-12-23,152.88527013910866,154.7981753477789,151.41380459397766,151.61,2598234.3255000003,0.022136669874886085,-0.3768115942013475
2019-12-24,152.44093316519067,156.70810214375297,151.60711853719576,155.58,3130960.664,0.03346203346203974,0.6153846153854565
2019-12-25,155.7319776714464,156.12437320573667,152.78901116426945,153.77,2154601.7955,0.021417322834652096,-0.588235294115997
2019-12-26,153.96570429252293,154.2599999999951,152.00373290937512,154.26,1885618.4015,0.014654348518643074,0.13043478261080504
2019-12-27,153.76380692751272,154.84285118665315,152.7828576010214,152.93,1725559.8184,0.013397129186609348,-0.40476190475932694
2019-12-30,152.98000322788403,152.98000322788403,149.69380245319076,151.95,1882747.8498000002,0.021481243988464405,-0.3134328358193097
2019-12-31,152.04715189872937,155.28428481012168,151.5566772151851,154.99,2400265.216,0.02451612903226445,0.7894736842116332
2020-01-02,156.31333018867434,158.32426415093843,154.6947735849008,155.97,2588130.45,0.02321932852212752,-0.09459459459322037
2020-01-03,156.36380952380475,161.5628571428522,155.18666666666192,160.68,5487866.0928,0.040777917189466655,0.676923076923741
2020-01-06,163.96330920059836,167.7399095022574,161.70715837103583,162.59,5677013.4135,0.03679329943165432,-0.22764227642190954
2020-01-07,161.95429002109853,164.55379861319972,159.8943020801881,162.69,2898419.1458000005,0.028770442156274854,0.15789473684312277
2020-01-08,166.86241646777546,167.59814140810954,161.51614856801424,164.41,5193824.780800001,0.036449147560264517,-0.4032258064507414
2020-01-09,159.90098765431603,160.39148148147652,157.49756790122967,158.92,3269275.668,0.018098159509208733,-0.33898305084563823
2020-01-10,158.42862058179048,159.8019956208896,154.50469189865018,156.81,3874091.0314999996,0.03343653250774604,-0.3055555555545725
2020-01-13,158.42380952380455,158.42380952380455,155.08857142856658,156.56,1842662.4384,0.02105263157895341,-0.5588235294101264
2020-01-14,156.5566071428522,157.63563137754602,153.51572066326042,153.81,2610808.7488,0.026315789473690503,-0.6666666666653206
2020-01-15,153.7186298701249,154.11101948051447,150.2361720779172,151.07,2921996.3079999997,0.02520740268028717,-0.6835443037960286
2020-01-16,151.46145192936066,153.57053302811795,149.695709614122,149.99,2761462.0704,0.025582901554410616,-0.37974683544167587
2020-01-17,150.09045913382772,151.4638358840719,148.8151807228867,150.63,2063020.1037,0.01764705882353592,0.20370370370548457
2020-01-20,150.52808298487778,153.52000643293172,150.0866516564764,152.49,2330868.5985,0.022808732486158265,0.57142857142983
2020-01-21,152.53908122502824,152.53908122502824,146.55523302263163,147.34,3816150.0248,0.03922829581994205,-0.8688524590154315
2020-01-22,147.14046822741983,147.53284280935964,143.85433110367413,146.65,2135290.5599999996,0.025000000000006715,-0.13333333333196248
2020-01-23,144.69241379309847,148.12579310344316,141.25903448275375,142.24,2611345.5999999996,0.04745762711865059,-0.35714285714209115
2020-02-03,128.0099999999951,129.03996551723642,128.0099999999951,128.01,2855221.245,0.008045977011501866,4.746308434789426e-12
2020-02-04,122.61500754147352,130.75664404222735,122.61500754147352,130.07,3738850.8611999997,0.06640000000000755,0.9156626506028983
2020-02-05,130.02193343305424,135.95654450261273,129.77670157067578,131.15,3629650.431399999,0.04752923425123331,0.18253968254044442
2020-02-06,131.68910491562247,134.48473954511613,130.02153338224028,133.7,3123045.7164000003,0.033891992551217796,0.45054945055044476
2020-02-07,133.654288321163,134.63523722627247,131.8395328467105,134.39,3147148.108,0.020917431192667972,0.2631578947385003
2020-02-10,133.89766187049878,136.39904676258502,133.16196043164987,136.35,3149254.3340000003,0.024175824175831515,0.7575757575770355
2020-02-11,136.83945926196066,137.08469126780648,134.1419071976568,134.24,2922232.4964,0.021505376344093125,-0.8833333333313652
2020-02-12,134.24524158125425,134.29428989750608,132.43045387993658,134.0,3344954.5252,0.013883814395330835,-0.1315789473657236
2020-02-13,134.63765799256007,135.37338289962324,131.54761338289475,131.94,3764990.7120000003,0.028415300546455323,-0.7051282051267427
2020-02-14,131.78667780251925,133.11092056421185,131.00194135114586,132.13,2719115.8926,0.016002977298109428,0.16279069767665813
2020-02-17,133.40644723447122,145.07951136748744,133.40644723447122,144.54,8452996.5065,0.0875000000000068,0.9537815126053798
2020-02-18,146.16682859125103,146.9025676613412,139.79042331713606,141.36,7634804.476199999,0.04865771812081175,-0.6758620689647369
2020-02-19,139.54000348917864,144.10141660850857,137.82334263781794,140.57,5797149.3388,0.04499121265378533,0.16406250000075714
2020-02-20,140.81618767312534,142.1404778393303,138.31475069251601,141.65,4691774.9103999995,0.027168234064792705,0.2179487179499383
2020-02-21,141.7980757420627,143.95619242578834,140.7680655066482,143.76,6103342.0572,0.022483569699073072,0.6153846153859578
2020-02-24,143.70952380951897,147.04476190475697,141.74761904761428,146.26,6180935.4306,0.036860068259392434,0.4814814814823178
2020-02-25,143.22192347465895,144.49718717683058,138.36611168562087,142.29,5392896.3384,0.042808219178088865,-0.15199999999917307
2020-02-26,140.27898699520398,146.85149897330095,138.9056262833628,143.32,6985247.877599999,0.05664335664336347,0.3827160493832812
2020-02-27,143.70712319338807,146.15946317962334,139.9305196145857,142.53,4757587.2506,0.04334470989761757,-0.18897637795194377
2020-02-28,138.55710431654177,140.6661151079086,133.65242805754914,136.35,5619977.666,0.05061946902655557,-0.31468531468456956
2020-03-02,136.745228390719,141.01238580463314,135.22474701334733,139.59,3968920.8905999996,0.042324246771886516,0.4915254237295784
2020-03-03,141.01711026615482,145.77490494296075,140.23231939163014,141.9,5760685.3821,0.039304347826093745,0.15929203539908837
2020-03-04,140.81758644299418,144.64335159191563,140.32710373159398,143.27,3640659.6224,0.030651340996175412,0.5681818181828189
2020-03-05,144.35193570450943,145.08767441859968,142.24281805745068,143.42,4143655.3712,0.019707781175677775,-0.3275862068947194
2020-03-06,141.3595089903132,143.6157676348498,141.3595089903132,141.85,2851053.0396000003,0.015961138098549727,0.2173913043499128
2020-03-09,139.88134831460167,140.56800289959622,134.4371583907164,135.32,4488438.0409,0.043828892005617015,-0.7439999999990775
2020-03-10,133.65338292596056,138.4599999999951,132.7705348919542,138.46,3116822.0745,0.042568807339456616,0.8448275862076122
2020-03-11,144.00110789049455,152.2899999999951,143.36350080514836,152.29,18097308.3735,0.06198910081744526,0.9285714285718729
2020-03-12,148.61099902375045,155.96797917344108,146.60009111616836,150.72,13523029.356900001,0.06303630363036937,0.22513089005285533
2020-03-13,147.14053350682673,154.39946649316352,143.70725439166745,150.77,9481148.3442,0.07266666666667292,0.3394495412848295
2020-03-16,151.5056180532115,154.39938026270954,144.88429774334304,145.62,7260403.2884,0.06280349627711872,-0.6185567010303473
2020-03-17,147.1383315733845,149.83586765222987,135.90677226328282,139.34,6391878.1131,0.09466666666667269,-0.5598591549291879
2020-03-18,140.7151048950997,141.45080603606397,133.2599999999951,133.26,5960852.6549,0.058208434994778194,-0.9101796407178552
2020-03-19,133.16381386860826,135.2728540145936,130.4662043795573,134.39,3961629.0,0.036095764272567006,0.2551020408172959
2020-03-20,135.86093807254906,136.05712715279824,132.32953462806404,133.85,3418899.1141,0.02743682310470036,-0.5394736842090636
2020-03-23,129.9795112781906,133.1676879699198,129.83236466164925,130.47,2688485.674,0.025660377358498018,0.1470588235308346
2020-03-24,133.022316096135,134.7390495265792,128.70595775673237,134.69,3636521.7588,0.04535398230089216,0.2764227642284081
2020-03-25,135.8647567567519,136.25714594594106,134.04995675675195,136.11,2894069.7,0.016245487364628167,0.11111111111327703
2020-03-26,134.93475326559746,136.8967271407788,134.1499637155249,135.18,1933695.036,0.02035623409669945,0.0892857142874556
2020-03-27,136.4061615439551,139.30007147962334,135.52327376697158,137.24,2720445.5956,0.027687882056821204,0.22077922078046058
2020-03-30,135.85917098445128,144.6875647668344,135.36870466320778,141.99,4876184.2754999995,0.0685920577617398,0.6578947368425593
2020-03-31,141.8423471882591,142.97041564791675,139.34097799510516,140.42,3074026.2903,0.025587828492399534,-0.39189189189044016
2020-04-01,139.7900968783588,140.57488338714958,136.45475421599798,136.7,2608454.7468,0.029473684210533084,-0.7499999999986332
2020-04-02,135.91328616907904,138.8071453837942,135.91328616907904,138.66,1640805.5003999998,0.02129195236377484,0.9491525423742393
2020-04-03,138.3133380381038,141.50141143259913,137.97000705715817,139.0,1910855.1072,0.02553191489362413,0.19444444444577547
2020-04-07,141.16360372339958,147.63809840425043,140.52596409574002,147.54,5892736.9728,0.050382209867970616,0.8965517241384912
2020-04-08,145.57749019607368,151.56147058823032,145.18509803921094,150.09,5752903.734000001,0.04380053908356438,0.7076923076929673
2020-04-09,151.01998387096288,153.37430645160796,149.15614516128554,152.05,5325432.649999999,0.027931146476134937,0.24418604651273537
2020-04-10,152.05326953747524,155.29053269536988,151.0722807017496,153.77,5811847.651500001,0.027741935483877298,0.40697674418710866
2020-04-13,152.53714833759102,156.21569693094128,150.03573529411284,153.42,3930414.5792,0.04051446945338244,0.1428571428579134
2020-04-14,153.76428571428085,155.13761904761412,152.04761904761423,154.5,3622414.95,0.0200956937799106,0.23809523809674527
2020-04-15,155.43190476189983,156.2166666666617,151.06666666666186,153.47,3522876.9554999997,0.033133480593253294,-0.3809523809513617
2020-04-16,152.19208748114173,168.0832368024082,152.0449472096485,162.59,10289334.353999998,0.10538188849501069,0.6483180428137205
2020-04-17,161.07439228295303,162.1044051446893,152.14761414790507,152.54,8007131.333000001,0.061814859926924155,-0.8571428571422809
2020-04-20,152.6380836793308,154.55096454806278,150.8232992654056,153.57,4298054.8889,0.024421593830340527,0.2500000000012463
2020-04-21,152.2914435946414,156.80378266411228,152.19334926704423,153.91,4153568.8266000003,0.030273752012888823,0.3510638297882233
2020-04-22,153.02715105162036,155.23427342255718,150.42765137029477,153.91,2587498.1495999997,0.03141025641026259,0.18367346938873694
2020-04-23,153.1747697681755,157.6871228961525,152.04668148618126,154.45,4224558.2694999995,0.03682356708293931,0.22608695652256733
2020-04-24,154.5019163206594,155.63002555093723,150.87234749280898,153.57,3643941.7107999995,0.030793650793657115,-0.1958762886587259
2020-04-27,155.97238335434568,159.40573770491304,153.61808322824234,155.58,7186889.8504,0.037106918238999934,-0.06779661016863534
2020-04-28,155.72435508345507,163.0814112291301,152.19296813353105,161.61,8387429.749000001,0.06992125984252563,0.5405405405409424
2020-04-29,160.13954463750267,164.79904134211608,159.79621330137326,163.72,5478890.7234000005,0.031240428790205242,0.7156862745106437
2020-04-30,162.83762317109097,167.3499910420971,161.95476858763325,164.26,5632928.246800001,0.033132530120487724,0.2636363636372269
2020-05-06,164.1174540229838,171.9652701149376,164.1174540229838,170.69,6528015.072,0.047818290496120595,0.837500000000517
2020-05-07,170.24044186046015,170.73090697673922,166.90527906976257,168.72,3775237.976,0.022471910112365392,-0.39743589743450597
2020-05-08,169.3138165938815,171.42288209606485,167.74427947597763,168.48,4087038.5700000003,0.021726535341836543,-0.22666666666526922
2020-05-11,169.85568481374875,174.56436103151364,169.2671002865281,171.18,4501746.812,0.031186832226399168,0.25000000000087164
2020-05-12,171.51904460431157,173.0395165467576,168.3800057553908,170.44,3436767.0075000003,0.027166142407783846,-0.23157894736731072
2020-05-13,169.11853672477363,172.1595312946507,168.62805372963223,171.62,2776752.8653,0.02088167053364841,0.7083333333345372
2020-05-14,171.42616742596323,173.38812642368526,169.07181662869675,172.26,3252810.5368,0.025178826895570928,0.19318181818290645
2020-05-15,171.6666666666617,172.1571428571379,168.13523809523323,169.95,3600575.0549999997,0.023428571428577228,-0.426829268291358
2020-05-18,169.9504634831413,177.20953089887144,169.45998595505142,174.61,5886776.484000001,0.045598845598851245,0.6012658227853652
2020-05-19,174.60952380951895,176.3261904761856,172.89285714285234,176.13,3488245.3304999997,0.019662921348320303,0.44285714285843925
2020-05-20,175.39578207380856,176.86722319858885,165.29188635031736,167.45,7025301.5466,0.06599552572707472,-0.6864406779656184
2020-05-21,167.69380952380456,169.7047619047569,166.0261904761856,166.86,4219586.670600001,0.021936238666282422,-0.22666666666525984
2020-05-22,166.27438243366373,167.99107959743313,160.53570905763462,160.83,3923964.2165999995,0.044837758112100244,-0.7302631578939779
2020-05-25,161.464761904757,164.30952380951882,160.33666666666178,161.71,2799415.4412000002,0.024605103280686574,0.06172839506294811
2020-05-26,162.68999999999508,163.27856798311234,160.87524871871685,162.69,2458485.7675,0.014772384684962505,2.0459020173895255e-12
2020-05-27,161.90286016948662,163.8647245762662,161.16716101694428,162.05,2450932.6408,0.016661617691614575,0.0545454545472607
2020-05-28,162.2471557426289,163.12999999999508,159.10815393866025,163.13,3147393.4674,0.02478839177751515,0.21951219512311712
2020-05-29,163.13238095237608,164.7999999999951,161.66095238094758,164.8,2696282.4,0.019242333132898325,0.5312500000014033
2020-06-01,163.32763892972176,167.4966627462462,162.00336077623754,166.81,3987673.8603999997,0.03363363363363946,0.6339285714293493
2020-06-02,166.21902583902087,168.91659043658538,164.79667359666868,165.14,2518046.3035000004,0.02478607258778976,-0.2619047619035052
2020-06-03,165.1947883518413,166.22480336234864,162.20283998798672,163.38,2769595.9248,0.024346793349174462,-0.4512195121937876
2020-06-04,163.81953459889272,164.1628689528425,159.89571341089533,160.19,3205980.0648,0.02604790419162253,-0.8505747126423353
2020-06-05,160.19047911547415,161.12238943488447,158.52285012284523,159.7,1566371.4088000003,0.016227801592167867,-0.1886792452810447
2020-06-08,160.43476190475704,163.9661904761855,157.44285714285238,161.71,3751572.2265,0.04066034851727885,0.19548872180523502
2020-06-09,161.85714285713792,162.29857142856648,157.93333333332853,160.68,2845053.3384,0.026969696969702858,-0.26966292134712877
2020-06-10,160.3352359068578,161.46332107842642,157.931924019603,160.09,2610594.528,0.022025084123591263,-0.06944444444302683
2020-06-11,160.13807834669458,160.82473473164214,157.93096853793466,159.01,2271924.8696000003,0.01807044410414077,-0.3898305084727372
2020-06-12,157.39334150076087,160.13999999999507,156.2652496171468,160.14,2591682.2315,0.024618261140548443,0.7088607594947516
2020-06-15,159.84229611040908,159.84229611040908,156.35999999999513,156.36,2411374.8268,0.02178582387235967,-0.999999999998309
2020-06-16,157.0070740740692,159.70479012345186,157.0070740740692,158.92,2600081.856,0.017182130584198804,0.7090909090924628
2020-06-17,161.61378329840883,165.58668662076727,159.89709667763665,163.87,5869688.637799999,0.035204855842191,0.3965517241387214
2020-06-18,161.91057311027998,162.10676889714492,156.9075805452244,158.33,4650646.419600001,0.03211148136928797,-0.6886792452819402
2020-06-19,157.9372161741786,158.52855676515838,157.0994836702906,158.43,2617690.9369999995,0.009048361934483821,0.34482758621011234
2020-06-22,158.37303217821292,159.4078279702921,157.6831683168268,159.26,2673509.7536,0.01088985687617303,0.5142857142882661
2020-06-23,159.07031192660062,161.18927828745683,157.690519877671,161.14,2851098.285,0.02199504337051427,0.5915492957758862
2020-06-24,161.137488372088,161.137488372088,158.4272248061966,158.92,2270821.5075000003,0.01681957186544966,-0.8181818181796868
2020-06-29,158.17833282255106,162.36685565430085,157.24207477780698,160.79,3036916.1927,0.032398753894087154,0.5096153846162498
2020-06-30,161.08938756855082,162.37061243143927,160.05455210237167,161.73,2782311.5616,0.014377485469568838,0.2765957446828653
2020-07-01,162.61775147928515,166.55999999999506,161.1394082840189,166.56,5315582.35,0.03333333333333911,0.727272727273503
2020-07-02,166.80119083059938,166.80119083059938,164.7808514438772,165.52,4362885.5196,0.012112259970463864,-0.634146341460655
2020-07-03,166.45425894377723,176.6543867120904,165.81367120953533,173.55,9103125.6774,0.06512729425696247,0.6545454545458473
2020-07-06,176.90526587505994,190.89999999999506,176.90526587505994,190.9,10900699.5526,0.07910863509749834,1.000000000000282
2020-07-07,200.55806148790896,209.96999999999508,198.14348040365647,209.97,10936896.6101,0.05896805896806367,0.7958333333336799
2020-07-08,220.46405803285217,230.9599999999951,217.8031149989286,230.96,12697119.0899,0.05967814036656655,0.7977528089890771
2020-07-09,254.06999999999508,254.06999999999508,254.06999999999508,254.07,1557683.8004,3.9359231707797674e-15,4.916955731459893
2020-07-10,279.49999999999505,279.49999999999505,279.49999999999505,279.5,4759653.128,3.5778175313059536e-15,4.945377440890297
2020-07-13,271.02307692307227,295.0702153846103,252.19929230768798,288.27,46587391.695,0.15818181818182128,0.40229885057481835
2020-07-14,280.8775406504018,317.09596036584827,278.46297933603864,290.93,43965606.686400004,0.1375438596491258,0.2602040816327732
2020-07-15,294.23512131261487,305.6181916564792,269.54716355384414,282.31,34282610.4191,0.1225925305643975,-0.33060109289602907
2020-07-16,273.7322327043974,290.8805345911896,255.15490566037263,266.39,29161273.3332,0.13051305130513371,-0.20551724137916566
2020-07-17,268.5593576593195,293.04999999999507,257.22565999663266,293.05,32901050.181900002,0.13339449541284715,0.6836313617607794
2020-07-20,304.5317334148532,322.3699999999951,303.5461938245139,322.37,11770468.4552,0.06181229773463083,0.9476439790578042
2020-07-21,346.9086127547609,354.30013149243337,298.91301775147434,299.8,46219351.6044,0.15965909090909344,-0.8505338078290763
2020-07-22,295.6164172335553,317.2985681891753,295.6164172335553,304.24,36739197.0288,0.07334555759293526,0.3977272727274825
2020-07-23,310.24789279928865,334.6399999999951,298.07647769105733,334.64,46087983.956999995,0.11785260482846535,0.6671159029650747
2020-07-24,343.1129361702076,367.11063829786684,320.2978723404207,324.24,52334743.93,0.1364354444923191,-0.403157894736729
2020-07-27,315.91308263835765,338.43254586807683,293.9356633813451,324.98,34606921.538499996,0.1408516612073028,0.2037652270211463
2020-07-28,317.34299607842644,331.9782243137203,308.1282227450932,314.14,21985574.0625,0.07515527950310867,-0.13429752066094686
2020-07-29,310.44296754249905,322.41719629056695,304.2341081916491,318.82,24224344.469,0.0585714285714317,0.46070460704631594
2020-07-30,317.7866498855787,334.68862242562426,308.17765675056745,323.01,27862898.6595,0.08342378663358949,0.19702602230500998
2020-07-31,321.0418348193286,323.01292820271664,310.1022665415249,315.03,19254820.98,0.04021488871834532,-0.46564885496141295
2020-08-03,319.56466056112345,344.64691379560486,313.01075156272265,338.98,33273945.879600003,0.09899768696993337,0.6137071651091708
2020-08-04,330.208054858929,332.1298746081453,314.38999999999504,314.39,26152945.126,0.05372332487688715,-0.8916666666663368
2020-08-05,309.8551598455551,326.1166424710375,305.56804169883696,319.07,21528009.4225,0.06631679389313301,0.44844124700261323
2020-08-06,317.8365857082645,350.9999999999951,317.245261827877,351.0,45299947.2175,0.10620155038759996,0.9824817518249321
2020-08-07,340.0083106266984,381.84411580380953,328.4775940054451,361.69,45135935.400000006,0.156956521739133,0.4062788550324013
2020-08-10,355.08847160315815,387.80825305535035,342.47361610351777,342.72,35925822.985,0.12767138495698277,-0.2728260869564078
2020-08-11,333.11445427728125,353.8109144542721,326.4620206489628,334.1,23139440.982,0.08210059171597907,0.03603603603621457
2020-08-12,330.1530612244848,342.4722053000253,313.6946847395627,323.55,21168980.3234,0.08716417910448038,-0.22945205479434255
2020-08-13,325.12901325932285,331.1407955596619,317.2447086031404,319.61,17582501.754,0.04274022431039999,-0.3971631205669975
2020-08-14,315.32608163264837,336.17042176870245,312.4187150415675,325.97,20087587.926000003,0.07532426941709934,0.44813278008317414
2020-08-17,325.22751322750844,339.4192592592542,318.32874779540975,335.28,20387990.7252,0.0648484848484876,0.47663551401890264
2020-08-18,331.9313177611234,347.50291758483405,331.63565447333144,335.43,18107421.8646,0.04780285035629733,0.22049689441023304
2020-08-19,332.078812373693,333.06435566609156,316.2608425306962,317.0,16437515.3978,0.05060097937379716,-0.8973607038119721
2020-08-20,315.3743949257167,320.20356534801675,294.1851777666451,295.22,20814482.7729,0.08250000000000299,-0.7746212121209918
2020-08-21,300.0438185129938,304.28158635535175,293.0465739360772,297.58,13380182.3232,0.03744457217934304,-0.2192982456135738
2020-08-24,300.34688273131616,304.486199901034,293.54657595249387,298.77,8060338.9404,0.03642329778507293,-0.1441441441436806
2020-08-25,298.8627749140842,299.99613745703954,283.58701890033876,286.79,13310314.392,0.0549051937345457,-0.7357357357353865
2020-08-26,288.75880711544664,293.1443930938212,280.28329264038575,282.55,8321728.397,0.044539249146761,-0.4827586206892325
2020-08-27,285.6549343695978,288.1187512953318,281.3678929188207,285.31,7588643.234999999,0.02363291357599088,-0.05109489051020853
2020-08-28,287.1338771331009,297.13699658702564,283.43814334470505,288.76,12625054.732,0.04770894113609391,0.11870503597157392
2020-08-31,289.0089246401306,299.4063471634158,283.3420829805202,290.98,16634964.280499998,0.05558397271952577,0.12269938650336684
2020-09-01,292.5106976744137,301.3806312292308,289.30766611295195,296.65,18014176.362,0.0412735849056636,0.3428571428575269
2020-09-02,296.1518956521687,296.2011721739078,281.36893913042985,283.34,14079141.225,0.05008319467554387,-0.8637873754148926
2020-09-03,280.8334991212604,283.10027240772786,273.8853462214363,280.39,10936001.333999999,0.03281277417091057,-0.048128342245445
2020-09-04,275.951100244494,284.4267411805749,275.26122249388277,282.16,7781377.475199999,0.03321428571428917,0.6774193548391724
2020-09-07,282.15734542157236,282.15734542157236,270.08459836808214,271.76,7334005.832,0.042787286063572925,-0.8612244897954393
2020-09-08,271.7628971795738,276.936986790427,268.609166369149,276.05,6012759.3674,0.030643699002723464,0.5147928994088199
2020-09-09,271.07325914423274,295.1697550034456,270.3833799171796,285.61,15486881.8608,0.09143792037811652,0.5864811133202543
2020-09-10,284.825090514115,284.92364590875655,271.9143338160703,272.21,8459114.9788,0.045674740484432444,-0.9696969696965142
2020-09-11,270.08194728048505,274.3689623166832,259.980360126225,265.45,10871136.7679,0.053274949826677465,-0.32191780821881394
2020-09-14,265.456516092598,268.51170525126537,260.4795143986399,261.81,7032490.2879,0.030258028587343572,-0.4539877300606735
2020-09-15,262.3977462437347,266.58625486922153,260.42668336115264,265.65,5956083.5418,0.023474178403759604,0.5280000000007145
2020-09-16,266.0006525839255,267.13403809882556,260.6786684270037,261.27,4676439.2884,0.024268247499077546,-0.7328244274800261
2020-09-17,262.3050562851733,266.6414915572182,256.983067542209,262.65,5647297.032,0.036821341348867054,0.035714285714792154
2020-09-18,265.1114275414516,274.2277126892524,263.63311103099744,273.39,10274486.557599999,0.03996282527881385,0.7813953488376054
2020-09-21,279.59995205478975,298.4731952054743,279.4028424657487,287.78,17668261.248,0.06820585125132494,0.4289405684756868
2020-09-22,281.1776394849735,282.5081330472052,273.5888984263184,275.56,8240829.744000001,0.03172099544339633,-0.6298342541430221
2020-09-23,273.8276395079288,278.3117703690447,269.047851666959,276.39,5421244.334000001,0.03383120388699278,0.2765957446813545
2020-09-24,272.05312719866185,274.66475837807303,265.30230698018397,266.14,5089422.2511,0.03441405542474527,-0.6315789473678295
2020-09-25,268.0638218923884,271.4146196660432,265.0579591836686,265.6,4325444.816,0.023713235294121286,-0.38759689922397084
2020-09-28,265.11168207023536,270.92639926062344,262.9927597042465,266.59,4305765.982000001,0.029925650557624472,0.18633540372730695
2020-09-29,270.53409527132663,284.7260478101503,269.0064892688838,282.41,11708786.6027,0.058105646630240225,0.7554858934171955
2020-09-30,282.8520509687505,284.2318170710371,276.5938261476649,282.31,6436070.8884000005,0.02700348432056089,-0.07096774193482931
2020-10-09,285.807348901094,286.98999999999506,279.2042135988963,286.99,8256143.1680000005,0.02724137931034831,0.15189873417783187
2020-10-12,291.96305438652814,315.3693752023257,288.41514891550196,304.43,18235092.915,0.09232067510548829,0.462522851919727
2020-10-13,300.59106970767266,307.48988114358644,298.12720848056057,306.8,8598898.5698,0.0311475409836098,0.6631578947372977
2020-10-14,311.0361644685754,326.21346780449454,308.5723165244327,317.59,17792957.699,0.05671736375158742,0.3715083798885279
2020-10-15,314.0896554949289,323.00873733436754,314.0896554949289,316.11,10289872.978000002,0.02839661123313765,0.22651933701710086
2020-10-16,315.3759052007848,319.31810401579463,298.1287853851169,299.41,10566269.722399998,0.067187500000003,-0.7534883720927539
2020-10-19,302.7125503685454,303.7966584766535,296.0107911547863,300.84,6804369.8745,0.02572033208530344,-0.24050632911326428
2020-10-20,300.58999999999503,302.0683114754048,291.9172393442575,300.59,7484318.140000001,0.03377049180328171,4.871778445663417e-13
2020-10-21,300.1912472198408,301.37387852865174,285.5561847733056,288.02,8195264.563499999,0.052692055154303856,-0.7694704049840608
2020-10-22,287.2819121446979,287.6761240310028,276.93385012919424,286.05,5321433.051,0.03739279588336517,-0.11467889908210041
2020-10-23,286.05611587982315,289.20987839770584,274.52517167381484,275.56,4881670.608,0.05133505598622205,-0.7147651006707533
2020-10-26,275.8037392524955,281.22421652921065,272.8471152833782,280.83,4357543.7345,0.03037341432910848,0.6000000000005228
2020-10-27,278.41697287838537,283.73892563429075,276.0023832020949,281.62,4866819.1335,0.027787610619472537,0.41401273885408213
2020-10-28,282.15830056179277,282.2568539325793,273.48560393257947,280.68,4623216.4992,0.03108627314006628,-0.1685393258421118
2020-10-29,275.9546742209583,279.00988668554743,273.73718130311124,278.32,4361385.0352,0.01910714285714648,0.4485981308419691
2020-10-30,283.4875940574902,288.2674126953446,253.7738761335085,255.4,13591767.0335,0.12167564748827003,-0.8142857142855479
2020-11-02,253.62951303024053,260.5775917823804,248.84962906600248,259.05,7611746.982000001,0.04624052846318617,0.46218487394996455
2020-11-03,259.04623376622897,267.27539888682253,257.7157699443366,265.6,6079316.859,0.03690317671676235,0.6855670103097234
2020-11-04,265.49996790871336,281.5147209841276,262.5926742734843,276.39,9235647.5885,0.07126948775056045,0.5755208333335634
2020-11-05,271.2667155156572,275.8494229712351,264.9100567869524,269.0,6458503.049300001,0.04032697547684293,-0.20720720720673436
2020-11-06,263.63412774070036,269.30102955194906,253.87720114394176,258.46,7568255.966,0.0585046728971997,-0.33546325878560057
2020-11-09,256.24190226548853,266.0480827560332,253.63020595393644,263.19,6250464.411799999,0.048461538461542136,0.5595238095241634
2020-11-10,262.14786585365357,264.660937499995,257.2695503048732,258.6,4281212.9152,0.028195488721808205,-0.47999999999926934
2020-11-11,257.72050781249493,261.66269531249486,251.31445312499505,252.3,4792983.552,0.040152963671131865,-0.5238095238089919
2020-11-12,252.83964810517688,258.9007037896315,251.70627996905932,254.86,3280192.0464,0.028454492301699455,0.28082191780886406
2020-11-13,254.8558768763014,264.61254037620625,252.58917727531343,259.34,6858339.506800001,0.04717710750193733,0.3729508196725103
2020-11-16,260.08647299813293,272.5043947858422,260.08647299813293,264.62,8709692.142,0.04774535809018927,0.36507936507973554
2020-11-17,263.6320235756333,263.6320235756333,247.37060903732325,250.82,7986677.261999999,0.061682242990657596,-0.7878787878784372
2020-11-18,251.31683168316346,254.96338963307602,247.76882935351878,253.83,4613416.9152,0.028627450980396058,0.3493150684937857
2020-11-19,251.31468531468082,278.4172494172444,248.90009324008875,274.82,15965075.4549,0.11745098039216045,0.7963272120201723
2020-11-20,274.77239165328564,285.71203852326937,270.63306581058913,276.3,13965053.2434,0.05487804878049099,0.10130718954280438
2020-11-23,273.4840092906866,281.2204037877384,271.02018938716685,275.8,8601161.765,0.037297297297300816,0.22705314009707867
2020-11-24,274.8206403940836,282.3108210180572,268.414564860422,270.09,7818125.256899999,0.05056481979559246,-0.3404255319145143
2020-11-25,267.57519394512263,269.3984503311207,260.1836140018872,260.43,5588385.425,0.034438305709027714,-0.7754010695180908
2020-11-26,262.1494830132891,269.0974298375135,257.7638995568638,266.88,6992155.654399999,0.04323308270677054,0.41739130434822297
2020-11-27,267.0785294611337,293.58927648144544,265.3538526103699,293.54,23913076.6826,0.10571955719557505,0.9371727748692527
2020-11-30,294.67722707063564,309.2139799110767,286.8421636752793,299.26,24667712.218,0.07591973244147457,0.2048458149781869
2020-12-01,299.25474732982144,316.7478208193796,296.6431053722255,309.11,17431686.5301,0.06718261155936421,0.4901960784315954
2020-12-02,305.5196282646963,317.54330395769404,303.0557602948197,307.54,15444126.511699999,0.04741935483871282,0.13945578231325662
2020-12-03,306.50169599999515,310.14817919999507,303.29870399999515,307.98,8462008.125,0.022347266881032203,0.21582733813017835
2020-12-04,303.2538086124353,311.92665071769835,296.5520669856412,308.97,11139091.392,0.050698732531689765,0.37179487179517356
2020-12-07,307.8816948072585,311.3803504300683,300.8351067218811,309.36,11554190.6612,0.03425096030730154,0.14018691588831098
2020-12-08,306.5520466988678,321.77863123993035,301.13157971014004,306.01,10989999.702,0.06735251567272439,-0.02625298329331414
2020-12-09,302.5603076923025,308.9663076923024,287.18590769230275,288.27,12358071.18,0.07198697068404221,-0.656108597284811
2020-12-10,289.8988585974661,305.3719576285054,288.2727048776435,300.05,11258552.475399999,0.058983511813703704,0.5936599423633677
2020-12-11,300.19043463554374,301.5701674276966,285.8017926602353,291.37,7269700.5981,0.05252790544977346,-0.5593749999996519
2020-12-14,290.3402746645574,319.31516969218126,290.3402746645574,312.17,14993926.965499999,0.09979633401222306,0.7534013605443614
2020-12-15,315.3262447779621,326.955717159209,308.7230697818303,318.48,14563361.6257,0.057821534614786604,0.17297297297323097
2020-12-16,315.36914643695667,321.92291151134964,308.5689992169098,314.63,11243357.354500001,0.04234375000000293,-0.05535055350516083
2020-12-17,310.940952831672,314.1439895882582,301.4796750276021,312.37,8970962.3085,0.040729001584789176,0.11284046692645115
2020-12-18,311.08773217446793,314.88208594881195,303.79468855624816,306.16,8600764.6275,0.035640741327422655,-0.44444444444396347
2020-12-21,313.3510803571382,331.9777053571379,307.9799107142811,331.14,16595829.600000001,0.07658436861141979,0.741273100616191
2020-12-22,329.56468797564185,338.1881659056265,323.7499999999951,323.75,12872124.018,0.043809808612442866,-0.4027303754262528
2020-12-23,327.1947972879435,356.1199999999951,321.281638300812,356.12,22641665.597099997,0.10647590361446047,0.8302687411599465
2020-12-24,363.6600738612999,389.33309533579006,356.02222678155715,360.26,29530723.5291,0.09159891598916245,-0.1020710059170089
2020-12-25,364.65335120642953,371.2072560321667,349.4758873994592,367.61,17406048.729999997,0.059594594594597115,0.13605442176892385
2020-12-28,367.10955631398815,381.8924914675716,353.8049146757631,360.95,21483064.72,0.07651006711409646,-0.21929824561385186
2020-12-29,359.18121030640174,364.6509749303571,346.911197771583,353.81,13763120.138,0.049389491013859144,-0.3027777777774858
2020-12-30,351.4913989145136,375.242815468109,351.3435685210265,363.17,16862523.887000002,0.06799383148745541,0.4886597938146174
2020-12-31,361.69544640572576,388.6994116142186,359.23158096699467,385.25,20122196.6856,0.08147138964577898,0.7993311036790703
2021-01-04,400.6199302325535,423.7799999999951,394.21395348836757,423.78,26706466.66,0.07380073800738227,0.7833333333334737
2021-01-05,428.7093205185468,462.2176352257436,423.7816271792532,440.93,32277562.044800002,0.08965517241379528,0.31794871794883883
2021-01-06,435.0161353594091,471.3824593167316,432.5030154111388,457.24,26811318.825900003,0.08937471681015156,0.571609632446246
2021-01-07,449.55118756476224,493.5059896373007,445.9539896373011,475.52,30137356.265,0.10577660857174385,0.5461139896373954
2021-01-08,474.0457831325252,486.8578313252961,448.5202409638507,470.35,26546059.569000002,0.08087318087318283,-0.09640102827750378
2021-01-11,482.4207525784826,485.1309815255527,428.70894253654734,434.77,32093261.053500004,0.11695607763023678,-0.8445414847160557
2021-01-12,438.1194325631334,460.8852831810805,438.1194325631334,458.52,25794035.049,0.05196265886852098,0.8961038961040709
2021-01-13,462.55874546453595,474.5822177020289,439.44805497525635,448.17,28311401.673000004,0.07595610951315847,-0.4095371669002706
2021-01-14,438.5645652969097,438.5645652969097,403.3808462382587,404.12,33231062.154400002,0.08022471910112575,-0.9789915966384871
2021-01-15,404.11506578946893,413.8717763157846,388.7408552631533,411.95,23662951.575999998,0.0621875381051114,0.31176470588253324
2021-01-18,411.95025761123634,427.6201358313767,406.57913583137696,420.82,22844694.712000005,0.05107655502392565,0.42154566744752414
2021-01-19,413.33366021083094,421.56288305956826,396.0867859769503,402.0,21989738.077,0.06163567000477096,-0.44487427466129875
2021-01-20,399.1431810046486,418.0655244004246,395.6937954897936,412.99,18172275.8986,0.056049382716051845,0.6189427312777247
2021-01-21,412.54759259258776,420.48120014244523,403.579166666662,415.11,23597195.918399997,0.04096989966555407,0.1516034985425538
2021-01-22,411.95164481250964,428.4592765125325,405.39786864503793,428.41,28798334.233200002,0.05598086124402141,0.7136752136753977
2021-01-25,438.5601147143124,469.70281050076693,437.9687977057088,446.74,35197790.3502,0.07235955056179985,0.2577639751554261
2021-01-26,437.9728398087947,442.35848143154254,402.04999999999507,402.05,27602881.791300002,0.09203420342034409,-0.8911980440096342
2021-01-27,394.705447325966,406.43327459982123,388.25021466682733,397.12,15322601.6829,0.04606741573033939,0.13279132791354598
2021-01-28,387.8125383043874,400.6739198161339,381.2586542390146,385.94,15174252.508799998,0.050063532401527236,-0.09644670050736008
2021-01-29,388.79242779078345,393.1287691907313,369.2296148842003,378.74,15360603.9678,0.06147021546261315,-0.42061855670081033
2021-02-01,379.42957746478396,390.02403969269676,379.33102432778014,384.85,9521918.417,0.028181818181820688,0.5069124423967216
2021-02-02,389.2882074295639,398.89722014459744,380.9111194215859,395.3,12645965.031,0.046202531645572156,0.33424657534271757
2021-02-03,395.6965919639253,395.6965919639253,369.8260177695217,371.6,14266646.7193,0.0653798256538007,-0.9314285714283442
2021-02-04,367.4073582887652,376.9670454545404,363.3173890374283,368.59,10824744.831999999,0.03715128755365067,0.08664259927832832
2021-02-05,374.505271806102,378.841648637541,359.2293988771689,359.87,8925670.3669,0.05236842105263402,-0.7462311557786072
2021-02-08,363.86454072789815,371.55181975736076,354.89604852685835,369.63,9330526.9044,0.04577464788732664,0.3461538461541173
2021-02-09,373.8597709090864,406.57927636363144,368.3900945454501,406.53,20898859.575,0.10214841175695502,0.8554838709678471
2021-02-10,405.060282108384,405.060282108384,384.8565454095473,398.26,17595599.4126,0.04987834549878581,-0.3365853658533984
2021-02-18,399.1886288916514,403.18002241593524,389.23478331257303,395.69,11929105.419,0.034933958770524555,-0.25088339222578154
2021-02-19,396.67739364962125,408.996567365448,394.70632585508895,401.95,12316244.511599999,0.036024844720499424,0.36896551724169463
2021-02-22,402.1000266311531,402.78990412782423,368.44386018641325,370.07,16487287.277999999,0.0854166666666689,-0.9325681492107345
2021-02-23,359.96736208882174,390.1740688595881,357.9962882375483,385.0,16034242.5321,0.08939082819986566,0.7779479326188105
2021-02-24,388.94659457431703,398.8020765095588,382.88547318414334,394.17,15590186.1831,0.04092233624731013,0.32817337461328705
2021-02-25,394.2169811320708,427.72542452829686,389.5356544811275,417.87,23431803.712,0.09687500000000229,0.6193548387097902
2021-02-26,406.8837829839654,421.81484586929196,389.29173859432325,399.64,18804563.735,0.07993217875742005,-0.22272727272711476
2021-03-01,402.34079282336774,406.47999999999513,388.69126439567964,406.48,12313061.2268,0.04421310471525045,0.23268698060967818
2021-03-02,408.2560923369775,414.9577010947118,395.34564017134227,414.12,16447243.172800003,0.04803862401931422,0.2989949748746118
2021-03-03,405.0578313252964,412.3508433734891,401.608433734935,409.0,9745859.17,0.02652068126520933,0.3669724770646382
2021-03-04,405.4994870210086,421.5637515451122,395.447002472183,398.65,14260693.613000002,0.06440636772390558,-0.26226415094319805
2021-03-05,388.00833923222996,388.20544786277725,358.8362619112393,361.99,18097918.5396,0.07569215138430534,-0.8859060402682561
2021-03-08,362.03784450158275,364.15675389501797,325.7699999999951,325.77,18535445.1469,0.10602967197495827,-0.9448010269574842
2021-03-09,320.29626032053875,323.252841185036,296.2001262748859,304.38,13468321.534500001,0.08446153846154121,-0.5883424408012535
2021-03-10,310.44355758266306,313.8929304446927,299.55339468968396,302.51,9057244.8624,0.046190476190479314,-0.5532646048106096
2021-03-11,302.85710843373016,313.7966265060191,298.3728915662603,310.84,8809092.3524,0.05092743247641053,0.5175718849843085
2021-03-12,310.64350289761256,310.64350289761256,298.7184191886623,306.11,6925866.8888,0.03838832487309957,-0.3801652892557559
2021-03-15,305.7599395622296,311.57455243384004,297.18584939561754,301.67,7198854.9024,0.04705882352941466,-0.2842465753421052
2021-03-16,300.59096923585344,304.9766407542126,293.1993880251357,297.93,5641440.978999999,0.03918032786885574,-0.22594142259370265
2021-03-17,299.36083743841874,303.9929228242972,296.65057471263884,300.1,4945994.718,0.024526748971196683,0.10067114094025621
2021-03-18,298.12261249594854,309.2098170929053,297.4820184525688,304.43,6729028.176,0.039338842975209926,0.5378151260507948
2021-03-19,299.55588818897166,325.2292913385776,297.7326330708615,312.91,13915626.22,0.09179141306136178,0.4856630824374384
2021-03-22,309.4580808881791,312.56251704995543,301.9680126883378,310.69,8029957.208,0.03423566878981212,0.11627906976789318
2021-03-23,309.2090106283165,316.6990137542932,307.2379571741121,315.27,7270011.5712,0.030597609561755914,0.6406250000004584
2021-03-24,312.714679232799,318.3323082010529,294.0385267857094,298.03,9664646.543999998,0.07768673179956173,-0.6044624746448024
2021-03-25,295.6589403973461,302.95186092714727,293.2443923841011,297.63,5229748.496,0.03283333333333648,0.2030456852796746
2021-03-26,297.63513730527865,308.27904287778534,297.24091858037104,306.85,6632843.4796,0.03708609271523499,0.8348214285718035
2021-03-29,311.97106978222365,319.01764425369066,308.81735813065796,310.0,7759308.0762,0.032696256515561316,-0.19323671497534714
2021-03-30,329.0255780346773,340.9999999999951,321.7817919075098,341.0,20917536.568,0.05840946532874347,0.6230769230771455
2021-03-31,338.53615775688905,340.5072562008883,318.23384378369565,319.86,17779949.8736,0.06579330422125448,-0.8384955752209851
2021-04-01,322.9087349578772,328.1813176895257,317.98108754512157,327.59,8764117.567200001,0.03158858538074454,0.4589371980680726
2021-04-02,324.04386745346767,331.1397185655874,319.3133000453878,325.67,8830152.0591,0.036496350364966575,0.13750000000040305
2021-04-06,325.9692623562741,333.0651918769549,325.9692623562741,330.01,8204538.9002,0.02176870748299616,0.5694444444450532
2021-04-07,326.70551555078407,327.1982840508607,319.21543434961984,321.63,7174565.2091,0.024434389140274442,-0.6358024691351127
2021-04-08,319.6598871262917,326.01661989017197,315.81628126906173,323.06,5857329.0468,0.03190997379374421,0.33333333333377807
2021-04-09,325.17963855421186,330.8957831325251,318.52722891565776,319.02,7990762.384799999,0.03803606607061985,-0.4980079681270525
2021-04-12,314.83433300717036,318.2837622309146,299.9525097847309,302.17,9715719.2412,0.05822507434653613,-0.6908602150534566
2021-04-13,300.5408471841165,307.3903598515361,299.3581975149217,305.37,4963871.364,0.026725692736517613,0.6012269938655653
2021-04-14,302.0704418567506,309.01855479342305,302.0704418567506,308.92,4315793.3729,0.02300163132137363,0.9858156028374491
2021-04-15,307.09613498885216,310.44699140400655,304.63226997770926,309.56,3544091.4402,0.01893453145058096,0.42372881356009584
2021-04-16,309.70710874064144,312.36807673936767,306.6519232606223,309.51,3634164.6165,0.01845664280032146,-0.03448275861981984
2021-04-19,309.6085419574948,317.837831549553,304.53299208933913,317.69,7673663.5983,0.042973102021330596,0.6074074074077294
2021-04-20,314.43099219968315,322.2658970358765,311.81935725428536,315.86,7239927.698999999,0.03322363265946092,0.1367924528306421
2021-04-21,312.56664491484463,313.74930288078446,305.91419385643314,309.61,5862696.8301,0.025067002995431183,-0.37735849056535975
2021-04-22,310.44105431309407,314.6295447284295,307.48447284344553,308.47,5146171.346000001,0.02301587301587633,-0.27586206896478155
2021-04-23,307.1918190506482,311.52818094934196,306.1077285759747,309.36,4428644.9662,0.017645171639400138,0.40000000000083646
2021-04-26,310.1018005365266,321.8297885434697,310.0032460154598,312.27,8678615.2876,0.038137613221042296,0.18333333333373375
2021-04-27,310.2481828497275,310.2481828497275,300.04783757496676,303.99,5716301.5068,0.03287801778907563,-0.6135265700477656
2021-04-28,301.1801449508729,306.94553712352536,301.1308680946964,305.96,3890306.6937,0.019306282722516173,0.8220338983057982
2021-04-29,306.6502302204879,309.65612191957996,303.05301556419744,303.94,4640009.3784,0.02153302265788527,-0.41044776119322396
2021-04-30,290.9751645306496,295.21290613092657,273.58071354346595,284.52,16293140.178399999,0.07434377646062965,-0.29840546697014514
2021-05-06,281.4212278688478,304.9756573770441,279.74580819671667,300.59,11627020.9,0.08965154964104682,0.7597656250001671
2021-05-07,300.09747062662694,307.6368652088723,297.1408453002563,301.97,6436408.7584,0.03497536945813126,0.17840375586900112
2021-05-10,301.7736139663844,302.709880894105,293.6921520639535,302.02,5622053.861699999,0.029882429784457695,0.02732240437212291
2021-05-11,300.64236463432286,332.229277555254,299.164037976557,332.18,20957047.713,0.10998197016882762,0.9538002980627123
2021-05-12,326.20947592930645,329.0675045703789,318.1774299207751,323.45,10744960.8048,0.03338368580060731,-0.2533936651578976
2021-05-13,319.5645651173444,336.8116889093368,318.3326277036307,321.24,12158304.6273,0.05782575173477546,0.09066666666692887
2021-05-14,322.5691982758575,347.2571249999951,315.8674856321794,342.97,18204878.759999998,0.09731133516651677,0.6499215070644985
2021-05-17,345.42684150185806,352.71973344797436,340.1050014330705,343.85,15633723.3312,0.03651925820257064,-0.12499999999959863
2021-05-18,340.99484931506385,365.28826849314567,337.8411397260228,359.72,17184410.240000002,0.08049132947977136,0.6822262118493478
2021-05-19,355.29023210831235,365.5892138712302,353.2205802707883,356.67,11514270.475399999,0.03481276005548113,0.11155378486094496
2021-05-20,357.99442515967297,368.98310469313566,353.80591502359965,354.89,11048012.7602,0.04239504473503357,-0.20454545454512255
2021-05-21,357.6483858998094,358.73246753246246,341.68282003710095,345.28,10426788.0717,0.047671534858090205,-0.7254335260112337
2021-05-24,346.31868594692764,354.4493893022553,344.05194440544227,351.0,6911111.4067,0.030022766078545943,0.45023696682506925
2021-05-25,350.7533262963406,378.93974139067984,345.5792466024496,373.47,17367909.072800003,0.09511098623209038,0.68094534711977
2021-05-26,373.02157922488306,384.3551278671186,369.0794753493229,373.81,12952114.888799999,0.040951122853371075,0.05161290322612449
2021-05-27,373.07045864262494,379.9198568398677,369.57184517496864,371.74,8618969.4552,0.027737419099196706,-0.1285714285709383
2021-05-28,369.0822069693721,376.9171964097099,363.95743400210716,373.32,8286726.5304000005,0.03511348464619741,0.3269961977189857
2021-05-31,373.5230650552793,388.50340961686305,369.82725636409907,383.28,12234296.208,0.050000000000002584,0.5224274406334817
2021-06-01,379.9750450211814,387.95792108050335,371.74578389830015,372.14,10301575.961599998,0.042666320840360525,-0.483282674771703
2021-06-02,372.0429158110833,377.5619630390093,358.93517864475905,359.97,10845490.2435,0.05006622516556543,-0.6481481481478516
2021-06-03,359.32269481871987,364.6445339630454,353.70519794415407,354.74,9188699.9344,0.030444322545257627,-0.4189189189184345
2021-06-04,353.8043257676855,374.451124165549,353.0651802403157,369.08,14055854.589,0.0604456824512559,0.7142857142859148
2021-06-07,373.9086842105214,382.38421052631077,369.22743421052155,374.5,10745576.16,0.03518713758566392,0.04494382022508909
2021-06-08,369.87012765956973,383.3719148936121,369.87012765956973,382.14,12265306.449000001,0.036504130029312416,0.9087591240878871
2021-06-09,389.3895119182698,398.90003783578766,379.68187665531116,390.72,18032073.9183,0.04935459377373063,0.06923076923102128
2021-06-10,390.76242934304247,398.4988355734155,386.03188795376985,392.29,11926399.5752,0.031904161412360625,0.1225296442691599
2021-06-11,392.3458610191875,392.3951383189889,370.5652945069442,372.29,13113670.577499999,0.05563928661140655,-0.9187358916475921
2021-06-15,368.88569086340914,378.98742298029384,364.8942747586888,372.68,7769450.9925,0.03820464867753406,0.26923076923109795
2021-06-16,372.57815750963994,380.16670879339665,355.82421311693025,370.41,9523547.3882,0.06533527311202483,-0.0890688259107275
2021-06-17,370.5578947368373,374.89421052631087,364.89111842104785,374.5,6395716.92,0.02699468085106644,0.39408866995118685
2021-06-18,374.50777466224355,394.12015549324,371.6989663522767,386.63,11962965.6736,0.05986842105263415,0.5406593406595336
2021-06-21,388.6953686690178,418.8527679623037,387.95621672555495,418.36,19216282.131,0.07948782961460678,0.9601275917066687
2021-06-22,419.0954020915925,419.34178386824834,401.7008486596898,409.93,14997657.9162,0.04209288653733328,-0.5195530726253894
2021-06-23,407.42006165520036,417.1768555845338,404.6605643822575,415.6,11743830.526,0.03072085147557072,0.6535433070869546
2021-06-24,420.7933615150419,428.95738924585004,406.81765302670937,409.17,10663041.9466,0.05261427162117955,-0.524999999999662
2021-06-25,398.5151098440315,412.55999999999307,386.54581921850763,412.56,13232161.1609,0.06527777777778024,0.5398936170215236
2021-06-28,415.9509657947616,420.24054661300437,405.918881623065,412.63,11001309.5052,0.03443113772455321,-0.23188405797051304
2021-06-29,408.47407006260937,418.2292942968282,408.47407006260937,408.82,9247235.1872,0.023882113821140586,0.03546099290851289
2021-06-30,406.12028192370803,417.18999999999306,398.1639220563781,417.19,11701785.438,0.04684838160136522,0.581818181818514
2021-07-01,424.8053755784901,431.4472837308574,387.1678960484089,388.69,18094017.8814,0.10423452768729854,-0.8156249999998247
2021-07-02,381.21130918151465,381.4188652482196,351.4616062871314,360.94,19245851.0616,0.07858439201452153,-0.6766743648958202
2021-07-05,357.5523178807877,364.7476431632184,354.0238410595957,355.2,8399033.528600002,0.029992260061922193,-0.21935483870901062
2021-07-06,355.27409272277487,365.2369884096453,348.42460193805147,364.13,9711596.5381,0.04732229795521198,0.5267489711938
2021-07-07,359.76921748142405,400.51999999999305,358.3854897218801,400.52,25983927.6578,0.11711538461538709,0.9671592775042466
2021-07-08,402.665766331652,440.57999999999305,400.5209830401947,440.58,30940643.5392,0.09948453608247636,0.9464594127808056
2021-07-09,449.7134935304922,461.75197781884685,435.1842883548917,449.16,47465517.2628,0.059076923076925004,-0.020833333333073217
2021-07-12,450.19440434847576,466.31478182092013,439.8856651064406,458.22,30760640.0648,0.05870600891348002,0.30366492146621943
2021-07-13,454.48473323397246,470.8818837555818,452.13239940386813,464.24,22395711.349,0.04125437661744782,0.5202952029523641
2021-07-14,461.95450468749283,468.94228437499277,441.06035156249317,442.79,26551136.64,0.06035644750636723,-0.6873449131510921
2021-07-15,448.60232558138847,455.93604651162093,434.8343023255747,446.25,17281924.245,0.0470388648982132,-0.1114754098357358
2021-07-16,442.6521041666601,476.89918005951677,436.3561770833269,464.93,37010508.192,0.0915911222256976,0.5494880546076656
2021-07-19,463.548908028292,466.66229621654173,442.1011227314605,449.85,24474110.5792,0.05298507462686786,-0.5577464788729373
2021-07-20,442.1004282655179,459.12025695930777,438.6411134903573,452.34,19195347.0156,0.04632237871674707,0.5000000000003101
2021-07-21,449.29867677668085,476.5582515610991,446.9463276836092,465.35,23708161.950600002,0.06590699106868089,0.5420560747665693
2021-07-22,461.6780443490635,491.2204577968456,455.2437482117245,483.61,26402202.309,0.07792597032819028,0.6096153846155598
2021-07-23,483.4763887759187,530.5233184221157,473.0292029280132,510.39,38160963.5427,0.11891814539210255,0.4681107099880772
2021-07-26,511.9757746478802,545.7385014084431,491.21999999999315,491.22,48650137.91,0.10648648648648822,-0.38071065989834435
2021-07-27,488.176385120343,515.2972954048065,473.71651203500403,474.27,40351482.44849999,0.08517573696145316,-0.3344425956737033
2021-07-28,466.3146769230698,467.07572461537745,435.8727692307625,449.71,28774554.900000002,0.06691394658753916,-0.5321507760529774
2021-07-29,463.5471778791269,491.56756698973084,456.90530786772456,485.41,32364154.108799998,0.07477611940298691,0.630738522954273
2021-07-30,483.7499159663795,493.22842547544616,461.61033171162524,469.29,23332231.23,0.06536041189931556,-0.4573304157546906
2021-08-02,476.8345704371899,508.2453213046425,464.38096877168,498.49,27707323.9245,0.09199071387115668,0.4936908517351609
2021-08-03,498.06791441627894,519.1003697548745,487.27494391357874,499.59,28565203.6815,0.06389776357827652,0.04782608695673683
2021-08-04,494.6828894806859,526.5778282290211,492.67648335551945,519.59,26656786.304999996,0.06853146853147055,0.7346938775512
2021-08-05,520.6226716338409,539.6487493347454,511.9744544970662,520.0,37245343.335599996,0.05315614617940373,-0.02249999999975134
2021-08-06,514.2635901902905,521.666550522641,494.683797909401,516.27,29743830.48,0.052468720570431004,0.07435897435923057
2021-08-09,516.269999999993,534.4660613776396,509.074599303129,516.27,20884952.2882,0.049182524792282835,2.7311925089890584e-13
2021-08-10,508.8637062117396,543.6643104570836,508.8637062117396,531.28,33960688.4995,0.0683888511216878,0.6441351888669808
2021-08-11,525.8111405835474,534.3901644562262,514.9489893899137,521.66,22966068.658000004,0.03697368421052779,-0.2135231316722345
2021-08-12,518.6874274204679,522.2850993193427,495.92523406027937,498.07,20842175.491299998,0.050820328131254304,-0.782152230970838
2021-08-13,495.0283464566861,515.7150656167909,487.76377952755234,500.84,20800479.6207,0.05646401118099434,0.20792079207944547
2021-08-16,500.5633866481154,509.2116828928997,491.22322670374837,497.45,13241403.104000002,0.03593642017968403,-0.17307692307652764
2021-08-17,498.13859154928883,508.03217746478174,488.314191549289,491.22,15878513.84,0.03958333333333541,-0.3508771929820884
2021-08-18,493.3009333333267,529.8314933333263,487.07413333332687,518.9,31256400.0,0.0866760168302964,0.5987055016182709
2021-08-19,515.4357019753345,532.7322020416209,505.12698793582786,521.87,21942133.6657,0.05355704697986752,0.23308270676716175
2021-08-20,513.2256368118254,527.5472473294916,503.6778964667146,505.2,18996480.8598,0.04650849285521883,-0.3362318840576718
2021-08-23,514.0489647383547,555.6986924331716,506.57692056719156,551.34,43428893.588599995,0.09555854643337985,0.7591549295775916
2021-08-24,532.7341249999934,556.9493124999931,511.4939462499937,553.49,40664676.0,0.08532467532467693,0.4566210045663527
2021-08-25,546.5718631178638,561.7928517110195,529.0677262357348,545.88,20325619.149,0.0598734177215206,-0.021141649048414465
2021-08-26,542.4191925706108,555.7029278988706,532.5947633174186,536.4,17022604.6456,0.042602040816328214,-0.26047904191585675
2021-08-27,532.8003376963283,537.4357905759093,520.8311832460665,528.58,15635878.076000001,0.03116478379431438,-0.25416666666624016
2021-08-30,538.964468137856,578.9543863129113,538.964468137856,558.06,30024331.5252,0.07419768934531627,0.47750865051918956
2021-08-31,584.6205362583719,593.3379549055383,550.7194637416143,567.67,33751206.783,0.07289940828402536,-0.3977272727271008
2021-09-01,576.8788446115217,581.0300476190405,518.9695626566352,552.11,29298598.727999996,0.10757975533701296,-0.3991081382384558
2021-09-02,541.1064566929065,561.170498687657,541.0372703412005,553.56,13297073.9265,0.03720751822017827,0.6185567010312447
2021-09-03,552.7253416978037,558.3293913507669,512.1824639615522,518.34,24186291.7408,0.08348979847290201,-0.7451274362816936
2021-09-06,511.2832754010628,522.3530080213834,496.9618088235228,517.51,17468082.148,0.0496617050067677,0.24523160762968665
2021-09-07,516.8225432756258,532.1127416777559,512.0486804260919,519.59,13196038.039,0.038821954484606666,0.13793103448309074
2021-09-08,520.1387868852388,524.2207486338726,503.672568306004,506.44,14778055.200000001,0.03950518754988225,-0.6666666666662958
2021-09-09,504.22415820972543,536.1186885245831,500.28058287795346,531.76,20235758.445,0.07107574094401924,0.7683397683399412
2021-09-10,531.7628800213462,531.7628800213462,514.7431469371345,518.41,15763523.883100003,0.03200624512100099,-0.7845528455280064
2021-09-13,518.4072428376465,525.7409099590651,500.7649304229127,507.13,11296633.898,0.04817829974643173,-0.4515235457060829
2021-09-14,511.15028257886814,520.6980274348351,500.9106721536283,504.37,13222362.888,0.03871142393070024,-0.34265734265697523
2021-09-15,502.1577377541206,513.5735584663595,484.4459189521014,507.07,14994932.4525,0.058004960044091246,0.1686460807603257
2021-09-16,503.6729927007229,510.52239191464764,491.21953958449626,492.88,9426508.1456,0.03832417582417783,-0.5591397849458495
2021-09-17,493.64660737339705,499.9425907330298,463.5504231817464,482.3,14065392.973899998,0.07372109320252475,-0.3117870722431472
2021-09-22,475.3781089788419,507.1345566605896,471.1577531867142,493.92,12012121.3784,0.07568039586668805,0.5153846153847939
2021-09-23,494.05532301479815,517.5092866756323,494.05532301479815,514.05,17388714.312,0.04747234280913238,0.8525073746315259
2021-09-24,511.7001170545731,517.0966299169659,505.8193017558118,508.31,8601401.8002,0.02203893996755194,-0.30061349693187417
2021-09-27,504.36244343890695,511.6269230769159,475.8580090497671,489.28,12303326.0064,0.07091906721536534,-0.4216634429398358
2021-09-28,488.7274259681024,495.02332004555103,485.475700455574,485.96,8247160.7648,0.019535673839186522,-0.28985507246301934
2021-09-29,481.39370532347334,485.47565827174657,458.70081435680197,458.77,11276254.879099999,0.055619430870941976,-0.8449612403097861
2021-09-30,463.4798331869994,475.17233830845083,463.0647146619775,472.82,7911403.3356,0.026123301985373,0.7714285714290794
2021-10-08,476.6928228228158,478.63003603602897,456.8363873873806,460.78,7150309.865999999,0.04571843251088737,-0.730158730158386
2021-10-11,463.8937084625541,485.3414414414344,461.81812140008185,468.46,9476203.4109,0.05070842654735496,0.1941176470591058
2021-10-12,467.00244947947857,467.00244947947857,445.6241151255291,451.92,8873814.7544,0.045777777777779825,-0.7055016181226249
2021-10-13,422.03864132127734,445.76966656278523,415.46590838266724,444.04,17064921.6044,0.0718032786885269,0.7260273972604769
2021-10-14,438.2891407297031,474.0226209977592,437.0426239761662,465.02,14676106.579000002,0.08437351872333926,0.7228464419477311
2021-10-15,464.95401133312754,468.48583358186,460.38341783476795,464.4,7261810.045,0.01742627345844716,-0.06837606837520385
2021-10-18,464.74525416364287,481.7118146270749,464.67600289644514,478.18,8262956.634,0.03665623603039995,0.7886178861792177
2021-10-19,478.4579221927428,479.77369879162285,465.8541674034709,469.94,7345055.788199999,0.02909248805905557,-0.6119402985069226
2021-10-20,469.93564313554975,480.3232568211278,468.75838025118424,479.7,8182351.809299999,0.02460949012673368,0.8443113772460287
2021-10-21,474.7107497082778,481.2895274212298,468.68597432904807,474.78,5921353.7432,0.026549963530271736,0.005494505495053656
2021-10-22,474.36623093681237,478.9367668845247,468.9646884531523,476.79,5083626.500999999,0.02102189781022099,0.2430555555562193
2021-10-25,480.11909812818385,490.64529211570493,474.37124220078744,488.36,9591517.5812,0.033895860377904735,0.5063829787237958
2021-10-26,488.0139581861776,493.0693035739442,484.5513928520909,490.23,7172879.5743,0.017454235845042555,0.2601626016267984
2021-10-27,498.6077532305058,505.5328609142628,488.4970960122206,498.4,11507756.862599999,0.03416666666666847,-0.012195121950814933
2021-10-28,491.75499724820463,513.8462300495252,491.6857457347208,503.32,12019253.676400002,0.04506407548232846,0.5218750000002849
2021-10-29,505.5274172185364,524.7097589403904,493.2701086092651,522.84,19449864.55,0.0621917808219195,0.550660792951745
2021-11-01,533.5045509933706,544.1691019867478,518.5464794701918,522.84,21107180.905,0.048026998961580296,-0.4162162162159334
2021-11-02,526.3050847457561,554.8363603924996,524.2275646743913,543.41,23790008.066299997,0.05815789473684372,0.5588235294119714
2021-11-03,536.6915197095366,538.0765300829805,515.7086125518605,534.06,15461501.1424,0.04167741935484049,-0.11764705882321562
2021-11-04,530.4601511464003,546.2493044703402,526.9976175227293,540.64,12709667.965199998,0.03629242819843527,0.5287769784175941
2021-11-05,536.7670026454956,543.9691402116331,523.3322460317391,523.54,9108792.251999998,0.038446652044899284,-0.6409395973150733
2021-11-08,517.7191198428224,530.32276882776,512.4560576293319,528.73,6707587.238999999,0.03451043338683983,0.6162790697677912
2021-11-09,525.9561874197622,547.0775353016618,523.7401771501858,539.46,13913754.055000002,0.044371296905861016,0.5786350148370687
2021-11-10,539.0455391010582,549.8486100285718,526.3034554429654,533.09,12096102.189,0.043679342240495155,-0.2529411764702829
2021-11-11,526.3085861846284,538.7737895416328,521.3225048418268,536.35,9871407.5635,0.033157894736843795,0.575396825397194
2021-11-12,536.3512394614254,553.1793028815837,534.6892085063479,550.34,17478716.0382,0.03447385409942094,0.756554307116428
2021-11-15,549.8564499213353,555.396565285782,526.3109596224368,528.25,16851149.0528,0.052896725440807736,-0.7428571428568824
2021-11-16,522.7088687035437,536.1436223506671,499.50968070464495,503.18,19405685.485199995,0.0700847906730279,-0.5330812854440312
2021-11-17,503.17396565821076,515.1542981738825,492.9941455437383,508.16,13121076.3324,0.044040737682358125,0.22500000000029774
2021-11-18,505.8106074074007,522.5001414141344,497.2234612794546,514.19,12551045.5125,0.04997261774370394,0.33150684931532703
2021-11-19,512.4595698339164,515.7836319085147,507.05796896269396,508.72,8918400.281,0.01702702702702901,-0.428571428570594
2021-11-22,508.579778597779,510.7958124914513,498.60762607625395,506.71,13122583.650899999,0.02396514161220236,-0.1534090909085105
2021-11-23,506.9196771500069,506.9196771500069,491.6843863067007,497.64,11022507.670400001,0.030054644808745135,-0.6090909090904181
2021-11-24,497.91847748898607,502.0735690952919,484.7606874023508,487.6,10272466.2459,0.03477051460361799,-0.5959999999995714
2021-11-25,487.52606199769684,491.61186280137065,480.25472158437884,482.54,8230453.878400001,0.02329545454545656,-0.43902439024325646
2021-11-26,482.5409719839841,490.78184105202286,478.8706689536811,484.48,7887155.3772,0.02468427095292971,0.16279069767497606
2021-11-29,477.82738589210965,501.71875518671516,473.1876127247515,500.68,15365809.827,0.05971014492753823,0.8009708737866195
2021-11-30,499.98846259248427,515.7083214579266,499.29595779664976,505.39,13187508.6238,0.03282548476454479,0.3291139240510332
2021-12-01,505.52875772133837,510.30704323952637,499.9887165408306,504.49,7671876.481499999,0.020410958904111477,-0.10067114093892304
2021-12-02,504.48952427049505,508.0905476420896,500.4037477527244,500.75,6196196.898500001,0.015236787920386343,-0.4864864864855242
2021-12-03,505.53230974632174,523.8145740987915,505.53230974632174,518.69,15645117.243000003,0.03616438356164575,0.7196969696973088
2021-12-06,517.6512751677783,522.0833395973084,510.10291543623475,515.92,10085905.36,0.023143812709031944,-0.14450867051964544
2021-12-07,515.642004192865,520.7665688329768,489.049668763096,495.49,11700710.307,0.0615095353209795,-0.6353711790390653
2021-12-08,498.2549896622951,504.1412543073673,495.3464824259064,502.41,7264966.193499999,0.017651146629605815,0.4724409448826167
2021-12-09,499.231322788347,502.6246276595675,491.68295072787674,494.73,8851507.4432,0.02191704813427856,-0.4113924050626277
2021-12-10,494.8008021390305,497.8478609625599,489.6069518716509,492.1,8318356.081200001,0.016655003498952322,-0.3277310924360962
2021-12-13,489.32573444334,493.75778185409206,483.99342740227905,490.78,7940614.976000001,0.01995471270874804,0.14893617021346217
2021-12-14,487.80318763175705,500.5453492621153,486.833675333795,492.72,9903552.7785,0.028109028960819783,0.3585858585863362
2021-12-15,492.3751069900072,495.07589871611276,485.0344935805923,485.45,6632394.432999999,0.020393811533053842,-0.6896551724130406
2021-12-16,485.44422562947693,493.3387536924955,485.44422562947693,492.3,6109310.3821,0.016262482168332953,0.8684210526323481
2021-12-17,488.56642960812064,493.41400580550805,476.7937445573225,477.14,8693341.748000002,0.03401842664776956,-0.6874999999995427
2021-12-20,472.433004970621,479.77365265852575,456.7821900888619,459.76,10293586.9275,0.04866608032835163,-0.5512048192767834
2021-12-21,459.68394403533927,471.4565066273862,457.26018114874137,470.21,6027686.7,0.030882796022900533,0.7414634146345858
2021-12-22,470.2127678439417,474.5755667208442,467.44273681098764,468.62,4319618.3586,0.015169366715760623,-0.22330097087279585
2021-12-23,468.6190176583994,474.3668200029608,462.59421279120846,466.68,5106182.0818,0.025121915176594463,-0.16470588235234299
2021-12-24,466.6858383233464,469.80215568861587,458.44491017963395,462.6,4805538.56,0.024335954889451672,-0.35975609756033766
2021-12-27,462.4530172674878,465.91552862768157,455.6664950015078,457.19,4207460.5418,0.022162324049118633,-0.513513513512796
2021-12-28,457.3989622218836,463.7699999999931,450.95867403314253,463.77,5068962.6485,0.028009084027254067,0.497297297297797
2021-12-29,464.1192167334155,470.2825426494516,461.97244029075125,466.82,7788928.896,0.017905102954344092,0.3250000000007884
2021-12-30,465.29417906094403,481.15254593175166,464.11692038494516,474.92,10257359.724,0.03661259115940099,0.5650406504068691
2021-12-31,478.7975485008748,479.0745502645433,467.4404761904693,471.18,8226735.451200001,0.024298524732429123,-0.6547619047612516
2022-01-04,465.36199524939934,477.8270486935796,464.8079928741024,466.47,7699423.136,0.027976190476192507,0.08510638297924526
2022-01-05,467.0962615360478,469.65853902705345,438.42645393398345,442.72,10376282.0349,0.06686434395848963,-0.7804878048778039
2022-01-06,441.123764892765,442.85501985702234,428.0354773629797,435.93,9167683.591500001,0.03359497645212149,-0.3504672897191323
2022-01-07,436.906630172268,444.87053292544766,427.973208823049,430.12,6661783.200200001,0.038674908860360346,-0.4016393442618656
2022-01-10,428.66582779359874,438.36101614434244,428.66582779359874,437.53,5664248.7408,0.02261712439418634,0.914285714286341
2022-01-11,439.05473650177106,439.26249110894855,425.8969447138631,428.39,5723721.4572,0.030441640378551103,-0.7979274611393159
2022-01-12,428.6672943037907,438.1547610759425,428.39028797467677,437.67,5582865.536,0.022778675282716425,0.9219858156034484
2022-01-13,437.66714009037383,438.8444092963131,428.66449322142626,429.08,4084870.3784,0.023259493670888212,-0.8435374149652289
2022-01-14,426.59026666665955,430.3991083333261,415.0944899999931,415.51,8222377.199999999,0.035876623376625574,-0.7239819004519898
2022-01-17,416.26639037867034,427.000260035748,413.42710872744334,426.1,6409561.0257,0.03260688737315152,0.7244897959188239
2022-01-18,423.60794046270144,430.94853907134063,422.15367092702763,428.04,4593447.2360000005,0.0207618113454329,0.5039370078747537
2022-01-19,428.03556064460685,428.03556064460685,401.6512298558032,408.23,8847362.7855,0.0616405112441375,-0.7506561679787113
2022-01-20,408.5830544301495,409.9680817333026,388.5694098995879,393.14,13993692.5954,0.05237288135593467,-0.7216828478960781
2022-01-21,364.94849284098785,373.60476639034715,353.79921250941305,367.58,23155880.8844,0.054269449715372696,0.1328671328674746
2022-01-24,367.37618029739093,378.66408178437956,361.48985130110856,372.57,9658804.922,0.046748350612632036,0.30241935483909643
2022-01-25,376.0354147075347,382.6835546360657,368.0714970848153,368.21,8197210.3928000005,0.0388581952117889,-0.5355450236961686
2022-01-26,368.0723095869578,373.7509416445552,357.3383099658894,365.51,6633360.8432,0.04459078080903359,-0.15611814345948408
2022-01-27,365.36686048779774,369.0371492682855,353.94048975609064,354.91,4826186.875,0.04131918119787982,-0.6926605504582083
2022-01-28,357.32999999999305,363.5624999999929,352.48249999999314,357.33,5026344.648,0.03100775193798713,6.258932401640889e-13
2022-02-07,364.94877294685284,366.33377777777065,356.84649468598343,358.37,4022483.5124999997,0.025996204933588906,-0.6934306569335047
2022-02-08,360.7999999999931,360.7999999999931,348.5424952015288,360.8,4694352.233,0.033973128598851036,5.657674392170653e-13
2022-02-09,359.41459551196755,369.10978691306104,356.78304356024216,367.24,6902367.3001,0.03429672447013744,0.634831460674673
2022-02-10,367.3044971751343,373.95254237287435,363.9804745762644,367.72,6267612.303,0.02714932126697092,0.04166666666736077
2022-02-11,366.3342840624327,369.519799576019,357.6087415686961,359.34,4451334.8734,0.032514177693764405,-0.5872093023249512
2022-02-14,363.5686735653742,373.95634995295626,361.3526359360233,368.07,7649059.395500001,0.03466666666666923,0.35714285714337646
2022-02-15,367.930885445483,378.45704667034903,366.6843663530646,375.41,8769350.5809,0.0319969885187303,0.6352941176475926
2022-02-16,372.21823965058167,372.21823965058167,362.1770034181473,364.67,8906678.063,0.02697674418604929,-0.7517241379302688
2022-02-17,363.56931060043803,377.2810674573688,362.04578206077906,373.68,8716450.7236,0.04190476190476443,0.6636363636367771
2022-02-18,370.48800528899943,370.557255383446,362.8704948998798,366.61,6888939.262,0.020747663551404522,-0.5045045045035369
2022-02-21,367.03101361572675,372.5711043872849,363.7069591527919,366.2,5653983.5376,0.024150943396228954,-0.09374999999920466
2022-02-22,372.0112569351373,373.6040080351947,356.2914960780494,361.97,7831621.417800001,0.04653760238272781,-0.5799999999995624
2022-02-23,361.35178137651155,376.7255060728675,358.3739878542444,376.31,13465569.374400001,0.05078574166347521,0.8150943396229756
2022-02-24,374.6436958443789,400.6125287356251,370.07318125551956,391.61,24913896.461999997,0.0815157116451041,0.5555555555557639
2022-02-25,380.88240574505596,390.9238509874257,372.57224416516385,385.73,13759057.446,0.04818181818182078,0.2641509433965918
2022-02-28,390.57301927194163,394.3817987151964,384.61747323339785,388.08,11228122.2828,0.02500000000000252,-0.25531914893543556
2022-03-01,391.68019300361203,407.74628295708413,387.52516973978305,401.86,16340816.2568,0.05162659123055413,0.5034246575345658
2022-03-02,402.34656862744396,404.1470868347268,393.3439775910295,395.56,10150345.0944,0.026850258175561803,-0.6282051282044306
2022-03-03,395.9738294405143,396.38933188483804,382.0544975556694,382.47,8712462.9102,0.03620146904512304,-0.942028985506698
2022-03-04,382.26482606294167,384.9656101601255,372.9852089085151,376.24,7045468.2195,0.03134057971014763,-0.5028901734097856
2022-03-07,379.7056822848538,381.7139742393059,370.63374276646687,370.98,6784363.0074000005,0.029181105234363246,-0.7874999999993021
2022-03-08,368.07285994122685,372.5742213516087,352.69897943192257,353.53,7406989.9925,0.05399811853245768,-0.7317073170727886
2022-03-09,354.91048842186507,357.74977232923993,328.5951741583902,355.88,11303060.3991,0.08214634146341705,0.03325415676983199
2022-03-10,359.61865492693215,376.031060322211,359.61865492693215,369.66,10007721.9012,0.04563835932986978,0.6118143459919498
2022-03-11,365.6472131147474,380.60550819671437,361.2151256830535,380.19,8482813.659,0.05303030303030571,0.7500000000003197
2022-03-14,373.95527156548854,394.6613134540221,372.63950301738777,390.16,13382022.1572,0.0588888888888914,0.7358490566040571
2022-03-15,386.0745773495658,398.1935102708526,380.8807489547286,380.95,12439916.8419,0.044843049327356686,-0.29599999999958465
2022-03-16,386.62889867840727,395.77004405285646,374.64845814977315,393.0,11158412.0,0.05463012717177385,0.3016393442626097
2022-03-17,396.3920925266833,400.0623896797082,387.3202259786408,389.19,11784271.148000002,0.032145352900072345,-0.5652173913037578
2022-03-18,386.42283849917726,387.1153525466669,376.1043791915828,382.06,6664092.9849000005,0.028494623655916547,-0.396226415093667
2022-03-21,381.0827499999932,393.339999999993,381.0827499999932,387.8,5543956.32,0.032164274032348505,0.5480225988705768
2022-03-22,387.047006266779,393.3488988361612,381.43762936436195,386.77,5793758.364,0.030774736088748245,-0.023255813952899655
2022-03-23,384.4126553191424,413.98285957446103,383.5123914893552,406.85,15266293.25,0.0792649972977865,0.7363636363638406
2022-03-24,401.65318896971064,417.5808154288543,400.26817797326333,409.34,10936076.4619,0.0431034482758644,0.44400000000037576
2022-03-25,409.41094314380587,433.09472909698275,406.8486622073511,414.12,11406167.083999999,0.06410690121786425,0.17941952506622016
2022-03-28,407.956253822623,417.997614678892,405.67097859326526,407.61,5093886.2526,0.03021558309285592,-0.02808988763988205
2022-03-29,422.3657639128859,425.2050812305491,399.9282319391566,400.69,11765605.346,0.059845876373178016,-0.8575342465750363
2022-03-30,400.26625980818824,402.82851787270437,389.5324760244047,397.15,10408077.0045,0.03321799307958723,-0.23437499999945738
2022-03-31,394.9345230058555,395.97327766920597,385.377980103031,389.81,6038426.4408,0.026827985270912475,-0.4836601307182581
2022-04-01,387.4604354752985,392.86202867763507,385.4521508231477,391.2,4937721.9822,0.019124218051834493,0.5046728971971305
2022-04-06,389.67106841611263,389.8788191190179,365.08723523898095,369.45,9045989.1885,0.06362182335169943,-0.8156424581002477
2022-04-07,368.7582163958573,385.58605612997815,367.02695716395186,375.06,7614886.792799999,0.05032863849765525,0.3395522388063249
2022-04-08,373.60728737354117,378.1085799924995,365.9897152491501,369.66,4970241.159,0.032437442075998975,-0.32571428571368627
2022-04-11,367.656786201513,369.24957318260823,353.11394854803444,355.33,6474766.312700001,0.04388773780373196,-0.7639484978536041
2022-04-12,355.25951915558335,355.9520328381479,342.863524237679,354.29,6145695.7852,0.03684210526316075,-0.07407407407353647
2022-04-13,351.79528432731615,354.49607489597076,347.0169625520042,349.51,3395068.9535000003,0.021259842519687818,-0.3055555555545849
2022-04-14,348.33162772735375,361.00452790113224,346.3233539293233,358.65,4763279.0805,0.04214711729622545,0.7028301886796683
2022-04-15,354.5639143730819,366.89055045870856,350.8936238532043,362.32,5879308.272,0.04511718750000262,0.48484848484888826
2022-04-18,358.71644908615514,373.39750839238394,357.8854457291988,371.32,6918689.4056,0.043243243243246035,0.8125000000003947
2022-04-19,369.1024999999931,375.127249999993,367.8559999999931,373.95,4456076.76,0.019699812382741953,0.6666666666675339
2022-04-20,373.12325711098026,375.27003160438045,365.713422569244,372.5,4868221.9938,0.02561247216035887,-0.06521739130361935
2022-04-21,369.10687391387586,377.90172813283687,358.0959934350191,358.65,4184789.4415999996,0.05365853658536844,-0.5279720279716524
2022-04-22,357.5402958579811,359.41005917159055,350.4074950690266,351.1,3567483.6990000005,0.025179159403450408,-0.7153846153837613
2022-04-25,347.9865957446735,347.9865957446735,325.2722468085037,325.48,5369312.43,0.06527363184079876,-0.9908536585362364
2022-04-26,327.556847426463,331.2963970588159,297.77895220587544,301.38,5999025.7152,0.10232558139535175,-0.7809917355369567
2022-04-27,297.7782034908408,328.3177820349014,295.4236781609132,325.34,8056427.3136,0.11046511627907277,0.8378947368422911
2022-04-28,320.6301878826194,340.02035043275623,320.491686721547,328.04,5078342.061899999,0.06090712742980855,0.37943262411380985
2022-04-29,330.3941402805545,347.42976352704716,327.5548697394724,345.56,5945210.251,0.060155103751836865,0.7630662020909025
2022-05-05,349.02479087451803,375.2709011406772,346.5317566539858,364.26,10695101.192000002,0.08234126984127237,0.5301204819279354
2022-05-06,354.0752499999933,374.6424999999929,353.8674999999933,365.64,7445263.584,0.058673968316059685,0.5566666666669742
2022-05-09,368.55091470053776,382.1932540834776,365.64239564427646,381.57,9459925.048,0.04490792934987101,0.7866108786614602
2022-05-10,375.68954659948946,389.1243432889458,372.57322777977015,384.9,9442742.9796,0.04405529953917299,0.5564853556489198
2022-05-11,387.11415232514855,391.2692237275652,374.718189307939,378.25,10540664.277399998,0.04275491949910801,-0.5355648535560359
2022-05-12,374.51200861604065,387.32353257942225,374.51200861604065,385.8,7017022.1304,0.03420857988165948,0.8810810810815529
2022-05-13,385.794277676944,387.3870381125156,379.56173684209836,381.57,3732820.579,0.020283611559866018,-0.5398230088486047
2022-05-16,387.8738780756447,390.020653690775,376.5167425633423,377.14,3922660.6733999997,0.0348152115693651,-0.7948717948712227
2022-05-17,377.1389668970466,383.99477991996395,373.3994325209099,380.74,3745668.0933999997,0.028094013955199157,0.33986928104637404
2022-05-18,382.2625228519126,384.8940402193714,376.23773308957266,378.8,3887790.466,0.02264492753623441,-0.39999999999915525
2022-05-19,374.0254155251073,381.5737899543309,370.7013607305868,379.15,6138082.1775,0.029068690983153785,0.47133757961843015
2022-05-20,379.14350262063294,386.96874751490355,377.75850352430183,383.16,4772971.0743,0.024292237442925073,0.43609022556461485
2022-05-23,380.88245931283217,384.2065244122896,372.50304520794987,382.96,5747837.2069999995,0.03072727272727517,0.177514792899984
2022-05-24,382.95566361555325,393.8280034324867,363.14999999999304,363.15,10687483.8576,0.08010849909584318,-0.6455981941306774
2022-05-25,361.97464419474977,374.3013108614162,360.1741198501805,369.8,5857520.76,0.03902812320643086,0.5539215686279023
2022-05-26,369.3149944628946,386.25413067551887,369.3149944628946,377.68,8460836.5716,0.04586636466591418,0.493827160494211
2022-05-27,381.5118961374906,385.2064202550289,375.72613195342126,377.19,6141240.4228,0.024849260003656778,-0.45588235294039314
2022-05-30,377.81514711223434,384.78590628404675,375.72391936069056,383.81,4726684.0636,0.02398523985240114,0.6615384615391556
2022-05-31,383.81363164488306,391.06328977983907,381.30413459816754,389.46,6293298.4834,0.025426807119508447,0.5785714285720828
2022-06-01,387.5710175438528,405.1371859649051,385.5495140350809,397.33,9444031.889999999,0.0505395683453261,0.4982206405697279
2022-06-02,395.94254761488037,402.8436589201397,391.5509313297153,398.94,5507725.3489,0.02852112676056587,0.26543209876602625
2022-06-06,399.0098411602141,404.79562327347367,392.0390193370098,403.75,6720132.0896000005,0.03197064989518064,0.371584699454071
2022-06-07,401.51803278687834,413.08955942622237,401.51803278687834,408.21,7713963.5712,0.028819444444446778,0.5783132530126052
2022-06-08,405.7035645302826,407.65540298506744,388.834103599642,396.99,10089556.4315,0.046391752577321844,-0.4629629629625692
2022-06-09,396.9896798425971,399.01122518332323,387.2304954390916,389.74,6321298.656399999,0.029675153643549487,-0.6153846153839726
2022-06-10,390.8487863745226,407.7876583361793,390.70937179047604,407.23,10078336.8156,0.043695380774034905,0.9591836734697394
2022-06-13,409.531989519939,415.10859533467857,397.96053245435434,412.39,10623130.476,0.0418723404255342,0.1666666666670636
2022-06-14,402.90888192266794,407.43986415882256,392.8013061650924,400.26,7312678.7382000005,0.036332179930798264,-0.18095238095188854
2022-06-15,400.67824451409956,407.16103448275146,398.5870219435667,400.26,5997766.4802,0.021398747390399004,-0.048780487804055445
2022-06-16,400.2582848123395,406.46221851981045,394.5423009470292,397.47,4669729.3068,0.029780564263325204,-0.23391812865436482
2022-06-17,395.7346653785281,399.3595028982892,389.46090813278784,396.85,6497878.617199999,0.02501321120310275,0.11267605633872013
2022-06-20,399.4211338418793,407.7859743411857,394.75076456309995,402.07,6431822.3928000005,0.03263525305410359,0.20320855615025638
2022-06-21,404.30379298120516,404.30379298120516,390.780528181489,393.29,5198239.2098,0.03344827586207136,-0.8144329896901439
2022-06-22,393.28927939316617,396.49582084160386,385.6214628860324,385.97,4252512.3438,0.027649769585255994,-0.6730769230762227
2022-06-23,384.58110885045124,411.97650050864,383.6051915903631,411.14,13752116.5248,0.07377197752401907,0.9361179361181492
2022-06-24,412.6681909885607,425.07611970409505,412.6681909885607,414.62,12979276.526,0.03006756756756974,0.15730337078706338
2022-06-27,418.25084745761995,418.25084745761995,408.3522440677896,411.28,8341089.6,0.023666666666668973,-0.7042253521118967
2022-06-28,411.4803967078122,426.74622880657734,411.4803967078122,423.47,13968173.385,0.03709977977299903,0.7853881278542879
2022-06-29,420.1936274839943,426.60666891208444,413.7805860559041,413.92,7148598.4678,0.03052422030524455,-0.4891304347820278
2022-06-30,414.82752357319407,425.9109677419284,410.15714143919917,421.38,8161350.2685,0.0379768106200661,0.4159292035402434
2022-07-01,421.3858949416274,437.7673151750901,421.3858949416274,429.96,10364082.3816,0.038875103391234615,0.5234042553195439
2022-07-04,431.98201230089205,445.9933701308871,425.220312253581,442.02,12072255.781,0.04808778441181436,0.48322147651038094
2022-07-05,439.2305145161219,441.80971290321867,422.9885354838641,432.19,10365884.78,0.042850341215682305,-0.37407407407368076
2022-07-06,427.7932205595246,434.2759921925759,420.7527911515872,428.56,8246892.156399999,0.03161153658139386,0.05670103092834415
2022-07-07,426.2581673951687,436.7839209972407,426.2581673951687,430.58,8039458.155,0.024693376941948317,0.4105960264906931
2022-07-08,428.70591590612077,435.4676189700059,421.80479628421733,427.73,5967406.6504,0.03186991869918926,-0.07142857142805328
2022-07-11,426.96464060946624,426.96464060946624,414.7656508777672,420.9,6296991.5568,0.028571428571430864,-0.4971428571422448
2022-07-12,420.82685747662845,434.5593224298993,417.55058411214253,417.69,7124082.3416,0.04041742587378071,-0.18442622950777335
2022-07-13,413.9242769230699,416.92170769230063,405.55935384614696,407.79,6836225.175,0.02745031997305728,-0.5398773006128378
2022-07-14,409.3928062510433,419.7095328516145,407.8592387833908,414.83,5504892.211499999,0.028946024178446182,0.4588235294123185
2022-07-15,413.6445561826507,419.987942534626,406.81321703436964,407.58,5398953.160499999,0.031850353892823396,-0.46031746031689846
2022-07-18,406.7448686728056,408.8361019307634,393.3609758218752,400.75,8332718.4545,0.038046272493575596,-0.38738738738691175
2022-07-19,401.6558457281148,404.8624005534347,396.00952092700805,403.05,6014241.5466,0.02204095800069659,0.15748031496140255
2022-07-20,403.5378753966861,417.4794154000264,403.5378753966861,417.34,11187033.3967,0.034548281223011505,0.9900000000004276
2022-07-21,416.50608061152855,416.50608061152855,401.10058373870044,401.24,9935741.8484,0.036987447698747136,-0.9909502262438245
2022-07-22,402.69946524994947,406.1151262846123,394.3345810834281,400.19,5189960.448799999,0.029253938030121766,-0.21301775147868346
2022-07-25,407.78656845753187,411.96899480068606,400.2582010398544,402.21,5787165.75,0.02871794871795108,-0.47619047618983756
2022-07-26,403.95716711955833,412.4615285326017,399.286739130428,410.44,7612574.0032,0.03261432269197827,0.49206349206398486
2022-07-27,408.49171306910563,433.0290992466355,408.49171306910563,425.64,15265252.177800002,0.06006825938566776,0.6988636363638935
2022-07-28,425.63311883588636,432.1856103476082,420.19594502828744,431.14,9487451.061999999,0.02816901408450934,0.4593023255819408
2022-07-29,427.0967805755326,429.3971223021513,419.5683894702351,426.33,7770947.399599999,0.023012893748982317,-0.07801418439644785
2022-08-01,428.7031198415248,432.537050181571,417.20132882138637,422.29,7453325.8124,0.03577235772357944,-0.4181818181813383
2022-08-02,432.12229685451456,435.6774246395735,418.94741153341386,425.5,16819127.628799997,0.038715921922893,-0.39583333333289394
2022-08-03,418.2418604651098,455.18655813952785,416.8477209302261,449.61,26393169.735,0.09166666666666887,0.818181818181978
2022-08-04,450.38469242901493,453.9398107255449,435.74597003153883,441.95,13815152.273999998,0.04039622349481722,-0.4636015325666389
2022-08-05,439.5085396825327,450.3132698412627,429.2614730158662,439.16,11600875.44,0.047898493259320135,-0.01655629139039642
2022-08-08,436.79278113850734,453.034836357989,436.5139475725076,449.41,10441913.2062,0.037823172677946645,0.7637130801691493
2022-08-09,446.0586123545144,472.54748134884414,444.94329155475316,467.18,16929642.7266,0.06188466947960846,0.7651515151517365
2022-08-10,466.41021005916474,482.7216715976261,464.66753254437185,471.22,14393537.339999998,0.03870871319683375,0.2664092664096361
2022-08-11,467.6030470016139,476.0377471636884,460.07455429496895,473.11,8417909.991700001,0.03413834227787934,0.34497816593927644
2022-08-12,467.1134296520354,478.8940847201139,460.5608759455301,460.77,8557046.227,0.0392478734517259,-0.3460076045623429
2022-08-15,460.0749584403739,465.58191627625115,457.6351669940992,461.26,5359023.6024,0.017272727272729438,0.14912280701839828
2022-08-16,462.165915961299,467.18491233372936,458.4016686819763,461.19,4380554.1632,0.01900452488687971,-0.1111111111103125
2022-08-17,459.93253997539273,461.46611316112455,448.98840405903366,453.38,6393022.898400001,0.027129433161566373,-0.5251396648038696
2022-08-18,453.3743948458284,457.9750575241532,445.0792606227882,454.42,5388128.209199999,0.028444034440346513,0.08108108108160708
2022-08-19,452.7490243902368,458.4650243902367,442.71117073170035,442.99,4918255.244999999,0.03479599692071038,-0.6194690265481912
2022-08-22,439.92872337140415,453.45212256868706,435.6765205310214,451.57,4738489.8675999995,0.04040564094438492,0.6549019607846697
2022-08-23,449.9654763773277,451.7081776801059,436.5118223198801,444.11,5872813.9211,0.03377226955848403,-0.3853211009169441
2022-08-24,443.62227658185833,443.62227658185833,425.63758969340466,427.45,5641500.706800001,0.04054054054054258,-0.8992248062011129
2022-08-25,427.9329273052459,431.278876240032,421.9381021304208,428.63,4688511.6564,0.02182765922788958,0.07462686567237968
2022-08-26,429.4722799208634,433.9336053412392,419.71313056379137,422.85,5257809.2286,0.033111507872100855,-0.4656862745092843
2022-08-29,418.24760668504916,430.72532695115314,413.9257147493037,429.61,5639051.3224,0.04016666666666881,0.6763485477182222
2022-08-30,425.2200234781079,425.91710548380973,413.9272949857385,415.67,6103627.8142,0.028196721311477654,-0.7965116279063293
2022-08-31,417.6860449285157,419.14989788971377,405.5569775357317,409.6,5365738.1492,0.032543391188253376,-0.5948717948712346
2022-09-01,409.6047456469715,415.3208091498734,403.60984977807436,408.35,5998952.266999999,0.028590878148402644,-0.10714285714224923
2022-09-02,405.5634140518348,413.3707537516982,401.52032742154836,408.77,4650126.1984,0.029219663114474666,0.27058823529468473
2022-09-05,407.7885906040198,413.36518671484396,402.0028721390397,405.07,3296754.0489,0.027863247863250087,-0.239263803680348
2022-09-06,409.1818138195712,445.5690211132366,409.1818138195712,435.81,17630328.025200002,0.08892674616695279,0.7318007662836972
2022-09-07,432.8846058155741,453.8666132794208,431.42074482972436,448.29,12536210.041700002,0.05185185185185403,0.6863354037269865
2022-09-08,447.241618638865,459.99804261188746,447.241618638865,454.77,9919294.4536,0.028522443890276365,0.5901639344267293
2022-09-09,453.0307488584406,466.90259360729885,450.1727305936005,457.98,9684334.395000001,0.036928758270505284,0.2958333333337345
2022-09-13,460.0677214253962,474.70623983438605,456.5126526689272,471.43,11264757.8113,0.0395454545454566,0.6245210727972803
2022-09-14,468.71234105762824,474.5677599524588,463.9025326797317,469.27,7029610.275599999,0.022754312908984848,0.052287581699991106
2022-09-15,469.75550282312736,471.01022890278546,451.8408026857859,456.79,6601425.3593999995,0.04080724143048136,-0.6763636363632404
2022-09-16,455.88643706186446,468.9914294422361,454.5619963425715,457.42,8977432.171800002,0.03165137614679131,0.10628019323718958
2022-09-19,457.76589806194943,468.2916557301929,454.1411338318259,456.79,5193785.9142,0.030912136439776746,-0.0689655172408845
2022-09-20,458.6815448023133,465.65238894824506,453.3139948099458,456.66,4689573.9662,0.02689969604863418,-0.1638418079090275
2022-09-21,455.6125490196009,460.7709530323687,441.2526675786527,458.61,6767048.872800001,0.04283965728274374,0.1535714285717788
2022-09-22,459.9296546523834,468.15513195595736,453.0983260443304,462.23,6303622.2252,0.032737193088816834,0.1527777777782276
2022-09-23,460.83730861964347,492.83312236286184,455.4001115129528,462.58,15296341.662,0.08122825593707667,0.046554934823275246
2022-09-26,459.3702180685287,464.52854828659713,446.12585669781237,447.52,8161453.248000001,0.0400606980273162,-0.643939393938982
2022-09-27,447.52107208871774,460.7654651879165,446.0572181145958,452.54,5268029.4816,0.032866043613709144,0.34123222748860194
2022-09-28,451.63735038685536,463.41798199904525,438.46256118742394,441.46,5663427.1092,0.05525544065442415,-0.40782122904998486
2022-09-29,447.4559865013271,457.5636540574406,439.6486846648809,444.11,5631390.61,0.04003738900140416,-0.1867704280151626
2022-09-30,444.1791041837498,445.43384741590734,424.8002920426509,424.87,5802394.287500001,0.04645323289391307,-0.9358108108104226
2022-10-10,425.2191241594157,433.93263080202667,421.73372150237134,425.01,4662399.6783,0.02868852459016612,-0.017142857142284484
2022-10-11,425.01271245058587,430.0317243082933,418.25098814228556,423.27,3954338.388,0.027718550106612134,-0.14792899408223562
2022-10-12,421.17327625201256,432.11736833601884,410.6474297253568,431.49,4447279.779999999,0.05097649784839689,0.4805194805197838
2022-10-13,426.6157434402263,441.6727696792931,425.6398250728794,430.38,4584574.0836000005,0.03758169934640742,0.23478260869607342
2022-10-14,434.27808219177416,459.37280283206934,427.5861566876955,452.89,8111158.2099,0.07319422150883036,0.5855263157896735
2022-10-17,450.8686084701751,484.11912273119447,449.12591904349694,483.91,13675898.971800001,0.07761286332715099,0.9442231075698923
2022-10-18,483.9773651571895,487.95067781943345,469.33884482260646,483.35,9304322.026999999,0.03845599884776237,-0.03370786516816604
2022-10-19,483.28494936150776,483.98202847496736,473.87438132980384,474.92,4663597.9698,0.02091446704168675,-0.827586206895787
2022-10-20,472.7577240356012,479.03141839761895,465.99607566764877,469.83,3744899.694,0.02757298731937698,-0.22459893048072455
2022-10-21,469.9013893805241,485.7948053097274,465.6492035398162,472.62,5907080.424,0.04287197745141871,0.13494809688614953
2022-10-24,482.3094326241068,507.68313308301344,482.3094326241068,501.27,17276537.1402,0.05260875849111341,0.7472527472529895
2022-10-25,500.49824365764573,508.93282408697377,494.4337106216827,500.08,7702525.080199999,0.02896935933147818,-0.028846153845677253
2022-10-26,499.80933074145383,508.7320077756109,494.0235323521176,502.04,5786497.313999999,0.029428172942819228,0.1516587677729722
2022-10-27,502.94520336605194,502.94520336605194,487.88821598877297,497.02,5543102.2809999995,0.02993762993763202,-0.3935185185180345
2022-10-28,490.38995614654846,505.93465553825854,488.15932663742416,492.76,4936708.2538,0.03624733475479941,0.13333333333371683
2022-10-31,492.7617858128556,508.8642009384419,459.9295887386082,505.1,13670419.535999998,0.09930683264959868,0.2521367521368875
2022-11-01,502.59267122290964,506.1477650138068,474.5701672240734,479.38,12045801.339,0.06282940360610449,-0.7350993377481001
2022-11-02,478.400723051893,478.8886736655261,459.64947804228217,471.43,16979408.2738,0.04021564913303436,-0.3623188405793293
2022-11-03,465.92475647213007,485.3731417288213,465.6459265759768,476.59,10021094.8224,0.042339916217835644,0.540636042403153
2022-11-04,476.6579053168175,479.5856081573127,470.59337800436316,478.54,6431239.0940000005,0.0188651652529999,0.20930232558215342
2022-11-07,480.21482207478175,480.84218938479387,460.06936067550583,462.3,10828720.9784,0.04325736681666633,-0.862416107382175
2022-11-08,462.1581177520003,470.1047279214917,460.06690454950257,468.85,6675600.064200001,0.02171945701357675,0.6666666666672949
2022-11-09,476.10838719374,478.33905606492596,463.2123327821966,463.77,7373975.630500001,0.03177159590044125,-0.8156682027644614
2022-11-10,459.5818680140797,462.1610473128087,453.09906599294976,455.26,5722101.0357,0.019717882602762523,-0.4769230769222671
2022-11-11,463.55444126073803,465.64566430401953,453.0983260443304,462.23,8166398.1035,0.02706766917293438,-0.10555555555499319
2022-11-14,462.23335260114914,466.3461210830475,453.1016124125274,458.26,5932532.089,0.028653295128942022,-0.29999999999945803
2022-11-15,454.56800060449666,462.1662082514665,454.4982922774603,461.26,6395905.5173,0.01686857843889191,0.8727272727280693
2022-11-16,461.32687332339117,476.5231952309915,461.32687332339117,467.74,11545202.514999999,0.03294046539740307,0.42201834862427673
2022-11-17,462.37600455580167,465.37346697038026,446.8310250569408,459.03,8559511.5915,0.040102517714460315,-0.18045112781916564
2022-11-18,455.81783325555364,459.93058018353616,447.2438015243358,448.15,5371733.591700001,0.027833001988073796,-0.6043956043950061
2022-11-21,448.0152505818394,451.01270752520634,443.34479441426777,449.27,5833743.3100000005,0.017115294849854332,0.1636363636372572
2022-11-22,449.1936636682353,466.62048178075213,447.52068912943366,457.21,10238116.9135,0.04252017380509204,0.4197080291974225
2022-11-23,457.9834189842737,463.9086230350595,450.3852161426777,461.19,6503608.0536,0.029528158295283567,0.23711340206234582
2022-11-24,460.768966044655,463.5572805139116,453.8678877332449,455.75,4356797.6704,0.0210287443267797,-0.5179856115100239
2022-11-25,456.45063464836346,457.1477186963909,446.13379073755743,447.04,4260820.2868,0.024129505192427302,-0.8544303797461305
2022-11-28,439.9258766233698,454.21597402596694,439.1590909090841,450.87,3928244.0736000002,0.034225954682302814,0.7268518518522716
2022-11-29,457.9810848400486,467.5310709318426,449.68584144644655,451.08,7903652.2217999995,0.03896499238965185,-0.3867187499995925
2022-11-30,455.0507986501615,456.5843644544359,433.30204724408753,433.79,13927558.1494,0.05116421568627666,-0.9131736526942728
2022-12-01,432.33042410713597,437.6979575892787,427.7993893494829,437.21,9062257.8816,0.022895840051598594,0.49295774647952356
2022-12-02,434.69595992242347,434.9050824175754,429.81643503554574,431.35,5910194.0716,0.011706221937141456,-0.6575342465738362
2022-12-05,433.3019783108703,434.6264212947678,420.33637857376897,424.24,11729199.6808,0.03297940797941032,-0.6341463414628802
2022-12-06,421.38625916869734,427.6599999999931,414.48514425427203,427.66,10473264.636,0.03126550868486583,0.4761904761909672
2022-12-07,425.21511254018606,433.579999999993,424.0300868167134,433.58,9322721.978,0.02245901639344498,0.875912408759762
2022-12-08,434.21423418971614,434.70219367588214,422.294081027661,423.27,7388656.730400001,0.028576015411785886,-0.8820224719094767
2022-12-09,423.26849094566694,425.7779879275583,414.4852515090474,415.74,8473255.786799999,0.026679841897235584,-0.6666666666659868
2022-12-12,414.34691102964985,421.6662962345814,408.4914028657046,418.39,6809794.7752,0.03179676985195393,0.3068783068788137
2022-12-13,418.2460290638658,418.31573673537645,411.344969584312,412.53,3937418.7973999996,0.016666666666668998,-0.8199999999988812
2022-12-14,412.0457518859948,419.2954149203618,411.27896060351367,415.81,3621613.3635,0.019455252918290266,0.46956521739211604
2022-12-15,413.9199631614131,418.86915773609485,413.9199631614131,416.29,2894356.6739999996,0.011956887841026307,0.478873239437925
2022-12-16,415.3920006822375,416.15879242707797,406.3996247654714,408.7,3811219.698,0.0234938748112124,-0.6857142857134984
2022-12-19,407.8574627641079,410.8548770349773,401.16556113612046,402.49,3913156.4348000004,0.02375662279952395,-0.5539568345315885
2022-12-20,402.28395694514944,408.97590978984437,402.2142491030172,408.0,4426399.7301,0.016808178825162737,0.8453608247431759
2022-12-21,407.716484495453,413.15363371594293,404.44025355490146,406.88,3524717.3948999997,0.021371174559756175,-0.09599999999919022
2022-12-22,405.34732020547244,412.66657534245866,398.0280650684863,407.09,3958648.672,0.03611349957007982,0.11904761904808993
2022-12-23,404.4441098317023,406.39592559786695,391.0602302922871,393.5,4626305.558,0.03791795932437322,-0.7136363636358625
2022-12-26,393.8483440351403,412.80883068603555,393.8483440351403,412.53,8383043.477600001,0.04814159292035635,0.9852941176473762
2022-12-27,411.97650050864,415.67104442183086,408.00312309256685,411.14,3691413.699,0.01861252115059454,-0.10909090908998803
2022-12-28,411.20945833332615,411.20945833332615,399.01049999999304,401.52,4550270.976,0.02966604509239087,-0.7942857142850767
2022-12-29,402.2128077975308,414.76017441859756,399.4245041039603,407.65,5825341.339199999,0.03812824956672687,0.35454545454588116
2022-12-30,407.5846665529522,413.0916254477159,404.30837455227004,408.7,3844202.0045,0.021549512570551384,0.12698412698491132
2023-01-03,407.1591659771569,422.4250206850832,406.53180208505034,421.24,8185708.2067,0.03903441191577029,0.8859649122810863
2023-01-04,420.7521338912063,420.89154811714775,412.8055230125454,416.5,4272849.7675,0.01921802518224218,-0.5258620689645871
2023-01-05,416.5722831505414,420.2667829843732,415.1084247258156,419.5,4690971.4218,0.012382864792505775,0.5675675675688109
2023-01-06,417.2749558553986,419.64504414458736,416.64757954355457,418.46,3803799.1491,0.007183427998665981,0.3953488372115074
2023-01-09,418.5243844049176,421.1035653214702,405.4193570451367,407.65,7105773.22,0.037475016655565324,-0.6933333333328454
2023-01-10,408.1345093619901,410.5045475034603,399.97878987516646,402.07,6807256.8984,0.025789923142615485,-0.5761589403966336
2023-01-11,400.8940797918404,407.7952298352054,399.2210737207216,401.87,4132639.0969999996,0.02138758476786888,0.11382113821218288
2023-01-12,408.48875369371785,410.57999304709864,399.8449643664105,401.03,5132387.0708,0.026279863481230976,-0.6948051948044799
2023-01-13,401.93204919451927,403.4656088688654,398.86492984582713,402.42,3303072.1751,0.01144640998959676,0.10606060606210366
2023-01-16,402.55903253423963,408.97209417807517,401.1648886986232,407.09,6137267.096,0.019393939393941944,0.580357142857961
2023-01-17,408.4873067119727,411.9726932880134,404.1654273576821,410.23,5296803.0775,0.019112627986350612,0.22321428571514992
2023-01-18,410.229999999993,411.9029855564926,408.5570144434935,410.23,2898868.61,0.00815632965165921,2.089599785459701e-12
2023-01-19,406.3962378233052,415.80678535437664,406.3962378233052,415.04,4278718.8522,0.023156089193827507,0.918518518519162
2023-01-20,415.04087627999974,417.9686083599057,413.22847070672464,415.25,3719914.7727,0.011420893516965834,0.04411764706028694
2023-01-30,420.89513716524453,431.49070868712545,417.2006286740624,426.89,13216536.3208,0.03395163961576896,0.4195121951224149
2023-01-31,423.688162463144,427.3827120864653,423.1304945954729,425.64,5429825.8342,0.010036196117146127,0.4590163934441632
2023-02-01,426.1249641109229,427.309999999993,420.6877406198953,427.31,6119652.56,0.015540651071489175,0.1789473684220777
2023-02-02,429.33332555425187,430.6577829638201,416.994959159853,418.18,10029104.204,0.03182334794609743,-0.8163265306116725
2023-02-03,418.24375723498565,422.0079510501005,412.7368810980583,421.52,6965359.0994,0.022166666666669006,0.3533834586473273
2023-02-06,418.9444500083389,424.7999132031309,416.6440894675277,417.62,4524754.871699999,0.019467554076541358,-0.1623931623922917
2023-02-07,418.24183226674944,420.61186931626105,411.27113506230364,413.92,5445394.802200001,0.02233333333333568,-0.4626865671633815
2023-02-08,414.063395452207,414.4119336638671,407.71999999999304,407.72,4662362.483700001,0.016161616161618573,-0.9479166666654772
2023-02-09,407.230772873323,413.2256113647824,406.2548689328529,412.18,4728161.9295,0.017117425539201304,0.7100000000009061
2023-02-10,411.208698935798,411.9754891863987,404.3075866803913,406.12,6383329.725,0.018647228343789436,-0.6636363636353741
2023-02-13,406.1140993150615,410.2965308219107,404.7896626712259,407.09,6372566.535999999,0.013559903879164703,0.17721518987465884
2023-02-14,406.39179593243,406.60091692519114,401.5123061013374,404.44,6083787.4746,0.012521440823330014,-0.38356164383415575
2023-02-15,404.511996919911,407.7882443531758,402.07223819301163,407.37,4816423.7664,0.014130622092023796,0.5000000000011258
2023-02-16,405.9098540145915,408.69817518247464,397.544890510942,401.1,7220232.5538,0.02747724540615034,-0.4312499999993346
2023-02-17,400.67983095614716,401.7254463813981,393.84847684450796,395.87,6452236.1709,0.019659011830204257,-0.6106194690255806
2023-02-20,395.03373643681493,399.14649282463427,393.91841267062665,398.31,3731937.9652,0.013234515616730938,0.6266666666678787
2023-02-21,398.4524633177904,405.4929984463938,398.4524633177904,403.82,5407938.131399999,0.01766969909027557,0.7623762376246479
2023-02-22,401.3743911311207,405.48711934868516,400.81673306772217,402.42,3401528.9581999998,0.011635984716917966,0.22388059701637375
2023-02-23,403.1216066433496,403.2610227272657,397.3358391608322,398.73,3590334.748,0.01469825350164522,-0.7411764705869288
2023-02-24,400.6780903490691,412.8768839835658,400.6780903490691,407.37,12709095.2376,0.03044537230341219,0.5485714285719571
2023-02-27,408.4863125108079,409.74104862432233,400.67906558227367,402.84,7078186.2364,0.022184300341299385,-0.6230769230760826
2023-02-28,402.7014614320235,404.30473884468347,399.982860601861,403.05,3506645.9666,0.010732213951880629,0.08064516129191171
2023-03-01,402.2170003451777,404.1688332757955,401.7987504314739,403.89,3910090.1704,0.005892547660314362,0.7058823529438258
2023-03-02,403.8832645988493,407.08979379656193,400.39790677524854,402.28,4904919.483399999,0.01656886434242574,-0.2395833333322476
2023-03-03,402.27868541418934,411.54970692867334,400.5360121971811,411.48,13388378.2502,0.0273782706636655,0.8354430379752456
2023-03-06,418.24839689503176,419.3637259534185,406.9556901788659,413.09,14124685.5934,0.029666666666669003,-0.4157303370780587
2023-03-07,411.2781115879758,412.39344206007877,405.07408583690295,406.05,7339454.565,0.017796610169493854,-0.714285714284667
2023-03-08,404.16340932289205,410.57648860155814,402.1418952024429,409.74,5477163.8972000005,0.020869265263886553,0.6611570247941387
2023-03-09,408.90136491227344,409.7378491227998,395.86615263157194,397.33,11028863.309999999,0.033924309580636594,-0.8341708542707872
2023-03-10,395.2388280974163,398.5150582421391,394.5417578538582,394.96,4229133.563,0.010052910052912558,-0.0701754385947302
2023-03-13,394.40817446358784,397.19649665845236,392.10780865282464,396.36,3251875.1426000004,0.012902085542596928,0.3835616438369209
2023-03-14,395.59560014395544,395.8744340471406,380.60827784775273,387.37,6016136.5667,0.038590308370046435,-0.5388127853876354
2023-03-15,389.45631492916107,389.45631492916107,382.62497094078486,383.81,4558894.2196,0.017540719527477048,-0.826530612243749
2023-03-16,381.30500934578725,383.3962616822358,370.5699140186846,372.94,5620289.49,0.033638025594152514,-0.652173913042882
2023-03-17,374.6079523010923,377.18712874976,370.35579653436986,374.12,3437788.3773000003,0.018235950874583743,-0.07142857142753986
2023-03-20,375.6511718894794,379.83359354718374,373.2811329501136,375.93,3199183.1478999997,0.017442939320841316,0.042553191490425385
2023-03-21,381.8627429805547,396.6409287256948,380.67769978401043,387.3,8381317.118400001,0.04180357794815869,0.34061135371220685
2023-03-22,386.88103919780514,386.88103919780514,379.9102096627096,382.35,4729145.0600000005,0.018018018018020485,-0.6499999999989026
2023-03-23,380.607211451343,384.78970828047864,378.2371299148328,384.72,4050894.1213999996,0.017216117216119826,0.6276595744690533
2023-03-24,383.39474644289703,384.71920102151796,381.512626778541,382.14,2932793.252,0.008363636363638946,-0.39130434782378753
2023-03-27,382.55514343882317,382.69455857856036,375.5843864519642,376.63,3570861.6105000004,0.0185860058309063,-0.8333333333322341
2023-03-28,377.61164363092314,379.6331938737322,371.8955360478078,373.22,3305132.3507999997,0.02049104670482069,-0.5675675675665978
2023-03-29,373.42561961811356,373.5650355671963,369.52197304379683,372.38,2980326.9074000004,0.010826955385479706,-0.2586206896533813
2023-03-30,372.5867269001421,374.2597075260735,370.2166710134059,374.19,2718598.3704,0.01085126286249096,0.39655172413955864
2023-03-31,374.54320765229613,376.4253343239157,372.8004977711669,375.31,2721440.2504000003,0.009678019728273665,0.21153846154033473
2023-04-03,375.3054993562558,380.6032738642564,374.25988596651877,379.0,4138224.6635999996,0.016901931649333988,0.5824175824185829
2023-04-04,378.7965961395623,380.2604769858874,372.24398663696405,375.59,4098582.0948000005,0.02116304747883946,-0.3999999999990779
2023-04-06,374.5437011070041,378.3079594095871,372.17361254611853,377.82,3924652.352,0.016378187232461372,0.5340909090919626
2023-04-07,378.0940934166903,380.60356748804,377.606140125039,379.07,3281847.1388000003,0.007927728613571841,0.3255813953510678
2023-04-10,384.7886152161944,387.71635467979587,380.675838350659,382.07,5073982.0362,0.018297101449277917,-0.3861386138603398
2023-04-11,382.0682465753355,384.1594794520477,379.9770136986231,381.65,2314689.2925,0.01094690749863426,-0.09999999999831256
2023-04-12,381.72058415479404,383.3935742971817,379.9081781672074,381.86,2227290.1596,0.009130752373998092,0.04000000000199714
2023-04-13,382.1349772685873,384.9232660483654,376.41898527004224,383.32,3553663.3119,0.022254651587014566,0.1393442622958887
2023-04-14,383.3956244302574,384.09270738376694,379.2131267092,382.35,2429710.7445,0.012727272727275295,-0.21428571428424084
2023-04-17,381.72361346049337,387.5791254273819,379.2141083318269,387.37,4413343.2821,0.02191380569759204,0.6750000000007572
2023-04-18,387.57771883288444,399.8463660477383,385.6955968169693,394.2,9111646.4595,0.03651079136690889,0.4679802955669584
2023-04-19,393.7121223981427,395.524536559324,389.32050346912666,391.83,4539788.2838,0.01575779036827444,-0.3033707865156691
2023-04-20,390.7829917592191,391.75890361876765,386.18226442134744,389.11,3341219.4146,0.014270424545132807,-0.2999999999986955
2023-04-21,387.5097297297229,400.824059353464,387.23089560147696,394.62,8337055.465799999,0.035078251484082376,0.5230769230773968
2023-04-24,392.45894644424243,400.82396839332046,385.1395522387992,396.99,5865187.102,0.03996447602131693,0.2888888888893162
2023-04-25,400.68278432061163,403.5408208823975,395.17583582351205,396.57,6828605.6886,0.020876826722340727,-0.491666666665766
2023-04-26,395.0369187772856,400.19533275108466,391.13325414846474,399.08,6028183.405,0.022939827068998393,0.446153846154571
2023-04-27,399.1455561357633,402.2126892950322,395.3116396866772,400.47,4852647.534000001,0.017289556409363298,0.1919191919201781
2023-04-28,398.4502243088089,402.2841575378125,398.24110067813604,400.89,4702720.947299999,0.010146955913228454,0.6034482758636482
2023-05-04,399.639014308419,403.26385797561557,394.5502914679316,394.62,4763241.2574,0.021803593232167087,-0.5759999999991332
2023-05-05,394.2638957328978,396.98247634350304,387.920540974819,390.43,4260151.4055,0.022984441301275537,-0.4230769230761075
2023-05-08,390.4361361310066,409.3967911975365,390.2270112589493,408.63,12496753.4604,0.0490983752901293,0.9490909090912232
2023-05-09,410.9261409736239,429.5380628803172,410.22906524678143,412.39,18439216.565999996,0.04698897370653315,0.07581227436858753
2023-05-10,412.24665736217,412.24665736217,394.95934403348923,399.56,9721668.034400001,0.041934392965846105,-0.7338709677414875
2023-05-11,397.68285788832145,403.3291876848077,396.00987128195516,400.75,3851286.1445999998,0.018404907975462646,0.419047619048518
2023-05-12,400.19240244968677,400.5409413823202,392.8033770778584,398.38,4804764.5205,0.019334610695003408,-0.23423423423330023
2023-05-15,397.4013681217528,417.8953169426255,396.07692925237666,416.78,12097388.427,0.0549026486581326,0.8881789137382978
2023-05-16,415.8040976751895,419.8471215922324,411.2731225957449,416.78,6885772.1504999995,0.020620284995811065,0.11382113821218791
2023-05-17,416.50827569169275,429.75289031619843,412.18634881422247,423.27,11121182.5296,0.04217573221757544,0.3849206349210096
2023-05-18,423.1945571523993,423.26426470587523,416.50263201870956,417.13,5083199.756800001,0.01597759841871426,-0.8969072164936721
2023-05-19,415.39058379465837,422.91905888273067,412.95080020130155,415.53,5172558.2013,0.0239973149857382,0.013986013986707882
2023-05-22,415.52472993436953,419.9162847046875,409.878445229675,414.27,4124346.9119999995,0.024157020634124268,-0.12499999999928889
2023-05-23,414.75783672062664,415.10637271787084,404.30175680329995,404.72,5123371.1620000005,0.026050420168069435,-0.9290322580637836
2023-05-24,402.20879310344134,410.9918620689584,399.4205172413724,404.3,4345092.62,0.028769497400349058,0.180722891566853
2023-05-25,403.1215328467085,416.0872262773652,401.9364963503581,410.65,6565723.3286,0.03510288777451397,0.5320197044339504
2023-05-26,410.58116728876126,412.045039022728,406.7472175093246,410.86,2776597.3871999998,0.012903225806454066,0.052631578948678225
2023-05-29,417.4816836388252,418.2484725050845,406.39809911744044,410.72,4612904.5416,0.02838537318417336,-0.5705882352934745
2023-05-30,407.99830208153435,413.57490624461695,400.6790091174883,405.21,5038888.603,0.03160772253545433,-0.21621621621565967
2023-05-31,406.2589716612862,412.6721194637636,403.54035465806203,410.79,4617610.4215,0.02247769389156046,0.4961832061075783
2023-06-01,410.8590514767863,414.7627004219339,406.39773839661757,413.02,4632889.6274999995,0.02035968781812258,0.2583333333341338
2023-06-02,410.57742432015715,413.2263109286743,406.95263211902846,407.58,3855279.6741,0.015280135823431889,-0.4777777777765922
2023-06-05,407.65531157269317,408.7009390818571,398.52349799266193,399.36,4917824.0152,0.024965800273600233,-0.815068493149916
2023-06-06,400.1255780860832,402.1471184631732,390.36641764495926,391.9,4253740.6902,0.029442508710803738,-0.6982248520703536
2023-06-07,391.05953068591356,393.220465703964,381.64900722020974,386.18,5133349.596,0.029590017825314334,-0.42168674698731695
2023-06-08,386.25139247311137,391.2703602150468,384.4389874551903,388.97,3021932.6999999997,0.01768633820610263,0.3979591836744319
2023-06-09,388.8309464575376,389.73714981070145,381.7904434829569,386.67,3816738.1574999997,0.020437432771605157,-0.271929824560491
2023-06-12,384.23398561150384,392.94756474819434,384.23398561150384,387.58,4314812.424,0.02267779390421156,0.3840000000007584
2023-06-13,387.57503157134425,389.52684827709925,384.7867219916943,386.39,2501582.5064000003,0.012230215827340669,-0.24999999999847825
2023-06-14,386.17648335744593,387.64032923298856,384.57322358899444,385.34,2028360.2944000002,0.007942238267150506,-0.2727272727249059
2023-06-15,386.87793139656304,400.74977073852995,383.4622523626114,398.31,6033327.461399999,0.044684684684687226,0.6612903225810101
2023-06-16,396.63230983949063,402.97563852057914,396.1443614794069,399.56,3342989.5264,0.017223198594027107,0.42857142857238695
2023-06-19,399.62963793102756,407.71563793102746,399.4205172413724,404.3,5470728.78,0.02075702075702326,0.56302521008481
2023-06-20,404.30954773868666,418.2512562814,402.2182914572797,416.16,9711714.813000001,0.039655172413795424,0.7391304347830021
2023-06-21,416.853940928263,417.8298531645499,411.69554767931794,413.02,6439854.6525,0.014715719063547477,-0.6249999999987653
2023-06-26,412.7391230145249,417.6883676917807,410.22964684014175,412.53,5600821.831,0.018071271744640082,-0.02803738317662994
2023-06-27,412.53315938605874,425.89455726091086,411.45245808735746,416.07,6374473.2975,0.035008335317935235,0.2448979591843355
2023-06-28,416.06777982495584,431.09927222477125,415.5765545831317,426.58,10843531.041199999,0.03730814639905802,0.6772151898740043
2023-06-29,424.41681574238766,446.62010286224404,424.41681574238766,439.35,15639853.1536,0.05231481481481702,0.6725663716818291
2023-06-30,439.64388888887913,448.68237777776784,437.1877777777681,442.1,12641693.4,0.0261452513966503,0.21367521367605022
2023-07-03,443.1863060344732,459.78982758619696,442.1056034482663,455.86,15968474.16,0.03990246065174233,0.7166666666671831
2023-07-04,456.24710975075516,456.24710975075516,446.22617839964045,449.37,8733835.2776,0.02196382428940768,-0.6862745098028706
2023-07-05,447.79840088104737,453.3983370043952,443.2791541850122,446.03,5466217.658,0.02259763053971253,-0.17475728155240963
2023-07-06,446.9185820058235,447.8027911150898,434.8343908458507,437.88,6925538.4205,0.02901736645416793,-0.696969696968887
2023-07-07,438.1740376007064,443.08630259623,435.03018800357125,438.96,4019034.3604,0.01838565022421749,0.09756097561095899
2023-07-10,438.071671812959,449.7627525363817,436.59800617555265,445.44,7251028.517600001,0.03005158107199155,0.559701492538018
2023-07-11,445.43756161970856,453.78828785210266,443.6691725352015,446.42,5494413.952,0.022717247463610455,0.09708737864173439
2023-07-12,446.52543588610797,450.25876186271347,440.82720150076267,445.15,4179173.2872,0.021122112211223325,-0.14583333333227547
2023-07-13,445.04979955455576,449.1760890868497,439.25334521157157,441.12,3564353.723,0.022295805739516412,-0.3960396039593651
2023-07-14,439.64999999999014,443.18684916200124,437.6850837988729,439.65,3417509.6174999997,0.012513966480449145,1.7874101881593771e-12
2023-07-17,439.6452657436257,443.6733005806064,434.83127288967313,439.94,2727989.5396000003,0.02011173184357767,0.0333333333344426
2023-07-18,439.94036880692204,448.78240391023223,436.40355476559796,442.2,4794830.2310999995,0.028137561411346608,0.18253968254045863
2023-07-19,442.98312834223617,444.555035650614,438.85687165774425,440.92,2937123.1296,0.012863162563763601,-0.36206896551545975
2023-07-20,440.9240099121324,442.98715701733624,435.2257940977599,436.11,2854480.7501,0.017602495543674355,-0.6202531645556076
2023-07-21,435.62300937570467,436.70371598444007,429.33526183397146,429.63,3338834.0403,0.01691474966170724,-0.8133333333318937
2023-07-24,429.2331981174265,441.61209099057737,429.2331981174265,438.37,3995096.7661999995,0.02883955138475866,0.7380952380959669
2023-07-25,438.9551880380507,441.01831671951874,428.6395446307107,433.65,6143737.5742,0.028200537153090795,-0.4285714285705989
2023-07-26,433.26036544100083,437.386654635677,431.3937108053139,435.52,3174276.6913,0.013832199546487692,0.37704918032943796
2023-07-27,437.1922727272628,440.04139090908086,431.7887727272629,432.28,4768473.6,0.01887640449438423,-0.5952380952368351
2023-07-28,429.33089338485047,433.35894066832384,426.9730120481831,432.18,3805536.1888,0.014874141876432415,0.44615384615531306
2023-07-31,432.1817358842643,434.1466448903305,416.16772748482464,421.08,14127577.0614,0.041600363719029206,-0.6174863387972352
2023-08-01,420.29172217572244,428.05307001393703,419.211028172933,422.6496,6049919.377800001,0.021037868162695237,0.26666666666774996
2023-08-02,420.5835115573098,424.02205930421604,416.7519869250428,420.78,3006165.3172999998,0.017285680915676126,0.027027027028372584
2023-08-03,419.01228932583285,421.76313202246206,418.3245786516756,419.7,2584835.1168,0.008206330597892204,0.20000000000280505
2023-08-04,419.69877951834417,422.25312602290336,417.53740939910176,420.19,3234860.6199,0.011235955056182077,0.10416666666872917
2023-08-07,418.5190243902342,423.43121951218535,417.8313170731611,422.94,3560960.3925,0.01338028169014324,0.7894736842121296
2023-08-08,422.94206460673166,423.1385533707766,413.70709269661955,419.7,4756316.64,0.02229965156794649,-0.34374999999892314
2023-08-09,407.7167255594721,418.22893992931876,405.5553356890364,417.05,6665322.408000001,0.031084337349399936,0.7364341085278551
2023-08-10,418.42319906867476,428.3458905704207,415.96708731081685,421.96,4356625.519,0.02958440948579696,0.285714285715057
2023-08-11,422.3529117508159,422.45115620574745,416.0652666351954,416.36,3118528.9096,0.01511979530123524,-0.9384615384598486
2023-08-14,412.9278413793009,430.0226413793005,412.6331034482664,427.37,5717897.5200000005,0.042112776588153704,0.8305084745767846
2023-08-15,427.3636678200593,429.2303137254802,422.84441983851383,425.89,2604033.1995,0.014942528735634382,-0.2307692307676492
2023-08-16,428.9333286318658,428.9333286318658,417.43877997178146,417.93,3568889.0459999996,0.026797984425105253,-0.9572649572640198
2023-08-17,414.5936037441406,443.2811232449199,413.61115444616865,440.825,12114491.2343,0.07156398104265617,0.8841059602652008
2023-08-18,441.8073694722681,446.81785998662997,434.24251124470203,441.2179,8843542.469999999,0.028463420057818333,-0.04687499999921858
2023-08-21,441.3161697802097,441.5126596153745,428.9373101648253,429.1338,5284569.3264,0.028495102404276544,-0.9687499999991396
2023-08-22,429.4285470060455,449.96173536666396,429.4285470060455,438.0741,8770015.153900001,0.0478151452756827,0.4210526315794076
2023-08-23,438.56531477297904,438.56531477297904,424.02506688176015,426.2847,4853628.3967,0.03315412186380159,-0.8445945945938576
2023-08-24,422.35488900137085,432.8670948918446,421.5689296824568,426.9724,4189850.8276,0.02675040707141448,0.4086956521747435
2023-08-25,423.1408722144095,430.70573108613223,418.7198507958703,419.7023,4329194.3904,0.028325980961228337,-0.28688524590079123
2023-08-28,438.6635257909116,442.102097661613,417.0496454607883,428.5443,7348846.784999999,0.0571108622620401,-0.40392156862704476
2023-08-29,425.4005447930781,440.82499872668393,425.4005447930781,432.0812,6144284.833199999,0.0362586605080854,0.4331210191088905
2023-08-30,432.0811096426066,440.1371921780076,430.80392582601866,437.0916,4686581.9388,0.021600727603458204,0.5368421052641635
2023-08-31,440.137222895613,443.87052969695975,434.14428303029325,437.6811,4552917.7815,0.022098214285716622,-0.2525252525242098
2023-09-01,436.60044061095147,437.68113477087957,429.4285611859741,437.3864,4348298.6736,0.018901890189021123,0.09523809523928319
2023-09-04,436.89520154614746,437.6811609822547,429.8215666211817,432.0812,5679086.383199999,0.017989655947832143,-0.6124999999986789
2023-09-05,431.09868813558336,435.4214644067697,426.8741567796513,428.9373,4751323.9496,0.019826800364633003,-0.25287356321721505
2023-09-06,427.07068061537524,448.68456369229784,425.20402707691375,447.0144,13088569.129999999,0.05498044628479631,0.8493723849376215
2023-09-07,446.71970162293366,449.1758248999456,440.432026033783,441.9057,6919165.448,0.019573345062680988,-0.5505617977516231
2023-09-08,440.3336933628221,451.9265929203439,439.154754424769,444.067,8881244.492,0.029004908522982955,0.292307692308442
2023-09-11,443.6740199000353,443.6740199000353,423.43556815083093,432.4741,11681172.731600001,0.04561558901683106,-0.5533980582519132
2023-09-12,430.11628985373795,432.2776782449627,426.9724521937746,429.9198,5687341.9168,0.012334399269074814,-0.03703703703518953
2023-09-13,429.8215653283724,429.8215653283724,420.2918071942348,423.3374,4816110.2667000005,0.022171428571430733,-0.6804123711329132
2023-09-14,423.53383641403826,426.38293900183857,420.48824399259655,425.204,3483795.4680000003,0.013917884481561145,0.2833333333349548
2023-09-15,425.20400589996717,427.2671491818293,421.86367868171413,426.2847,3605568.4164,0.012707948243995118,0.2000000000017724
2023-09-18,423.9267999999902,426.87414739280587,422.64961612977004,423.9268,2841244.9755,0.009965237543455418,2.327811264876431e-12
2023-09-19,424.8110813392549,425.49879585576156,419.01463041441303,419.6041,2914234.8468,0.015263644773360424,-0.8030303030286591
2023-09-20,418.5233652357397,420.58650858549333,417.14793633590386,418.8181,1869276.4755,0.008215962441317065,0.085714285717115
2023-09-21,420.4882339343407,427.36537794728554,420.4882339343407,425.0075,4362911.595,0.016355140186918228,0.6571428571441901
2023-09-22,425.5969762142436,437.7793458011703,423.04260839763,432.8671,4565872.1506,0.03462603878116573,0.4933333333339661
2023-09-25,432.867070006885,434.63547837277787,426.08817127096233,427.4636,3294592.4285,0.0197458011802112,-0.6321839080447492
2023-09-26,428.8391026679269,429.2320823725481,408.6988928060884,412.4322,8470129.543399999,0.047880870561285135,-0.7990430622004392
2023-09-27,412.4321898474639,416.95145633936085,410.6637812201999,412.2357,4177223.7392,0.015245354930921863,-0.0312499999984251
2023-09-28,414.98655962659467,424.12333757291884,413.80762053674636,420.9795,5378065.3635,0.024857954545456976,0.5809523809532804
2023-10-09,421.66724194443464,428.83912187499,419.80058826387904,424.4181,3589608.0960000004,0.02143522833178249,0.3043478260880114
2023-10-10,423.92684215978755,429.0355781487352,422.4531683168219,426.6777,3135771.9469999997,0.015527230590964175,0.4179104477626321
2023-10-11,426.18642221691476,426.2846671275226,409.6812772347936,412.1374,6829533.412500001,0.038958045182113744,-0.8461538461532051
2023-10-12,411.54801154119184,414.20062464971704,408.69890857277585,413.7094,3679465.6827999996,0.013368345667226028,0.3928571428588618
2023-10-13,411.4497067951708,411.6461966264961,403.5901135421589,407.7164,3912277.625,0.01957975167144461,-0.4634146341450619
2023-10-16,407.32341267296897,410.9584744840881,403.9830856032919,404.6708,2734711.194,0.017124939700919044,-0.3802816901393796
2023-10-17,404.2777981684883,406.0462065201366,397.79363421244454,402.3129,2826148.2795,0.020413122721751976,-0.23809523809401795
2023-10-18,401.62519709926477,401.82168692172036,392.7831550887623,392.8814,3323212.9890000005,0.02250489236790854,-0.9673913043466312
2023-10-19,390.7200237751706,399.7585558816115,390.03230937576745,395.0428,3161835.3426,0.024893135529295927,0.4444444444454072
2023-10-20,393.962101736963,399.66030669974197,392.19369330023846,395.927,2699172.2939999998,0.018952618453867733,0.2631578947381163
2023-10-23,395.1410689404838,412.43217489113647,394.1586197387422,406.1445,6376301.443200001,0.04624564893088248,0.6021505376349192
2023-10-24,405.4567407255041,407.7163736396515,398.38310725512935,406.2427,4198467.288000001,0.023019142234070818,0.08421052631683223
2023-10-25,413.1198526564247,421.9618946871211,409.484790932694,416.0672,5290894.763,0.030202140309158135,0.23622047244171493
2023-10-26,416.06727100493254,419.30935363613975,412.4322086608516,417.4427,3726662.7818000005,0.016528925619837122,0.20000000000140086
2023-10-27,415.4777883527355,421.47072878534766,411.54799134774396,413.3164,4738607.8789,0.02388271458973974,-0.21782178217720358
2023-10-30,414.5935855216367,420.4882810503803,409.77958417316273,415.2813,4522218.752400001,0.025829383886258106,0.06422018348715143
2023-10-31,415.3795492650447,416.754978236121,411.5479971313321,414.3971,2243761.7256,0.012535477767268268,-0.18867924528109753
2023-11-01,414.593544915847,416.1654635695564,411.74444235599873,414.4953,1951914.4434,0.010663507109007224,-0.0222222222199997
2023-11-02,413.61110019549324,415.5759985337141,400.6427711632355,402.0182,4803253.026000001,0.036104513064135216,-0.7763157894729735
2023-11-03,401.62520348836233,407.225163517432,400.44626453487393,405.555,3397997.0496000005,0.016878669275932248,0.5797101449288973
2023-11-06,407.12696092395555,409.5830839990277,402.80418431182864,408.3059,3761137.1932,0.016650579150581508,0.17391304347968697
2023-11-07,406.7340158921163,412.2357320491111,405.2603419214927,408.0112,2885204.1381,0.01714975845410871,0.18309859155068506
2023-11-08,408.1093796626408,409.5830533975805,404.8672974457734,407.7164,2681286.3649999998,0.011555127587869562,-0.08333333333122933
2023-11-09,407.2251617575364,408.600590530662,403.09887543815967,403.5901,2602453.7396,0.01351025331725214,-0.6607142857123885
2023-11-10,403.0006357005662,410.46724913626656,402.0181865642898,409.4848,2908187.4055999997,0.020965382740129167,0.7674418604661847
2023-11-13,408.8953356649698,428.3478288080895,406.7339475379565,426.9724,9134755.7036,0.05285920230658577,0.8363636363640535
2023-11-14,425.4004754325161,433.2600685121007,422.15839328718744,425.8917,5695078.505999999,0.02609699769053353,0.04424778761150609
2023-11-15,428.1514117837989,428.3479016469397,419.40761287403336,423.5339,3852412.6329,0.02088113813676234,-0.5164835164823519
2023-11-16,420.09525086326596,426.0881905972835,420.09525086326596,421.0777,2791117.7764,0.014265668849394245,0.163934426231123
2023-11-17,420.5865159990587,423.4356187703674,416.85320891941274,421.8637,2721714.9716,0.01565054893716654,0.19402985074772838
2023-11-20,421.47074055414646,432.0811927639012,419.5058419967845,429.0356,4011341.0392,0.02983682983683202,0.6015625000007397
2023-11-21,428.83911887789304,431.00050733500956,424.71283182339783,427.2672,3051556.7414,0.014662084765179856,-0.2499999999983872
2023-11-22,425.9900188888789,427.16895805554554,422.15846659721234,424.4181,2427232.176,0.011761992619928495,-0.3137254901940382
2023-11-23,424.1232898261779,426.4811677404304,422.45312630358234,423.9268,1728233.8754999998,0.009497336113043705,-0.04878048780242217
2023-11-24,423.4356244098106,423.82860410763874,414.5935812086777,416.1655,2286917.7012,0.021809744779584667,-0.787234042552043
2023-11-27,416.16544667449085,419.0145491186741,414.39703826085986,418.0321,2367322.4375,0.011095372993392392,0.40425531915096863
2023-11-28,418.0320898189414,419.7022532800277,414.397028168342,417.8356,2074342.4838999999,0.012690951821388931,-0.03703703703516254
2023-11-29,418.2285940414409,421.961900730089,415.57598139424357,417.1479,2229899.8436000003,0.015268968757343357,-0.16923076922919716
2023-11-30,416.5584722948771,418.91635043994245,411.44973631390224,413.1199,2357453.355,0.01792452830188906,-0.46052631578809855
2023-12-01,413.21815804096036,418.5233840357801,411.25325952436043,417.2462,2208519.4189,0.01759391345696868,0.5540540540553263
2023-12-04,418.7198768369391,424.31983764869545,417.04971308606446,421.176,3354164.6618999997,0.017362740497421297,0.33783783783915255
2023-12-05,423.43557264551765,423.43557264551765,412.7268771888212,415.183,2741653.8436,0.02529002320185856,-0.7706422018338691
2023-12-06,413.8075914893519,418.3268576832052,413.8075914893519,415.576,2240764.668,0.010921177587846588,0.39130434782818074
2023-12-07,414.5935252040227,417.0496479836674,409.2882999999901,409.2883,2315578.6147999996,0.018720379146922025,-0.6835443037961058
2023-12-08,407.71644485293115,411.25326220587226,398.87440147057845,400.8393,5258040.431999999,0.030361445783134905,-0.5555555555547157
2023-12-11,397.9902042583637,411.3515144975978,397.9902042583637,410.6638,3595848.7619999996,0.0335719575413502,0.9485294117653694
2023-12-12,410.66375672457957,416.5584517971812,408.8953482027991,412.7269,2459825.8134,0.018660287081342104,0.2692307692320211
2023-12-13,413.6111160312476,422.4531588917731,411.8427074591425,414.8883,3514451.1240999997,0.025653206650833784,0.12037037037128613
2023-12-14,414.7900083729682,418.1303352997046,411.1549467174022,413.0216,2211486.4535999997,0.01681667456182141,-0.25352112675911503
2023-12-15,413.90583400143896,417.54089591885014,405.4567711663752,406.8322,2332942.0864999997,0.0291953477332091,-0.5853658536576773
2023-12-18,407.71640087782475,407.71640087782475,401.3304813460034,402.9024,1982713.7508,0.015662650602412034,-0.7538461538445015
2023-12-19,403.78660682710205,404.0813415766109,398.8743610019548,400.0533,1937303.6784,0.01289537712895628,-0.7169811320734439
2023-12-20,398.9725930670585,401.2322260738407,390.8182652599751,391.113,3064001.3322,0.026101945333664174,-0.7547169811310509
2023-12-21,390.03228981853863,393.07788200603846,385.8077587197484,389.8358,2859065.4208,0.018639798488667328,-0.027027027025681227
2023-12-22,390.5235413668971,412.33391273380306,390.5235413668971,409.6813,8503291.362,0.05584905660377596,0.8783783783787896
2023-12-25,410.5654796407091,434.6354826347206,409.2882958083738,426.5794,9127687.704200001,0.06173725771715965,0.6317829457367964
2023-12-26,425.89170250811827,431.7863973525213,417.0496602415137,423.0426,5823414.5924,0.034602076124569815,-0.19333333333265149
2023-12-27,412.4321365124457,415.37948384340655,404.76903345194773,414.1023,4675910.25,0.02572653644592897,0.15740740740832207
2023-12-28,413.21817535026327,416.06727831867926,408.69890857277585,413.7094,4962490.848999999,0.01783166904422491,0.06666666666799531
2023-12-29,412.6286913228921,417.3444477951537,411.4497522048267,414.3971,3804484.9956,0.014285714285716575,0.3000000000016145
2024-01-02,414.4953261690974,422.7478996220967,412.23569296172855,415.969,5367468.474200001,0.025361460061628285,0.1401869158887767
2024-01-03,414.6918434999901,417.34445657141856,408.50241299999027,412.6287,3010928.76,0.021321961620471275,-0.2333333333321984
2024-01-04,412.7268786337109,414.59353197673414,400.44626453487393,405.555,3969890.9952,0.03427755296358265,-0.5069444444437081
2024-01-05,403.49190697498983,404.3761112999898,388.5586783749902,392.9797,6824777.199999999,0.03920136352569021,-0.6645962732912589
2024-01-08,391.5060047952206,391.5060047952206,376.2780422498606,379.0289,5252382.6654,0.03889585947302645,-0.819354838708976
2024-01-09,379.02887543359094,381.87797791870605,374.6078543359985,379.5201,3377604.7788,0.019180922757908173,0.06756756756892222
2024-01-10,378.7342131661342,381.9762959247549,372.6430273772107,376.0816,3079130.274,0.024643320363167413,-0.28421052631469845
2024-01-11,376.0815754997341,383.35169999999016,374.607901614547,383.3517,3823982.6316000004,0.023249738766982754,0.831460674158332
2024-01-12,383.05693475358356,385.6113026180599,380.01134229978487,382.7622,2906280.4192000004,0.014619133111056688,-0.05263157894559708
2024-01-15,382.0744487877052,382.0744487877052,356.6290175107662,364.6851,7667328.652799999,0.06659809719722551,-0.6833976833972689
2024-01-16,363.21146098677906,364.7833796710605,356.1378269075126,364.3904,5043012.321,0.023803083581284898,0.13636363636476104
2024-01-17,363.8009412746907,363.8009412746907,352.6992652379529,352.994,3892490.2034,0.030515798001622952,-0.9734513274326528
2024-01-18,348.7694305667379,366.94473892021585,345.4291036260987,365.7658,5495787.9837,0.061690140845073314,0.7899543378999591
2024-01-19,361.0501145038069,365.37289138494094,358.69223620500657,360.3624,3324315.736,0.018503401360546907,-0.10294117646910145
2024-01-22,359.18339222067976,366.0605359448175,352.306248496542,356.1378,4974223.1875,0.03829321663019959,-0.22142857142784042
2024-01-23,353.19052603877134,361.0501204986049,350.9308926315692,354.6642,3096223.717,0.02865090403338237,0.1456310679621254
2024-01-24,355.5483508404421,357.41500424358344,345.42912449709706,356.5308,4147767.3645,0.03371096988118556,0.08196721311556927
2024-01-25,355.843065829539,368.71314910498614,353.9764125300467,367.7307,5541485.299,0.04141358365544161,0.8066666666672796
2024-01-26,366.355328963651,367.632513001336,362.0325522207171,364.9799,3261473.9145,0.015285599356398376,-0.24561403508593113
2024-01-29,364.5868641152163,365.6675581344207,357.6114754458064,358.1027,3098720.9340000004,0.022096469954192902,-0.8048780487791635
2024-01-30,355.64658315097495,366.45352352296584,354.7623789387211,359.1834,4243510.0600000005,0.032872928176798245,0.3025210084041774
2024-01-31,356.4325733634211,357.70975733633304,347.98351015800375,348.18,3926621.2263999996,0.0272877618522629,-0.8484848484837532
2024-02-01,345.5273744609256,357.2185196303456,342.97300660878335,350.8326,3634047.4334,0.04122831959056312,0.37241379310411243
2024-02-02,350.83259854353776,354.17292572093345,329.90643122632304,337.2748,4217501.9507,0.06916830019602613,-0.5587044534408692
2024-02-05,336.783572848055,344.5449212304926,328.0397753032834,340.1239,4672965.7098,0.04900816802800735,0.2023809523815355
2024-02-06,339.4361749379558,358.3974431761687,336.98005210917177,356.3343,4440737.7612000005,0.06309696092619665,0.7889908256885
2024-02-07,357.218569343056,365.27465369017665,353.28877210055816,363.408,5288543.897400001,0.033553355335536245,0.5163934426237317
2024-02-08,365.1763323270007,369.30261856798376,361.34478081751644,367.7307,4908667.518,0.021791767554482075,0.32098765432217996
2024-02-19,371.3657556269996,372.74118435154406,364.0956323686933,366.65,3918717.9312,0.02328042328042581,-0.5454545454533402
2024-02-20,366.74825930200353,367.5342186040169,360.6570747113997,365.9623,3147951.3099999996,0.018751674256632704,-0.11428571428425875
2024-02-21,363.60441965902066,371.9552371869906,362.0325010655204,368.8114,4018046.2241999996,0.027289921642801914,0.524752475248463
2024-02-22,363.50622051417,370.67809999999014,363.50622051417,370.6781,3276274.7402,0.019729729729732432,1.0000000000012317
2024-02-23,369.4008523052782,380.89550648605416,367.73068887730216,377.1622,5108360.7432,0.03563829787234322,0.5895522388066691
2024-02-26,377.16229288339343,378.9307016544018,373.42898547793135,374.1167,3924026.3328,0.014587132065644692,-0.5535714285695422
2024-02-27,373.4289666840906,375.6885999999902,368.8114551255133,375.6886,5278122.6528,0.018416206261512923,0.3285714285728158
2024-02-28,376.2779944296982,380.79726015914105,370.3832999999902,370.3833,5533173.958000001,0.02767624020887972,-0.5660377358480557
2024-02-29,367.82897183171224,375.9832999999901,367.1412574078816,375.9833,4220585.518800001,0.024038461538464274,0.9222222222232387
2024-03-01,377.6535071999902,381.8780391483772,374.3131796128936,380.6991,4648680.95,0.020031217481792214,0.402597402598657
2024-03-04,378.24290419160695,380.0113125748405,372.34820958082867,377.3587,4289414.088099999,0.02025974025974293,-0.11538461538332247
2024-03-05,377.0639805790321,387.8709211375765,375.09908229566037,383.4499,6390810.0591,0.033871808233457416,0.5000000000007331
2024-03-06,382.0744694823492,383.0569186196142,376.1797746587593,381.485,3526637.2867,0.017999485728981867,-0.08571428571284379
2024-03-07,380.0113546315689,383.84290655262146,371.9552711052533,373.3307,3577895.6999999997,0.03128231644260867,-0.5619834710735025
2024-03-08,374.5096783526827,377.0640465680998,368.4184926082267,372.1518,3668620.0436000004,0.02308499475341301,-0.27272727272609415
2024-03-11,371.36576223775256,380.0113143745045,370.4815580419484,379.3236,4842353.8449,0.02566137566137826,0.8350515463927026
2024-03-12,379.8148465894368,385.1200720720622,379.8148465894368,381.6815,4686540.3795,0.013967925504400092,0.35185185185364093
2024-03-13,379.8148609592475,386.9867401237652,377.16224811757667,380.9938,4045185.2336,0.025866528711849447,0.12000000000099731
2024-03-14,380.40429529629597,380.50254020727124,368.8113958012126,369.6956,5233254.5242,0.0307334710743826,-0.9159663865537004
2024-03-15,369.6956666402438,375.6886072900059,368.12374778128975,371.9553,3508471.0560000003,0.020462397023654072,0.2987012987025579
2024-03-18,372.0534772297908,374.8043347324141,371.365762854135,374.5096,4087080.0192,0.009242144177451887,0.7142857142883687
2024-03-19,373.82190424129675,377.65345595362544,371.07104660167624,372.9377,4047457.2892000005,0.017608409986861886,-0.13432835820743608
2024-03-20,371.7587383407388,379.02886165924156,371.4640036116103,375.3938,3673514.3673,0.020348837209304863,0.48051948052071686
2024-03-21,375.5903229594425,376.96575181673575,371.85701606107506,373.1342,3140108.1612,0.0136018833376954,-0.4807692307672265
2024-03-22,372.3482107934712,372.3482107934712,365.2745772375003,367.7307,3501205.1944,0.018997361477575043,-0.6527777777762971
2024-03-25,366.4535767769841,367.73076082473233,362.1307999999902,362.1308,2977303.4694,0.015281501340485327,-0.7719298245595071
2024-03-26,361.5413347837812,363.11325363066726,355.2536593962372,361.2466,2981450.9583,0.02173913043478541,-0.03749999999873508
2024-03-27,361.5413303842863,361.5413303842863,354.66418551284613,355.3519,2235142.1499,0.01902173913043736,-0.8999999999984367
2024-03-28,354.7623931762029,361.3448025760383,354.1729236777102,358.4957,3395965.2036,0.020216006646361206,0.5205479452067768
2024-03-29,356.137870981029,358.2992594393966,352.60105350370014,357.5133,3005917.3476,0.016000000000002804,0.2413793103465076
2024-04-01,359.57642310865583,361.0500969738552,352.50278855569866,357.1203,6040756.4120000005,0.023770491803281328,-0.28735632183789683
2024-04-02,356.2361160784213,356.2361160784213,349.26072605041026,350.7344,5200330.464,0.019580805295093796,-0.7887323943646584
2024-04-03,349.5554709406397,353.4852682530696,346.2151432250743,350.9309,4588959.4732,0.02079820123665249,0.18918918919052088
2024-04-08,349.75187840549614,353.48518497274574,342.57999999999015,342.58,4514070.3949,0.031179775280901514,-0.6576576576567014
2024-04-09,342.2852973526803,346.3133390264632,340.6151337318434,345.1344,2602582.1616,0.016647531572907548,0.500000000001638
2024-04-10,343.9554457258666,344.34842538393667,336.78356696608705,339.0432,3671743.5600999994,0.021993716081122352,-0.649350649349267
2024-04-11,336.98003055877945,340.90982683351746,336.68529583817417,337.5695,2884848.7635999997,0.01253644314869094,0.13953488372323283
2024-04-12,336.9800264150845,340.81157773583914,336.7835366037638,338.4537,2767615.1620000005,0.011953352769682119,0.3658536585389521
2024-04-15,339.33796848008024,351.1273593942695,339.23972355579536,350.3414,6995361.221399999,0.035031847133760737,0.9256198347114947
2024-04-16,351.6185769422766,358.88870119310883,348.7694741953289,354.0747,9329436.5756,0.028778988544288828,0.24271844660288852
2024-04-17,354.1728976334519,357.90620418270885,347.9834683544207,357.022,5828887.304400001,0.028016643550626916,0.287128712872258
2024-04-18,356.03956775985677,356.03956775985677,351.9132813785339,353.4852,4223787.546999999,0.011589403973512786,-0.6190476190450956
2024-04-19,350.83263623187446,363.1132521739031,350.2431666666571,359.2817,6917539.8759,0.03668440212825811,0.6564885496190338
2024-04-22,358.3974597334632,381.68150522601553,357.7097453096326,375.9833,14682009.956,0.06688596491228328,0.7336065573774327
2024-04-23,372.54475076274656,378.34120126248337,369.59740305101593,373.5272,5971747.4116,0.023470464135023766,0.11235955056291731
2024-04-24,372.93768736593324,376.0815245618526,370.3833196442488,375.5903,4861973.6515999995,0.015279241306641104,0.46551724138095446
2024-04-25,374.60784072231417,380.69902512430303,371.66049343102924,375.3938,5189537.384099999,0.024127983215318685,0.08695652174021072
2024-04-26,374.9025983140048,378.930639857735,371.9552508429828,372.9377,6154632.4528,0.018605870020966964,-0.28169014084361277
2024-04-29,372.8395028683084,378.2429739243708,368.4184810951663,376.7693,6485236.576,0.026350461133072534,0.4000000000009579
2024-04-30,376.76922816536495,386.29898439275485,376.76922816536495,380.2078,6336909.441000001,0.025293350717082014,0.36082474226903694
2024-05-06,382.76218213822455,383.1551617913439,375.3938136422372,379.5201,5352144.393300001,0.020277207392199684,-0.41772151898601034
2024-05-07,378.34115141994516,392.88139821562214,377.4569472229108,390.9165,9033876.2394,0.04076863152428194,0.815286624204411
2024-05-08,389.73759572433624,395.43580105632805,385.7095540241351,390.6218,6023880.5479999995,0.0249558860599975,0.09090909091009529
2024-05-09,389.1481635962668,402.0182492895541,386.1025707986186,401.0358,8547576.9678,0.04089876293865445,0.7469135802474823
2024-05-10,398.6778351971942,401.723427333989,390.03228332500277,393.5691,6280717.7661999995,0.029324790537212847,-0.4369747899150875
2024-05-13,390.2288692936705,400.3480972738438,385.70960242873883,396.4183,5158822.9545,0.03751258811682018,0.4228187919469571
2024-05-14,394.84628799098334,397.89188016011013,388.16563420064074,392.6849,3787403.3154999996,0.024632993281913484,-0.2222222222211831
2024-05-15,390.52359860934536,394.9446204803946,388.0674753476514,388.5587,2726309.642,0.017610062893084255,-0.28571428571281543
2024-05-16,388.75517389648934,389.93411301368866,384.2359072805584,387.2815,3367658.8782000006,0.01465756886530451,-0.25862068965339763
2024-05-17,387.37976493149716,395.43584931505865,385.70960109588077,394.4534,3908329.4799999995,0.025107785949787038,0.7272727272736625
2024-05-20,394.551555090854,399.0708209111177,390.1305341797264,394.6498,4498516.183200001,0.022659362549803178,0.010989010990114675
2024-05-21,393.47092030430537,397.9901868046794,391.30953197803956,393.8639,3960788.9687,0.016978776529340725,0.05882352941324341
2024-05-22,394.55162463225145,395.04284926451277,391.1130522064226,394.0604,2483096.1876000003,0.00996015936255236,-0.12499999999746399
2024-05-23,393.96211964511036,395.92701799745504,387.08497541190394,387.5762,3115755.8715,0.022443890274316678,-0.7222222222210269
2024-05-24,387.67446772265936,387.9692024928489,378.24295507659366,378.3412,3404125.7238999996,0.025088697415106408,-0.9595959595948484
2024-05-27,377.751717637948,382.27098396079464,376.08155399689593,380.9938,2762239.6788000003,0.01638491547464485,0.5238095238110311
2024-05-28,380.207848042968,388.0674418009622,378.4394394474193,384.0394,2970058.9818000006,0.02532299741602322,0.3979591836744495
2024-05-29,381.976236414843,385.70954325223084,381.6815016645229,383.6464,1431546.0554999998,0.010545267489714478,0.41463414634379736
2024-05-30,381.1903075376788,394.9445969849147,380.20785829144774,391.0148,4457071.455999999,0.03865979381443554,0.6666666666672914
2024-05-31,390.9165535605961,394.9445954545355,388.1656956818083,389.0499,2661016.644,0.017341040462430478,-0.2753623188390804
2024-06-03,388.0674421819912,394.15862735041736,387.6744624937057,390.8183,2602635.1416,0.016708860759496034,0.42424242424388553
2024-06-04,391.3095181150454,406.14450110158117,389.6393544675546,401.3305,6730287.502,0.042179261862919974,0.607142857143417
2024-06-05,399.3656093189868,416.06724611707483,399.3656093189868,411.155,10109423.6865,0.041820418204184494,0.7058823529417245
2024-06-06,409.68128633719937,411.84267441859464,404.08132630812975,405.555,4553821.3632000005,0.01894484412470255,-0.531645569618919
2024-06-07,405.2602694828743,411.7444337946003,399.7585543092886,404.6708,4474358.487,0.029575757575759955,-0.049180327868026966
2024-06-11,403.6883567796516,419.89876779660034,399.95504999999065,417.3444,7177787.4024,0.04940374787053042,0.6847290640398637
2024-06-12,414.49531711689184,419.3093181926747,409.3865812813673,410.9585,4154167.4176,0.023939322114247406,-0.35643564356332974
2024-06-13,409.48481183769906,416.8531805727824,403.78660668256794,411.6462,4117908.1169999996,0.03190978886756464,0.16541353383532803
2024-06-14,409.9760958424407,412.03923938729844,400.0533578409822,404.0814,4810419.1998000005,0.029235561945844653,-0.49180327868765966
2024-06-17,405.0638290808902,414.4953419578646,404.08137982287207,410.4673,5383072.2384,0.025709434877518648,0.5188679245292084
2024-06-18,408.69885173500586,411.44970939091456,403.19713642318845,404.8673,3486112.1464,0.02019230769231016,-0.4642857142844664
2024-06-19,404.86732304686507,405.653282421865,397.30246406249023,402.4112,3405578.6495999997,0.02062606163552775,-0.2941176470576055
2024-06-20,401.9151001740327,404.99072794628523,398.9386862008851,399.0379,2158237.376,0.015058010367812794,-0.47540983606385245
2024-06-21,399.4347310344728,403.30406896550716,395.6646068965419,399.9308,2249786.1541,0.019125683060111573,0.06493506493635856
2024-06-24,396.9543653030202,400.12920651514133,392.88659999999004,392.8866,2828734.92,0.018245438640342296,-0.5616438356149862
2024-06-25,392.88663474902467,394.8709106821005,380.88176535391557,385.4456,4184568.465,0.03560606060606293,-0.5319148936162771
2024-06-26,384.94957197646676,389.8110485297778,382.0723715673643,388.0252,3020676.494,0.020103092783507626,0.39743589743712815
2024-06-27,386.83460376818124,387.429886564439,376.02029963616485,381.7747,3938329.8759999997,0.029494742241603006,-0.4434782608686579
2024-06-28,379.4927487531077,398.3433689526085,379.29432117206034,397.8473,6810241.947000001,0.05019607843137508,0.9635416666671387
2024-07-01,396.3590931421348,398.44258274313216,390.9023346633319,397.8473,4352569.488,0.01902377972465821,0.1973684210539208
2024-07-02,397.8473861879731,403.5025734729393,391.3984884068713,397.9466,4071061.9173,0.030423940149628265,0.008196721312296994
2024-07-03,396.85520020145054,398.83947620245783,390.9023721984288,393.978,3085612.3386000004,0.020000000000002537,-0.3624999999986955
2024-07-04,391.9937135478944,400.32767252993017,391.9937135478944,397.6489,4660345.2864,0.021260440394839368,0.678571428572538
2024-07-05,395.7638412453201,398.64104139475967,389.1165167621323,398.3434,2981449.8669999996,0.024066182000503797,0.27083333333434784
2024-07-08,395.7638068444792,399.5339308505184,393.5811034725618,394.2756,3122498.968,0.01504136375031599,-0.24999999999828215
2024-07-09,394.2756207175242,396.1606828195959,389.7117861546137,392.6882,4231930.409399999,0.016356316054355804,-0.24615384615227698
2024-07-10,391.79530288987564,398.8394828101545,389.41417164921796,398.2442,4060525.0698,0.024056723221071226,0.6842105263167637
2024-07-11,400.7245344112466,404.29623117747707,394.07720987409544,401.9151,3505404.4332999997,0.025501361723201228,0.11650485436988771
2024-07-12,403.6016999257142,403.998555087883,397.5496587026393,400.7245,2534034.2685000002,0.01597836774828166,-0.4461538461522391
2024-07-15,399.6331966177468,402.01432787862717,394.47407888583945,398.9387,2359252.1867,0.01886792452830446,-0.09210526315656584
2024-07-16,396.85516901059964,404.69305859855893,394.771679373294,402.1135,2805695.7348,0.02500000000000237,0.5300000000009466
2024-07-17,401.91506900612507,410.34824127606356,400.32764834354845,404.2962,3936812.675,0.02493211552703285,0.23762376237720742
2024-07-18,402.90728047618086,417.8885657142757,401.7167147618952,416.698,7743032.640000001,0.0401378970696895,0.8527607361968832
2024-07-19,414.713651808625,427.214589638263,411.9356656242611,425.1311,7263974.850000001,0.03684210526316008,0.6818181818187955
2024-07-22,426.1232865010446,435.54859784390817,421.6586653386355,423.3453,7357085.4474,0.03259604190919894,-0.19999999999927107
2024-07-23,423.84137339382795,423.84137339382795,412.828641079522,415.4082,5766398.786299999,0.025983146067418056,-0.7657657657647927
2024-07-24,411.7372789034467,423.6429351608958,411.53885129915585,416.2019,4719310.816500001,0.029397590361448248,0.36885245901718333
2024-07-25,414.61447942869864,416.0034726596155,406.18130624098876,413.3247,3251971.6846,0.023689877961237112,-0.13131313131210734
2024-07-26,412.33253397390956,435.35013452298244,411.8364649965588,433.6635,8387565.2262,0.05702598652550766,0.9071729957809734
2024-07-29,433.56433848994607,436.1438974832501,429.59578619255524,429.695,4910797.8996,0.015102974828377615,-0.5909090909074763
2024-07-30,428.603630982649,430.8855484624177,420.6665267051925,429.0997,4372889.86,0.023842592592594927,0.04854368932135688
2024-07-31,430.1909965349866,431.381562023552,419.674334719325,429.4965,5965315.246800001,0.02721402214022369,-0.05932203389745012
2024-08-01,426.7185103191142,436.3422479384944,425.13108968086595,425.9248,5036332.95,0.02627295977679835,-0.07079646017609956
2024-08-02,422.35310693045136,435.9453962537945,421.26175523295666,423.7421,4309626.069800001,0.034766267324409114,0.09459459459526352
2024-08-05,420.66649666982823,428.2067451950421,414.01917231207386,417.0948,3790689.2052,0.0337264150943419,-0.2517482517475328
2024-08-06,418.18615495431203,426.1232587256869,415.90423762004184,423.5437,6091259.7902999995,0.024436536180310692,0.5242718446611181
2024-08-07,421.75783448274876,429.59572413792097,418.7814206896454,425.8256,4613481.9592,0.025641025641027815,0.37614678899171405
2024-08-08,423.64297616120865,424.6351142786821,402.9072895060113,403.701,7974580.821999999,0.05128805620609109,-0.9178082191775888
2024-08-09,403.40326894852484,407.4710343265105,400.228427677902,402.9072,4316761.78,0.01795376291195512,-0.06849315068354438
2024-08-12,401.8158966114172,405.2883796685529,396.35913752163253,401.1214,2043513.3264000001,0.022222222222224666,-0.07777777777665658
2024-08-13,401.1213688969599,409.75296896968695,401.1213688969599,409.2569,2892056.0625,0.02151867425179564,0.9425287356332314
2024-08-14,408.66162769079233,411.63804158511715,405.58599999999007,405.586,1960317.0048,0.014809419762080663,-0.5081967213097436
2024-08-15,404.891510238898,409.75298634811287,401.8158824963335,406.975,2090956.3514,0.01960303847096535,0.26250000000122076
2024-08-16,409.2569249999898,409.2569249999898,395.5654205999901,396.8552,3794688.8,0.033454545454547915,-0.9057971014484816
2024-08-19,394.97016903922554,399.4347903923441,393.6803895372135,394.4741,2937434.6064,0.014569203717661265,-0.08620689654999239
2024-08-20,394.2756660564354,396.8552250190593,383.461361174666,390.2079,3873867.3449999997,0.03397081026673622,-0.30370370370293776
2024-08-21,387.1322518118636,392.291369467993,385.94168619891065,386.0409,2441084.6078999997,0.01640184520758839,-0.17187499999841022
2024-08-22,386.3385035614956,395.863027532195,384.94951048243524,392.7874,2910809.2215000005,0.028248587570624015,0.5909090909099511
2024-08-23,391.8944724943383,395.76381032402924,391.0015483797942,394.9701,2584782.8838000004,0.012151898734179835,0.6458333333352808
2024-08-26,394.8709561000409,399.43479127104644,381.17945058702446,388.7197,4100622.6816,0.04623115577889683,-0.3369565217385673
2024-08-27,387.5291338738184,392.48982427158876,385.7432853306211,391.5969,2609934.8044000003,0.01740911418331023,0.6029411764719709
2024-08-28,390.4063293885505,404.7923313609367,390.2079017751382,402.4112,3898614.6264000004,0.0373570520965718,0.8231292517013058
2024-08-29,400.3277059897638,411.4396522278935,397.54971943023133,407.4711,4039827.1401,0.03469640644362063,0.5142857142863936
2024-08-30,405.7844582726733,411.7372865113922,404.2962512129936,408.9593,3013527.0113999997,0.01833740831296076,0.42666666666794467
2024-09-02,407.76874895396486,409.7530251045924,402.9072723849273,403.1057,2794796.3076000004,0.01678832116788558,-0.6811594202883062
2024-09-03,402.90726127390644,411.73728990069236,402.90726127390644,409.6538,2806470.9775,0.021915784289586234,0.7640449438212621
2024-09-04,407.27261379141305,410.24902753410305,405.3875517543761,407.1734,1570711.6079999998,0.011936662606579726,-0.020408163263252375
2024-09-05,406.87576207734355,408.760824130372,405.2883414011091,407.8679,1505871.2219,0.00853450377956842,0.2857142857170634
2024-09-06,408.26478296567626,410.348272745088,403.4033068137156,404.7923,1659162.5999999999,0.017010935601460664,-0.49999999999849154
2024-09-09,404.59383432538675,407.66946180554544,397.1528000991965,400.03,2064916.224,0.02599313388916375,-0.43396226414995775
2024-09-10,399.83164810689436,404.3954832962038,395.6646681514379,400.923,1971651.5838,0.021836228287843484,0.12500000000112016
2024-09-11,400.82376197529874,403.10567943208883,399.7324101481383,401.8159,1272913.38,0.008415841584160927,0.29411764706167837
2024-09-12,402.8079792438744,406.5781031875362,399.9307793921324,401.5182,1473091.812,0.01650246305418952,-0.19402985074475051
2024-09-13,401.41907238141306,403.89941761362644,400.6253619071048,401.6175,1379719.1056,0.008156203657936248,0.060606060609058834
2024-09-18,401.8158829389688,403.70094510584295,393.5811376836764,398.3434,2346587.6279999996,0.025185185185187454,-0.3431372549009489
2024-09-19,398.74025215505225,399.13710734505474,385.04874809996466,389.0173,4232925.7446,0.03533217218213706,-0.6901408450696704
2024-09-20,386.93385233159614,388.3228456476583,375.82190580309907,382.9653,5235195.637999999,0.03230769230769476,-0.31746031745949377
2024-09-23,381.9731723779755,388.91813914848416,380.9810342679028,382.1716,2603584.134,0.020779220779223395,0.02500000000125212
2024-09-24,382.27078197762114,392.68823126587705,375.1273881799599,390.3071,4833452.4504,0.04593822995069017,0.4576271186446102
2024-09-25,391.8945236308978,403.00646961739415,391.0015993998401,396.756,5282532.236699999,0.030632911392407498,0.4049586776867501
2024-09-26,395.36703281096,406.87583476982354,391.39848041135184,405.1892,5426651.756,0.03914680050188447,0.634615384615985
2024-09-27,405.9828746113894,422.15472421101214,405.9828746113894,421.2618,5361445.0054,0.03983382209188888,0.944785276074178
2024-09-30,433.5643436094962,463.42769999999007,433.5643436094962,463.4277,16073831.6541,0.06887871853547123,1.0000000000002998
2024-10-08,509.76049999999003,509.76049999999003,476.8215186843036,509.7605,20939312.202200003,0.06461658232775587,3.020007876170654e-13
2024-10-09,504.89902263356106,504.89902263356106,470.07497921749115,471.6624,14434426.153799998,0.06897229318137338,-0.9544159544156419
2024-10-10,471.1663442943157,498.9462087715548,458.0701224693316,477.3176,17598313.7386,0.08675510633817836,0.15048543689344376
2024-10-11,467.3962294597471,467.3962294597471,446.26368926129106,449.9346,12191421.453000002,0.04521333050308001,-0.8262910798116946
2024-10-14,456.383491596629,476.1270382983093,454.1015741386459,472.2577,17243105.712,0.04826086956521944,0.7207207207211408
2024-10-15,465.7095761894409,475.03567336920395,456.0858376103238,460.8481,11202437.0775,0.04069024286323185,-0.2565445026172584
2024-10-16,452.2164862031047,462.0386520947474,448.24793432769354,452.3157,7231464.3727,0.030495831505048226,0.00719424460504254
2024-10-17,453.407069003276,464.7174422781936,452.41493099670424,452.911,6470196.358999999,0.027133479212255982,-0.040322580644354684
2024-10-18,452.8118017811609,478.01210801525707,450.92673950380726,467.8923,10997400.743999999,0.05981595092024748,0.5567765567769005
2024-10-21,471.06710952861675,504.105304025885,471.06710952861675,490.4138,18349346.2726,0.07013479359730622,0.5855855855858683
2024-10-22,487.73505608289133,488.13191129532663,474.9364754818553,478.7066,10620816.5375,0.027054515866560335,-0.6842105263149747
2024-10-23,478.7065653869743,504.3037247382364,475.0356549373748,483.2704,16546066.092,0.06113989637305888,0.15593220339016575
2024-10-24,476.2262173546656,479.20263121313224,466.0071964405967,471.0671,10153207.239599999,0.02770833333333536,-0.3909774436082414
2024-10-25,471.5632107506262,474.1427696564785,464.32060305342526,467.8923,9718650.27,0.02082895013675782,-0.37373737373633276
2024-10-28,470.07495853301793,481.8814000833406,469.1820343821532,476.127,8550078.3625,0.02701561840439203,0.4765625000007446
2024-10-29,476.12698261878614,476.7222653642982,468.2890931362098,469.7773,6800912.2245000005,0.017712023338197342,-0.7529411764693272
2024-10-30,470.5710727099137,477.1191837786159,466.5033067429927,467.8923,7293630.7224,0.022559561458994216,-0.25233644859717863
2024-10-31,458.367737874532,471.265531364508,450.4306341883929,460.2528,12208736.9595,0.0454545454545475,0.09047619047666378
2024-11-01,456.3834725562988,463.1300108462615,453.30784480646287,453.7047,6932062.5348,0.021521739130436954,-0.27272727272623376
2024-11-04,459.35990463493727,492.00124559063806,459.35990463493727,483.7665,18226264.679199997,0.0710583153347754,0.7477203647419206
2024-11-05,524.6425515287002,532.18279999999,524.6425515287002,532.1828,13790360.703599999,0.014372163388806503,1.0000000000011942
2024-11-06,585.3613999999901,585.3613999999901,580.2022825762613,585.3614,32761284.0,0.008813559322035792,1.9171408730274563e-12
2024-11-07,575.4400216138224,575.4400216138224,526.8252611671375,550.835,70274134.64,0.08448275862069117,-0.5061224489793754
2024-11-08,548.1562661699598,605.89869999999,547.6601971508015,605.8987,96225922.0093,0.1062443438914042,0.9914821124362709
2024-11-11,604.807289779549,613.6373174682597,574.249441148955,594.0922,73560082.4052,0.06512467191601203,-0.2720403022667427
2024-11-12,588.3378449556133,588.9331277666982,535.7545299764439,547.7594,62090964.18970001,0.09038785834738759,-0.7630597014923358
2024-11-13,537.242761170882,546.7672865766815,526.6268838956679,543.9893,32286431.114699997,0.03748845798707459,0.3349753694586069
2024-11-14,544.4852929215318,544.8821480912997,514.6219413964988,517.2015,27541791.8126,0.05557580174927291,-0.9016393442619355
2024-11-15,514.522745213072,522.7574902675813,500.5335999999901,500.5336,22272512.632000003,0.04319321249518107,-0.6294642857138096
2024-11-18,501.2281286582792,515.9117713822351,486.5444859343233,489.5209,23099774.236,0.05859065716548079,-0.398648648648297
2024-11-19,487.13978841157865,496.9619552247653,477.7144768231672,496.5651,20789157.389,0.03951120162932999,0.48969072164997324
2024-11-20,491.9020164960533,505.6927345866043,487.2389679330613,504.0061,19258036.668,0.03751512706736788,0.6559139784951252
2024-11-21,500.2359378772636,500.8312206276134,493.2909724565162,496.3666,13294883.6469,0.015073383577947198,-0.5131578947354549
2024-11-22,492.39811753035445,510.65345777326905,486.2468615789375,490.1162,21272641.832000002,0.049566794277656666,-0.09349593495894143
2024-11-25,481.28615232119444,485.45313199497105,466.1064406524369,474.4404,16948182.684,0.040197897340756565,-0.35384615384562057
2024-11-26,471.9600861916673,480.19483228246156,471.4640171500532,472.0593,8830280.846399998,0.01849905402564838,0.011363636364767178
2024-11-27,472.05927732416177,491.108327607104,467.09858714631224,490.9099,16636086.432,0.050861706599413546,0.7851239669425318
2024-11-28,491.0090655667044,497.5571759581779,483.3696034433186,484.0641,11148808.715799998,0.028894726207316472,-0.48951048950975656
2024-11-29,480.98850612243916,495.77136243684583,475.73017468174424,491.0091,11890719.304100001,0.041666666666668566,0.5000000000004757
2024-12-02,490.1161481927612,497.06111385541175,488.23108608432756,494.0847,11335379.387999998,0.01801619433198587,0.44943820224826503
2024-12-03,493.0925870236768,493.6878698249126,477.11916519051545,481.683,11313479.298999999,0.03360160965794953,-0.6886227544903823
2024-12-04,484.06408949904664,484.06408949904664,472.25764829175284,473.349,7507075.4655,0.024390243902441,-0.9075630252091683
2024-12-05,473.4482206896453,480.9884689655072,471.0670896551626,477.6152,7372539.4246000005,0.02095557418273464,0.4200000000009612
2024-12-06,478.21052733648696,482.8735760470295,471.2655611718492,480.8893,9456892.5152,0.02427385892116387,0.23076923077006256
2024-12-09,478.90505615948626,479.0042699685104,467.0986128856145,472.7538,8737988.384,0.024860161591052473,-0.5166666666657859
2024-12-10,483.0719586206796,489.7192827586105,476.22620689654184,477.6152,12061048.554,0.027931813514070595,-0.40441176470511425
2024-12-11,476.0277963703757,483.17118972983116,473.8450928438755,481.0877,8009480.7351,0.019591496456859096,0.5425531914903782
2024-12-12,486.048402514344,503.2123897841912,486.048402514344,501.1289,23378479.2503,0.035313329250869496,0.8786127167635309
2024-12-13,495.870619510177,496.56511617615763,481.28618952458356,482.0799,12711890.3424,0.030812324929973916,-0.9025974025966891
2024-12-16,482.1790412621262,493.5886276294399,479.6986963996667,490.513,10434377.755199999,0.028806584362141962,0.6000000000006672
2024-12-17,491.8028035866161,495.0768589665552,488.13189300910864,489.6201,7772767.621500001,0.014121444422031289,-0.3142857142842376
2024-12-18,490.11617199999023,502.91475219998995,490.11617199999023,496.069,10675129.5,0.026113360323888574,0.46511627907050607
2024-12-19,491.10830680901506,494.58078978645256,484.6594098509169,492.4973,8385072.146,0.02020202020202216,0.1400000000009882
2024-12-20,490.9098584946997,498.84696210819527,489.42165156716925,496.9619,7929169.360500001,0.019199676637027176,0.6421052631588817
2024-12-23,495.6721281088781,495.6721281088781,479.30185166012615,481.0877,8496187.957400002,0.03302642113691142,-0.8909090909084264
2024-12-24,478.706544874424,483.071951708512,477.41676558253437,481.9806,5614703.941,0.011813471502592734,0.5789473684227092
2024-12-25,481.78223840563663,486.04843203237516,474.04356159434343,477.9129,5818361.331900001,0.02491762767710254,-0.3223140495859223
2024-12-26,486.1475725806353,502.71627556450596,486.1475725806353,492.1004,16319531.376,0.03408163265306324,0.3592814371263269
2024-12-27,516.0109379310242,520.8724137930931,498.2516689655073,500.6328,21789501.4626,0.04383772351471061,-0.6798245614030363
2024-12-30,501.9225758283333,509.9588930139618,492.1004103792317,497.0611,12533401.770000001,0.03558015418066994,-0.2722222222216531
2024-12-31,495.0768682965202,509.066014274438,492.1004542586654,503.2124,16105735.311999999,0.03426853707415028,0.4795321637432457
2025-01-02,497.75565370445986,497.75565370445986,475.0356926324405,479.4011,11254135.8208,0.045644807653978346,-0.8078602620082613
2025-01-03,476.5238304056867,479.50024408717127,458.46692073801336,459.7567,8513043.0854,0.04413907974182997,-0.7971698113202424
2025-01-06,459.7567137486239,463.0307688961648,445.5691414426132,453.9031,6309829.0200000005,0.037980146741478184,-0.33522727272668884
2025-01-07,452.8117517241282,461.34413793102453,451.5219724137834,460.352,4523533.216,0.021691498685365858,0.7676767676776934
2025-01-08,458.3677736351429,458.86384265422856,432.57218464268897,447.0574,9758579.3136,0.05735930735930944,-0.4301886792448879
2025-01-09,443.38643813433464,491.0090584754581,441.6005898715425,471.1663,15608220.117,0.1114343253524299,0.5622489959841265
2025-01-10,464.8166857900219,480.98853633084866,464.8166857900219,467.7931,8237509.546999999,0.03479188900747265,0.18404907975520648
2025-01-13,461.34420626463964,474.83728412528285,457.0780125292892,465.6104,6090566.4832999995,0.03849462365591605,0.2402234636876981
2025-01-14,465.80876532724807,479.99633794530905,465.1142687655248,479.0042,7288836.428,0.03194888178913939,0.8866666666672737
2025-01-15,479.1033893684109,480.49238242104246,471.26549999999,471.2655,4803311.625,0.019258645682337937,-0.8494623655902247
2025-01-16,472.1584935750537,476.1270457379034,466.20566533077897,467.8923,4176641.4551999997,0.021012817818871522,-0.42999999999896826
2025-01-17,466.3048478532625,478.11128974571744,465.31270987910665,476.0278,6410432.1932,0.02744680851064032,0.7596899224813357
2025-01-20,477.61992035211745,478.51545770277767,471.6496713477159,474.7343,5005123.943299999,0.01437500000000218,-0.4202898550709502
2025-01-21,475.2318153191388,476.32636095743663,465.3809045744582,467.6695,5029628.86,0.0230318257956468,-0.690909090908116
2025-01-22,466.67439999999004,467.66944136459557,453.6393581236577,466.6744,7802601.512999999,0.03006396588486349,7.090191932443393e-13
2025-01-23,470.25653720584114,472.14711575152694,465.6793470426019,469.361,6069873.336,0.013753702920019104,-0.13846153845996914
2025-01-24,465.9778586618268,470.05752814829594,464.485296654582,466.9729,4498020.3983,0.011958146487296662,0.17857142857318392
2025-01-27,469.6595652920861,469.6595652920861,461.20171295102097,463.2913,3204902.6592000006,0.0180084745762733,-0.7529411764693189
2025-02-05,465.67938699290687,467.3709574157444,455.7289727409217,463.5898,5414134.4472,0.025000000000002173,-0.17948717948630072
2025-02-06,463.19181897809244,482.39611995827977,458.9131405213668,477.1224,9013927.741,0.050698174006446724,0.5932203389834544
2025-02-07,474.1371802252717,481.1024693366609,472.047593491855,477.0228,8105917.641600001,0.019097586568732457,0.31868131868238236
2025-02-10,477.0228008717211,480.40594130343544,473.63966044000676,479.4109,6519338.905200001,0.01418439716312265,0.3529411764720151
2025-02-11,477.7193346398203,477.7193346398203,468.7639628177866,469.6595,5454820.456,0.018746094563634668,-0.8999999999987811
2025-02-12,467.96792153747424,470.35602064802055,463.39073157559375,469.8585,5710467.1206,0.014884116521371461,0.2714285714299548
2025-02-13,469.85849999999004,477.81883036847785,468.2664339262925,469.8585,8000027.982599999,0.02033036848793099,1.0413720118136772e-12
2025-02-14,467.6694860721125,469.65956899156834,459.11212951845255,460.8037,8252400.7841,0.022553191489363918,-0.6509433962254
2025-02-17,460.90318096915286,462.69425550659776,448.76367577091526,451.7488,11465489.882,0.030224525043179965,-0.657142857142096
2025-02-18,451.7488233975695,452.3458482743064,440.305846593446,443.9875,7835466.097,0.026651982378856864,-0.6446280991726744
2025-02-19,443.88797163845845,447.5696248441574,441.69888054317806,446.9726,5980776.3728,0.013225734140329331,0.5254237288151808
2025-02-20,446.5745805769556,454.63441592159313,442.09689427437917,451.8483,7583028.6148,0.028074866310162535,0.42063492063567975
2025-02-21,450.75375163397706,460.0076366012971,447.7686274509706,456.724,10516754.421,0.027152317880796847,0.4878048780495569
2025-02-24,456.3260072310305,457.5200569664802,449.06220467371145,451.3508,5778930.6792,0.018534670737027796,-0.588235294116401
2025-02-25,448.5646572706834,450.5547400447326,440.30581375837943,444.7835,9231271.011,0.022848269742681768,-0.36893203883394077
2025-02-26,442.1963785762611,444.4849736949052,437.121667661007,440.3058,9221504.8575,0.01665166516651901,-0.25675675675536047
2025-02-27,440.80330329170397,441.698840476721,432.94247688988804,438.3157,8063223.873999999,0.019864559819415317,-0.2840909090897427
2025-02-28,438.31571084059624,441.4003389986118,432.7434793293424,433.241,7891968.0952,0.01975028376844712,-0.5862068965505068
2025-03-03,433.63899999999006,438.51470238640576,431.15139674161475,433.639,5162760.918199999,0.016980266177147728,1.3509690865103817e-12
2025-03-04,435.8281524064073,448.76369117646055,433.83806951870685,446.5746,12895015.848,0.03424657534246805,0.7200000000006221
2025-03-05,444.58446114246,448.6641305486464,438.9127256265423,440.7038,7241186.020699999,0.02193375111907125,-0.3979591836723999
2025-03-06,442.5944497745616,443.19147466184745,437.818250676275,441.4004,6722527.328,0.012140287769786373,-0.22222222222031307
2025-03-07,440.30585613414735,460.9032148278804,437.91775657545367,450.9528,17762471.086799998,0.05220338983051073,0.46320346320387795
2025-03-10,453.63937387645666,460.60466367056756,447.8681337613361,449.4602,8906690.1618,0.028076332529065464,-0.3281249999991965
2025-03-11,446.5746071258811,463.78882437917366,444.684028352398,460.8037,14253835.4794,0.04278074866310374,0.7447916666671494
2025-03-12,460.803655731563,467.47043287127684,451.64927518150824,452.2463,11355876.5715,0.034333837184195505,-0.5408805031439913
2025-03-13,452.54486592723043,454.3359405944886,445.4800714063788,448.5647,7530761.411599999,0.019569041336853478,-0.4494382022460171
2025-03-14,448.56466274074717,452.14681177771854,443.6889598848695,449.4602,8626011.9124,0.018855368234252348,0.10588235294234412
2025-03-17,449.4601710654189,458.4155430813338,447.47008839521556,450.1567,8094790.4856,0.024352446313927346,0.06363636363726811
2025-03-18,450.35571083797873,451.25124804468265,444.783479329599,445.281,6932402.8425,0.014361467079100722,-0.7846153846137198
2025-03-19,445.38053604886977,445.679048472495,438.6142544466975,439.7088,6994192.1355,0.015862377122432967,-0.8028169014069302
2025-03-20,438.8132551181003,448.76366906635656,438.61424683913515,442.2959,7397468.123500001,0.02312925170068259,0.343137254902914
2025-03-21,438.0172206959191,442.693915237652,434.63407996360166,437.5197,7983528.2513999995,0.018400726942301247,-0.061728395060487475
2025-03-24,438.116774709226,440.3058660205144,431.3504924743345,436.3257,5537521.3895000005,0.02044060867590487,-0.19999999999886306
2025-03-25,436.1266248115047,439.6092695453406,433.8380297006983,435.5296,5253701.2821,0.013232945471140735,-0.1034482758603138
2025-03-26,435.62913785566957,438.0172372865824,433.4400467106662,437.1217,3459656.6305000004,0.010507080858842041,0.3260869565238339
2025-03-27,437.1217369954027,437.71876190365964,431.25099206421027,433.8381,4375246.92,0.014796266788074146,-0.5076923076906786
2025-03-28,433.8380746199808,434.5346036388661,428.16633832334344,432.047,5684191.224400001,0.014678899082571067,-0.28124999999838596
2025-03-31,426.97226076157926,429.16135182118194,420.5044917218443,420.7035,7167369.4428,0.020274994173854727,-0.7241379310332362
2025-04-01,434.63406500336174,449.062164688684,434.63406500336174,442.6939,22085307.149100002,0.03319597069597299,0.5586206896558235
2025-04-02,442.69395972026945,442.69395972026945,425.18122946385955,426.8728,15696812.703,0.039559451562151064,-0.9034090909084723
2025-04-03,424.6836922216948,429.45989119700903,423.1911300419091,427.2708,5853584.235199999,0.01476101218369475,0.4126984126999426
2025-04-07,414.73328244421884,424.1861763578947,388.6631960717655,410.3551,14290585.0132,0.08565259117082764,-0.12324929971960431
2025-04-08,410.1560768571331,417.91739999999004,409.2605395714188,417.9174,9276606.36,0.02110625909752789,0.8965517241389745
2025-04-09,417.02182444092114,445.8780232211329,414.53422109779945,440.5048,20264125.8942,0.07516105941303028,0.7492063492066442
2025-04-10,440.40535896859996,448.76370739909305,433.5395727578378,443.7885,15393770.726,0.03456845910528913,0.22222222222286353
2025-04-11,443.7885045728208,446.07709999999,438.1167680794013,446.0771,9463105.5244,0.017937219730943917,0.28750000000121173
2025-04-14,446.0770413592567,447.27109099037676,439.41026425216984,445.082,7227736.4124,0.017622128039261806,-0.12658227847972853
2025-04-15,442.7934068181717,442.89291095453535,435.8281172727173,437.8182,6138548.68,0.01595505617977759,-0.7042253521111602
2025-04-16,444.78349100718435,445.2810116906375,433.63902769783203,442.5944,6373379.072,0.02617449664429745,-0.18803418803332603
2025-04-17,438.8132585972751,443.7884656108496,437.42020063347417,439.8083,5779996.43,0.014512471655331037,0.15625000000154338
2025-04-18,437.12165454131616,439.60925785648413,430.9523983196996,438.2162,6068907.0972,0.019804234008652284,0.1264367816103302
2025-04-21,436.12664680994476,441.79838280541975,435.2311095475014,439.8083,5214938.768,0.01505817932922875,0.5606060606075081
2025-04-22,437.81824977209567,440.0073410209562,435.1316377848578,436.6242,4317605.0712,0.01113636363636601,-0.24489795918156562
2025-04-23,436.624143182336,437.5196803948795,427.9672834610818,428.3653,7639338.3045,0.021877848678215562,-0.8645833333322063
2025-04-24,427.768328561377,428.56436173850915,424.5841958528485,424.6837,3863430.7315999996,0.009304489416145643,-0.7749999999972988
2025-04-25,424.9821462885055,427.1712371848639,421.0019810223991,426.2757,4817845.947600001,0.01451650667291259,0.20967741935641554
2025-04-28,425.8777325800276,426.17624500940616,421.89756685498065,422.6936,3254611.9968,0.01004672897196493,-0.7441860465091219
2025-04-29,412.9422146707192,427.8678368877331,410.75312341222383,424.5842,8177092.758800001,0.04144578313253235,0.680232558140078
2025-04-30,422.1961045710168,425.67874978901955,421.8975921237594,424.4847,4794288.2154,0.00895592740985394,0.6052631578972029
2025-05-06,427.6688006015634,432.8430159648211,426.8727674687546,430.0569,6126184.324,0.013959981386693836,0.4000000000016011
2025-05-07,441.7983351445241,472.3461029124,441.3008144968389,457.8185,35303731.1161,0.07027027027027229,0.5160256410259473
2025-05-08,459.21156319357874,494.1375130702734,449.0621418618897,484.1871,43441741.0146,0.09815817984832254,0.5540838852099215
2025-05-09,482.49555541358853,482.59505954957814,458.017537960146,459.5101,26041198.937400002,0.05093833780161057,-0.9352226720643338
2025-05-12,463.49025715996675,504.4859604553524,460.2066207309674,498.2172,52406479.998900004,0.0955345641906418,0.7842696629215552
2025-05-13,492.5454998954091,492.5454998954091,473.0426881823787,475.7293,30774215.0597,0.03959595959596163,-0.8622448979586269
2025-05-14,475.8287820177189,479.5104350780818,466.57489729842825,471.4506,16990741.8564,0.027185278126308936,-0.3384615384607376
2025-05-15,468.5649702898451,475.13224317987056,464.58480490195086,466.8734,12358477.9164,0.022510087067320106,-0.16037735848960954
2025-05-16,466.9728884533799,478.11735116524403,465.97784713982054,469.6595,11843950.280000001,0.025996164500321755,0.22131147541064014
2025-05-19,475.2317289159053,487.17222461731,472.3461091213992,474.5352,20645714.919299997,0.03119765494137564,-0.04697986577113845
2025-05-20,470.55503886324516,479.6099148489833,461.69917114092993,474.4357,14464550.48,0.038063015436669505,0.21666666666720977
2025-05-21,471.83447334860443,483.1400915607317,469.13313094393686,480.1386,13792902.839800002,0.029686174724344684,0.5928571428578174
2025-05-22,480.23865364636447,498.84790147516105,477.6373609391133,481.5393,22324283.733900003,0.04416666666666861,0.061320754717449126
2025-05-23,478.2376559050098,488.7428763799107,478.2376559050098,480.3387,13924192.4292,0.021966527196654904,0.2000000000009387
2025-05-26,482.3396036002383,489.6432316987277,475.736323401604,483.5402,9942059.0268,0.02883219249118644,0.08633093525251315
2025-05-27,480.53878923398776,486.1415733683004,471.3342152990457,476.7369,9915117.783,0.03081407453674992,-0.25675675675605997
2025-05-28,475.3361925714184,482.03952342856115,471.93450228570424,472.7349,7725839.9399999995,0.021258682382658312,-0.2574257425732324
2025-05-29,471.5342632408476,478.537742643958,469.53326912567314,476.0365,8392354.0506,0.01909611712285384,0.5000000000010492
2025-05-30,473.7354191130445,486.84193229230715,469.7334303560177,480.5388,11974461.1236,0.03611404435058274,0.39766081871401104
2025-06-03,485.2411249493624,500.2485824220231,482.7398820372523,494.0455,18421375.4106,0.0360824742268061,0.5028571428576845
2025-06-04,494.2455988654681,494.5457480145767,488.2426158832964,493.8454,8367027.9144,0.012753036437248996,-0.06349206349046463
2025-06-05,494.0455062096674,499.54824068547373,487.24212540321594,496.2466,10035836.336000001,0.02490886998785126,0.17886178861869031
2025-06-06,505.2509849999899,515.2559549999896,499.94835089999,500.2485,16354410.0,0.030297029702972128,-0.32679738562024246
2025-06-09,530.2634967977946,550.273440073183,525.961358993586,546.7717,49979402.78349999,0.04584905660377532,0.6790123456793944
2025-06-10,535.7661806579592,538.3674730383714,523.9603152391657,529.1629,28333954.7142,0.026890756302522998,-0.4583333333326015
2025-06-11,528.9628150964501,537.9672889679614,524.7607272897448,534.1654,15594598.0743,0.024966899943258885,0.39393939394012245
2025-06-12,530.2635078828729,544.7707170608005,529.8633090089991,533.0649,14668372.944,0.02811320754717149,0.18791946308790855
2025-06-13,544.5705636976222,553.7751368852358,532.0643501274949,549.2729,34692988.293,0.03986772000735063,0.21658986175160158
