Date,adjopen,adjhigh,adjlow,adjclose,amount,amp,body
1999-01-04,47.0625,48.0,44.875,46.75,20027700.0,0.06640106241701851,-0.099999999999968
1999-01-05,46.625,46.875,44.0,44.25,16992000.0,0.061662198391441034,-0.8260869565214518
1999-01-06,44.375,44.875,41.5,42.0,22806000.0,0.07605633802818984,-0.7037037037034952
1999-01-07,42.0,44.75,40.625,42.75,23794650.0,0.09821428571430718,0.18181818181813775
1999-01-08,42.5,45.125,42.375,43.625,16381187.5,0.06470588235296318,0.4090909090907603
1999-01-11,43.125,43.5,42.5,43.125,6822375.0,0.0231884057971241,0.0
1999-01-12,44.125,47.0,44.125,45.0,32121000.0,0.06515580736546028,0.3043478260868506
1999-01-13,44.8125,47.1875,43.75,46.3125,16366837.5,0.07670850767087137,0.4363636363635094
1999-01-14,46.0,50.25,46.0,48.25,33292500.0,0.09239130434784582,0.5294117647057578
1999-01-15,48.375,51.4375,48.375,51.0,39509700.0,0.06330749354007104,0.8571428571425772
1999-01-19,51.625,52.0,47.375,48.5,41836100.0,0.08958837772398857,-0.6756756756755296
1999-01-20,49.125,49.125,47.25,47.75,18264375.0,0.03816793893131729,-0.7333333333329421
1999-01-21,49.375,49.375,45.375,47.3125,54362062.5,0.08101265822786671,-0.5156249999998711
1999-01-22,46.9375,49.625,46.9375,48.125,34568187.5,0.057256990679114626,0.44186046511611465
1999-01-25,47.75,48.125,46.0,46.625,19246800.0,0.04450261780106713,-0.5294117647056332
1999-01-26,46.0,47.75,46.0,47.625,21664612.5,0.038043478260890475,0.9285714285708979
1999-01-27,47.75,48.625,45.25,45.625,18145062.5,0.07068062827227077,-0.629629629629443
1999-01-28,46.0,47.0,45.875,47.0,15044700.0,0.024456521739151645,0.8888888888880987
1999-01-29,47.375,50.5,47.375,50.5,20821150.0,0.06596306068603555,0.9999999999996799
1999-02-01,50.5625,51.0,49.625,51.0,17635800.0,0.02719406674909217,0.31818181818158675
1999-02-02,50.125,50.75,48.875,49.875,10094700.0,0.03740648379054289,-0.13333333333326222
1999-02-03,49.0,49.5,44.875,47.0,25196700.0,0.0943877551020593,-0.4324324324323389
1999-02-04,47.0,48.0,44.3125,45.125,19182637.5,0.07845744680853024,-0.5084745762710485
1999-02-05,45.0,45.25,41.875,42.6875,12225700.0,0.07500000000002055,-0.6851851851849822
1999-02-08,42.75,45.125,42.0,44.125,24370237.5,0.07309941520470005,0.43999999999985917
1999-02-09,44.125,44.875,42.625,43.25,30638300.0,0.050991501416452104,-0.38888888888871603
1999-02-10,43.0,43.0,40.5,41.9375,49884656.25,0.058139534883742836,-0.42499999999982996
1999-02-11,41.875,43.0,41.375,43.0,16615200.0,0.03880597014927668,0.6923076923072662
1999-02-12,43.0,43.0,39.625,41.125,9923462.5,0.07848837209304468,-0.5555555555553909
1999-02-16,41.5,42.875,40.875,41.75,10921800.0,0.048192771084360285,0.1249999999999375
1999-02-17,41.375,42.25,40.25,41.25,21144750.0,0.048338368580083425,-0.06249999999996875
1999-02-18,42.0,43.25,41.375,42.9688,15507439.92,0.04464285714287989,0.5166933333330587
1999-02-19,43.125,46.375,42.25,45.25,29842375.0,0.09565217391306445,0.5151515151513902
1999-02-22,45.25,47.0,44.5,45.875,20735500.0,0.055248618784551264,0.2499999999999
1999-02-23,46.375,46.375,44.125,45.9375,9352875.0,0.04851752021565394,-0.19444444444435802
1999-02-24,46.125,46.125,45.0,45.25,6167575.0,0.02439024390246018,-0.7777777777770863
1999-02-25,45.375,45.375,43.75,45.125,10157637.5,0.03581267217632979,-0.15384615384605915
1999-02-26,44.625,45.125,43.1875,43.3125,13491843.75,0.04341736694680015,-0.67741935483836
1999-03-01,43.125,44.5,42.0,44.375,7503812.5,0.05797101449277547,0.4999999999998
1999-03-02,44.0,46.125,43.5,46.0,14724600.0,0.05965909090911228,0.7619047619044717
1999-03-03,46.9375,49.375,46.75,48.25,57875875.0,0.05592543275634501,0.4999999999998095
1999-03-04,48.25,50.5,48.125,50.125,32455937.5,0.04922279792748085,0.7894736842101939
1999-03-05,50.6875,51.5,50.25,51.5,20512450.0,0.02466091245378003,0.64999999999948
1999-03-08,50.6875,54.25,50.0,52.5,50205750.0,0.08384710234280475,0.42647058823519374
1999-03-09,52.75,54.8125,52.625,54.5,29795150.0,0.04146919431281438,0.7999999999996342
1999-03-10,54.5,55.0,52.625,54.875,46709600.0,0.0435779816513937,0.15789473684203878
1999-03-11,54.875,55.125,54.0625,55.0,22247500.0,0.01936218678817277,0.11764705882341868
1999-03-12,55.125,55.125,51.625,52.1875,26485156.25,0.06349206349208047,-0.8392857142854745
1999-03-15,52.125,52.5625,49.125,49.5,15295500.0,0.06594724220625293,-0.7636363636361415
1999-03-16,50.625,51.125,49.0,49.875,29795325.0,0.04197530864199423,-0.3529411764704221
1999-03-17,49.875,50.875,49.25,50.0,24040000.0,0.03258145363410461,0.07692307692302958
1999-03-18,49.5,50.0,47.9375,49.0,32001900.0,0.041666666666686024,-0.24242424242412489
1999-03-19,48.9375,48.9375,46.0,47.0,26385800.0,0.06002554278418268,-0.6595744680848818
1999-03-22,46.375,48.125,46.375,47.875,6343437.5,0.037735849056624526,0.8571428571423673
1999-03-23,47.125,48.375,46.5,48.125,7141750.0,0.03978779840850844,0.5333333333330489
1999-03-24,48.25,49.0,47.875,49.0,12210800.0,0.023316062176186047,0.666666666666074
1999-03-25,49.0,52.0,48.0,51.75,20405025.0,0.08163265306124323,0.6874999999998281
1999-03-26,51.4375,52.875,50.25,52.0,10342800.0,0.05103280680439269,0.21428571428563264
1999-03-29,52.0,53.0,50.0,51.375,14744625.0,0.05769230769232581,-0.20833333333326387
1999-03-30,50.25,51.25,50.0,50.5625,9682718.75,0.02487562189056667,0.2499999999998
1999-03-31,50.25,51.5,46.5,51.375,22569037.5,0.09950248756220698,0.22499999999995499
1999-04-01,51.625,52.75,50.75,52.625,14750787.5,0.03874092009687092,0.49999999999975
1999-04-05,52.5,55.375,52.375,55.125,40048312.5,0.0571428571428751,0.8749999999997083
1999-04-06,54.25,56.125,53.3125,55.375,14762975.0,0.05184331797236771,0.39999999999985775
1999-04-07,55.625,56.125,52.5,52.8125,22836125.0,0.0651685393258595,-0.7758620689653032
1999-04-08,53.125,54.875,52.125,53.875,16959850.0,0.05176470588237079,0.27272727272717356
1999-04-09,53.75,57.875,53.0,57.5,31452500.0,0.09069767441862156,0.7692307692306114
1999-04-12,56.25,59.125,55.6875,57.5,57287250.0,0.061111111111127804,0.36363636363625784
1999-04-13,57.375,57.875,56.5,56.625,15753075.0,0.02396514161221745,-0.5454545454541487
1999-04-14,56.125,56.75,52.0,52.5,14133000.0,0.0846325167038025,-0.7631578947366814
1999-04-15,53.125,53.625,49.5,49.875,15376462.5,0.07764705882354678,-0.7878787878785969
1999-04-16,49.5625,50.125,48.25,49.125,25196212.5,0.03783102143759823,-0.23333333333320888
1999-04-19,49.125,49.5,42.5,42.75,20973150.0,0.14249363867686224,-0.9107142857141556
1999-04-20,44.0,55.125,43.75,54.5,65160200.0,0.2585227272727441,0.923076923076842
1999-04-21,54.125,59.0,53.125,57.0625,36223275.0,0.1085450346420488,0.4999999999999149
1999-04-22,57.0,57.0,51.0,52.9375,14494287.5,0.10526315789475253,-0.6770833333332205
1999-04-23,53.75,53.75,50.125,52.75,12090300.0,0.06744186046513363,-0.27586206896544113
1999-04-26,52.75,53.0,51.75,52.5,12117000.0,0.023696682464473484,-0.19999999999983997
1999-04-27,52.5,56.875,52.0,55.25,9922900.0,0.09285714285716014,0.5641025641024484
1999-04-28,54.625,56.375,51.5,52.375,11622012.5,0.08924485125859791,-0.46153846153836686
1999-04-29,52.0,52.75,51.5,52.125,14094600.0,0.02403846153848031,0.09999999999991999
1999-04-30,52.3125,53.0,49.0,50.75,13555325.0,0.07646356033454572,-0.39062499999990236
1999-05-03,50.5,56.0,50.5,55.0,26163500.0,0.10891089108912655,0.8181818181816695
1999-05-04,55.5,57.0,55.0,56.1875,29166931.25,0.036036036036053404,0.34374999999982814
1999-05-05,55.75,56.75,53.75,56.625,20322712.5,0.05381165919284209,0.29166666666656943
1999-05-06,56.625,58.375,56.0,56.625,13023750.0,0.04194260485652906,0.0
1999-05-07,56.75,59.0,55.5,59.0,15363600.0,0.06167400881058922,0.6428571428569592
1999-05-10,59.0,60.0,56.625,57.125,15515150.0,0.057203389830524455,-0.5555555555553909
1999-05-11,57.25,57.4375,55.5,57.0,12745200.0,0.033842794759842205,-0.1290322580644495
1999-05-12,57.125,59.0,56.625,57.5,7423250.0,0.04157549234137345,0.15789473684203878
1999-05-13,57.75,60.625,57.5,60.1875,29004356.25,0.054112554112570495,0.7799999999997503
1999-05-14,58.125,59.625,56.25,59.5,26703600.0,0.05806451612904846,0.4074074074072867
1999-05-17,59.0,59.25,55.125,56.75,14289650.0,0.0699152542373039,-0.5454545454544132
1999-05-18,56.75,56.75,54.25,54.25,18059825.0,0.04405286343614019,-0.9999999999996
1999-05-19,54.375,55.75,53.0,54.3125,9982637.5,0.05057471264369562,-0.022727272727264464
1999-05-20,54.5,56.9375,53.75,55.0,16087500.0,0.058486238532127366,0.15686274509799
1999-05-21,55.5,56.375,54.875,55.0,9526000.0,0.02702702702704456,-0.3333333333331111
1999-05-24,54.75,55.0,52.0,52.125,12197250.0,0.054794520547962466,-0.8749999999997083
1999-05-25,52.0,52.6875,51.25,51.5,8090650.0,0.02764423076924947,-0.34782608695627976
1999-05-26,51.875,52.125,50.125,50.9375,13187718.75,0.03855421686748842,-0.46874999999976563
1999-05-27,50.0,51.25,49.75,50.5,16801350.0,0.0300000000000194,0.3333333333331111
1999-05-28,50.0,51.25,50.0,50.4375,33147525.0,0.0250000000000195,0.34999999999972
1999-06-01,50.4375,60.125,50.375,58.0,60291000.0,0.1933085501858896,0.7756410256409461
1999-06-02,57.875,57.9375,53.75,54.1875,31612987.5,0.07235421166308298,-0.8805970149251628
1999-06-03,54.6875,57.25,54.6875,55.125,11587275.0,0.046857142857160285,0.17073170731700654
1999-06-04,55.5,55.5,54.5,55.25,15983825.0,0.018018018018035712,-0.24999999999974998
1999-06-07,55.5,59.3125,55.25,59.1875,23698675.0,0.0731981981982149,0.9076923076920842
1999-06-08,59.5,60.75,58.125,59.0,25370000.0,0.044117647058839596,-0.1904761904761179
1999-06-09,59.5,59.75,58.375,58.5625,12444531.25,0.02310924369749541,-0.6818181818176859
1999-06-10,58.375,58.375,55.5,56.25,12690000.0,0.04925053533192207,-0.7391304347823516
1999-06-11,56.75,59.5,56.75,58.125,18547687.5,0.04845814977975245,0.49999999999981815
1999-06-14,58.4375,58.75,57.875,57.875,7251737.5,0.014973262032102417,-0.6428571428564082
1999-06-15,58.4375,60.125,58.0,58.5,10436400.0,0.036363636363652856,0.02941176470586851
1999-06-16,59.0,64.25,57.875,63.5625,46311637.5,0.10805084745764224,0.7156862745096917
1999-06-17,62.875,65.375,62.5,65.125,24558637.5,0.045725646123275614,0.7826086956519017
1999-06-18,65.5,68.25,63.875,67.125,19929412.5,0.06679389312978525,0.3714285714284865
1999-06-21,67.125,69.125,66.25,68.9375,24610687.5,0.04283054003725821,0.6304347826084763
1999-06-22,68.875,70.75,68.0,68.5,22981750.0,0.039927404718707225,-0.13636363636358678
1999-06-23,68.5,68.5,66.5,66.5625,16733812.5,0.029197080291984978,-0.9687499999995156
1999-06-24,66.0,67.0,66.0,66.625,16009987.5,0.015151515151530076,0.6249999999993749
1999-06-25,67.0,69.0625,62.125,67.0625,26389093.75,0.10354477611941637,0.00900900900900771
1999-06-28,67.375,70.0,67.0625,69.9375,17218612.5,0.04359925788498637,0.872340425531618
1999-06-29,71.25,75.875,70.75,75.5,47066700.0,0.07192982456141654,0.829268292682765
1999-06-30,75.5,79.25,73.375,77.0625,61426518.75,0.07781456953643606,0.2659574468084654
1999-07-01,76.625,77.0,75.375,76.5,19431000.0,0.02120717781404214,-0.07692307692302958
1999-07-02,76.1875,79.5,76.125,78.125,14929687.5,0.04429860541428654,0.574074074073904
1999-07-06,79.0,86.375,78.625,82.6875,79900931.25,0.09810126582279624,0.47580645161284185
1999-07-07,83.0,85.75,82.5,83.1875,53323187.5,0.03915662650603568,0.05769230769228994
1999-07-08,82.875,83.25,81.125,82.5,30747750.0,0.0256410256410374,-0.17647058823521106
1999-07-09,83.125,86.0,82.0,84.125,27651887.5,0.04812030075189115,0.2499999999999375
1999-07-12,86.375,86.8125,82.5,82.5,62799000.0,0.049927641099866284,-0.8985507246374728
1999-07-13,82.4375,84.0,79.25,83.5,32381300.0,0.05761940864292273,0.2236842105262687
1999-07-14,84.8125,91.0,84.0,87.3125,48109187.5,0.0825350036846092,0.35714285714280614
1999-07-15,87.5,93.25,87.0,92.9375,30102456.25,0.07142857142858204,0.8699999999998608
1999-07-16,92.5,96.1875,91.375,96.1875,41658806.25,0.05202702702703728,0.766233766233607
1999-07-19,96.1875,96.375,84.0625,85.9375,56486718.75,0.12800519818064585,-0.8324873096446024
1999-07-20,83.0,84.4375,80.75,82.375,47151450.0,0.04442771084338501,-0.16949152542368284
1999-07-21,77.5,83.5,74.0,83.375,86910100.0,0.12258064516130165,0.6184210526315138
1999-07-22,81.1875,84.875,79.75,83.5,35437400.0,0.0631254811393495,0.4512195121950339
1999-07-23,86.0,90.5,85.25,88.25,53806025.0,0.0610465116279179,0.42857142857134695
1999-07-26,88.375,93.5,86.5,90.5,54996850.0,0.07920792079208963,0.3035714285713852
1999-07-27,91.0,98.0,90.875,98.0,43051400.0,0.07829670329671343,0.9824561403507392
1999-07-28,97.375,101.375,94.5,99.9375,66968118.75,0.07060333761233305,0.3727272727272185
1999-07-29,98.25,101.625,97.5,99.4375,37239343.75,0.04198473282443724,0.28787878787871807
1999-07-30,99.625,103.1875,98.75,99.125,31630787.5,0.044542032622343346,-0.11267605633800278
1999-08-02,100.125,102.375,97.625,100.0,39280000.0,0.0474406991261019,-0.02631578947367867
1999-08-03,101.0,103.0,98.375,99.8125,35553212.5,0.04579207920793024,-0.25675675675670123
1999-08-04,100.125,100.75,97.0,99.5,33770300.0,0.03745318352060887,-0.16666666666662222
1999-08-05,99.25,105.25,97.0,101.5,28125650.0,0.08312342569270446,0.2727272727272397
1999-08-06,100.5,104.0,99.75,103.25,17294375.0,0.042288557213939884,0.6470588235292595
1999-08-09,106.0,113.25,104.9375,111.875,125937687.5,0.07841981132076342,0.706766917293148
1999-08-10,113.0,118.9375,110.375,116.625,164254650.0,0.07577433628319402,0.4233576642335272
1999-08-11,118.75,120.625,116.0,120.375,97467637.5,0.038947368421060724,0.3513513513512754
1999-08-12,119.9375,122.625,115.625,117.4375,73739006.25,0.05836373110996095,-0.35714285714280614
1999-08-13,119.0,125.0,117.75,124.75,77058075.0,0.060924369747907055,0.7931034482757526
1999-08-16,125.25,126.3125,121.875,123.5,45954350.0,0.03542914171657457,-0.3943661971830097
1999-08-17,123.625,123.6875,116.625,117.0,43875000.0,0.057128412537924715,-0.9380530973449999
1999-08-18,117.4375,120.75,114.75,119.9375,46631700.0,0.051091005854185835,0.41666666666659724
1999-08-19,119.9375,125.0,119.0,123.25,39094900.0,0.05002605523711058,0.5520833333332413
1999-08-20,123.75,126.125,122.25,126.0,44364600.0,0.03131313131313914,0.5806451612901727
1999-08-23,126.0,137.375,124.5,137.125,85428875.0,0.10218253968254681,0.8640776699028455
1999-08-24,136.4688,141.25,134.375,135.5625,153551643.75,0.050377815295517735,-0.13182545454543354
1999-08-25,131.0,133.125,129.0,132.0,113242800.0,0.031488549618328004,0.24242424242418364
1999-08-26,129.9375,131.75,128.5,129.75,36991725.0,0.025012025012032518,-0.05769230769228994
1999-08-27,130.3438,134.875,128.0,130.25,34867925.0,0.05274512481607064,-0.013643636363632554
1999-08-30,132.0,133.25,123.5,127.75,61728800.0,0.07386363636364339,-0.43589743589739116
1999-08-31,127.75,129.6875,120.0,127.0625,43887387.5,0.07583170254403855,-0.07096774193547654
1999-09-01,126.9375,129.5,126.75,129.5,22817900.0,0.021664204825216964,0.9318181818178429
1999-09-02,126.5,129.0,124.0,126.5,33421300.0,0.039525691699612335,0.0
1999-09-03,129.0,133.5,128.625,132.5,28090000.0,0.03779069767442607,0.7179487179485706
1999-09-07,134.0,135.875,132.25,135.125,34348775.0,0.027052238805977413,0.31034482758612125
1999-09-08,134.625,145.5,133.5,136.6875,54428962.5,0.08913649025070315,0.17187499999998568
1999-09-09,136.5,139.4375,106.0,123.7813,636532957.12,0.2449633699633755,-0.3803723364485867
1999-09-10,118.0625,118.0625,104.875,105.4375,423046881.25,0.11169931180519546,-0.9573459715639084
1999-09-13,109.5,121.5,108.75,119.625,318884362.5,0.11643835616439163,0.7941176470587612
1999-09-14,117.25,118.0,108.5625,110.0625,145095393.75,0.08049040511727863,-0.7615894039734292
1999-09-15,111.75,115.3125,106.375,109.25,129625125.0,0.079977628635355,-0.27972027972024843
1999-09-16,110.75,111.5,101.0,105.3125,147153156.25,0.0948081264108434,-0.5178571428570935
1999-09-17,106.25,109.5,104.375,107.5625,76315593.75,0.04823529411765602,0.2560975609755598
1999-09-20,107.0,108.3125,103.75,106.8125,56589262.5,0.0426401869158968,-0.041095890410949895
1999-09-21,103.8125,112.3125,102.25,104.125,62901912.5,0.09692956050572815,0.031055900621114924
1999-09-22,105.0,108.25,102.4375,108.25,37259650.0,0.055357142857151855,0.5591397849461404
1999-09-23,109.375,109.625,95.125,97.5625,198393343.75,0.1325714285714365,-0.8146551724137369
1999-09-24,98.0,98.9375,88.875,93.6875,78266537.5,0.1026785714285806,-0.42857142857138597
1999-09-27,93.5,97.75,92.5,94.875,99571312.5,0.056149732620330954,0.261904761904712
1999-09-28,94.5,101.0,91.75,94.4375,60100025.0,0.09788359788360744,-0.006756756756756026
1999-09-29,94.5,100.0,94.25,98.1875,58568843.75,0.06084656084657079,0.6413043478259755
1999-09-30,100.625,100.875,93.75,94.0313,83857113.34,0.07080745341615831,-0.9254315789472383
1999-10-01,94.0938,97.0,93.75,94.25,20480525.0,0.0345400015729088,0.04806153846152316
1999-10-04,90.5,96.0625,90.0,94.5625,33229262.5,0.06698895027625341,0.6701030927833946
1999-10-05,91.25,100.5,91.25,97.9375,78438143.75,0.10136986301370848,0.7229729729728948
1999-10-06,98.0625,108.0,96.25,107.0,53382300.0,0.11982154238369286,0.7606382978722757
1999-10-07,107.375,110.0,104.0,105.625,62762375.0,0.05587892898720321,-0.29166666666661806
1999-10-08,102.5,105.375,99.25,104.5,104855300.0,0.05975609756098479,0.32653061224484464
1999-10-11,106.0,113.0,105.0,109.0,97337000.0,0.07547169811321627,0.37499999999995315
1999-10-12,107.5,110.5625,107.4375,108.25,34553400.0,0.0290697674418695,0.2399999999999232
1999-10-13,106.5,107.875,102.9375,102.9375,43583737.5,0.046361502347426795,-0.721518987341626
1999-10-14,104.0,104.0,99.0,99.7813,53712273.79,0.04807692307693223,-0.843739999999831
1999-10-15,97.75,98.0,92.5,93.0625,67246962.5,0.056265984654741114,-0.8522727272725723
1999-10-18,92.0,92.75,85.5,88.9375,92370487.5,0.07880434782609698,-0.42241379310339
1999-10-19,91.0,101.625,90.75,97.9375,99876662.5,0.11950549450550418,0.6379310344826999
1999-10-20,98.125,104.3125,96.3125,104.25,84181875.0,0.08152866242039153,0.7656249999999043
1999-10-21,102.875,120.25,98.0,115.5,172684050.0,0.21628189550426036,0.5674157303370532
1999-10-22,114.5,125.375,108.0,110.125,110543475.0,0.1517467248908371,-0.2517985611510647
1999-10-25,109.0,119.0,108.4375,113.3125,40611200.0,0.09690366972477893,0.4082840236686004
1999-10-26,115.7813,117.25,110.5,110.75,33612625.0,0.05829956996510613,-0.7453777777776676
1999-10-27,111.625,114.4375,106.75,109.75,30400750.0,0.06886898096305426,-0.2439024390243585
1999-10-28,109.8125,116.625,109.75,113.3125,82060912.5,0.06260671599317871,0.509090909090835
1999-10-29,109.25,118.5,106.5,116.1875,78809981.25,0.1098398169336466,0.5781249999999518
1999-11-01,115.8125,121.5,114.0,121.5,47154150.0,0.06475984889369399,0.7583333333332322
1999-11-02,123.4375,123.4375,116.0,116.0625,65447643.75,0.06025316455696964,-0.9915966386553289
1999-11-03,118.5,120.6875,117.375,119.375,100537625.0,0.0279535864978985,0.26415094339614664
1999-11-04,121.0,127.625,120.75,125.625,96743812.5,0.056818181818189616,0.6727272727271749
1999-11-05,127.0,134.125,126.0,126.625,94436925.0,0.06397637795276329,-0.04615384615384047
1999-11-08,125.0625,131.875,125.0625,130.0,56069000.0,0.054472763618198465,0.7247706422017285
1999-11-09,131.0,132.25,127.25,129.75,27545925.0,0.03816793893130505,-0.24999999999994998
1999-11-10,128.375,131.0625,123.75,124.0,42172400.0,0.05696202531646304,-0.5982905982905165
1999-11-11,126.9375,127.0,115.5,121.4375,53019612.5,0.09059576563270043,-0.4782608695651758
1999-11-12,121.1563,121.5,116.5,118.625,37556675.0,0.04126900540872376,-0.5062599999998991
1999-11-15,118.5,118.75,113.25,115.375,46323062.5,0.04641350210971269,-0.5681818181817149
1999-11-16,116.0,123.875,115.0,123.0625,46960650.0,0.07650862068966313,0.7957746478872343
1999-11-17,122.5,129.5,121.0,127.875,110663025.0,0.06938775510204842,0.6323529411763962
1999-11-18,128.0938,134.0,118.6875,125.0,192212500.0,0.11954130488751902,-0.20204408163263904
1999-11-19,126.0,128.25,124.5,125.0,52100000.0,0.029761904761912462,-0.26666666666659555
1999-11-22,126.75,134.5,124.875,134.5,87290500.0,0.07593688362919862,0.8051948051947215
1999-11-23,136.375,139.75,126.5,132.3125,72877725.0,0.09715857011916336,-0.3066037735848825
1999-11-24,133.0,137.0,131.0,135.375,24651787.5,0.0451127819548944,0.39583333333326737
1999-11-26,136.25,140.0,135.0,139.0,16304700.0,0.03669724770642909,0.54999999999989
1999-11-29,139.6875,140.0,131.625,133.8125,30843781.25,0.059955257270700245,-0.701492537313349
1999-11-30,131.125,132.0,126.5,126.75,51878775.0,0.04194470924690912,-0.7954545454544009
1999-12-01,127.0,127.625,123.0,123.875,100673212.5,0.03641732283465326,-0.6756756756755296
1999-12-02,125.25,128.5,122.0,125.1875,47108056.25,0.051896207584837914,-0.009615384615383136
1999-12-03,120.25,128.25,115.0,126.8125,210876506.25,0.11018711018711759,0.49528301886788717
1999-12-06,125.75,126.0,112.5,113.5,156403000.0,0.1073558648111403,-0.9074074074073402
1999-12-07,116.5,119.0,110.0,113.5,128096100.0,0.0772532188841281,-0.3333333333332963
1999-12-08,113.25,119.25,110.0,118.75,135006875.0,0.0816777041942686,0.5945945945945303
1999-12-09,119.125,125.0,112.5,113.5,93716950.0,0.10493179433369063,-0.449999999999964
1999-12-10,117.6875,126.875,114.0,118.875,122393700.0,0.10939989378651846,0.0922330097087307
1999-12-13,119.5,127.0,116.75,126.875,50953000.0,0.0857740585774135,0.719512195121881
1999-12-14,127.5,127.5,117.625,118.1875,68064181.25,0.0774509803921641,-0.9430379746834487
1999-12-15,118.0,125.5,117.75,122.5,66909500.0,0.06567796610170283,0.5806451612902477
1999-12-16,122.875,129.0,118.0,118.5,37209000.0,0.08952187182096367,-0.39772727272723657
1999-12-17,123.9375,124.6875,119.0,122.0,74847000.0,0.04589006555724421,-0.3406593406592808
1999-12-20,120.75,127.375,120.1875,126.5,60416400.0,0.05952380952381731,0.7999999999998887
1999-12-21,124.0,148.875,123.5,144.375,110923312.5,0.20463709677419994,0.8029556650245989
1999-12-22,147.0,176.125,146.75,172.125,164517075.0,0.19982993197279456,0.8553191489361411
1999-12-23,175.0,210.0,175.0,190.625,270649375.0,0.2000000000000046,0.44642857142855863
1999-12-27,193.25,198.75,181.0,195.75,102357675.0,0.09184993531695165,0.14084507042252728
1999-12-28,197.5,201.0,189.5,195.0,53274000.0,0.058227848101270595,-0.21739130434780718
1999-12-29,193.75,195.0,187.0,191.5,58273450.0,0.04129032258065011,-0.28124999999996486
1999-12-30,192.25,192.875,184.0,187.9376,66558101.04,0.046163849154751385,-0.4859042253520576
1999-12-31,187.875,198.0,182.5,196.5,40095825.0,0.08250166333999158,0.5564516129031899
2000-01-03,196.75,197.0,171.875,186.5,86806425.0,0.1277001270648075,-0.4079601990049589
2000-01-04,179.25,185.5,171.5,173.875,85068343.75,0.07810320781032593,-0.38392857142854403
2000-01-05,172.25,189.0,150.0,186.0,105090000.0,0.22641509433962714,0.3525641025640935
2000-01-06,181.0,197.0,178.0,194.25,88781962.5,0.10497237569061267,0.6973684210525949
2000-01-07,194.0,217.0,194.0,216.625,171003775.0,0.11855670103093237,0.9836956521738703
2000-01-10,230.0,241.75,226.0,239.0,229667050.0,0.06847826086956926,0.5714285714285351
2000-01-11,231.75,237.0,216.0,220.25,124298087.5,0.0906148867313955,-0.5476190476190216
2000-01-12,220.75,220.875,195.0,211.25,149850187.5,0.11721404303511158,-0.3671497584540921
2000-01-13,212.25,235.5,209.0,232.25,123034437.5,0.12485276796231272,0.754716981132047
2000-01-14,236.75,240.0,215.0,231.0,110799150.0,0.10559662090813471,-0.22999999999999082
2000-01-18,228.25,240.0,210.0,214.125,119888587.5,0.13143483023001476,-0.47083333333331767
2000-01-19,214.125,244.25,212.0,242.0,108295000.0,0.15061295971979383,0.8643410852712909
2000-01-20,232.0,249.0,196.0,245.375,635950656.25,0.2284482758620723,0.252358490566033
2000-01-21,251.0,298.0,238.0,295.5,454434675.0,0.23904382470119825,0.7416666666666543
2000-01-24,288.0,303.25,262.0,274.625,220400293.75,0.14322916666666963,-0.3242424242424164
2000-01-25,281.0,282.5,249.25,271.75,189233112.5,0.11832740213523445,-0.2781954887217961
2000-01-26,269.5,298.0,268.0,286.75,174473037.5,0.11131725417440032,0.5749999999999809
2000-01-27,288.25,290.0,260.5,260.5,71663550.0,0.1023417172593266,-0.9406779661016631
2000-01-28,259.0,265.125,244.375,256.5,81207900.0,0.08011583011583365,-0.12048192771083757
2000-01-31,255.75,256.0,238.0,252.375,91637362.5,0.07038123167155788,-0.1874999999999896
2000-02-01,253.25,266.5,245.0626,265.875,66508631.25,0.08464916090819707,0.5889240299662932
2000-02-02,228.0,235.5,209.875,212.0,575823800.0,0.11239035087719687,-0.6243902439024147
2000-02-03,216.0,223.0,205.0,206.25,291348750.0,0.08333333333333758,-0.5416666666666367
2000-02-04,211.625,228.5,205.5,219.0,117526350.0,0.10868281157708631,0.3206521739130296
2000-02-07,227.0,231.625,220.0,229.625,140989750.0,0.05121145374449757,0.2258064516128838
2000-02-08,234.375,261.0,231.0,259.75,219787462.5,0.12800000000000372,0.8458333333333052
2000-02-09,259.0,259.25,237.0,246.0,133910100.0,0.08590733590733943,-0.5842696629213221
2000-02-10,246.75,247.625,232.0,234.375,88382812.5,0.06332320162107775,-0.7919999999999493
2000-02-11,234.625,246.0,229.5,237.625,85925200.0,0.0703249866808777,0.1818181818181708
2000-02-14,238.0,246.0,233.5,237.625,55342862.5,0.05252100840336533,-0.0299999999999976
2000-02-15,237.875,238.5,227.0,232.75,55883275.0,0.04834471886495408,-0.4456521739130047
2000-02-16,232.0,250.5,226.0,243.75,174330000.0,0.10560344827586592,0.4795918367346743
2000-02-17,245.75,266.0,245.5,263.25,223841475.0,0.08341810783316751,0.8536585365853243
2000-02-18,269.5,298.0,246.0,263.75,230979062.5,0.1929499072356245,-0.11057692307692095
2000-02-22,263.0,264.5,244.625,249.75,107929462.5,0.0755703422053267,-0.6666666666666332
2000-02-23,260.125,280.0,252.0,277.875,84071081.25,0.10764055742431865,0.6339285714285489
2000-02-24,278.375,282.0,265.625,277.5,111499500.0,0.05882352941176808,-0.05343511450381354
2000-02-25,284.5,285.0,271.5,274.875,88317337.5,0.047451669595785416,-0.7129629629629102
2000-02-28,280.0,286.0,260.5,267.0,183068550.0,0.0910714285714318,-0.5098039215686075
2000-02-29,267.625,288.0,266.5,281.75,120898925.0,0.08033629145259567,0.656976744186016
2000-03-01,281.0,300.0,272.0,293.625,94679381.25,0.0996441281138822,0.45089285714284105
2000-03-02,299.75,299.75,273.5,278.125,84689062.5,0.0875729774812374,-0.8238095238094925
2000-03-03,283.875,300.0,278.0,300.0,133350000.0,0.0774988991633674,0.7329545454545122
2000-03-06,296.0,346.0,295.0,342.625,236856662.5,0.1722972972973001,0.9142156862744918
2000-03-07,340.5,341.0,304.5,317.125,182996981.25,0.10719530102790277,-0.640410958904092
2000-03-08,319.5,320.25,294.0,305.25,88843012.5,0.0821596244131484,-0.5428571428571222
2000-03-09,315.875,316.0,283.0,285.75,76380975.0,0.10447170557974166,-0.9128787878787602
2000-03-10,289.75,295.0,254.0,258.625,144830000.0,0.14150129421915741,-0.7591463414633961
2000-03-13,252.0,257.625,230.5,231.5,166587400.0,0.10763888888889242,-0.7557603686635667
2000-03-14,239.625,239.875,190.0,210.0,373989000.0,0.208137715179972,-0.5939849624060031
2000-03-15,213.0,221.25,198.0,217.125,352013906.25,0.10915492957746896,0.17741935483870205
2000-03-16,221.5,248.0,221.0,239.75,338455075.0,0.12189616252822066,0.675925925925901
2000-03-17,234.0,248.25,233.0,237.875,121899043.75,0.06517094017094417,0.25409836065572106
2000-03-20,238.75,248.0,211.0,213.0,127906500.0,0.15497382198953236,-0.6959459459459271
2000-03-21,210.0,234.0,179.125,231.1876,392776173.02,0.2613095238095273,0.38610660592254425
2000-03-22,237.0,272.625,230.75,262.5,213478125.0,0.17668776371308365,0.6089552238805824
2000-03-23,267.0,270.5,247.75,252.25,133377187.5,0.08520599250936671,-0.6483516483516198
2000-03-24,255.0,258.625,230.0,238.0,112800100.0,0.11225490196078779,-0.5938864628820754
2000-03-27,237.0,245.0,227.625,234.875,110027193.75,0.07331223628692374,-0.12230215827337426
2000-03-28,233.5,241.0,224.75,227.0,77747500.0,0.06959314775160998,-0.39999999999997543
2000-03-29,231.2188,231.375,193.0,193.25,263670300.0,0.16596833821471627,-0.9894149837133289
2000-03-30,194.25,205.5,163.5,173.5,194562900.0,0.21621621621622025,-0.49404761904760724
2000-03-31,180.0,206.4376,177.75,196.5,134543550.0,0.15937555555556024,0.5751613937728992
2000-04-03,198.75,200.0,182.0,188.25,97842937.5,0.09056603773585363,-0.583333333333301
2000-04-04,187.0,199.25,168.0,193.0,133247200.0,0.16711229946524508,0.19199999999999387
2000-04-05,189.25,231.5,188.0,220.0,194161000.0,0.2298546895640728,0.7068965517241217
2000-04-06,230.0,238.0,203.0,214.125,122672212.5,0.15217391304348196,-0.4535714285714156
2000-04-07,218.0,218.0,194.5,202.625,117309743.75,0.10779816513761876,-0.6542553191489083
2000-04-10,204.5,204.5,190.625,193.75,55519062.5,0.06784841075795077,-0.7747747747747189
2000-04-11,189.0,189.25,170.25,176.875,113748312.5,0.10052910052910528,-0.6381578947368086
2000-04-12,154.75,168.0,138.5,160.875,403160793.75,0.1906300484652718,0.20762711864406078
2000-04-13,160.625,161.5,149.0,155.0,77042750.0,0.0778210116731575,-0.449999999999964
2000-04-14,152.9376,154.0,136.0,144.0,118584000.0,0.11769505994602296,-0.49653333333330596
2000-04-17,134.25,141.0,119.0,129.375,115337812.5,0.1638733705772874,-0.22159090909089904
2000-04-18,133.5,146.0,126.375,144.5,96381500.0,0.14700374531835844,0.5605095541400988
2000-04-19,148.75,169.0,146.0,154.75,111977100.0,0.15462184873950147,0.26086956521738
2000-04-20,138.875,139.5,119.0,126.25,321060062.5,0.14761476147615374,-0.6158536585365554
2000-04-24,124.375,124.375,111.25,114.75,90090225.0,0.10552763819096198,-0.7333333333332774
2000-04-25,119.375,123.0,116.25,119.5,111648850.0,0.05654450261780895,0.018518518518515773
2000-04-26,121.9376,123.25,116.25,120.375,59116162.5,0.05740641114800474,-0.22322857142854002
2000-04-27,119.0,119.25,112.75,116.0,65052800.0,0.054621848739503744,-0.4615384615383905
2000-04-28,121.25,133.0,115.0,128.0,117760000.0,0.1484536082474297,0.3749999999999792
2000-05-01,131.125,148.5,128.5,144.25,145562675.0,0.15252621544328576,0.6562499999999672
2000-05-02,144.0,144.0,133.5,133.875,81824400.0,0.07291666666667311,-0.9642857142856225
2000-05-03,134.0,134.0,122.25,129.875,46358881.25,0.08768656716418592,-0.3510638297872042
2000-05-04,131.0,146.0,130.5,143.25,56590912.5,0.11832061068702963,0.7903225806451103
2000-05-05,143.75,158.5,143.5,150.375,73510818.75,0.10434782608696276,0.44166666666663723
2000-05-08,150.75,150.75,140.25,149.375,51272968.75,0.06965174129353852,-0.13095238095236847
2000-05-09,149.625,149.625,141.0,146.125,55206025.0,0.05764411027569552,-0.4057971014492283
2000-05-10,144.0,149.0,138.0,144.625,29633662.5,0.0763888888888953,0.056818181818176654
2000-05-11,150.375,156.0,146.25,147.25,31666112.5,0.06483790523691395,-0.3205128205127876
2000-05-12,153.875,160.0,150.0,157.0,56488600.0,0.06498781478473395,0.31249999999996875
2000-05-15,157.0626,157.125,146.0,150.25,41551637.5,0.07083163019077061,-0.6123685393257879
2000-05-16,153.0,155.125,145.875,149.875,50837600.0,0.06045751633987542,-0.3378378378378013
2000-05-17,145.0,147.5,141.5,143.25,58804125.0,0.0413793103448342,-0.29166666666661806
2000-05-18,144.0,149.5,141.5,143.5,64582175.0,0.05555555555556212,-0.06249999999999219
2000-05-19,142.5,143.75,136.0,139.75,57465200.0,0.05438596491228734,-0.3548387096773736
2000-05-22,139.25,139.625,122.5,123.875,68663912.5,0.12298025134650539,-0.8978102189780498
2000-05-23,124.5,134.0,123.75,126.25,86052000.0,0.08232931726908368,0.1707317073170565
2000-05-24,125.0,128.0,115.25,127.875,53419781.25,0.10200000000000718,0.2254901960784137
2000-05-25,130.25,135.625,120.0,120.0,57012000.0,0.11996161228407586,-0.6559999999999581
2000-05-26,122.375,128.375,114.0,126.25,23236312.5,0.1174668028600685,0.2695652173912856
2000-05-30,127.0626,131.25,122.125,130.75,56314025.0,0.07181499512839284,0.40409863013694164
2000-05-31,130.25,131.375,122.75,127.625,57578018.75,0.06621880998081331,-0.30434782608692124
2000-06-01,132.0,154.375,131.375,150.25,102515575.0,0.1742424242424305,0.7934782608695308
2000-06-02,156.0,174.0,153.875,172.875,129007968.75,0.12900641025641582,0.8385093167701447
2000-06-05,168.75,188.375,167.75,177.5,106988125.0,0.12222222222222742,0.4242424242424037
2000-06-06,186.0,194.0,181.375,192.375,177956493.75,0.06787634408602652,0.504950495049465
2000-06-07,192.875,193.0,180.25,190.25,88085750.0,0.06610499027868275,-0.20588235294116033
2000-06-08,190.75,190.875,184.5,186.75,30178800.0,0.03342070773263941,-0.6274509803920584
2000-06-09,188.875,203.75,185.25,200.5,91247550.0,0.09794837855725162,0.6283783783783444
2000-06-12,199.875,199.875,186.75,189.875,47535206.25,0.06566604127580206,-0.7619047619047038
2000-06-13,187.0,212.375,185.75,206.875,126410968.75,0.14237967914438962,0.7464788732394086
2000-06-14,206.0,206.125,189.5,195.125,118470143.75,0.08070388349515009,-0.6541353383458254
2000-06-15,197.25,201.25,191.25,195.75,428095462.5,0.05069708491762205,-0.149999999999985
2000-06-16,194.5,210.0,193.375,209.125,173071850.0,0.08547557840617435,0.8796992481202479
2000-06-19,213.75,240.75,208.0,240.5,304184400.0,0.15321637426900983,0.816793893129746
2000-06-20,239.25,241.0,228.0,233.875,219094100.0,0.05433646812957553,-0.41346153846150663
2000-06-21,230.75,253.375,229.75,245.25,188450100.0,0.10238353196100064,0.6137566137565879
2000-06-22,245.75,245.75,217.0,217.0,156554650.0,0.11698880976602596,-0.9999999999999653
2000-06-23,222.0,229.75,216.0,227.0,127017850.0,0.06193693693694116,0.36363636363633717
2000-06-26,227.625,236.125,215.5,235.875,202817118.75,0.09060955518946033,0.39999999999998065
2000-06-27,231.0,235.0,228.0,230.625,124918031.25,0.030303030303034502,-0.053571428571420915
2000-06-28,230.625,253.25,226.75,253.25,163270275.0,0.11490514905149435,0.8537735849056283
2000-06-29,249.875,257.25,239.0,248.125,157174781.25,0.07303651825913327,-0.09589041095889886
2000-06-30,248.0,248.0,219.75,234.625,359903018.75,0.11391129032258421,-0.47345132743361157
2000-07-03,234.375,241.375,232.0,238.0,26751200.0,0.040000000000004095,0.3866666666666254
2000-07-05,239.5,263.5,231.0,260.5,223587150.0,0.13569937369520194,0.6461538461538262
2000-07-06,263.625,266.5,249.75,266.25,214397812.5,0.06353722143196182,0.15671641791043842
2000-07-07,266.25,266.25,254.5,260.25,88914412.5,0.04413145539906462,-0.510638297872297
2000-07-10,260.0,263.0,253.5,259.0,95040050.0,0.03653846153846524,-0.10526315789472576
2000-07-11,256.5,269.25,256.5,262.125,190433812.5,0.04970760233918499,0.4411764705882007
2000-07-12,265.375,266.875,244.75,250.0,87025000.0,0.08337258596326298,-0.6949152542372568
2000-07-13,248.75,248.75,228.0,228.75,157414312.5,0.08341708542713935,-0.9638554216867006
2000-07-14,230.0,246.125,224.375,236.0,103863600.0,0.09456521739130828,0.2758620689655046
2000-07-17,245.375,259.375,237.0,253.625,222416443.75,0.09118695873663131,0.36871508379886625
2000-07-18,251.75,262.75,244.0,248.5,96852875.0,0.07447864945382691,-0.1733333333333241
2000-07-19,249.625,260.0,236.0,239.0,111230600.0,0.09614421632449034,-0.44270833333331494
2000-07-20,241.0,253.5,240.0,240.25,83955362.5,0.05601659751037736,-0.05555555555555144
2000-07-21,239.25,248.25,234.25,238.625,62877687.5,0.05851619644723487,-0.04464285714285395
2000-07-24,242.125,256.0,227.5,236.25,85439812.5,0.1177077955601482,-0.20614035087718577
2000-07-25,235.9062,238.5,224.0,230.875,78047293.75,0.06146510774197939,-0.3469793103448045
2000-07-26,230.4376,255.7188,220.5,251.125,155509156.25,0.15283443326957422,0.5873965041398178
2000-07-27,246.0,256.875,237.5,255.125,141186175.0,0.07876016260162975,0.4709677419354596
2000-07-28,256.0,256.0,228.625,232.0,187490800.0,0.10693359375000347,-0.8767123287670913
2000-07-31,235.875,249.0,228.0,245.625,111329531.25,0.08903020667726935,0.4642857142856922
2000-08-01,247.625,260.0,247.5,257.5,152401375.0,0.05047955577991297,0.7899999999999368
2000-08-02,256.125,271.0,251.25,268.875,230493093.75,0.07711078574914952,0.6455696202531319
2000-08-03,258.5,276.625,253.0,271.75,119175962.5,0.0913926499032917,0.5608465608465372
2000-08-04,275.0,282.875,262.0,274.0,62896700.0,0.07590909090909426,-0.04790419161676417
2000-08-07,275.75,285.75,273.625,285.5,112686850.0,0.04397098821396538,0.8041237113401398
2000-08-08,284.375,285.875,269.0,272.25,74269800.0,0.05934065934066264,-0.718518518518476
2000-08-09,275.125,279.375,266.5,270.0,42079500.0,0.0467969104952329,-0.39805825242715354
2000-08-10,271.5,282.0,258.0,280.75,86611375.0,0.08839779005525196,0.38541666666665064
2000-08-11,278.375,278.5,261.25,272.0,124698400.0,0.06196677144140435,-0.36956521739128295
2000-08-14,274.125,277.5,262.0,265.625,79979687.5,0.05654354765162222,-0.5483870967741582
2000-08-15,263.625,267.0,258.0,258.3438,50028276.87,0.03413940256045885,-0.5867999999999362
2000-08-16,264.0,264.25,248.0,251.5,96085575.0,0.06155303030303384,-0.769230769230722
2000-08-17,251.25,265.875,249.5,263.125,90028218.75,0.06517412935323755,0.7251908396946123
2000-08-18,266.25,271.5,260.5,263.875,65335450.0,0.04131455399061393,-0.2159090909090713
2000-08-21,264.0,264.125,257.0,260.5,36535125.0,0.02698863636364005,-0.4912280701753696
2000-08-22,262.5,266.5,254.5,254.75,76017400.0,0.04571428571428934,-0.6458333333332795
2000-08-23,254.0,259.5,253.0,255.125,76346156.25,0.0255905511811062,0.17307692307689646
2000-08-24,256.25,273.5,255.0,272.75,92625900.0,0.07219512195122312,0.8918918918918438
2000-08-25,270.1876,282.875,270.0,278.75,125256312.5,0.047652075816954416,0.6650407766989794
2000-08-28,278.5,284.0,273.125,279.5,107551600.0,0.03904847396768747,0.0919540229884973
2000-08-29,277.75,280.9688,270.5312,275.75,79360850.0,0.03757911791179455,-0.1916149306353772
2000-08-30,275.0,276.25,269.375,271.875,68757187.5,0.025000000000003544,-0.4545454545453884
2000-08-31,272.75,285.375,268.25,279.25,88773575.0,0.06278643446379811,0.3795620437955983
2000-09-01,284.375,302.0,280.25,301.875,185155031.25,0.07648351648351973,0.8045977011493883
2000-09-05,300.0,300.125,278.125,279.125,98224087.5,0.07333333333333641,-0.9488636363635933
2000-09-06,282.875,283.0,262.5,267.5,113366500.0,0.07247017233760822,-0.7499999999999635
2000-09-07,269.0,283.75,264.125,282.0,80482800.0,0.07295539033457592,0.6624203821655714
2000-09-08,280.5,298.0,271.0,293.875,138341656.25,0.09625668449198181,0.49537037037035203
2000-09-11,293.125,293.5,272.125,275.0,149723750.0,0.07292110874200741,-0.8479532163742294
2000-09-12,276.125,283.75,270.0,272.0,77832800.0,0.04979628791308628,-0.2999999999999782
2000-09-13,272.0,277.75,270.5312,275.5,70128525.0,0.026539705882356473,0.4848451266137753
2000-09-14,282.75,292.875,279.5,283.5,86850225.0,0.047303271441205844,0.056074766355135995
2000-09-15,287.625,296.0,287.5,292.75,116060737.5,0.029552368535422754,0.6029411764705173
2000-09-18,289.875,293.0,275.375,278.625,77039812.5,0.060802069857700515,-0.6382978723403894
2000-09-19,281.0,294.5626,274.625,293.375,128586262.5,0.070952313167263,0.6206865420110442
2000-09-20,294.875,308.375,285.5,306.375,158748206.25,0.0775752437473537,0.5027322404371365
2000-09-21,302.0,337.25,299.0312,334.5,211671600.0,0.12655231788079754,0.8503668351701037
2000-09-22,324.0,341.5,320.75,340.875,203110368.75,0.06404320987654609,0.8132530120481536
2000-09-25,339.75,354.75,333.875,336.5,202976800.0,0.06144223693892843,-0.15568862275448359
2000-09-26,339.0,343.25,328.0,340.5,199652175.0,0.04498525073746594,0.09836065573769846
2000-09-27,339.375,350.125,331.25,343.875,169031756.25,0.055616942909763364,0.23841059602647746
2000-09-28,344.5,360.25,341.75,351.125,167591962.5,0.05370101596516965,0.3581081081080888
2000-09-29,352.0,354.5,341.375,350.7188,101638308.24,0.03728693181818455,-0.09761523809523161
2000-10-02,352.5,352.625,310.375,314.0,214666100.0,0.11985815602837128,-0.9112426035502742
2000-10-03,315.375,338.25,304.5,318.125,226616343.75,0.10701545778835003,0.08148148148147906
2000-10-04,313.5,331.0,310.0,322.125,91773412.5,0.06698564593301733,0.4107142857142662
2000-10-05,321.25,331.0,317.0,322.5,109714500.0,0.043579766536967955,0.0892857142857079
2000-10-06,326.5,333.25,311.5,322.25,88876550.0,0.06661562021439794,-0.19540229885056573
2000-10-09,321.875,330.75,307.25,329.5,145523675.0,0.07300970873786694,0.3244680851063692
2000-10-10,329.0,351.0,326.75,338.0,231834200.0,0.0737082066869329,0.37113402061854145
2000-10-11,345.125,345.5,314.0,328.5312,258028404.48000002,0.09127127852227716,-0.5267873015872845
2000-10-12,334.0,342.0,316.125,319.75,241219400.0,0.07747005988024228,-0.5507246376811382
2000-10-13,318.125,327.75,310.5,325.0,170511250.0,0.054223968565818285,0.3985507246376581
2000-10-16,324.375,346.5,322.5,335.25,159277275.0,0.07398843930636123,0.4531249999999811
2000-10-17,339.0,371.375,338.0,364.125,444833306.25,0.09845132743363098,0.7528089887640224
2000-10-18,353.1876,392.25,346.0,375.75,383020762.5,0.13095023721104837,0.48783567567566566
2000-10-19,371.875,379.875,354.25,377.25,341826225.0,0.06890756302521257,0.20975609756096744
2000-10-20,376.25,392.0,372.875,380.5,231534250.0,0.05083056478405567,0.22222222222221064
2000-10-23,388.5,402.0,387.875,393.7812,329279839.44,0.036357786357788836,0.37389026548670007
2000-10-24,390.5,404.375,384.25,401.5,385761200.0,0.05153649167733917,0.5465838509316499
2000-10-25,398.0,404.0,373.0,374.0,354402400.0,0.07788944723618321,-0.7741935483870719
2000-10-26,384.5,387.75,356.0,380.375,249430906.25,0.08257477243173189,-0.1299212598425156
2000-10-27,382.0,384.25,362.0,369.75,156034500.0,0.058246073298431775,-0.5505617977527842
2000-10-30,371.25,375.75,353.75,369.5,170819850.0,0.05925925925926179,-0.07954545454545094
2000-10-31,370.0,392.625,365.25,392.25,228485625.0,0.07398648648648898,0.8127853881278242
2000-11-01,391.9376,415.0,380.5,412.25,290100325.0,0.088024216099708,0.588765217391288
2000-11-02,419.2812,439.0,414.75,436.125,413446500.0,0.05783707926804478,0.6945896907216204
2000-11-03,440.5,443.0,424.5,427.5,232731000.0,0.04199772985244258,-0.7027027027026648
2000-11-06,424.0,424.0,402.75,418.125,270255093.75,0.05011792452830412,-0.27647058823528115
2000-11-07,420.5,423.5,412.0,420.25,171735162.5,0.027348394768135487,-0.021739130434780717
2000-11-08,428.25,444.0,424.0,440.5,265070875.0,0.046701692936371164,0.6124999999999694
2000-11-09,429.75,439.5,392.0,418.875,394433643.75,0.11052937754508642,-0.2289473684210478
2000-11-10,410.0,419.125,397.0312,399.375,133870500.0,0.053887317073173,-0.48090414505424717
2000-11-13,385.0,389.0,333.25,339.0,558655050.0,0.14480519480519702,-0.8251121076233036
2000-11-14,336.0,353.5,327.25,341.75,401060712.5,0.07812500000000273,0.21904761904761072
2000-11-15,342.0,368.75,340.0,363.625,349625437.5,0.08406432748538278,0.7521739130434522
2000-11-16,358.25,370.0,349.25,350.875,499891612.5,0.05792044661549459,-0.35542168674697083
2000-11-17,350.0,361.0,327.0,341.0,416787250.0,0.09714285714285972,-0.26470588235293335
2000-11-20,330.75,341.0,302.25,304.875,456306412.5,0.1171579743008341,-0.6677419354838537
2000-11-21,314.5626,328.375,304.5,322.875,337807968.75,0.0758990420348793,0.3481633507853268
2000-11-22,316.0,340.0,307.0,336.375,262759331.25,0.10443037974683828,0.6174242424242237
2000-11-24,343.0,355.25,339.0,354.0,127988700.0,0.04737609329446341,0.6769230769230353
2000-11-27,362.5,390.25,360.75,389.125,481483818.75,0.0813793103448301,0.9025423728813254
2000-11-28,382.0,389.0,371.0,377.25,295613100.0,0.047120418848170025,-0.26388888888887424
2000-11-29,376.0,392.0,362.5,371.5,278550700.0,0.07845744680851308,-0.15254237288135078
2000-11-30,368.625,381.25,346.75,348.125,341127687.5,0.09359104781282036,-0.5942028985507074
2000-12-01,354.125,377.0,344.0,358.0,327820600.0,0.09318743381574558,0.11742424242423886
2000-12-04,368.0,368.0,337.875,346.75,365370475.0,0.08186141304348074,-0.7053941908713459
2000-12-05,355.625,380.0,352.0,377.75,295740475.0,0.07873462214411506,0.7901785714285433
2000-12-06,377.875,406.5,377.875,397.0,356228100.0,0.07575256367846754,0.6681222707423348
2000-12-07,396.0,409.25,387.25,406.125,201031875.0,0.05555555555555793,0.46022727272725183
2000-12-08,416.5,436.5,413.25,426.625,453545037.5,0.05582232893157489,0.43548387096772323
2000-12-11,435.625,448.375,418.0,436.0,409840000.0,0.06972740315638663,0.012345679012345272
2000-12-12,437.5,451.5,412.0,415.0,439215250.0,0.09028571428571637,-0.5696202531645426
2000-12-13,420.25,426.0,388.875,406.75,293287087.5,0.08834027364664107,-0.3636363636363538
2000-12-14,398.0,426.625,396.0,416.375,275869256.25,0.07694723618090683,0.5999999999999804
2000-12-15,420.625,422.5,390.0,418.875,1010284612.5,0.07726597325408838,-0.053846153846152184
2000-12-18,428.25,450.9688,418.75,450.5,491405400.0,0.07523362521891631,0.6905905868623077
2000-12-19,447.25,465.875,392.0,400.75,743391250.0,0.16517607602012482,-0.6294416243654738
2000-12-20,384.75,388.0,366.0,368.125,546739250.0,0.05717998700455085,-0.7556818181817839
2000-12-21,370.0,386.625,347.75,374.375,381843781.25,0.10506756756756999,0.11254019292604212
2000-12-22,385.125,395.75,376.0,391.875,241963218.75,0.05128205128205374,0.3417721518987169
2000-12-26,387.75,414.0,387.75,404.75,280714362.5,0.06769825918762329,0.647619047619023
2000-12-27,398.125,407.5,389.125,399.875,191260212.5,0.04615384615384854,0.09523809523809007
2000-12-28,392.875,407.5,375.5,393.5,264333625.0,0.08145084314349582,0.01953124999999939
2000-12-29,393.125,410.25,378.5,379.125,326786793.75,0.08076311605723603,-0.4409448818897499
2001-01-02,378.5,382.0,348.125,355.5,337209525.0,0.08949801849405789,-0.6789667896678766
2001-01-03,353.125,378.0,315.0,372.625,772637937.5,0.17840707964602,0.3095238095238046
2001-01-04,361.625,370.375,319.75,332.0,472104000.0,0.13999308676114997,-0.5851851851851736
2001-01-05,332.375,335.5,303.5,310.125,401193206.25,0.0962767957878929,-0.6953124999999782
2001-01-08,304.875,306.0,272.0,298.375,590140993.75,0.11152111521115503,-0.19117647058822967
2001-01-09,304.375,306.0,279.0,287.0,422722300.0,0.08870636550308307,-0.6435185185184947
2001-01-10,284.5,324.625,283.0,316.25,517653812.5,0.14630931458699772,0.7627627627627444
2001-01-11,320.5,339.5,309.75,330.0,352885500.0,0.09282371294852076,0.31932773109242624
2001-01-12,334.375,354.5,325.0,337.25,496617487.5,0.08822429906542327,0.09745762711864077
2001-01-16,334.875,348.75,328.625,344.0,203596400.0,0.060097051138487304,0.45341614906830047
2001-01-17,348.0,352.0,316.9688,326.625,334496662.5,0.10066436781609457,-0.6101703624197681
2001-01-18,332.25,354.0,318.75,341.25,197657687.5,0.10609480812641352,0.255319148936163
2001-01-19,370.125,370.5,337.125,341.3436,218277854.07999998,0.09017223910841178,-0.8623640449437949
2001-01-22,357.75,373.875,343.5,360.75,215133262.5,0.08490566037736104,0.09876543209876218
2001-01-23,364.5,383.625,358.125,378.75,215874875.0,0.06995884773662805,0.5588235294117428
2001-01-24,382.125,394.125,378.0,384.375,311439843.75,0.0421982335623185,0.1395348837209216
2001-01-25,378.375,381.375,360.375,370.5936,109998357.03999999,0.05550049554014124,-0.37054285714284046
2001-01-26,360.0,389.25,358.125,379.875,111765556.25,0.08645833333333586,0.6385542168674494
2001-01-29,385.125,401.625,374.25,400.875,233937287.5,0.07108081791626336,0.5753424657534036
2001-01-30,402.75,405.375,366.75,375.75,225813225.0,0.09590316573557021,-0.699029126213574
2001-01-31,380.625,383.25,348.75,352.875,166774606.25,0.09064039408867233,-0.8043478260869331
2001-02-01,352.5,352.875,338.25,342.375,126981181.25,0.04148936170213038,-0.692307692307645
2001-02-02,357.0,358.125,339.0,343.4064,229578625.28,0.05357142857143121,-0.7107764705881972
2001-02-05,335.625,352.5,330.0,345.0,137085750.0,0.06703910614525417,0.4166666666666482
2001-02-06,349.125,363.75,346.5,354.0,130449000.0,0.0494092373791649,0.28260869565215757
2001-02-07,348.375,364.125,345.75,348.75,161918812.5,0.0527448869752449,0.020408163265305014
2001-02-08,351.0,363.0,350.25,357.0,104244000.0,0.03632478632478907,0.4705882352940807
2001-02-09,352.125,360.75,350.625,355.875,103091056.25,0.0287539936102264,0.37037037037033377
2001-02-12,355.875,379.5,353.25,370.5,156511550.0,0.07376185458377499,0.557142857142836
2001-02-13,374.9064,378.0,354.0,357.75,135420300.0,0.06401597838820818,-0.7148499999999711
2001-02-14,360.75,366.0,336.75,362.625,125480337.5,0.08108108108108363,0.06410256410256192
2001-02-15,361.125,370.5,352.5,357.0,147048300.0,0.04984423676012723,-0.22916666666665395
2001-02-16,341.25,348.75,330.0,330.0,205496500.0,0.054945054945057706,-0.599999999999968
2001-02-20,336.75,342.75,324.0,333.0,156354600.0,0.05567928730512529,-0.19999999999998935
2001-02-21,330.0,345.0,312.75,319.5,124690200.0,0.09772727272727547,-0.3255813953488271
2001-02-22,321.4686,324.75,300.375,315.375,151385256.25,0.0758238907314771,-0.24999384615383513
2001-02-23,311.25,330.0,307.5,324.0,180549000.0,0.07228915662650899,0.5666666666666416
2001-02-26,331.2186,354.75,331.125,348.0,215586000.0,0.07132751602718243,0.7103238095237803
2001-02-27,352.125,355.125,324.375,326.625,114166325.0,0.08732694355697809,-0.8292682926828999
2001-02-28,332.81280000000004,345.0,318.0,338.25,96688762.5,0.08112668743510139,0.2013777777777689
2001-03-01,333.0,339.0,309.75,327.2814,130934378.76,0.08783783783784056,-0.19550769230768497
2001-03-02,316.875,343.5,316.5,325.875,146383050.0,0.08520710059171885,0.333333333333321
2001-03-05,325.875,335.625,316.5,329.625,122274393.75,0.05868814729574511,0.19607843137253878
2001-03-06,337.125,356.25,337.125,342.0,266395200.0,0.05672969966629867,0.25490196078430044
2001-03-07,340.125,342.0,331.5,336.375,117417300.0,0.030871003307610344,-0.3571428571428231
2001-03-08,327.0,338.25,326.25,333.75,129634062.5,0.03669724770642496,0.5624999999999531
2001-03-09,323.625,342.75,306.375,306.75,115941275.0,0.11239860950174087,-0.4639175257731831
2001-03-12,296.625,312.0,273.75,274.125,143399356.25,0.12895069532237968,-0.5882352941176316
2001-03-13,280.125,300.75,267.75,288.0,171705600.0,0.11780455153949444,0.2386363636363564
2001-03-14,276.0,324.0,276.0,306.75,261248750.0,0.17391304347826386,0.6406249999999867
2001-03-15,315.0,328.5,304.5,305.625,129569718.75,0.07619047619047911,-0.39062499999998374
2001-03-16,304.5,311.625,288.0,288.75,214854062.5,0.07758620689655474,-0.6666666666666385
2001-03-19,294.0,315.75,285.375,315.0,162891750.0,0.10331632653061529,0.6913580246913353
2001-03-20,318.375,324.0,292.5,294.75,124350112.5,0.09893992932862472,-0.7499999999999762
2001-03-21,295.5,297.75,250.5,252.375,229156500.0,0.15989847715736324,-0.9126984126983934
2001-03-22,249.0,250.125,195.75,231.375,469683537.5,0.21837349397590677,-0.3241379310344768
2001-03-23,233.625,248.625,222.75,238.125,249594687.5,0.11075441412520444,0.17391304347825415
2001-03-26,244.125,250.5,230.25,234.375,172640625.0,0.08294930875576412,-0.48148148148145775
2001-03-27,236.625,237.0,221.25,230.625,193763437.5,0.06656101426307844,-0.3809523809523568
2001-03-28,225.375,244.5,214.5,236.25,126275625.0,0.13311148086522848,0.36249999999998794
2001-03-29,237.0,256.125,229.5,246.0,195110800.0,0.11234177215190247,0.33802816901407184
2001-03-30,250.5,250.5,236.25,240.0,136492000.0,0.056886227544913945,-0.7368421052631062
2001-04-02,235.5,246.75,229.5,232.125,164387056.25,0.07324840764331603,-0.19565217391303216
2001-04-03,227.25,230.25,201.0,214.125,210292162.5,0.12871287128713255,-0.4487179487179334
2001-04-04,213.75,223.125,201.75,214.5,173698525.0,0.10000000000000421,0.035087719298243975
2001-04-05,228.0,253.96859999999998,220.5,252.75,193547525.0,0.14679210526316155,0.7394991126010432
2001-04-06,243.0,272.25,235.875,248.25,181474887.5,0.14969135802469488,0.1443298969072125
2001-04-09,255.60000000000002,269.76,252.78000000000003,260.34000000000003,112900780.0,0.0664319248826326,0.2791519434628823
2001-04-10,267.24,288.84000000000003,265.20000000000005,283.86,142336866.0,0.08845981140548156,0.7030456852791587
2001-04-11,291.6,295.20000000000005,253.5,272.21999999999997,186996992.0,0.14300411522634052,-0.4647482014388385
2001-04-12,269.82,295.5,267.0,295.38,133762832.99999999,0.10562597287080606,0.8968421052631266
2001-04-16,298.56,312.0,288.0,292.68,181032336.0,0.08038585209003522,-0.24499999999998961
2001-04-17,288.0,315.18,285.0,303.06,241700452.0,0.10479166666666978,0.4990059642146952
2001-04-18,319.79999999999995,342.36,306.6,327.9,342901425.0,0.11181988742964628,0.2265100671140883
2001-04-19,324.6,327.96,308.64,312.84000000000003,240135984.0,0.059519408502775505,-0.6086956521738813
2001-04-20,279.0,298.86,273.12,289.62,440077590.0,0.0922580645161323,0.4125874125873966
2001-04-23,285.54,286.74,268.79999999999995,269.28000000000003,140918712.0,0.06282832527842329,-0.9063545150501136
2001-04-24,270.84000000000003,270.84000000000003,256.08,258.54,139193627.0,0.05449712007089422,-0.833333333333275
2001-04-25,263.07,279.29999999999995,257.64,276.36,131621056.0,0.0823355000570224,0.6135734072021897
2001-04-26,279.42,286.74,261.84000000000003,270.6,118378480.0,0.08911316298046268,-0.35421686746986536
2001-04-27,277.74,290.64,277.26,288.18,106765887.0,0.048174551739039916,0.7802690582959059
2001-04-30,296.70000000000005,306.9,291.9,295.20000000000005,224548800.0,0.0505561172901953,-0.09999999999999333
2001-05-01,300.0,300.29999999999995,278.64,285.06,196168790.0,0.07220000000000297,-0.6897506925207447
2001-05-02,283.79999999999995,285.6,269.15999999999997,279.24,143608478.0,0.057928118393238186,-0.27737226277370153
2001-05-03,274.20000000000005,276.0,266.70000000000005,270.6,121963930.0,0.03391684901532063,-0.3870967741935111
2001-05-04,264.29999999999995,319.5,257.4,311.64,451742956.0,0.23496027241771017,0.7623188405796981
2001-05-07,312.29999999999995,324.9,304.20000000000005,317.76,217993952.0,0.06628242074928231,0.2637681159420189
2001-05-08,322.32,333.6,310.5,330.12,191084460.0,0.07166790766939982,0.33766233766232323
2001-05-09,321.96,335.76,319.5,325.14,109501733.0,0.050503168095418494,0.19557195571954572
2001-05-10,330.96,331.5,313.20000000000005,316.86,123564838.0,0.055293691080495824,-0.7704918032786465
2001-05-11,328.02,329.34000000000003,304.20000000000005,312.0,198224000.0,0.07664166819096674,-0.6372315035799266
2001-05-14,320.1,320.94,300.6,303.84000000000003,116932824.0,0.06354264292408905,-0.7994100294984864
2001-05-15,302.15999999999997,309.36,295.98,298.86,153863090.0,0.04428117553614294,-0.2466367713004267
2001-05-16,294.06,324.29999999999995,291.9,319.08,214304764.0,0.11018159559273911,0.7722222222221983
2001-05-17,318.0,333.0,315.9,330.6,217782750.0,0.05377358490566342,0.7368421052631152
2001-05-18,332.46,350.76,328.98,342.29999999999995,218621305.0,0.06551164049810776,0.4517906336087941
2001-05-21,348.29999999999995,375.0,347.1,374.70000000000005,309252400.0,0.08010335917312919,0.9462365591397551
2001-05-22,376.17,376.20000000000005,358.20000000000005,361.20000000000005,221945360.0,0.04785070579791304,-0.8316666666666189
2001-05-23,358.74,358.74,339.06,343.02,135618674.0,0.05485867201873487,-0.7987804878048387
2001-05-24,344.70000000000005,363.0,341.1,362.52,186649464.0,0.0635335073977398,0.8136986301369471
2001-05-25,358.56,365.4,351.71999999999997,363.18,96394025.0,0.03815261044176977,0.3377192982455895
2001-05-29,365.4,374.4,355.20000000000005,362.52,120948756.0,0.052545155993434255,-0.1499999999999925
2001-05-30,354.0,369.6,349.79999999999995,359.1,206392725.0,0.05593220338983336,0.25757575757574486
2001-05-31,371.94,380.1,362.70000000000005,369.6,223226080.0,0.0467817389901622,-0.13448275862068068
2001-06-01,374.15999999999997,392.64,370.38,392.34000000000003,166561408.0,0.05949326491340851,0.8167115902964626
2001-06-04,399.12,415.20000000000005,392.64,413.76,288687248.0,0.05652435357787382,0.648936170212735
2001-06-05,421.62,450.0,420.0,447.41999999999996,526441828.99999994,0.07115411982353997,0.8599999999999699
2001-06-06,444.29999999999995,444.54,418.428,425.76,413540687.99999994,0.05877110060769967,-0.710018382352912
2001-06-07,422.93999999999994,443.15999999999997,418.86,437.76,214969343.99999997,0.05745495815009433,0.6098765432098547
2001-06-08,435.84000000000003,438.41999999999996,427.20000000000005,429.96,149604582.0,0.025743392070486617,-0.5240641711229567
2001-06-11,430.02,430.20000000000005,406.20000000000005,413.64,232906896.0,0.055811357611276084,-0.6824999999999715
2001-06-12,395.64,415.20000000000005,390.29999999999995,407.82,249327554.0,0.06293600242645088,0.48915662650600295
2001-06-13,409.74,426.0,403.91999999999996,411.0,333553900.0,0.053887831307660915,0.05706521739130125
2001-06-14,405.90000000000003,425.82,398.40000000000003,422.09999999999997,258346304.99999997,0.06755358462675753,0.5908096280087296
2001-06-15,416.34000000000003,438.59999999999997,407.09999999999997,438.0,297161100.0,0.07565931690445529,0.6876190476190248
2001-06-18,441.06000000000006,449.46,421.86,428.82,228846940.0,0.06257652020133518,-0.4434782608695521
2001-06-19,436.56000000000006,445.74,405.78,420.0,227794000.0,0.09153380978559864,-0.41441441441440513
2001-06-20,419.93999999999994,441.0,412.91999999999996,425.04,347101832.0,0.06686669524217978,0.18162393162392773
2001-06-21,424.91999999999996,424.91999999999996,404.04,411.65999999999997,304587234.0,0.049138661395088226,-0.6350574712643389
2001-06-22,411.06000000000006,411.06000000000006,390.0,400.38,214089859.0,0.05123339658444267,-0.5071225071224846
2001-06-25,402.36,402.36,379.5,390.54,217830194.0,0.05681479272293705,-0.517060367454045
2001-06-26,384.0,393.0,375.0,377.04,188469728.0,0.04687500000000248,-0.38666666666664407
2001-06-27,376.79999999999995,390.78,367.20000000000005,386.28,383054562.0,0.0625796178343972,0.4020356234096542
2001-06-28,385.68,412.62,381.0,389.88,316946448.0,0.08198506533914364,0.1328273244781738
2001-06-29,388.62,414.0,378.84000000000003,406.14,330699495.0,0.09047398486954063,0.4982935153583475
2001-07-02,407.76,408.59999999999997,385.32,394.5,220236200.0,0.05709240729841307,-0.5695876288659553
2001-07-03,408.54,417.59999999999997,405.27,408.18,190654075.0,0.03018064326626757,-0.029197080291969577
2001-07-05,408.54,411.54,381.54,381.6,211152000.0,0.07343222205904176,-0.89799999999997
2001-07-06,380.21999999999997,380.28000000000003,358.79999999999995,370.62,251601564.0,0.056493608963234486,-0.4469273743016521
2001-07-09,371.52,384.84000000000003,371.52,382.68,157479198.0,0.0358527131782973,0.8378378378377737
2001-07-10,386.15999999999997,387.41999999999996,366.0,367.79999999999995,244360190.0,0.05546923555003341,-0.8571428571428195
2001-07-11,364.74,375.18,354.71999999999997,368.88,306348692.0,0.056094752426388596,0.20234604105570758
2001-07-12,309.798,324.0,297.0,312.96,928667071.9999999,0.08715356458079429,0.11711111111110596
2001-07-13,313.32,338.82,313.32,328.62,229453438.0,0.08138644197625723,0.599999999999977
2001-07-16,327.6,328.26,297.6,299.94,203799232.0,0.09358974358974624,-0.9021526418786416
2001-07-17,302.4,313.14,300.42,312.9,181544580.0,0.042063492063495134,0.8254716981131446
2001-07-18,311.64,324.42,309.0,316.62,141085872.0,0.04948016942626417,0.3229571984435597
2001-07-19,321.0,325.428,304.62,309.6,141569760.0,0.06482242990654494,-0.5478662053056245
2001-07-20,311.1,321.64799999999997,306.54,317.88,156926760.0,0.04856316297010896,0.448768864177889
2001-07-23,336.71999999999997,348.29999999999995,329.46,330.24,199013632.0,0.05595153243050879,-0.3439490445859674
2001-07-24,330.12,332.70000000000005,321.9,323.76,178672352.0,0.03271537622682974,-0.588888888888832
2001-07-25,324.6,329.4,317.4,317.58,184455757.0,0.03696857670979963,-0.5849999999999544
2001-07-26,320.58,342.0,320.52,330.71999999999997,147462536.0,0.06700355605465391,0.4720670391061223
2001-07-27,334.5,349.5,334.44,341.4,128002240.0,0.04502242152466654,0.45816733067725884
2001-07-30,339.06,344.4,329.64,334.74,72493526.0,0.04353211820916931,-0.2926829268292482
2001-07-31,336.84000000000003,344.28000000000003,322.56,323.88,126674866.0,0.06448165301033416,-0.5966850828729017
2001-08-01,327.65999999999997,331.20000000000005,305.4,306.29999999999995,220030605.0,0.07874015748031797,-0.8279069767441524
2001-08-02,317.4,319.5,294.0,298.14,222173928.0,0.08034026465028644,-0.7552941176470289
2001-08-03,303.9,309.0,292.08,302.46,178683286.0,0.05567620927937137,-0.08510638297871817
2001-08-06,304.79999999999995,307.98,293.70000000000005,296.04,117957138.00000001,0.046850393700790444,-0.6134453781512141
2001-08-07,298.02,299.4,282.71999999999997,287.76,145961464.0,0.05596939802698124,-0.6151079136690272
2001-08-08,288.6,293.94,282.84000000000003,282.84000000000003,191421398.0,0.03846153846154167,-0.518918918918873
2001-08-09,283.02,291.65999999999997,276.29999999999995,289.74,143498564.0,0.05427178291287174,0.4374999999999729
2001-08-10,299.52,302.76,289.44,291.71999999999997,215328256.0,0.04447115384615701,-0.5855855855855427
2001-08-13,292.08,305.94,286.14,304.62,114501581.0,0.06778964667214785,0.6333333333333021
2001-08-14,304.32,315.54,303.84000000000003,313.44,134977712.0,0.03844637223975075,0.779487179487114
2001-08-15,315.29999999999995,318.0,299.70000000000005,304.92,154116732.0,0.05803996194101141,-0.5672131147540654
2001-08-16,299.94,310.38,292.20000000000005,309.18,112314788.0,0.06061212242448785,0.5082508250824822
2001-08-17,306.6,313.74,300.318,301.86,83102058.0,0.04377690802348656,-0.3531515422440506
2001-08-20,302.34000000000003,309.9,292.79999999999995,299.58,71869242.0,0.05655884103989205,-0.16140350877192297
2001-08-21,300.6,316.026,300.12,300.65999999999997,93009171.0,0.05291417165668979,0.0037721614485063267
2001-08-22,303.48,320.1,294.65999999999997,317.34000000000003,150794679.0,0.0838275998418379,0.544811320754695
2001-08-23,318.06,348.9,318.06,344.21999999999997,587141791.0,0.09696283720053095,0.8482490272373263
2001-08-24,348.29999999999995,365.70000000000005,347.61,365.52,305130004.0,0.05193798449612684,0.9519071310115559
2001-08-27,364.92,373.98,361.02,362.04,182468160.0,0.03551463334429738,-0.22222222222220409
2001-08-28,363.84000000000003,363.9,351.65999999999997,359.46,170084490.0,0.03364116094987075,-0.3578431372548767
2001-08-29,361.5,370.116,354.42,360.24,174416200.0,0.04341908713693202,-0.08027522935779263
2001-08-30,356.94,368.4,356.94,362.52,168432834.0,0.03210623634224505,0.4869109947643549
2001-08-31,361.38,365.76,351.48,355.62,137927217.0,0.03951519176490379,-0.403361344537787
2001-09-04,357.78000000000003,374.94,354.78000000000003,355.62,215031560.0,0.056347476102635435,-0.10714285714285325
2001-09-05,355.86,364.20000000000005,346.08,351.36,213708864.0,0.05091890069128592,-0.24834437086091263
2001-09-06,351.36,358.26,337.86,340.20000000000005,196714980.0,0.05806010928962009,-0.5470588235293841
2001-09-07,342.48,347.4,330.12,345.65999999999997,203870268.0,0.05045550105115895,0.18402777777776455
2001-09-10,346.79999999999995,361.182,328.02,336.9,473720705.0,0.09562283737024493,-0.2985344671611986
2001-09-17,324.0,348.24,319.26,323.64,329886252.0,0.0894444444444473,-0.01242236024844724
2001-09-18,327.18,328.20000000000005,299.1,301.86,172568331.0,0.08894186686228049,-0.8701030927834744
2001-09-19,307.38,309.0,280.5,298.86,297669541.0,0.09271910989654793,-0.2989473684210415
2001-09-20,290.4,315.0,290.1,300.54,215857846.0,0.08574380165289562,0.40722891566263636
2001-09-21,282.84000000000003,296.946,275.34000000000003,279.48,277295398.0,0.07638947815019415,-0.15551235767841615
2001-09-24,287.70000000000005,297.0,268.68,272.04,194689960.0,0.0984358706986475,-0.5529661016948968
2001-09-25,269.4,287.46,268.86,276.36,187104932.0,0.06904231625835522,0.37419354838707936
2001-09-26,280.74,287.15999999999997,274.20000000000005,278.15999999999997,147906944.0,0.046163710194489116,-0.19907407407406305
2001-09-27,279.84000000000003,307.79999999999995,274.20000000000005,307.62,180547305.0,0.12006861063465117,0.826785714285691
2001-09-28,313.20000000000005,317.82,294.9,297.42,211178114.0,0.07318007662835548,-0.6884816753926409
2001-10-01,291.0,312.6,282.42,309.6,196740480.0,0.10371134020618866,0.6163021868787079
2001-10-02,311.28000000000003,312.606,296.21999999999997,309.71999999999997,153347534.0,0.052640709329224385,-0.09520322226290502
2001-10-03,305.4,330.6,304.5,322.44,177191528.0,0.08546168958742939,0.6528735632183661
2001-10-04,322.32,332.46,308.1,308.82,276476252.0,0.07557706626954852,-0.5541871921182049
2001-10-05,307.56,314.34000000000003,295.5,303.71999999999997,133312832.0,0.06125634022630045,-0.20382165605094596
2001-10-08,301.44,305.82599999999996,288.9,292.92,98172138.0,0.05615047770700945,-0.5033676001417633
2001-10-09,294.9,309.54,291.36,301.98,137154283.0,0.061648016276707164,0.38943894389437017
2001-10-10,296.52,303.65999999999997,290.886,300.42,432429555.0,0.043079724807773175,0.30530765617658884
2001-10-11,325.79999999999995,339.06,313.38,317.82,452882906.0,0.0788213627992662,-0.3107476635513882
2001-10-12,317.4,321.9,303.65999999999997,317.58,199514342.0,0.05746691871455876,0.009868421052631408
2001-10-15,316.20000000000005,327.29999999999995,315.0,320.94,104979474.0,0.03889943074004084,0.3853658536585028
2001-10-16,323.70000000000005,330.9,321.9,323.64,109422684.0,0.02780352177942839,-0.006666666666672494
2001-10-17,332.73,333.0,310.5,311.46,114689953.99999999,0.06762239653773608,-0.9453333333332931
2001-10-18,312.0,320.4,304.20000000000005,320.34000000000003,120047415.0,0.051923076923079736,0.5148148148147872
2001-10-19,321.0,332.64,314.4,330.0,167706000.0,0.05682242990654501,0.49342105263155167
2001-10-22,329.70000000000005,348.48,329.70000000000005,343.38,157296655.0,0.05696087352138584,0.728434504792292
2001-10-23,345.06,346.56,335.82,342.71999999999997,162203664.0,0.031125021735353205,-0.21787709497204952
2001-10-24,340.79999999999995,353.88,338.34000000000003,342.29999999999995,124483100.0,0.04559859154929847,0.09652509652509055
2001-10-25,338.94,360.54,333.0,359.15999999999997,165878046.0,0.08125331917153755,0.7342047930282942
2001-10-26,359.34000000000003,369.48,356.4,363.29999999999995,150811885.0,0.03640006678911616,0.30275229357795164
2001-10-29,362.21999999999997,362.28000000000003,341.04,341.34000000000003,139505658.0,0.05863839655458271,-0.9830508474575776
2001-10-30,337.5,356.70000000000005,332.4,355.26,205322517.0,0.07200000000000294,0.7308641975308318
2001-10-31,356.994,367.5,354.0,359.88,252191908.0,0.03781576160944151,0.21377777777775953
2001-11-01,360.48,367.38,351.0,367.20000000000005,132944760.0,0.04543941411451661,0.41025641025638704
2001-11-02,367.79999999999995,379.38,365.21999999999997,367.20000000000005,168312240.0,0.03849918433931753,-0.042372881355922716
2001-11-05,373.98,387.96,373.02,383.52,214144784.0,0.03994866035617134,0.6385542168674248
2001-11-06,384.0,397.43999999999994,380.64,393.06000000000006,257552565.00000003,0.04375000000000236,0.5392857142856872
2001-11-07,393.65999999999997,403.62,387.0,388.98,217433337.0,0.04221917390641915,-0.2815884476534096
2001-11-08,390.0,398.09999999999997,378.0,378.65999999999997,198910098.0,0.05153846153846388,-0.5641791044775865
2001-11-09,379.20000000000005,381.0,365.94,376.26,130468155.0,0.03971518987342025,-0.19521912350596674
2001-11-12,376.20000000000005,387.0,360.24,385.5,142930550.0,0.07113237639553671,0.347533632286981
2001-11-13,396.29999999999995,405.59999999999997,392.40000000000003,405.59999999999997,243873759.99999997,0.033308099924302045,0.7045454545454056
2001-11-14,410.22,412.98,397.5,403.08000000000004,148246106.00000003,0.03773584905660616,-0.46124031007748817
2001-11-15,402.18,412.38,400.08000000000004,403.98,122931114.0,0.03058332090109136,0.1463414634146237
2001-11-16,403.56000000000006,410.316,397.91999999999996,405.65999999999997,101854465.0,0.030716622063636092,0.16940948693124694
2001-11-19,407.15999999999997,423.48,404.09999999999997,423.24,217298470.00000003,0.047597995873860405,0.8297213622290593
2001-11-20,420.0,424.91999999999996,402.0,404.82,184274064.0,0.05457142857143072,-0.6623036649214386
2001-11-21,404.93999999999994,406.5,396.41999999999996,401.82,204084378.0,0.024892576678028886,-0.30952380952377234
2001-11-23,399.96,403.79999999999995,397.43999999999994,402.0,69418700.0,0.015901590159018396,0.32075471698108415
2001-11-26,403.14,422.22,399.96,421.86,239370395.0,0.055216550081859876,0.8409703504042744
2001-11-27,420.24,422.82,409.98,418.02,189579037.0,0.03055396916048197,-0.17289719626167124
2001-11-28,415.79999999999995,416.40000000000003,400.20000000000005,403.38,247164372.0,0.03896103896104124,-0.7666666666666174
2001-11-29,402.0,415.62,396.90000000000003,415.26,234995633.99999997,0.04656716417910677,0.7083333333332962
2001-11-30,412.5,424.08000000000004,411.72,421.79999999999995,234323960.0,0.029963636363638746,0.752427184465954
2001-12-03,418.5,427.14,413.64,415.56000000000006,217240916.00000003,0.03225806451613134,-0.21777777777775725
2001-12-04,415.49399999999997,417.0,399.29999999999995,416.58000000000004,250663129.00000003,0.04259989313925352,0.06135593220339014
2001-12-05,424.5,432.06000000000006,420.0,424.56000000000006,261514808.00000003,0.028409893992935288,0.004975124378113918
2001-12-06,425.93999999999994,439.91999999999996,424.43999999999994,426.90000000000003,179105895.0,0.03634314692210401,0.062015503875970934
2001-12-07,427.02,427.5,410.58000000000004,412.5,199601875.0,0.03962343684136789,-0.8581560283687447
2001-12-10,411.54,413.58000000000004,388.86,388.86,326221135.0,0.06006706516985217,-0.917475728155302
2001-12-11,392.76,411.84000000000003,388.79999999999995,406.5,316575425.0,0.05866177818515383,0.5963541666666392
2001-12-12,408.48,409.32,389.70000000000005,403.74,286184370.0,0.04803172737955566,-0.2415902140672671
2001-12-13,401.52,413.28,398.04,404.46,187878411.0,0.03795576808129337,0.19291338582675946
2001-12-14,403.02,412.5,382.02,406.20000000000005,475680510.0,0.07562900104213424,0.10433070866141593
2001-12-17,405.12,428.52,405.06000000000006,425.93999999999994,287708272.0,0.057908767772513976,0.8874680306904995
2001-12-18,424.20000000000005,434.34000000000003,422.82,426.96,172498956.0,0.027157001414429536,0.239583333333306
2001-12-19,424.68,435.59999999999997,417.0,419.64,238733196.0,0.04379768296129066,-0.2709677419354709
2001-12-20,420.48,424.014,405.48,405.59999999999997,170122160.0,0.04407819634703421,-0.8028488183877877
2001-12-21,405.59999999999997,416.28,403.5,409.68,203406120.0,0.031508875739647293,0.3192488262910587
2001-12-24,411.96,420.24,409.68,417.41999999999996,54737675.99999999,0.02563355665598839,0.5170454545454035
2001-12-26,419.70000000000005,428.34000000000003,416.64,422.58000000000004,78318160.00000001,0.027877055039316215,0.24615384615382377
2001-12-27,423.36,427.20000000000005,414.59999999999997,421.5,88500950.0,0.02976190476190724,-0.14761904761903605
2001-12-28,420.90000000000003,435.066,420.84000000000003,433.38,136731390.0,0.03379900213827728,0.8772669759594499
2001-12-31,433.26,433.26,413.52,413.58000000000004,137136235.0,0.045561556571114256,-0.9969604863221351
2002-01-02,413.70000000000005,419.88,403.73400000000004,408.90000000000003,292751955.0,0.03902828136330896,-0.297287253808976
2002-01-03,406.86,408.0,382.26,383.64,501200084.0,0.06326500516148292,-0.9020979020978679
2002-01-04,384.0,395.04,367.5,388.62,581407905.0,0.07171875000000247,0.167755991285397
2002-01-07,390.54,392.934,373.74,373.86,288102747.0,0.04914733445998096,-0.869021569240342
2002-01-08,379.14,386.15999999999997,377.46,385.56000000000006,460030914.00000006,0.022946668776707722,0.7379310344826832
2002-01-09,391.91999999999996,393.0,377.4,379.26,262409994.0,0.03980404164115377,-0.8115384615384063
2002-01-10,380.34000000000003,391.91999999999996,372.6,389.52,229479216.0,0.05079665562391776,0.47515527950308
2002-01-11,392.40000000000003,400.08000000000004,388.86,395.34000000000003,175076319.0,0.028593272171256363,0.2620320855614731
2002-01-14,396.0,400.20000000000005,384.24,384.29999999999995,165473175.0,0.04030303030303282,-0.7330827067668725
2002-01-15,383.4,388.38,378.0,381.6,175338840.0,0.027073552425667627,-0.17341040462425644
2002-01-16,380.94,390.0,374.28000000000003,374.46,198276570.0,0.04126634115609001,-0.412213740457991
2002-01-17,380.52,381.774,355.20000000000005,372.42,315309393.0,0.0698360138757513,-0.30480921201172856
2002-01-18,369.96,378.6,356.46,363.78000000000003,248995284.0,0.059844307492704564,-0.27913279132789787
2002-01-22,367.74,380.94,364.08,370.44,237050730.0,0.04584760972426433,0.1601423487544381
2002-01-23,375.96,390.84000000000003,370.68,390.36,275932472.0,0.053622725821898524,0.7142857142856798
2002-01-24,388.86,392.70000000000005,375.12,385.38,284037906.0,0.04520907267397262,-0.19795221843002347
2002-01-25,385.08000000000004,391.98,377.88,380.94,135214653.0,0.03661576815207485,-0.2936170212765775
2002-01-28,382.79999999999995,385.5,366.29999999999995,369.36,126388836.0,0.050156739811914826,-0.6999999999999589
2002-01-29,371.94,375.366,354.96,357.06,235231128.0,0.0548636876915657,-0.7291972949132247
2002-01-30,340.20000000000005,347.88,331.20000000000005,347.1,523779685.0,0.049029982363318333,0.41366906474817655
2002-01-31,349.20000000000005,363.29999999999995,343.44,356.76,241651386.0,0.056872852233679536,0.3806646525679548
2002-02-01,359.88,372.84000000000003,351.9,353.64,239290506.0,0.05818606202067632,-0.2979942693409597
2002-02-04,349.79999999999995,349.79999999999995,330.12,332.94,208459283.0,0.05626072041166636,-0.8567073170731273
2002-02-05,331.92,344.15999999999997,327.594,332.4,246945500.0,0.04990961677512931,0.028975009054686297
2002-02-06,336.54,336.6,318.65999999999997,319.79999999999995,194971400.0,0.0533071848814435,-0.9331103678929255
2002-02-07,318.65999999999997,322.38,300.52200000000005,311.70000000000005,339659490.0,0.0685934852193588,-0.3184188855338833
2002-02-08,312.96,345.06,312.9,344.34000000000003,241026522.0,0.10276073619632196,0.9757462686566869
2002-02-11,342.54,346.79999999999995,334.79999999999995,339.48,230716266.0,0.03503240497460432,-0.2549999999999789
2002-02-12,347.64,362.1,342.6,358.79999999999995,335651420.0,0.05609250949258124,0.5723076923076614
2002-02-13,366.0,372.786,354.42,356.28000000000003,251515866.0,0.050180327868855006,-0.5292388108460988
2002-02-14,357.29999999999995,364.38,346.5,346.98,163144213.0,0.05004198152813027,-0.5771812080536556
2002-02-15,348.6,361.68,343.02,353.94,151262158.0,0.053528399311534615,0.28617363344049745
2002-02-19,350.76,351.0,336.06,336.06,133936713.0,0.04259322613753266,-0.9839357429718211
2002-02-20,364.44,372.6,358.32,372.6,530656920.0,0.03918340467566949,0.571428571428532
2002-02-21,372.0,381.6,362.28000000000003,365.52,292885084.0,0.051935483870970266,-0.33540372670805824
2002-02-22,366.24,376.74,358.44,372.36,192714918.0,0.04996723460026474,0.3344262295081785
2002-02-25,372.71999999999997,381.6,361.794,378.36,225969204.0,0.053139085640698074,0.2847621932747525
2002-02-26,380.15999999999997,388.14,379.56,384.72,232460648.00000003,0.022569444444446973,0.5314685314684774
2002-02-27,392.40000000000003,393.48,380.46,380.52,204916362.0,0.03318042813455913,-0.9124423963132953
2002-02-28,386.76,392.40000000000003,376.62,376.92,207651510.0,0.04080049643189831,-0.6235741444866497
2002-03-01,375.48,393.29999999999995,366.6,391.43999999999994,228620531.99999997,0.07110898050495594,0.5977528089887403
2002-03-04,396.29999999999995,407.274,396.0,405.36,203112384.0,0.02844814534443849,0.8036189462479382
2002-03-05,404.64,411.0,393.90000000000003,394.38,230344212.0,0.042259786476870606,-0.5999999999999657
2002-03-06,397.20000000000005,416.22,396.18,413.82,252857814.0,0.050453172205440495,0.8293413173652247
2002-03-07,411.90000000000003,417.29999999999995,403.98,404.64,149716800.0,0.03233794610342535,-0.5450450450450103
2002-03-08,406.14,414.606,403.02,405.54,182236158.0,0.028527108878714198,-0.051786639047118374
2002-03-11,405.59999999999997,407.02200000000005,396.96,396.96,203607400.0,0.024807692307694883,-0.8586762075133243
2002-03-12,395.09999999999997,404.88,390.36,398.28,140592840.0,0.03675018982536306,0.2190082644627956
2002-03-13,410.41200000000003,419.70000000000005,409.98,415.86,323546011.0,0.02368351802579116,0.5604938271604324
2002-03-14,413.40000000000003,417.48,402.96,409.32,190995534.0,0.03512336719884132,-0.2809917355371728
2002-03-15,409.26,420.0,408.36,419.58000000000004,195608196.00000003,0.028441577481310067,0.886597938144259
2002-03-18,418.14,426.78,413.15999999999997,425.76,263098391.99999997,0.03257282249964359,0.5594713656387256
2002-03-19,424.56000000000006,428.40000000000003,417.24,422.04,134532284.0,0.02628603730921659,-0.22580645161288596
2002-03-20,418.79999999999995,422.34000000000003,405.48,405.72,180207300.0,0.04025787965616278,-0.7758007117437213
2002-03-21,407.34000000000003,424.38,400.5,421.08000000000004,228344666.00000003,0.05862424510237377,0.575376884422087
2002-03-22,418.74,425.28,415.086,415.20000000000005,140953480.0,0.024344461957302707,-0.34726309593875127
2002-03-25,415.20000000000005,416.58000000000004,399.06000000000006,402.90000000000003,216068555.00000003,0.04219653179190977,-0.7020547945205093
2002-03-26,403.08000000000004,413.09999999999997,402.18,407.93999999999994,210959371.99999997,0.027091396248885905,0.4450549450548968
2002-03-27,405.0,414.48,403.20000000000005,406.38,177757385.0,0.027851851851854185,0.12234042553190394
2002-03-28,407.64,408.0,384.54599999999994,385.79999999999995,338642380.0,0.057536061230499966,-0.9311844461498696
2002-04-01,386.22,394.86,380.28000000000003,393.29999999999995,241400985.0,0.03775050489358641,0.48559670781889225
2002-04-02,391.5,401.04599999999994,384.59999999999997,388.68,273624242.0,0.042007662835251404,-0.17147026632614784
2002-04-03,391.5,394.08000000000004,371.52,379.14,291078416.0,0.05762452107279949,-0.5478723404255068
2002-04-04,378.9,386.26199999999994,363.36,365.58,334103562.0,0.06044338875693024,-0.5816085931359468
2002-04-05,368.34000000000003,370.74,349.14,360.24,490857020.0,0.05864147255253559,-0.37499999999998335
2002-04-08,356.4,365.58,349.5,358.68,295630034.0,0.04511784511784775,0.14179104477611257
2002-04-09,360.0,362.34000000000003,346.05600000000004,347.64,209064902.0,0.04523333333333596,-0.7590272660279577
2002-04-10,360.65999999999997,374.82,355.48199999999997,370.20000000000005,548290880.0,0.05361836632840062,0.4933291964008467
2002-04-11,370.32,374.88,355.68,356.21999999999997,286614612.0,0.051847051198965585,-0.7343749999999635
2002-04-12,359.76,363.0,349.38,361.08,219404244.0,0.03785857238159041,0.09691629955946372
2002-04-15,362.64,371.334,354.36,369.9,174395520.0,0.04680675049636262,0.4277129727818763
2002-04-16,371.70000000000005,375.9,364.62,369.12,188208136.0,0.030347054075870166,-0.22872340425530305
2002-04-17,370.79999999999995,371.1,363.9,366.0,133657100.0,0.019417475728158107,-0.6666666666665635
2002-04-18,365.88,386.22,364.02,384.0,211948800.0,0.06067563135454516,0.816216216216178
2002-04-19,387.96,388.26,372.48,376.38,194281083.0,0.040674296319210566,-0.7338403041824633
2002-04-22,375.06,378.96,367.56,376.98,189300507.0,0.030395136778118025,0.1684210526315659
2002-04-23,376.26,377.76,365.21999999999997,366.9,187333025.0,0.03332801785999306,-0.7464114832535289
2002-04-24,359.21999999999997,360.6,349.02,349.98,731814013.0,0.03223651244363067,-0.7979274611398205
2002-04-25,349.68,349.98,334.5,340.38,265638225.0,0.04426904598490326,-0.6007751937984108
2002-04-26,342.0,342.12,327.0,327.9,296918915.0,0.04421052631579228,-0.932539682539622
2002-04-29,327.36,329.34000000000003,310.74,315.12,296049988.0,0.05681818181818476,-0.6580645161289966
2002-04-30,315.0,331.62,306.84000000000003,329.70000000000005,461612970.0,0.0786666666666695,0.5932203389830294
2002-05-01,329.21999999999997,329.28000000000003,318.84000000000003,325.5,221942175.0,0.03171131765992639,-0.35632183908042286
2002-05-02,320.70000000000005,331.26,313.79999999999995,315.06,195216427.0,0.054443405051452995,-0.3230240549828012
2002-05-03,312.0,315.78000000000003,289.20000000000005,305.21999999999997,393179317.0,0.08519230769231056,-0.25507900677200074
2002-05-06,304.79999999999995,305.1,282.96,285.0,272056250.0,0.07263779527559373,-0.8943089430893868
2002-05-07,288.9,297.0,278.28000000000003,285.42,267338643.0,0.06479750778816512,-0.18589743589742422
2002-05-08,298.20000000000005,312.6,294.0,312.29999999999995,315683250.0,0.06237424547284022,0.7580645161289857
2002-05-09,310.68,316.14,294.18,294.65999999999997,189063678.0,0.07068366164542586,-0.7295081967212808
2002-05-10,296.34000000000003,296.34000000000003,270.12,275.94,377858439.0,0.08847944928123416,-0.7780320366132432
2002-05-13,279.0,285.78000000000003,266.04,267.6,318069360.0,0.07075268817204636,-0.5775075987841639
2002-05-14,279.84000000000003,280.5,247.20000000000002,275.70000000000005,682858355.0,0.11899656946827065,-0.12432432432432024
2002-05-15,275.15999999999997,294.6,271.86,285.71999999999997,375493224.0,0.08264282599215339,0.46437994722953096
2002-05-16,284.64,287.70000000000005,273.0,273.65999999999997,190695410.0,0.0516441821247927,-0.7469387755101522
2002-05-17,275.28000000000003,289.08,274.62,287.58,231036979.0,0.05252833478640266,0.8506224066389434
2002-05-20,286.56,288.36,270.29999999999995,271.26,170324154.0,0.06302345058626813,-0.8471760797341703
2002-05-21,276.06,276.84000000000003,253.26,253.26,254842875.0,0.0854162138665542,-0.9669211195928332
2002-05-22,254.64,262.92,252.36,262.14,181033884.0,0.04147031102733648,0.7102272727272053
2002-05-23,266.82,285.6,255.42000000000002,283.79999999999995,246636390.0,0.11310996177198444,0.562624254473141
2002-05-24,276.6,284.34000000000003,264.0,266.64,232954480.0,0.07353579175705334,-0.4896755162241658
2002-05-28,267.9,275.94,258.36,271.5,173022425.0,0.06562150055991384,0.2047781569965769
2002-05-29,268.68,275.58,260.70000000000005,261.9,147890565.0,0.05538186690487153,-0.4556451612902958
2002-05-30,262.5,267.24,255.48,266.4,144619680.0,0.04480000000000371,0.3316326530611938
2002-05-31,268.20000000000005,271.08,255.60000000000002,257.34000000000003,146791025.0,0.05771812080537248,-0.7015503875968565
2002-06-03,257.1,257.1,237.54000000000002,238.56,194545680.0,0.0760793465577632,-0.9478527607361489
2002-06-04,238.20000000000002,241.632,225.45600000000002,228.60000000000002,294318690.0,0.06790931989924819,-0.5934718100889842
2002-06-05,232.5,238.44,228.71999999999997,233.39999999999998,211993330.0,0.04180645161290746,0.09259259259258047
2002-06-06,232.56,234.89999999999998,217.86,225.0,286931250.0,0.07327141382869319,-0.443661971830961
2002-06-07,214.20000000000002,234.36,210.54000000000002,229.44,257718480.0,0.11120448179272119,0.6397984886649599
2002-06-10,230.64,233.57999999999998,225.89999999999998,230.21999999999997,193522932.0,0.03329864724246,-0.0546874999999949
2002-06-11,208.14,211.79999999999998,188.7,192.18,674337199.0,0.11098299221678141,-0.6909090909090604
2002-06-12,191.46,192.60000000000002,184.5,191.04,290877504.0,0.042306486994677636,-0.05185185185184727
2002-06-13,192.29999999999998,201.18,188.16,198.0,226620900.0,0.06770670826833565,0.4377880184331471
2002-06-14,193.86,213.71999999999997,188.7,210.78000000000003,255240528.00000003,0.12906220984215852,0.6762589928057295
2002-06-17,215.10000000000002,229.32,214.92000000000002,226.02,209151374.0,0.0669456066945649,0.758333333333281
2002-06-18,226.20000000000002,227.82,217.5,217.62,144586728.0,0.0456233421750705,-0.8313953488371305
2002-06-19,219.0,229.07999999999998,215.04000000000002,215.70000000000002,213970805.00000003,0.06410958904109999,-0.2350427350427177
2002-06-20,212.39999999999998,218.04000000000002,201.66,203.88,164558343.99999997,0.07711864406780107,-0.5201465201464865
2002-06-21,203.39999999999998,210.714,195.60000000000002,195.66,165362049.0,0.07430678466077141,-0.5121079793568533
2002-06-24,195.12,213.29999999999998,195.0,206.76,210164648.0,0.09378843788438339,0.6360655737704569
2002-06-25,209.76,215.10000000000002,201.60000000000002,203.16,160929808.0,0.06435926773455825,-0.48888888888885224
2002-06-26,197.82,217.20000000000002,194.45999999999998,215.45999999999998,231705683.99999997,0.1149529875644572,0.7757255936675103
2002-06-27,218.82,221.52,213.06,217.79999999999998,172425000.0,0.03866191390184156,-0.12056737588651166
2002-06-28,219.06,223.5,210.0,212.70000000000002,134281055.0,0.06162695152013575,-0.4711111111110751
2002-07-01,204.06,209.10000000000002,193.07999999999998,195.60000000000002,162403420.0,0.07850632167010173,-0.528089887640414
2002-07-02,191.39999999999998,201.95999999999998,124.56,189.60000000000002,434699080.0,0.4043887147335453,-0.023255813953487494
2002-07-03,188.94,202.32,186.414,200.70000000000002,168644865.0,0.08418545570022717,0.7393436439079137
2002-07-05,204.29999999999998,211.32,204.24,209.82,51685660.0,0.03465491923642169,0.7796610169490457
2002-07-08,209.64,217.14,207.29999999999998,207.42000000000002,122474596.0,0.04693760732685059,-0.22560975609753497
2002-07-09,209.64,210.48,196.32,196.86,109910219.00000001,0.06754436176302676,-0.9025423728812905
2002-07-10,194.34,196.20000000000002,179.46,180.89999999999998,160205040.0,0.08613769682001092,-0.8028673835124981
2002-07-11,193.68,207.18,186.60000000000002,203.57999999999998,303469920.0,0.1062577447335857,0.4810495626821917
2002-07-12,207.60000000000002,223.5,205.20000000000002,217.668,301858354.59999996,0.08815028901734534,0.5501639344261992
2002-07-15,215.70000000000002,222.66,208.44,221.76,202832784.0,0.06592489568846051,0.4261603375527108
2002-07-16,216.0,242.94,215.94,233.45999999999998,310447326.0,0.12500000000000405,0.646666666666642
2002-07-17,243.36,255.0,238.5,249.36,413393164.0,0.06780078895463892,0.3636363636363416
2002-07-18,251.39999999999998,251.39999999999998,235.20000000000002,244.38,264842751.99999997,0.0644391408114594,-0.4333333333333066
2002-07-19,241.92000000000002,241.92000000000002,228.66,232.68,209850214.0,0.05481150793651192,-0.6968325791854675
2002-07-22,232.56,240.0,218.16,229.20000000000002,214194963.60000002,0.09391124871001423,-0.1538461538461461
2002-07-23,229.79999999999998,234.66,223.56,225.54000000000002,224447409.06000003,0.048302872062667306,-0.383783783783746
2002-07-24,224.10000000000002,240.36,214.5,239.94,266378948.61,0.11539491298527842,0.6125290023201607
2002-07-25,243.78000000000003,253.79999999999998,237.36,243.36,283724054.64000005,0.0674378538026126,-0.02554744525547392
2002-07-26,242.39999999999998,243.60000000000002,229.20000000000002,237.0,189226646.0,0.05940594059406332,-0.37499999999997224
2002-07-29,241.68,255.89999999999998,241.39799999999997,253.74,229351483.87,0.06000496524330085,0.8316094331815724
2002-07-30,252.0,272.1,249.0,264.0,287891692.0,0.09166666666667035,0.5194805194804966
2002-07-31,261.36,271.79999999999995,258.0,267.54,236527253.69000003,0.05280073461891988,0.44782608695649123
2002-08-01,265.79999999999995,265.86,255.95999999999998,256.02,160388721.39000002,0.037246049661403303,-0.9878787878786819
2002-08-02,254.39999999999998,264.54,247.38600000000002,250.5,193899024.0,0.06742924528302252,-0.22735222105629888
2002-08-05,250.20000000000002,258.06,240.06,242.10000000000002,169891052.25,0.07194244604316917,-0.44999999999997475
2002-08-06,242.76,253.92000000000002,242.13600000000002,249.78000000000003,198132323.32000002,0.04854176964903997,0.5957230142565723
2002-08-07,254.10000000000002,257.70000000000005,246.0,255.66,174227986.39,0.04604486422668634,0.13333333333331918
2002-08-08,255.66,274.26,254.70000000000002,269.1,271837285.2,0.07650786200422786,0.6871165644171451
2002-08-09,266.1,284.4,264.65999999999997,275.21999999999997,237525639.45,0.0741826381059787,0.4620060790273294
2002-08-12,272.58,282.06,269.28000000000003,277.68,124961553.60000001,0.04688531807176215,0.39906103286382116
2002-08-13,277.62,278.4,262.68,263.34000000000003,222613986.21,0.056624162524317095,-0.9083969465648277
2002-08-14,262.74,274.68,255.06,274.56,231613736.64,0.07467458323818575,0.602446483180397
2002-08-15,275.88,281.88,266.04,274.79999999999995,221893351.39999998,0.05741626794258706,-0.06818181818181657
2002-08-16,273.0,277.5,268.44,271.79999999999995,119778182.99999999,0.03318681318681673,-0.1324503311258182
2002-08-19,270.6,271.314,262.026,265.98,157813603.09,0.034323725055435975,-0.497416020671781
2002-08-20,262.98,269.21999999999997,261.06,262.26,145786268.97,0.031028975587500708,-0.08823529411763993
2002-08-21,265.20000000000005,270.9,262.686,270.78000000000003,128953875.31,0.030972850678736674,0.6793279766251894
2002-08-22,269.94,286.02,265.26,280.62,181318029.54000002,0.07690597910647148,0.5144508670519989
2002-08-23,278.76,278.76,259.5,259.62,225914876.77,0.06909169177787673,-0.9937694704049327
2002-08-26,259.02,259.08,245.04000000000002,252.48,247551253.76,0.05420430854760601,-0.4658119658119333
2002-08-27,254.57999999999998,257.4,246.29999999999998,247.79999999999998,179299407.0,0.04360122554796508,-0.6108108108107562
2002-08-28,244.98,252.29999999999998,244.26,248.45999999999998,156087955.29999998,0.03281900563311683,0.4328358208954677
2002-08-29,246.84,254.70000000000002,242.52,250.98,170000048.1,0.049343704423922205,0.3399014778324831
2002-08-30,249.0,250.68,240.42000000000002,241.07999999999998,117893705.02,0.041204819277112247,-0.7719298245613305
2002-09-03,240.24,240.24,231.60000000000002,233.94,225924942.67000002,0.03596403596403992,-0.7291666666665847
2002-09-04,234.06,247.86,230.88,245.21999999999997,152901903.98999998,0.0725455011535544,0.6572438162543758
2002-09-05,237.06,241.14,233.046,234.60000000000002,201678230.1,0.034143254872188306,-0.30392883617490457
2002-09-06,239.39999999999998,250.32,239.39999999999998,244.26,148626714.15,0.045614035087723354,0.4450549450549049
2002-09-09,242.64,256.56,240.18,252.06,151736381.10999998,0.06750741839762993,0.5750915750915412
2002-09-10,250.5,262.14,249.60000000000002,259.98,185204812.38,0.05005988023952461,0.7559808612439625
2002-09-11,261.0,269.88,259.5,261.84000000000003,126796892.8,0.039770114942532395,0.08092485549132479
2002-09-12,259.79999999999995,261.0,250.14,250.74,134892394.77,0.04180138568129705,-0.834254143646326
2002-09-13,248.45999999999998,263.4,247.92000000000002,261.78000000000003,188349444.73000002,0.06230379135474885,0.8604651162790196
2002-09-16,258.96,264.36,255.60000000000002,262.20000000000005,119137780.50000001,0.033827618164971256,0.3698630136985958
2002-09-17,265.5,268.79999999999995,259.506,264.18,200789656.76,0.03500564971751769,-0.14202711426725345
2002-09-18,262.79999999999995,269.64,259.5,265.44,163533779.36,0.03858447488584836,0.2603550295857778
2002-09-19,262.374,262.74,233.04000000000002,237.60000000000002,380046862.8,0.11319719179492202,-0.8341414141413864
2002-09-20,237.0,242.70000000000002,226.74,240.18,434938599.48,0.0673417721519027,0.1992481203007397
2002-09-23,238.98,239.28000000000003,225.0,230.39999999999998,213256128.0,0.059753954305803714,-0.6008403361344113
2002-09-24,228.06,241.07999999999998,225.89999999999998,237.89999999999998,212162669.54999998,0.0665614312023193,0.6482213438734732
2002-09-25,242.52,254.04000000000002,240.95999999999998,254.04000000000002,266836841.60000002,0.05393369619000902,0.8807339449540591
2002-09-26,254.39999999999998,257.1,244.656,254.94,263023595.03,0.04891509433962645,0.04339440694310321
2002-09-27,253.20000000000002,266.04,250.79999999999998,253.32,309546316.12,0.060189573459719495,0.007874015748029393
2002-09-30,249.29999999999998,256.44,241.98600000000002,249.12,281055108.0,0.057978339350184205,-0.012453300124530662
2002-10-01,250.86,251.64,234.0,249.95999999999998,421658815.46,0.07031810571633945,-0.05102040816326439
2002-10-02,249.84,253.44,241.44,244.26,267844157.91,0.04803073967339478,-0.4649999999999623
2002-10-03,244.62,249.0,234.89999999999998,235.79999999999998,175678506.29999998,0.05764042187883642,-0.6255319148935732
2002-10-04,236.57999999999998,236.832,217.20000000000002,218.39999999999998,313534494.0,0.08298250063403878,-0.9260391198043554
2002-10-07,217.26,230.39999999999998,216.95999999999998,225.36,183238713.60000002,0.06186136426401978,0.6026785714285284
2002-10-08,226.62,230.70000000000002,219.54000000000002,225.64799999999997,180144501.264,0.04924543288324485,-0.0870967741935439
2002-10-09,225.12,226.86,212.21999999999997,218.52,267189976.26000002,0.06503198294243505,-0.450819672131115
2002-10-10,227.39999999999998,234.48,219.42000000000002,231.60000000000002,276621148.6,0.0662269129287639,0.2788844621513794
2002-10-11,234.18,239.39999999999998,229.92000000000002,232.02,177263937.39000002,0.040481680758394915,-0.22784810126579932
2002-10-14,231.71999999999997,239.70000000000002,231.12,235.26,149682841.86,0.03702744691869919,0.41258741258736625
2002-10-15,243.66,250.26,243.54000000000002,248.76,261102973.68,0.0275794139374577,0.7589285714284609
2002-10-16,246.78000000000003,254.39999999999998,240.0,242.52,212456493.24,0.05835156819839905,-0.2958333333333146
2002-10-17,248.94,263.1,245.45999999999998,262.38,283774202.82,0.07086044830079927,0.7619047619047168
2002-10-18,259.79999999999995,267.24,258.54,260.52,197587355.94,0.03348729792148174,0.0827586206896489
2002-10-21,260.1,276.78000000000003,259.26,276.78000000000003,271599047.44,0.06735870818916173,0.952054794520492
2002-10-22,272.70000000000005,275.94,263.46,265.44,223441862.0,0.04576457645764932,-0.5817307692307256
2002-10-23,266.1,268.14,258.71999999999997,266.4,137771290.79999998,0.03540022547914686,0.03184713375795352
2002-10-24,267.36,268.20000000000005,254.10000000000002,254.94,104570269.44,0.05273788150808262,-0.8808510638297244
2002-10-25,257.46,266.21999999999997,256.92,265.56,134464491.34,0.03612211605686677,0.8709677419353969
2002-10-28,263.94,270.0,261.42,263.70000000000005,121781318.7,0.03250738804274059,-0.027972027972019198
2002-10-29,264.71999999999997,266.04,255.0,259.26,106753329.7,0.04170444242974078,-0.49456521739125675
2002-10-30,263.4,273.6,260.4,267.96,203427550.48,0.05011389521640469,0.34545454545451826
2002-10-31,268.02,279.0,267.96,276.12,217593512.76000002,0.041190955898817175,0.7336956521738472
2002-11-01,276.36,280.02,271.74,279.42,166107319.67,0.029960920538431544,0.3695652173912612
2002-11-04,282.0,283.20000000000005,275.94,278.04,141255626.96,0.02574468085106745,-0.5454545454544639
2002-11-05,276.65999999999997,284.46,269.82,277.79999999999995,226508952.6,0.0529169377575397,0.07786885245901022
2002-11-06,277.56,277.62,266.94,273.54,216812818.9,0.03847816688283963,-0.37640449438198526
2002-11-07,270.9,276.36,260.64,262.08,149891196.0,0.05802879291251742,-0.5610687022900392
2002-11-08,263.1,265.79999999999995,252.12,253.14,137922696.15,0.051995438996582655,-0.7280701754385486
2002-11-11,259.14,262.32,252.18,252.84,93193284.24,0.03912942810836207,-0.6213017751478669
2002-11-12,252.66,259.62,250.68,254.16,138826004.4,0.03538351935407648,0.16778523489931013
2002-11-13,254.52,256.68,247.20000000000002,253.07999999999998,206543860.5,0.03724658180104099,-0.1518987341772021
2002-11-14,254.34,257.58,250.02,253.20000000000002,134887447.0,0.02972399150743471,-0.15079365079362955
2002-11-15,252.36,252.95999999999998,239.21999999999997,242.16,188624760.52,0.0544460294816966,-0.7423580786025668
2002-11-18,243.89999999999998,247.92000000000002,228.29999999999998,236.04000000000002,171411539.88000003,0.08044280442804819,-0.4006116207950838
2002-11-19,233.64,239.34,226.44,229.44,204246952.64000002,0.05521314843349149,-0.3255813953488109
2002-11-20,230.21999999999997,235.79999999999998,226.5,231.24,215547899.44,0.04039614281991549,0.10967741935483127
2002-11-21,231.24,245.34,229.68,242.16,235195518.76,0.06772184743124429,0.6973180076627901
2002-11-22,241.26,245.21999999999997,234.306,236.21999999999997,124231444.44999999,0.04523750310868322,-0.4617921935128805
2002-11-25,237.06,237.06,213.36,217.44,333096118.56,0.09997468995191465,-0.8278481012657884
2002-11-26,201.036,205.5,192.24599999999998,197.04000000000002,561620254.9200001,0.06592849041963107,-0.30149388863736787
2002-11-27,199.86599999999999,202.38,197.04000000000002,198.84,251524513.84,0.026717900993670503,-0.1921348314606357
2002-11-29,198.24,199.38,195.48,197.39999999999998,51202993.8,0.01967312348668778,-0.215384615384568
2002-12-02,199.86,207.89999999999998,195.24,200.70000000000002,170144629.20000002,0.06334434103873163,0.06635071090046912
2002-12-03,192.54000000000002,195.60000000000002,187.02,193.74,289046615.07,0.04456216889997386,0.13986013986012202
2002-12-04,193.74,200.70000000000002,190.8,193.74,167592462.12,0.051099411582538216,0.0
2002-12-05,194.88,199.32,194.88,196.92000000000002,146392231.56,0.022783251231532096,0.4594594594593608
2002-12-06,196.26,204.89999999999998,189.60000000000002,195.66,179342021.22,0.07795781106695647,-0.039215686274506986
2002-12-09,195.29999999999998,206.34,193.79999999999998,199.92000000000002,212322803.56,0.0642089093702046,0.3684210526315516
2002-12-10,207.36,211.5,204.48,204.78000000000003,158709994.93,0.033854166666671376,-0.36752136752131237
2002-12-11,204.95999999999998,207.89999999999998,202.02,205.26,83409556.23,0.028688524590168518,0.05102040816325885
2002-12-12,206.57999999999998,211.32,206.57999999999998,209.04000000000002,108161581.32000001,0.02294510601220344,0.5189873417720491
2002-12-13,206.70000000000002,207.54000000000002,198.60000000000002,200.57999999999998,119305585.74,0.04325108853411202,-0.684563758389189
2002-12-16,195.60000000000002,204.606,192.0,203.57999999999998,161394050.60999998,0.06444785276074094,0.6330318895763392
2002-12-17,202.07999999999998,211.5,200.70000000000002,206.34,136475786.47,0.053444180522569926,0.39444444444441035
2002-12-18,204.0,210.0,202.44,204.0,166825114.0,0.037058823529416494,0.0
2002-12-19,205.79999999999998,207.12,203.10000000000002,204.12,114719352.30000001,0.01953352769679768,-0.4179104477610866
2002-12-20,204.36,208.38,202.92000000000002,206.10000000000002,93255681.45,0.02671755725191306,0.31868131868126315
2002-12-23,206.57999999999998,214.74,205.20000000000002,214.07999999999998,116616369.28,0.04618065640430316,0.7861635220124968
2002-12-24,213.0,215.52,208.5,210.24,33003685.439999998,0.03295774647887783,-0.39316239316233526
2002-12-26,210.06,212.94,207.60000000000002,210.12,73874514.9,0.025421308197662335,0.01123595505617815
2002-12-27,208.20000000000002,209.64,201.12,201.71999999999997,64899913.519999996,0.04092219020173363,-0.760563380281608
2002-12-30,201.29999999999998,202.26,195.36,199.02,62898446.650000006,0.03427719821162913,-0.3304347826086449
2002-12-31,199.79999999999998,201.29999999999998,196.62,199.02,75203521.55,0.023423423423428204,-0.166666666666626
2003-01-02,200.28000000000003,208.98,199.26,206.04000000000002,119373532.16000001,0.04853205512283278,0.5925925925925307
2003-01-03,204.95999999999998,208.26,201.0,202.14,67316528.03999999,0.035421545667451974,-0.38842975206606173
2003-01-06,203.88,213.0,202.82999999999998,205.38,113004388.97999999,0.04988228369629668,0.14749262536871682
2003-01-07,205.68,208.74,201.60000000000002,205.44,106848796.16000001,0.03471411901984127,-0.033613445378147894
2003-01-08,204.95999999999998,205.20000000000002,197.39999999999998,198.18,96163839.27000001,0.03805620608899787,-0.8692307692306499
2003-01-09,198.66,205.02,196.62,198.89999999999998,97246585.8,0.042283298097256436,0.02857142857142285
2003-01-10,198.24,205.20000000000002,195.66,203.21999999999997,114857606.96999998,0.04812348668281362,0.5220125786162924
2003-01-13,207.0,208.5,201.42000000000002,204.24,109911041.16,0.03420289855072923,-0.3898305084745208
2003-01-14,203.39999999999998,206.82,202.26,204.29999999999998,109449502.8,0.02241887905605202,0.19736842105258945
2003-01-15,205.38,205.56,199.79999999999998,200.52,162165336.48000002,0.028045574057848823,-0.8437499999998481
2003-01-16,212.45999999999998,222.84,209.70000000000002,216.29999999999998,440755735.7,0.06184693589381966,0.29223744292235276
2003-01-17,216.0,217.44,209.70000000000002,210.29999999999998,168436981.0,0.03583333333333771,-0.7364341085270407
2003-01-21,211.02,213.60000000000002,206.39999999999998,212.21999999999997,141777673.92,0.03411998862667525,0.16666666666663693
2003-01-22,212.04000000000002,216.84,207.06,207.48,138317613.98,0.046123372948504784,-0.46625766871161184
2003-01-23,206.52,207.24,200.88,204.89999999999998,174304639.35,0.030796048808836834,-0.25471698113204005
2003-01-24,204.89999999999998,204.95999999999998,191.04,194.88,184263944.48,0.06793557833089761,-0.7198275862068442
2003-01-27,190.5,197.52,188.57999999999998,191.34,137586726.24,0.04692913385827286,0.09395973154361376
2003-01-28,192.78000000000003,195.0,187.92000000000002,193.32,126113333.03999999,0.036725801431688694,0.07627118644066222
2003-01-29,193.5,195.29999999999998,187.74,189.0,104491233.0,0.0390697674418653,-0.5952380952380185
2003-01-30,192.12,195.60000000000002,188.76,189.42000000000002,106391941.81,0.03560274828232873,-0.39473684210520193
2003-01-31,189.48,196.86,189.162,192.48,109505015.83999999,0.04062697910070175,0.3897116134060285
2003-02-03,192.48,196.194,191.394,194.45999999999998,88135267.85,0.024937655860354107,0.4124999999999134
2003-02-04,194.10000000000002,194.10000000000002,181.92000000000002,184.26,145958610.84,0.06275115919629543,-0.8078817733989506
2003-02-05,185.39999999999998,190.14000000000001,180.174,185.88,128319376.86,0.053754045307448525,0.04816375677302525
2003-02-06,184.68,186.89999999999998,182.82,184.26,70113632.48,0.022092267706308004,-0.1029411764705673
2003-02-07,186.54,188.22,181.62,185.16,83031761.7,0.03538115149566291,-0.2090909090908769
2003-02-10,185.39999999999998,187.2,181.74,184.5,58682131.5,0.029449838187707394,-0.1648351648351311
2003-02-11,186.24,188.10000000000002,183.48,185.39999999999998,76618342.2,0.02480670103093325,-0.18181818181814804
2003-02-12,184.38,187.92000000000002,181.32,181.62,71264479.38,0.03579563944029172,-0.418181818181752
2003-02-13,181.5,181.62,170.28,176.76,128291583.12,0.062479338842980396,-0.41798941798938183
2003-02-14,177.48,181.32,175.85999999999999,179.39999999999998,73092284.2,0.030764029749836476,0.35164835164828445
2003-02-18,180.12,184.8,179.57999999999998,183.89999999999998,69671158.64999999,0.028980679546974232,0.724137931034335
2003-02-19,184.5,185.57999999999998,179.57999999999998,182.22,55261464.59,0.032520325203257275,-0.37999999999993683
2003-02-20,179.46,182.16,174.89999999999998,177.0,96913105.0,0.04045469742561562,-0.3388429752065651
2003-02-21,174.0,182.39999999999998,173.64000000000001,179.94,96736433.77,0.05034482758621214,0.6780821917807471
2003-02-24,179.04,179.10000000000002,174.24,174.60000000000002,56706500.7,0.02714477211796798,-0.9135802469133834
2003-02-25,172.14000000000001,178.5,169.56,177.06,171189870.8,0.051934471941448505,0.5503355704697358
2003-02-26,176.04,178.07999999999998,171.0,171.42000000000002,86167491.41,0.040218132242677486,-0.6525423728812618
2003-02-27,172.07999999999998,176.10000000000002,171.0,174.96,62034575.76,0.02963737796374357,0.5647058823528326
2003-02-28,175.5,176.28,171.0,172.5,90705905.0,0.03008547008547562,-0.5681818181817104
2003-03-03,171.54,180.66,171.24,174.60000000000002,118458504.9,0.0549143057012996,0.3248407643311794
2003-03-04,175.14000000000001,176.28,172.07999999999998,172.32,56496404.4,0.02398081534772749,-0.671428571428414
2003-03-05,173.46,177.0,171.96,172.02,87277615.38000001,0.029055690072644778,-0.285714285714229
2003-03-06,172.14000000000001,175.62,170.7,172.32,90452692.24,0.028581387242947526,0.03658536585364659
2003-03-07,171.72,177.60000000000002,168.96,171.60000000000002,90522546.4,0.05031446540881065,-0.013888888888884494
2003-03-10,170.39999999999998,174.66,169.86599999999999,172.14000000000001,76528595.39,0.028133802816907184,0.3629536921150752
2003-03-11,171.66,174.72,167.64000000000001,168.54,72307171.25,0.041244320167779,-0.4406779661016343
2003-03-12,168.54,171.78,166.8,170.28,98392041.0,0.029547881808478466,0.3493975903613782
2003-03-13,173.04,183.54,172.5,182.94,163455243.54,0.06380027739251577,0.8967391304347025
2003-03-14,182.39999999999998,185.22,178.44,182.04,170969298.08,0.03717105263158424,-0.05309734513273334
2003-03-17,181.8,196.79999999999998,181.02,195.71999999999997,192477930.82,0.08679867986799167,0.882129277566483
2003-03-18,195.42000000000002,204.78000000000003,192.60000000000002,204.48,181060394.39999998,0.062327295056805565,0.7438423645319561
2003-03-19,204.36,204.60000000000002,196.62,202.98,161233441.7,0.03904873752202476,-0.1729323308270486
2003-03-20,201.42000000000002,209.21999999999997,199.5,207.0,173534827.5,0.04825737265416007,0.5740740740740151
2003-03-21,209.21999999999997,211.14,201.786,206.21999999999997,176922943.26,0.04470891884141546,-0.3207184092366564
2003-03-24,203.88,203.94,196.44,197.28000000000003,102810334.80000001,0.03678634490877459,-0.8799999999998781
2003-03-25,198.24,206.21999999999997,197.94,205.79999999999998,124557157.19999999,0.04176755447942358,0.9130434782607592
2003-03-26,206.28000000000003,209.70000000000002,204.312,206.21999999999997,98386290.30999999,0.026119837114606255,-0.011135857461033393
2003-03-27,206.04000000000002,214.91400000000002,204.78000000000003,213.24,123292418.17999999,0.04918462434479196,0.7104795737121855
2003-03-28,211.86,216.24,210.906,212.16,79888070.08,0.025177003681681194,0.05624296962878263
2003-03-31,209.88,210.06,204.48,205.32,89250105.94,0.026586620926248267,-0.8172043010751209
2003-04-01,209.34,210.0,202.68,204.60000000000002,91694354.4,0.034967039266269984,-0.6475409836064668
2003-04-02,210.29999999999998,213.12,207.89999999999998,210.84,118991735.66,0.024821683309562543,0.10344827586205252
2003-04-03,213.89999999999998,225.89999999999998,210.71999999999997,223.56,275555510.28,0.07096774193548826,0.6363636363635958
2003-04-04,221.70000000000002,228.95999999999998,219.0,221.70000000000002,169745344.0,0.04492557510149271,0.0
2003-04-07,227.45999999999998,228.60000000000002,206.64,209.04000000000002,256345020.36,0.09654444737536684,-0.8387978142076089
2003-04-08,211.32,213.12,205.5,207.48,163348623.62,0.03605905735378085,-0.5039370078739498
2003-04-09,207.78000000000003,211.32,203.39999999999998,203.64,134478154.07999998,0.03811723938781873,-0.5227272727272111
2003-04-10,187.38,190.32,184.8,189.54,383423403.87,0.029458853666351547,0.39130434782601675
2003-04-11,192.42000000000002,192.89999999999998,187.5,189.78,115220593.69,0.028063610851267795,-0.48888888888880316
2003-04-14,189.84,191.10000000000002,185.7,188.34,75414255.27,0.028445006321117815,-0.27777777777772455
2003-04-15,187.85999999999999,188.64000000000001,182.82,188.10000000000002,123952946.7,0.030980517406584644,0.041237113402061064
2003-04-16,190.26,192.54000000000002,180.06,180.42000000000002,182625784.85,0.06559444970041498,-0.7884615384614722
2003-04-17,182.22,193.56,180.96,191.28,145862859.35999998,0.06914718472176998,0.7190476190475624
2003-04-21,194.52,195.0,189.0,191.10000000000002,62443740.45,0.030845157310307264,-0.5699999999999029
2003-04-22,192.84,197.70000000000002,187.32,197.70000000000002,108343422.2,0.05382700684505792,0.46820809248550427
2003-04-23,198.66,205.02,196.79999999999998,203.16,134167270.32,0.041377227423744015,0.5474452554743842
2003-04-24,198.95999999999998,206.28000000000003,195.84,203.10000000000002,172340606.55,0.05247285886610864,0.3965517241378962
2003-04-25,197.694,199.02,192.89999999999998,193.32,129678701.58,0.03095693344259817,-0.7147058823528197
2003-04-28,195.06,200.82,192.78000000000003,198.0,88015818.0,0.041218086742545484,0.36567164179100065
2003-04-29,198.0,203.94,196.74,198.89999999999998,69046842.14999999,0.03636363636364118,0.12499999999997968
2003-04-30,198.84,200.94,195.48,196.5,91127955.75,0.027459263729636797,-0.42857142857135005
2003-05-01,198.0,200.94,191.22,198.36,96120991.26,0.04909090909091389,0.037037037037034634
2003-05-02,199.20600000000002,205.68,196.07999999999998,205.07999999999998,120321974.1,0.048191319538573,0.6118749999999313
2003-05-05,206.70000000000002,215.28000000000003,204.60000000000002,204.89999999999998,189580753.95,0.0516690856313544,-0.16853932584268447
2003-05-06,202.79999999999998,203.28000000000003,194.28000000000003,195.29999999999998,182725316.54999998,0.04437869822485679,-0.8333333333332408
2003-05-07,196.20000000000002,200.10000000000002,194.88,196.79999999999998,109665159.99999999,0.02660550458716106,0.11494252873560303
2003-05-08,195.29999999999998,196.74,192.84,194.10000000000002,90907931.95,0.019969278033799213,-0.3076923076922181
2003-05-09,193.44,199.02,193.44,198.18,90108185.13000001,0.028846153846158934,0.8494623655912453
2003-05-12,198.66,203.88,195.0,202.20000000000002,82108634.60000001,0.04469948655995647,0.3986486486486063
2003-05-13,201.06,205.07999999999998,199.5,200.76,46867856.980000004,0.027752909579234836,-0.05376344086020761
2003-05-14,200.45999999999998,204.0,198.29999999999998,200.28000000000003,71270472.5,0.028434600419041153,-0.03157894736840664
2003-05-15,200.45999999999998,208.74,200.16,206.66400000000002,74005413.96800001,0.04280155642023831,0.7230769230768419
2003-05-16,207.24,207.60000000000002,202.74,205.07999999999998,106783036.84,0.023451071221776636,-0.4444444444443569
2003-05-19,206.76,213.12,203.21999999999997,204.78000000000003,184882619.56,0.04788160185723054,-0.1999999999999752
2003-05-20,204.60000000000002,205.20000000000002,198.12,201.18,70508225.2,0.034604105571852284,-0.4830508474575603
2003-05-21,202.20000000000002,204.24,195.12,199.79999999999998,83838710.69999999,0.04510385756677032,-0.26315789473681683
2003-05-22,200.76,211.20000000000002,199.79999999999998,210.0,124310655.0,0.05678421996414115,0.8105263157894009
2003-05-23,211.02,231.42000000000002,210.0,226.56,347701934.08,0.10150696616434894,0.7254901960783966
2003-05-27,221.39999999999998,247.32,217.92000000000002,237.89999999999998,285407083.65,0.13279132791328296,0.5612244897958998
2003-05-28,235.92000000000002,240.18,228.89999999999998,232.62,133575405.33000001,0.047812817904378524,-0.292553191489336
2003-05-29,235.07999999999998,238.79999999999998,221.10000000000002,223.14,200938425.36999997,0.07529351710056527,-0.6745762711864041
2003-05-30,226.68,229.56,222.29999999999998,229.32,173395846.26,0.03202752779248715,0.3636363636363107
2003-06-02,242.10000000000002,244.5,230.16,231.42000000000002,199122561.96,0.05923172242875235,-0.7447698744769358
2003-06-03,235.79999999999998,237.78000000000003,227.70000000000002,229.86,131277604.89,0.04274809160305755,-0.589285714285652
2003-06-04,233.34,233.34,228.06,231.36,177077622.72,0.022627924916435154,-0.37499999999992695
2003-06-05,231.29999999999998,251.28000000000003,231.06,245.64,347585062.46,0.08741893644617786,0.709198813056344
2003-06-06,249.36,252.36,237.0,237.0,240305360.0,0.06159769008662557,-0.8046874999999478
2003-06-09,239.21999999999997,240.12,228.12,230.16,145518506.56,0.05016302984700674,-0.754999999999935
2003-06-10,230.16,234.89999999999998,226.962,234.84,93158092.5,0.034489051094894654,0.5895691609976599
2003-06-11,237.78000000000003,242.45999999999998,233.10000000000002,241.74,165410635.29,0.03936411809235813,0.42307692307687766
2003-06-12,242.70000000000002,249.024,240.0,247.32,186097253.04,0.0371817058096455,0.5119680851063235
2003-06-13,243.29999999999998,247.98,239.94,240.84,98625746.16,0.033045622688043404,-0.30597014925369104
2003-06-16,243.24,249.84,241.44,248.70000000000002,125337546.25000001,0.03453379378392111,0.6499999999999231
2003-06-17,252.89999999999998,252.89999999999998,242.82,249.42000000000002,102432969.56,0.03985765124555534,-0.3452380952380577
2003-06-18,248.52,248.57999999999998,239.07,242.04000000000002,122865877.72000001,0.038266537904397845,-0.6813880126182245
2003-06-19,240.95999999999998,246.66,227.82,234.0,220262055.0,0.07818725099601978,-0.36942675159233596
2003-06-20,235.5,239.39999999999998,228.48,233.82,133615075.05,0.04636942675159635,-0.15384615384614056
2003-06-23,242.39999999999998,242.70000000000002,216.89999999999998,221.76,953055143.0400001,0.10643564356436029,-0.7999999999999673
2003-06-24,216.89999999999998,220.38,216.0,219.12,453856390.24,0.020193637621028014,0.5068493150683842
2003-06-25,219.60000000000002,227.10000000000002,217.20000000000002,222.12,513459144.54,0.04508196721311913,0.2545454545454269
2003-06-26,222.36,224.454,218.82,219.29999999999998,281355174.79999995,0.025337290879659063,-0.543130990415243
2003-06-27,220.07999999999998,220.14,209.04000000000002,211.74,278631524.49,0.050436205016361854,-0.7513513513512837
2003-06-30,211.79999999999998,211.79999999999998,202.79999999999998,203.76,284840518.8,0.04249291784703002,-0.8933333333332332
2003-07-01,202.79999999999998,214.26,200.94,211.92000000000002,371433632.12,0.06568047337278565,0.6846846846846361
2003-07-02,211.74,217.92000000000002,210.71999999999997,215.88,207100879.99999997,0.03400396712950322,0.5749999999999146
2003-07-03,212.94,216.24,210.12,214.98,133671697.6,0.0287404902789564,0.3333333333332773
2003-07-07,216.29999999999998,222.60000000000002,215.52,221.39999999999998,165392811.0,0.03273231622746639,0.7203389830507436
2003-07-08,220.92000000000002,229.14,220.20000000000002,227.76,182692331.64000002,0.04046713742531653,0.7651006711408538
2003-07-09,229.5,233.70000000000002,228.24,231.29999999999998,245700545.24999997,0.023790849673206903,0.32967032967026566
2003-07-10,224.16,227.52,221.10000000000002,223.74,328921926.63,0.028640256959319054,-0.06542056074765154
2003-07-11,223.20000000000002,227.88,222.89999999999998,226.92000000000002,125612738.42,0.02231182795699371,0.746987951807076
2003-07-14,228.0,229.20000000000002,219.06,220.26,228966033.47,0.04447368421053057,-0.7633136094673801
2003-07-15,220.86,224.82,219.0,219.29999999999998,183552345.6,0.0263515349089965,-0.2680412371133616
2003-07-16,221.28000000000003,222.41400000000002,216.60000000000002,218.10000000000002,116746458.2,0.0262744034707202,-0.546955624354913
2003-07-17,220.20000000000002,221.21999999999997,213.29999999999998,214.79999999999998,173186330.6,0.035967302452320396,-0.681818181818101
2003-07-18,215.04000000000002,215.10000000000002,208.38,210.0,279480705.0,0.03125000000000463,-0.7499999999998884
2003-07-21,213.29999999999998,217.79999999999998,211.14,212.82,155962228.46,0.03122362869198765,-0.07207207207205975
2003-07-22,213.36,216.0,211.74,213.0,103958129.0,0.019966254218227272,-0.08450704225350467
2003-07-23,214.20000000000002,217.44,212.39999999999998,216.29999999999998,105552056.74999999,0.023529411764710535,0.41666666666657554
2003-07-24,204.09,210.06,202.74,204.66,347418570.51,0.03586652947229633,0.07786885245900489
2003-07-25,206.04000000000002,208.02,202.5,207.54000000000002,114685012.86000001,0.026790914385560975,0.27173913043473286
2003-07-28,207.36,208.79999999999998,202.86,203.21999999999997,122021111.96999998,0.02864583333333787,-0.6969696969695905
2003-07-29,203.94,204.60000000000002,197.16,199.734,187252356.028,0.03648131803472095,-0.5653225806450818
2003-07-30,199.44,201.78000000000003,197.88,199.62,89057535.24000001,0.019554753309271034,0.046153846153835665
2003-07-31,201.24,206.64,199.20000000000002,202.56,76383789.28,0.0369707811568323,0.17741935483868565
2003-08-01,201.606,204.18,199.44,199.5,87713433.5,0.0235112050236649,-0.4443037974682587
2003-08-04,200.64,202.86,198.0,200.76,109975089.98,0.024222488038282447,0.024691358024687145
2003-08-05,200.39999999999998,201.0,194.88,195.06,86821075.96,0.03053892215569349,-0.8725490196076958
2003-08-06,192.29999999999998,195.95999999999998,191.10000000000002,191.34,110861949.54,0.025273010920441666,-0.19753086419748775
2003-08-07,191.16,195.54000000000002,191.16,194.76,78854493.72,0.02291274325173154,0.8219178082189846
2003-08-08,194.16,195.78000000000003,191.76,193.32,56878159.32,0.020704573547594862,-0.20895522388054388
2003-08-11,193.20000000000002,195.18,192.0,193.68,48290331.24,0.016459627329197674,0.15094339622636407
2003-08-12,193.38,199.02,193.20000000000002,198.60000000000002,77379624.3,0.03009618367980641,0.896907216494697
2003-08-13,204.06,205.26,197.166,198.12,134546594.0,0.03966480446927842,-0.7338769458857509
2003-08-14,198.84,199.20000000000002,190.38,196.20000000000002,84577503.60000001,0.04435727217864101,-0.29931972789112027
2003-08-15,198.60000000000002,202.20000000000002,195.0,198.95999999999998,50464711.8,0.036253776435050254,0.04999999999998694
2003-08-18,201.24,204.84,198.78000000000003,203.16,70313811.44,0.030113297555162708,0.3168316831682638
2003-08-19,204.89999999999998,204.89999999999998,196.14,199.32,116130841.42,0.042752562225480475,-0.6369863013697892
2003-08-20,198.0,201.36,198.0,200.57999999999998,65838646.64,0.016969696969702006,0.7678571428569064
2003-08-21,201.12,205.20000000000002,199.5,202.44,79767838.08,0.028341288782821147,0.23157894736837853
2003-08-22,202.86,204.36,196.92000000000002,197.04000000000002,57594332.24000001,0.03667553978113458,-0.7822580645160232
2003-08-25,197.64,201.54000000000002,196.74,200.94,49538240.550000004,0.024286581663635842,0.6874999999998574
2003-08-26,203.34,203.34,196.74,200.64,67410659.36,0.03245795219829331,-0.40909090909085005
2003-08-27,199.98,201.42000000000002,198.12,200.45999999999998,46877704.63999999,0.01650165016502148,0.14545454545449776
2003-08-28,200.70000000000002,202.56,197.52,202.26,61172862.800000004,0.025112107623323204,0.3095238095237434
2003-08-29,202.5,209.82,201.29999999999998,208.32,121628708.32,0.04207407407407886,0.6830985915492139
2003-09-02,208.26,211.5,204.36,209.28000000000003,110534022.4,0.034284067991937735,0.14285714285712853
2003-09-03,210.89999999999998,213.60000000000002,204.60000000000002,204.95999999999998,79121596.96,0.04267425320057353,-0.6599999999999264
2003-09-04,204.60000000000002,210.0,204.60000000000002,207.18,101265751.17,0.02639296187683749,0.4777777777776884
2003-09-05,209.34,209.45999999999998,205.26,206.45999999999998,95955657.17999999,0.020063055316714287,-0.68571428571413
2003-09-08,206.34,218.76,206.094,215.39999999999998,223228892.5,0.061384123291659085,0.715300805305484
2003-09-09,214.26,218.64,212.28000000000003,214.68,131811552.10000001,0.029683562027447624,0.06603773584904916
2003-09-10,214.5,216.48,207.29999999999998,207.54000000000002,83815997.52000001,0.04279720279720729,-0.7581699346404375
2003-09-11,207.95999999999998,215.10000000000002,205.92000000000002,214.07999999999998,152086356.8,0.044143104443166784,0.666666666666594
2003-09-12,213.18,215.94,210.89999999999998,215.94,100192812.93,0.023641992682245035,0.5476190476189349
2003-09-15,215.76,217.98,211.20000000000002,213.29999999999998,113262335.55,0.03142380422692316,-0.36283185840702875
2003-09-16,213.60000000000002,215.10000000000002,210.36,213.24,93162779.0,0.022191011235959675,-0.0759493670885943
2003-09-17,213.51,221.57999999999998,212.82,220.74,134062723.21,0.04102852325418459,0.8253424657533334
2003-09-18,220.86,225.89999999999998,220.26,225.0,147469237.5,0.025536538983976096,0.7340425531913586
2003-09-19,225.89999999999998,227.57999999999998,219.0,226.62,113807430.9,0.037981407702527434,0.08391608391607747
2003-09-22,223.26,224.88,218.21999999999997,220.62,105116421.35000001,0.02983069067455431,-0.39639639639633334
2003-09-23,221.07,222.89999999999998,219.66,222.0,69406339.0,0.01465599131497248,0.28703703703695227
2003-09-24,219.71999999999997,222.0,210.60000000000002,211.98,139185750.03,0.05188421627526364,-0.6789473684209927
2003-09-25,211.98,213.89999999999998,206.76,209.04000000000002,100471278.44000001,0.03368242287008658,-0.41176470588229175
2003-09-26,208.62,211.32,204.54000000000002,205.5,83036898.75,0.03249928098936315,-0.46017699115037713
2003-09-29,199.5,203.52,196.5,203.28000000000003,220008487.16000003,0.03518796992481692,0.5384615384614652
2003-09-30,200.39999999999998,203.16,197.76,199.74,180339819.73,0.026946107784436027,-0.12222222222219356
2003-10-01,201.24,203.57999999999998,197.34,202.07999999999998,121307613.6,0.031007751937989214,0.13461538461535946
2003-10-02,202.26,208.62,202.20000000000002,206.16,127006586.0,0.031741323049544926,0.6074766355139262
2003-10-03,208.38,212.76,205.14,208.68,115920661.82000001,0.03656780881083102,0.03937007874015378
2003-10-06,208.32,210.0,202.5,203.64,102508778.36,0.03600230414747007,-0.6239999999999177
2003-10-07,203.28000000000003,206.76,198.906,206.70000000000002,139148235.20000002,0.038636363636368284,0.4354469060350851
2003-10-08,206.39999999999998,209.28000000000003,200.45999999999998,203.21999999999997,123752512.49999999,0.04273255813953977,-0.36054421768703265
2003-10-09,206.39999999999998,206.88,197.28000000000003,199.86,237040655.31,0.046511627906981205,-0.6812499999999276
2003-10-10,198.0,204.0,197.88,199.02,132594719.93,0.030909090909095827,0.16666666666664098
2003-10-13,200.21999999999997,207.95999999999998,198.36,204.18,158063905.20000002,0.047947258016186795,0.4124999999999623
2003-10-14,206.21999999999997,207.29999999999998,202.38,204.78000000000003,122723834.88000001,0.023858015711380878,-0.29268292682919755
2003-10-15,208.38,208.38,200.64,201.48,98268847.8,0.037143679815725944,-0.8914728682169387
2003-10-16,202.5,204.89999999999998,201.24,202.44,58403163.980000004,0.018074074074078766,-0.016393442622947105
2003-10-17,202.44,203.70000000000002,195.0,195.60000000000002,93411355.4,0.04297569650267227,-0.7862068965516293
2003-10-20,195.29999999999998,196.56,189.78,195.60000000000002,112561084.4,0.03471582181260096,0.0442477876106188
2003-10-21,195.66,202.86,194.34,200.57999999999998,97070055.83,0.04354492486967682,0.5774647887323244
2003-10-22,198.24,200.21999999999997,191.94,193.44,112457343.44000001,0.04176755447942358,-0.5797101449274695
2003-10-23,193.20000000000002,197.34,190.38,194.70000000000002,122969891.55000001,0.03602484472050192,0.21551724137927913
2003-10-24,192.99,197.10000000000002,191.28,196.38120000000004,48810121.767400004,0.030157002953526045,0.5826804123710362
2003-10-27,199.02,199.86,192.12,194.52,74897073.04,0.03889056376244081,-0.5813953488371335
2003-10-28,201.0,205.62,199.26,205.62,151492385.58,0.03164179104478101,0.7264150943395076
2003-10-29,209.39999999999998,212.76,206.10000000000002,209.10000000000002,198343861.15,0.031805157593127686,-0.045045045045031665
2003-10-30,212.70000000000002,213.0,207.54000000000002,208.38,86601998.66999999,0.02566995768688742,-0.7912087912086532
2003-10-31,208.20000000000002,214.32,207.95999999999998,210.84,86496196.36,0.030547550432281377,0.4150943396225732
2003-11-03,210.12,213.60000000000002,208.5,211.20000000000002,84922464.0,0.024271844660198928,0.21176470588231291
2003-11-04,208.07999999999998,209.39999999999998,198.0,199.56,354658364.59999996,0.0547866205305696,-0.747368421052566
2003-11-05,200.10000000000002,207.0,199.5,204.06,170740300.97,0.03748125937031965,0.5279999999999269
2003-11-06,205.20000000000002,208.26,202.79999999999998,206.88,110506331.19999999,0.026608187134507705,0.3076923076922469
2003-11-07,208.26,209.76,204.24,204.29999999999998,69721018.35,0.026505329876120982,-0.7173913043476999
2003-11-10,205.44,206.64,198.0,198.42000000000002,107643775.96000001,0.04205607476635974,-0.8124999999999051
2003-11-11,198.0,201.54000000000002,194.04000000000002,200.39999999999998,162810638.0,0.03787878787879274,0.3199999999999543
2003-11-12,201.0,203.64,198.24,200.52,915143235.4200001,0.026865671641795773,-0.0888888888888709
2003-11-13,211.32,213.66,208.74,211.5,364048710.75,0.02328222600795459,0.03658536585365258
2003-11-14,211.20000000000002,220.07999999999998,210.89999999999998,214.5,217847594.25,0.04346590909091365,0.35947712418296524
2003-11-17,213.24,214.62,208.20000000000002,211.56,179939466.67999998,0.030106921778282485,-0.261682242990615
2003-11-18,211.5,213.12,205.74,206.57999999999998,201177588.7,0.03489361702128114,-0.6666666666665789
2003-11-19,213.48,213.95999999999998,208.5,211.14,162516287.88,0.025576166385614364,-0.4285714285713523
2003-11-20,210.12,218.16,208.79999999999998,215.64,167044915.01999998,0.044545973729302156,0.5897435897435239
2003-11-21,215.45999999999998,218.10000000000002,212.64,217.5,133972641.25,0.025341130604293195,0.37362637362630646
2003-11-24,218.76,225.18,218.76,225.18,169751642.76,0.02934722984092607,0.9999999999998442
2003-11-25,225.06,230.39999999999998,221.21999999999997,229.07999999999998,579316021.3,0.04078912290056414,0.4379084967319761
2003-11-26,228.42000000000002,229.20000000000002,224.10000000000002,228.60000000000002,133026759.60000001,0.022327291830842186,0.03529411764705328
2003-11-28,228.71999999999997,230.94,226.5,229.07999999999998,62658877.92,0.019412381951735655,0.08108108108106593
2003-12-01,230.21999999999997,236.34,229.98,235.44,160561368.72,0.02762574928329853,0.8207547169810055
2003-12-02,235.32,236.45999999999998,232.07999999999998,232.79999999999998,134875706.39999998,0.01861295257522088,-0.5753424657532962
2003-12-03,233.94,235.26,230.04000000000002,231.42000000000002,162695935.43,0.022313413695823493,-0.48275862068956193
2003-12-04,228.95999999999998,231.66,225.018,231.0,117587085.0,0.029009433962268377,0.30713640469733733
2003-12-05,229.79999999999998,233.34,227.16,229.62,110198541.54,0.026892950391649177,-0.029126213592224767
2003-12-08,228.60000000000002,229.20000000000002,220.07999999999998,224.04000000000002,174534702.68,0.03989501312336392,-0.4999999999999436
2003-12-09,223.44,225.42000000000002,219.24,220.5,112021350.0,0.027658431793774522,-0.47572815533972795
2003-12-10,221.70000000000002,222.36,212.34,215.82,136130155.59,0.04519621109608013,-0.5868263473053325
2003-12-11,216.12,224.45999999999998,214.86,221.39999999999998,117845242.19999999,0.04441976679622858,0.5499999999999419
2003-12-12,220.79999999999998,223.02,220.14,221.64,70734891.46,0.013043478260874144,0.29166666666656416
2003-12-15,223.26,227.88,218.70000000000002,219.84,116645418.56,0.04111797903789724,-0.37254901960780207
2003-12-16,218.88,223.07999999999998,217.32,220.62,75946192.03,0.02631578947368862,0.30208333333328297
2003-12-17,220.74,222.89999999999998,219.60000000000002,222.0,88867636.0,0.014949714596361963,0.3818181818180686
2003-12-18,222.60000000000002,225.0,220.5,223.98,96942762.28999999,0.020215633423184994,0.3066666666665912
2003-12-19,224.70000000000002,225.89999999999998,221.45999999999998,224.88,145492150.28,0.019759679572768037,0.04054054054052657
2003-12-22,224.94,225.66,219.71999999999997,220.92000000000002,94658144.7,0.026407041877838534,-0.6767676767675568
2003-12-23,219.66,222.29999999999998,218.82,221.70000000000002,71782728.05000001,0.015842665938272667,0.5862068965515633
2003-12-24,222.89999999999998,223.5,220.79999999999998,223.32,47180704.74,0.012113055181700338,0.15555555555550285
2003-12-26,223.32,224.94,221.45999999999998,222.0,16570191.0,0.015583019881788477,-0.3793103448274733
2003-12-29,221.94,225.60000000000002,221.94,224.94,81770301.27000001,0.016490943498247312,0.8196721311473114
2003-12-30,225.66,225.89999999999998,220.32,221.34,99181716.2,0.02472746609944589,-0.774193548386959
2003-12-31,220.5,223.20000000000002,219.0,220.20000000000002,69686950.9,0.019047619047623573,-0.07142857142855007
2004-01-02,221.70000000000002,224.94,219.60000000000002,221.64,98846342.28,0.02408660351827222,-0.011235955056183472
2004-01-05,221.34,224.39999999999998,221.34,222.60000000000002,88642547.7,0.013824884792631066,0.4117647058822282
2004-01-06,225.0,234.54000000000002,223.69199999999998,231.54000000000002,193827227.88000003,0.04821333333333775,0.6028761061946343
2004-01-07,229.98,245.766,229.56,244.74,285648005.46999997,0.07046699713018922,0.910773787486062
2004-01-08,243.12,247.86,240.726,247.5,289155405.0,0.02934353405725973,0.6139613120268255
2004-01-09,246.42000000000002,257.28000000000003,244.74,254.28000000000003,352163348.42,0.05088872656440617,0.6267942583731558
2004-01-12,254.94,257.1,243.36,248.94,189413052.3,0.05389503412568038,-0.4366812227073915
2004-01-13,247.5,252.36,243.24,244.79999999999998,173978870.39999998,0.03684848484848876,-0.29605263157891665
2004-01-14,247.74,247.74,239.45999999999998,242.52,174238494.0,0.03342213611044238,-0.6304347826086171
2004-01-15,241.26,252.24,240.24,251.10000000000002,196310733.3,0.049738870927633884,0.8199999999999343
2004-01-16,251.21999999999997,259.38,249.36,259.14,311206149.65999997,0.03988535944590774,0.7904191616765709
2004-01-20,258.54,262.86,257.70000000000005,261.12,230018997.76000002,0.01995822696681731,0.4999999999999031
2004-01-21,263.34000000000003,272.70000000000005,259.56,268.68,278925843.12,0.04989747095010629,0.4063926940638928
2004-01-22,270.36,273.0,266.64,266.88,350272571.84,0.023524189968933976,-0.5471698113206703
2004-01-23,266.15999999999997,270.95820000000003,261.65999999999997,265.92,254503744.16,0.03493462578900297,-0.02581144737690357
2004-01-26,266.4,274.44,264.48,273.65999999999997,220409504.02,0.037387387387390926,0.7289156626505298
2004-01-27,274.02,274.5,264.65999999999997,266.82,168652652.88,0.035909787606747665,-0.7317073170730929
2004-01-28,267.29999999999995,267.65999999999997,256.44,256.98,170148085.54,0.041975308641978785,-0.9197860962565992
2004-01-29,261.0,263.4,252.71999999999997,260.4,259438516.4,0.04091954022988876,-0.05617977528089571
2004-01-30,259.62,265.08,256.5,257.88,127498149.94,0.033048301363534975,-0.2027972027971806
2004-02-02,255.06,270.0,255.0,265.68,181993899.6,0.058809691837218465,0.7079999999999531
2004-02-03,264.29999999999995,269.52,262.79999999999995,269.46,128469725.63999999,0.025425652667427176,0.7678571428570292
2004-02-04,262.62,266.31600000000003,256.74,259.08,176112868.5,0.03646333104866722,-0.36967418546362185
2004-02-05,260.21999999999997,262.08,250.5,253.07999999999998,153648368.94,0.044500807009457154,-0.6165803108807755
2004-02-06,253.5,262.5,252.276,261.0,135916272.0,0.04033136094674931,0.7335680751172999
2004-02-09,264.12,265.79999999999995,260.76,264.36,118591279.16000001,0.019082235347572862,0.04761904761904032
2004-02-10,263.15999999999997,263.58,258.474,260.46,116003110.46999998,0.019402644778845474,-0.5287896592243366
2004-02-11,259.44,265.56,258.29999999999995,264.84000000000003,105839907.22,0.027983348751160264,0.7438016528924594
2004-02-12,263.70000000000005,269.70000000000005,263.15999999999997,266.46,163425291.60999998,0.02480091012514619,0.42201834862377363
2004-02-13,265.79999999999995,267.24,260.04,261.18,108464615.13000001,0.02708803611738511,-0.6416666666665712
2004-02-17,261.78000000000003,266.52,261.36,265.56,128097690.33999999,0.019711207884486773,0.732558139534741
2004-02-18,310.20000000000005,323.28000000000003,305.15999999999997,319.38,1837757712.27,0.058413926499036095,0.506622516556259
2004-02-19,331.38,355.68,331.38,353.28000000000003,1495749306.88,0.07332971211298489,0.9012345679011985
2004-02-20,348.6,350.82,338.21999999999997,341.21999999999997,509910978.71999997,0.036144578313255835,-0.5857142857142423
2004-02-23,337.02,339.9,329.64,334.20000000000005,406832577.20000005,0.030443297133704115,-0.2748538011695579
2004-02-24,333.06,333.06,324.06,330.18,452803624.15000004,0.027022158169702073,-0.3199999999999639
2004-02-25,330.6,332.82,324.48,328.56,221852911.67999998,0.025226860254086353,-0.24460431654673645
2004-02-26,327.12,335.28000000000003,326.814,333.9,268740361.05,0.025880410858403587,0.8008504606660956
2004-02-27,334.20000000000005,340.32,332.70000000000005,332.70000000000005,352296140.90000004,0.02280071813285734,-0.1968503937007629
2004-03-01,336.29999999999995,339.29999999999995,324.6,336.65999999999997,252121363.51,0.04371097234612218,0.02448979591836672
2004-03-02,335.15999999999997,345.9,332.21999999999997,345.84000000000003,427770994.64,0.04081632653061513,0.780701754385912
2004-03-03,344.1,351.78000000000003,342.36,349.68,422222747.84000003,0.027375762859636697,0.5923566878980236
2004-03-04,346.79999999999995,356.64,344.70000000000005,354.12,333625482.06,0.03442906574394725,0.6130653266331217
2004-03-05,350.94,357.78000000000003,344.82,355.26,307932618.06,0.03692938963925742,0.33333333333330617
2004-03-08,354.42,357.71999999999997,342.84000000000003,345.0,246296190.0,0.04198408667682663,-0.6330645161289934
2004-03-09,343.08,345.0,333.29999999999995,337.14,345933060.71999997,0.034102833158449954,-0.5076923076922621
2004-03-10,333.71999999999997,341.1,329.64,330.0,253979110.0,0.03434016540812958,-0.32460732984289997
2004-03-11,327.71999999999997,332.04,323.1,323.94,303797626.76,0.027279384840720646,-0.4228187919462585
2004-03-12,322.56,328.5,318.36,328.20000000000005,248282588.9,0.03143601190476486,0.5562130177514294
2004-03-15,326.34000000000003,326.34000000000003,312.6,317.46,249252554.98,0.04210332781761649,-0.6462882096069432
2004-03-16,320.82,321.84000000000003,305.21999999999997,310.68,376552289.46,0.05180475032728947,-0.6101083032490577
2004-03-17,315.6,326.4,310.56,325.02,283495932.33,0.05019011406844399,0.5946969696969305
2004-03-18,323.04,324.96,316.79999999999995,321.06,182132201.04,0.025260029717685113,-0.24264705882350115
2004-03-19,320.94,323.64,313.79999999999995,317.28000000000003,197518909.52,0.030659936436720263,-0.3719512195121529
2004-03-22,314.82,315.6,306.0,313.92,182707718.4,0.030493615399278928,-0.09374999999998765
2004-03-23,316.56,320.58,312.18,316.38,237124120.76999998,0.0265352539802911,-0.021428571428569746
2004-03-24,313.68,328.56,313.62,327.78000000000003,314682621.39,0.04762815608263501,0.9437751004015449
2004-03-25,328.02,329.82,319.98,327.78000000000003,193591620.81,0.029998170843244146,-0.024390243902431753
2004-03-26,327.36,328.56,318.54,319.08,135549544.76,0.03060850439882988,-0.8263473053891436
2004-03-29,320.64,335.94,319.79999999999995,335.58,250775578.2,0.05033682634730848,0.925650557620758
2004-03-30,329.15999999999997,337.08,328.5,336.18,150972891.03,0.026066350710903387,0.8181818181817289
2004-03-31,336.0,337.79999999999995,330.48,333.6,196502520.8,0.021785714285717007,-0.32786885245897135
2004-04-01,332.4,341.4,330.06,339.0,186997315.5,0.0341155234657068,0.582010582010534
2004-04-02,345.6,348.78000000000003,341.70000000000005,347.82,184760592.72,0.020486111111113897,0.31355932203385056
2004-04-05,346.02,348.0,343.62,345.78000000000003,143403437.61,0.012658227848104105,-0.05479452054792185
2004-04-06,342.6,344.4,338.4,341.64,135814882.32,0.01751313485114122,-0.15999999999997938
2004-04-07,335.52,336.54,329.04,331.5,237160348.75,0.022353361945639538,-0.5359999999999261
2004-04-08,336.9,337.02,327.36,330.18,211980732.82,0.02867319679430377,-0.6956521739129707
2004-04-12,334.44,340.79999999999995,332.94,339.6,113174926.2,0.023501973448154925,0.6564885496182439
2004-04-13,342.9,343.20000000000005,333.65999999999997,334.98,132581175.89999999,0.027821522309714346,-0.830188679245185
2004-04-14,333.12,343.44,332.4,341.46,142241536.92,0.03314121037464273,0.7554347826086235
2004-04-15,342.486,351.0,341.76599999999996,346.14,223839161.45999998,0.026961686025125144,0.395711500974614
2004-04-16,341.76,360.6,341.76,356.76,286865959.2,0.05512640449438487,0.796178343949001
2004-04-19,357.96,366.96,356.1,363.71999999999997,254444448.16,0.03033858531679776,0.5303867403314442
2004-04-20,361.62,366.29999999999995,346.92,347.4,248002259.4,0.05359216857474941,-0.7337461300309257
2004-04-21,348.414,355.5,342.96,352.38,201050761.38,0.03599166508808769,0.316267942583707
2004-04-22,350.64,364.79999999999995,350.04,364.62,215087028.74,0.042094455852158603,0.9471544715446567
2004-04-23,364.20000000000005,364.5,355.5,364.08,139030319.4,0.024711696869854402,-0.013333333333338674
2004-04-26,365.946,373.5,359.52,360.54,195489294.75,0.03820235772491291,-0.38669527896992933
2004-04-27,361.38,372.0,358.79999999999995,359.94,221176471.11,0.03652664784991148,-0.10909090909090027
2004-04-28,357.84000000000003,358.38,346.5,346.79999999999995,228443402.39999998,0.03319919517102884,-0.9292929292928579
2004-04-29,348.36,351.36,340.20000000000005,342.06,260366893.39,0.03203582500861447,-0.5645161290322102
2004-04-30,360.9,369.9,352.92,354.0,647565179.0,0.047049044056527885,-0.40636042402824424
2004-05-03,354.54,363.6,352.79999999999995,357.06,259524359.70999998,0.03046200710780458,0.23333333333330858
2004-05-04,353.46,354.36,341.46,346.5,316853113.5,0.036496350364966325,-0.5395348837208854
2004-05-05,347.4,354.18,342.48,353.58,204705907.09,0.03367875647668669,0.5282051282050841
2004-05-06,351.0,351.6,341.52,344.94,169930551.72,0.0287179487179516,-0.6011904761904143
2004-05-07,342.0,351.9,340.26,341.04,182054313.84,0.03403508771930103,-0.08247422680411497
2004-05-10,338.28000000000003,338.82,330.9,338.21999999999997,265486465.44,0.023412557644557738,-0.007575757575764068
2004-05-11,339.0,347.46,338.70000000000005,345.42,204752713.59,0.025840707964604446,0.7328767123286908
2004-05-12,342.0,349.26,335.76,348.12,292155474.54,0.039473684210529124,0.45333333333330006
2004-05-13,346.68,352.44,345.42,350.88,220224861.2,0.020249221183803394,0.598290598290513
2004-05-14,351.29999999999995,358.44,343.20000000000005,351.0,233124021.0,0.04338172502135187,-0.019685039370074525
2004-05-17,348.0,353.1,344.4,348.9,150721892.5,0.02500000000000293,0.10344827586205392
2004-05-18,351.0,358.56,350.34000000000003,355.26,209779964.22,0.023418803418806117,0.5182481751824195
2004-05-19,360.18,361.20000000000005,351.48,355.32,375392086.02,0.026986506746629463,-0.49999999999994854
2004-05-20,355.74,369.0,355.32,363.9,330960863.7,0.03845505144206715,0.5964912280701292
2004-05-21,369.0,370.38,362.28000000000003,368.4,218840652.0,0.021951219512197678,-0.07407407407406805
2004-05-24,364.62,375.9,363.65999999999997,375.9,294547032.84999996,0.03356919532664411,0.9215686274509022
2004-05-25,376.20000000000005,383.64,371.1,381.24,322938745.92,0.0333333333333358,0.40191387559805236
2004-05-26,379.20000000000005,383.28000000000003,376.02,378.54,201770968.05,0.019145569620255876,-0.09090909090908124
2004-05-27,380.4,383.4,370.14,378.48,325086375.56,0.03485804416404037,-0.14479638009048382
2004-05-28,376.56,377.52,371.46,372.9,122828039.39999999,0.016093052899938884,-0.6039603960395082
2004-06-01,372.12,377.1,369.0,377.1,152892555.3,0.021767171880041385,0.6148148148147394
2004-06-02,383.58,384.0,375.29999999999995,376.38,195501996.98999998,0.02268105740654107,-0.8275862068964509
2004-06-03,375.65999999999997,378.0,366.42,366.9,175483500.29999998,0.030825746685835473,-0.7564766839377588
2004-06-04,371.4,372.65999999999997,367.08,368.70000000000005,141097618.65,0.015024232633282092,-0.4838709677418379
2004-06-07,371.46,379.08,368.04,378.84000000000003,178954860.7,0.02972056210628583,0.6684782608695116
2004-06-08,376.79999999999995,378.6,368.58,372.57,154185300.225,0.026592356687900776,-0.42215568862270686
2004-06-09,372.0,372.54,360.36,361.98,242004081.87,0.03274193548387359,-0.822660098522098
2004-06-10,362.46,364.44,353.4,357.29999999999995,306704831.25,0.030458533355407467,-0.46739130434778514
2004-06-14,353.94,361.79999999999995,352.56,355.68,174278339.04,0.02610611968130453,0.1883116883116699
2004-06-15,360.78000000000003,361.14,354.12,356.34000000000003,168447322.49,0.019457841343757862,-0.6324786324785436
2004-06-16,357.42,360.0,354.9,358.62,140692124.84,0.014268927312408393,0.23529411764700942
2004-06-17,359.34000000000003,361.14,349.5,350.82,189796543.5,0.03239271998664483,-0.7319587628865393
2004-06-18,353.28000000000003,356.88,348.24,348.24,326093212.88,0.024456521739133156,-0.5833333333332691
2004-06-21,350.70000000000005,350.70000000000005,342.96,344.88,153096772.92,0.02207014542344181,-0.7519379844960269
2004-06-22,343.98,350.70000000000005,339.0,349.5,227939007.0,0.03401360544217981,0.4717948717948281
2004-06-23,349.79999999999995,360.0,348.54,359.15999999999997,176682356.98,0.03276157804459962,0.816753926701502
2004-06-24,358.5,367.20000000000005,357.0,363.48,200759151.57999998,0.02845188284519112,0.4882352941175988
2004-06-25,361.62,374.21999999999997,361.56,374.21999999999997,380474401.22999996,0.03500912560146267,0.9952606635070302
2004-06-28,378.84000000000003,381.42,372.36,376.20000000000005,289743910.5,0.02391510928096552,-0.29139072847678743
2004-06-29,376.86,379.20000000000005,372.6,376.62,214861835.54000002,0.01751313485114102,-0.03636363636363211
2004-06-30,378.71999999999997,381.42,375.42,379.5,212846812.75,0.015842839036757986,0.12999999999998327
2004-07-01,378.29999999999995,381.0,369.0,371.15999999999997,209631106.14,0.03172085646312706,-0.5949999999999492
2004-07-02,372.84000000000003,373.56,367.08,372.06,133959334.86,0.017380109430321318,-0.12037037037035601
2004-07-06,373.68,375.48,368.46,370.14,151836239.82,0.018786127167632786,-0.5042735042734325
2004-07-07,369.24,378.0,368.88,376.62,159762015.69,0.024699382515439766,0.8092105263156998
2004-07-08,376.92,380.94,372.42,373.56,176944040.68,0.022604266157277297,-0.39436619718305477
2004-07-09,375.36,378.71999999999997,369.06,369.06,157288205.16,0.025735294117649566,-0.6521739130434141
2004-07-12,367.38,370.08,358.98,367.98,243755226.38,0.030213947411402188,0.0540540540540514
2004-07-13,367.38,372.54,365.04,367.14,132572234.72999999,0.02041482933202945,-0.03199999999999695
2004-07-14,362.46,367.14,358.98,363.06,254802950.73,0.0225128290018235,0.07352941176469995
2004-07-15,361.68,363.06,354.54,356.64,176858310.95999998,0.02355673523557,-0.5915492957745822
2004-07-16,357.84000000000003,358.02,343.92,344.04,196086343.42000002,0.03940308517773565,-0.978723404255253
2004-07-19,347.76,350.1,336.12,339.36,238212451.12,0.040200138026227794,-0.6008583690986671
2004-07-20,339.18,343.08,338.1,342.84000000000003,168958694.5,0.014682469485231872,0.7349397590360077
2004-07-21,341.1,348.0,330.29999999999995,330.78000000000003,215481889.82000002,0.051890941073002024,-0.5830508474575924
2004-07-22,330.65999999999997,337.14,324.0,333.54,236483473.35000002,0.03973870440936596,0.21917808219176835
2004-07-23,330.71999999999997,336.18,328.44,332.34000000000003,158963982.56,0.02340348330914667,0.209302325581376
2004-07-26,332.1,333.78000000000003,318.36,322.98,221130356.37,0.04643179765131276,-0.5914396887159147
2004-07-27,324.84000000000003,344.15999999999997,322.5,339.06,272997097.52,0.06667898042113315,0.656509695290828
2004-07-28,346.79999999999995,356.82,340.62,350.70000000000005,357305025.35,0.046712802768168804,0.24074074074073168
2004-07-29,351.06,357.9,349.44,357.9,189111258.2,0.024098444710308652,0.8085106382977758
2004-07-30,356.4,364.20000000000005,354.65999999999997,360.0,163968540.0,0.026767676767679716,0.3773584905659975
2004-08-02,359.4,360.0,346.26,350.04,252119402.02,0.03823038397329152,-0.6812227074235276
2004-08-03,350.406,354.0,346.74,347.04,167018089.92000002,0.020718823307822837,-0.46363636363629834
2004-08-04,346.56,350.46,342.65999999999997,345.36,234199207.04000002,0.022506925207759085,-0.15384615384613243
2004-08-05,343.79999999999995,349.02,343.20000000000005,343.92,198747126.32,0.016928446771381386,0.020618556701038158
2004-08-06,343.62,344.04,335.76,335.82,194456067.27,0.0240963855421716,-0.9420289855071307
2004-08-09,336.12,339.0,330.9,331.38,150952150.65,0.024098536237061163,-0.5851851851851124
2004-08-10,331.79999999999995,340.92,330.0,340.86,148731590.93,0.032911392405066256,0.8296703296702579
2004-08-11,340.56,351.54,338.76,348.42,178504915.27,0.03752642706131369,0.6150234741783552
2004-08-12,348.29999999999995,353.76,348.06,349.62,162826657.96,0.016365202411716833,0.23157894736838966
2004-08-13,350.52,351.48,342.54,344.70000000000005,137907863.25,0.02550496405340914,-0.6510067114093162
2004-08-16,346.32,356.28000000000003,345.0,354.42,136791647.85,0.03257103257103545,0.7180851063829152
2004-08-17,354.12,357.0,349.98,350.04,147492971.08,0.01982378854625822,-0.5811965811964976
2004-08-18,343.08,361.02,342.0,360.54,405020420.70000005,0.05543896467296527,0.9179810725551597
2004-08-19,357.65999999999997,359.28000000000003,352.08,354.29999999999995,217590097.25,0.020130850528437695,-0.4666666666666008
2004-08-20,353.52,360.0,352.14,358.62,151261552.79000002,0.022233536999323917,0.6488549618319803
2004-08-23,359.58,359.58,352.5,354.12,132469032.54,0.019689637910898727,-0.771186440677856
2004-08-24,355.44,357.0,348.42,354.29999999999995,135391965.79999998,0.024139095205944632,-0.13286713286712265
2004-08-25,355.14,361.44,351.6,358.98,145375711.79,0.027707383003888458,0.39024390243898893
2004-08-26,359.04,361.98,353.88,357.78000000000003,106758093.46000001,0.02256016042781027,-0.1555555555555348
2004-08-27,356.1,365.94,355.74,362.76,125091377.24,0.028643639427129903,0.6529411764705219
2004-08-30,361.44,362.4,349.92,351.78000000000003,138073825.89000002,0.034528552456841874,-0.7740384615383994
2004-08-31,353.1,356.21999999999997,349.38,355.98,111412781.17,0.019371282922687496,0.42105263157888667
2004-09-01,354.36,362.4,353.70000000000005,360.0,166762200.0,0.024551303758891824,0.6482758620688945
2004-09-02,359.88,371.82,358.62,367.32,156919226.44,0.036678892964324084,0.5636363636363212
2004-09-03,366.54,369.9,362.28000000000003,362.82,158361315.27,0.020788999836309614,-0.4881889763778956
2004-09-07,364.38,370.98,362.58,365.4,140497822.5,0.023052856907626682,0.12142857142855432
2004-09-08,365.1,368.58,358.79999999999995,363.29999999999995,121226549.5,0.026787181594086554,-0.1840490797545888
2004-09-09,363.96,369.9,362.1,368.15999999999997,165341637.76,0.021430926475439423,0.5384615384614712
2004-09-10,366.6,374.88,365.4,372.54,142735037.69,0.025859247135845583,0.6265822784809452
2004-09-13,372.24,377.70000000000005,368.52,373.5,149812530.75,0.024661508704064684,0.13725490196076742
2004-09-14,372.48,377.1,370.68,373.86,125186148.66000001,0.01723582474227072,0.21495327102800266
2004-09-15,371.28000000000003,373.68,367.08,368.4,131076965.6,0.017776341305755776,-0.43636363636357667
2004-09-16,368.88,373.14,365.28000000000003,366.29999999999995,151899359.7,0.021307742355240012,-0.32824427480912555
2004-09-17,368.94,371.58,368.46,370.32,130401892.56,0.008456659619453017,0.4423076923075484
2004-09-20,369.29999999999995,375.36,364.92,369.24,173391534.68,0.02826969943135925,-0.005747126436775833
2004-09-21,369.71999999999997,370.56,364.20000000000005,369.12,194681024.32000002,0.01720220707562734,-0.09433962264148987
2004-09-22,366.78000000000003,366.78000000000003,357.36,357.42,184091255.95,0.025682970718144363,-0.993630573248302
2004-09-23,358.26,361.56,354.71999999999997,355.86,155556370.08,0.019092279350195425,-0.3508771929823999
2004-09-24,355.206,363.0,354.54,358.02,129111499.53,0.023817165250589672,0.3326241134751346
2004-09-27,357.9,360.12,353.58,355.68,133688493.12,0.018273260687345635,-0.3394495412843462
2004-09-28,356.04,362.21999999999997,354.36,360.06,137627174.04,0.022076171216719846,0.5114503816793248
2004-09-29,359.76,365.58,359.1,364.32,126421286.64,0.018012008005339513,0.7037037037035997
2004-09-30,362.46,369.0,359.34000000000003,367.02,182552811.84,0.02665121668598174,0.4720496894409467
2004-10-01,364.68,377.21999999999997,364.26,377.21999999999997,192844043.01999998,0.035538005923003574,0.9675925925925166
2004-10-04,375.29999999999995,378.6,371.70000000000005,374.64,188115235.84,0.018385291766589287,-0.09565217391302532
2004-10-05,370.92,376.02,369.9,371.28000000000003,155219977.64000002,0.01649951472015795,0.05882352941175728
2004-10-06,370.44,373.86,368.70000000000005,373.79999999999995,159136316.5,0.013929381276322627,0.6511627906975439
2004-10-07,372.54,372.54,359.76,360.9,189669190.5,0.034305041069418035,-0.9107981220656577
2004-10-08,351.6,357.78000000000003,346.20000000000005,353.70000000000005,395377355.25,0.032935153583620445,0.1813471502590539
2004-10-11,360.12,364.79999999999995,353.70000000000005,361.56,215763340.4,0.03082305898034232,0.1297297297297189
2004-10-12,359.94,361.98,355.38,358.92,136990073.16,0.018336389398235828,-0.15454545454542784
2004-10-13,359.76,360.29999999999995,345.84000000000003,347.34000000000003,194608060.43,0.040193462308207924,-0.8589211618256685
2004-10-14,346.86,352.44,338.46,341.28000000000003,317075000.40000004,0.04030444559765028,-0.3991416309012573
2004-10-15,342.29999999999995,349.38,339.0,348.12,227942129.64000002,0.030324276950046643,0.5606936416184481
2004-10-18,345.71999999999997,349.44,343.20000000000005,348.0,170802054.0,0.018049288441516067,0.36538461538456435
2004-10-19,346.79999999999995,350.1,341.46,342.36,112794153.84,0.02491349480969152,-0.51388888888882
2004-10-20,341.4,349.79999999999995,339.48,348.42,150816674.71,0.030228471001760123,0.6802325581394769
2004-10-21,348.54,350.64,340.79999999999995,349.62,135473438.02,0.02823205370976359,0.10975609756096248
2004-10-22,349.79999999999995,351.0,340.5,340.68,152980820.94,0.030017152658664868,-0.8685714285713408
2004-10-25,339.36,341.1,331.5,334.79999999999995,172235907.0,0.028288543140031215,-0.47499999999995557
2004-10-26,335.07,340.14,334.20000000000005,340.08,204144979.48,0.017727639000808558,0.8434343434342083
2004-10-27,335.52,351.9,335.21999999999997,351.12,273706759.48,0.0497138769670987,0.9352517985610961
2004-10-28,347.58,361.08,343.32,357.65999999999997,291434661.03,0.0510961505265002,0.567567567567535
2004-10-29,357.84000000000003,359.88,345.12,348.96,287765560.15999997,0.04124748490945939,-0.6016260162601258
2004-11-01,347.64,351.71999999999997,343.56,345.9,236778984.65,0.023472557818435578,-0.21323529411762288
2004-11-02,347.4,356.34000000000003,341.34000000000003,342.48,210751689.28,0.043177892918828314,-0.3279999999999754
2004-11-03,351.0,365.15999999999997,348.71999999999997,361.74,300879837.46999997,0.04683760683760954,0.6532846715328077
2004-11-04,348.54,361.74,346.32,359.4,303930263.9,0.04424169392322537,0.7042801556419741
2004-11-05,361.14,371.70000000000005,358.20000000000005,365.15999999999997,305395966.88,0.03738162485462968,0.2977777777777544
2004-11-08,371.52,373.98,362.04,362.4,326250056.4,0.03213824289405945,-0.7638190954773235
2004-11-09,363.9,366.42,358.98,363.0,269046585.5,0.020445177246498976,-0.12096774193546458
2004-11-10,362.85,364.86,356.15999999999997,357.84000000000003,159405493.8,0.02397684993799372,-0.575862068965447
2004-11-11,360.78000000000003,364.08,358.02,360.71999999999997,163213535.51999998,0.016796939963415334,-0.009900990099018018
2004-11-12,362.4,362.70000000000005,352.20000000000005,354.24,295101462.24,0.028973509933777515,-0.7771428571427801
2004-11-15,352.92,354.78000000000003,350.34000000000003,352.5,148987415.0,0.012580754845293508,-0.09459459459457692
2004-11-16,352.11,356.82,348.78000000000003,349.86,122553683.91000001,0.022833773536681548,-0.27985074626862316
2004-11-17,350.52,354.96,340.5,342.36,223023688.92000002,0.04125299554947204,-0.564315352697055
2004-11-18,339.9,347.4,339.9,345.12,163122808.64000002,0.022065313327452128,0.6959999999999108
2004-11-19,336.12,339.84000000000003,330.06,332.04,378480774.6,0.02909675116030287,-0.4171779141103839
2004-11-22,334.92,343.32,325.79999999999995,342.84000000000003,370373251.84000003,0.05231099964170841,0.4520547945205221
2004-11-23,342.99,346.5,333.65999999999997,344.58,393163769.95,0.03743549374617625,0.12383177570092269
2004-11-24,355.08,359.70000000000005,347.04,351.54,550160392.95,0.03565393714092877,-0.2796208530805432
2004-11-26,350.4,353.4,349.32,350.58,64355970.6,0.011643835616441132,0.04411764705881456
2004-11-29,354.24,355.79999999999995,347.21999999999997,353.4,252136764.0,0.024220867208674793,-0.09790209790209038
2004-11-30,353.64,354.71999999999997,347.04,352.08,223581479.76,0.021717000339330755,-0.20312499999997516
2004-12-01,354.9,364.44,354.71999999999997,363.36,357562106.72,0.027387996618768666,0.8703703703702821
2004-12-02,363.0,371.94,362.15999999999997,371.4,216103299.2,0.02694214876033334,0.8588957055213796
2004-12-03,368.64,372.48,364.86,369.36,203612716.44,0.020670572916669336,0.09448818897636907
2004-12-06,366.29999999999995,371.4,363.9,368.34000000000003,136697665.51,0.02047502047502315,0.27199999999997404
2004-12-07,368.28000000000003,375.0,367.68,368.82,218021304.24,0.019876181166506388,0.07377049180326371
2004-12-08,370.98,389.64,370.98,387.18,532476974.07,0.05029920750445014,0.8681672025723017
2004-12-09,386.93999999999994,397.79999999999995,382.5,396.72,418093686.72,0.039541014110717206,0.6392156862744756
2004-12-10,394.56000000000006,395.40000000000003,387.54,393.18,288865348.67,0.01992092457421176,-0.17557251908395347
2004-12-13,396.18,398.40000000000003,392.58000000000004,397.74,276786536.81,0.014690292291385174,0.2680412371133567
2004-12-14,393.06000000000006,397.74,390.54,397.14,211459311.07999998,0.01831781407418961,0.5666666666665787
2004-12-15,396.0,400.14,388.02,389.46,233899550.04,0.030606060606063065,-0.5396039603959966
2004-12-16,394.26,398.88,391.79999999999995,395.34000000000003,224962824.02,0.017957692893017355,0.1525423728813393
2004-12-17,395.09999999999997,401.28,388.79999999999995,388.79999999999995,297600285.59999996,0.031586940015188525,-0.504807692307652
2004-12-20,390.65999999999997,395.52,389.09999999999997,395.04,169635443.20000002,0.016433727538015152,0.6822429906541058
2004-12-21,395.58000000000004,397.32,391.91999999999996,395.52,167489338.24,0.013650841801913696,-0.011111111111119931
2004-12-22,393.0,394.68,389.70000000000005,393.84000000000003,140435204.64000002,0.012671755725193252,0.16867469879515454
2004-12-23,393.0,400.62,392.04,397.86,134764598.02,0.021832061068704736,0.5664335664335031
2004-12-27,399.54,402.0,390.0,393.29999999999995,192979921.04999998,0.030034539720681205,-0.5199999999999622
2004-12-28,396.12,408.78,393.84000000000003,407.15999999999997,262153969.74,0.03771584368373448,0.7389558232931237
2004-12-29,407.15999999999997,408.0,404.04,407.52,152634850.08,0.009725906277632798,0.09090909090907187
2004-12-30,406.26,407.70000000000005,400.62,403.26,82397578.11999999,0.017427263328905193,-0.42372881355925973
2004-12-31,403.20000000000005,405.36,399.65999999999997,399.65999999999997,116127807.39,0.014136904761907317,-0.621052631578847
2005-01-03,401.52,406.79999999999995,396.90000000000003,397.74,234015764.78000003,0.024656306037061405,-0.3818181818181436
2005-01-04,401.04,404.46,385.74,388.56000000000006,253945266.04000002,0.0466786355475786,-0.6666666666666301
2005-01-05,389.46,392.88,382.92,389.04,234520833.44,0.025573871514407008,-0.04216867469878693
2005-01-06,389.28,395.22,386.70000000000005,391.14,193215467.57999998,0.021886559802715165,0.21830985915490603
2005-01-07,397.38,400.20000000000005,392.09999999999997,396.54,215256782.25,0.0203835120036264,-0.1037037037036868
2005-01-10,394.20000000000005,405.24,394.20000000000005,400.91999999999996,296347301.38,0.028006088280063252,0.6086956521738521
2005-01-11,396.65999999999997,399.90000000000003,393.36,394.79999999999995,194007483.6,0.016487672061717855,-0.28440366972472836
2005-01-12,395.76,402.65999999999997,395.58000000000004,402.65999999999997,237324314.28,0.017889630078837954,0.9745762711863099
2005-01-13,401.58000000000004,402.65999999999997,388.56000000000006,389.22,233289840.29000002,0.035111310324221504,-0.8765957446807955
2005-01-14,389.70000000000005,400.02,387.72,399.48,209948777.98,0.03156274056967134,0.7951219512194483
2005-01-18,395.82,410.34000000000003,395.64,406.79999999999995,268360807.2,0.03713809307261131,0.7469387755101483
2005-01-19,405.78,409.14,400.86,401.58000000000004,195368937.72000003,0.020405145645425976,-0.5072463768115264
2005-01-20,401.58000000000004,406.91999999999996,387.90000000000003,388.98,397172826.42,0.04736291647990655,-0.6624605678233129
2005-01-21,390.0,393.24,385.02,388.98,342128136.96,0.021076923076925654,-0.12408759124085819
2005-01-24,389.70000000000005,389.70000000000005,370.56,378.0,310106286.0,0.04911470361817036,-0.6112852664576494
2005-01-25,380.4,386.04,373.92,378.48,202984248.88,0.031861198738172905,-0.1584158415841419
2005-01-26,379.98,385.86,378.0,380.82,232710470.07999998,0.020685299226277678,0.10687022900761663
2005-01-27,381.18,388.32,377.64,382.14,246278721.15,0.028018259090196174,0.0898876404494278
2005-01-28,380.4,382.26,367.62,373.20000000000005,291831079.6,0.038485804416406276,-0.4918032786884868
2005-01-31,381.0,392.09999999999997,380.04,389.76,272715721.59999996,0.03165354330708901,0.7263681592039224
2005-02-01,388.68,392.09999999999997,385.26,388.32,149737680.56,0.0175980240815091,-0.052631578947362916
2005-02-02,390.48,395.40000000000003,387.18,393.0,195450755.5,0.021051014136450025,0.3065693430656529
2005-02-03,394.26,395.40000000000003,388.56000000000006,391.08000000000004,130408689.46000001,0.017348957540711606,-0.4649122807016808
2005-02-04,389.22,401.93999999999994,389.22,401.70000000000005,238757156.95000002,0.03268074610760208,0.9811320754716291
2005-02-07,402.03,402.06000000000006,394.5,396.90000000000003,225795550.05,0.01880456682337398,-0.6785714285713254
2005-02-08,405.78,406.20000000000005,394.56000000000006,397.38,310202378.22,0.0286854946029892,-0.7216494845360194
2005-02-09,399.06000000000006,400.86,390.12,390.18,220215641.1,0.0269132461284042,-0.8268156424580277
2005-02-10,391.38,396.59999999999997,389.93999999999994,395.52,166600341.12,0.017016710102716052,0.6216216216215239
2005-02-11,395.93999999999994,403.86,392.70000000000005,400.20000000000005,197204686.4,0.028186088801335912,0.3817204301075031
2005-02-14,399.59999999999997,402.48,398.40000000000003,401.93999999999994,122875737.6,0.010210210210212648,0.5735294117645614
2005-02-15,402.0,408.0,397.79999999999995,402.24,192161310.72000003,0.025373134328360747,0.023529411764704362
2005-02-16,401.09999999999997,405.0,397.56000000000006,403.74,126299494.47000001,0.018548990276741267,0.3548387096773803
2005-02-17,412.20000000000005,420.0,405.0,405.41999999999996,501507242.79999995,0.03639010189228763,-0.45199999999997564
2005-02-18,405.29999999999995,405.59999999999997,401.09999999999997,401.82,175120388.76,0.011102886750557586,-0.7733333333331529
2005-02-22,402.36,405.0,391.98,392.04,201397678.02,0.032359081419626574,-0.7926267281105388
2005-02-23,394.38,396.41999999999996,390.54,393.48,113892982.74,0.014909478168266453,-0.1530612244897676
2005-02-24,390.54,400.62,384.78,400.08000000000004,259794415.16000003,0.040559225687512135,0.6022727272726893
2005-02-25,398.70000000000005,404.34000000000003,396.24,403.68,133199396.56,0.02031602708803863,0.6148148148147324
2005-02-28,226.74,249.36,215.16,231.89999999999998,4572357690.3,0.15083355385022876,0.15087719298245073
2005-03-01,240.0,248.88,234.71999999999997,247.56,2168000511.0,0.05900000000000403,0.5338983050847073
2005-03-02,250.38,253.5,244.44,245.28000000000003,1004408273.12,0.036184998801825095,-0.5629139072847021
2005-03-03,248.91,249.36,232.79999999999998,235.98,843396688.98,0.06653007111004364,-0.7807971014492272
2005-03-04,230.82,231.12,224.70000000000002,225.18,903107546.01,0.027813880946195996,-0.878504672897059
2005-03-07,228.66,229.56,225.0,225.54000000000002,400869570.99,0.019942272369461132,-0.6842105263156338
2005-03-08,226.20000000000002,231.29999999999998,223.07999999999998,230.10000000000002,538329534.6,0.03633952254642335,0.47445255474446857
2005-03-09,231.0,237.95999999999998,229.98,235.86,501625003.88000005,0.03454545454545868,0.6090225563909036
2005-03-10,236.39999999999998,239.16,227.64,231.66,411986306.15999997,0.04873096446700915,-0.41145833333329557
2005-03-11,232.79999999999998,235.14,228.0,228.18,210543131.14000002,0.030670103092787615,-0.647058823529319
2005-03-14,229.92000000000002,237.24,228.29999999999998,236.45999999999998,251512688.90999997,0.038883089770359196,0.7315436241609857
2005-03-15,236.52,239.39999999999998,228.42000000000002,228.42000000000002,276582547.35,0.046423135464235224,-0.7377049180327218
2005-03-16,228.12,234.18,205.79999999999998,223.14,1111814351.61,0.12440820620726327,-0.1754756871035884
2005-03-17,224.82,233.34,224.82,228.95999999999998,414329488.55999994,0.03789698425407425,0.48591549295768727
2005-03-18,229.68,231.66,226.44,229.56,225178426.54,0.022727272727276978,-0.022988505747122908
2005-03-21,227.94,231.89999999999998,227.88,229.62,142198346.47,0.017636220057914206,0.41791044776109365
2005-03-22,230.21999999999997,231.0,227.57999999999998,228.60000000000002,279715569.6,0.014855355746681443,-0.4736842105261598
2005-03-23,228.12,232.26,228.12,228.60000000000002,138435626.1,0.01814834297738457,0.11594202898548402
2005-03-24,231.89999999999998,236.04000000000002,230.39999999999998,232.79999999999998,178182792.0,0.02432082794308331,0.1595744680850779
2005-03-28,234.0,235.56,228.60000000000002,228.60000000000002,141394472.1,0.029743589743593802,-0.7758620689654048
2005-03-29,228.60000000000002,232.20000000000002,224.70000000000002,226.14,193345554.1,0.032808398950135466,-0.3279999999999611
2005-03-30,227.45999999999998,231.0,226.02,230.10000000000002,157399905.0,0.02189395937747722,0.5301204819276142
2005-03-31,207.54000000000002,210.78000000000003,203.10000000000002,207.06,1417693887.1899998,0.03700491471524029,-0.06249999999999417
2005-04-01,208.02,212.04000000000002,205.26,208.44,439038978.48,0.0325930199019373,0.06194690265485601
2005-04-04,208.07999999999998,210.06,205.26,207.66,185519602.29,0.023068050749716403,-0.08749999999997896
2005-04-05,208.98,210.54000000000002,206.04000000000002,208.62,145819886.34,0.021533161068049474,-0.07999999999997894
2005-04-06,213.0,214.74,209.28000000000003,212.39999999999998,277652572.2,0.025633802816905887,-0.10989010989009433
2005-04-07,213.0,220.79999999999998,212.82,219.18,253870349.20000002,0.03746478873239884,0.7744360902254687
2005-04-08,219.54000000000002,220.07999999999998,215.70000000000002,216.48,118233510.55999999,0.019950806231215028,-0.6986301369861542
2005-04-11,215.39999999999998,220.74,212.76,214.5,159109736.5,0.03704735376045024,-0.1127819548872008
2005-04-12,214.68,220.20000000000002,214.20000000000002,220.20000000000002,172093456.5,0.02794857462269877,0.9199999999998484
2005-04-13,221.39999999999998,222.54000000000002,217.62,218.70000000000002,219929422.05,0.022222222222226713,-0.5487804878047566
2005-04-14,220.02,221.04000000000002,215.04000000000002,216.24,122525224.03999999,0.02727024815926267,-0.6299999999998952
2005-04-15,213.95999999999998,218.88,213.12,214.74,198165221.51999998,0.02692091979809761,0.1354166666666485
2005-04-18,214.79999999999998,216.71999999999997,213.60000000000002,214.38,107915926.41,0.014525139664808815,-0.1346153846153397
2005-04-19,214.86,216.71999999999997,211.56,212.82,126839336.67,0.02401563808992341,-0.3953488372092321
2005-04-20,212.52,214.38,208.5,208.79999999999998,135671593.2,0.027667984189727875,-0.6326530612243874
2005-04-21,211.56,213.29999999999998,209.52,212.52,96056383.5,0.017867271695977287,0.2539682539681907
2005-04-22,211.26,218.16,211.14,212.28000000000003,116694420.08000001,0.03322919625106967,0.1452991452991299
2005-04-25,214.20000000000002,214.20000000000002,210.0,212.10000000000002,92139068.0,0.019607843137259558,-0.49999999999987754
2005-04-26,212.52,221.10000000000002,211.62,217.26,163458638.85,0.04460756634670136,0.49999999999994427
2005-04-27,217.79999999999998,218.70000000000002,213.60000000000002,215.04000000000002,127030865.92000002,0.023415977961436966,-0.5411764705881225
2005-04-28,218.45999999999998,223.86,215.88,215.88,245607683.43999997,0.036528426256527434,-0.32330827067664847
2005-04-29,216.89999999999998,218.94,213.0,217.44,126836194.80000001,0.02738589211618705,0.09090909090907909
2005-05-02,218.28000000000003,225.71999999999997,218.28000000000003,223.92000000000002,188529966.48,0.034084661902148185,0.7580645161289346
2005-05-03,224.82,227.82,224.21999999999997,226.32,220639632.04,0.016012810248203037,0.4166666666665483
2005-05-04,230.04000000000002,234.66,229.5,232.32,201144088.64,0.022430881585815396,0.44186046511618843
2005-05-05,231.60000000000002,232.56,228.0,231.12,123424782.48,0.019689119170988697,-0.1052631578947177
2005-05-06,233.34,234.12,229.98,230.70000000000002,102927766.25000001,0.017742350218569458,-0.6376811594201303
2005-05-09,231.66,233.21999999999997,228.95999999999998,232.20000000000002,116783635.50000001,0.01838901838902259,0.126760563380257
2005-05-10,231.12,236.70000000000002,229.68,233.45999999999998,169161769.73999998,0.030373831775705174,0.3333333333332818
2005-05-11,234.12,235.14,228.06,232.62,165807775.31,0.030240902101490493,-0.21186440677963156
2005-05-12,232.44,237.0,230.57999999999998,236.04000000000002,203089563.46,0.027620030975739927,0.5607476635513167
2005-05-13,236.21999999999997,237.71999999999997,231.12,233.39999999999998,183647872.5,0.027940055880115736,-0.4272727272726637
2005-05-16,233.39999999999998,234.60000000000002,229.26,231.29999999999998,89911167.3,0.022879177377896357,-0.3932584269662151
2005-05-17,230.64,232.98,229.68,231.89999999999998,128140016.75,0.014308012486996917,0.3818181818180653
2005-05-18,232.62,237.06,230.70000000000002,235.56,128872677.44,0.027340727366524625,0.46226415094332424
2005-05-19,235.07999999999998,239.70000000000002,232.74,239.70000000000002,121405013.80000001,0.029606942317513096,0.6637931034481844
2005-05-20,239.64,239.88,231.95999999999998,234.36,203429479.68,0.033049574361546416,-0.6666666666665777
2005-05-23,231.24,235.07999999999998,231.12,234.66,114406136.39999999,0.017125064867674115,0.8636363636361468
2005-05-24,233.94,234.78000000000003,228.60000000000002,230.10000000000002,116164451.0,0.02641703000769847,-0.6213592233008656
2005-05-25,229.79999999999998,230.16,226.14,227.94,95844401.15,0.01749347258486072,-0.46268656716405915
2005-05-26,232.07999999999998,237.12,229.86,236.04000000000002,274956150.84000003,0.031282316442610134,0.545454545454476
2005-05-27,236.34,237.89999999999998,233.45999999999998,237.84,83053291.96000001,0.018786494034022928,0.3378378378377619
2005-05-31,236.10000000000002,238.79999999999998,232.44,234.60000000000002,122010181.5,0.026937738246509774,-0.23584905660373703
2005-06-01,236.45999999999998,240.12,235.20000000000002,238.62,150615432.74,0.020806901801577297,0.4390243902438194
2005-06-02,229.62,231.0,226.20000000000002,228.42000000000002,415839866.31,0.020904102430106097,-0.24999999999994643
2005-06-03,223.46999999999997,226.56,216.84,218.39999999999998,296092851.59999996,0.04349577124446662,-0.5216049382715506
2005-06-06,218.70000000000002,219.95999999999998,209.39999999999998,212.21999999999997,243170907.57,0.04828532235940079,-0.6136363636363098
2005-06-07,214.74,214.74,210.0,210.42000000000002,141188207.79,0.022073204805816277,-0.9113924050630957
2005-06-08,207.24,207.84,199.07999999999998,200.10000000000002,465365233.0,0.04226983207875399,-0.8150684931505885
2005-06-09,202.44,218.39999999999998,201.78000000000003,210.78000000000003,560359683.9000001,0.08209839952578969,0.5018050541515979
2005-06-10,212.88,213.78000000000003,207.84,210.06,136446468.57,0.02790304396843761,-0.4747474747473916
2005-06-13,208.79999999999998,210.66,206.70000000000002,208.74,133306930.39999999,0.018965517241383914,-0.0151515151515048
2005-06-14,208.5,210.42000000000002,205.5,208.56,159050775.84,0.023597122302163032,0.012195121951217455
2005-06-15,210.60000000000002,212.10000000000002,207.42000000000002,210.18,129455957.22,0.022222222222226896,-0.08974358974357384
2005-06-16,212.39999999999998,217.5,211.20000000000002,217.5,225369947.5,0.029661016949157036,0.8095238095236869
2005-06-17,215.76,216.0,211.98,215.64,257520522.6,0.018631813125699816,-0.029850746268650346
2005-06-20,214.86,217.86,212.39999999999998,212.39999999999998,109937921.39999999,0.025411896118407384,-0.4505494505493717
2005-06-21,213.0,214.62,210.0,211.5,105337504.5,0.021690140845075038,-0.32467532467525406
2005-06-22,212.52,212.52,208.14,209.34,126574639.8,0.020609824957655766,-0.7260273972601058
2005-06-23,209.45999999999998,210.60000000000002,203.76,205.14,178358938.81,0.03265539959897355,-0.6315789473683248
2005-06-24,205.74,206.16,202.62,204.48,177617496.48,0.017206182560518007,-0.3559322033897362
2005-06-27,204.66,205.68,202.92000000000002,203.94,126296676.99000001,0.013485781295812458,-0.2608695652172972
2005-06-28,204.0,207.66,202.98,206.16,86866031.4,0.022941176470593058,0.46153846153836153
2005-06-29,208.14,210.89999999999998,204.24,209.28000000000003,158732252.8,0.03199769385990649,0.17117117117115277
2005-06-30,208.5,210.0,205.5,206.70000000000002,98252605.75000001,0.021582733812954336,-0.3999999999999073
2005-07-01,206.10000000000002,207.29999999999998,204.0,204.48,60255757.44,0.016011644832610222,-0.4909090909089547
2005-07-05,203.82,206.76,203.34,204.54000000000002,90679229.55000001,0.01677951133353435,0.21052631578942088
2005-07-06,204.54000000000002,209.70000000000002,203.28000000000003,207.89999999999998,131982092.55,0.031387503666769116,0.5233644859812212
2005-07-07,206.28000000000003,208.62,205.20000000000002,208.56,119279461.39999999,0.01657940663176736,0.6666666666664661
2005-07-08,208.79999999999998,212.94,207.60000000000002,212.57999999999998,143059147.71,0.02557471264368271,0.7078651685391968
2005-07-11,214.44,217.92000000000002,213.95999999999998,217.92000000000002,151312243.52,0.018466703973144087,0.8787878787876534
2005-07-12,217.32,219.24,216.36,218.04000000000002,105048437.74000001,0.013252346769744995,0.24999999999992306
2005-07-13,219.29999999999998,219.42000000000002,217.20000000000002,218.28000000000003,132026512.48,0.01012311901505239,-0.4594594594592317
2005-07-14,219.24,226.56,218.88,226.56,166454802.56,0.03503010399562567,0.9531249999998741
2005-07-15,228.0,228.84,223.56,226.92000000000002,163007906.36,0.023157894736846395,-0.20454545454541273
2005-07-18,227.57999999999998,229.62,226.79999999999998,228.60000000000002,123600171.9,0.012391247034014454,0.36170212765945714
2005-07-19,229.92000000000002,231.0,227.64,229.44,104910331.04,0.014613778705641088,-0.14285714285710516
2005-07-20,229.14,237.36,228.29999999999998,235.56,236640867.06,0.03953914637340051,0.7086092715230999
2005-07-21,236.10000000000002,236.10000000000002,230.04000000000002,233.16,144032919.02,0.0256670902160143,-0.4851485148514092
2005-07-22,231.95999999999998,232.92000000000002,229.5,230.76,188745796.02,0.014743921365757034,-0.3508771929823486
2005-07-25,231.60000000000002,233.94,228.12,231.0,125915328.0,0.025129533678760654,-0.10309278350514095
2005-07-26,230.88,236.82,228.36,232.92000000000002,211083594.72,0.03664241164241573,0.24113475177302415
2005-07-27,233.10000000000002,239.16,232.32,236.88,349173161.4,0.02934362934363352,0.5526315789472833
2005-07-28,238.20000000000002,239.45999999999998,237.29999999999998,239.39999999999998,189472052.7,0.009068010075570896,0.5555555555552808
2005-07-29,239.16,239.70000000000002,235.26,235.74,118223806.45,0.01856497742097762,-0.7702702702700894
2005-08-01,236.45999999999998,244.68,236.16,242.52,216297322.9,0.03603146409541138,0.711267605633722
2005-08-02,242.70000000000002,245.76,242.28000000000003,245.04000000000002,116701321.00000001,0.014338689740424173,0.6724137931032634
2005-08-03,243.89999999999998,245.21999999999997,242.16,244.14,93791670.69999999,0.012546125461258556,0.07843137254899761
2005-08-04,243.78000000000003,243.78000000000003,235.02,236.88,183096238.07999998,0.03593403888752557,-0.7876712328766245
2005-08-05,237.36,237.89999999999998,228.36,228.71999999999997,192967099.51999998,0.040192113245706616,-0.9056603773584037
2005-08-08,228.48,232.02,226.14,230.52,141282480.72,0.02573529411765143,0.3469387755101471
2005-08-09,239.39999999999998,255.89999999999998,238.86,247.44,794156370.5600001,0.07117794486215911,0.4718309859154675
2005-08-10,247.5,250.98,244.38,247.62,221399889.63000003,0.02666666666667058,0.01818181818181613
2005-08-11,246.48,250.86,245.45999999999998,250.38,119480876.96999998,0.02190847127556399,0.722222222222085
2005-08-12,249.42000000000002,251.16,247.14,249.48,166238212.14,0.01611739235025657,0.014925373134318102
2005-08-15,248.45999999999998,252.84,247.02,250.26,124238865.85000001,0.02342429364888099,0.3092783505154131
2005-08-16,250.98,252.0,245.76,246.48,110462846.52,0.024862538847720873,-0.7211538461537296
2005-08-17,246.0,247.86,243.0,243.29999999999998,131445744.6,0.019756097560979652,-0.5555555555554432
2005-08-18,243.71999999999997,247.44,242.16,243.60000000000002,92389157.0,0.02166420482521328,-0.022727272727258514
2005-08-19,242.16,245.39820000000003,240.71999999999997,241.44,118417467.2,0.01931863230922135,-0.1539053482108152
2005-08-22,241.68,246.48,240.29999999999998,241.02,80813202.60000001,0.025571002979150038,-0.10679611650483642
2005-08-23,241.5,242.39999999999998,238.74,239.10000000000002,109879640.35000001,0.015155279503109537,-0.6557377049178531
2005-08-24,237.71999999999997,243.0,237.71999999999997,239.21999999999997,94565539.89,0.022211004543164263,0.2840909090908537
2005-08-25,239.94,248.52,238.86,245.52,145409260.92000002,0.04026006501625805,0.5776397515527367
2005-08-26,241.5,247.56,241.14,246.29999999999998,142920295.75,0.026583850931681117,0.7476635514017482
2005-08-29,244.07999999999998,247.5,243.78000000000003,245.94,124292911.26,0.01524090462143951,0.4999999999998732
2005-08-30,244.44,245.94,243.12,245.39999999999998,85330406.2,0.011536573392247512,0.34042553191476643
2005-08-31,246.0,252.89999999999998,244.98,252.84,193692211.72,0.0321951219512234,0.8636363636362564
2005-09-01,253.20000000000002,260.46,252.84,256.79999999999995,207869499.2,0.030094786729861555,0.47244094488182103
2005-09-02,257.88,258.0,251.04000000000002,254.52,81236251.32000001,0.02698929734760723,-0.4827586206895851
2005-09-06,253.20000000000002,256.86,252.42000000000002,254.45999999999998,150487431.95,0.01753554502370055,0.28378378378371155
2005-09-07,254.04000000000002,256.14,252.89999999999998,254.82,134260835.7,0.012753897024094615,0.24074074074065732
2005-09-08,254.39999999999998,257.64,253.5,254.64,87343175.16,0.016273584905664194,0.05797101449274201
2005-09-09,251.16,256.38,249.42000000000002,251.16,325340859.48,0.027711419015770632,0.0
2005-09-12,249.24,254.16,249.24,251.28000000000003,92688774.12,0.019740009629276873,0.41463414634138435
2005-09-13,250.98,251.28000000000003,245.34,247.79999999999998,97001227.39999999,0.023667224480042246,-0.535353535353444
2005-09-14,246.71999999999997,249.29999999999998,243.18,244.02,73515295.35000001,0.02480544747082098,-0.4411764705881584
2005-09-15,244.5,245.70000000000002,241.38,242.64,83263654.92,0.017668711656445825,-0.4305555555554569
2005-09-16,239.88,248.04000000000002,239.64,247.44,164445819.68,0.03501750875438136,0.8999999999998894
2005-09-19,247.32,247.44,240.06,241.74,88248556.86,0.02983988355167785,-0.7560975609755056
2005-09-20,241.92000000000002,250.44,240.84,241.38,136438596.72,0.03968253968254363,-0.0562499999999963
2005-09-21,243.48,243.71999999999997,235.56,236.52,160232839.20000002,0.033514046328244354,-0.8529411764704845
2005-09-22,237.0,237.36,232.07999999999998,233.45999999999998,128063743.71,0.022278481012662478,-0.6704545454544186
2005-09-23,233.76,234.0,230.16,231.36,106301899.52000001,0.01642710472279683,-0.6249999999998308
2005-09-26,232.79999999999998,232.79999999999998,226.98,230.76,144344418.3,0.02500000000000416,-0.3505154639174646
2005-09-27,233.94,235.74,227.04000000000002,228.29999999999998,148975947.39999998,0.0371890228263698,-0.6482758620688935
2005-09-28,226.20000000000002,233.70000000000002,225.66,228.89999999999998,129418648.44999999,0.03554376657825369,0.33582089552234046
2005-09-29,229.5,233.10000000000002,226.79999999999998,231.60000000000002,116567445.2,0.027450980392161276,0.3333333333332819
2005-09-30,230.82,237.66,230.82,236.88,126058613.52,0.029633480634264683,0.8859649122805721
2005-10-03,237.48,240.0,233.45999999999998,239.52,159989220.32,0.027539161192525658,0.3119266055045416
2005-10-04,239.39999999999998,244.38,238.62,241.56,150997948.2,0.024060150375943893,0.3749999999999398
2005-10-05,242.21999999999997,242.64,233.04000000000002,233.16,112884491.72,0.03963339113203256,-0.9437499999999023
2005-10-06,231.84,233.34,222.0,223.44,191486218.0,0.048913043478264986,-0.7407407407406756
2005-10-07,225.29999999999998,227.52,222.12,226.26,99751397.04,0.02396804260985789,0.17777777777774614
2005-10-10,227.04000000000002,229.14,223.26,225.12,93585348.08000001,0.025898520084570865,-0.32653061224484536
2005-10-11,225.54000000000002,227.10000000000002,217.14,219.42000000000002,125579661.21000001,0.04416068103219381,-0.6144578313252377
2005-10-12,218.16,221.10000000000002,213.95999999999998,215.64,115304936.27999999,0.03272827282728736,-0.3529411764705381
2005-10-13,215.82,224.28000000000003,214.20000000000002,222.36,160957657.84,0.04670558798999614,0.6488095238094607
2005-10-14,224.10000000000002,228.60000000000002,222.95999999999998,228.12,121029104.02000001,0.025167336010714046,0.7127659574466735
2005-10-17,229.44,234.71999999999997,229.44,231.78000000000003,137940235.78,0.02301255230125937,0.44318181818174257
2005-10-18,232.98,234.24,230.45999999999998,231.89999999999998,114147402.64999999,0.016224568632504995,-0.2857142857142112
2005-10-19,230.04000000000002,235.62,228.0,235.62,135878166.27,0.033124673969748615,0.7322834645668305
2005-10-20,235.5,236.04000000000002,231.71999999999997,234.06,164886609.78,0.018343949044590368,-0.33333333333325177
2005-10-21,236.70000000000002,236.70000000000002,233.39999999999998,234.54000000000002,148108530.99,0.013941698352349074,-0.6545454545452473
2005-10-24,234.89999999999998,238.20000000000002,232.98,237.89999999999998,99929141.64999999,0.022222222222226504,0.5747126436780478
2005-10-25,238.92000000000002,242.57999999999998,236.82,242.52,113373896.32000001,0.024108488196890033,0.6249999999998915
2005-10-26,241.26,243.60000000000002,238.74,240.06,127989869.47,0.020144242725694247,-0.24691358024685975
2005-10-27,232.86,236.52,229.74,230.10000000000002,192525628.75,0.029116207163106467,-0.4070796460176377
2005-10-28,230.34,232.74,228.12,230.94,148547805.63,0.020057306590262156,0.1298701298701004
2005-10-31,233.57999999999998,245.10000000000002,233.57999999999998,243.78000000000003,254415511.95000002,0.04931929103519561,0.8854166666665908
2005-11-01,243.06,243.89999999999998,238.86,241.74,109138962.14999999,0.020735620834365767,-0.26190476190471046
2005-11-02,240.0,247.44,239.70000000000002,246.95999999999998,108708787.32,0.032250000000003956,0.8992248062014337
2005-11-03,248.94,250.5,243.60000000000002,248.34,115879624.39,0.02771752229453262,-0.08695652173911729
2005-11-04,247.20000000000002,253.5,247.14,251.88,103110898.17999999,0.02572815533980982,0.7358490566036529
2005-11-07,253.07999999999998,254.76,249.84,251.04000000000002,95230308.56,0.019440493124707477,-0.4146341463413728
2005-11-08,250.92000000000002,258.29999999999995,250.02,257.52,129591746.68,0.03299856527977407,0.7971014492752673
2005-11-09,257.52,258.0,252.29999999999998,255.78000000000003,96353093.34,0.02213420316868979,-0.305263157894674
2005-11-10,256.68,263.94,255.78000000000003,263.88,167169783.17999998,0.031790556334739505,0.8823529411763645
2005-11-11,262.59000000000003,269.88,262.38,269.46,167863789.61999997,0.028561636010514375,0.9159999999998709
2005-11-14,268.62,270.18,261.12,262.44,142091445.78,0.033727942818855515,-0.6821192052979386
2005-11-15,264.12,267.84000000000003,260.94,262.86,108618133.0,0.02612448886869986,-0.18260869565214521
2005-11-16,264.54,265.79999999999995,259.56,262.32,92798104.6,0.023588115218874,-0.3557692307691808
2005-11-17,264.18,269.1,260.34000000000003,268.86,122655545.16000001,0.033159209629801484,0.534246575342406
2005-11-18,273.48,276.0,271.62,271.98,255768632.1,0.016015796401934252,-0.3424657534245797
2005-11-21,271.32,272.4,266.34000000000003,270.71999999999997,123913687.67999999,0.02233524988943286,-0.09900990099008732
2005-11-22,270.9,273.9,263.64,268.56,186557486.76,0.03787375415282744,-0.22807017543857203
2005-11-23,268.32,270.954,264.84000000000003,268.98,84824681.03,0.022786225402508024,0.10794896957800452
2005-11-25,268.14,271.20000000000005,263.46,266.94,40236222.120000005,0.02886551801298216,-0.15503875968989966
2005-11-28,265.08,265.20000000000005,257.21999999999997,260.52,144698930.22,0.030104119511094932,-0.5714285714284947
2005-11-29,261.42,263.76,258.0,258.18,101773222.07000001,0.022033509295390438,-0.5624999999999049
2005-11-30,257.46,262.92,256.32,256.86,97304689.83,0.025635050104874532,-0.09090909090907165
2005-12-01,257.70000000000005,261.71999999999997,255.0,260.52,117077774.84,0.02607683352736105,0.41964285714278704
2005-12-02,258.54,261.78000000000003,255.60000000000002,260.70000000000005,95065037.10000001,0.023903457878862003,0.3495145631067432
2005-12-05,259.86,260.21999999999997,253.98,256.5,95885129.25,0.024012930039255583,-0.5384615384614561
2005-12-06,259.98,261.24,254.16,254.16,101086421.4,0.027232864066470436,-0.8220338983049702
2005-12-07,254.45999999999998,259.74,254.28000000000003,256.68,134426011.14000002,0.02145720348974675,0.40659340659333865
2005-12-08,256.98,271.08,256.98,269.58,304077658.37,0.05486808311931243,0.8936170212765321
2005-12-09,271.74,274.5,267.36,268.02,132504933.69,0.026275115919632587,-0.5210084033612764
2005-12-12,269.1,270.9,267.0,268.56,89569459.8,0.014492753623191981,-0.13846153846150902
2005-12-13,268.5,272.21999999999997,266.76,270.71999999999997,133459680.96,0.02033519553072983,0.4065934065933282
2005-12-14,271.44,272.4,267.9,268.68,103731750.5,0.01657824933687365,-0.613333333333195
2005-12-15,269.82,271.20000000000005,266.21999999999997,270.65999999999997,106127815.95,0.018456748943744185,0.1686746987951393
2005-12-16,271.26,275.21999999999997,270.0,271.86,279331120.59000003,0.019243530192438806,0.11494252873561517
2005-12-19,271.79999999999995,274.5,264.42,264.54,146523679.74,0.037086092715235275,-0.7202380952380184
2005-12-20,264.6,265.79999999999995,260.46,262.74,95899881.05,0.020181405895695215,-0.348314606741512
2005-12-21,262.5,272.4,261.54,266.34000000000003,124249163.65,0.041371428571432056,0.35359116022096626
2005-12-22,266.88,275.52,266.58,272.82,149812919.07999998,0.03349820143885253,0.6644295302012678
2005-12-23,272.94,274.5,268.68,273.12,63818038.56,0.021323367773140513,0.030927835051542285
2005-12-27,275.4,280.32,268.74,269.52,141241506.8,0.04204793028322782,-0.5077720207253451
2005-12-28,268.32,274.68,267.36,271.08,92723094.72,0.027280858676211113,0.3770491803278164
2005-12-29,270.42,272.21999999999997,267.6,267.96,57907495.8,0.017084535167520634,-0.5324675324674311
2005-12-30,266.4,273.06,264.6,271.68,118217205.12,0.03175675675676032,0.6241134751772361
2006-01-03,274.14,282.36,267.96,280.44,215958056.88,0.05252790544977377,0.43749999999996936
2006-01-04,280.5,289.5,278.90999999999997,283.62,193863629.46,0.03775401069519071,0.2946175637393485
2006-01-05,280.68,286.26,279.0,282.71999999999997,129709862.72,0.025865754595984624,0.28099173553714674
2006-01-06,283.20000000000005,285.9,278.46,283.08,179970185.92,0.02627118644068139,-0.016129032258070605
2006-01-09,280.65,289.74,280.20000000000005,285.29999999999995,160811151.89999998,0.03399251737039348,0.4874213836477471
2006-01-10,284.79,289.20000000000005,283.02,287.76,130930416.32000001,0.021700200147480746,0.4805825242717571
2006-01-11,286.14,291.0,284.64,285.18,125814904.39,0.02222688194590407,-0.1509433962263878
2006-01-12,284.64,285.78000000000003,280.14,282.36,158542504.64000002,0.019814502529514555,-0.40425531914885654
2006-01-13,281.28000000000003,282.18,274.26,277.26,118192194.99000001,0.028156996587034223,-0.5075757575756974
2006-01-17,276.6,280.14,276.0,278.34000000000003,86247824.1,0.014967462039049063,0.4202898550723658
2006-01-18,276.54,277.14,273.29999999999995,275.52,122026843.68,0.013885875461058138,-0.26562499999993866
2006-01-19,277.14,277.62,271.44,276.29999999999995,100351377.14999999,0.02229919896081758,-0.1359223300970704
2006-01-20,276.36,276.9,265.92,269.58,208851713.4,0.039730785931397165,-0.6174863387977628
2006-01-23,269.58,270.9,262.79999999999995,269.04,184225274.52,0.030046739372360683,-0.06666666666665376
2006-01-24,268.79999999999995,269.64,264.65999999999997,266.52,120754437.4,0.018526785714289434,-0.4578313253011057
2006-01-25,266.34000000000003,267.12,260.34000000000003,261.65999999999997,159332187.7,0.025456183825189403,-0.6902654867255741
2006-01-26,266.64,266.70000000000005,263.28000000000003,266.15999999999997,105512300.56,0.012826282628266588,-0.1403508771929461
2006-01-27,266.25,272.70000000000005,264.96,271.38,100458317.64999999,0.02907042253521516,0.6627906976743267
2006-01-30,271.68,273.96,266.34000000000003,268.38,72892142.19,0.028047703180215395,-0.4330708661416799
2006-01-31,269.70000000000005,271.5,264.96,268.5,87110931.75,0.024249165739714477,-0.18348623853208842
2006-02-01,266.88,274.5,266.64,271.62,134212874.4,0.02945143884892455,0.6030534351144272
2006-02-02,272.52,273.54,269.04,270.9,108732216.6,0.016512549537652223,-0.359999999999921
2006-02-03,268.86,270.24,263.4,269.52,111806688.56,0.025440749832630387,0.09649122807015623
2006-02-06,267.597,268.62,263.88,265.44,102790312.80000001,0.01771320306281831,-0.4550632911391399
2006-02-07,263.76,268.02,262.14,267.54,107830926.84,0.02229299363057694,0.642857142857039
2006-02-08,267.18,268.32,263.58,267.18,89462462.14,0.017740848865936788,0.0
2006-02-09,265.86,270.42,264.6,265.44,109411536.64,0.021891220943357294,-0.07216494845359867
2006-02-10,266.58,266.58,258.18,265.62,137724058.54000002,0.03151024082827274,-0.11428571428569856
2006-02-13,264.6,265.92,258.71999999999997,262.26,86354568.75,0.02721088435374534,-0.3249999999999572
2006-02-14,262.38,269.1,258.29999999999995,266.28000000000003,118888516.88000001,0.04116167390807617,0.3611111111110786
2006-02-15,266.34000000000003,278.34000000000003,264.0,274.32,252489065.76,0.05384095517008701,0.5564853556484928
2006-02-16,277.56,288.12,276.18,283.98,310330835.51,0.043017725897106764,0.5376884422110116
2006-02-17,284.34000000000003,286.68,281.34000000000003,282.36,124019571.0,0.01878033340367502,-0.37078651685386826
2006-02-21,281.82,283.56,274.5,276.6,124409747.3,0.032148179689166737,-0.576158940397284
2006-02-22,277.23,284.94,276.84000000000003,283.92,169745830.8,0.02921761714100543,0.8259259259258271
2006-02-23,283.74,293.15999999999997,282.71999999999997,291.0,195409458.5,0.03679424825544851,0.6954022988505074
2006-02-24,291.0,300.0,290.46,297.48,202049655.5,0.03278350515464257,0.6792452830187972
2006-02-27,299.4,304.32,298.20000000000005,300.6,293748173.7,0.02044088176353015,0.1960784313725261
2006-02-28,298.79999999999995,299.52,274.79999999999995,283.5,476326116.0,0.08273092369478227,-0.618932038834924
2006-03-01,282.0,282.78000000000003,274.5,281.70000000000005,417349677.15000004,0.02936170212766312,-0.03623188405796102
2006-03-02,282.6,284.4,274.86,278.15999999999997,175536113.2,0.03375796178344278,-0.46540880503140525
2006-03-03,275.52,278.1,270.36,273.0,226506371.0,0.02809233449477708,-0.32558139534879244
2006-03-06,274.40999999999997,276.18,269.58,273.06,319299525.3,0.024051601618020477,-0.20454545454541767
2006-03-09,294.24,294.48,281.58,285.24,687496287.12,0.0438417618270833,-0.6976744186045952
2006-03-10,283.20000000000005,289.5,283.08,286.68,256483804.48000002,0.02266949152542723,0.5420560747662634
2006-03-13,286.56,290.34000000000003,284.21999999999997,287.52,120329755.60000001,0.021356783919601618,0.15686274509800865
2006-03-14,286.95000000000005,293.94,286.79999999999995,293.76,139269902.4,0.024882383690541965,0.953781512604895
2006-03-15,293.88,296.70000000000005,293.46,295.38,183413207.97,0.011024908125769207,0.46296296296281064
2006-03-16,296.64,298.14,294.18,294.6,163988402.6,0.013349514563110053,-0.5151515151513786
2006-03-17,294.24,297.6,293.94,295.14,179651521.23999998,0.012438825448616818,0.2459016393441872
2006-03-20,295.79999999999995,296.88,289.79999999999995,295.5,95617643.75,0.023935091277893908,-0.04237288135591955
2006-03-21,294.78000000000003,295.5,287.64,289.86,186274905.75,0.026663952778346513,-0.6259541984732038
2006-03-22,282.0,290.52,277.5,288.6,223283037.9,0.04617021276596076,0.5069124423962769
2006-03-23,287.04,287.70000000000005,278.4,278.82,159493544.01,0.032399665551843065,-0.8838709677418369
2006-03-24,278.52,282.0,276.6,278.76,139762876.86,0.019388194743648418,0.04444444444443808
2006-03-27,279.29999999999995,285.6,276.9,283.08,105806481.34,0.031149301825997188,0.43448275862064084
2006-03-28,283.32,284.64,272.70000000000005,275.15999999999997,132457025.26,0.04214315967810567,-0.6834170854270839
2006-03-29,275.94,289.20000000000005,275.1,283.32,218557345.01999998,0.05109806479669845,0.5234042553191106
2006-03-30,281.4,287.4,281.04,283.20000000000005,105672964.80000001,0.02260127931770055,0.28301886792449643
2006-03-31,281.88,284.34000000000003,279.84000000000003,282.6,102416689.2,0.015964240102174627,0.1599999999999705
2006-04-03,283.20000000000005,286.5,278.04,278.04,159716139.10000002,0.02987288135593555,-0.6099290780141168
2006-04-04,278.64,279.06,273.29999999999995,276.48,159904742.4,0.020671834625326683,-0.3749999999999263
2006-04-05,275.4,276.84000000000003,269.76,272.15999999999997,142725965.76,0.025708061002182335,-0.4576271186440018
2006-04-06,271.79999999999995,273.06,266.04,270.0,128560230.0,0.025827814569539944,-0.2564102564102141
2006-04-07,271.68,275.76,265.20000000000005,266.21999999999997,140687242.38,0.03886925795053337,-0.5170454545454117
2006-04-10,266.46,271.26,265.79999999999995,268.5,173319211.25,0.020490880432338873,0.37362637362630646
2006-04-11,270.06,272.76,263.04,265.86,165536444.01000002,0.03599200177738626,-0.43209876543205444
2006-04-12,264.0,271.92,264.0,268.86,142482312.19,0.030000000000003732,0.6136363636362866
2006-04-13,268.32,274.20000000000005,267.06,270.24,101755133.67999999,0.026610017889091443,0.26890756302517305
2006-04-17,269.21999999999997,273.84000000000003,265.44,270.0,108506745.0,0.031201248049925724,0.09285714285713495
2006-04-18,270.65999999999997,276.0,267.6,275.15999999999997,112565663.0,0.0310352471735792,0.5357142857142234
2006-04-19,274.68,275.15999999999997,266.1,272.94,161432501.03,0.03298383573613263,-0.1920529801324313
2006-04-20,271.44,271.79999999999995,267.0,268.98,145169492.26,0.017683465959331478,-0.5124999999998938
2006-04-21,270.0,271.44,265.14,265.68,122227500.96000001,0.02333333333333699,-0.6857142857141746
2006-04-24,265.14,269.88,265.14,268.5,137716379.75,0.01787734781625176,0.7088607594935229
2006-04-25,269.15999999999997,269.21999999999997,263.28000000000003,264.48,114061981.03999999,0.02206865804726155,-0.7878787878786546
2006-04-26,263.76,267.54,255.12,264.42,244815680.85,0.04708826205641859,0.053140096618355157
2006-04-27,262.79999999999995,271.79999999999995,261.29999999999995,269.76,205256472.48,0.039954337899547034,0.6628571428570832
2006-04-28,272.19,275.04,268.62,269.1,145591397.25,0.02358646533671697,-0.4813084112148732
2006-05-01,268.86,275.46,268.14,272.58,173118420.09,0.02722606561035842,0.5081967213114024
2006-05-02,272.76,276.9,268.14,275.4,178116235.2,0.032116146062476016,0.301369863013663
2006-05-03,275.52,281.46,273.6,276.54,180957175.3,0.0285278745644633,0.12977099236640133
2006-05-04,276.6,281.70000000000005,275.94,280.68,88118924.64,0.020824295010849696,0.7083333333332017
2006-05-05,282.24,284.88,277.20000000000005,281.52,125398908.12,0.027210884353744764,-0.09374999999999195
2006-05-08,282.6,282.6,276.29999999999995,276.96,132842109.91999999,0.022292993630576945,-0.8952380952379503
2006-05-09,277.62,282.48,276.84000000000003,282.12,113217483.16000001,0.020315539226284006,0.7978723404253923
2006-05-10,282.06,286.44,280.20000000000005,281.21999999999997,182150084.20999998,0.022122952563287702,-0.13461538461536918
2006-05-11,281.4,283.5,278.21999999999997,280.02,147931205.76000002,0.018763326226016386,-0.26136363636358456
2006-05-12,278.4,278.88,272.21999999999997,275.76,157830132.96,0.023922413793107045,-0.39639639639633334
2006-05-15,273.84000000000003,283.14,272.52,282.84000000000003,207795854.12,0.03878177037686592,0.8474576271185639
2006-05-16,281.46,284.28000000000003,278.58,281.70000000000005,204782660.10000002,0.020251545512687506,0.04210526315789858
2006-05-17,280.08,283.02,272.46,275.46,165151997.08999997,0.037703513281922896,-0.4374999999999589
2006-05-18,274.17,279.71999999999997,271.92,272.1,122638825.9,0.028449502133716033,-0.265384615384582
2006-05-19,272.04,275.94,268.02,274.14,164706510.29999998,0.029113365681521047,0.26515151515147684
2006-05-22,272.13,276.96,270.0,270.29999999999995,145159028.79999998,0.02557601146511209,-0.2629310344827275
2006-05-23,271.59000000000003,273.9,265.5,265.56,114830135.69999999,0.030928973820836352,-0.7178571428570628
2006-05-24,263.52,273.54,262.32,272.52,172787127.36,0.04257741347905656,0.8021390374330817
2006-05-25,271.02,281.94,269.4,281.94,179664244.43,0.04626964799646142,0.870813397129117
2006-05-26,281.34000000000003,284.21999999999997,279.36,282.0,123493957.0,0.017274472168909285,0.13580246913576918
2006-05-30,279.71999999999997,283.5,271.62,271.62,141076938.15,0.042471042471045876,-0.6818181818181218
2006-05-31,272.1,279.78000000000003,270.12,279.78000000000003,163371888.77,0.03550165380375225,0.7950310559005375
2006-06-01,281.46,288.71999999999997,280.26,288.71999999999997,213675272.04,0.030057557024092053,0.8581560283686939
2006-06-02,290.07,292.68,282.6,286.26,158040424.62,0.034750232702454406,-0.3779761904761538
2006-06-05,284.96999999999997,293.82,271.38,272.34000000000003,337123649.13,0.07874513106643126,-0.5628342245989028
2006-06-06,273.24,277.62,270.54,277.02,172190876.49,0.025911286780855504,0.5338983050846677
2006-06-07,276.96,286.02,274.86,280.38,188390593.1,0.04029462738301895,0.30645161290320067
2006-06-08,277.98,282.18,273.48,278.15999999999997,174179758.68,0.03129721562702697,0.02068965517240569
2006-06-09,277.08,281.70000000000005,273.9,276.0,94627612.0,0.028150714595066552,-0.13846153846151746
2006-06-12,275.46,280.32,273.48,274.02,74494666.17,0.024831191461558665,-0.21052631578944334
2006-06-13,273.48,278.1,269.88,272.4,146420675.0,0.030057042562531066,-0.13138686131385718
2006-06-14,272.04,281.28000000000003,271.92,280.08,178985450.76,0.034406704896342365,0.8589743589742621
2006-06-15,280.98,285.0,277.02,281.4,204184637.29999998,0.028400597907327883,0.05263157894735657
2006-06-16,280.14,281.58,275.88,277.62,169494413.20000002,0.020346969372460087,-0.44210526315781484
2006-06-19,277.79999999999995,278.52,270.65999999999997,271.74,98390351.08,0.028293736501083463,-0.7709923664121073
2006-06-20,273.0,274.44,268.5,270.18,84321196.68,0.021758241758245332,-0.47474747474739387
2006-06-21,269.64,277.38,269.436,273.48,94559082.92,0.02946150422786303,0.48338368580054636
2006-06-22,273.48,273.48,267.6,269.28000000000003,88581675.60000001,0.021500658183417336,-0.7142857142855914
2006-06-23,268.5,274.32,268.20000000000005,269.94,90141469.11,0.022793296089388917,0.23529411764702202
2006-06-26,269.94,270.84000000000003,268.08,270.0,67925430.0,0.010224494332077637,0.02173913043477518
2006-06-27,270.54,271.08,263.46,264.29999999999995,100694511.69999999,0.02816589044134315,-0.8188976377951763
2006-06-28,265.11,269.94,261.96,269.88,111906281.75999999,0.030100712911625315,0.5977443609021771
2006-06-29,272.15999999999997,281.94,270.6,281.82,185423093.24,0.0416666666666701,0.8518518518517808
2006-06-30,282.21,284.82,277.74,277.92,201832405.68,0.025087700648456678,-0.6059322033897412
2006-07-03,279.12,282.18,278.52,282.18,46270042.230000004,0.013112639724853152,0.8360655737702583
2006-07-05,282.29999999999995,282.29999999999995,277.68,277.68,93573393.16,0.01636556854410532,-0.9999999999997835
2006-07-06,276.84000000000003,284.76,276.84000000000003,282.24,106093263.36,0.028608582574775786,0.6818181818180964
2006-07-07,280.44,283.14,273.24,273.96,136512258.95999998,0.0353016688061651,-0.6545454545453918
2006-07-10,275.04,281.21999999999997,274.32,277.74,113708237.28,0.025087260034907473,0.3913043478260299
2006-07-11,277.11,278.88,270.48,276.06,134878222.98,0.030312872144639118,-0.12499999999998682
2006-07-12,270.84000000000003,275.1,269.28000000000003,273.36,155938895.4,0.02148870181657425,0.43298969072157245
2006-07-13,273.36,275.70000000000005,270.65999999999997,271.26,127236447.03,0.018437225636527138,-0.4166666666665821
2006-07-14,266.21999999999997,267.06,257.1,259.44,224503333.96,0.03741266621591519,-0.6807228915661954
2006-07-17,256.74,257.88,249.06,251.88,204399948.32,0.034353820986215464,-0.5510204081632047
2006-07-18,251.10000000000002,253.5,242.45999999999998,246.71999999999997,212725026.88,0.04396654719235753,-0.3967391304347507
2006-07-19,247.14,256.02,246.29999999999998,252.06,163046271.29999998,0.03932993445011314,0.5061728395061225
2006-07-20,250.04999999999998,254.04000000000002,246.29999999999998,248.34,89791176.27,0.0309538092381564,-0.2209302325581073
2006-07-21,246.29999999999998,248.94,243.84,244.38,117417054.94999999,0.02070645554202588,-0.3764705882352183
2006-07-24,244.56,247.62,242.28000000000003,247.20000000000002,138022472.0,0.0218351324828302,0.4943820224718226
2006-07-25,245.94,250.86,244.56,249.29999999999998,144563377.64999998,0.02561600390339508,0.5333333333332454
2006-07-26,249.12,249.42000000000002,241.44,245.82,187144568.68,0.032032755298655215,-0.4135338345864148
2006-07-27,248.52,254.28000000000003,246.60000000000002,247.98,148186524.51,0.03090294543699089,-0.07031249999999345
2006-07-28,249.24,252.60000000000002,246.48,251.04000000000002,93476041.04,0.024554646124221667,0.29411764705877574
2006-07-31,249.89999999999998,255.0,247.86,252.29999999999998,107982381.6,0.028571428571432408,0.33613445378146695
2006-08-01,251.82,252.0,244.86,246.18,108933993.52,0.028353585894690485,-0.7899159663864436
2006-08-02,248.25,257.4,247.14,253.02,128925666.28,0.04132930513595549,0.4649122807017105
2006-08-03,251.94,258.71999999999997,249.66,255.89999999999998,122760305.35,0.03596094308168984,0.43708609271518256
2006-08-04,257.64,259.32,252.12,254.34,116668979.64,0.027945971122500236,-0.45833333333326803
2006-08-07,253.98,257.28000000000003,248.45999999999998,251.82,130083203.00999999,0.03472714386960003,-0.24489795918364393
2006-08-08,252.95999999999998,253.79999999999998,246.12,250.38,128976538.46999998,0.030360531309301664,-0.33593749999995515
2006-08-09,252.95999999999998,255.89999999999998,250.62,251.16,164793192.2,0.02087286527514608,-0.3409090909090249
2006-08-10,250.32,251.70000000000002,246.95999999999998,249.48,119147032.61999999,0.0189357622243569,-0.17721518987337964
2006-08-11,248.45999999999998,251.76,247.44,248.70000000000002,104217983.7,0.017387104564118877,0.055555555555551465
2006-08-14,250.32,254.34,248.10000000000002,250.98,157204209.26999998,0.02492809204218982,0.1057692307692136
2006-08-15,253.02,256.20000000000005,250.20000000000002,253.74,129190832.91,0.023713540431590407,0.11999999999997923
2006-08-16,254.52,258.48,252.18,258.48,123949732.92,0.02475247524752863,0.628571428571329
2006-08-17,257.58,260.34000000000003,256.68,259.92,125366217.24,0.014209177731194234,0.6393442622949116
2006-08-18,260.70000000000005,262.86,256.56,257.46,143201354.58999997,0.024165707710015288,-0.5142857142856422
2006-08-21,256.26,260.94,255.0,258.0,108411557.0,0.02317958323577997,0.29292929292924524
2006-08-22,258.06,260.1,254.88,257.28000000000003,107226585.60000001,0.020227853987448682,-0.1494252873562872
2006-08-23,256.5,258.71999999999997,255.12,258.0,76529594.0,0.014035087719301956,0.4166666666665549
2006-08-24,258.29999999999995,263.15999999999997,258.0,262.56,121794888.72,0.019976771196287064,0.8255813953486916
2006-08-25,261.42,267.06,261.0,265.68,117379682.28,0.0231810879045252,0.7029702970295852
2006-08-28,265.08,269.52,264.84000000000003,268.44,98199378.60000001,0.0176550475328238,0.7179487179485751
2006-08-29,268.98,268.98,263.21999999999997,265.98,111519385.11999999,0.021414231541382354,-0.5208333333332386
2006-08-30,266.82,268.86,263.76,268.20000000000005,113938512.0,0.019114009444573133,0.2705882352940736
2006-08-31,269.15999999999997,270.06,264.48,265.20000000000005,105012525.80000001,0.020731163620155164,-0.7096774193546996
2006-09-01,266.4,269.76,265.14,265.5,107578122.0,0.017342342342346048,-0.19480519480514752
2006-09-05,264.54,269.94,262.08,267.36,108010855.52000001,0.02971195282377328,0.35877862595415133
2006-09-06,264.42,265.68,258.9,259.5,139936153.5,0.025641025641029436,-0.7256637168140514
2006-09-07,260.46,264.48,259.62,261.0,126988593.0,0.018659295093300297,0.11111111111109215
2006-09-08,261.12,265.08,259.68,263.88,54968490.95999999,0.020680147058827193,0.5111111111110169
2006-09-11,262.02,265.20000000000005,260.1,264.06,92566893.14999999,0.019464163040993066,0.3999999999999238
2006-09-12,264.0,264.42,258.084,263.21999999999997,138465038.45999998,0.024000000000003744,-0.12310606060604559
2006-09-13,262.02,263.64,259.74,262.02,100596028.5,0.014884359972524854,0.0
2006-09-14,260.70000000000005,263.94,258.78000000000003,260.34000000000003,114134748.21000001,0.01979286536248925,-0.06976744186045467
2006-09-15,261.36,264.12,259.20000000000005,263.4,211675307.9,0.01882460973370424,0.4146341463413752
2006-09-18,261.78000000000003,265.20000000000005,261.22799999999995,261.42,89942596.68,0.015173046069222545,-0.09063444108759176
2006-09-19,260.52,261.42,255.06,259.08,156597192.52,0.024412713035471323,-0.2264150943395862
2006-09-20,260.28000000000003,263.21999999999997,259.38,261.96,149848935.14,0.014753342554176116,0.4374999999998759
2006-09-21,263.70000000000005,266.82,261.71999999999997,261.96,135731517.79999998,0.019340159271903686,-0.3411764705881798
2006-09-22,262.5,267.36,261.54,265.38,174523707.06,0.02217142857143227,0.494845360824657
2006-09-25,266.64,268.44,262.5,268.26,127780151.67,0.022277227722775936,0.2727272727272277
2006-09-26,267.18,268.68,263.4,268.08,114663803.12,0.019761958230410246,0.17045454545450792
2006-09-27,267.29999999999995,269.04,265.5,267.6,102429296.60000001,0.01324354657688368,0.08474576271185924
2006-09-28,268.20000000000005,270.12,266.46,268.44,124654632.74000001,0.013646532438482515,0.06557377049177186
2006-09-29,267.12,268.74,265.08,268.08,105797235.84,0.013701707097937298,0.2622950819671341
2006-10-02,268.86,274.74,263.70000000000005,265.44,167351116.24,0.041062262887751694,-0.30978260869562657
2006-10-03,264.71999999999997,271.32,260.94,269.28000000000003,139358593.44,0.039211242067093366,0.4393063583814665
2006-10-04,267.96,278.34000000000003,267.96,277.08,180820329.9,0.03873712494402528,0.8786127167629172
2006-10-05,275.58,278.70000000000005,273.18,274.14,94619101.17,0.020030481166996947,-0.2608695652173418
2006-10-06,273.84000000000003,276.036,272.46,273.96,90379540.97999999,0.013058720420687292,0.033557046979841555
2006-10-09,273.42,275.52,272.28000000000003,273.48,88277611.96,0.011849901250826347,0.018518518518513778
2006-10-10,274.5,274.79999999999995,268.44,270.0,86379165.0,0.023169398907107223,-0.7075471698112143
2006-10-11,267.29999999999995,271.74,266.76,271.26,109762917.66,0.01863075196408904,0.795180722891411
2006-10-12,271.56,274.38,269.76,274.08,92655484.8,0.017012814847551138,0.545454545454423
2006-10-13,273.18,275.34000000000003,270.54,275.04,80427517.68,0.017570832418189446,0.3874999999999212
2006-10-16,273.9,274.68,271.86,273.36,89151899.12,0.010295728368021114,-0.1914893617020473
2006-10-17,271.56,274.74,271.20000000000005,272.64,97046889.6,0.01303579319487756,0.3050847457626243
2006-10-18,275.21999999999997,276.78000000000003,273.18,275.70000000000005,110509520.25,0.013080444735124663,0.1333333333333163
2006-10-19,274.26,277.32,273.71999999999997,275.52,108273849.60000001,0.013126230584120942,0.34999999999989806
2006-10-20,273.78000000000003,275.46,268.56,270.06,188467492.35999998,0.02520271751041329,-0.5391304347825363
2006-10-23,268.44,273.18,265.56,271.74,140817071.99,0.028386231560128802,0.43307086614167667
2006-10-24,271.20000000000005,271.98,264.9,269.46,90907944.75,0.026106194690269223,-0.24576271186437995
2006-10-25,268.56,270.71999999999997,266.88,269.64,112999922.28,0.01429848078642002,0.28124999999992445
2006-10-26,269.04,269.88,262.98,266.46,173659132.01,0.025646743978594077,-0.37391304347821386
2006-10-27,266.21999999999997,267.48,263.28000000000003,264.12,113139719.78,0.015776425512737485,-0.49999999999987416
2006-10-30,266.34000000000003,266.52,263.4,263.46,111684645.89999999,0.011714350078850314,-0.9230769230766426
2006-10-31,281.4,291.0,276.0,285.6,617868468.0,0.05330490405117607,0.2799999999999844
2006-11-01,286.02,289.92,284.4,286.62,222121232.62,0.01929934969582903,0.1086956521738967
2006-11-02,285.48,287.21999999999997,281.706,286.26,126438704.21000001,0.019314838167300452,0.1414581066376202
2006-11-03,286.56,287.21999999999997,283.56,285.12,88901271.36,0.012772194304860955,-0.39344262295071497
2006-11-06,285.65999999999997,291.0,285.0,290.46,102408401.99,0.021003990758247493,0.7999999999998686
2006-11-07,289.44,293.70000000000005,286.08,292.79999999999995,170927660.79999998,0.026326699834166096,0.44094488188969666
2006-11-08,289.08,293.52,287.76,291.96,162679382.1,0.01992528019925616,0.4999999999999132
2006-11-09,291.15,292.92,282.0,282.42,123773954.04,0.03750643997939543,-0.7994505494504716
2006-11-10,283.92,287.46,280.44,285.0,115022627.5,0.024725274725278093,0.15384615384613007
2006-11-13,286.62,290.21999999999997,284.21999999999997,289.62,131453932.35000001,0.02093364036006203,0.4999999999999167
2006-11-14,290.21999999999997,291.0,287.28000000000003,289.86,113303761.88000001,0.01281786231135331,-0.09677419354835023
2006-11-15,290.4,295.5,289.86,293.82,174777749.66,0.019421487603309116,0.606382978723301
2006-11-16,294.6,299.88,294.0,299.70000000000005,215718565.5,0.0199592668024473,0.8673469387753672
2006-11-17,299.43,305.4,298.38,304.74,283272438.33,0.02344454463480933,0.7564102564101509
2006-11-20,307.08,309.78000000000003,304.86,307.62,156691937.97,0.016021883548264296,0.1097560975609571
2006-11-21,308.70000000000005,309.6,305.4,306.0,164216838.0,0.013605442176874089,-0.6428571428569937
2006-11-22,306.36,312.84000000000003,305.88,311.88,158614059.12,0.022718370544460808,0.7931034482757413
2006-11-24,308.04,311.70000000000005,306.36,309.06,63704374.379999995,0.017335410985589578,0.19101123595501587
2006-11-27,306.84000000000003,310.14,304.38,306.54,165312270.63000003,0.018771998435669963,-0.05208333333332635
2006-11-28,304.68,309.0,302.82,306.18,158250204.63,0.02028357621110997,0.2427184466019022
2006-11-29,305.82,309.36,304.56,309.06,137363519.85,0.015695507161078398,0.6749999999998597
2006-11-30,309.0606,315.0,307.79999999999995,313.56,203999836.56,0.023296402064841074,0.6249166666665732
2006-12-01,315.0,316.32,310.26,312.96,170718010.88,0.019238095238098357,-0.3366336633662843
2006-12-04,314.15999999999997,315.12,309.65999999999997,310.68,157046875.92000002,0.01737967914438827,-0.6373626373625093
2006-12-05,309.96,311.64,306.0,309.0,127426810.5,0.018195896244679856,-0.17021276595741341
2006-12-06,309.06,311.70000000000005,306.0,311.34000000000003,146033715.66,0.018443020772668822,0.3999999999999318
2006-12-07,311.34000000000003,312.9,307.44,308.15999999999997,131294238.72,0.01753709770669031,-0.5824175824174895
2006-12-08,307.56,312.42,303.36,304.02,143034873.57,0.029457666796725752,-0.3907284768211511
2006-12-11,300.6,308.82,300.36,308.04,203486141.34,0.02814371257485346,0.8794326241133731
2006-12-12,309.84000000000003,309.84000000000003,301.56,304.44,162634740.18,0.0267234701781597,-0.6521739130434013
2006-12-13,305.21999999999997,306.0,298.5,301.02,174582569.4,0.0245724395518019,-0.5599999999999238
2006-12-14,301.86,310.56,301.86,306.36,198648113.04000002,0.02882130789107851,0.517241379310286
2006-12-15,308.34000000000003,314.15999999999997,305.64,308.15999999999997,245458736.16,0.027631834987354716,-0.02112676056338532
2006-12-18,308.21999999999997,308.76,300.12,301.38,127533869.53999999,0.028031925248202447,-0.7916666666665734
2006-12-19,291.0,299.34000000000003,288.0,297.12,404996943.04,0.038969072164951865,0.539682539682491
2006-12-20,297.06,298.28639999999996,294.9,296.04,181967548.22,0.01139971722884592,-0.30120481927701587
2006-12-21,295.79999999999995,299.82,294.36,297.96,167170160.04,0.01845841784990183,0.3956043956043292
2006-12-22,297.42,298.08,293.46,294.18,68454166.07000001,0.015533588864235722,-0.7012987012985508
2006-12-26,293.4,297.12,292.62,293.82,49807876.699999996,0.015337423312886792,0.09333333333331613
2006-12-27,296.21999999999997,298.02,293.46,294.96,92977291.19999999,0.015393963945719354,-0.27631578947362145
2006-12-28,295.44,297.48,291.9,296.04,99535999.66000001,0.018887083671814995,0.10752688172041412
2006-12-29,294.42,297.06,293.82,295.14,75928159.11,0.011004687181580727,0.22222222222214388
2007-01-03,295.68,301.5,289.20000000000005,295.98,189655943.21,0.04159902597402906,0.024390243902438057
2007-01-04,295.62,300.6,293.28000000000003,298.5,143717700.5,0.02476151816521537,0.39344262295076565
2007-01-05,299.94,301.98,297.06,298.56,111107262.88,0.01640328065613456,-0.2804878048779899
2007-01-08,300.0,300.96,293.46,300.12,158074504.52,0.02500000000000325,0.015999999999998474
2007-01-09,299.28000000000003,300.84000000000003,295.79999999999995,297.0,139421205.0,0.016840417000805467,-0.45238095238086157
2007-01-10,295.38,297.29999999999995,292.92,295.68,155807738.24,0.014828356693076456,0.06849315068491943
2007-01-11,296.04,303.78000000000003,294.6,302.64,143643385.07999998,0.03100932306445404,0.7189542483659305
2007-01-12,302.15999999999997,308.21999999999997,302.15999999999997,305.82,160441683.99,0.02005559968229078,0.6039603960395082
2007-01-16,307.20000000000005,311.1,303.0,310.79999999999995,140381574.2,0.026367187500003237,0.4444444444443771
2007-01-17,308.88,314.70000000000005,308.46,311.4,211835559.0,0.020202020202023586,0.4038461538460819
2007-01-18,311.46,314.58,308.21999999999997,309.12,105305798.08000001,0.020419957618959074,-0.3679245283018242
2007-01-19,308.61,312.12,307.08,311.04,122716684.80000001,0.016331291921846354,0.4821428571427609
2007-01-22,310.20000000000005,310.5,300.65999999999997,301.08,185639003.16,0.031721470019345575,-0.9268292682925919
2007-01-23,301.14,301.56,291.18,294.78000000000003,231263900.79000002,0.03446901773261925,-0.6127167630057174
2007-01-24,295.38,295.79999999999995,291.54,292.74,172992605.03,0.014422100345321008,-0.6197183098590159
2007-01-25,291.0,291.36,284.64,286.74,199293762.42,0.023092783505158088,-0.6339285714284731
2007-01-26,286.44,287.64,282.24,285.12,133863412.32000001,0.01885211562631252,-0.24444444444439895
2007-01-29,284.58,288.06,283.38,286.08,131286498.56,0.01644528779253985,0.32051282051275154
2007-01-30,287.1,289.26,285.48,288.29999999999995,140674543.5,0.0131661442006303,0.3174603174602177
2007-01-31,287.15999999999997,291.6,283.92,290.04,105620966.4,0.026744671959886408,0.37499999999995764
2007-02-01,289.92,297.6,289.62,296.34000000000003,222063416.19,0.027524834437089505,0.804511278195388
2007-02-02,295.98,298.26,295.14,295.79999999999995,134348416.0,0.010541252787353853,-0.05769230769230952
2007-02-05,295.32,295.92,291.0,294.18,101702291.61,0.01665989435189286,-0.23170731707312012
2007-02-06,294.24,294.48,287.15999999999997,293.64,147241324.45999998,0.024877650897230236,-0.08196721311474545
2007-02-07,293.1,296.88,292.26,295.92,99983328.84,0.015762538382807875,0.6103896103894761
2007-02-08,294.96,299.34000000000003,294.24,297.84000000000003,98969998.2,0.01729048006509698,0.5647058823528381
2007-02-09,298.62,301.02,294.42,297.0,100575684.0,0.022101667671291084,-0.24545454545451023
2007-02-12,296.15999999999997,296.94,294.24,295.86,159249011.88,0.00911669367909569,-0.11111111111105358
2007-02-13,295.20000000000005,298.08,293.21999999999997,295.02,144310114.74,0.016463414634149715,-0.03703703703704241
2007-02-14,296.88,303.06,295.79999999999995,302.94,181962930.6,0.02445432497979326,0.8347107438015328
2007-02-15,300.96,302.21999999999997,283.86,288.0,425376144.0,0.061004784688998184,-0.7058823529411387
2007-02-16,287.34000000000003,290.34000000000003,285.6,289.5,195476624.25,0.01649613698058395,0.4556962025315418
2007-02-20,288.0,288.84000000000003,281.46,283.20000000000005,190749737.60000002,0.02562500000000356,-0.6504065040649417
2007-02-21,282.6,283.62,279.0,282.12,207325144.94000003,0.016348195329090542,-0.10389610389608524
2007-02-22,282.06,283.79999999999995,277.92,283.08,153587035.56,0.02084662837694433,0.17346938775507126
2007-02-23,283.86,284.64,280.62,281.4,86229683.39999999,0.01416191080110254,-0.6119402985073222
2007-02-26,281.4,285.9,281.4,283.02,118876843.43,0.01599147121535531,0.359999999999921
2007-02-27,280.92,282.42,270.12,275.28000000000003,236086872.36,0.04378470739000771,-0.4585365853658148
2007-02-28,271.79999999999995,276.9,270.54,271.14,205485844.07,0.023399558498899683,-0.10377358490563976
2007-03-01,265.32,272.1,259.62,267.42,236060815.42,0.047037539574856665,0.16826923076921887
2007-03-02,264.96,268.44,261.9,261.96,177176995.27999997,0.024682971014496513,-0.45871559633020365
2007-03-05,259.92,265.20000000000005,258.65999999999997,260.46,165124433.94,0.025161588180982807,0.08256880733943038
2007-03-06,263.754,267.0,261.9,265.08,202315285.38,0.019336199640577974,0.259999999999941
2007-03-07,263.28000000000003,267.48,261.0,262.68,166751540.56,0.024612579762993744,-0.09259259259258155
2007-03-08,264.6,265.14,258.36,258.78000000000003,163338916.9,0.025623582766443484,-0.8584070796458936
2007-03-09,261.0,261.96,257.15999999999997,259.79999999999995,126002696.89999999,0.01839080459770495,-0.24999999999995678
2007-03-12,259.86,264.6,257.586,264.54,105393309.17,0.0269914569383552,0.6672369546620093
2007-03-13,262.68,268.68,258.48,258.96,185873632.88,0.0388305162174545,-0.3647058823529085
2007-03-14,259.68,265.08,258.12,264.65999999999997,207874682.73,0.026802218114606254,0.715517241379204
2007-03-15,264.71999999999997,266.94,261.78000000000003,264.6,158142776.4,0.01949229374433722,-0.023255813953473873
2007-03-16,264.0,265.92,261.12,261.29999999999995,191045270.64999998,0.018181818181821942,-0.562499999999891
2007-03-19,261.6,268.08,261.54,266.4,138092524.79999998,0.025000000000003585,0.7339449541283253
2007-03-20,266.4,268.79999999999995,265.56,268.26,116196416.61,0.012162162162165691,0.5740740740739095
2007-03-21,267.84000000000003,274.86,264.65999999999997,274.86,174826764.45000002,0.038082437275989416,0.6882352941175748
2007-03-22,275.70000000000005,276.408,271.86,273.18,128563061.0,0.01649619151251717,-0.5540897097624194
2007-03-23,274.02,276.6,271.86,275.4,116904637.8,0.017298007444715685,0.29113924050626616
2007-03-26,274.79999999999995,275.52,271.02,273.84000000000003,105191437.12,0.016375545851531965,-0.21333333333326873
2007-03-27,272.52,273.42,269.88,270.84000000000003,70265646.24,0.01298987230295394,-0.47457627118628976
2007-03-28,269.76,271.98,268.02,269.04,99058375.68,0.01467971530249489,-0.18181818181812676
2007-03-29,269.76,270.42,263.52,265.68,159803863.20000002,0.025578291814950357,-0.5913043478259961
2007-03-30,264.12,269.64,264.12,266.28000000000003,129788333.64,0.020899591094960476,0.39130434782602186
2007-04-02,267.29999999999995,268.92,264.0,265.86,116763142.02000001,0.018406285072955473,-0.29268292682919583
2007-04-03,267.84000000000003,269.52,265.26,268.86,114246410.94000001,0.01590501792115059,0.2394366197182499
2007-04-04,268.14,269.58,266.52,269.46,86423142.33,0.011411948981878835,0.4313725490194643
2007-04-05,268.74,270.12,267.29999999999995,270.12,89342144.98,0.010493413708420924,0.4893617021274757
2007-04-09,269.15999999999997,269.94,265.86,266.34000000000003,102785133.78,0.015158270173877875,-0.691176470588053
2007-04-10,265.56,268.62,264.84000000000003,266.52,102230009.22,0.014234071396298231,0.2539682539681832
2007-04-11,266.52,266.52,260.58,262.08,108336402.72,0.022287257991899203,-0.7474747474746215
2007-04-12,261.84000000000003,270.48,261.24,270.42,158680608.13,0.035288725939508755,0.9285714285713255
2007-04-13,269.88,273.84000000000003,269.04,273.42,134649734.73,0.017785682525570598,0.7374999999998488
2007-04-16,273.42,275.4,272.15999999999997,272.76,108543159.98,0.011849901250826555,-0.203703703703648
2007-04-17,272.34000000000003,276.96,272.04,273.71999999999997,143251544.48,0.01806565322758662,0.28048780487798164
2007-04-18,272.21999999999997,277.32,271.44,274.74,119144389.46,0.021600176327973602,0.4285714285713626
2007-04-19,273.48,276.71999999999997,271.02,275.15999999999997,158809694.64,0.02084247476963934,0.29473684210520323
2007-04-20,278.4,280.02,274.5,279.84000000000003,178538059.92000002,0.01982758620690001,0.26086956521735477
2007-04-23,283.56,293.64,283.56,293.15999999999997,479684466.94,0.03554803216250863,0.952380952380856
2007-04-24,293.15999999999997,294.0,289.32,289.68,256188839.92000002,0.01596397871469843,-0.7435897435895753
2007-04-25,288.96,289.14,284.64,288.0,175468032.0,0.015573089701000084,-0.21333333333328136
2007-04-26,285.71999999999997,292.20000000000005,285.24,288.65999999999997,190211304.25,0.02435951280974735,0.42241379310338506
2007-04-27,287.88,289.38,284.94,287.94,202338029.46,0.015423092955401493,0.013513513513510989
2007-04-30,287.64,288.0,282.71999999999997,283.26,182308071.61,0.018356278681688955,-0.8295454545452919
2007-05-01,285.0,288.24,281.34000000000003,288.0,277241232.0,0.024210526315792815,0.4347826086955906
2007-05-02,286.86,290.88,281.4,288.12,349526343.32000005,0.033047479606780256,0.13291139240504807
2007-05-03,289.44,289.79999999999995,281.64,283.68,206941297.68,0.028192371475956813,-0.7058823529410916
2007-05-04,282.06,283.5,279.65999999999997,281.46,184032667.91,0.013614124654332475,-0.15624999999996395
2007-05-07,281.15999999999997,285.54,281.15999999999997,284.52,130206215.36,0.015578318395223492,0.7671232876710516
2007-05-08,283.44,285.42,279.9,284.21999999999997,171617246.7,0.019475021168504865,0.14130434782605542
2007-05-09,282.18,284.94,280.5,283.5,132633537.75,0.015734637465451066,0.2972972972972289
2007-05-10,282.84000000000003,282.84000000000003,274.62,276.18,183401563.76,0.029062367416210568,-0.8102189781020915
2007-05-11,275.9394,280.79999999999995,275.15999999999997,279.84000000000003,125254658.32000001,0.0204392703615394,0.6915957446807397
2007-05-14,278.64,281.46,276.65999999999997,279.6,180962292.6,0.0172265288544394,0.19999999999996543
2007-05-15,280.62,282.6,277.68,278.4,133206697.6,0.017532606371609288,-0.4512195121950343
2007-05-16,278.94,283.62,276.54,283.14,172168184.76,0.02538180253818369,0.5932203389829668
2007-05-17,282.18,282.84000000000003,278.28000000000003,278.70000000000005,98214344.5,0.016159897937490203,-0.7631578947366658
2007-05-18,279.06,279.6,277.14,278.28000000000003,170605815.3,0.008815308535802435,-0.31707317073156266
2007-05-21,277.79999999999995,281.76,277.79999999999995,281.4,102191910.8,0.014254859611234781,0.9090909090906769
2007-05-22,279.9,283.56,278.70000000000005,282.06,85566802.83,0.0173633440514503,0.4444444444443621
2007-05-23,282.0,295.98,280.92,288.78000000000003,301705840.93,0.0534042553191523,0.450199203187223
2007-05-24,290.4,290.58,286.20000000000005,287.46,201860161.2,0.015082644628102354,-0.6712328767121843
2007-05-25,288.29999999999995,298.5,287.70000000000005,296.82,283816018.98,0.03746097814776593,0.7888888888888227
2007-05-29,295.79999999999995,297.12,292.08,295.26,178247527.01,0.01703853955375593,-0.10714285714282823
2007-05-30,309.24,313.56,309.0,312.78000000000003,831334782.07,0.01474582848273505,0.7763157894735181
2007-05-31,311.46,314.82,310.74,313.32,311588593.68,0.013099595453672931,0.4558823529410698
2007-06-01,314.94,314.94,312.0,313.74,211866007.5,0.0093351114498031,-0.40816326530598007
2007-06-04,310.5,313.62,310.20000000000005,313.5,236125012.75,0.011014492753626242,0.8771929824558944
2007-06-05,311.94,313.20000000000005,310.20000000000005,312.12,258930538.38000003,0.009617234083480766,0.05999999999998227
2007-06-06,311.52,312.6,310.79999999999995,311.52,243810660.72,0.005778120184903256,0.0
2007-06-07,310.08,312.6,304.68,305.15999999999997,291280916.32,0.025541795665637867,-0.6212121212120435
2007-06-08,304.14,309.84000000000003,303.78000000000003,309.18,212434743.85,0.019925034523577898,0.8316831683166975
2007-06-11,309.0,309.42,306.42,307.26,197512617.15,0.009708737864080875,-0.5799999999998097
2007-06-12,306.6,307.92,303.96,306.42,183044634.37,0.012915851272018991,-0.04545454545453528
2007-06-13,306.65999999999997,309.6,305.15999999999997,308.94,165565219.67000002,0.014478575621212549,0.5135135135133982
2007-06-14,308.04,311.4,307.14,307.26,153221600.25,0.01382937280872931,-0.18309859154926011
2007-06-15,309.9,310.5,305.58,307.98,298299521.31,0.015876089060990643,-0.3902439024389355
2007-06-18,307.62,310.56,306.78000000000003,309.78000000000003,236381139.84,0.012287887653601717,0.571428571428431
2007-06-19,306.6,311.52,306.6,311.1,236253695.4,0.016046966731901313,0.9146341463412851
2007-06-20,310.5,311.4,307.26,308.21999999999997,190647580.31,0.013333333333336467,-0.5507246376810353
2007-06-21,308.21999999999997,312.71999999999997,307.74,312.0,175458504.0,0.016157290247229075,0.7590361445781727
2007-06-22,310.68,311.46,307.44,309.48,308610877.0,0.012939358825804586,-0.2985074626864914
2007-06-25,309.0,313.79999999999995,308.64,310.5,689768039.25,0.01669902912621667,0.2906976744185501
2007-06-26,309.96,314.58,309.24,314.15999999999997,444471264.15999997,0.017228029423154465,0.7865168539324385
2007-06-27,317.1,323.76,314.58,321.42,987090623.3100001,0.028949858088934015,0.4705882352940653
2007-06-28,320.76,322.68,319.20000000000005,321.29999999999995,288015729.75,0.010849233071458258,0.15517241379305013
2007-06-29,321.18,323.1,319.32,321.0,186038064.5,0.0117691014384489,-0.04761904761903645
2007-07-02,321.0,323.1,319.44,322.86,231102596.09,0.011401869158881662,0.5081967213113368
2007-07-03,322.32,327.65999999999997,320.94,327.29999999999995,110916460.44999999,0.020848845867463852,0.7410714285713158
2007-07-05,325.92,328.08,321.0,326.70000000000005,179007750.9,0.021723122238589108,0.11016949152541258
2007-07-06,326.70000000000005,327.36,324.65999999999997,327.0,141584242.0,0.008264462809920528,0.11111111111105124
2007-07-09,324.65999999999997,329.4,323.46,328.68,186885311.58,0.01829606357420372,0.6767676767675695
2007-07-10,325.68,329.34000000000003,325.5,327.06,475725286.53,0.011790714812088614,0.35937499999990224
2007-07-11,327.29999999999995,329.15999999999997,326.4,329.1,147113130.15,0.008432630614118492,0.6521739130432688
2007-07-12,329.15999999999997,333.0,327.18,333.0,247360336.5,0.017681370761942445,0.6597938144328825
2007-07-13,331.79999999999995,335.52,331.20000000000005,335.52,126275076.96000001,0.013019891500906943,0.8611111111109307
2007-07-16,334.62,334.62,330.6,332.04,188174151.52,0.01201362739824568,-0.6417910447759587
2007-07-17,332.1,332.4,328.32,328.56,309581826.8,0.012285456187898136,-0.8676470588233252
2007-07-18,329.4,332.21999999999997,325.08,331.08,318493883.44,0.021675774134793456,0.23529411764702726
2007-07-19,331.32,333.12,324.6,330.12,281946743.82,0.025715320536040552,-0.14084507042251765
2007-07-20,331.38,332.21999999999997,327.65999999999997,329.64,257306984.92,0.013760637334784803,-0.3815789473683392
2007-07-23,327.65999999999997,332.34000000000003,324.12,328.5,241933187.25,0.025086980406522012,0.10218978102188891
2007-07-24,327.0,343.20000000000005,327.0,337.4394,406505484.07379997,0.04954128440367276,0.6444074074073645
2007-07-25,341.64,356.94,337.56,354.06,605570710.71,0.056726378644189605,0.6408668730649835
2007-07-26,348.6,358.68,342.24,349.14,485415510.14,0.04716006884681855,0.03284671532846295
2007-07-27,345.06,348.12,339.12,342.06,335062592.59999996,0.026082420448620452,-0.3333333333332963
2007-07-30,333.48,339.78000000000003,325.56,332.58,409578256.44,0.0426412378553466,-0.06329113924050415
2007-07-31,336.6,343.56,332.58,339.24,478282602.59999996,0.0326203208556179,0.2404371584699218
2007-08-01,340.92,342.48,331.56,333.78000000000003,457619945.68,0.0320309750088026,-0.6538461538460918
2007-08-02,335.94,340.14,333.12,338.94,413414269.38,0.020896588676552242,0.4273504273503676
2007-08-03,339.29999999999995,346.26,337.86,339.9,438968783.55,0.02475685234306205,0.07142857142856582
2007-08-06,339.9,342.54,336.9,340.44,253232095.24,0.016593115622244855,0.09574468085104974
2007-08-07,337.86,351.6,336.29999999999995,349.68,251147985.52,0.04528502930208081,0.7725490196077888
2007-08-08,348.78000000000003,353.34000000000003,345.78000000000003,353.34000000000003,258307322.52,0.02167555479098853,0.6031746031745235
2007-08-09,346.79999999999995,355.08,345.0,348.78000000000003,252225314.31,0.029065743944639434,0.19642857142855968
2007-08-10,340.74,354.0,340.5,347.1,287712694.1,0.03961965134707096,0.47111111111107723
2007-08-13,343.86,354.12,342.6,352.98,278763660.63,0.03350200663060823,0.7916666666665996
2007-08-14,352.79999999999995,359.70000000000005,349.14,356.70000000000005,243897489.25,0.029931972789118567,0.3693181818181534
2007-08-15,357.18,361.20000000000005,350.34000000000003,350.76,212716005.14000002,0.030404837896861478,-0.5911602209944214
2007-08-16,349.26,357.36,343.79999999999995,354.6,284440498.8,0.0388249441676717,0.39380530973448485
2007-08-17,355.74,363.12,348.42,361.20000000000005,273208068.0,0.041322314049589436,0.3714285714285489
2007-08-20,358.56,360.0,355.14,359.76,225768527.24,0.013554216867472667,0.24691358024685975
2007-08-21,358.62,360.0,354.9006,357.6,142704928.8,0.014219508114441438,-0.2000235321802136
2007-08-22,357.06,359.64,353.76,357.36,175602534.8,0.01646782053436671,0.051020408163258604
2007-08-23,357.36,360.06,357.36,359.82,323815391.31,0.007555406312964464,0.9111111111107699
2007-08-24,360.0,377.34000000000003,358.98,377.34000000000003,477531065.24,0.05100000000000267,0.9444444444443941
2007-08-27,376.5,384.0,375.29999999999995,377.58,269355377.34,0.023107569721118253,0.124137931034466
2007-08-28,377.1,377.94,372.42,372.48,152787819.51999998,0.014638027048530806,-0.8369565217389824
2007-08-29,372.36,377.15999999999997,367.68,377.15999999999997,199960174.4,0.02545923300032478,0.5063291139239945
2007-08-30,375.42,388.79999999999995,374.76,387.54,267164004.54000002,0.037398114112196804,0.8632478632478043
2007-08-31,387.48,387.48,380.82,382.92,197877164.82,0.017187983895945617,-0.6846846846845797
2007-09-04,382.62,385.43999999999994,380.64,381.29999999999995,188499213.79999998,0.01254508389525101,-0.2749999999999557
2007-09-05,381.0,383.70000000000005,376.56,377.21999999999997,264092162.09,0.018740157480317647,-0.5294117647058091
2007-09-06,382.74,407.09999999999997,381.687,399.18,574315900.55,0.06639755447562545,0.6469129972848299
2007-09-07,396.0,397.08000000000004,391.79999999999995,394.68,323177468.9,0.013333333333336042,-0.24999999999994726
2007-09-10,395.22,398.64,390.36,391.32,192264255.48,0.0209503567633241,-0.471014492753572
2007-09-11,393.72,395.46,388.79999999999995,393.0,168493968.5,0.016915574519965983,-0.10810810810809557
2007-09-12,392.64,392.64,387.72,388.26,149731821.89999998,0.012530562347190674,-0.8902439024388499
2007-09-13,381.252,393.72,380.94,392.40000000000003,326658546.6,0.03352113562683211,0.8723004694834997
2007-09-14,390.78,396.0,380.1,392.52,411287166.24,0.040687855059114944,0.10943396226414479
2007-09-17,391.08000000000004,391.91999999999996,382.98,387.0,226926480.0,0.022859772936485927,-0.45637583892613104
2007-09-18,389.28,400.79999999999995,387.36,400.79999999999995,233344156.79999998,0.03452527743526743,0.8571428571427958
2007-09-19,402.0,408.12,398.64,404.76,295179999.79999995,0.023582089552241278,0.29113924050629686
2007-09-20,402.72,407.40000000000003,400.74,402.59999999999997,136438321.79999998,0.01653754469606925,-0.018018018018024464
2007-09-21,404.46,408.65999999999997,402.59999999999997,404.34000000000003,252437144.46,0.014982940216587517,-0.0198019801980079
2007-09-24,399.59999999999997,411.41999999999996,397.68,410.70000000000005,218048022.60000002,0.03438438438438668,0.8078602620086834
2007-09-25,411.0,414.0,406.26,408.0,152471980.0,0.018832116788323576,-0.38759689922475565
2007-09-26,408.48,411.41999999999996,403.98,408.90000000000003,174830919.60000002,0.018213866039955253,0.05645161290322081
2007-09-27,411.84000000000003,413.04,396.18,398.70000000000005,253511069.25,0.04093822843823079,-0.7793594306049346
2007-09-28,400.38,404.04,393.65999999999997,397.98,196969853.51999998,0.025925370897649798,-0.23121387283234432
2007-10-01,400.14,409.08000000000004,398.40000000000003,407.64,202261660.22,0.02669065826960809,0.7022471910111697
2007-10-02,402.65999999999997,403.20000000000005,390.41999999999996,393.96,227441446.82,0.031738936075103204,-0.6807511737088614
2007-10-03,392.40000000000003,399.12,390.54,392.09999999999997,163977723.04999998,0.0218654434250789,-0.0349650349650389
2007-10-04,396.0,401.09999999999997,392.52,395.28,170926911.72,0.021666666666669096,-0.08391608391607747
2007-10-05,397.38,405.90000000000003,391.32,405.7794,172436699.9589,0.03669032160652525,0.5760905349793837
2007-10-08,403.32,405.36,395.58000000000004,398.52,119898063.0,0.024248735495390628,-0.4907975460122223
2007-10-09,397.91999999999996,403.91999999999996,397.74,403.43999999999994,111440348.47999999,0.015530759951751445,0.8932038834950053
2007-10-10,404.15999999999997,405.12,398.40000000000003,404.46,158172509.25,0.01662707838480046,0.044642857142852384
2007-10-11,406.32,411.0,400.91999999999996,402.72,214966365.04000002,0.024808033077379936,-0.35714285714281685
2007-10-12,404.46,416.58000000000004,402.06000000000006,416.58000000000004,274686395.01000005,0.03589971814271114,0.8347107438016007
2007-10-15,500.09999999999997,508.5,485.76,495.06000000000006,2533109558.8700004,0.045470905818838156,-0.22163588390499928
2007-10-16,486.29999999999995,488.76,472.91999999999996,475.74,964378659.33,0.03257248611968127,-0.6666666666666198
2007-10-17,473.64,481.91999999999996,466.79999999999995,475.56000000000006,624333873.36,0.03192297947808667,0.12698412698412337
2007-10-18,470.58000000000004,479.04,468.12,475.86,542462475.94,0.023205406094608763,0.48351648351643606
2007-10-19,475.86,486.0,473.70000000000005,481.32,534983409.65999997,0.02584793846929964,0.4439024390243541
2007-10-22,475.38,481.91999999999996,469.43999999999994,480.65999999999997,411996196.91,0.026252682064876503,0.4230769230768864
2007-10-23,469.5,479.82,468.0,473.58000000000004,502869502.26000005,0.025175718849842318,0.34517766497459373
2007-10-24,467.04,469.08000000000004,452.70000000000005,460.32,639505467.4399999,0.035071942446045216,-0.41025641025638704
2007-10-25,462.24,465.0,454.32,457.79999999999995,344607042.5,0.023104880581518224,-0.4157303370786176
2007-10-26,461.09999999999997,464.93999999999994,454.56000000000006,460.32,292932227.28,0.022511385816527563,-0.07514450867051121
2007-10-29,457.32,457.32,444.18,448.91999999999996,342724607.09999996,0.02873261611125898,-0.6392694063926486
2007-10-30,446.58000000000004,448.91999999999996,440.82,442.74,187601187.14000002,0.018137847642081928,-0.47407407407402147
2007-10-31,443.34000000000003,448.91999999999996,440.82,446.64,249711659.84,0.01827040194884501,0.4074074074073532
2007-11-01,446.40000000000003,448.5,436.74,437.22,254323368.39000002,0.026344086021507535,-0.7806122448978939
2007-11-02,440.58000000000004,446.28,437.15999999999997,443.88,222997766.04000002,0.020699986381590138,0.36184210526311306
2007-11-05,440.64,442.08000000000004,432.54,441.12,216700126.48,0.021650326797387886,0.05031446540880156
2007-11-06,441.65999999999997,446.28,437.09999999999997,440.64,201681735.84,0.02078521939954034,-0.11111111111109694
2007-11-07,439.20000000000005,443.34000000000003,425.82,426.78,288817247.82,0.039890710382515925,-0.7089041095890033
2007-11-08,430.79999999999995,464.70000000000005,430.79999999999995,449.93999999999994,648087201.8499999,0.07869080779944526,0.5646017699114858
2007-11-09,451.43999999999994,454.5,433.32,433.74,472338811.76000005,0.046916533758641146,-0.8356940509914585
2007-11-12,431.22,431.22,418.5,419.28,423346736.47999996,0.029497704188119745,-0.9386792452829473
2007-11-13,419.09999999999997,425.76,414.24,424.98,311113125.36,0.027487473156766775,0.5104166666666277
2007-11-14,422.93999999999994,431.40000000000003,419.40000000000003,420.06000000000006,394146498.6,0.02837281883955401,-0.23999999999997015
2007-11-15,419.28,438.0,416.40000000000003,419.52,347067847.2,0.051516886090442936,0.011111111111111037
2007-11-16,421.62,426.24,415.91999999999996,420.24,285792756.88000005,0.02447701721929943,-0.13372093023254408
2007-11-19,419.28,423.78,414.29999999999995,421.5,229545809.0,0.022610188895251373,0.23417721518985113
2007-11-20,421.98,425.70000000000005,412.86,421.26,267587651.86999997,0.030427982368835017,-0.056074766355137806
2007-11-21,420.0,423.54,411.48,411.78,127465400.91999999,0.02871428571428803,-0.6815920398009406
2007-11-23,413.04,419.34000000000003,411.59999999999997,417.06000000000006,45207705.27,0.018739105171414503,0.5193798449611737
2007-11-26,414.59999999999997,418.08000000000004,407.15999999999997,408.0,170307700.0,0.026338639652679803,-0.6043956043955419
2007-11-27,408.72,418.79999999999995,405.18,418.5,197011665.0,0.033323546682327544,0.7180616740087586
2007-11-28,422.64,423.65999999999997,414.72,421.68,195090111.44,0.021152754116981164,-0.10738255033555688
2007-11-29,421.62,438.36,419.93999999999994,436.62,277873991.47999996,0.04368862957165463,0.8143322475569559
2007-11-30,438.65999999999997,446.15999999999997,436.98,444.72,285858455.76,0.020927369716867116,0.6601307189541865
2007-12-03,441.78,446.93999999999994,437.64,442.91999999999996,197232718.92,0.021051201955726684,0.12258064516127627
2007-12-04,438.78,441.90000000000003,433.26,435.29999999999995,185167406.15,0.019690961301793663,-0.40277777777773127
2007-12-05,435.78,444.0,435.65999999999997,444.0,165443724.0,0.019138097205014026,0.9856115107912482
2007-12-06,442.68,446.15999999999997,438.0,443.58000000000004,219319629.05,0.018433179723504448,0.11029411764704991
2007-12-07,443.40000000000003,451.5,439.5,449.64,165322061.46,0.0270635994587302,0.5199999999999527
2007-12-10,448.74,448.79999999999995,441.90000000000003,443.82,128387435.92999999,0.015376387217544469,-0.7130434782607767
2007-12-11,444.90000000000003,467.09999999999997,444.90000000000003,452.33939999999996,411553991.8293,0.049898853674985116,0.3351081081080905
2007-12-12,465.0,471.41999999999996,450.29999999999995,455.28,983905608.0,0.045419354838711734,-0.46022727272725217
2007-12-13,330.71999999999997,352.02,321.9,347.46,1798990480.62,0.0910740203193061,0.5557768924302606
2007-12-14,345.71999999999997,364.44,342.0,352.74,541445317.8,0.06490801804929114,0.3128342245989183
2007-12-17,352.32,352.32,331.14,333.42,298763713.93,0.060115803814716574,-0.892351274787492
2007-12-18,337.14,350.58,334.56,335.94,374983842.64,0.04751735184196753,-0.0749063670411932
2007-12-19,338.04,343.98,333.0,333.0,231890322.0,0.03248136315229258,-0.45901639344258227
2007-12-20,336.18,342.42,334.74,341.76,240973039.36,0.022844904515441085,0.7265624999999026
2007-12-21,346.98,347.34000000000003,340.08,346.02,353058046.8,0.020923396161164984,-0.13223140495866362
2007-12-24,343.86,352.20000000000005,343.86,350.46,135294790.95,0.02425405688361835,0.7913669064747182
2007-12-26,350.1,356.4,348.0,356.04,134720729.46,0.023993144815769644,0.7071428571427746
2007-12-27,355.98,355.98,346.02,349.98,130439820.86999999,0.02797909994943819,-0.6024096385541542
2007-12-28,351.06,353.1114,346.32,347.04,86913333.84,0.019345411040850538,-0.5919250817209094
2007-12-31,343.44,345.48,340.86,341.52,132454946.04,0.013452131376662563,-0.4155844155843287
2008-01-02,341.46,342.65999999999997,330.29999999999995,335.21999999999997,191487329.51,0.03619750483219404,-0.5048543689319982
2008-01-03,336.06,339.29999999999995,332.4,337.79999999999995,153025370.5,0.02053204784860131,0.2521739130434356
2008-01-04,337.5,338.52,330.06,331.32,158865731.2,0.025066666666669492,-0.7304964539006255
2008-01-07,339.06,357.12,334.74,355.32,346042890.9,0.06600601663422677,0.7265415549597528
2008-01-08,347.88,349.74,335.70000000000005,335.82,250487466.35999998,0.04035874439462148,-0.8589743589743002
2008-01-09,336.71999999999997,355.02,336.6,350.4,285850596.8,0.054704205274414656,0.7426710097719488
2008-01-10,349.74,371.88,349.74,355.08,298371652.7,0.06330416881111946,0.2411924119241074
2008-01-11,355.98,359.82,349.32,354.12,152789028.34,0.029496039103323133,-0.17714285714284156
2008-01-14,359.76,368.58,352.62,359.88,362752082.32,0.044362908605739756,0.0075187969924810265
2008-01-15,354.65999999999997,362.82,354.36,355.86,218023975.17000002,0.023853831838947036,0.14184397163119464
2008-01-16,360.0,367.74,358.62,359.94,220852525.11,0.025333333333336053,-0.006578947368420577
2008-01-17,366.71999999999997,376.08,363.54,366.29999999999995,283372305.15,0.034195026178013004,-0.033492822966505874
2008-01-18,358.98,366.18,352.02,359.46,396721084.40999997,0.03944509443423306,0.03389830508474058
2008-01-22,341.52,355.02,339.9,339.96,284550656.18,0.04427266338721293,-0.10317460317459647
2008-01-23,333.06,356.64,329.4,355.38,287201946.21,0.08178706539362554,0.8193832599118637
2008-01-24,355.32,355.74,342.24,348.78000000000003,179425394.99,0.03799392097264708,-0.4844444444444059
2008-01-25,354.6,354.71999999999997,348.9,353.52,317442105.6,0.016412859560070433,-0.1855670103092537
2008-01-28,354.0,356.1,344.82,348.78000000000003,158510802.29000002,0.03186440677966383,-0.46276595744676363
2008-01-29,350.4,367.20000000000005,349.02,366.29999999999995,197470315.35,0.0518835616438385,0.8745874587458222
2008-01-30,366.24,368.88,359.4,360.0,134981880.0,0.025884665792925383,-0.6582278481011961
2008-01-31,359.67,367.44,354.6,365.70000000000005,147006889.70000002,0.035699391108518747,0.4696261682242657
2008-02-01,366.78000000000003,377.1,362.4,370.56,140312914.56,0.04007852118436393,0.257142857142837
2008-02-04,372.36,382.14,369.65999999999997,379.74,156317565.98,0.03351595230422436,0.5913461538461052
2008-02-05,370.14,374.34000000000003,361.56,363.12,181914707.72,0.034527476090130745,-0.5492957746478416
2008-02-06,374.46,380.46,363.12,363.12,292721017.8,0.046306681621537484,-0.6539792387542871
2008-02-07,360.42,377.34000000000003,357.18,369.48,217767878.78,0.05593474280006927,0.4494047619047392
2008-02-08,368.64,372.06,362.76,369.0,155333994.0,0.025227864583336007,0.03870967741935209
2008-02-11,367.74,372.0,364.79999999999995,365.64,192751208.98,0.01957905041605761,-0.2916666666666275
2008-02-12,368.46,369.0,359.82,363.36,139576386.72,0.024914509037618687,-0.5555555555554909
2008-02-13,367.14,379.56,363.54,379.44,227025718.68,0.043634580813861026,0.7677902621722383
2008-02-14,380.82,386.93999999999994,373.79999999999995,377.21999999999997,244407942.31,0.034504490310385355,-0.2739726027397072
2008-02-15,374.82,375.65999999999997,366.0,373.20000000000005,184435253.4,0.02577237073795673,-0.16770186335401505
2008-02-19,377.88,381.6,363.42,364.02,223369770.39000002,0.04811051127342266,-0.762376237623721
2008-02-20,362.94,369.12,358.02,367.44,143651892.8,0.030583567531826172,0.40540540540536807
2008-02-21,367.14,367.14,355.79999999999995,361.26,174150922.32,0.03088739990194749,-0.518518518518471
2008-02-22,360.29999999999995,366.54,355.86,362.04,152515927.06,0.029641965029145095,0.16292134831459756
2008-02-25,361.79999999999995,369.6,360.96,367.79999999999995,121990248.89999999,0.02388059701492819,0.6944444444443606
2008-02-26,363.96,374.34000000000003,363.96,369.18,121683943.08,0.028519617540391867,0.5028901734103562
2008-02-27,367.32,373.56,347.70000000000005,360.78000000000003,377938396.15000004,0.0704018294674967,-0.2529002320185507
2008-02-28,360.06,367.20000000000005,358.14,363.48,110422619.06,0.025162472921182674,0.3774834437085669
2008-02-29,359.15999999999997,359.46,348.54,350.15999999999997,182999043.48,0.03040427664550877,-0.8241758241757517
2008-03-03,348.12,353.82,347.4,353.04,196395740.12,0.01844191658049235,0.7663551401867971
2008-03-04,353.04,356.46,342.96,354.84000000000003,236847952.66,0.03823929299796329,0.1333333333333243
2008-03-05,355.98,361.5,354.0,358.1406,147995753.3202,0.021068599359517326,0.28807999999996
2008-03-06,357.84000000000003,357.84000000000003,338.21999999999997,339.78000000000003,211233864.10000002,0.05482897384306115,-0.9204892966360361
2008-03-07,339.54,343.38,336.36,337.20000000000005,233953687.4,0.02067503092419438,-0.33333333333328313
2008-03-10,336.96,339.78000000000003,327.0,328.44,199105309.34,0.037927350427353373,-0.6666666666666116
2008-03-11,330.84000000000003,346.14119999999997,327.78000000000003,346.08,238878951.35999998,0.05549873050417386,0.8300111103848972
2008-03-12,348.0,361.08,343.32,356.28000000000003,258257989.96,0.051034482758623385,0.4662162162161919
2008-03-13,349.14,366.48,349.02,362.70000000000005,224329224.60000002,0.050008592541676646,0.7766323024054557
2008-03-14,357.78000000000003,364.65,352.77,361.98,230669100.48,0.033204762703339934,0.35353535353532295
2008-03-17,355.44,369.12,351.84000000000003,352.20000000000005,213728754.5,0.04861580013504648,-0.1874999999999867
2008-03-18,355.14,361.38,352.68,359.82,223387410.42,0.02449738131441393,0.5379310344826983
2008-03-19,361.08,361.5,347.94,350.4,219120362.4,0.03755400465271121,-0.7876106194689688
2008-03-20,351.06,355.44,347.76,354.0,382384015.0,0.02187660229020961,0.38281249999994954
2008-03-24,353.88,373.56,353.76,368.76,204671756.52,0.05595116988810035,0.751515151515113
2008-03-25,370.44,371.21999999999997,363.65999999999997,367.14,153947370.29,0.02040816326530877,-0.4365079365078801
2008-03-26,364.74,378.12,364.74,377.94,237209316.75,0.03668366507649547,0.9865470852017195
2008-03-27,378.29999999999995,382.5,374.7498,374.76,164531882.16,0.020486915146711568,-0.45676240613139063
2008-03-28,376.74,381.71999999999997,363.65999999999997,364.38,179356277.47,0.04793756967670264,-0.6843853820597635
2008-03-31,364.79999999999995,374.82,364.79999999999995,370.14,188233586.57999998,0.02746710526316067,0.5329341317364749
2008-04-01,372.84000000000003,386.52,369.42,384.06000000000006,173906784.69000003,0.0458641776633433,0.6561403508771576
2008-04-02,383.4,386.64,375.96,377.46,156085686.45,0.027856025039126184,-0.5561797752808463
2008-04-03,375.71999999999997,378.96,371.04,377.64,148584660.9,0.021079527307571965,0.24242424242421506
2008-04-04,379.98,389.88,379.08,384.06000000000006,182274876.0,0.0284225485551897,0.3777777777777462
2008-04-07,384.0,386.58000000000004,380.46,382.74,147458558.75,0.01593750000000272,-0.20588235294113927
2008-04-08,383.58,394.56000000000006,380.76,390.72,256063431.36,0.035976849679339465,0.5173913043477891
2008-04-09,392.88,392.93999999999994,382.92,388.14,174656854.45,0.02550397067807193,-0.4730538922155261
2008-04-10,389.70000000000005,404.70000000000005,389.34000000000003,398.58000000000004,237971723.99,0.03941493456505253,0.5781249999999616
2008-04-11,393.0,395.15999999999997,384.12,385.32,252537443.6,0.028091603053437494,-0.6956521739129834
2008-04-14,384.54,389.70000000000005,380.1,382.32,157177231.92,0.024964893119053925,-0.2312499999999782
2008-04-15,382.5,392.28,380.46,389.58000000000004,237752038.31000003,0.03090196078431624,0.5989847715735572
2008-04-16,393.0,396.96,387.65999999999997,395.34000000000003,208780898.92000002,0.023664122137407092,0.2516129032257825
2008-04-17,396.96,401.70000000000005,393.78,394.91999999999996,182402687.7,0.01995163240629044,-0.25757575757572526
2008-04-18,399.65999999999997,400.32,389.52,390.0,245262095.0,0.027022969524097946,-0.8944444444443578
2008-04-21,390.48,391.56000000000006,386.28,389.40000000000003,194859134.8,0.013521819299326655,-0.20454545454540943
2008-04-22,388.74,393.48,383.58,387.72,226102601.34,0.02546689303905183,-0.10303030303029043
2008-04-23,395.88,396.72,380.4,387.06000000000006,200711575.75000003,0.0412246135192508,-0.5404411764705496
2008-04-24,387.41999999999996,388.43999999999994,376.68,382.02,175358322.25,0.030354653864025874,-0.45918367346934935
2008-04-25,381.96,391.91999999999996,381.96,390.72,178558584.16000003,0.026076028903552605,0.8795180722890749
2008-04-28,389.82,393.54,387.29999999999995,388.02,168168773.38,0.016007388025245112,-0.28846153846149103
2008-04-29,367.44,374.1,366.54,367.98,425732253.12,0.020574787720446824,0.07142857142856467
2008-04-30,369.78000000000003,371.82,363.54,364.14,157933101.48,0.02239169235762061,-0.6811594202897803
2008-05-01,365.64,375.18,363.6,373.98,216929093.56,0.03167049556941514,0.7202072538859519
2008-05-02,375.48,376.79999999999995,368.1,373.86,176519868.3,0.02317034196229069,-0.18620689655170472
2008-05-05,372.06,378.71999999999997,371.88,378.06,117039436.74,0.01838413159168133,0.8771929824560153
2008-05-06,375.54,380.21999999999997,374.64,378.84000000000003,105945257.88,0.014858603610803026,0.5913978494622634
2008-05-07,379.14,380.15999999999997,371.04,372.12,96859486.92,0.024054438993514067,-0.7697368421051811
2008-05-08,373.32,382.08,371.64,376.20000000000005,110140262.10000001,0.027965284474448113,0.27586206896549587
2008-05-09,373.20000000000005,374.28000000000003,370.02,372.42,127708093.95,0.011414790996787341,-0.18309859154925767
2008-05-12,374.64,382.5,371.88,378.29999999999995,114519354.3,0.028347213324794406,0.3446327683615463
2008-05-13,379.68,380.43,370.02,373.92,103206407.04,0.02741782553729719,-0.5533141210374086
2008-05-14,376.14,380.28000000000003,371.52,374.1,111741176.0,0.02328920082948111,-0.2328767123287351
2008-05-15,372.6,379.56,368.76,377.4,94853891.89999999,0.028985507246379445,0.4444444444443986
2008-05-16,379.14,382.26,377.21999999999997,381.0,133809422.5,0.013293242601680137,0.369047619047547
2008-05-19,379.38,383.64,374.4,376.5,116106827.0,0.024355527439509157,-0.31168831168827715
2008-05-20,377.88,383.82,375.29999999999995,378.36,88565752.08,0.022546840266754038,0.05633802816900935
2008-05-21,379.56,379.68,369.0,369.71999999999997,177807406.14,0.028137843819161602,-0.9213483146066577
2008-05-22,371.04,377.70000000000005,370.32,372.48,76484546.56,0.019890038809834604,0.19512195121948406
2008-05-23,371.76,373.08,364.32,366.12,105401981.7,0.02356358941252681,-0.6438356164382818
2008-05-27,366.29999999999995,379.20000000000005,365.46,372.36,232908139.06,0.03751023751024032,0.4410480349344679
2008-05-28,372.96,378.7872,371.21999999999997,378.78000000000003,153396493.63,0.020289575289577953,0.7691087852837601
2008-05-29,379.14,386.15999999999997,376.74,382.38,113512498.30999999,0.024845703434090136,0.3439490445859532
2008-05-30,381.48,383.4,375.42,376.5,155902939.75,0.020918527838945527,-0.6240601503758669
2008-06-02,377.1,380.04,364.68,368.46,157946458.59,0.04073190135242899,-0.5624999999999657
2008-06-03,370.32,374.58,362.82,370.26,199276894.08,0.031756318859367465,-0.005102040816326294
2008-06-04,367.68,375.9,366.18,373.5,166382796.0,0.026436031331595253,0.5987654320987049
2008-06-05,378.54,398.46,374.34000000000003,387.41999999999996,345033540.05999994,0.06371849738469086,0.3681592039800825
2008-06-06,386.22,386.22,374.34000000000003,374.52,189671534.28,0.030759670654033875,-0.9848484848484061
2008-06-09,374.46,375.12,363.65999999999997,367.68,231298050.88,0.03060406986060195,-0.5916230366491587
2008-06-10,365.82,369.18,359.76,362.64,205125805.0,0.025750369033953828,-0.3375796178343592
2008-06-11,364.5,366.0,353.4,353.4,181903402.7,0.03456790123457061,-0.8809523809523112
2008-06-12,357.0,357.18,350.88,351.48,147770861.84,0.017647058823532194,-0.8761904761903326
2008-06-13,355.20000000000005,359.4,352.26,359.4,117886853.89999999,0.020101351351354067,0.5882352941175563
2008-06-16,356.04,362.52,352.44,357.48,115264004.22,0.028311425682510265,0.1428571428571287
2008-06-17,356.88,358.26,349.98,350.1,120413394.0,0.02320107599193272,-0.8188405797100454
2008-06-18,349.26,357.6,345.12,351.0,172863814.5,0.03573269197732629,0.13942307692306627
2008-06-19,349.26,358.79999999999995,343.68,355.02,163710727.62,0.04329153066483681,0.38095238095235645
2008-06-20,353.58,356.21999999999997,345.0,348.06,225724103.23999998,0.031732564059055765,-0.4919786096256243
2008-06-23,347.46,352.5,339.18,339.18,189345991.34,0.03833534795372404,-0.6216216216215732
2008-06-24,339.96,349.74,338.04,347.04,195514180.56,0.034415813625135176,0.6051282051281575
2008-06-25,349.62,353.76,342.78000000000003,348.71999999999997,139922156.4,0.03140552599965943,-0.08196721311475003
2008-06-26,344.94,346.92,337.86,338.04,128666475.00000001,0.02626543746738846,-0.7615894039734231
2008-06-27,337.44,342.6,335.21999999999997,342.24,403733797.28,0.02187055476529466,0.6504065040649495
2008-06-30,339.84000000000003,341.70000000000005,334.08,335.34000000000003,180213336.81,0.022422316384183846,-0.5905511811022799
2008-07-01,336.42,356.76,332.15999999999997,356.04,310282391.94,0.07312288211164897,0.7975609756097232
2008-07-02,355.5,356.28000000000003,347.28000000000003,350.15999999999997,182288685.56,0.025316455696205272,-0.593333333333271
2008-07-03,348.96,359.46,345.42,349.20000000000005,189451301.4,0.04023383768913607,0.017094017094020617
2008-07-07,348.0,356.46,347.76,353.21999999999997,183898223.73999998,0.025000000000002767,0.5999999999999284
2008-07-08,354.78000000000003,380.28000000000003,354.36,377.64,364878977.94,0.07305936073059625,0.8819444444444082
2008-07-09,376.20000000000005,378.29999999999995,366.1506,366.18,209543148.35,0.03229505582137406,-0.8247320855350263
2008-07-10,368.34000000000003,372.0,362.70000000000005,365.64,252918733.54,0.02524841179345422,-0.2903225806451364
2008-07-11,364.92,377.82,362.76,373.20000000000005,198024958.20000002,0.04126931930286353,0.5498007968127143
2008-07-14,373.86,377.94,365.34000000000003,366.12,193338025.74,0.033702455464614915,-0.6142857142856679
2008-07-15,367.62,388.02,365.94,380.88,348724396.44,0.060062020564716066,0.6005434782608424
2008-07-16,383.04,388.20000000000005,376.74,381.48,267295152.07999998,0.02991854636591741,-0.13612565445024966
2008-07-17,382.08,383.58,374.70000000000005,378.0,217524132.0,0.023241206030153148,-0.4594594594594091
2008-07-18,376.32,391.20000000000005,375.24,387.90000000000003,275822048.85,0.042410714285716924,0.7255639097743916
2008-07-21,402.06000000000006,411.41999999999996,398.76,401.09999999999997,370422000.2,0.031487837636176026,-0.07582938388625748
2008-07-22,410.70000000000005,430.56000000000006,410.70000000000005,427.68,618628428.0,0.048356464572683125,0.8549848942597732
2008-07-23,428.46,434.04,420.0,428.28,395109499.85999995,0.032768519815154246,-0.012820512820512374
2008-07-24,423.84000000000003,433.79999999999995,421.56000000000006,427.68,296071387.92,0.028878822197057532,0.31372549019605345
2008-07-25,426.29999999999995,426.29999999999995,416.88,417.0,244009496.0,0.022097114707954345,-0.9872611464967099
2008-07-28,418.20000000000005,425.88,414.59999999999997,416.93999999999994,218503105.17999998,0.026972740315640845,-0.11170212765957355
2008-07-29,419.52,425.04,417.41999999999996,423.0,267739824.0,0.01816361556064322,0.45669291338576556
2008-07-30,422.04,429.0,417.78,427.62,199165796.75,0.026585157804949768,0.4973262032085092
2008-07-31,432.54,441.54,418.20000000000005,418.56000000000006,613574847.36,0.05396032736856919,-0.598971722365012
2008-08-01,309.96,321.12,299.04,300.06,1850051686.35,0.07123499806426929,-0.4483695652173703
2008-08-04,305.82,308.21999999999997,297.84000000000003,298.44,442187455.98,0.03394153423582795,-0.7109826589594729
2008-08-05,304.44,306.24,300.0,303.06,372022161.66999996,0.020496649586128592,-0.22115384615380965
2008-08-06,302.34000000000003,305.58,299.21999999999997,301.32,365082325.2,0.021035919825365453,-0.16037735849054655
2008-08-07,300.78000000000003,310.20000000000005,298.53000000000003,299.28000000000003,272995484.6,0.038799122282069866,-0.12853470437016876
2008-08-08,299.94,305.94,299.28000000000003,299.4,181284953.5,0.022204440888180788,-0.08108108108107237
2008-08-11,302.1,305.15999999999997,299.4,304.56,192775160.51999998,0.019066534260181962,0.4270833333332563
2008-08-12,307.5,314.52,306.06,313.26,278681369.21,0.027512195121954314,0.6808510638297073
2008-08-13,314.94,316.92,311.04,314.82,208520817.12,0.018670222899603024,-0.02040816326530344
2008-08-14,313.86,325.08,312.0,322.38,194924434.23,0.04167463200153234,0.6513761467889404
2008-08-15,329.15999999999997,331.44,324.06,327.9,214322489.85,0.022420707254833434,-0.1707317073170489
2008-08-18,329.4,332.70000000000005,324.71999999999997,326.58,166422609.79,0.024225865209474957,-0.35338345864656806
2008-08-19,323.94,331.26,322.86,325.79999999999995,158901510.9,0.02593072791257934,0.22142857142854053
2008-08-20,326.4,330.96,321.36,324.6,130841174.60000001,0.029411764705885222,-0.1874999999999764
2008-08-21,324.42,324.6,315.6,318.96,119518139.52,0.027741816164234545,-0.6066666666666033
2008-08-22,317.04,319.98,314.15999999999997,314.28000000000003,168456489.48000002,0.01835730507191847,-0.4742268041236242
2008-08-25,314.04,321.84000000000003,312.0,320.88,275145347.96,0.031333588077955034,0.6951219512194368
2008-08-26,324.9,328.02,311.21999999999997,312.54,247600126.26000002,0.05170821791320701,-0.7357142857142389
2008-08-27,313.86,314.88,302.28000000000003,306.54,279580522.26,0.040145287707898186,-0.5809523809523359
2008-08-28,306.24,309.71999999999997,303.78000000000003,307.98,153119597.19,0.01939655172414094,0.2929292929292481
2008-08-29,306.0,309.78000000000003,303.48,305.58,148932765.52,0.020588235294120884,-0.06666666666665849
2008-09-02,311.34000000000003,314.21999999999997,299.76,302.04,164329493.28,0.046444401618812005,-0.6431535269709115
2008-09-03,302.28000000000003,304.38,298.74,301.02,145383428.72,0.018658197697502207,-0.22340425531911834
2008-09-04,298.92,301.74,288.71999999999997,288.96,270812300.64,0.043556804496189594,-0.7649769585252874
2008-09-05,289.68,293.46,283.5,291.54,194541192.11,0.03438276719138685,0.18674698795179023
2008-09-08,287.15999999999997,291.71999999999997,282.65999999999997,285.0,217991655.0,0.03155035520267785,-0.23841059602646017
2008-09-09,284.46,292.38,280.32,280.35,196352420.775,0.042396118962247625,-0.3407960199004656
2008-09-10,284.04,285.36,279.29999999999995,283.79999999999995,250953129.89999998,0.02133502323616757,-0.03960396039604356
2008-09-11,279.29999999999995,292.08,279.29999999999995,290.82,289528226.03,0.04575725026853199,0.9014084507041558
2008-09-12,291.71999999999997,296.21999999999997,285.54,292.20000000000005,163455900.8,0.03661044837515739,0.044943820224722125
2008-09-15,287.94,289.32,278.76,279.54,199252012.08,0.03667430714732571,-0.7954545454544678
2008-09-16,279.12,293.58,279.12,290.88,205298983.2,0.05180567497850719,0.8132780082986995
2008-09-17,283.26,289.38,272.21999999999997,272.21999999999997,229973452.28,0.06058038551154756,-0.6433566433566061
2008-09-18,277.5,291.42,272.28000000000003,282.84000000000003,250516290.56,0.06897297297297626,0.27899686520374906
2008-09-19,293.52,300.42,282.84000000000003,299.88,365171922.78,0.05989370400654443,0.3617747440272843
2008-09-22,300.78000000000003,302.04,288.42,288.6,160847025.3,0.045282266108122075,-0.8942731277532385
2008-09-23,290.58,299.4,281.52,282.78000000000003,158288178.72,0.061532108197401514,-0.43624161073822826
2008-09-24,283.56,285.12,277.74,280.32,148683456.64,0.026026237833266217,-0.43902439024384443
2008-09-25,289.44,296.28000000000003,285.54,292.98,146938308.23,0.03710613598673636,0.329608938547457
2008-09-26,287.94,300.6,285.0,298.62,185836601.16000003,0.054177953740365936,0.6846153846153402
2008-09-29,296.76,311.04,293.3334,293.34000000000003,374214375.79,0.0596663970885597,-0.1931483175764833
2008-09-30,299.76,303.96,290.21999999999997,301.74,253682523.97,0.045836669335471585,0.14410480349344051
2008-10-01,294.9,299.295,288.36,297.54,159607299.42000002,0.03708036622584254,0.24142661179696398
2008-10-02,297.54,300.78000000000003,288.65999999999997,298.08,180634890.24,0.04073401895543799,0.04455445544553765
2008-10-03,300.9,314.15999999999997,300.9,303.0,207661302.5,0.04406779661017264,0.1583710407239718
2008-10-06,300.96,309.65999999999997,280.02,296.34000000000003,345069655.7,0.09848484848485142,-0.15587044534412262
2008-10-07,297.42,304.08,277.92,279.0,276905872.5,0.08795642525721496,-0.7041284403669471
2008-10-08,275.76,292.44,272.46,277.86,252135397.03,0.0724543080939982,0.10510510510510089
2008-10-09,282.84000000000003,284.04,267.96,268.56,233482035.6,0.056851930420028916,-0.8880597014924818
2008-10-10,258.48,275.88,242.34,256.68,354121246.62,0.12975858867224102,-0.0536672629695873
2008-10-13,263.88,283.92,254.64,282.78000000000003,261202424.97000003,0.110959527057757,0.6454918032786671
2008-10-14,289.86,293.94,271.14,271.14,200883378.14,0.07865866280273555,-0.8210526315789122
2008-10-15,270.78000000000003,280.68,254.34,254.76,184690512.38,0.09727454021715377,-0.6082004555808439
2008-10-16,256.32,266.76,244.79999999999998,263.88,276045923.52,0.08567415730337437,0.34426229508195155
2008-10-17,254.39999999999998,291.0,250.79999999999998,272.70000000000005,227629234.8,0.1580188679245317,0.4552238805970051
2008-10-20,273.84000000000003,287.64,264.78000000000003,284.94,196150179.03,0.08347940403155443,0.4855643044619205
2008-10-21,282.0,282.9,261.0,263.94,210896110.17000002,0.07765957446808829,-0.8246575342465388
2008-10-22,255.36,256.02,239.57999999999998,244.32,233496461.12,0.06437969924812395,-0.671532846715289
2008-10-23,242.28000000000003,252.0,231.48,248.34,200573208.26,0.08469539375929058,0.2953216374268848
2008-10-24,228.48,255.06,228.24,248.52,163811336.70000002,0.11738445378151643,0.7472035794183176
2008-10-27,247.26,256.79999999999995,237.66,241.5,156495139.5,0.07740839602038696,-0.3009404388714578
2008-10-28,251.28000000000003,256.44,248.16,254.10000000000002,265876518.6,0.03295128939828465,0.34057971014488553
2008-10-29,255.42000000000002,264.9,249.0,251.64,248538453.11999997,0.06225041108762397,-0.237735849056591
2008-10-30,238.79999999999998,246.36,235.02,241.79999999999998,379972338.2,0.04748743718593366,0.26455026455024117
2008-10-31,242.10000000000002,258.78000000000003,237.66,255.29999999999998,232514985.6,0.0872366790582443,0.6249999999999676
2008-11-03,265.56,278.94,265.20000000000005,277.86,247693202.9,0.05173971983732829,0.8951965065501571
2008-11-04,283.86,287.88,276.6,282.96,204914019.95999998,0.03973789896428145,-0.07978723404254934
2008-11-05,279.0,284.4,266.1,269.04,238975811.32000002,0.06559139784946554,-0.5442622950819378
2008-11-06,265.14,271.62,262.98,267.6,135609734.20000002,0.032586558044810116,0.2847222222221939
2008-11-07,270.36,280.56,270.36,278.1,120531089.25,0.03772747447847666,0.7588235294116921
2008-11-10,283.26,287.52,276.48,280.32,85478538.24,0.03897479347596174,-0.2663043478260635
2008-11-11,282.0,286.79999999999995,273.96,280.79999999999995,144198428.4,0.045531914893620316,-0.09345794392523009
2008-11-12,276.18,279.71999999999997,264.54,265.56,126930686.91999999,0.05496415381273406,-0.6996047430829605
2008-11-13,266.21999999999997,280.5,255.54000000000002,280.20000000000005,174699563.0,0.09375704304710722,0.5600961538461349
2008-11-14,280.26,280.26,259.26,261.12,150332659.20000002,0.0749304217512343,-0.9114285714285274
2008-11-17,260.4,270.42,254.10000000000002,258.78000000000003,136221835.13,0.0626728110599114,-0.0992647058823437
2008-11-18,259.20000000000005,266.1,252.54000000000002,262.79999999999995,177891291.0,0.052314814814818464,0.26548672566369047
2008-11-19,263.21999999999997,267.6,241.62,246.36,162237175.32000002,0.09870070663323804,-0.6489607390299961
2008-11-20,245.45999999999998,254.76,237.18,238.62,182396276.06,0.07162063065265588,-0.38907849829349217
2008-11-21,239.39999999999998,242.94,223.26,237.84,260225778.28,0.08220551378446501,-0.07926829268292145
2008-11-24,241.79999999999998,246.42000000000002,237.71999999999997,243.84,155641446.4,0.03598014888337887,0.23448275862066384
2008-11-25,243.36,250.07999999999998,239.45999999999998,244.32,146433802.79999998,0.04363905325444182,0.09039548022597822
2008-11-26,242.34,252.24,236.04000000000002,252.0,130187862.0,0.06684822975984535,0.5962962962962598
2008-11-28,249.18,255.29999999999998,246.95999999999998,253.86,55532551.96,0.03346978088129453,0.561151079136624
2008-12-01,248.57999999999998,251.52,234.07799999999997,234.12,140093779.14000002,0.07016654598117694,-0.8290333677330078
2008-12-02,237.66,249.60000000000002,235.5,248.57999999999998,146174983.2,0.059328452411011375,0.7744680851063259
2008-12-03,244.56,254.64,243.42000000000002,252.71999999999997,176355723.95999998,0.04587831207066129,0.7272727272726616
2008-12-04,247.86,254.57999999999998,246.0,250.20000000000002,132684479.4,0.03461631566207113,0.27272727272724184
2008-12-05,241.79999999999998,266.70000000000005,241.79999999999998,265.5,164019970.5,0.1029776674938005,0.9518072289156227
2008-12-08,269.70000000000005,291.06,268.44,289.02,319137473.61,0.08387096774193888,0.854111405835503
2008-12-09,285.06,297.48,277.68,279.6,231006358.8,0.0694590612502664,-0.27575757575756066
2008-12-10,282.54,294.42,282.18,288.29999999999995,143835128.35,0.04332129963899258,0.47058823529407345
2008-12-11,287.04,293.88,281.28000000000003,282.9,133982052.95,0.04389632107023732,-0.3285714285714068
2008-12-12,264.0,282.0,264.0,282.0,280073705.0,0.0681818181818217,0.9999999999999445
2008-12-15,277.20000000000005,281.21999999999997,273.71999999999997,277.08,178998159.46,0.02705627705628056,-0.01600000000000605
2008-12-16,277.14,295.14,277.14,294.71999999999997,235248696.79999998,0.06494912318684035,0.9766666666666116
2008-12-17,290.34000000000003,292.98,284.76,285.9,161043991.54999998,0.028311634635258653,-0.540145985401399
2008-12-18,287.15999999999997,295.68,284.1,288.06,164880454.94,0.04032595068951436,0.07772020725388235
2008-12-19,288.0,289.74,277.98,280.5,300218448.75,0.04083333333333663,-0.6377551020407626
2008-12-22,279.78000000000003,287.4,277.26,283.56,136516890.1,0.03624276217028004,0.37278106508871844
2008-12-23,286.86,292.44,281.04,282.29999999999995,78518686.75,0.03974064003346907,-0.3999999999999709
2008-12-24,283.74,286.20000000000005,280.56,283.20000000000005,25703373.6,0.019877352505818787,-0.09574468085103967
2008-12-26,284.76,286.44,282.12,283.86,27960162.69,0.01517067003793011,-0.20833333333328016
2008-12-29,283.62,287.76,277.20000000000005,279.24,71023763.2,0.03723291728369264,-0.4147727272726897
2008-12-30,281.70000000000005,287.94,279.0,286.08,77841080.64,0.031735889243879885,0.4899328859059787
2008-12-31,287.64,289.92,283.14,285.78000000000003,100832567.11,0.023571130579895027,-0.2743362831857927
2009-01-02,284.94,291.36,280.14,290.94,115060029.89,0.039376710886505885,0.5347593582887211
2009-01-05,284.82,285.9,272.58,284.64,210589196.16,0.04676637876553945,-0.013513513513513018
2009-01-06,286.26,288.36,276.48,278.82,159951505.85999998,0.041500733598829574,-0.6262626262625736
2009-01-07,277.62,281.28000000000003,274.14,280.86,158274533.72,0.025718608169443904,0.453781512604977
2009-01-08,277.26,288.29999999999995,276.78000000000003,287.70000000000005,155151910.9,0.04154944817139466,0.9062499999999319
2009-01-09,286.86,294.54,285.06,289.5,181788099.25,0.033047479606780256,0.27848101265819647
2009-01-12,280.79999999999995,296.94,280.79999999999995,290.70000000000005,143084138.85,0.05747863247863599,0.6133828996282188
2009-01-13,289.92,302.04,289.92,297.78000000000003,227106284.44,0.04180463576159272,0.6485148514850959
2009-01-14,299.04,299.04,288.54,288.54,155537438.91,0.03511235955056502,-0.9999999999999047
2009-01-15,284.28000000000003,299.4,283.62059999999997,295.74,170243421.06,0.05550654284508566,0.7262633560210937
2009-01-16,301.14,308.15999999999997,297.6,306.29999999999995,305118090.4,0.03506674636382052,0.48863636363631685
2009-01-20,307.68,310.68,297.24,297.29999999999995,239199602.45,0.04368174726989389,-0.7723214285713751
2009-01-21,297.65999999999997,314.1,296.64,313.02,270497015.55,0.058657528724050854,0.8797250859106016
2009-01-22,307.14,313.02,303.0,305.28000000000003,150558600.96,0.032623559288926705,-0.18562874251494757
2009-01-23,288.0,291.65999999999997,277.86,284.52,378378311.16,0.04791666666666981,-0.25217391304346215
2009-01-26,287.94,294.12,284.4,291.06,217800052.47,0.03375703271515244,0.3209876543209542
2009-01-27,300.24,301.20000000000005,292.74,295.62,216534111.69000003,0.028177458033576498,-0.5460992907800755
2009-01-28,294.6,310.44,292.5,298.86,206422651.81,0.060896130346235346,0.2374581939799194
2009-01-29,294.96,302.34000000000003,292.5,295.68,145242845.44,0.033360455655007455,0.07317073170731217
2009-01-30,294.9,298.20000000000005,287.64,291.9,165293629.2,0.03580874872838597,-0.2840909090908806
2009-02-02,288.9,301.32,288.29999999999995,300.65999999999997,155212868.73,0.04506749740394944,0.9032258064515402
2009-02-03,301.5,314.94,298.98,314.76,233086127.66,0.052935323383087644,0.8308270676691214
2009-02-04,313.56,321.96,312.48,316.5,301850217.25,0.03023344814389887,0.3101265822784493
2009-02-05,311.21999999999997,320.28000000000003,311.04,319.68,263554581.6,0.029689608636980207,0.9155844155843196
2009-02-06,307.20000000000005,320.88,305.4,314.88,401072259.84,0.05039062500000314,0.49612403100771607
2009-02-09,307.68,313.44,303.0,312.96,195278277.11999997,0.033931357254293304,0.5057471264367307
2009-02-10,308.4,315.48,302.88,305.21999999999997,150981295.20999998,0.040856031128407855,-0.25238095238093244
2009-02-11,311.21999999999997,311.21999999999997,302.15999999999997,306.24,101840009.92,0.029111239637558555,-0.5496688741721204
2009-02-12,302.88,315.65999999999997,302.04,315.65999999999997,129550441.48,0.04496830427892532,0.93832599118936
2009-02-13,316.14,318.0,310.44,314.52,83392933.62,0.02391345606377231,-0.21428571428568646
2009-02-17,308.46,312.78000000000003,305.1,306.65999999999997,138744739.3,0.024897879789927323,-0.23437499999997075
2009-02-18,307.79999999999995,308.34000000000003,302.04,305.15999999999997,176475299.5,0.020467836257313164,-0.4190476190475496
2009-02-19,304.74,309.78000000000003,302.82,304.56,108475795.08,0.022839141563303186,-0.025862068965514372
2009-02-20,302.70000000000005,306.0,298.26,304.68,178690960.72,0.02556987115956717,0.25581395348833375
2009-02-23,304.86,306.0,296.04,296.28000000000003,202661346.84,0.03267073410746226,-0.8614457831324438
2009-02-24,299.88,305.15999999999997,285.42,297.9,318587466.9,0.06582633053221583,-0.10030395136777724
2009-02-25,296.1,309.96,295.5,303.29999999999995,218314531.2,0.04883485309017537,0.49792531120328104
2009-02-26,308.88,308.88,284.64,286.14,191097788.26999998,0.07847707847708148,-0.9381188118811495
2009-02-27,282.48,285.71999999999997,273.29999999999995,276.24,259252897.44,0.04396771452846562,-0.5024154589371577
2009-03-02,271.26,273.78000000000003,263.15999999999997,264.0,185519268.0,0.03915063039151007,-0.6836158192089704
2009-03-03,269.88,272.34000000000003,258.0,267.65999999999997,136030432.85999998,0.05313472654513479,-0.15481171548116232
2009-03-04,273.06,281.52,264.75,277.20000000000005,161718988.20000002,0.06141507361019892,0.2468694096600955
2009-03-05,270.0,273.54,260.70000000000005,261.84000000000003,145727095.64000002,0.04755555555555899,-0.635514018691538
2009-03-06,261.624,266.21999999999997,257.52,265.38,199001827.5,0.033253829923863845,0.4317241379309822
2009-03-09,261.18,275.21999999999997,259.20000000000005,262.98,174573224.45999998,0.06133700895934168,0.11235955056179199
2009-03-10,268.20000000000005,276.0,261.65999999999997,273.96,156601517.45999998,0.05346756152125643,0.40167364016733054
2009-03-11,274.98,281.21999999999997,272.1,276.54,172070378.04000002,0.03316604843988986,0.17105263157892983
2009-03-12,274.86,294.78000000000003,274.86,293.28000000000003,146114344.48000002,0.07247325911373405,0.9246987951806767
2009-03-13,292.79999999999995,295.08,289.5,291.0,123513689.0,0.019057377049183626,-0.32258064516122525
2009-03-16,295.86,295.86,283.5,285.48,126946485.11999999,0.04177651591969503,-0.8398058252426492
2009-03-17,284.46,298.79999999999995,284.46,297.78000000000003,182490204.82000002,0.050411305631726515,0.9288702928869697
2009-03-18,295.56,305.76,293.58,300.36,155252930.22,0.041209906617948856,0.3940886699507073
2009-03-19,302.15999999999997,304.32,297.42,303.71999999999997,145820224.07999998,0.02283558379666718,0.22608695652170743
2009-03-20,306.96,310.14,299.69399999999996,299.82,247496462.97,0.034030492572325356,-0.683515221137209
2009-03-23,303.6,309.0,300.84000000000003,309.0,169658098.0,0.02687747035573432,0.6617647058822717
2009-03-24,305.52,312.71999999999997,302.28000000000003,305.1,132954952.5,0.034171249018070525,-0.04022988505746372
2009-03-25,308.58,313.79999999999995,300.18,309.12,171078548.48000002,0.04413766284270174,0.03964757709250976
2009-03-26,310.56,321.0,307.5,315.96,231472980.57999998,0.043469860896448206,0.39999999999996866
2009-03-27,316.32,320.04,310.62,313.68,190438683.04,0.02977996965098946,-0.28025477707003205
2009-03-30,314.94,318.0,308.4,315.24,227026758.57999998,0.030481996570778536,0.031249999999997856
2009-03-31,316.92,319.92,312.84000000000003,314.52,169923151.82,0.022340022718670204,-0.3389830508474153
2009-04-01,308.82,312.54,304.20000000000005,311.28000000000003,150739882.12,0.027006022925979367,0.2949640287769483
2009-04-02,315.0,316.02,309.18,313.20000000000005,144479786.4,0.02171428571428874,-0.26315789473679796
2009-04-03,311.1,315.71999999999997,299.15999999999997,301.92,140623919.76,0.05323047251687864,-0.5543478260869235
2009-04-06,300.06,301.86,294.36,297.78000000000003,115550700.09,0.02499500099980329,-0.3039999999999558
2009-04-07,295.56,322.98,292.08,312.54,512400214.25000006,0.10454730004060403,0.5495145631067784
2009-04-08,309.78000000000003,332.04,309.54,321.84000000000003,370529135.28000003,0.07263219058687108,0.5359999999999763
2009-04-09,324.9,325.44,309.6,317.76,204268679.52,0.04875346260388097,-0.45075757575754716
2009-04-13,315.0,320.94,315.0,315.12,95663499.36,0.018857142857145962,0.020202020202017574
2009-04-14,314.58,318.0,308.04,308.94,115556432.5,0.03166126263589849,-0.5662650602409068
2009-04-15,306.06,310.62,301.79999999999995,307.08,172353307.38,0.028817878847288182,0.11564625850338553
2009-04-16,313.68,315.36,305.34000000000003,308.94,194028582.73000002,0.03194338179036263,-0.4730538922155234
2009-04-17,303.84000000000003,307.38,299.82,300.54,220059795.92000002,0.024881516587680938,-0.4365079365078801
2009-04-20,295.5,297.0,287.4,290.1,192893533.75,0.0324873096446734,-0.5624999999999377
2009-04-21,292.98,292.98,281.88,285.29999999999995,140574870.45,0.03788654515666934,-0.6918918918918339
2009-04-22,280.56,288.06,279.12,282.29999999999995,136815706.95,0.03186484174508471,0.1946308724831944
2009-04-23,278.94,280.14,274.20000000000005,275.88,149636484.35999998,0.021294902129493507,-0.515151515151434
2009-04-24,276.78000000000003,281.4,274.32,276.48,194756152.32,0.025579882939522208,-0.04237288135592792
2009-04-27,275.1,280.79999999999995,275.1,276.78000000000003,145073037.62,0.020719738276993496,0.29473684210521617
2009-04-28,275.76,286.02,275.46,283.98,134933380.98,0.03829416884247521,0.7784090909090196
2009-04-29,288.06,292.79999999999995,283.02,284.52,199964734.12,0.03395126015413781,-0.3619631901840152
2009-04-30,285.12,290.04,281.28000000000003,290.04,201070713.4,0.030723905723909088,0.5616438356163767
2009-05-01,285.9,289.79999999999995,276.0,277.56,145231280.82,0.0482686253934974,-0.604347826086913
2009-05-04,278.88,284.15999999999997,276.06,279.65999999999997,135349287.48,0.029044750430295956,0.09629629629628145
2009-05-05,279.6,287.88,277.08,278.58,83084952.81,0.03862660944206356,-0.09444444444443918
2009-05-06,280.32,283.26,273.0,280.26,131855930.73,0.036601027397263675,-0.005847953216373926
2009-05-07,280.5,287.58,276.42,283.20000000000005,192918247.20000002,0.039786096256687796,0.24193548387095082
2009-05-08,284.58,294.29999999999995,280.62,291.6,230045038.20000002,0.04807084123972486,0.5131578947368093
2009-05-11,288.0,296.21999999999997,284.4,294.84000000000003,119454671.7,0.04104166666666997,0.5786802030456394
2009-05-12,294.9,299.21999999999997,288.78000000000003,295.20000000000005,142128074.4,0.03540183112919941,0.02873563218391199
2009-05-13,294.0,298.68,289.26,291.12,116715248.16000001,0.03204081632653396,-0.30573248407639964
2009-05-14,292.98,298.32,291.12,294.0,129067029.0,0.024575056317840682,0.14166666666664468
2009-05-15,292.02,296.94,288.9,294.42,119690906.09,0.027532360797209072,0.2985074626865335
2009-05-18,296.94,304.20000000000005,294.27,304.20000000000005,134496554.4,0.03344109921196548,0.7311178247733404
2009-05-19,302.15999999999997,305.94,300.71999999999997,304.98,131012800.1,0.017275615567914383,0.5402298850573746
2009-05-20,307.5,314.15999999999997,305.58,309.84000000000003,156429333.92,0.027902439024393353,0.2727272727272452
2009-05-21,306.29999999999995,311.4,300.48,304.38,106275595.97999999,0.03565132223310782,-0.17582417582415663
2009-05-22,304.38,307.74,301.46999999999997,302.34000000000003,64828649.82,0.02059925093633293,-0.32535885167458145
2009-05-26,297.78000000000003,308.34000000000003,295.5,307.44,156136273.44,0.04311908120088987,0.7523364485980679
2009-05-27,308.64,311.04,301.86,305.88,135414605.4,0.029743390357701453,-0.30065359477120784
2009-05-28,307.5,309.54,301.32,306.6,94631579.0,0.026731707317076425,-0.10948905109487406
2009-05-29,306.42,310.7574,302.88,310.74,107360203.89,0.025707851967890466,0.5484042958335786
2009-06-01,313.5,313.79999999999995,303.78000000000003,305.4,122881253.0,0.031961722488041126,-0.8083832335328618
2009-06-02,302.82,317.94,302.70000000000005,313.92,166258885.92,0.050326926887262736,0.7283464566928693
2009-06-03,312.96,327.0,309.78000000000003,320.58,203861203.26,0.05502300613497224,0.4425087108013691
2009-06-04,320.4,324.0,318.12,318.9,150042396.85,0.018352059925096684,-0.25510204081628335
2009-06-05,319.26,320.64,301.74,312.71999999999997,179253240.92,0.05919939860928684,-0.34603174603172926
2009-06-08,314.21999999999997,315.84000000000003,308.46,310.98,96210629.59,0.0234867290433487,-0.4390243902438334
2009-06-09,313.20000000000005,316.98,310.59000000000003,314.28000000000003,94513895.82000001,0.02040229885057779,0.16901408450701366
2009-06-10,310.5,316.62,307.68,309.71999999999997,106235456.97999999,0.028792270531404086,-0.08724832214764458
2009-06-11,310.44,313.02,305.58,308.76,141007038.34,0.023965983764981876,-0.22580645161287385
2009-06-12,306.9,309.96,304.79999999999995,308.28000000000003,93847984.86,0.016813294232652355,0.2674418604650733
2009-06-15,302.64,304.38,297.65999999999997,301.14,142858356.69,0.022204599524190474,-0.2232142857142516
2009-06-16,302.1,308.34000000000003,300.24,305.34000000000003,114382908.5,0.02681231380337966,0.3999999999999506
2009-06-17,306.0,315.71999999999997,302.94,310.92,121985420.04,0.04176470588235598,0.38497652582156816
2009-06-18,315.71999999999997,315.71999999999997,308.34000000000003,311.94,88595847.06,0.023375142531359798,-0.5121951219511507
2009-06-19,314.94,317.28000000000003,308.4,310.02,239172834.51000002,0.02819584682797048,-0.5540540540539902
2009-06-22,303.84000000000003,306.24,291.54,294.6,231262080.20000002,0.048380726698265326,-0.6285714285713869
2009-06-23,296.58,297.48,291.0,292.38,117817249.88,0.021849079506376008,-0.6481481481480446
2009-06-24,292.26,296.94,289.5,295.38,118769688.80999999,0.02545678505440694,0.4193548387096218
2009-06-25,294.78000000000003,300.78000000000003,291.65999999999997,299.94,115125520.29,0.030938326887852054,0.5657894736841412
2009-06-26,298.26,301.38,297.23400000000004,300.42,114252179.43,0.01390062361698164,0.5209840810418538
2009-06-29,286.98,289.79999999999995,277.79999999999995,283.92,332809131.2,0.04181476061049884,-0.2549999999999789
2009-06-30,282.84000000000003,282.84000000000003,267.36,270.9,400604256.15,0.05473058973271447,-0.7713178294573171
2009-07-01,271.95000000000005,284.46,271.95000000000005,280.62,267581132.01000002,0.046001103143963544,0.6930455635491056
2009-07-02,280.26,283.32,268.79999999999995,270.0,230088240.0,0.051809034467997526,-0.7066115702478827
2009-07-06,269.28000000000003,272.4,267.48,271.32,123536020.58,0.01827094474153647,0.4146341463413752
2009-07-07,270.48,271.5,266.46,266.94,117366177.15,0.01863354037267451,-0.7023809523808142
2009-07-08,270.0,273.29999999999995,268.44,269.15999999999997,155132294.98,0.018000000000003475,-0.17283950617281202
2009-07-09,270.42,274.79999999999995,268.02,272.58,113990775.36,0.02507211005103523,0.31858407079640977
2009-07-10,270.78000000000003,274.79999999999995,267.18,268.5,140827265.5,0.028140926213165367,-0.2992125984251635
2009-07-13,270.06,278.88,269.4,276.96,167744147.51999998,0.03510331037547575,0.7278481012657422
2009-07-14,279.71999999999997,283.62,274.14,275.64,188864117.76,0.03389103389103741,-0.43037974683539515
2009-07-15,277.14,280.44,276.06,280.02,168540257.73000002,0.015804286642133864,0.657534246575192
2009-07-16,286.62,289.79999999999995,280.32,282.6,234792934.8,0.03307515176889585,-0.4240506329113475
2009-07-17,280.5,283.08,275.21999999999997,276.42,155715217.9,0.028021390374335063,-0.5190839694655799
2009-07-20,276.78000000000003,283.38,275.70000000000005,281.52,219848915.04000002,0.027747669629311803,0.6171874999999174
2009-07-21,281.64,287.04,278.88,286.56,131965417.19999999,0.028973157221989048,0.6029411764705145
2009-07-22,286.32,286.32,279.12,281.15999999999997,112925383.56,0.025146689019282492,-0.7166666666665717
2009-07-23,281.82,293.94,280.5,291.54,181882282.36,0.04769001490313302,0.7232142857142341
2009-07-24,291.6,294.06,286.98,293.88,77849693.64,0.02427983539094979,0.32203389830503615
2009-07-27,291.6,297.24,290.94,295.26,105346061.45,0.02160493827160833,0.5809523809522826
2009-07-28,294.84000000000003,298.56,292.44,294.12,118757959.86000001,0.02075702075702409,-0.11764705882351456
2009-07-29,292.20000000000005,294.42,286.92,288.71999999999997,155353687.67999998,0.02566735112936678,-0.4639999999999481
2009-07-30,293.34000000000003,293.64,283.74,284.15999999999997,168945812.48,0.03374923297198112,-0.9272727272726422
2009-07-31,284.94,290.34000000000003,284.70000000000005,285.29999999999995,122141304.6,0.019793640766480543,0.06382978723402373
2009-08-03,284.82,290.4,283.32,290.15999999999997,119162280.12,0.02485780492943248,0.7542372881354849
2009-08-04,287.82,292.32,287.04,291.65999999999997,81429381.77,0.018344798832607027,0.7272727272725885
2009-08-05,291.29999999999995,291.65999999999997,284.94,285.71999999999997,109457379.58,0.023069001029869373,-0.8303571428570206
2009-08-06,285.48,285.6,278.34000000000003,279.9,129638204.1,0.025430853299709136,-0.7685950413222148
2009-08-07,280.86,286.5,280.86,283.68,75658685.28,0.02008117923520959,0.49999999999991135
2009-08-10,283.74,288.0,282.24,287.58,92480551.56,0.02030027489955935,0.6666666666665476
2009-08-11,285.54,288.54,284.94,286.86,83574939.84,0.012607690691325243,0.3666666666665606
2009-08-12,286.20000000000005,296.64,285.0822,294.0,180534669.0,0.04038364779874543,0.6748689196905371
2009-08-13,294.24,296.70000000000005,292.20000000000005,293.52,129975254.48,0.015293637846659136,-0.1599999999999705
2009-08-14,292.02,293.21999999999997,286.62,292.68,103709548.26,0.022601191699201915,0.09999999999998915
2009-08-17,290.04,291.78000000000003,287.4,289.5,97087395.5,0.015101365328923724,-0.12328767123285177
2009-08-18,288.6,291.29999999999995,287.1,290.1,95800206.5,0.014553014553017728,0.3571428571427779
2009-08-19,288.65999999999997,294.78000000000003,287.46,294.18,110073771.87,0.02535855331532261,0.7540983606556348
2009-08-20,294.29999999999995,299.1,293.58,297.42,88110228.87,0.018756371049952498,0.5652173913042526
2009-08-21,296.70000000000005,302.58,294.96,299.82,112100699.2,0.025682507583420888,0.40944881889757695
2009-08-24,297.54,299.04,295.14,297.18,83847306.27,0.013107481347049206,-0.09230769230767133
2009-08-25,297.29999999999995,299.4,295.74,298.26,97705452.39,0.012310797174574357,0.2622950819671537
2009-08-26,297.54,300.0,296.52,299.52,95868314.88000001,0.01169590643275192,0.5689655172412017
2009-08-27,295.68,301.38,295.44,300.29999999999995,123964290.44999999,0.02008928571428902,0.7777777777776383
2009-08-28,301.38,302.46,297.18,299.58,97485728.64,0.017519410710733808,-0.34090909090903027
2009-08-31,295.68,302.1,295.32,301.20000000000005,134936545.8,0.022930194805198208,0.8141592920352803
2009-09-01,297.65999999999997,303.65999999999997,293.88,295.44,154825725.92000002,0.03285627897601606,-0.22699386503064925
2009-09-02,292.65,296.82,291.84000000000003,295.14,101417088.97999999,0.01701691440287355,0.4999999999999053
2009-09-03,294.42,299.82,294.29999999999995,299.46,118387118.91999999,0.018748726309357446,0.9130434782606912
2009-09-04,305.4,306.54,301.74,306.06,218130849.37,0.015717092337920745,0.13749999999997622
2009-09-08,306.36,310.20000000000005,306.06,307.08,147844331.34,0.013513513513516873,0.1739130434782099
2009-09-09,306.78000000000003,309.0,302.94,306.24,146050347.52,0.01975356933307576,-0.08910891089107775
2009-09-10,307.26,307.26,301.26,301.98,127772217.36999999,0.019527436047650136,-0.8799999999998488
2009-09-11,303.78000000000003,305.94,300.48,305.04,98087798.12,0.017973533478178157,0.2307692307691877
2009-09-14,302.1,307.20000000000005,302.1,304.98,116646463.05,0.016881827209536595,0.564705882352827
2009-09-15,303.6,308.94,302.4,308.46,105194165.21,0.02154150197628787,0.7431192660549233
2009-09-16,308.4,310.32,306.36,309.29999999999995,127921067.25,0.012840466926073173,0.22727272727266531
2009-09-17,307.62,308.1,301.5,302.70000000000005,161622376.75,0.021455041934857946,-0.7454545454544237
2009-09-18,304.86,304.86,299.04,300.0,189741750.0,0.01909073017122933,-0.8350515463916124
2009-09-21,298.92,308.15999999999997,295.62,305.34000000000003,125806492.14,0.04195102368527004,0.5119617224880002
2009-09-22,305.04,305.70000000000005,299.4,303.18,92436297.55,0.0206530291109397,-0.29523809523804734
2009-09-23,303.42,306.24,301.02,301.38,67349840.67,0.017203875815704334,-0.39080459770107645
2009-09-24,302.1,303.84000000000003,299.94,301.38,84492435.53,0.012909632571999407,-0.18461538461534266
2009-09-25,301.98,302.21999999999997,300.0,300.65999999999997,106292730.67999999,0.007351480230482028,-0.5945945945943572
2009-09-28,300.71999999999997,307.5,300.18,303.42,71188653.25,0.02434158020750522,0.3688524590163496
2009-09-29,303.36,312.71999999999997,300.0,308.46,229389363.6,0.0419303797468385,0.4009433962263818
2009-09-30,305.34000000000003,305.4,299.21999999999997,303.12,174977788.20000002,0.020239732756929932,-0.35922330097081967
2009-10-01,302.64,302.88,295.5,296.04,160328553.76000002,0.024385408406030172,-0.8943089430893056
2009-10-02,296.88,296.88,292.14,293.34000000000003,119947263.79,0.01596604688763471,-0.746835443037808
2009-10-05,293.4,293.88,290.04,291.24,101769692.1,0.013087934560330477,-0.5624999999998489
2009-10-06,292.08,296.76,290.1,294.12,96569547.06,0.02280197206245188,0.3063063063062648
2009-10-07,296.52,296.52,292.32,295.02,68019565.35000001,0.014164305949011784,-0.35714285714277305
2009-10-08,297.54,297.54,290.82,291.6,90992322.0,0.02258519862875917,-0.883928571428436
2009-10-09,293.58,294.29999999999995,290.46,294.06,76457805.45,0.013079910075621506,0.124999999999973
2009-10-12,294.6,296.1,290.15999999999997,292.14,77528600.1,0.02016293279022754,-0.41414141414134675
2009-10-13,291.18,293.88,290.28000000000003,292.79999999999995,67451652.8,0.012363486503197175,0.44999999999986473
2009-10-14,294.84000000000003,301.68,294.84000000000003,300.24,162621593.28,0.023199023199026423,0.7894736842104104
2009-10-15,299.82,300.42,297.42,298.74,162415726.85,0.010006003602164599,-0.3599999999998747
2009-10-16,297.18,298.08,291.492,295.20000000000005,172679847.60000002,0.02216838279830723,-0.3005464480873818
2009-10-19,296.15999999999997,300.06,294.18,296.34000000000003,114125522.39,0.019854132901137817,0.030612244897964828
2009-10-20,289.92,292.79999999999995,283.98,288.36,278375823.36,0.030422185430466698,-0.17687074829930122
2009-10-21,284.46,285.9384,277.56,278.58,280312349.73,0.02945370175068892,-0.7018046405040693
2009-10-22,278.28000000000003,285.54,277.79999999999995,283.38,172526561.45999998,0.027813712807248227,0.6589147286820753
2009-10-23,270.0,270.54,261.48,262.86,487039187.18,0.03355555555555914,-0.7880794701985868
2009-10-26,262.98,267.96,261.29999999999995,264.78000000000003,212095576.02,0.025325119780975736,0.2702702702702304
2009-10-27,265.68,270.65999999999997,265.5,267.29999999999995,210951957.14999998,0.01942186088527909,0.31395348837202397
2009-10-28,264.71999999999997,269.76,260.88,261.18,147835105.98,0.033544877606531284,-0.39864864864859983
2009-10-29,261.78000000000003,262.26,250.5,258.48,229771789.56,0.044923217969290795,-0.2806122448979365
2009-10-30,257.1,260.46,252.60000000000002,252.78000000000003,148805561.41,0.030571761960330318,-0.5496183206106192
2009-11-02,257.15999999999997,259.74,253.86,255.54000000000002,193157490.02,0.02286514232384886,-0.2755102040815771
2009-11-03,256.20000000000005,260.64,255.24,259.5,191216294.5,0.021077283372369065,0.611111111110992
2009-11-04,259.86,259.86,256.08,256.79999999999995,222965144.79999998,0.014546294158396885,-0.8095238095236047
2009-11-05,258.0,268.32,257.94,266.34000000000003,301499410.23,0.040232558139538584,0.8034682080924116
2009-11-06,266.64,278.82,264.65999999999997,274.56,395220791.68,0.05310531053105675,0.5593220338982657
2009-11-09,273.84000000000003,274.56,269.46,272.46,218045514.86999997,0.01862401402279069,-0.2705882352940736
2009-11-10,270.18,276.9,270.0,273.06,212286082.53,0.025538529868979757,0.4173913043477663
2009-11-11,272.76,279.318,272.70000000000005,278.58,180811188.25,0.024263088429391823,0.8794197642791127
2009-11-12,278.15999999999997,280.79999999999995,276.6,279.0,181820440.5,0.01509922346851063,0.1999999999999632
2009-11-13,277.98,282.36,277.86,280.32,131133836.16,0.016188214979498464,0.5199999999998789
2009-11-16,280.62,281.70000000000005,278.43,279.18,246834112.14000002,0.011652768868936736,-0.44036697247692363
2009-11-17,277.38,278.46,275.28000000000003,276.288,197347038.688,0.011464417045212122,-0.3433962264149869
2009-11-18,275.70000000000005,277.98,274.08,276.96,119726069.03999999,0.014145810663768658,0.3230769230768205
2009-11-19,276.6,277.79999999999995,273.24,275.1,140920983.70000002,0.016485900216923095,-0.32894736842098443
2009-11-20,273.6,279.12,273.36,278.28000000000003,131211570.9,0.02105263157895091,0.8124999999998614
2009-11-23,280.02,283.20000000000005,278.1,280.74,114053245.24,0.01821298478680453,0.14117647058821234
2009-11-24,282.06,284.96999999999997,280.74,284.28000000000003,147768222.82000002,0.014996809189537495,0.5248226950353482
2009-11-25,283.56,286.20000000000005,283.08,284.70000000000005,70352217.0,0.011002962336017245,0.3653846153845049
2009-11-27,278.64,286.26,276.65999999999997,281.52,69262037.16,0.03445305770887521,0.29999999999996757
2009-11-30,284.4,285.54,281.58,281.64,162432490.32,0.013924050632914988,-0.6969696969695123
2009-12-01,282.6,288.0,281.64,287.04,109870109.44000001,0.02250530785562983,0.6981132075470582
2009-12-02,287.46,289.92,284.82,286.44,125545649.46000001,0.01774159883114522,-0.19999999999995632
2009-12-03,285.84000000000003,287.70000000000005,283.74,284.28000000000003,115452504.30000001,0.013853904282119444,-0.3939393939392914
2009-12-04,285.78000000000003,289.79999999999995,285.12,289.08,138894219.42,0.016376233466306015,0.7051282051280523
2009-12-07,287.76,290.70000000000005,286.92,289.79999999999995,119375913.3,0.013135946622188687,0.539682539682383
2009-12-08,287.70000000000005,289.5,284.76,288.36,136073960.1,0.016475495307615544,0.13924050632907756
2009-12-09,287.4,289.56,285.29999999999995,289.02,141773944.0,0.014822546972863719,0.3802816901407526
2009-12-10,288.65999999999997,291.96,288.65999999999997,289.56,105340576.72,0.011432134691335829,0.2727272727271995
2009-12-11,289.98,293.6094,289.02,291.9,125590023.64999999,0.015826608731640098,0.4183553405672933
2009-12-14,292.5,295.5,292.5,293.21999999999997,132697737.27,0.010256410256413639,0.23999999999991015
2009-12-15,293.64,297.36,290.04,296.58,151885043.9,0.024928483857788338,0.4016393442622403
2009-12-16,296.94,302.82,295.884,301.5,241961689.5,0.02335825419276943,0.6574394463666896
2009-12-17,300.0,300.42,294.63,296.70000000000005,196667693.9,0.019300000000003335,-0.5699481865283891
2009-12-18,297.12,302.70000000000005,295.86,300.42,319578133.89,0.02302100161551228,0.4824561403508061
2009-12-21,301.26,307.5,301.26,306.54,185767480.47,0.020713005377418138,0.846153846153714
2009-12-22,307.38,315.78000000000003,306.12,313.92,218479739.52,0.031426898301779534,0.6770186335403029
2009-12-23,314.94,316.62,312.96,312.96,174475095.67999998,0.011621261192611334,-0.5409836065572305
2009-12-24,313.32,315.0,311.46,313.44,32958059.28,0.011298353121412643,0.033898305084737276
2009-12-28,312.96,319.74,312.96,319.62,116491475.24000001,0.021664110429451072,0.9823008849556067
2009-12-29,320.21999999999997,321.36,318.54,320.4,107862873.6,0.008806445568674612,0.0638297872340225
2009-12-30,320.1,324.0,318.9,322.20000000000005,99931887.30000001,0.015932521087163407,0.4117647058822748
2009-12-31,322.86,322.98,319.86,321.0,89901079.0,0.009663631295301352,-0.5961538461536585
2010-01-04,323.82,323.82,321.6,321.84000000000003,132472669.68,0.0068556605521615825,-0.8918918918914845
2010-01-05,328.32,330.0,318.0,320.28000000000003,261528370.60000002,0.036549707602342114,-0.6699999999999411
2010-01-06,318.6,322.20000000000005,316.79999999999995,320.58,296842279.89,0.01694915254237625,0.36666666666658543
2010-01-07,319.38,321.0,314.76,317.94,193934603.66,0.019537854593277566,-0.2307692307691931
2010-01-08,318.0,325.98,316.86,324.48,162047367.04,0.028679245283021935,0.7105263157893974
2010-01-11,324.6,326.1,321.18,323.4,97736277.1,0.015157116451019716,-0.24390243902434913
2010-01-12,321.96,324.18,317.64,319.5,172684371.75,0.02031308237048391,-0.37614678899076387
2010-01-13,319.98,325.98,317.76,324.48,115261352.96,0.025689105569101197,0.5474452554743842
2010-01-14,322.86,326.15999999999997,321.54,326.15999999999997,96266667.6,0.014309607879579177,0.7142857142855579
2010-01-15,324.36,329.1,322.68,325.08,162388404.35999998,0.019792822789496223,0.11214953271025802
2010-01-19,325.74,331.86,325.74,331.38,162463021.56,0.01878799042181183,0.9215686274508269
2010-01-20,330.21,332.21999999999997,324.06,328.32,144137678.4,0.024711547197240977,-0.23161764705879437
2010-01-21,327.18,327.18,316.02,319.26,251745236.44,0.03410966440491775,-0.7096774193547749
2010-01-22,319.14,322.26,315.6,318.36,168082990.46,0.02086858432036394,-0.11711711711709599
2010-01-25,319.32,321.0,313.02,316.02,119309716.77000001,0.024990605035703974,-0.4135338345864148
2010-01-26,315.12,318.65999999999997,312.96,318.0,124374199.0,0.01808834729627117,0.5052631578946484
2010-01-27,314.82,321.71999999999997,314.21999999999997,321.48,158797617.84,0.0238231370306873,0.8879999999998849
2010-01-28,325.68,327.06,315.6,319.62,176569913.94,0.03518791451732051,-0.5287958115182796
2010-01-29,319.86,323.46,318.06,322.44,168089476.72,0.016882386043897205,0.4777777777776884
2010-02-01,320.46,323.58,317.88,323.46,133821116.46,0.017786931286279006,0.5263157894735929
2010-02-02,322.56,329.70000000000005,319.44,329.64,119683823.24,0.03180803571428886,0.6900584795320918
2010-02-03,327.12,328.86,324.18,327.6,117698217.0,0.014306676449012571,0.10256410256408438
2010-02-04,325.02,326.76,317.94,318.6,148655202.3,0.02713679158205946,-0.7278911564624985
2010-02-05,318.84000000000003,322.20000000000005,313.38,321.18,194779343.35,0.027662777568689692,0.2653061224489452
2010-02-08,321.24,321.36,314.82,317.04,150717856.96,0.02035861038476217,-0.6422018348622833
2010-02-09,323.28000000000003,329.28000000000003,319.98,324.54,160374686.4,0.028767631774316325,0.1354838709677262
2010-02-10,325.20000000000005,329.46,324.42,326.34000000000003,139467490.68,0.015498154981552728,0.22619047619043023
2010-02-11,324.71999999999997,335.52,323.52,334.14,157275855.39,0.036954915003698456,0.7849999999999359
2010-02-12,330.48,334.79999999999995,328.32,331.26,163101602.84,0.01960784313725775,0.1203703703703483
2010-02-16,333.29999999999995,334.62,329.52,330.71999999999997,180627302.95999998,0.015301530153018326,-0.5058823529410719
2010-02-17,331.86,337.56,331.86,337.38,140451237.76999998,0.01717591755559866,0.9684210526314078
2010-02-18,336.18,338.21999999999997,334.79999999999995,335.88,145180155.42,0.010173121542034046,-0.0877192982455913
2010-02-19,335.28000000000003,341.94,332.94,339.65999999999997,173055807.63,0.026843235504655727,0.48666666666660574
2010-02-22,339.18,339.96,333.18,334.02,120822994.81,0.01998938616663999,-0.7610619469025494
2010-02-23,333.78000000000003,336.71999999999997,329.1,331.5,160812418.0,0.022829408592488835,-0.2992125984251635
2010-02-24,331.79999999999995,335.70000000000005,328.44,331.74,292372580.07,0.02188065099457814,-0.008264462809908646
2010-02-25,325.79999999999995,329.82,324.18,329.34000000000003,155127702.84,0.017311233885822497,0.627659574467989
2010-02-26,328.86,331.14,327.24,330.06,156618310.88,0.011859149790187207,0.30769230769222766
2010-03-01,332.88,341.4,332.04,340.68,145805986.58,0.028118240807500985,0.8333333333332493
2010-03-02,339.24,344.82,339.12,343.86,145038371.39000002,0.016802263883978808,0.8105263157893339
2010-03-03,343.56,345.54,340.23,340.74,113036122.17,0.015455815578067838,-0.5310734463275821
2010-03-04,340.74,341.4,338.04,339.96,78069830.89999999,0.009860891001939738,-0.23214285714279984
2010-03-05,339.99,343.26,339.65999999999997,343.26,87331065.0,0.010588546721965388,0.9083333333330702
2010-03-08,341.94,350.88,341.46,346.02,176751917.95000002,0.02754869275311747,0.43312101910823186
2010-03-09,345.84000000000003,349.86,345.18,347.04,126971698.32000001,0.013532269257462967,0.2564102564101988
2010-03-10,347.46,353.76,347.4,352.26,132010961.46000001,0.018304265239167086,0.754716981131957
2010-03-11,351.29999999999995,353.15999999999997,346.32,352.68,109665258.2,0.019470538001710662,0.20175438596489118
2010-03-12,352.86,353.571,348.48,352.56,86358984.39999999,0.014427818398234407,-0.058927519151434286
2010-03-15,353.15999999999997,353.94,349.89,353.4,82891972.6,0.011467889908259712,0.0592592592592467
2010-03-16,355.38,359.1,351.84000000000003,358.38,193415595.45,0.020428836738142185,0.4132231404958114
2010-03-17,357.78000000000003,358.38,355.38,356.15999999999997,117696574.24,0.008385041086704095,-0.5399999999998405
2010-03-18,354.71999999999997,356.1,349.92,355.20000000000005,148709216.0,0.017422192151558945,0.07766990291262084
2010-03-19,358.92,361.02,351.54,357.78000000000003,299655299.72,0.026412571046475354,-0.12025316455694839
2010-03-22,358.68,361.68,357.42,358.92,129465315.36,0.011876881900303832,0.056338028169003115
2010-03-23,358.02,359.64,356.46,359.04,73747294.72,0.008882185352776375,0.3207547169810427
2010-03-24,358.56,358.79999999999995,352.32,353.1,106467006.25,0.018072289156629135,-0.8425925925924644
2010-03-25,355.62,355.62,349.62,349.62,140322725.69,0.01687194196052242,-0.9999999999998334
2010-03-26,351.42,352.56,346.92,348.9,78337179.55,0.016049171931025466,-0.4468085106382266
2010-03-29,347.52,352.20000000000005,347.34000000000003,350.52,105191928.3,0.013984806629837131,0.6172839506171552
2010-03-30,349.32,350.70000000000005,345.0,346.26,117152454.2,0.01631741669529666,-0.5368421052630599
2010-03-31,345.0,347.64,343.44,344.34000000000003,92997338.55,0.01217391304348109,-0.15714285714281256
2010-04-01,346.79999999999995,347.94,342.18,345.12,89999473.28,0.0166089965397952,-0.2916666666666078
2010-04-05,345.36,347.76,342.78000000000003,345.18,65709615.4,0.01441973592773033,-0.036144578313247404
2010-04-06,344.52,347.34000000000003,343.62,345.0,81795015.0,0.01079763148728961,0.12903225806448537
2010-04-07,345.06,346.62,341.94,343.62,107040436.23,0.013562858633284046,-0.307692307692241
2010-04-08,343.79999999999995,343.79999999999995,337.14,338.58,135168979.77,0.019371727748693862,-0.7837837837836654
2010-04-09,338.01,341.4,337.79999999999995,339.12,153506454.84,0.010650572468273164,0.3083333333332495
2010-04-12,339.12,339.12,334.14,336.0,134253224.0,0.014685067232840892,-0.6265060240962583
2010-04-13,334.68,336.42,329.4,330.42,229426796.58,0.020975259949805834,-0.6068376068375158
2010-04-14,328.86,331.38,324.29999999999995,329.76,237897053.04,0.021528918080645318,0.1271186440677747
2010-04-15,328.32,330.18,323.58,326.472,152099985.66799998,0.0201023391812896,-0.2799999999999586
2010-04-16,325.20000000000005,325.68,318.71999999999997,321.84000000000003,225182382.84,0.02140221402214334,-0.48275862068958525
2010-04-19,321.84000000000003,330.29999999999995,321.0,328.74,168535902.85999998,0.02889634601044284,0.7419354838708891
2010-04-20,326.4,329.82,319.56,323.46,190474434.63,0.031433823529414706,-0.2865497076023113
2010-04-21,320.4,322.79999999999995,314.4,316.32,228022435.2,0.026217228464422444,-0.4857142857142273
2010-04-22,315.65999999999997,315.65999999999997,309.71999999999997,312.18,224979176.84,0.018817715263261037,-0.5858585858584809
2010-04-23,312.78000000000003,315.78000000000003,311.28000000000003,315.54,132503765.58000001,0.014387109150204568,0.613333333333195
2010-04-26,314.1,316.71,312.57,313.5,119694927.0,0.013180515759315418,-0.14492753623185503
2010-04-27,312.9,318.78000000000003,312.12,312.6,195969408.9,0.02128475551294664,-0.04504504504503128
2010-04-28,313.14,316.0794,312.36,312.71999999999997,126187992.6,0.011877754359075798,-0.11292143894173849
2010-04-29,313.38,322.20000000000005,310.79999999999995,319.86,189565295.55,0.03637756078882205,0.5684210526315261
2010-04-30,321.06,324.24,318.78000000000003,319.74,178461388.88,0.017006167071578402,-0.24175824175819713
2010-05-03,321.0,323.52,319.56,321.6,110299848.8,0.012336448598133853,0.15151515151511977
2010-05-04,318.0,318.552,310.78319999999997,313.79999999999995,119707796.39999999,0.024430188679248524,-0.5406240345998706
2010-05-05,313.98,317.46,312.12,316.20000000000005,133913545.80000001,0.017007452703996933,0.41573033707858087
2010-05-06,315.48,315.48,296.58,304.20000000000005,222740918.4,0.05990871053632867,-0.5968253968253627
2010-05-07,298.79999999999995,306.12,296.15999999999997,302.34000000000003,237048266.08,0.03333333333333669,0.35542168674695873
2010-05-10,307.71,310.79999999999995,304.44,306.78000000000003,165933876.29000002,0.0206688115433393,-0.14622641509430975
2010-05-11,305.58,310.26,304.32,308.28000000000003,147847851.06,0.01943844492440925,0.45454545454538586
2010-05-12,307.92,312.36,305.1,312.24,123595572.44,0.02357755261107095,0.5950413223139674
2010-05-13,310.44,311.34000000000003,307.98,308.4,85919314.8,0.010823347506767823,-0.60714285714268
2010-05-14,307.20000000000005,308.15999999999997,297.84000000000003,300.78000000000003,202022646.75,0.033593750000002934,-0.622093023255759
2010-05-17,298.79999999999995,304.08,295.74,303.42,114136692.28,0.027911646586348555,0.5539568345323167
2010-05-18,304.14,307.5,302.67,304.20000000000005,122197697.7,0.015880844348000817,0.012422360248456913
2010-05-19,303.06,306.24,300.06,302.76,127818409.44,0.020392001583848036,-0.04854368932038228
2010-05-20,297.48,301.86,295.5,295.5,192054807.5,0.02137958854377098,-0.3113207547169344
2010-05-21,293.46,300.06,292.38,293.88,247192606.85999998,0.026170517276633887,0.0546874999999949
2010-05-24,292.62,293.82,289.38,289.62,186135877.8,0.015173262251387404,-0.6756756756755238
2010-05-25,286.62,290.58,282.6,290.1,132435243.25,0.02784174167888121,0.4360902255638595
2010-05-26,288.54,292.44,283.92,284.15999999999997,178720537.6,0.02952796839260051,-0.5140845070422004
2010-05-27,287.64,289.79999999999995,284.4,289.68,169729691.84,0.01877346683354526,0.3777777777777132
2010-05-28,288.84000000000003,290.64,284.5656,284.58,218657944.17,0.02103032820939256,-0.7013038324771778
2010-06-01,283.5,288.6,281.88,283.32,173881794.72,0.02370370370370724,-0.026785714285711207
2010-06-02,283.20000000000005,290.58,281.88,290.1,146681522.4,0.03072033898305422,0.7931034482757693
2010-06-03,289.5,296.04,288.54,295.5,150926575.75,0.0259067357512987,0.7999999999998934
2010-06-04,291.0,293.04,286.62,287.04,189869257.76000002,0.022061855670106507,-0.6168224299064412
2010-06-07,288.29999999999995,289.62,285.78000000000003,285.84000000000003,137190861.24,0.013319458896985647,-0.6406249999998171
2010-06-08,289.17,289.38,279.36,281.1,189352052.1,0.034650897395998706,-0.8053892215568066
2010-06-09,282.6,286.83,278.21999999999997,282.48,136848660.07999998,0.030467091295120246,-0.013937282229964045
2010-06-10,286.32,289.56,283.74,288.84000000000003,141122217.44,0.020326906957254025,0.4329896907215822
2010-06-11,284.34000000000003,285.71999999999997,275.76,277.32,274082196.56,0.03502848702258192,-0.7048192771083683
2010-06-14,278.58,284.88,278.28000000000003,280.74,144439981.35999998,0.02369157872065813,0.32727272727268314
2010-06-15,282.71999999999997,289.08,281.58,288.71999999999997,148976873.4,0.0265280135823464,0.7999999999998934
2010-06-16,287.52,290.82,286.62,290.1,96369286.0,0.014607679465779682,0.6142857142855794
2010-06-17,289.32,294.54,289.32,294.06,134968148.9,0.01804230609705865,0.9080459770113173
2010-06-18,294.71999999999997,300.9,294.6,299.15999999999997,288071235.71999997,0.021376221498374502,0.7047619047617976
2010-06-21,300.12,301.68,296.34000000000003,296.94,129873687.09,0.017792882846864443,-0.5955056179774206
2010-06-22,298.38,303.29999999999995,296.76,297.24,121917642.75999999,0.021918359139355657,-0.1743119266054768
2010-06-23,296.64,299.28000000000003,295.32,298.14,89710326.0,0.013349514563110244,0.37878787878777964
2010-06-24,296.76,299.28000000000003,294.42,296.28000000000003,92828523.78,0.01637687019814327,-0.09876543209873688
2010-06-25,297.0,301.68,295.08,297.42,430325200.34,0.02222222222222559,0.06363636363635619
2010-06-28,297.48,299.61,292.86,297.42,87202205.61,0.022690601048813288,-0.008888888888887909
2010-06-29,294.24,294.54,288.54,292.20000000000005,134274714.70000002,0.020391517128877715,-0.33999999999993724
2010-06-30,291.06,294.29999999999995,284.58,284.70000000000005,178672785.20000002,0.03339517625232233,-0.6543209876542512
2010-07-01,286.20000000000005,286.56,276.9,280.38,189210470.95,0.03375262054507683,-0.6024844720496307
2010-07-02,285.0,305.46,285.0,296.52,457013970.42,0.0717894736842137,0.5630498533724062
2010-07-06,298.08,298.08,288.54,290.28000000000003,204877882.32000002,0.03200483091787752,-0.8176100628929944
2010-07-07,290.1,299.46,289.08,299.04,133851649.68,0.03578076525336421,0.8612716763004952
2010-07-08,299.76,306.0,299.1,305.1,146617025.4,0.02301841473178861,0.7739130434781558
2010-07-09,306.54,310.62,304.5,310.26,139479968.5,0.01996476805637432,0.6078431372547973
2010-07-12,306.54,312.0,306.29999999999995,309.96,100690144.38,0.01859463691525095,0.5999999999998827
2010-07-13,311.21999999999997,317.76,311.15999999999997,316.08,114738620.4,0.02120686331212969,0.7363636363635243
2010-07-14,314.4,318.0,313.74,317.82,93545708.61,0.013549618320613795,0.8028169014082677
2010-07-15,317.94,321.48,315.71999999999997,320.58,129249627.78,0.018116625778452,0.4583333333332476
2010-07-16,319.74,322.68,311.04,311.15999999999997,164648758.2,0.03640457872021314,-0.7371134020617968
2010-07-19,312.36,319.92,310.62,319.08,151725518.08,0.029773338455631262,0.7225806451612086
2010-07-20,315.9,324.78000000000003,310.44,324.12,252295872.32000002,0.04539411206078185,0.5732217573221364
2010-07-21,324.9,338.4,321.54,329.82,356763820.34999996,0.05189289012003971,0.2918149466192015
2010-07-22,331.08,338.94,330.65999999999997,337.02,220474608.27,0.0250090612540806,0.7173913043477366
2010-07-23,335.28000000000003,338.88,314.4,320.82,386881169.07,0.07301360057265849,-0.5906862745097808
2010-07-26,323.46,348.96,323.46,347.34000000000003,445417353.78000003,0.07883509552958919,0.9364705882352595
2010-07-27,345.65999999999997,348.36,339.78000000000003,346.5,320967223.5,0.024822079500089567,0.09790209790209038
2010-07-28,345.48,346.5,335.34000000000003,335.52,394282581.36,0.03230288294546988,-0.8924731182794957
2010-07-29,338.15999999999997,342.0,332.76,339.18,206511891.14000002,0.02732434350603555,0.11038961038960252
2010-07-30,327.71999999999997,337.79999999999995,325.23,335.28000000000003,285736289.08,0.038355913584770224,0.6014319809068811
2010-08-02,339.54,343.92,338.70000000000005,343.14,152903584.32999998,0.015373740943632428,0.6896551724136584
2010-08-03,343.5,347.21999999999997,341.76,344.04,186546916.98000002,0.015895196506553022,0.09890109890108491
2010-08-04,343.38,347.4,341.1,344.34000000000003,156714069.54,0.018347020793292958,0.15238095238093508
2010-08-05,344.46,345.29999999999995,340.62,342.96,112013422.52,0.013586483191084412,-0.3205128205127554
2010-08-06,339.71999999999997,346.38,336.18,345.96,122127281.94,0.03002472624514588,0.6117647058822945
2010-08-09,347.28000000000003,347.28000000000003,343.26,345.48,79583045.39999999,0.011575673807881324,-0.44776119402973785
2010-08-10,343.20000000000005,348.96,337.68,347.15999999999997,108719229.3,0.0328671328671356,0.3510638297871969
2010-08-11,342.9,344.21999999999997,333.45000000000005,334.79999999999995,159741505.79999998,0.031408573928261574,-0.7520891364901882
2010-08-12,330.84000000000003,342.36,330.84000000000003,339.65999999999997,130940175.42,0.03482045701850123,0.7656249999999292
2010-08-13,336.48,338.5794,334.08,335.64,112741084.42,0.013371968616265523,-0.18669155887448066
2010-08-16,334.74,336.18,330.96,335.1,96383472.60000001,0.015594192507620874,0.06896551724136835
2010-08-17,337.5,344.28000000000003,335.28000000000003,341.46,111459885.39,0.026666666666669548,0.4399999999999488
2010-08-18,337.62,342.78000000000003,335.1,339.12,92252848.32000001,0.02274746756709017,0.19531249999997438
2010-08-19,337.26,337.68,328.08,330.36,128065320.38000001,0.02846468599893552,-0.7187499999999211
2010-08-20,331.02,333.99,327.12,332.28000000000003,131163487.26,0.02075403298894624,0.18340611353709804
2010-08-23,332.82,336.54,328.5,329.46,64093203.309999995,0.024157202091223472,-0.41791044776114267
2010-08-24,328.02,328.14,321.6,323.04,95864919.68,0.019937808670205913,-0.7614678899081387
2010-08-25,322.08,334.38,321.54,332.21999999999997,178311277.82999998,0.03986587183308785,0.7897196261681633
2010-08-26,333.0,333.0,322.92,323.46,129487561.10999998,0.030270270270273132,-0.946428571428481
2010-08-27,324.0,329.52,318.84000000000003,327.6,93058875.0,0.03296296296296579,0.3370786516853654
2010-08-30,325.92,328.98,322.56,323.52,71480503.84,0.01969808541973796,-0.3738317757008807
2010-08-31,322.79999999999995,325.79999999999995,319.44,322.79999999999995,108430887.19999999,0.019702602230486175,0.0
2010-09-01,326.88,333.78000000000003,323.82,331.86,86285369.92,0.03046989720998839,0.4999999999999498
2010-09-02,331.38,332.94,327.96,331.5,75039058.25,0.015028064457725279,0.024096385542164662
2010-09-03,333.96,337.5,332.1,337.44,83850184.4,0.016169601149841183,0.6444444444443311
2010-09-07,335.88,338.64,334.02,336.84000000000003,140042521.22,0.013754912468741784,0.20779220779217047
2010-09-08,337.79999999999995,343.62,337.68,342.9,125947798.64999999,0.017584369449381233,0.8585858585857182
2010-09-09,343.38,344.64,339.6,342.06,126482671.05,0.01467761663463495,-0.26190476190471046
2010-09-10,343.56,347.15999999999997,341.70000000000005,346.08,66060788.64,0.015892420537899948,0.4615384615383802
2010-09-13,347.1,348.0,344.82,346.86,84665057.4,0.009161624891964844,-0.0754716981131865
2010-09-14,345.0,348.54,343.98,347.46,89857846.71,0.013217391304350692,0.5394736842104032
2010-09-15,344.70000000000005,351.12,344.70000000000005,350.52,105972068.98,0.018624891209750333,0.906542056074621
2010-09-16,350.21999999999997,351.84000000000003,344.70000000000005,346.02,104414533.84,0.02038718519787838,-0.5882352941175641
2010-09-17,346.56,349.98,345.29999999999995,347.52,186894402.56,0.01350415512465677,0.20512820512815413
2010-09-20,348.0,349.32,343.56,346.79999999999995,135991493.2,0.016551724137933835,-0.2083333333333054
2010-09-21,345.84000000000003,349.68,343.26,349.38,138353140.70999998,0.01856349757113404,0.5514018691587855
2010-09-22,328.79999999999995,336.6,326.88,329.15999999999997,440822318.3,0.029562043795623473,0.03703703703703452
2010-09-23,327.71999999999997,334.79999999999995,324.78000000000003,331.44,177206826.56,0.030574880995974902,0.3712574850299086
2010-09-24,334.62,340.68,333.96,338.52,166271827.54,0.02008248162094617,0.5803571428570508
2010-09-27,337.5,337.98,328.44,328.74,125685575.28999999,0.028266666666669604,-0.9182389937105926
2010-09-28,331.02,337.20000000000005,326.28000000000003,332.52,157089708.02,0.032988943266270866,0.13736263736262458
2010-09-29,332.88,334.44,329.58,332.15999999999997,137413152.64,0.014599855803896295,-0.14814814814812285
2010-09-30,334.26,338.04,332.82,336.71999999999997,165270201.16,0.015616585891225427,0.4712643678159953
2010-10-01,336.0,339.29999999999995,333.78000000000003,339.18,146920678.58,0.01642857142857413,0.5760869565216439
2010-10-04,340.5,344.94,338.46,339.96,141728757.4,0.01903083700440822,-0.08333333333332339
2010-10-05,341.94,347.15999999999997,339.96,345.18,116300461.86,0.021056325671173208,0.44999999999993945
2010-10-06,343.92,344.04,337.20000000000005,339.78000000000003,119994439.60000001,0.019888346127009057,-0.6052631578946486
2010-10-07,339.78000000000003,344.28000000000003,337.29,343.44,85369109.76,0.020572134910827558,0.5236051502145121
2010-10-08,342.29999999999995,349.20000000000005,341.52,345.54,125853269.88000001,0.02243645924627824,0.42187499999995015
2010-10-11,344.94,345.84000000000003,340.98,342.36,75157320.78,0.014089406853368699,-0.5308641975307502
2010-10-12,342.36,342.6,335.88,341.58,99950008.45,0.01962846126884276,-0.11607142857141522
2010-10-13,341.94,344.96999999999997,340.38,343.14,78200805.34,0.013423407615373929,0.26143790849667403
2010-10-14,341.58,343.44,338.94,341.88,83271540.66,0.013174073423505435,0.06666666666665437
2010-10-15,343.44,346.02,340.02,345.96,136502496.54,0.017470300489171274,0.419999999999927
2010-10-18,344.28000000000003,351.29999999999995,343.56,351.18,93181515.9,0.022481700941097155,0.8914728682169416
2010-10-19,350.34000000000003,353.28000000000003,346.38,349.62,124329067.44000001,0.01969515327967407,-0.10434782608694483
2010-10-20,348.12,355.26,346.38,351.96,128290417.22,0.025508445363670484,0.4324324324323811
2010-10-21,351.12,352.5,345.48,349.86,89165202.98,0.019993164730009574,-0.1794871794871531
2010-10-22,351.24,353.82,348.9,352.5,79227312.5,0.014007516228222872,0.256097560975555
2010-10-25,354.78000000000003,361.14,354.06,359.4,190099298.9,0.019956029088451895,0.6525423728812578
2010-10-26,355.5,360.57,349.80600000000004,359.94,200670029.42000002,0.030278481012660823,0.412486064659941
2010-10-27,358.56,375.75,357.96,374.88,245970701.67999998,0.04961512717537084,0.9173693086002843
2010-10-28,375.6,389.52,373.56,383.1,366860327.15000004,0.04249201277955521,0.4699248120300463
2010-10-29,381.48,384.36,375.78000000000003,376.26,214658963.82,0.022491349480971378,-0.6083916083915418
2010-11-01,377.34000000000003,381.0,374.46,375.29999999999995,141569477.54999998,0.017331849260616428,-0.3119266055045503
2010-11-02,378.96,379.92,375.54,378.0,114684066.0,0.011557948068400317,-0.21917808219172633
2010-11-03,378.54,379.98,376.02,378.0,168412104.0,0.010461245839279933,-0.13636363636360585
2010-11-04,373.92,377.88,370.92,375.0,232681062.5,0.018613607188706034,0.15517241379307933
2010-11-05,374.94,376.79999999999995,370.92,376.68,171768528.42000002,0.015682509201474695,0.2959183673468931
2010-11-08,374.70000000000005,379.02,372.71999999999997,378.18,125014080.18,0.016813450760611137,0.5523809523808576
2010-11-09,377.46,380.46,376.32,380.34000000000003,162239922.27,0.01096804959466162,0.6956521739128904
2010-11-10,379.68,389.82,377.94,389.70000000000005,275991320.55,0.031289506953226305,0.843434343434276
2010-11-11,388.20000000000005,392.58000000000004,385.29,388.38,162708693.96,0.018778979907266874,0.02469135802468104
2010-11-12,385.32,387.65999999999997,381.36,387.0,142756108.5,0.01635004671442162,0.26666666666662736
2010-11-15,389.09999999999997,398.58000000000004,388.43999999999994,392.76,173863789.26,0.026060138781806925,0.3609467455620935
2010-11-16,381.36,393.15000000000003,381.36,385.98,125478173.86999999,0.03091567023285344,0.39185750636128963
2010-11-17,385.56000000000006,389.51520000000005,383.64,387.12,94626193.36,0.015238095238097955,0.2655228758169361
2010-11-18,387.72,393.59999999999997,387.12,388.68,108036585.88,0.016713091922008004,0.14814814814812302
2010-11-19,389.28,392.64,387.72,389.46,131810335.33,0.012638717632554836,0.03658536585365279
2010-11-22,389.09999999999997,392.34000000000003,385.29,389.15999999999997,85918550.22,0.01811873554356462,0.008510638297871442
2010-11-23,387.41999999999996,388.86,381.48,382.92,102647003.06,0.01904909400650709,-0.6097560975608857
2010-11-24,386.70000000000005,394.08000000000004,386.40000000000003,391.98,105774365.74,0.01986035686578998,0.6874999999999063
2010-11-26,390.0,393.12,389.09999999999997,391.98,43992176.72,0.010307692307694944,0.49253731343271306
2010-11-29,388.79999999999995,390.0,382.62,388.32,102139744.88,0.018981481481483993,-0.06504065040649006
2010-11-30,384.36,387.24,383.1,383.82,212452686.1,0.010771152044960389,-0.1304347826086695
2010-12-01,389.34000000000003,396.41999999999996,387.78,392.22,158316988.20000002,0.022191400832180005,0.33333333333329473
2010-12-02,393.06000000000006,402.54,392.09999999999997,402.48,114558553.2,0.02656083040757397,0.9022988505746176
2010-12-03,401.58000000000004,403.86,399.36,402.0,98259654.0,0.01120573733751927,0.0933333333333035
2010-12-06,401.04,402.48,397.68,400.26,68276951.19,0.01196888090963744,-0.16249999999997192
2010-12-07,403.20000000000005,403.62,400.91999999999996,402.65999999999997,115569996.78,0.006696428571431147,-0.1999999999999512
2010-12-08,403.79999999999995,405.78,402.18,404.15999999999997,110444803.2,0.008915304606243084,0.09999999999997695
2010-12-09,390.29999999999995,400.74,390.0,398.22,188430536.04000002,0.02751729438893411,0.7374301675977029
2010-12-10,397.79999999999995,400.20000000000005,397.26,397.79999999999995,118421413.5,0.007390648567121788,0.0
2010-12-13,397.14,398.52,394.74,395.34000000000003,118256143.39,0.009518054086722474,-0.4761904761903416
2010-12-14,396.84000000000003,397.86,393.12,394.43999999999994,142315529.76,0.011944360447538042,-0.5063291139239621
2010-12-15,392.64,397.62,391.74,396.36,175022733.06,0.014975550122251886,0.6326530612243874
2010-12-16,395.70000000000005,408.0,395.04,407.52,133647610.32000001,0.03275208491281512,0.9120370370369631
2010-12-17,407.46,411.59999999999997,406.5,408.84000000000003,304023645.0,0.012516566043294933,0.27058823529407666
2010-12-20,409.43999999999994,410.28,403.86,407.88,113345705.22000001,0.015679953106684602,-0.24299065420556268
2010-12-21,409.26,410.88,408.0,409.32,71025752.16,0.007037091335583708,0.02083333333332692
2010-12-22,408.36,409.5,405.72,406.20000000000005,73074906.10000001,0.009256538348518374,-0.571428571428416
2010-12-23,405.24,406.40999999999997,402.12,403.32,82634016.53999999,0.010586319218243394,-0.44755244755235074
2010-12-27,403.14,403.74,398.15999999999997,401.52,64196155.24,0.01384134543831182,-0.29032258064510796
2010-12-28,401.15999999999997,403.20000000000005,399.18,399.84000000000003,57732964.24,0.010020939276101877,-0.3283582089551232
2010-12-29,401.22,401.70000000000005,399.54,399.84000000000003,50152997.44,0.005383580080756242,-0.6388888888885835
2010-12-30,398.70000000000005,401.82,398.70000000000005,400.79999999999995,68895716.39999999,0.007825432656134787,0.6730769230766894
2010-12-31,400.98,403.5,398.70000000000005,402.29999999999995,76866924.6,0.011970671853960153,0.274999999999932
2011-01-03,406.08000000000004,408.84000000000003,401.82,403.20000000000005,120413395.2,0.017287234042555704,-0.4102564102563489
2011-01-04,402.0,402.06000000000006,394.79999999999995,398.40000000000003,130458669.60000001,0.018059701492540017,-0.4958677685949612
2011-01-05,396.90000000000003,402.24,395.76,400.08000000000004,163513029.4,0.01632653061224742,0.4907407407406647
2011-01-06,399.84000000000003,406.26,399.78,403.56000000000006,104855515.08000001,0.01620648259303972,0.574074074073988
2011-01-07,405.29999999999995,405.54,401.76,404.28,73930144.56,0.00932642487046884,-0.2698412698411915
2011-01-10,401.52,403.98,400.20000000000005,401.40000000000003,70466171.4,0.009414225941424994,-0.03174603174600974
2011-01-11,401.93999999999994,409.98,400.737,409.79999999999995,109423156.8,0.022995969547696105,0.8503732554364565
2011-01-12,407.40000000000003,407.40000000000003,403.20000000000005,404.40000000000003,85733743.60000001,0.010309278350517865,-0.7142857142855461
2011-01-13,404.58000000000004,406.74,403.14,405.12,99338124.8,0.00889811656532951,0.1499999999999473
2011-01-14,403.86,405.0,398.76,399.41999999999996,108296142.57,0.015450898826328413,-0.7115384615383552
2011-01-18,399.29999999999995,402.65999999999997,396.0,402.06000000000006,143261282.09,0.01667918858001741,0.4144144144143699
2011-01-19,400.74,401.0688,395.46,397.43999999999994,102783084.47999999,0.013996107201679434,-0.5883611467692664
2011-01-20,398.15999999999997,413.93999999999994,398.15999999999997,412.68,219237625.6,0.03963230861965274,0.9201520912546985
2011-01-21,399.54,404.04,397.62,400.62,230482561.76,0.01606847875056565,0.16822429906539146
2011-01-24,399.96,409.5,399.24,402.84000000000003,117604438.2,0.025652565256528065,0.2807017543859429
2011-01-25,402.41999999999996,403.43999999999994,398.93999999999994,401.04,131440057.92,0.011182346801851272,-0.3066666666665849
2011-01-26,402.12,407.15999999999997,399.90000000000003,405.0,110895480.0,0.018054312145630448,0.3966942148759814
2011-01-27,404.04,405.65999999999997,402.48,402.54,89860949.81,0.007870507870510201,-0.47169811320740623
2011-01-28,403.79999999999995,404.88,389.09999999999997,390.48,150926637.52,0.03907875185735758,-0.8441064638782679
2011-01-31,393.41999999999996,395.64,385.68,392.82,142808598.01,0.02531645569620496,-0.06024096385541234
2011-02-01,406.5,408.0,390.78,392.93999999999994,264276053.85,0.04236162361623858,-0.7874564459929879
2011-02-02,391.68,397.68,389.532,396.90000000000003,101942574.30000001,0.020802696078433935,0.6406480117819552
2011-02-03,397.02,397.26,390.72,393.48,94592329.67999999,0.01647272177724283,-0.5412844036696395
2011-02-04,393.84000000000003,395.58000000000004,387.65999999999997,395.58000000000004,108198250.44000001,0.020109689213896637,0.21969696969694108
2011-02-07,395.28,396.78,391.20000000000005,391.5,103493547.0,0.01411657559198774,-0.6774193548385922
2011-02-08,390.84000000000003,396.96,388.6218,396.90000000000003,119383352.55000001,0.02133404973902607,0.7267755630710819
2011-02-09,395.88,396.78,392.88,395.97,139139700.315,0.009851470142469858,0.023076923076925455
2011-02-10,396.0,398.09999999999997,394.98,397.32,105394228.94,0.007878787878790252,0.42307692307679234
2011-02-11,395.09999999999997,396.65999999999997,392.34000000000003,394.98,82820130.53,0.010933940774489814,-0.027777777777759652
2011-02-14,393.96,403.74,393.96,403.62,118905173.86999999,0.024824855315262982,0.9877300613495918
2011-02-15,401.28,403.14,400.26,402.54,144067522.93,0.00717703349282543,0.43749999999986533
2011-02-16,403.02,404.88,400.98,404.15999999999997,107094720.96,0.009676939109724003,0.29230769230761555
2011-02-17,402.06000000000006,407.70000000000005,400.14,405.90000000000003,73934482.05000001,0.018803163706912,0.5079365079364334
2011-02-18,405.24,407.22,402.78,405.84000000000003,127292324.76,0.010956470239860436,0.13513513513510816
2011-02-22,403.74,409.08000000000004,402.41999999999996,402.54,132471553.15,0.016495764600983467,-0.1801801801801492
2011-02-23,403.02,405.84000000000003,400.5,400.56000000000006,157244567.96,0.013249962781005951,-0.4606741573032673
2011-02-24,403.38,406.32,400.74,403.56000000000006,131324208.36000001,0.013833110218654791,0.03225806451613475
2011-02-25,404.52,409.5,404.09999999999997,406.68,94537036.14,0.013349154553547465,0.399999999999928
2011-02-28,406.79999999999995,411.0,406.43999999999994,410.40000000000003,138757266.0,0.011209439528026176,0.7894736842103603
2011-03-01,410.46,424.38,409.56000000000006,421.08000000000004,269599838.64000005,0.03610583248063368,0.7165991902833597
2011-03-02,418.38,422.76,414.0,420.0,135777670.0,0.020937903341462234,0.18493150684929466
2011-03-03,420.29999999999995,431.70000000000005,420.24,428.52,129669580.64,0.027266238401144446,0.7172774869109323
2011-03-04,427.5,430.56000000000006,423.78,426.90000000000003,98713367.7,0.01585964912280952,-0.08849557522121973
2011-03-07,428.46,431.28,422.70000000000005,427.43999999999994,142419303.51999998,0.02002520655370608,-0.11888111888111054
2011-03-08,427.86,432.0,424.98,429.59999999999997,120887005.6,0.01640723601178181,0.2478632478632064
2011-03-09,427.98,430.98,425.93999999999994,430.43999999999994,74022192.88,0.011776251226695325,0.4880952380951184
2011-03-10,426.29999999999995,428.46,420.59999999999997,423.59999999999997,115250687.6,0.018437719915554762,-0.34351145038163367
2011-03-11,423.72,428.07,422.82,426.0,93813507.0,0.012390257717362851,0.43428571428562635
2011-03-14,422.76,429.0,420.65999999999997,423.90000000000003,109253583.9,0.019727504967359758,0.13669064748200266
2011-03-15,415.62,419.66999999999996,412.86,417.36,111979844.36,0.016385159520718274,0.25550660792948127
2011-03-16,414.84000000000003,418.08000000000004,409.86,412.20000000000005,152289488.4,0.01981486838299346,-0.32116788321163703
2011-03-17,416.40000000000003,418.26,414.72,415.5,80638993.5,0.008501440922192495,-0.25423728813553365
2011-03-18,416.58000000000004,421.56000000000006,415.5,417.18,181414199.5,0.014547025781365028,0.09900990099007607
2011-03-21,420.0,423.24,417.18,417.65999999999997,104841361.25,0.01442857142857378,-0.38613861386132753
2011-03-22,417.48,420.75,414.78,418.56000000000006,125343582.08000001,0.014300086231678194,0.18090452261304105
2011-03-23,418.32,421.86,415.14,420.41999999999996,102170678.60999998,0.016064257028114867,0.31249999999994715
2011-03-24,421.02,428.70000000000005,417.90000000000003,427.62,96201386.32,0.025651988029074594,0.611111111111056
2011-03-25,429.29999999999995,431.58000000000004,427.20000000000005,427.20000000000005,105517403.2,0.01020265548567665,-0.4794520547943908
2011-03-28,427.02,427.91999999999996,422.28,423.24,87735606.34,0.013207812280457526,-0.6702127659573247
2011-03-29,422.46,427.43999999999994,422.34000000000003,426.59999999999997,99158050.8,0.012072148842496088,0.8117647058822055
2011-03-30,428.88,433.20000000000005,428.70000000000005,431.40000000000003,155813195.8,0.010492445439286022,0.5599999999998841
2011-03-31,431.70000000000005,441.18,431.40000000000003,440.82,184614828.24,0.022654621264769397,0.9325153374232148
2011-04-01,441.54,441.96,436.79999999999995,437.76,140496591.35999998,0.011686370430767343,-0.7325581395347439
2011-04-04,439.5,439.91999999999996,437.82,439.62,79365770.92,0.004778156996589218,0.05714285714283302
2011-04-05,437.40000000000003,443.93999999999994,437.40000000000003,439.5,108707907.75,0.014951989026065137,0.32110091743114294
2011-04-06,441.41999999999996,445.20000000000005,440.40000000000003,441.59999999999997,99609503.99999999,0.010873997553352818,0.03749999999999352
2011-04-07,439.91999999999996,443.70000000000005,436.20000000000005,438.18,116085347.71000001,0.01704855428259907,-0.2319999999999627
2011-04-08,440.22,441.93,437.82,439.74,104723787.84,0.009336240970426159,-0.11678832116785884
2011-04-11,460.26,472.5,458.40000000000003,471.29999999999995,541474292.05,0.030634858558208262,0.782978723404199
2011-04-12,473.93999999999994,475.38,468.96,469.14,214576504.23999998,0.01354601848335444,-0.7476635514017438
2011-04-13,469.14,486.06000000000006,469.14,485.76,323342500.79999995,0.03606599309374821,0.9822695035460374
2011-04-14,482.46,493.38,479.58000000000004,493.14,243180155.64,0.02860340753637799,0.7739130434782078
2011-04-15,493.38,498.59999999999997,487.43999999999994,497.76,191858937.27999997,0.022619481940899515,0.39247311827953346
2011-04-18,493.26,496.5,487.56000000000006,495.65999999999997,180016442.32,0.018124315776671375,0.26845637583889537
2011-04-19,497.28,503.93999999999994,495.65999999999997,503.93999999999994,163432109.48,0.016650579150581074,0.8043478260868582
2011-04-20,506.46,519.42,506.46,519.42,241158914.7,0.025589385143942173,0.9999999999999228
2011-04-21,600.0,641.9399999999999,595.8,598.2,1640033195.7,0.07690000000000152,-0.039011703511051495
2011-04-25,598.26,602.58,595.3199999999999,601.6800000000001,588357400.88,0.012135192056967024,0.4710743801652276
2011-04-26,598.6800000000001,637.14,596.4000000000001,610.8,525948885.59999996,0.06804970936059468,0.2974963181148656
2011-04-27,612.36,617.28,593.76,596.9399999999999,391098473.16999996,0.03840877914952143,-0.6556122448979349
2011-04-28,598.02,598.6800000000001,588.48,593.8199999999999,332173604.82,0.01705628574295346,-0.4117647058823152
2011-04-29,593.34,595.86,582.84,585.9000000000001,413203240.8,0.021943573667713216,-0.5714285714285238
2011-05-02,584.64,595.14,578.16,592.02,263033795.31,0.02904351395730875,0.4346289752649914
2011-05-03,589.38,593.4000000000001,585.84,587.9399999999999,176655490.09,0.012827038582919417,-0.190476190476171
2011-05-04,585.36,587.8199999999999,570.48,578.88,252735148.8,0.029622796227963794,-0.37370242214531
2011-05-05,575.04,585.54,570.66,572.8199999999999,179651531.73,0.025876460767948264,-0.14919354838708862
2011-05-06,578.9399999999999,587.28,575.8199999999999,576.72,216676779.84,0.019794797388332154,-0.19371727748688594
2011-05-09,577.86,593.61,576.0,588.5999999999999,173240970.29999998,0.03047450939674139,0.6098807495740647
2011-05-10,591.48,592.26,579.1800000000001,584.04,171884237.42000002,0.022114019070806967,-0.5688073394495051
2011-05-11,583.74,585.0,571.74,579.54,158359305.0,0.02271559255833242,-0.3167420814479436
2011-05-12,578.16,590.88,573.84,589.4399999999999,176504959.04,0.029472810294729715,0.6619718309858765
2011-05-13,588.5999999999999,591.9000000000001,576.66,579.66,143419477.2,0.02589194699286629,-0.5866141732282993
2011-05-16,576.24,584.52,574.86,576.84,239662887.42,0.01676384839650311,0.06211180124223215
2011-05-17,573.1800000000001,587.46,573.1800000000001,585.42,193083614.67999998,0.024913639694338508,0.8571428571427915
2011-05-18,584.46,587.58,581.4000000000001,586.5600000000001,165276575.36,0.010573863053076239,0.3398058252426699
2011-05-19,590.46,590.8199999999999,579.42,580.3199999999999,145691173.68,0.019306980997867693,-0.8894736842104588
2011-05-20,580.8,589.5,580.8,582.66,266458866.57,0.014979338842976982,0.21379310344825173
2011-05-23,576.36,577.3199999999999,569.4000000000001,571.86,147420933.12,0.013741411617740356,-0.5681818181817575
2011-05-24,571.86,574.26,565.8408,569.0999999999999,125960136.05,0.014722484524186044,-0.3278221208665623
2011-05-25,567.24,568.5600000000001,559.02,562.02,143422633.16,0.016818277977577498,-0.5471698113206958
2011-05-26,559.92,561.78,553.77,559.6800000000001,171095108.8,0.01430561508787144,-0.029962546816462637
2011-05-27,559.86,564.3,558.1800000000001,559.26,111604247.82,0.010931304254636658,-0.09803921568626395
2011-05-31,563.76,568.6800000000001,558.48,568.38,225232605.71,0.01809280544912911,0.4529411764705423
2011-06-01,566.16,567.12,559.08,559.08,215975865.3,0.014200932598560388,-0.8805970149252585
2011-06-02,560.4000000000001,573.12,558.0600000000001,571.02,165113954.29,0.02687366167023718,0.7051792828684744
2011-06-03,563.76,576.5064,561.12,566.4000000000001,129027996.80000001,0.027292464878673466,0.17158009670877736
2011-06-06,562.62,568.2,558.66,558.96,119590703.08,0.016956382638372364,-0.3836477987420917
2011-06-07,560.58,564.24,555.54,559.8,93706321.5,0.015519640372473205,-0.08965517241379226
2011-06-08,554.04,559.6800000000001,552.72,556.8,105067603.2,0.012562269872213242,0.39655172413787065
2011-06-09,558.0,564.42,553.14,562.3199999999999,104556843.6,0.020215053763442566,0.3829787234042166
2011-06-10,560.58,560.58,547.2,547.26,158925124.89,0.02386813657283701,-0.9955156950671943
2011-06-13,547.38,553.92,546.48,550.6800000000001,96089071.0,0.013592020168805815,0.4435483870967273
2011-06-14,554.9399999999999,570.78,552.6107999999999,569.28,231948866.39999998,0.032740836847228554,0.7892477379300799
2011-06-15,563.34,571.92,558.48,562.5600000000001,193228108.8,0.023857705825968183,-0.058035714285708195
2011-06-16,564.5999999999999,567.48,555.84,561.1800000000001,119207258.55,0.020616365568545816,-0.29381443298965254
2011-06-17,568.4399999999999,576.78,565.38,568.53,294429463.60499996,0.02005488705932193,0.007894736842107378
2011-06-20,597.42,602.88,589.4399999999999,591.5699999999999,357079342.40999997,0.022496735964649715,-0.4352678571428247
2011-06-21,603.24,610.98,589.6800000000001,591.9000000000001,550857949.95,0.03530932962005324,-0.5323943661971554
2011-06-22,598.74,604.02,593.4000000000001,596.8199999999999,530592476.12,0.017737248221266114,-0.18079096045196907
2011-06-23,591.84,604.6800000000001,586.8,604.02,312830615.62,0.030210867802110495,0.6812080536912302
2011-06-24,600.1800000000001,621.1800000000001,597.6018,620.52,860906759.08,0.039285214435670957,0.8626612718527717
2011-06-27,617.16,628.5600000000001,615.5999999999999,627.9000000000001,339847107.6,0.02099941668287175,0.8287037037036397
2011-06-28,629.4000000000001,651.12,627.78,650.34,341230579.86,0.03708293612964885,0.897172236503814
2011-06-29,650.88,657.78,645.66,653.88,411517961.26,0.018620943952803875,0.247524752475227
2011-06-30,654.96,656.76,640.38,641.52,207326112.84,0.025009160864787112,-0.8205128205127741
2011-07-01,644.0999999999999,651.84,641.52,651.0,185248017.5,0.016022356776899605,0.6686046511627315
2011-07-05,651.72,654.84,645.36,647.46,144358544.88,0.014546124102376792,-0.4493670886075457
2011-07-06,640.38,648.5999999999999,640.38,647.34,161023990.87,0.012836128548675631,0.8467153284670635
2011-07-07,652.38,653.28,638.4000000000001,639.12,201303839.44,0.022808792421596093,-0.8911290322580111
2011-07-08,642.24,645.36,634.92,644.34,185409586.73,0.016255605381167534,0.20114942528733817
2011-07-11,638.0999999999999,645.84,629.4000000000001,632.58,133914444.82000001,0.025763986835920568,-0.335766423357637
2011-07-12,635.04,638.0064,623.9399999999999,624.3,164746631.04999998,0.022150415721845902,-0.7635215833474955
2011-07-13,628.38,637.2,624.3,631.86,160553203.87,0.020528979280055173,0.2697674418604437
2011-07-14,632.8199999999999,637.38,618.36,619.14,136037853.56,0.03005594007774873,-0.7192429022081622
2011-07-15,616.3199999999999,628.14,615.3,624.0,165344712.0,0.020833333333334977,0.5981308411214522
2011-07-18,621.9000000000001,623.9399999999999,614.16,622.5,141917653.75,0.015726000964786872,0.06134969325151834
2011-07-19,624.84,643.98,624.72,643.26,166261053.57999998,0.030823890916076045,0.9563862928348397
2011-07-20,641.9399999999999,641.9399999999999,624.78,626.22,147304582.53,0.02673147023086416,-0.9160839160838594
2011-07-21,626.88,636.36,626.64,633.72,133834904.32000001,0.015505359877490129,0.7037037037036326
2011-07-22,633.24,636.3,629.34,633.36,120937241.88,0.010991093424295545,0.017241379310343197
2011-07-25,632.0999999999999,640.92,623.8199999999999,623.9399999999999,304959410.15999997,0.027052681537732947,-0.47719298245610997
2011-07-26,624.66,636.0,624.66,630.0,248796975.0,0.018153875708386984,0.47089947089943085
2011-07-27,625.26,636.3,609.0,610.86,257093666.3,0.04366183667594426,-0.5274725274725083
2011-07-28,607.74,624.24,606.12,612.9000000000001,136459222.65,0.029815381577649937,0.28476821192051854
2011-07-29,610.5600000000001,616.5,597.24,611.22,177791979.21,0.03154481132075628,0.03426791277258226
2011-08-01,635.46,635.88,611.28,617.4000000000001,298283330.1,0.03871211405910833,-0.734146341463382
2011-08-02,612.24,624.96,597.24,598.02,278586221.62,0.045276362210899285,-0.512987012986995
2011-08-03,597.0600000000001,599.88,572.52,592.6800000000001,240152750.64000002,0.04582454024721295,-0.16008771929823953
2011-08-04,584.22,586.08,555.0,555.3,273908110.95,0.05319913731128853,-0.9305019305019018
2011-08-05,559.14,567.0,541.4399999999999,559.08,257842571.10000002,0.04571305934113283,-0.0023474178403733548
2011-08-08,547.74,563.22,522.84,528.0,326812904.0,0.07372110855515558,-0.48885586924218727
2011-08-09,521.46,543.36,502.98,536.58,329510021.94,0.0774364284892435,0.3744427934621008
2011-08-10,519.0,530.13,509.64,510.18,231555056.48,0.03947976878612903,-0.4304538799414134
2011-08-11,512.16,536.64,505.32,530.46,206193603.63,0.061152764761014,0.5842911877394473
2011-08-12,530.28,547.3199999999999,524.0999999999999,545.88,230221705.70000002,0.04378818737271061,0.6718346253229687
2011-08-15,548.04,556.2,542.28,550.02,168493585.15,0.025399605868186716,0.14224137931033518
2011-08-16,548.16,554.04,541.5,546.5999999999999,143616781.39999998,0.02287653239930119,-0.12440191387559324
2011-08-17,549.42,552.894,536.34,540.1800000000001,174933871.86,0.030129955225512255,-0.5581732511779239
2011-08-18,530.7,536.34,521.16,530.76,208211663.48,0.02860373092142648,0.003952569169956602
2011-08-19,527.7,554.4000000000001,522.9000000000001,540.3,317867855.2,0.059693007390564594,0.3999999999999844
2011-08-22,549.0600000000001,553.26,533.22,536.46,162109002.76999998,0.03649874330674411,-0.6287425149700309
2011-08-23,538.08,552.66,524.0999999999999,547.4399999999999,243561804.11999997,0.05307760927743273,0.32773109243695914
2011-08-24,544.4399999999999,552.78,537.9000000000001,552.3,157670972.2,0.02733083535375956,0.5282258064515826
2011-08-25,552.78,561.78,540.24,544.02,141329867.76,0.03896667752089606,-0.40668523676878365
2011-08-26,540.42,555.24,529.4399999999999,553.74,137819794.86,0.04774064616409648,0.5162790697674224
2011-08-29,558.96,565.74,552.48,563.34,137835590.06,0.023722627737228004,0.3303167420814229
2011-08-30,558.42,565.4399999999999,556.38,561.5999999999999,122575564.8,0.01622434726550075,0.35099337748340154
2011-08-31,564.84,568.26,557.28,565.2,148077972.6,0.019439133205865374,0.032786885245899844
2011-09-01,564.12,572.8199999999999,558.12,561.66,112828507.44,0.02605828547117795,-0.16734693877550208
2011-09-02,554.0999999999999,561.66,548.0999999999999,549.48,89355063.89999999,0.02447211694640144,-0.34070796460173525
2011-09-06,535.02,552.42,534.24,551.46,159336738.47,0.03398003812941743,0.9042904290428602
2011-09-07,557.9399999999999,560.28,549.48,558.0,170713311.0,0.019356920098937046,0.005555555555560538
2011-09-08,553.08,555.0294,546.24,549.3,203362395.29999998,0.01589173356476637,-0.43006348556211527
2011-09-09,548.04,554.0676,540.78,541.4399999999999,181910755.2,0.0242456754981406,-0.49670369366925005
2011-09-12,536.22,552.12,536.22,551.9399999999999,169145232.64999998,0.029652008503974016,0.9886792452829527
2011-09-13,554.8199999999999,567.72,551.9399999999999,567.12,229393612.64,0.028441656753543598,0.7794676806083157
2011-09-14,571.14,594.42,566.64,587.04,314121190.40000004,0.04863956297930616,0.5723542116630461
2011-09-15,594.54,598.08,588.84,596.4000000000001,212388675.8,0.015541426985570346,0.2012987012986931
2011-09-16,600.0,612.084,597.42,605.34,355574496.42,0.024440000000001603,0.36415711947624607
2011-09-19,597.84,602.4000000000001,590.58,596.88,184341712.44,0.01977117623444572,-0.08121827411167098
2011-09-20,600.3,610.5600000000001,596.34,601.5600000000001,146666945.16,0.023688155922040655,0.08860759493670982
2011-09-21,599.8199999999999,604.8,581.16,581.76,153780111.35999998,0.0394118235470657,-0.76395939086291
2011-09-22,566.64,575.64,559.4399999999999,567.24,178110334.72,0.02858958068615173,0.03703703703703606
2011-09-23,563.58,570.5999999999999,556.6800000000001,563.4000000000001,130757346.30000001,0.024699244117961636,-0.012931034482754242
2011-09-26,566.0999999999999,577.02,558.54,574.38,169147155.87,0.03264440911499909,0.4480519480519281
2011-09-27,576.84,596.04,576.84,580.02,158674428.01,0.03328479301019502,0.16562499999998936
2011-09-28,583.5,592.02,570.0,570.24,99620547.84,0.037737789203086444,-0.6021798365122344
2011-09-29,577.92,582.84,551.04,566.76,159835954.92,0.05502491694352335,-0.3509433962264023
2011-09-30,562.14,566.58,552.72,558.9000000000001,139582573.65,0.024655779699009124,-0.2337662337662091
2011-10-03,555.3,561.54,531.84,533.76,189821869.44,0.05348460291734356,-0.7252525252525013
2011-10-04,531.5999999999999,551.64,526.3199999999999,549.96,211666863.26,0.04762979683973101,0.7251184834122972
2011-10-05,555.3,592.5,553.08,592.26,383161817.32,0.07098865478120096,0.9375951293759294
2011-10-06,589.5600000000001,600.0,583.38,596.46,302921754.36,0.028190514960311032,0.4151624548736198
2011-10-07,599.52,604.62,589.4399999999999,600.0600000000001,205114109.36,0.025320256204965703,0.03557312252964687
2011-10-10,606.1800000000001,607.2,599.7,604.08,158732490.72,0.01237256260516841,-0.2799999999999657
2011-10-11,602.4000000000001,602.4000000000001,591.54,593.52,129206831.0,0.01802788844621698,-0.8176795580109749
2011-10-12,594.66,608.64,591.24,592.5600000000001,189242430.60000002,0.02926041771768901,-0.1206896551724018
2011-10-13,590.76,613.86,588.66,607.92,222372272.64,0.04265691651432223,0.6809523809523514
2011-10-14,612.3,618.5999999999999,598.26,618.48,214545970.32,0.03321901028907543,0.3038348082595765
2011-10-17,614.88,618.42,606.72,608.58,124822598.04,0.019028103044497972,-0.5384615384614917
2011-10-18,609.96,618.48,603.1800000000001,615.84,138083028.96,0.0250836120401353,0.3843137254901718
2011-10-19,618.48,623.76,608.22,612.48,168052058.24,0.02512611563834067,-0.3861003861003622
2011-10-20,616.5600000000001,625.5,594.48,610.02,163511082.51,0.05031140521603887,-0.21083172147001517
2011-10-21,628.26,653.76,622.4399999999999,653.04,479167773.48,0.0498519721134578,0.7911877394635741
2011-10-24,651.78,659.76,641.58,657.12,250553394.32,0.027892847279758385,0.2937293729372802
2011-10-25,656.76,659.0999999999999,639.5999999999999,641.22,224814617.49,0.02969121140142665,-0.7969230769230342
2011-10-26,695.58,718.5,685.6800000000001,701.52,604443194.72,0.04718364530320148,0.18098720292503873
2011-10-27,711.0,712.2,689.22,706.4399999999999,410216521.12,0.03232067510548661,-0.19843342036552905
2011-10-28,706.4399999999999,723.972,699.3,712.3199999999999,254447233.6,0.0349244097163255,0.23832684824901718
2011-10-31,712.3199999999999,716.04,697.98,698.16,390720938.68,0.025353773584906952,-0.7840531561461367
2011-11-01,686.22,693.0,679.608,683.76,310478891.8,0.019515607239662256,-0.1836917562723897
2011-11-02,689.64,691.7994,674.9399999999999,680.58,265602583.65,0.024446667826693674,-0.537385672087938
2011-11-03,685.74,689.16,679.2,684.3,314465046.8,0.01452445533292634,-0.14457831325300413
2011-11-04,681.1800000000001,684.24,672.54,680.9399999999999,180579613.5,0.017176076807893695,-0.020512820512829173
2011-11-07,679.5600000000001,687.5999999999999,673.5,684.0600000000001,144338484.16,0.02074871975984591,0.3191489361701922
2011-11-08,685.3199999999999,689.58,674.76,683.52,131989192.96000001,0.021624934337245418,-0.12145748987853083
2011-11-09,672.24,681.0,664.26,667.4399999999999,194848095.23999998,0.024901820778294927,-0.2867383512544671
2011-11-10,674.28,678.42,667.4399999999999,672.48,177904920.24,0.016284036305393906,-0.16393442622948884
2011-11-11,678.3,685.3199999999999,677.16,680.28,127211112.82,0.012030075187971334,0.24264705882350285
2011-11-14,675.42,684.9000000000001,672.12,683.64,147592862.64,0.018921559918274655,0.6431924882628582
2011-11-15,679.38,683.52,673.98,678.42,148012248.23999998,0.014042214960700858,-0.10062893081760371
2011-11-16,673.3199999999999,675.0,661.2,661.74,163249713.94,0.020495455355552982,-0.8391304347825453
2011-11-17,659.0999999999999,666.0594,650.7,657.78,184196269.69,0.02330359581247294,-0.0859408570647197
2011-11-18,655.6800000000001,655.6800000000001,644.4000000000001,645.9000000000001,203427281.5,0.017203513909225466,-0.8670212765956675
2011-11-21,643.08,652.6800000000001,637.83,647.34,178417045.66,0.023091994775146167,0.2868686868686665
2011-11-22,646.08,682.26,644.46,681.0,294808645.5,0.05850668647845606,0.9238095238094993
2011-11-23,674.28,680.28,659.58,659.58,219377737.09,0.030699412706888682,-0.7101449275361967
2011-11-25,653.4000000000001,661.4399999999999,653.4000000000001,655.2,94436378.4,0.012304866850322676,0.22388059701489604
2011-11-28,666.9000000000001,668.58,661.26,666.3,198612258.7,0.010976158344580954,-0.08196721311476098
2011-11-29,664.8,667.6800000000001,660.2436,662.46,174849140.35,0.01118592057761889,-0.314668387929588
2011-11-30,676.62,690.5999999999999,673.26,689.7,216074733.6,0.025627383169283927,0.7543252595155334
2011-12-01,689.7,699.0,685.14,698.88,154514447.36,0.020095693779905745,0.6623376623376103
2011-12-02,702.36,705.3,676.26,679.4399999999999,193051665.23999998,0.041346318127457315,-0.7892561983470838
2011-12-05,689.16,689.9399999999999,669.84,670.74,173789181.16,0.029165941145743918,-0.9164179104477178
2011-12-06,673.86,677.34,667.92,672.84,105428645.28,0.013979164811683523,-0.1082802547770558
2011-12-07,670.3206,674.5649999999999,660.0600000000001,670.5600000000001,112228609.68,0.021638899356518148,0.016504653567737435
2011-12-08,667.92,671.4000000000001,657.12,658.26,93887184.96,0.021379805964787797,-0.6764705882352404
2011-12-09,659.64,680.9399999999999,657.84,677.7,151746969.6,0.03501910132799841,0.7818181818181537
2011-12-12,670.3199999999999,670.38,658.98,662.34,111252256.29,0.01700680272108987,-0.6999999999999316
2011-12-13,665.16,672.24,659.64,660.54,130670885.14,0.018942810752301708,-0.3666666666666373
2011-12-14,658.74,669.5999999999999,654.96,657.78,164253147.5,0.022224246288369994,-0.06557377049180185
2011-12-15,661.3199999999999,663.9000000000001,654.3,658.38,145031457.76,0.014516421702052142,-0.3062499999999576
2011-12-16,663.96,669.54,659.0999999999999,661.74,210664929.0,0.015723838785470567,-0.21264367816090068
2011-12-19,665.28,677.5740000000001,658.8,659.9399999999999,166773767.37,0.0282196969696986,-0.28443592201979945
2011-12-20,669.1800000000001,673.98,663.12,664.38,246034641.09,0.016228817358559723,-0.4419889502762081
2011-12-21,663.0600000000001,671.76,662.88,668.9399999999999,229851463.17,0.013392453171660153,0.6621621621620746
2011-12-22,667.98,671.58,660.24,664.14,97011815.32,0.016976556184318415,-0.33862433862431063
2011-12-23,668.7,668.7,661.02,664.74,81555621.12,0.011484970838942801,-0.5156249999999333
2011-12-27,662.46,674.16,662.46,667.92,85954290.83999999,0.017661443709810272,0.4666666666666229
2011-12-28,669.1800000000001,671.7,658.3199999999999,661.2,93107649.4,0.019994620281540226,-0.5964125560537635
2011-12-29,661.14,664.5600000000001,655.3199999999999,663.84,121751907.12,0.013975859878393546,0.2922077922077616
2011-12-30,662.46,666.54,660.3,660.3,103239665.8,0.009419436645232919,-0.3461538461538033
2012-01-03,668.64,690.0594,668.64,681.0,225951373.5,0.032034278535536254,0.5770469761057471
2012-01-04,682.2,685.74,676.26,682.3199999999999,161224483.04,0.013896218117855472,0.012658227848088394
2012-01-05,682.5,695.7,679.5,691.5600000000001,266515582.74,0.02373626373626523,0.5592592592592269
2012-01-06,690.0,700.4399999999999,686.9406,693.0,203655144.0,0.019564347826088267,0.22223209920439388
2012-01-09,693.9000000000001,699.96,689.22,689.22,175813474.41,0.015477734543883834,-0.43575418994409904
2012-01-10,693.12,697.08,685.92,689.28,167556041.28,0.016101108033242533,-0.34408602150534584
2012-01-11,689.4000000000001,701.7,686.8199999999999,694.26,299348018.34,0.02158398607484927,0.3266129032257754
2012-01-12,694.3199999999999,698.46,689.22,697.8,211318263.0,0.01330798479087596,0.37662337662333745
2012-01-13,696.0,707.88,692.16,696.1800000000001,162994186.77,0.022586206896553166,0.011450381679392614
2012-01-17,705.96,706.74,697.98,701.4000000000001,194748970.5,0.01240863505014587,-0.5205479452054144
2012-01-18,698.58,704.64,697.2,702.9000000000001,212489013.0,0.010650176071460576,0.5806451612902559
2012-01-19,700.98,705.1800000000001,697.62,700.6800000000001,197877170.32,0.010784901138407726,-0.039682539682528106
2012-01-20,702.0,717.36,701.16,708.84,401240654.1,0.02307692307692453,0.42222222222219696
2012-01-23,708.66,709.4993999999999,694.92,697.86,196630894.56,0.020573194479723625,-0.7407712251532463
2012-01-24,695.8199999999999,703.62,695.8199999999999,702.1800000000001,222379352.73,0.01120979563680414,0.81538461538452
2012-01-25,699.54,711.66,698.58,710.0999999999999,218612214.45,0.018698001543872987,0.8073394495412229
2012-01-26,713.46,713.88,703.38,707.0999999999999,194697156.6,0.014717012866875486,-0.6057142857142401
2012-01-27,710.0999999999999,717.0,709.08,711.36,183966113.76,0.011153358681877128,0.15909090909090304
2012-01-30,701.64,703.5600000000001,690.12,699.48,267814687.38,0.01915512228493392,-0.16071428571427074
2012-01-31,696.0,715.8,693.24,707.7,308477583.75,0.032413793103449585,0.518617021276576
2012-02-01,710.76,736.98,710.0999999999999,727.5600000000001,365983900.5,0.03781867296978033,0.6249999999999768
2012-02-02,726.9000000000001,739.38,723.1800000000001,727.5600000000001,183407326.38,0.022286421791169218,0.040740740740736435
2012-02-03,733.4399999999999,736.686,726.36,731.28,146069645.48,0.014078861256545878,-0.20918070889015633
2012-02-06,726.1800000000001,733.6800000000001,721.92,732.54,154235076.1,0.016194331983807164,0.5408163265305529
2012-02-07,731.9399999999999,731.9399999999999,718.08,729.36,147790946.16,0.01893597835888308,-0.1861471861471688
2012-02-08,729.0,732.636,708.12,717.5999999999999,203344398.39999998,0.033629629629630904,-0.4650024473812875
2012-02-09,720.24,720.24,699.7860000000001,706.6800000000001,247471326.96,0.028398867044319837,-0.662951012026954
2012-02-10,701.88,708.96,698.64,708.84,123251681.52,0.014703368097112092,0.6744186046510977
2012-02-13,708.0600000000001,720.12,708.0600000000001,720.0,216249840.0,0.017032454876706675,0.9900497512436985
2012-02-14,711.66,720.48,708.7266,718.2,123219060.3,0.01651547087092297,0.5564347337791183
2012-02-15,720.3,721.02,710.0999999999999,710.9399999999999,116804124.28,0.015160349854228873,-0.8571428571427742
2012-02-16,714.48,722.58,711.24,715.02,111323847.2,0.015871682902252007,0.04761904761904008
2012-02-17,713.16,713.4000000000001,697.3199999999999,698.7,220078272.75,0.022547534915027666,-0.8992537313432143
2012-02-21,698.7,699.72,691.5,694.02,180067884.46,0.011764705882354393,-0.5693430656933672
2012-02-22,692.34,699.9000000000001,691.6800000000001,699.0600000000001,111331363.52000001,0.011872779270302185,0.8175182481750837
2012-02-23,697.38,707.4000000000001,695.4000000000001,700.2,97659344.7,0.01720726146433936,0.23499999999998458
2012-02-24,693.1800000000001,707.4000000000001,693.12,698.34,112292490.05,0.020600709772355036,0.36134453781509634
2012-02-27,692.58,703.38,687.1800000000001,698.4000000000001,97394790.0,0.023390799618817907,0.35925925925924174
2012-02-28,690.1800000000001,701.9399999999999,690.1800000000001,700.08,154863296.64000002,0.017039033295663246,0.8418367346938128
2012-02-29,693.0600000000001,707.76,692.9399999999999,698.8199999999999,183083385.92,0.021383430006061563,0.38866396761130023
2012-03-01,696.0600000000001,713.508,696.0600000000001,712.26,146848187.43,0.025066804585812934,0.9284731774414846
2012-03-02,708.78,715.26,708.48,713.34,118536421.14,0.009565732667401681,0.6725663716813282
2012-03-05,708.96,719.64,701.8199999999999,710.52,141898304.46,0.02513540961408404,0.08754208754207933
2012-03-06,706.98,714.78,697.8,702.1800000000001,92804321.88,0.02401765255028571,-0.2826855123674716
2012-03-07,701.16,704.58,698.64,702.0,85232862.0,0.008471675509157747,0.14141414141412167
2012-03-08,702.78,724.77,702.36,722.52,214604455.86,0.03188764620507262,0.8808567603747951
2012-03-09,725.76,727.02,717.0,723.66,160516471.92,0.013806216931218265,-0.20958083832333502
2012-03-12,724.98,729.84,718.5600000000001,723.1800000000001,104439365.53,0.01555904990482628,-0.1595744680850886
2012-03-13,725.88,733.3199999999999,723.42,733.08,150669199.32000002,0.01363861795338205,0.72727272727266
2012-03-14,730.02,731.58,714.66,724.38,145155007.03,0.023177447193229016,-0.33333333333331144
2012-03-15,723.0,728.88,720.1800000000001,726.3,132607248.75,0.01203319502074816,0.37931034482754034
2012-03-16,722.52,730.14,717.48,720.24,263681904.68,0.017522006311245297,-0.1800947867298419
2012-03-19,720.0,722.88,717.42,719.8199999999999,87912816.3,0.007583333333334762,-0.032967032967038366
2012-03-20,719.0999999999999,719.88,713.52,715.6800000000001,113771291.76,0.008844388819358928,-0.5377358490564937
2012-03-21,713.28,724.8618,711.12,719.64,138211659.6,0.019265646029611082,0.4628214644369402
2012-03-22,718.26,725.76,713.985,724.26,85883354.35,0.016393784980370564,0.5095541401273462
2012-03-23,727.3199999999999,728.22,720.36,725.76,75724346.88,0.0108067975581601,-0.19847328244271556
2012-03-26,732.0600000000001,754.86,731.04,754.8,217269809.0,0.032538316531433235,0.9546599496221199
2012-03-27,758.04,767.0999999999999,754.86,757.38,239834222.94,0.016146905176508998,-0.05392156862744443
2012-03-28,756.96,764.22,746.8050000000001,754.14,161163865.77,0.023006499682943535,-0.16192937123169074
2012-03-29,750.0600000000001,760.3199999999999,750.0600000000001,758.88,119745698.88000001,0.013678905687546147,0.8596491228069378
2012-03-30,764.0999999999999,764.0999999999999,751.08,756.0,168661584.0,0.017039654495486,-0.6221198156681543
2012-04-02,756.66,767.58,750.0,765.78,109045412.81,0.02323368487828221,0.5187713310579901
2012-04-03,760.8,773.22,760.8,772.8000000000001,117358824.80000001,0.016324921135648075,0.9661835748791527
2012-04-04,779.94,780.0,765.3,766.92,194376896.56,0.018847603661821456,-0.8857142857142292
2012-04-05,762.84,772.92,760.3199999999999,771.72,110876099.28,0.01651722510618348,0.7047619047618472
2012-04-09,760.92,765.7068,755.9399999999999,759.66,88622442.04,0.012835514903013576,-0.12900847769994764
2012-04-10,756.96,761.04,746.28,750.12,135895864.85999998,0.019499048826887775,-0.4634146341463125
2012-04-11,754.3199999999999,765.3,750.1800000000001,750.1800000000001,224175539.22,0.020044543429845255,-0.27380952380949924
2012-04-12,752.22,757.14,748.14,753.0,113877696.0,0.01196458482890775,0.086666666666654
2012-04-13,750.48,757.2,748.74,752.04,103501385.10000001,0.011272785417334272,0.18439716312053833
2012-04-16,756.48,760.62,745.38,754.6800000000001,139135571.96,0.020145939086295722,-0.11811023622046164
2012-04-17,756.1800000000001,773.94,756.0600000000001,770.52,168621624.16,0.023645163849878293,0.8020134228187428
2012-04-18,766.74,771.8399999999999,759.12,759.24,113963822.10000001,0.016589717505283274,-0.5896226415093916
2012-04-19,758.4000000000001,772.3799999999999,754.6800000000001,755.7,123276711.25,0.023338607594937753,-0.15254237288135147
2012-04-20,759.9000000000001,773.46,756.96,763.38,162789512.70000002,0.02171338333991443,0.21090909090907237
2012-04-23,761.58,761.8199999999999,749.28,755.0999999999999,78774423.14999999,0.01646576853383879,-0.5167464114832244
2012-04-24,755.0999999999999,773.58,754.98,766.4399999999999,168311118.18,0.024632499006755394,0.6096774193548069
2012-04-25,768.54,784.86,764.4000000000001,775.74,148828563.38,0.02662190647201303,0.3519061583577576
2012-04-26,776.64,785.5194000000001,773.94,784.8000000000001,133282060.80000001,0.014909610630409279,0.7046997253743132
2012-04-27,788.8199999999999,801.24,781.8720000000001,798.96,176126870.35999998,0.02455312999163423,0.5235439900867209
2012-04-30,797.1600000000001,807.0,794.58,804.06,260970001.92,0.015580310100859227,0.5555555555555016
2012-05-01,789.6600000000001,808.02,779.52,790.98,283993063.71000004,0.03609148241015242,0.046315789473680355
2012-05-02,787.14,812.3399999999999,787.14,810.96,204802000.96,0.03201463526183512,0.9452380952380623
2012-05-03,813.1200000000001,815.04,801.54,805.56,170534098.28,0.016602715466353037,-0.5599999999999713
2012-05-04,797.94,799.92,783.1200000000001,785.8199999999999,140158069.38,0.021054214602602723,-0.7214285714285424
2012-05-07,783.06,798.54,780.78,795.06,146836186.14,0.022680254386638274,0.675675675675638
2012-05-08,789.5999999999999,798.348,785.0999999999999,797.58,169336469.61,0.016778115501521064,0.6023550724637304
2012-05-09,794.4000000000001,798.06,786.3000000000001,795.06,187624884.29999998,0.014803625377644588,0.05612244897957527
2012-05-10,800.1600000000001,808.44,797.3399999999999,805.86,118317842.61,0.013872225554890424,0.5135135135134548
2012-05-11,805.6200000000001,825.0,805.3799999999999,820.26,162538210.17000002,0.0243539137558664,0.7461773700305321
2012-05-14,815.22,826.08,813.24,821.22,127868744.45,0.01575034959888253,0.4672897196261307
2012-05-15,817.8000000000001,825.0,815.52,822.24,171484455.84,0.011592076302275624,0.46835443037969027
2012-05-16,826.6200000000001,830.97,817.14,820.8000000000001,190722729.60000002,0.01673078318937483,-0.4208242950108179
2012-05-17,821.58,826.1999999999999,797.22,797.28,201917006.72,0.03527349740743551,-0.8385093167701626
2012-05-18,798.36,799.98,782.76,789.48,241926935.40000004,0.021569216894635257,-0.5156794425086798
2012-05-21,793.1999999999999,796.44,787.86,793.56,195680257.11999997,0.010816944024207048,0.041958041958038456
2012-05-22,793.98,806.58,791.64,793.98,177848344.08,0.018816594876446553,0.0
2012-05-23,791.8199999999999,797.3399999999999,785.28,789.0,197483675.5,0.015230734257787036,-0.23383084577112068
2012-05-24,786.48,795.72,784.98,789.9000000000001,140803492.85,0.013655782728106238,0.318435754189921
2012-05-25,793.5,797.394,786.42,789.36,99613811.44,0.013829867674859523,-0.3772553307818108
2012-05-29,795.24,802.26,787.02,789.24,177016403.42,0.019164025954430095,-0.39370078740154874
2012-05-30,785.52,790.98,781.5,785.04,166451507.84,0.012068438741217291,-0.050632911392401544
2012-05-31,782.8799999999999,788.58,776.8799999999999,784.5,189548144.25,0.014944819129369949,0.13846153846153486
2012-06-01,773.3399999999999,785.04,760.08,760.38,169286567.65,0.03227558383117502,-0.519230769230747
2012-06-04,758.7,785.46,758.34,784.74,197485444.97,0.035745353894821356,0.9601769911504057
2012-06-05,781.56,797.8199999999999,778.74,794.58,209213046.43,0.02441271303546868,0.6823899371068901
2012-06-06,799.1999999999999,804.72,793.3199999999999,804.6600000000001,142383380.01000002,0.014264264264265612,0.47894736842102
2012-06-07,807.6600000000001,812.28,799.14,800.04,168265746.20000002,0.016269222197460527,-0.5799086757990523
2012-06-08,796.26,806.64,793.3799999999999,801.1200000000001,122817303.84,0.016652852083491685,0.36651583710405145
2012-06-11,807.1200000000001,809.3399999999999,792.06,793.56,192591853.85999998,0.021409455842998498,-0.7847222222221881
2012-06-12,797.58,806.94,792.0798,804.9000000000001,162385892.0,0.018631610622133275,0.49259094763189726
2012-06-13,807.6600000000001,817.02,801.8399999999999,805.3199999999999,159718176.06,0.018795037515787635,-0.15415019762845728
2012-06-14,808.02,835.26,806.28,831.96,221479676.76,0.03586544887502906,0.826086956521712
2012-06-15,834.8399999999999,844.08,829.6200000000001,840.06,266624123.21999997,0.017320684202962133,0.3609958506223855
2012-06-18,842.8199999999999,856.02,841.1999999999999,851.76,262121048.28,0.01758382572791466,0.6032388663967221
2012-06-19,853.6800000000001,860.64,851.1600000000001,858.54,170295558.61,0.011104863649143582,0.5126582278480418
2012-06-20,856.56,860.76,852.78,857.0999999999999,218883483.85,0.009316335107874532,0.06766917293231764
2012-06-21,859.02,860.8799999999999,833.94,835.1999999999999,190519699.2,0.0313613187120216,-0.88418708240532
2012-06-22,837.72,852.96,834.9108000000001,850.44,147779399.66,0.02154562383612771,0.7047403763047323
2012-06-25,842.28,853.8000000000001,842.28,852.1800000000001,127948293.62,0.013677161988888591,0.8593749999999262
2012-06-26,852.9000000000001,856.74,849.0,851.8199999999999,122492425.85,0.009074920858249501,-0.139534883720932
2012-06-27,856.1999999999999,862.44,850.56,858.96,115622171.88,0.013875262789069255,0.23232323232321944
2012-06-28,852.06,853.98,829.56,840.6600000000001,156859309.84,0.028659953524400913,-0.46683046683044077
2012-06-29,854.8199999999999,866.28,846.3000000000001,866.28,215167203.92,0.02337334175616022,0.5735735735735494
2012-07-02,861.0,873.96,858.24,873.6600000000001,175122234.8,0.018257839721255525,0.8053435114503342
2012-07-03,873.1800000000001,874.02,868.08,873.78,79848492.11,0.006802721088436443,0.1010101010100697
2012-07-05,868.3199999999999,872.46,863.8799999999999,864.72,112542155.04,0.00988114980652426,-0.4195804195803525
2012-07-06,864.1800000000001,869.52,851.0999999999999,854.76,118432411.48,0.021315003818650105,-0.5114006514657723
2012-07-09,857.64,866.04,849.0,858.96,162485597.88,0.01986847628375652,0.07746478873239293
2012-07-10,866.1600000000001,874.3799999999999,857.4060000000001,862.5,165450931.25,0.019596841230258608,-0.21562389536938292
2012-07-11,859.8000000000001,860.64,841.02,852.0,150526674.0,0.022819260293092555,-0.39755351681955503
2012-07-12,847.6200000000001,857.0999999999999,838.308,855.78,191861026.57999998,0.022170312168189623,0.43422733077902603
2012-07-13,858.96,869.4000000000001,854.0999999999999,867.6600000000001,106044248.32000001,0.01781223805532407,0.5686274509803512
2012-07-16,865.02,872.4000000000001,863.04,871.3199999999999,91592432.3,0.010820559062219506,0.6730769230768372
2012-07-17,876.24,884.94,862.56,875.46,120144774.47,0.025540947685566834,-0.034852546916887134
2012-07-18,875.64,880.02,868.86,869.76,108360789.12,0.012744963683706723,-0.5268817204300614
2012-07-19,869.1600000000001,869.1600000000001,856.44,862.44,126740013.94000001,0.014634819826040098,-0.5283018867924123
2012-07-20,862.6200000000001,866.3399999999999,852.6600000000001,853.26,166165985.55,0.01585866314252025,-0.684210526315757
2012-07-23,852.72,852.72,827.28,835.3799999999999,156932398.35,0.029833943146637842,-0.6816037735848832
2012-07-24,855.1200000000001,856.08,827.76,836.8799999999999,183165693.92,0.03311815885489874,-0.644067796610154
2012-07-25,835.44,863.22,828.5999999999999,860.6999999999999,206577611.14999998,0.04143924159724346,0.729636048526836
2012-07-26,866.64,889.86,865.02,886.5,211275260.25,0.02866242038216676,0.7995169082125277
2012-07-27,894.0,901.3799999999999,889.1999999999999,896.8199999999999,212579073.93,0.01362416107382655,0.23152709359603582
2012-07-30,898.3199999999999,901.74,881.58,883.6800000000001,127313250.4,0.022441891530858654,-0.7261904761904351
2012-07-31,881.6999999999999,888.42,873.96,874.98,133932605.28000002,0.016400136100715557,-0.4647302904563959
2012-08-01,877.8000000000001,887.3399999999999,864.165,865.6800000000001,138820733.36,0.026401230348599824,-0.5229773462782958
2012-08-02,857.28,867.6600000000001,851.28,862.8000000000001,160422273.4,0.019106942889139007,0.33699633699632003
2012-08-03,882.06,887.22,869.5919999999999,870.36,145454418.14000002,0.01998503503163179,-0.6637168141592447
2012-08-06,871.74,877.56,867.432,872.76,102501443.66000001,0.011618143024297287,0.10071090047392262
2012-08-07,876.24,881.52,872.7696000000001,877.08,97585967.32000001,0.00998630512188543,0.09599561162917643
2012-08-08,876.9000000000001,885.42,868.98,870.3000000000001,102829281.15,0.018747861785837518,-0.401459854014577
2012-08-09,869.1600000000001,871.98,856.3199999999999,858.54,171447862.38,0.01801739610658689,-0.6781609195401905
2012-08-10,859.44,877.92,859.44,873.03,128063170.145,0.021502373638649444,0.7353896103895701
2012-08-13,870.36,870.8879999999999,859.08,867.24,85838692.5,0.013566799944851401,-0.2642276422764035
2012-08-14,870.1800000000001,875.4000000000001,865.7280000000001,873.0,74588392.5,0.011114941736193677,0.2915632754342057
2012-08-15,870.1800000000001,885.1200000000001,870.1200000000001,881.22,76059566.9,0.01723781286630465,0.7359999999999485
2012-08-16,884.4000000000001,886.5,875.1120000000001,881.04,68315694.76,0.012876526458617034,-0.2950474183350769
2012-08-17,884.04,884.04,867.72,870.54,130861604.06,0.01846070313560576,-0.8272058823528938
2012-08-20,871.14,871.14,862.8000000000001,868.14,100456386.03,0.009573662097941672,-0.35971223021578774
2012-08-21,865.6200000000001,868.98,859.6800000000001,863.8199999999999,132519921.92999999,0.010743744368199606,-0.19354838709677388
2012-08-22,862.98,874.8000000000001,861.0606,869.52,115806006.75999999,0.015920878815269216,0.4760033189221848
2012-08-23,868.02,874.02,864.78,870.9000000000001,75408473.15,0.010644916015761155,0.3116883116882895
2012-08-24,869.52,886.74,869.22,882.1800000000001,89228831.25,0.02014904775048413,0.7226027397259916
2012-08-27,880.6800000000001,886.1568,877.56,884.3399999999999,100295505.02999999,0.009761547894809715,0.42573981016185275
2012-08-28,881.64,884.22,876.0,878.58,89951656.14,0.009323533415000473,-0.37226277372257455
2012-08-29,882.96,883.26,873.5999999999999,875.3399999999999,100577003.66999999,0.010940472954608442,-0.7888198757763214
2012-08-30,872.1600000000001,877.92,870.0,875.6999999999999,85890845.25,0.009080902586682432,0.4469696969696239
2012-08-31,882.1800000000001,883.6500000000001,873.1800000000001,879.54,92754236.14,0.011868326191934769,-0.2521489971346553
2012-09-04,875.4000000000001,886.14,869.4000000000001,882.42,115167575.6,0.019122686771762477,0.4193548387096471
2012-09-05,883.6800000000001,886.44,873.8399999999999,880.02,91843433.97,0.014258555133081116,-0.2904761904761708
2012-09-06,886.6200000000001,916.5,886.6200000000001,913.14,180718624.26,0.033701021858294246,0.8875502008031823
2012-09-07,918.42,919.1999999999999,903.72,915.0,101583605.0,0.016855033644738667,-0.22093023255812397
2012-09-10,902.1600000000001,912.48,900.0,909.5999999999999,89972629.2,0.01383346634743394,0.5961538461537836
2012-09-11,907.26,912.72,900.0,911.6999999999999,87606924.44999999,0.014020236756829368,0.3490566037735521
2012-09-12,916.08,920.5194000000001,911.0999999999999,913.56,91690819.74,0.01028228975635448,-0.2675329638830253
2012-09-13,911.0999999999999,920.28,907.74,915.0,141361705.0,0.013763582482714247,0.3110047846889786
2012-09-14,914.64,925.44,903.9000000000001,925.44,195789325.44,0.023550249278405645,0.5013927576601479
2012-09-17,924.1800000000001,932.0999999999999,920.64,926.46,246737760.98999998,0.012400181782770574,0.19895287958113342
2012-09-18,928.56,939.1200000000001,926.6999999999999,934.8000000000001,167591723.0,0.013375549237530341,0.50241545893716
2012-09-19,935.76,938.8199999999999,927.54,930.24,165671402.88,0.012054372916133368,-0.48936170212761576
2012-09-20,936.1200000000001,939.39,923.22,936.36,183206637.0,0.01727342648378513,0.014842300556578925
2012-09-21,937.86,938.76,924.1200000000001,927.4499999999999,261356028.29999998,0.015610005757789923,-0.711065573770455
2012-09-24,930.48,930.8399999999999,918.0,926.4000000000001,128338360.80000001,0.013799329378386321,-0.317757009345766
2012-09-25,930.0,933.0,915.8399999999999,916.98,146147355.42000002,0.018451612903226947,-0.7587412587412099
2012-09-26,934.44,943.08,909.1200000000001,909.69,270708127.65500003,0.03634262231925098,-0.7287985865724184
2012-09-27,912.78,918.54,901.56,904.26,262718726.97000003,0.018602511010321215,-0.5017667844522657
2012-09-28,900.0,902.04,887.4000000000001,895.26,197310081.65,0.01626666666666762,-0.32377049180326
2012-10-01,894.96,915.36,894.78,899.64,163310299.74,0.02299544113703519,0.22740524781339716
2012-10-02,899.64,903.6600000000001,894.96,899.5500000000001,113308367.47500001,0.009670534880620066,-0.010344827586196245
2012-10-03,900.0,917.64,894.9000000000001,917.64,161621639.1,0.02526666666666763,0.775725593667515
2012-10-04,918.06,927.33,912.5999999999999,915.42,151917915.82,0.016044702960592027,-0.17922606924642115
2012-10-05,912.0,924.216,911.22,915.1800000000001,147284950.89000002,0.01425000000000106,0.24469067405354136
2012-10-08,916.86,922.1999999999999,906.5999999999999,907.3199999999999,85551656.46,0.017014593285780824,-0.6115384615384264
2012-10-09,906.24,915.648,894.0,896.28,128177600.32,0.02388771186440788,-0.4600886917959888
2012-10-10,897.8399999999999,906.24,882.06,883.74,128247023.19,0.026931301790966138,-0.583126550868457
2012-10-11,891.6600000000001,896.814,881.94,882.5999999999999,150497568.7,0.01668124621492597,-0.6091165792658073
2012-10-12,885.06,898.6800000000001,881.8199999999999,883.1999999999999,159611020.79999998,0.01904955596230889,-0.11032028469750234
2012-10-15,885.0,897.24,881.28,896.4594,148341469.8051,0.018033898305085897,0.7180075187969434
2012-10-16,896.52,919.98,893.94,919.5,149111177.25,0.029045643153528013,0.882488479262641
2012-10-17,918.36,929.46,914.46,922.6800000000001,125081422.62,0.016333464001046412,0.28799999999998416
2012-10-18,912.0,914.94,890.0999999999999,897.36,301868613.68,0.02723684210526438,-0.5893719806763008
2012-10-19,900.1200000000001,908.76,869.04,873.9000000000001,313392483.3,0.04412744967337797,-0.6601208459214337
2012-10-22,871.3799999999999,874.08,859.98,871.8000000000001,152653051.8,0.01618122977346394,0.029787234042564253
2012-10-23,862.56,864.0,846.8399999999999,852.36,149892478.1,0.019894268224820374,-0.594405594405553
2012-10-24,855.54,864.1800000000001,849.48,852.36,235129614.58,0.01718213058419364,-0.21632653061222612
2012-10-25,870.0,878.6999999999999,864.8700000000001,866.58,199510113.66,0.015896551724138848,-0.24728850325377857
2012-10-26,863.8199999999999,867.48,852.1200000000001,857.58,141725671.82,0.017781482253248226,-0.4062499999999694
2012-10-31,858.9000000000001,859.98,817.6800000000001,829.2732,252889626.584,0.04924903946908942,-0.7003971631205543
2012-11-01,835.8000000000001,843.24,829.26,834.1800000000001,161999007.27,0.016726489590812396,-0.11587982832617215
2012-11-02,833.8199999999999,836.28,825.42,830.46,183413873.09,0.013024393754048838,-0.30939226519333207
2012-11-05,828.1200000000001,841.1999999999999,827.4000000000001,837.5999999999999,103922707.2,0.016664251557746246,0.6869565217390734
2012-11-06,840.1800000000001,849.72,836.04,841.8000000000001,138939090.0,0.016282225237450362,0.11842105263157007
2012-11-07,837.72,839.1600000000001,829.5840000000001,830.0999999999999,143538401.7,0.01143102707348638,-0.7957393483708547
2012-11-08,826.6200000000001,828.72,812.8799999999999,813.6600000000001,206419575.16000003,0.019162372069392374,-0.8181818181817613
2012-11-09,811.14,832.86,804.0,828.3000000000001,190164013.05,0.03557955470079268,0.5945945945945765
2012-11-12,831.0,845.6999999999999,829.3199999999999,836.8799999999999,157910468.76,0.019711191335741243,0.35897435897433
2012-11-13,836.1600000000001,843.54,826.3199999999999,828.1200000000001,161581118.16000003,0.02059414466131004,-0.4668989547038028
2012-11-14,828.0,830.64,815.94,817.8000000000001,149675255.3,0.0177536231884069,-0.6938775510203595
2012-11-15,818.64,830.22,813.48,827.58,181017400.98000002,0.020448548812666112,0.5340501792114406
2012-11-16,825.5999999999999,852.0,825.5999999999999,847.4153999999999,331773156.84889996,0.0319767441860478,0.8263409090908732
2012-11-19,851.0999999999999,861.48,839.04,861.1800000000001,205746092.63,0.02636587945012458,0.44919786096255265
2012-11-20,858.5999999999999,889.14,854.46,888.9000000000001,259704727.75,0.04039133473095844,0.87370242214531
2012-11-21,892.14,899.8199999999999,883.74,884.1600000000001,207629945.28000003,0.0180240769385981,-0.4962686567163834
2012-11-23,890.64,899.22,883.92,899.22,56066367.0,0.017178658043655183,0.5607843137254537
2012-11-26,892.1999999999999,896.46,884.5559999999999,894.6600000000001,127187847.80000001,0.013342299932751734,0.20665322580644493
2012-11-27,887.8799999999999,899.6999999999999,885.54,887.28,102967217.32,0.015948101094743608,-0.04237288135592288
2012-11-28,886.44,898.1999999999999,873.474,896.76,97560164.46000001,0.027893596859348467,0.41737442368355443
2012-11-29,900.0,908.9939999999999,897.0,901.8000000000001,111294895.50000001,0.013326666666667668,0.15007503751875362
2012-11-30,904.74,906.0,893.5806,894.54,133515014.97,0.01372703760196408,-0.8212957147687672
2012-12-03,900.24,912.1800000000001,898.0500000000001,903.3000000000001,128112780.75000001,0.015695814449481225,0.21656050955412906
2012-12-04,903.42,914.64,900.5999999999999,911.1600000000001,187954084.8,0.015540944411238475,0.5512820512820177
2012-12-05,914.76,915.96,901.6200000000001,903.3000000000001,110875558.50000001,0.015676242948971207,-0.7991631799162614
2012-12-06,904.44,911.52,903.3000000000001,910.3799999999999,92548016.96,0.009088496749370775,0.722627737226176
2012-12-07,908.76,912.0,902.7149999999999,907.71,115597776.21,0.010217219067741836,-0.11308562197090276
2012-12-10,909.5999999999999,921.72,903.1200000000001,918.8399999999999,111951925.02,0.020448548812665883,0.49677419354836333
2012-12-11,921.06,931.8000000000001,921.06,925.3199999999999,193178439.52,0.011660478144747478,0.3966480446926951
2012-12-12,926.04,927.0,911.8199999999999,914.0999999999999,133008405.75,0.016392380458728616,-0.7865612648220829
2012-12-13,915.6600000000001,922.44,904.74,909.36,101872721.16,0.019330319114082763,-0.35593220338981335
2012-12-14,906.54,915.24,901.125,907.5,110512778.75,0.015570189953009237,0.06801275239107105
2012-12-17,911.1600000000001,918.21,904.47,915.9000000000001,124428068.0,0.015079678651390527,0.34497816593883995
2012-12-18,920.22,924.0,910.92,920.52,125536682.1,0.014213992306188765,0.022935779816508458
2012-12-19,919.6800000000001,921.6600000000001,901.8000000000001,907.86,192987280.33,0.021594467640919657,-0.5951661631419661
2012-12-20,907.3199999999999,911.6999999999999,903.42,907.26,110323572.05000001,0.009125777013623599,-0.007246376811586761
2012-12-21,901.74,906.99,891.36,899.46,298657747.77,0.01733315589859713,-0.14587332053741697
2012-12-24,894.8399999999999,899.4000000000001,892.3199999999999,894.42,53450837.339999996,0.00791202896607343,-0.059322033898289626
2012-12-26,896.0999999999999,896.0999999999999,882.1800000000001,890.58,75365629.36,0.0155339805825252,-0.39655172413789747
2012-12-27,890.3399999999999,897.0,877.98,886.56,158500969.92,0.02136262551384972,-0.19873817034699148
2012-12-28,881.8799999999999,888.36,876.3000000000001,876.3000000000001,104644532.9,0.013675329976868659,-0.46268656716412737
2012-12-31,875.04,882.0,870.24,878.22,135805013.4,0.01343938562808669,0.27040816326528877
2013-01-02,892.3199999999999,905.8799999999999,890.76,900.0,237138900.0,0.016944593867671772,0.5079365079364823
2013-01-03,853.5,894.0,850.3799999999999,887.1600000000001,860041884.5600001,0.051107205623902835,0.7716643741402847
2013-01-04,888.1200000000001,890.6999999999999,874.6200000000001,875.58,223720175.45000002,0.01810566139710939,-0.7798507462686222
2013-01-07,871.74,879.9000000000001,870.48,878.52,164220718.66,0.01080597425838101,0.7197452229298514
2013-01-08,873.1800000000001,879.1200000000001,864.51,866.3399999999999,254127699.51,0.016731945303375146,-0.4681724845995632
2013-01-09,865.1999999999999,881.28,862.1999999999999,864.48,302371042.64000005,0.022052704576977597,-0.03773584905659719
2013-01-10,866.46,868.8000000000001,848.8799999999999,863.46,305024008.77,0.02299009763866902,-0.15060240963854526
2013-01-11,863.94,870.1200000000001,846.204,862.74,257886789.83999997,0.027682477949858942,-0.050175614651278934
2013-01-14,864.6600000000001,866.94,858.9300000000001,863.28,167523368.76,0.009263756852405547,-0.17228464419474887
2013-01-15,849.48,858.36,838.3199999999999,858.06,199035454.58999997,0.02359090266986986,0.4281437125748237
2013-01-16,856.92,859.8000000000001,850.56,856.92,162794948.01999998,0.010782803528918817,0.0
2013-01-17,858.0,865.08,855.1800000000001,862.3199999999999,215531135.2,0.011538461538462663,0.4363636363635868
2013-01-18,861.42,868.08,858.96,865.6800000000001,265241754.96,0.01058717002159341,0.4671052631578548
2013-01-22,864.0,870.0,859.08,869.1600000000001,202190662.76000002,0.012638888888889983,0.47252747252743854
2013-01-23,867.96,872.22,859.98,861.3000000000001,159344375.85000002,0.014102032351722422,-0.5441176470587761
2013-01-24,869.8799999999999,879.42,868.86,878.46,309812637.42,0.012139605462823532,0.8124999999999419
2013-01-25,881.64,884.94,867.3000000000001,877.1999999999999,172946851.39999998,0.02000816659861277,-0.2517006802720979
2013-01-28,897.8399999999999,941.64,886.6200000000001,899.94,448889772.02000004,0.061280406308474575,0.038167938931299585
2013-01-29,897.96,929.76,897.78,923.52,339156101.44,0.03561405853267515,0.7992495309568209
2013-01-30,921.24,936.48,917.52,930.48,266569803.44000003,0.020580956102645362,0.48734177215187263
2013-01-31,927.0,941.22,924.24,936.48,208690353.84,0.018317152103560948,0.5583038869257627
2013-02-01,943.6800000000001,950.3399999999999,930.96,943.8000000000001,182781970.8,0.020536622583927664,0.006191950464396238
2013-02-04,936.9000000000001,943.6200000000001,930.5999999999999,934.3799999999999,187748088.0,0.01389689401216906,-0.19354838709677227
2013-02-05,937.86,945.96,933.3000000000001,944.1600000000001,130617454.80000001,0.013498816454482497,0.49763033175352184
2013-02-06,993.3000000000001,1004.0999999999999,963.6600000000001,965.8799999999999,459074554.02,0.040712775596497316,-0.678041543026697
2013-02-07,969.24,972.1800000000001,952.5,961.8000000000001,191184680.4,0.020304568527919856,-0.37804878048778146
2013-02-08,981.42,994.8000000000001,973.9499999999999,986.64,191400924.64,0.021244727028184786,0.25035971223020353
2013-02-11,987.06,991.6800000000001,978.33,983.76,169890761.12,0.013525013676981145,-0.2471910112359327
2013-02-12,983.8799999999999,995.64,979.92,992.6999999999999,178657708.04999998,0.01597755823881064,0.5610687022900428
2013-02-13,980.3399999999999,1003.74,980.04,995.46,228637418.71,0.024175286125222902,0.6379746835442807
2013-02-14,994.02,994.6200000000001,980.6999999999999,987.54,198094104.99,0.014003742379430166,-0.465517241379272
2013-02-15,992.04,1014.42,986.4000000000001,1012.44,326333373.08000004,0.02824482883754772,0.7280513918629358
2013-02-19,1012.02,1013.4000000000001,994.74,1000.86,188102295.64000002,0.018438370783187153,-0.5980707395498029
2013-02-20,1000.6200000000001,1011.3000000000001,988.3199999999999,988.6200000000001,253825383.91000003,0.02296576122803972,-0.522193211488225
2013-02-21,988.8000000000001,992.8199999999999,971.8199999999999,975.5999999999999,189022174.79999998,0.02123786407767089,-0.6285714285714062
2013-02-22,978.8399999999999,988.02,976.14,986.4000000000001,122750904.0,0.01213681500551774,0.6363636363635976
2013-02-25,984.54,1001.6999999999999,967.5,968.1600000000001,196165674.72000003,0.03473703455420897,-0.4789473684210361
2013-02-26,963.9000000000001,981.1200000000001,962.5206,971.94,223712563.73000002,0.019295985060692137,0.43227200877444744
2013-02-27,978.0,1003.3799999999999,976.44,996.36,171796542.7,0.027546012269939465,0.681514476614679
2013-02-28,993.5999999999999,1012.1166000000001,987.72,998.04,201628531.98,0.024553743961353673,0.18199257273553965
2013-03-01,991.8000000000001,1026.66,986.6999999999999,1012.1999999999999,288626636.9,0.040290381125227974,0.5105105105104923
2013-03-04,1005.8399999999999,1020.1200000000001,995.8799999999999,1019.76,204957993.24,0.024099260319733966,0.574257425742548
2013-03-05,1020.48,1042.32,1020.3000000000001,1027.8600000000001,234892734.36,0.02157808090310525,0.3351498637602098
2013-03-06,1029.24,1035.48,1019.94,1034.6999999999998,185208195.89999998,0.015098519295791993,0.3513513513513173
2013-03-07,1034.6399999999999,1038.0,1026.0,1028.82,166128538.03,0.011598237067966626,-0.4849999999999543
2013-03-08,1034.46,1037.91,1027.32,1034.28,200913716.64,0.010237225218955915,-0.01699716713881437
2013-03-11,1031.1,1045.26,1028.52,1044.84,190191006.22,0.016235088740181355,0.820788530465901
2013-03-12,1046.6399999999999,1058.82,1042.8606,1056.3000000000002,342350527.05,0.015248222884660387,0.6052859130042313
2013-03-13,1053.72,1058.04,1045.3799999999999,1056.9,209875679.0,0.012014576927458026,0.2511848341232063
2013-03-14,1057.1999999999998,1067.46,1055.46,1060.68,184165161.28,0.011350737797957805,0.2899999999999963
2013-03-15,1055.76,1069.08,1054.56,1060.68,362300710.32,0.013753125710389643,0.3388429752065937
2013-03-18,1048.8600000000001,1060.44,1047.18,1053.1200000000001,152827721.28,0.012642297351411034,0.3212669683257672
2013-03-19,1054.68,1065.3000000000002,1048.32,1053.66,217115774.72000003,0.01609967004209924,-0.0600706713780864
2013-03-20,1062.3600000000001,1070.46,1059.84,1068.6,147949272.9,0.009996611318198264,0.5875706214688441
2013-03-21,1063.68,1069.98,1057.08,1059.3000000000002,184973906.70000002,0.012127707581228452,-0.33953488372089236
2013-03-22,1061.28,1073.4,1061.28,1068.0,165407212.0,0.011420171867934106,0.5544554455445055
2013-03-25,1070.8799999999999,1070.8799999999999,1053.78,1057.32,200282664.78,0.015968175705962286,-0.7929824561403056
2013-03-26,1064.52,1068.78,1055.8799999999999,1062.54,218292113.58,0.01211813775222737,-0.1534883720930117
2013-03-27,1059.1200000000001,1105.02,1056.06,1096.08,448695510.44,0.04622705642420216,0.7549019607842938
2013-03-28,1119.6,1157.52,1118.16,1155.708,769498893.864,0.035155412647374845,0.9173780487804712
2013-04-01,1161.96,1180.68,1150.8000000000002,1156.6200000000001,398518433.02000004,0.02571517091810463,-0.178714859437743
2013-04-02,1169.6399999999999,1197.2394,1165.3799999999999,1189.1399999999999,404157173.79,0.027238637529497133,0.6120642573306264
2013-04-03,1190.28,1194.2736,1164.96,1174.44,357031717.40000004,0.024627482609134766,-0.5403635172752376
2013-04-04,1186.56,1193.22,1166.8799999999999,1174.08,234634017.6,0.022198624595470205,-0.47380410022777053
2013-04-05,1158.3000000000002,1163.9394,1150.8000000000002,1159.8600000000001,254736765.53,0.01134369334369402,0.11872688250603916
2013-04-08,1161.6,1169.2794,1153.98,1164.78,137665154.07,0.013170971074380911,0.20785128828580737
2013-04-09,1167.06,1172.58,1153.1999999999998,1159.02,144173974.85999998,0.016605830034446465,-0.4148606811145255
2013-04-10,1162.1399999999999,1190.6399999999999,1159.32,1190.04,175900010.74,0.02695028137745961,0.8908045977011257
2013-04-11,1193.6399999999999,1206.0,1183.08,1201.56,177196456.32,0.019201769377702703,0.34554973821988233
2013-04-12,1215.54,1254.0,1211.4,1242.06,379588233.71,0.035046152327361406,0.6225352112675919
2013-04-15,1241.28,1245.0,1191.0564,1192.5,280040538.75,0.043458043310132304,-0.9042778012590745
2013-04-16,1209.06,1214.8799999999999,1186.44,1212.75,264407191.125,0.023522405835939328,0.12974683544303614
2013-04-17,1200.66,1228.5,1194.0,1224.48,267333983.76000002,0.02873419619209516,0.6904347826086737
2013-04-18,1225.08,1225.08,1187.52,1191.96,194446620.06,0.030659222254873903,-0.8817891373801665
2013-04-19,1185.9,1222.32,1185.0,1219.6200000000001,191595594.09,0.0314697697950931,0.9035369774919394
2013-04-22,1229.16,1300.02,1226.16,1291.1999999999998,576110844.0,0.06008981743629864,0.8399675060925939
2013-04-23,1301.28,1306.8000000000002,1267.3799999999999,1276.56,419428893.96,0.030293249723350298,-0.6270928462709084
2013-04-24,1271.58,1273.8600000000001,1235.46,1237.08,326692416.18,0.03019865049780672,-0.8984374999999745
2013-04-25,1273.3799999999999,1306.02,1272.6006,1296.0,428715288.0,0.026244640248787462,0.6768523671879041
2013-04-26,1295.34,1310.73,1275.18,1281.54,226735396.55,0.027444531937561516,-0.3881856540084271
2013-04-29,1318.26,1350.0,1316.1,1341.66,462053169.35,0.025715716171317547,0.6902654867256441
2013-04-30,1343.6399999999999,1357.08,1309.26,1313.58,354732497.93,0.03558989014914777,-0.6286072772898235
2013-05-01,1292.34,1310.34,1284.0,1285.98,264938456.92000002,0.020381633316310644,-0.24145785876991946
2013-05-02,1288.08,1314.48,1279.56,1303.8000000000002,244343202.3,0.027110117384014233,0.4501718213058354
2013-05-03,1322.34,1335.3000000000002,1307.1,1313.1,201911010.0,0.021325831480558142,-0.32765957446807065
2013-05-06,1330.32,1332.0,1292.34,1294.3799999999999,203251745.34,0.029812375969692297,-0.906202723146724
2013-05-07,1288.8600000000001,1299.72,1269.78,1275.3000000000002,237951212.85000002,0.02322983101345455,-0.45290581162322874
2013-05-08,1272.18,1293.7194,1257.42,1264.26,240525254.29000002,0.028533226430222807,-0.21818542455246867
2013-05-09,1262.4,1272.24,1251.0006,1255.68,215039804.16,0.016824619771863843,-0.3163931184496611
2013-05-10,1264.56,1280.28,1254.3000000000002,1279.32,236347333.74,0.0205446953881198,0.568129330254024
2013-05-13,1299.0,1337.58,1295.6399999999999,1336.44,354869813.48,0.03228637413394998,0.892703862660923
2013-05-14,1340.4,1391.94,1336.5,1379.04,453124273.68,0.041360787824530745,0.6969696969696814
2013-05-15,1372.3799999999999,1385.8799999999999,1347.4805999999999,1362.78,212074687.95,0.027980151270057124,-0.25000390631102715
2013-05-16,1360.08,1373.04,1338.642,1367.94,363110781.39,0.02529115934356868,0.2285016570730833
2013-05-17,1370.6399999999999,1373.16,1347.6,1361.1,282173951.15,0.018648222728069482,-0.37323943661969977
2013-05-20,1356.3000000000002,1406.76,1345.98,1351.08,288509623.2,0.04481309444813163,-0.08588351431392187
2013-05-21,1357.02,1405.1999999999998,1356.0,1387.98,315641225.79,0.03625591369324018,0.6292682926829171
2013-05-22,1393.6200000000001,1432.98,1380.3600000000001,1398.42,327429787.92,0.03775778189176451,0.0912200684150489
2013-05-23,1381.5,1410.6,1356.066,1395.72,286382203.92,0.03947448425624382,0.26075475849928115
2013-05-24,1385.22,1412.4,1376.1,1411.44,194279775.96,0.026205223718976885,0.722314049586754
2013-05-28,1423.3799999999999,1455.84,1417.68,1445.16,349662724.36,0.026809425452093492,0.5707547169811246
2013-05-29,1436.52,1453.08,1430.6399999999999,1433.94,273202613.45,0.015621084287027706,-0.11497326203207693
2013-05-30,1414.92,1446.72,1398.72,1433.34,302887197.65999997,0.03392417945891002,0.38374999999998877
2013-05-31,1423.08,1442.94,1422.06,1424.94,317595614.49,0.014672400708323562,0.08908045977011632
2013-06-03,1404.9,1408.1999999999998,1320.48,1364.34,560316474.1899999,0.06243860773008807,-0.46238030095759014
2013-06-04,1345.32,1350.0,1310.28,1318.44,552663019.98,0.02952457407903027,-0.6767371601208254
2013-06-05,1314.0,1341.6,1259.22,1284.6,500038043.5,0.06269406392694127,-0.35688273852876645
2013-06-06,1286.1,1328.1,1277.22,1327.1399999999999,356586813.51,0.03956146489386583,0.8066037735848909
2013-06-07,1341.42,1368.6,1339.8000000000002,1350.1200000000001,387503341.68,0.021469785749430235,0.3020833333333273
2013-06-10,1354.8600000000001,1359.6,1322.82,1333.1399999999999,226823328.07,0.02714671626588795,-0.5905383360521935
2013-06-11,1317.72,1350.0,1309.8600000000001,1338.18,297030015.82,0.03046170658410045,0.5097159940209166
2013-06-12,1306.1999999999998,1313.4,1224.72,1239.3000000000002,573917351.4,0.06789159393661079,-0.7543978349120302
2013-06-13,1235.16,1265.22,1227.3600000000001,1257.48,421590918.42,0.030651899349072892,0.5895404120443583
2013-06-14,1272.0,1305.9,1250.5259999999998,1271.94,332694562.12,0.04353301886792548,-0.0010835410120262953
2013-06-17,1284.06,1296.0,1239.72,1246.5,342772542.0,0.04382972758282396,-0.6673773987206698
2013-06-18,1262.82,1269.72,1238.58,1264.8000000000002,300911730.0,0.024659096308263313,0.06358381502890738
2013-06-19,1262.82,1267.56,1221.54,1222.8000000000002,247307631.60000002,0.036442248301421384,-0.8696219035201846
2013-06-20,1209.6,1217.82,1186.1999999999998,1197.48,386611407.5,0.026140873015873922,-0.38330170777986916
2013-06-21,1206.06,1217.8793999999998,1167.96,1194.444,700366021.806,0.04139047808566799,-0.23269510450846376
2013-06-24,1186.8000000000002,1221.915,1170.6,1202.76,364855040.94,0.04323811931243766,0.3110201695410597
2013-06-25,1210.5,1213.8600000000001,1180.146,1194.9,238874052.20000002,0.02785130111524258,-0.4627157857269789
2013-06-26,1209.42,1259.22,1201.56,1250.58,307964912.78000003,0.04767574539862168,0.7138397502601297
2013-06-27,1258.8000000000002,1277.8799999999999,1246.92,1252.8600000000001,292469726.5,0.02459485224022941,-0.19186046511627583
2013-06-28,1330.08,1347.78,1290.78,1291.1999999999998,669354636.8,0.04285456513893974,-0.6821052631578847
2013-07-01,1321.5,1342.8000000000002,1306.35,1307.25,331796608.5,0.027582292849036134,-0.3909465020575995
2013-07-02,1304.94,1315.68,1291.32,1299.9,254013675.65,0.01866752494367642,-0.20689655172412688
2013-07-03,1289.94,1312.02,1287.18,1305.0,79081477.5,0.019256709614401367,0.6062801932366904
2013-07-05,1321.6200000000001,1343.6399999999999,1320.72,1329.9,178669848.5,0.01734235256730439,0.3612565445026033
2013-07-08,1340.28,1351.32,1305.0,1308.42,205770852.0,0.034559942698541284,-0.6878238341968751
2013-07-09,1315.1999999999998,1325.52,1294.8600000000001,1315.548,181476557.73000002,0.023312043795621074,0.01135029354208004
2013-07-10,1313.22,1329.06,1298.28,1318.1999999999998,188435811.2,0.0234385708411393,0.16179337231967622
2013-07-11,1335.66,1356.0,1324.98,1339.8000000000002,281553164.2,0.02322447329410251,0.13346228239845162
2013-07-12,1335.1200000000001,1359.24,1315.1399999999999,1358.04,307939870.46,0.033030738809995436,0.5197278911564457
2013-07-15,1368.06,1368.06,1335.0,1345.98,181814081.08,0.0241656067716335,-0.6678765880217572
2013-07-16,1343.6399999999999,1353.18,1320.1860000000001,1337.1,236987826.85,0.024555684558364516,-0.19821785779231926
2013-07-17,1344.3600000000001,1362.72,1339.92,1350.6,230534364.2,0.01695974292600266,0.27368421052629477
2013-07-18,1351.98,1361.94,1335.744,1338.72,181533778.8,0.019376026272578825,-0.5061841502519245
2013-07-19,1345.98,1383.72,1320.6,1381.6200000000001,366322496.53000003,0.04689519903713359,0.5646387832699535
2013-07-22,1408.1399999999999,1408.44,1332.54,1390.02,575913086.4,0.05390089053645308,-0.2387351778656078
2013-07-23,1389.3000000000002,1390.98,1331.46,1335.93,383602502.68,0.04284171885122071,-0.8966733870967614
2013-07-24,1336.3799999999999,1361.82,1327.068,1359.66,329862353.79,0.026004579535761487,0.6698895027624183
2013-07-25,1401.18,1403.82,1333.1999999999998,1364.8799999999999,544210413.12,0.050400376825248054,-0.5140186915887796
2013-07-26,1358.4,1366.56,1308.96,1339.3799999999999,313269150.81,0.042402826855124316,-0.3302083333333317
2013-07-29,1331.16,1344.66,1295.76,1295.76,308630811.56,0.036734877850897754,-0.7239263803680839
2013-07-30,1301.8799999999999,1307.94,1285.2606,1301.58,390035801.40000004,0.017420499585215972,-0.01322786317098078
2013-07-31,1304.94,1330.1999999999998,1296.3600000000001,1308.78,262381814.97,0.025932226769047363,0.1134751773049598
2013-08-01,1312.92,1329.48,1308.18,1321.194,247658255.698,0.016223379946989105,0.38845070422532946
2013-08-02,1322.28,1366.8000000000002,1321.8000000000002,1366.56,349832982.71999997,0.034032126327253664,0.9839999999999774
2013-08-05,1368.0,1374.0,1350.6,1365.42,220688738.34,0.017105263157895522,-0.11025641025640201
2013-08-06,1363.26,1364.16,1330.1999999999998,1330.92,171072242.22,0.024910875401611757,-0.952296819787948
2013-08-07,1323.84,1338.0,1302.78,1306.56,242689164.79999998,0.0266044234952872,-0.4906303236797123
2013-08-08,1318.1999999999998,1319.9994,1295.22,1301.34,175196584.63,0.018797906235776728,-0.6804038838712516
2013-08-09,1288.5,1302.6,1272.06,1274.1,218477359.25,0.02370197904540236,-0.4715127701375127
2013-08-12,1264.74,1264.74,1221.3000000000002,1241.34,405238132.57,0.03434698040704081,-0.5386740331491631
2013-08-13,1241.28,1280.94,1236.9,1267.5,375198167.5,0.035479505027069584,0.5953678474114317
2013-08-14,1265.58,1284.96,1263.9119999999998,1269.1200000000001,223120391.36,0.01663110984686959,0.16818700114025012
2013-08-15,1256.46,1259.16,1234.3799999999999,1239.18,168301710.06,0.019722076309632762,-0.6973365617433066
2013-08-16,1233.66,1253.52,1231.68,1241.34,259304753.94,0.01770341909440275,0.3516483516483294
2013-08-19,1242.9,1259.6999999999998,1241.04,1241.22,132360597.75,0.015013275404297078,-0.09003215434083531
2013-08-20,1240.8600000000001,1255.476,1237.44,1239.3000000000002,152160427.8,0.014535080508680303,-0.08649367930804247
2013-08-21,1233.66,1265.8799999999999,1221.3000000000002,1248.48,207979497.36,0.03613637468994753,0.3324360699865344
2013-08-22,1250.1,1276.6200000000001,1248.06,1268.8799999999999,129514581.6,0.022846172306216425,0.6575630252100562
2013-08-23,1268.94,1273.5,1260.1200000000001,1268.28,129433047.11999999,0.010544233769918886,-0.049327354260092555
2013-08-26,1272.1200000000001,1289.538,1265.91,1274.04,171273444.0,0.018573719460428975,0.081259522600295
2013-08-27,1260.54,1270.26,1244.34,1245.9,150727736.1,0.02056261602170582,-0.5648148148147866
2013-08-28,1249.6200000000001,1267.74,1239.6,1258.26,169776392.67000002,0.022518845729102507,0.3070362473347383
2013-08-29,1255.1399999999999,1302.42,1254.18,1284.78,184079209.93,0.038433959558297065,0.6144278606965066
2013-08-30,1283.94,1287.3600000000001,1265.22,1278.1200000000001,213509732.98000002,0.01724379643908678,-0.2628726287262714
2013-09-03,1296.0,1334.6999999999998,1278.3000000000002,1330.74,271331675.88,0.04351851851851898,0.6159574468085038
2013-09-04,1341.84,1389.9,1338.0,1383.51,439349741.45,0.038678232874262995,0.8028901734103892
2013-09-05,1378.8600000000001,1390.32,1356.1200000000001,1366.1999999999998,244585321.2,0.024803098211566652,-0.3701754385964914
2013-09-06,1377.0,1380.0,1346.58,1351.08,282906018.90000004,0.02427015250544739,-0.7755834829443219
2013-09-09,1356.54,1374.0,1349.6399999999999,1373.1480000000001,201610624.236,0.01795745057278157,0.681773399014754
2013-09-10,1380.0,1382.1,1348.74,1372.164,213193349.37399998,0.0241739130434789,-0.23489208633092928
2013-09-11,1371.0,1419.24,1366.74,1417.6200000000001,288432272.98,0.03829321663019764,0.8879999999999854
2013-09-12,1420.6200000000001,1431.0,1398.4805999999999,1404.66,260380185.43,0.02289099125733913,-0.49078396280372577
2013-09-13,1409.6999999999998,1416.42,1389.2406,1408.26,152664772.4,0.019280272398383324,-0.05298130201548875
2013-09-16,1428.18,1442.25,1417.8600000000001,1437.42,250433541.22,0.017077679284124448,0.3788437884378712
2013-09-17,1433.8799999999999,1446.0,1417.3799999999999,1440.3000000000002,191501327.8,0.019959829274417036,0.22431865828092418
2013-09-18,1475.94,1478.94,1440.3000000000002,1478.076,395695233.268,0.026179926013253148,0.05527950310558796
2013-09-19,1482.18,1493.6999999999998,1467.72,1487.8799999999999,346086343.56,0.01752823543699198,0.2193995381062219
2013-09-20,1489.68,1492.5,1476.3000000000002,1488.78,415535867.09999996,0.010874818753021324,-0.05555555555555837
2013-09-23,1490.4,1490.4,1449.1374,1456.044,257212599.34,0.027685587761675387,-0.832618400197737
2013-09-24,1454.76,1463.82,1445.34,1461.24,202897801.26,0.012703126288873082,0.35064935064933234
2013-09-25,1464.6,1466.16,1447.6200000000001,1449.0720000000001,210673091.208,0.012658746415404173,-0.837540453074379
2013-09-26,1451.6399999999999,1475.28,1448.8799999999999,1458.3000000000002,240434782.0,0.01818632718855989,0.2522727272727286
2013-09-27,1447.3799999999999,1470.96,1430.82,1468.92,273932280.65999997,0.027732869046139287,0.5366218236173294
2013-09-30,1452.0,1467.0,1441.74,1444.56,222574434.16,0.017396694214876704,-0.29453681710212837
2013-10-01,1457.1,1474.5,1451.6999999999998,1469.52,224042529.35999998,0.015647519044678586,0.5447368421052382
2013-10-02,1463.4,1489.92,1461.75,1477.3799999999999,209123877.69,0.019249692496925687,0.4962726304579077
2013-10-03,1468.26,1475.8793999999998,1401.0,1403.04,393555526.08,0.05099873319439388,-0.871000568914806
2013-10-04,1418.34,1448.6999999999998,1412.4,1441.8000000000002,318026717.1,0.025593299208934887,0.6462809917355314
2013-10-07,1424.82,1445.46,1413.54,1419.54,215634750.52,0.022402829831137304,-0.16541353383458007
2013-10-08,1412.22,1426.5,1350.66,1352.994,350969349.588,0.05370268088541506,-0.7809335443037896
2013-10-09,1361.76,1368.9,1326.42,1343.1,320005886.75,0.03119492421572156,-0.4392655367231552
2013-10-10,1369.56,1409.1,1365.0006,1405.02,277493089.19,0.032199684570227524,0.8040925726880493
2013-10-11,1403.82,1431.9,1399.56,1408.8000000000002,210222310.0,0.023037141513870103,0.1539888682745847
2013-10-14,1395.9,1433.82,1386.1200000000001,1433.04,167619345.04,0.034171502256609206,0.7786163522012418
2013-10-15,1426.1399999999999,1434.42,1417.1399999999999,1418.82,181074537.8,0.012116622491481334,-0.4236111111110781
2013-10-16,1419.42,1451.28,1418.1,1447.08,277212533.18,0.023375745022615604,0.833634719710638
2013-10-17,1446.1200000000001,1484.76,1440.3000000000002,1482.606,230474067.912,0.03074433656957983,0.8206477732793345
2013-10-18,1480.1999999999998,1481.16,1449.93,1469.424,274880004.696,0.02109850020267599,-0.3450528338136244
2013-10-21,1471.1399999999999,1479.0,1449.1200000000001,1458.42,188630827.45,0.02031077939557137,-0.4257028112449607
2013-10-22,1465.5,1511.76,1458.1200000000001,1503.6,310813416.2,0.03660184237461674,0.7102908277404789
2013-10-23,1498.8000000000002,1511.028,1484.58,1506.72,249499773.76,0.017646116893515525,0.29945553539018144
2013-10-24,1511.94,1517.94,1490.22,1495.32,257950425.82,0.018334060875432233,-0.5995670995670817
2013-10-25,1503.18,1516.959,1486.53,1513.56,340749276.36,0.020243084660520407,0.34112195602877227
2013-10-28,1502.79,1572.0,1470.18,1526.58,656132734.62,0.06775397760166149,0.23364761343547188
2013-10-29,1535.1,1536.0,1494.78,1526.34,222677488.20999998,0.026851670900919163,-0.2125181950509406
2013-10-30,1522.32,1528.8899999999999,1480.6200000000001,1493.6999999999998,232651243.5,0.031708182248148045,-0.5929148539465439
2013-10-31,1495.3799999999999,1506.0,1465.02,1465.1399999999999,287195033.46999997,0.027404405569153658,-0.7379209370424415
2013-11-01,1473.42,1489.8899999999999,1437.66,1458.6,387340467.8,0.035448141059576194,-0.2837449741527846
2013-11-04,1462.74,1475.6999999999998,1439.1,1440.42,226187472.10999998,0.025021534927602233,-0.6098360655737536
2013-11-05,1427.94,1469.22,1427.94,1464.3600000000001,242901691.24,0.028908777679735105,0.882267441860446
2013-11-06,1471.6200000000001,1475.8799999999999,1425.78,1430.868,251206763.25,0.034044114649162745,-0.8134131736526834
2013-11-07,1438.32,1457.34,1383.18,1387.1399999999999,334044350.29,0.051560153512431726,-0.6901294498381807
2013-11-08,1398.72,1425.24,1381.5,1420.1399999999999,259393778.18,0.031271448181194934,0.48971193415636377
2013-11-11,1417.3799999999999,1424.58,1394.16,1408.74,180893720.71,0.021462134360581375,-0.2840236686390412
2013-11-12,1401.0,1413.78,1386.0,1413.72,233529108.12,0.019828693790150575,0.45788336933043855
2013-11-13,1402.1999999999998,1418.58,1392.66,1416.6,237520613.7,0.018485237483954378,0.555555555555541
2013-11-14,1419.0,1445.04,1419.0,1425.48,161764895.88,0.018350951374207853,0.24884792626727262
2013-11-15,1422.0,1474.8600000000001,1420.8000000000002,1470.54,387175045.34000003,0.03801687763713144,0.8978912319644675
2013-11-18,1469.8799999999999,1484.4,1438.8600000000001,1447.6200000000001,295373832.42,0.030982120989469168,-0.48880105401842977
2013-11-19,1451.82,1492.5,1444.08,1472.76,295402027.98,0.03335124188949115,0.4324659231722344
2013-11-20,1474.02,1499.76,1458.0,1476.72,249673480.56,0.028330687507632846,0.06465517241379265
2013-11-21,1483.8000000000002,1519.32,1471.8600000000001,1514.58,353266949.95,0.03198544278204662,0.6485461441213489
2013-11-22,1668.0,1739.8200000000002,1649.88,1713.696,1341625750.4959998,0.05392086330935312,0.5080720480320144
2013-11-25,1719.2400000000002,1787.88,1707.06,1775.28,807060336.68,0.0470091435750687,0.6933927245731123
2013-11-26,1775.6999999999998,1786.8000000000002,1731.48,1735.1999999999998,458327341.2,0.031153911133638083,-0.7321041214750388
2013-11-27,1756.8000000000002,1775.34,1728.0606000000002,1762.98,276105292.90999997,0.02691222677595665,0.13071231868424193
2013-11-29,1740.0,1772.94,1740.0,1745.8200000000002,149622884.37,0.018931034482759217,0.1766848816029137
2013-12-02,1750.2599999999998,1792.92,1743.12,1769.04,332725170.96,0.028452915566830737,0.3771084337349348
2013-12-03,1765.02,1765.5,1719.3600000000001,1726.56,408464097.36,0.026141346840262914,-0.8335500650194908
2013-12-04,1715.3999999999999,1735.4339999999997,1694.28,1714.92,257302309.5,0.023990905911158187,-0.01166350779996554
2013-12-05,1709.6999999999998,1732.38,1692.72,1709.52,330229118.08000004,0.02319705211440666,-0.004538577912249909
2013-12-06,1737.3000000000002,1757.154,1698.0,1745.3999999999999,353297759.09999996,0.034049386979796786,0.1369307231970711
2013-12-09,1761.1799999999998,1761.66,1708.02,1717.08,340548476.40000004,0.030456852791878784,-0.8221476510066928
2013-12-10,1720.98,1733.3849999999998,1687.7082,1711.38,267416245.58,0.02654115678276372,-0.21017234131987694
2013-12-11,1707.96,1716.12,1663.1399999999999,1668.2400000000002,353104683.12,0.03101946181409459,-0.7497168742921675
2013-12-12,1669.1999999999998,1702.98,1663.3139999999999,1667.22,276092743.48,0.023763479511143753,-0.04991680532445249
2013-12-13,1668.12,1676.46,1629.54,1651.92,321371950.44,0.02812747284368094,-0.3452685421994767
2013-12-16,1663.3200000000002,1701.2400000000002,1639.2599999999998,1641.6000000000001,322383700.8,0.037262823750091045,-0.35043562439495823
2013-12-17,1647.3000000000002,1659.54,1621.62,1629.06,340197685.84,0.02301948643234447,-0.48101265822784073
2013-12-18,1633.1399999999999,1687.5,1624.44,1683.84,524934313.59999996,0.03861273375215898,0.803996194100845
2013-12-19,1673.28,1682.58,1651.02,1663.2599999999998,264943734.70999998,0.018861158921400438,-0.31749049429657505
2013-12-20,1670.7599999999998,1713.2400000000002,1650.1799999999998,1700.04,857813833.3799999,0.037743302449185626,0.46431969552806135
2013-12-23,1705.6799999999998,1710.0,1677.06,1689.66,302995463.40000004,0.019311945968763802,-0.4863387978141846
2013-12-24,1688.6399999999999,1696.08,1670.16,1683.8999999999999,130014480.29999998,0.015349630471859504,-0.18287037037036477
2013-12-26,1684.8600000000001,1693.296,1674.4260000000002,1688.04,174596790.6,0.011199743598875204,0.1685214626390931
2013-12-27,1690.8600000000001,1697.514,1657.8600000000001,1663.02,168969206.91,0.02345197118626069,-0.7020729308518587
2013-12-30,1670.34,1681.1100000000001,1642.62,1677.42,169201914.54,0.02304321275907972,0.18394388152766764
2013-12-31,1679.58,1688.91,1671.6000000000001,1677.432,179106963.084,0.010306147965563376,-0.1240901213171458
2014-01-02,1676.6399999999999,1695.09,1657.2599999999998,1681.98,252921014.57999998,0.022562983109075972,0.14115781126090357
2014-01-03,1678.8000000000002,1685.016,1652.88,1664.3999999999999,181971071.2,0.01914224446032937,-0.4480955937266581
2014-01-06,1668.1799999999998,1676.16,1623.72,1649.8200000000002,280196629.76000005,0.031435456605402916,-0.35011441647595926
2014-01-07,1654.98,1663.02,1640.6999999999998,1641.105,224024781.89249998,0.013486567813509015,-0.6216397849462042
2014-01-08,1659.84,1745.94,1645.5,1740.06,416364166.89,0.06051185656448874,0.7986857825567423
2014-01-09,1752.3000000000002,1781.9994000000002,1728.0,1738.5,382088109.5,0.03081629857901108,-0.2555583950932767
2014-01-10,1749.42,1799.1000000000001,1717.8000000000002,1795.8600000000001,558777648.66,0.04647254518640515,0.5712177121771158
2014-01-13,1796.1000000000001,1817.6999999999998,1689.3000000000002,1702.02,654002319.6800001,0.07148822448638747,-0.7327102803738293
2014-01-14,1708.1999999999998,1804.02,1681.8600000000001,1784.8200000000002,491253856.8000001,0.07151387425360074,0.6272102161100181
2014-01-15,1784.88,1791.7698,1753.92,1780.3200000000002,308101289.04,0.021205795347586917,-0.12047619802481993
2014-01-16,1783.62,1794.78,1750.5,1764.0,309063090.0,0.024825915834090755,-0.4430894308942967
2014-01-17,1761.6000000000001,1793.88,1759.1399999999999,1784.88,420488277.48,0.019720708446867175,0.6701208981001481
2014-01-21,1802.6999999999998,1867.1999999999998,1797.2400000000002,1863.0,556739230.5,0.03880845398568844,0.8619210977701499
2014-01-22,1858.8000000000002,1890.0,1837.92,1863.2400000000002,349427992.58000004,0.028018076178179953,0.08525345622119769
2014-01-23,1843.38,1892.28,1832.88,1889.7599999999998,497240895.28,0.03222341568206275,0.7808080808080636
2014-01-24,1888.6799999999998,1890.78,1818.84,1821.6000000000001,589415112.0,0.03809009466929338,-0.9324437030858872
2014-01-27,1821.66,1823.13,1755.1799999999998,1787.28,451386500.4,0.03730114291360695,-0.5059602649006544
2014-01-28,1814.28,1836.0,1782.12,1833.8999999999999,526859602.74999994,0.02969773133143786,0.3641425389754916
2014-01-29,1794.1799999999998,1910.52,1756.92,1832.7599999999998,847272729.5999999,0.08561013945089169,0.25117187499999805
2014-01-30,1864.3200000000002,1927.5,1860.0,1909.6799999999998,576730680.4399999,0.03620623069001081,0.6719999999999853
2014-01-31,1878.48,1904.6999999999998,1866.0660000000003,1875.84,410463180.15999997,0.020566628337805322,-0.06833359217269921
2014-02-03,1889.04,1901.94,1788.8999999999999,1802.34,662477102.1,0.059839918688858434,-0.7669851380042386
2014-02-04,1794.06,1860.3600000000001,1788.8999999999999,1849.08,659858682.46,0.039831443764423276,0.7699412258606075
2014-02-05,1844.34,1844.34,1764.12,1799.58,566238746.79,0.04349523406747183,-0.5579655946148021
2014-02-06,1811.28,1844.1000000000001,1804.02,1806.06,416782660.14,0.022127997879952926,-0.13023952095808075
2014-02-07,1818.78,1896.12,1808.28,1893.2400000000002,474851728.44000006,0.048296110579619786,0.8476775956284095
2014-02-10,1893.2400000000002,1909.3500000000001,1869.9900000000002,1907.7599999999998,397115506.08,0.020789757241554626,0.36890243902436975
2014-02-11,1885.8600000000001,1919.3999999999999,1878.0,1918.92,500350714.32,0.02195284909802469,0.7985507246376632
2014-02-12,1915.62,1958.04,1911.78,1938.2400000000002,472036708.32000005,0.024148839540201594,0.4889753566796338
2014-02-13,1900.8600000000001,1976.6999999999998,1890.0005999999998,1971.72,430965412.8,0.04561061835169392,0.8173066941639632
2014-02-14,1976.88,1990.44,1962.6000000000001,1969.7400000000002,346623355.05,0.01408279713487966,-0.2564655172413663
2014-02-18,1967.3999999999999,2015.94,1961.7599999999998,2009.88,323844259.86,0.027538883806039072,0.7840531561461652
2014-02-19,2004.72,2012.34,1959.8999999999999,1970.6999999999998,271185727.84999996,0.026158266491081564,-0.648741418764293
2014-02-20,1981.98,2015.28,1939.8600000000001,2010.66,441392817.38,0.038052856234674824,0.3802704852824151
2014-02-21,2018.22,2098.62,2006.8200000000002,2082.66,629897740.12,0.04548562594761754,0.7019607843137181
2014-02-24,2088.8999999999996,2120.82,2073.7200000000003,2073.7799999999997,576546439.89,0.02254775240557274,-0.32101910828024627
2014-02-25,2079.06,2097.2400000000002,2058.66,2077.8,467667761.0,0.018556463016941006,-0.03265940902021043
2014-02-26,2053.02,2118.0,2023.8600000000001,2059.2599999999998,409232278.07,0.04585439985971926,0.06628425748884346
2014-02-27,2055.0,2090.34,2044.62,2063.16,395354410.44,0.022248175182482354,0.17847769028870583
2014-02-28,2076.96,2099.7,2010.12,2044.08,634315498.8000001,0.04313034434943421,-0.3670462156731388
2014-03-03,2044.08,2054.16,1987.3200000000002,2030.28,453547971.38,0.032699307267817626,-0.20646319569120009
2014-03-04,2061.18,2080.44,2046.6000000000001,2058.8999999999996,380050292.09999996,0.016417780106541355,-0.06737588652482678
2014-03-05,2071.38,2077.77,2033.16,2034.0,340106496.0,0.021536367059641823,-0.837928715534619
2014-03-06,2081.16,2118.0,2004.06,2044.1399999999999,760831633.52,0.054748313440581696,-0.3249078462348573
2014-03-07,2050.7400000000002,2057.0994,1942.3200000000002,1972.5,915688086.25,0.05596974750577881,-0.6816554190037553
2014-03-10,1965.8999999999999,2031.6000000000001,1962.045,2028.0,497207126.0,0.03538074164504859,0.8928186327366716
2014-03-11,2029.5,2047.56,2005.1399999999999,2015.94,344598735.78000003,0.02090169992609069,-0.31966053748231027
2014-03-12,1998.3000000000002,2042.25,1993.6799999999998,2037.3000000000002,298570729.15000004,0.024305659810839784,0.8029647930821302
2014-03-13,2046.2400000000002,2055.54,1974.1799999999998,1992.3000000000002,353535627.3,0.039760731878959,-0.6629793510324399
2014-03-14,2000.3999999999999,2040.0,1975.368,1994.94,442359325.56,0.03230953809238204,-0.08447827701447766
2014-03-17,2008.98,2094.0,2005.9206000000001,2073.6000000000004,538899609.6,0.043842845623152445,0.7336562238162354
2014-03-18,2080.8,2124.42,2074.2,2111.64,533732495.36,0.024134948096886405,0.6140979689366571
2014-03-19,2114.94,2153.34,2082.0,2100.06,469694869.46999997,0.03373145337456434,-0.20857863751051123
2014-03-20,2089.62,2119.2,2068.326,2082.2400000000002,475089084.0,0.024346053349413185,-0.14506427644768524
2014-03-21,2130.0,2130.0,1878.48,1911.1799999999998,1829816607.9799998,0.11808450704225393,-0.8699904580152644
2014-03-24,1921.1999999999998,1932.0,1801.92,1875.6000000000001,1171625425.2,0.06770768269831401,-0.35055350553505044
2014-03-25,1896.0,1926.84,1824.0,1870.6799999999998,669879907.4799999,0.05424050632911438,-0.24620770128354666
2014-03-26,1878.48,1903.6799999999998,1835.58,1835.58,603287535.47,0.036252714961032786,-0.6299559471365569
2014-03-27,1839.84,1877.3999999999999,1779.8999999999999,1858.56,625135948.8,0.05299373858596451,0.1919999999999983
2014-03-28,1830.06,1885.1399999999999,1756.02,1764.72,750052176.84,0.07055506376840148,-0.5060408921933044
2014-03-31,1776.66,1841.6399999999999,1776.66,1835.22,596377373.38,0.03657424605720889,0.901200369344402
2014-04-01,1850.52,1898.04,1831.8600000000001,1858.7400000000002,531205587.12000006,0.035762920692562525,0.12420670897552359
2014-04-02,1869.84,1902.0,1839.0,1858.1999999999998,459505606.4,0.03369272237196817,-0.1847619047619034
2014-04-03,1847.94,1853.94,1777.38,1811.16,597305173.14,0.04142991655573282,-0.48040752351096555
2014-04-04,1822.2599999999998,1832.8739999999998,1717.8000000000002,1729.6194,947982484.6276001,0.0631490566658987,-0.8050524010636567
2014-04-07,1718.16,1786.56,1689.54,1765.1399999999999,699053689.62,0.056467383712809585,0.48423005565862004
2014-04-08,1772.88,1775.7599999999998,1705.92,1715.52,715591140.64,0.03939352917287162,-0.8213058419243924
2014-04-09,1728.12,1808.6994,1715.52,1804.08,597966224.84,0.053919519477814586,0.8152016432816613
2014-04-10,1800.6000000000001,1805.46,1707.42,1724.1000000000001,757346269.0500001,0.054448517160946855,-0.7802937576499311
2014-04-11,1709.34,1756.8000000000002,1642.38,1644.0,751331290.0,0.06693811646600502,-0.5710540115364386
2014-04-14,1667.46,1715.94,1644.0,1677.12,525520241.11999995,0.04314346371127404,0.13427856547122205
2014-04-15,1683.3000000000002,1733.04,1632.12,1712.94,534075564.17,0.059953662448761956,0.29369797859690405
2014-04-16,1741.6799999999998,1764.0,1704.42,1748.88,515396684.88000005,0.03420835055808237,0.12084592145015376
2014-04-17,1746.0,1776.0,1738.56,1743.2400000000002,372879036.0,0.02144329896907276,-0.07371794871794032
2014-04-21,1743.6000000000001,1791.42,1741.1999999999998,1787.88,293221557.38,0.028802477632485217,0.8817204301075042
2014-04-22,1803.0,1855.02,1800.0,1837.1999999999998,544426662.0,0.030515806988353277,0.6215921483096911
2014-04-23,1854.0,1866.6000000000001,1772.94,1840.5,795770236.5,0.050517799352751365,-0.14413837283792275
2014-04-24,1842.0,1852.3200000000002,1718.88,1769.04,702787700.16,0.07244299674267154,-0.5467625899280535
2014-04-25,1758.2400000000002,1780.44,1713.48,1714.8600000000001,493771358.01,0.03808353808353865,-0.647849462365583
2014-04-28,1734.96,1754.52,1652.355,1698.72,510196962.24,0.058886083829022516,-0.35472030538833915
2014-04-29,1712.1000000000001,1766.16,1691.97,1745.04,475037988.03999996,0.043332749255301097,0.44399514759400677
2014-04-30,1710.0,1749.3600000000001,1687.92,1722.72,416021949.76,0.03592982456140411,0.2070312499999969
2014-05-01,1722.66,1751.94,1699.8000000000002,1720.5,376428768.5,0.030267144996691656,-0.04142692750287774
2014-05-02,1743.12,1743.66,1680.06,1692.06,362310373.43,0.03648630042682151,-0.8028301886792301
2014-05-05,1683.66,1747.8600000000001,1674.0,1740.3600000000001,341647171.0,0.043868714586080965,0.7676685621445868
2014-05-06,1726.62,1746.54,1713.12,1715.6399999999999,353686620.44,0.019355735483199,-0.32854578096946935
2014-05-07,1717.56,1729.5,1668.6000000000001,1704.0,391761244.0,0.035457276601691255,-0.22266009852216342
2014-05-08,1716.0,1747.6799999999998,1690.92,1697.7599999999998,348098806.79999995,0.0330769230769235,-0.32135306553911186
2014-05-09,1696.5,1721.94,1671.54,1719.8999999999999,310822334.54999995,0.029708222811671715,0.46428571428570153
2014-05-12,1738.6799999999998,1806.0,1728.06,1803.2400000000002,505552158.84000003,0.044827110221547964,0.8283294842186237
2014-05-13,1800.1799999999998,1805.6999999999998,1773.3000000000002,1775.1000000000001,292534113.20000005,0.017998200179982347,-0.7740740740740496
2014-05-14,1769.22,1807.2599999999998,1759.9806,1779.0,305574679.0,0.026723301794011285,0.20685541694691206
2014-05-15,1773.78,1787.8319999999999,1716.0,1737.1799999999998,379039357.61999995,0.04049656665426425,-0.509522218509852
2014-05-16,1730.94,1755.321,1710.06,1747.92,334469153.12,0.026148220042289706,0.3751574202956111
2014-05-19,1734.8999999999999,1760.46,1725.3600000000001,1744.5,224648569.0,0.02023171364343818,0.2735042735042703
2014-05-20,1753.38,1762.8600000000001,1730.58,1738.7400000000002,315570587.77000004,0.01841015638367107,-0.4535315985129903
2014-05-21,1740.72,1780.554,1740.72,1772.13,289144275.06,0.022883634358197204,0.7885223678264609
2014-05-22,1761.42,1819.02,1755.48,1798.1399999999999,327378059.41,0.03607316823926203,0.5779036827195349
2014-05-23,1811.8200000000002,1816.38,1773.06,1798.2599999999998,264715260.98,0.023909659899990693,-0.3130193905817183
2014-05-27,1819.44,1860.3000000000002,1797.0005999999998,1858.62,405319176.03999996,0.03479059490832415,0.6189632129214339
2014-05-28,1866.12,1892.52,1848.2400000000002,1852.8600000000001,358004668.24,0.023728377596296448,-0.2994579945799354
2014-05-29,1889.16,1919.6399999999999,1887.255,1919.1000000000001,565365260.75,0.017142539541383867,0.9245020842982661
2014-05-30,1924.8000000000002,1933.5,1907.58,1916.22,413376559.5,0.013466334164589077,-0.33101851851851083
2014-06-02,1913.58,1920.1799999999998,1863.66,1909.3200000000002,240173044.58,0.029536261875647077,-0.0753715498938377
2014-06-03,1898.22,1913.22,1882.62,1901.16,248813364.42000002,0.016120365394949543,0.09607843137254723
2014-06-04,1895.22,1920.0,1884.06,1915.08,236355662.62,0.018963497641435314,0.5525876460767757
2014-06-05,1921.02,1927.1999999999998,1894.92,1920.78,357557998.95,0.016803573101790054,-0.007434944237918325
2014-06-06,1931.7599999999998,1932.2759999999998,1885.7597999999998,1905.3000000000002,277090636.95,0.024079699341533634,-0.5688340836095596
2014-06-09,1920.0,1928.88,1896.48,1908.96,246633177.76000002,0.01687500000000056,-0.34074074074072813
2014-06-10,1897.1999999999998,1919.04,1875.66,1892.6399999999999,320458019.52,0.02286527514231545,-0.10511756569847516
2014-06-11,1884.2400000000002,1889.94,1848.0,1864.3200000000002,282265816.0,0.02225831104317976,-0.4749642346208768
2014-06-12,1864.3200000000002,1884.42,1848.6000000000001,1858.6799999999998,248674346.09999996,0.019213439752832625,-0.15745393634841373
2014-06-13,1863.0,1868.28,1838.3999999999999,1859.88,239685835.4,0.016038647342995756,-0.1044176706827234
2014-06-16,1857.6000000000001,1877.6999999999998,1840.56,1847.8200000000002,267694607.31000003,0.019993540051680046,-0.26332794830370876
2014-06-17,1841.94,1844.79,1812.06,1828.7400000000002,262250764.49,0.017769308446529748,-0.4032997250228966
2014-06-18,1833.06,1862.16,1827.69,1858.8600000000001,329405172.69,0.018804621779975023,0.7484769364664755
2014-06-19,1864.02,1881.1799999999998,1850.6999999999998,1871.88,322751109.5,0.016351755882448152,0.2578740157480271
2014-06-20,1883.1000000000001,1919.34,1875.0,1917.54,667546808.4,0.023546280070097656,0.7767253044654739
2014-06-23,1908.06,1931.3141999999998,1877.22,1880.7599999999998,278693837.94,0.028350366340681506,-0.5046751777454845
2014-06-24,1881.54,1915.56,1875.96,1885.38,347294851.75,0.02104658949583899,0.09696969696969841
2014-06-25,1878.54,1908.0,1875.48,1888.56,330712666.32,0.017311316234948932,0.3081180811808019
2014-06-26,1894.08,1919.28,1877.22,1911.78,327017934.75,0.022206031424227557,0.4208273894436435
2014-06-27,1911.42,1925.94,1894.0259999999998,1908.78,306924507.01,0.01669648742819537,-0.08272231622485429
2014-06-30,1902.96,1917.72,1890.06,1891.8600000000001,295810283.67,0.014535250346828659,-0.4013015184381589
2014-07-01,1902.1799999999998,1957.38,1891.44,1948.44,383046742.26,0.03466548907043551,0.7015468607825217
2014-07-02,1951.5,1996.6794,1944.06,1986.0,391824229.0,0.02696356648731797,0.6556517178074877
2014-07-03,1984.8000000000002,1997.58,1969.38,1986.8999999999999,232016935.99999997,0.014207980652962918,0.07446808510636954
2014-07-07,1976.3999999999999,1997.8200000000002,1944.0,1954.08,260729963.28,0.027231329690346664,-0.414715719063535
2014-07-08,1944.0,1947.6000000000001,1901.46,1905.54,392368788.63,0.023734567901235123,-0.8335500650194867
2014-07-09,1935.72,1937.2464,1881.672,1920.84,328777697.34,0.028709937387639196,-0.2677491794783182
2014-07-10,1902.6000000000001,1928.4630000000002,1890.0,1914.72,263358247.68,0.020216020182908218,0.31510802589500336
2014-07-11,1920.0,1940.6394,1896.2400000000002,1933.3200000000002,305115273.52000004,0.0231246875000004,0.3000040541088377
2014-07-14,1950.72,1950.72,1914.3600000000001,1918.5,280263113.25,0.01863927165354376,-0.8861386138613649
2014-07-15,1924.56,1930.8600000000001,1871.52,1872.0,433845360.0,0.030833021573762897,-0.8857431749241478
2014-07-16,1882.98,1882.98,1815.3000000000002,1822.44,547879529.72,0.03594302647930451,-0.8945035460992793
2014-07-17,1811.1000000000001,1847.94,1789.8600000000001,1795.7400000000002,494190940.19000006,0.032068908398211526,-0.26446280991734944
2014-07-18,1806.72,1834.92,1791.84,1824.6000000000001,471556922.40000004,0.023844314558980437,0.4150417827297964
2014-07-21,1818.2400000000002,1825.4508,1802.3999999999999,1815.0,310855050.0,0.01267753431890245,-0.1405591129158236
2014-07-22,1831.08,1852.08,1817.6399999999999,1822.02,364237892.51,0.018808571990301375,-0.2630662020905827
2014-07-23,2010.0,2061.516,1986.0,2025.6000000000001,1397839552.0,0.03757014925373186,0.20657873828062814
2014-07-24,2025.6000000000001,2038.98,2011.3200000000002,2020.7400000000002,538820554.09,0.013655213270142593,-0.17570498915400398
2014-07-25,2008.6799999999998,2025.0,1996.59,2012.6999999999998,358465895.4,0.014143616703507313,0.14149947201688945
2014-07-28,2008.08,2030.04,1992.6000000000001,2018.34,334878263.34,0.018644675510936223,0.27403846153845524
2014-07-29,2022.0,2064.414,2014.1999999999998,2050.38,439456920.21000004,0.024833827893175755,0.5651810252120787
2014-07-30,2066.7,2094.0,2058.12,2067.12,448998101.64,0.017361010306285913,0.011705685618730763
2014-07-31,2056.32,2057.1594,2000.0700000000002,2006.34,390232795.60999995,0.02776289682539722,-0.8754690012506614
2014-08-01,1997.58,2026.92,1955.1000000000001,1978.98,432914078.71,0.03595350373952528,-0.25898078529657015
2014-08-04,1980.48,1985.6399999999999,1954.56,1959.3000000000002,323060160.15000004,0.0156931652932627,-0.6814671814671559
2014-08-05,1953.48,1971.3000000000002,1932.8406,1951.38,372254680.47,0.019687634375576496,-0.05460303592879359
2014-08-06,1944.3600000000001,1970.94,1932.0,1951.194,305874374.624,0.02002715546503787,0.17550077041601558
2014-08-07,1956.0,1964.13,1918.8000000000002,1923.6000000000001,279781208.0,0.023174846625767336,-0.7147584381204324
2014-08-08,1925.28,1958.3999999999999,1915.92,1944.3000000000002,387861926.0,0.02206432311144393,0.44774011299434685
2014-08-11,1963.8000000000002,1964.6399999999999,1914.4379999999999,1922.04,314746863.59999996,0.025563703024748433,-0.831839368949432
2014-08-12,1919.7599999999998,1953.84,1902.0,1949.7599999999998,339243941.76,0.02700337542192821,0.5787037037036934
2014-08-13,1953.06,2012.34,1944.78,2007.84,484576455.91999996,0.03459187121747458,0.8108348134991002
2014-08-14,2010.3000000000002,2031.06,2001.96,2022.06,444069651.75,0.014475451425160867,0.40412371134018543
2014-08-15,2035.5,2058.18,1984.1754,2054.82,589875465.0500001,0.03635696389093624,0.26106485272537067
2014-08-18,2085.54,2090.3999999999996,2052.54,2067.6000000000004,421643600.40000004,0.01815357173681668,-0.473851030110916
2014-08-19,2068.92,2090.94,2059.7400000000002,2075.04,282117596.64,0.015080331767299268,0.19615384615383752
2014-08-20,2062.08,2072.7599999999998,2044.02,2055.48,239824499.32,0.013937383612663315,-0.22964509394571087
2014-08-21,2056.38,2066.5194,2023.1399999999999,2031.8999999999999,224745411.14999998,0.021095031074023888,-0.564323157996642
2014-08-22,2039.04,2051.388,2022.0,2039.8200000000002,230273579.95000002,0.01441266478342794,0.026541445487960245
2014-08-25,2055.2400000000002,2074.5,2046.4806,2056.2,246456474.7,0.013633152332574729,0.034261975631153796
2014-08-26,2060.34,2061.6000000000004,2040.06,2057.94,284503688.19,0.010454585165555882,-0.11142061281336736
2014-08-27,2060.7599999999998,2062.56,2031.2400000000002,2060.16,333763431.36,0.015198276364060199,-0.01915708812260203
2014-08-28,2046.84,2062.98,2037.12,2047.44,219675979.92000002,0.012634109163393872,0.023201856148496146
2014-08-29,2061.7799999999997,2061.7799999999997,2035.08,2058.2400000000002,240150983.68,0.012949975264092584,-0.1325842696628989
2014-09-02,2072.82,2086.734,2043.6000000000001,2056.08,245219066.56,0.02080933221408553,-0.38809291973848775
2014-09-03,2060.2200000000003,2074.86,2053.02,2064.7200000000003,253168739.88,0.010600809622273898,0.20604395604394526
2014-09-04,2066.2200000000003,2066.64,2002.6799999999998,2008.98,277126067.46,0.030955077387693954,-0.8949343339587134
2014-09-05,2010.2400000000002,2014.5,1926.0,1982.88,631316935.44,0.044024594078319476,-0.3091525423728793
2014-09-08,1975.6799999999998,1991.1000000000001,1960.44,1987.8600000000001,307182349.25,0.015518707482993738,0.3972602739725982
2014-09-09,1984.44,1984.44,1956.1799999999998,1960.98,274808468.9,0.01424079337243817,-0.8301486199575027
2014-09-10,1955.94,1998.0,1955.94,1992.48,269353408.8,0.021503727108193975,0.8687589158345017
2014-09-11,1982.46,1996.8600000000001,1948.44,1962.66,302742267.66,0.024424200236070868,-0.40892193308549185
2014-09-12,1963.8600000000001,1968.96,1926.6642000000002,1940.34,259011782.53,0.021537074944242895,-0.5560835827670767
2014-09-15,1940.3999999999999,1943.8200000000002,1894.2599999999998,1920.72,340225776.84000003,0.025541125541126253,-0.3970944309927215
2014-09-16,1916.52,1972.5,1912.1399999999999,1961.28,324011954.88,0.031494583933379824,0.7415506958250356
2014-09-17,1970.52,1985.88,1936.1399999999999,1965.48,356576398.85999995,0.025242068083552168,-0.10132689987936948
2014-09-18,1973.16,1981.8000000000002,1952.16,1979.94,210170960.99,0.015021589734233962,0.22874493927124567
2014-09-19,1977.06,2008.92,1964.94,1975.44,573648350.84,0.022245151892204083,-0.036834924965890255
2014-09-22,1964.16,1982.04,1950.06,1978.56,338638128.48,0.016281769305963364,0.45028142589116343
2014-09-23,1971.06,2009.6999999999998,1966.08,1993.44,343820889.68,0.02213022434629127,0.5130674002750951
2014-09-24,2000.3999999999999,2086.5,1998.6839999999997,2077.8,546873497.0,0.043899220155969414,0.8813883574747109
2014-09-25,2064.3,2073.8994000000002,1998.3600000000001,2000.3999999999999,517378788.4,0.03659322772852835,-0.8459161708988869
2014-09-26,2003.22,2008.7400000000002,1972.08,2001.2400000000002,358747619.04,0.018300536136820367,-0.05400981996725914
2014-09-29,1978.1999999999998,2001.0,1961.1000000000001,1980.96,264430426.56000003,0.020169851380042892,0.06917293233083104
2014-09-30,1981.38,1994.3999999999999,1962.48,1984.8600000000001,349047886.11,0.016109983950580317,0.10902255639097513
2014-10-01,1985.8200000000002,1986.8999999999999,1931.88,1941.0,311050749.5,0.02770643865002907,-0.8146128680479743
2014-10-02,1935.6000000000001,1946.6999999999998,1905.1799999999998,1919.04,358348416.15999997,0.021450712957223065,-0.39884393063583284
2014-10-03,1939.98,1986.06,1929.78,1962.54,425018129.28,0.029010608356787673,0.4008528784648109
2014-10-06,1986.3000000000002,1986.3000000000002,1944.06,1950.42,234789934.25,0.021265669838393605,-0.8494318181817959
2014-10-07,1950.0,1950.0,1894.92,1895.52,331266445.84000003,0.02824615384615431,-0.9891067538126198
2014-10-08,1893.96,1954.6799999999998,1872.0,1947.54,412715535.82,0.0436545650383328,0.6480406386066689
2014-10-09,1940.1000000000001,1952.04,1906.44,1915.1399999999999,364497424.55,0.023503943095717173,-0.5473684210526264
2014-10-10,1910.3999999999999,1946.52,1890.48,1890.84,462679408.94,0.02933417085427185,-0.3490364025695862
2014-10-13,1888.7400000000002,1894.5,1805.94,1810.44,694487499.66,0.04688840179167111,-0.8841463414634073
2014-10-14,1850.16,1862.3999999999999,1776.3600000000001,1809.48,529119697.35999995,0.046504086133091566,-0.47280334728033147
2014-10-15,1783.7400000000002,1867.1999999999998,1771.62,1834.1399999999999,675476773.51,0.053584042517407726,0.5273069679849252
2014-10-16,1799.46,1854.0,1779.3000000000002,1816.44,419101449.14,0.041512453736121266,0.22730923694778893
2014-10-17,1832.16,1882.3200000000002,1828.5,1840.2599999999998,546606600.31,0.0293751637411586,0.1505016722407935
2014-10-20,1831.44,1928.88,1831.44,1868.46,471399067.37000006,0.05320403616826159,0.37992610837437996
2014-10-21,1925.8200000000002,1961.3999999999999,1896.1799999999998,1960.62,604741475.28,0.033866093404368525,0.5335786568537133
2014-10-22,1800.0,1889.6999999999998,1745.1000000000001,1854.42,2184149784.15,0.08033333333333367,0.37634854771784104
2014-10-23,1884.0,1916.1000000000001,1866.0,1896.3600000000001,671978642.66,0.02659235668789868,0.24670658682634425
2014-10-24,1894.3200000000002,1932.0,1891.8000000000002,1930.02,405764831.44,0.021221335360446385,0.8880597014925147
2014-10-27,1931.34,1938.72,1902.0059999999999,1919.88,356713704.0,0.019009599552642805,-0.31214250694556417
2014-10-28,1927.2599999999998,1927.3200000000002,1889.3999999999999,1908.1799999999998,522080910.27,0.019675601631332196,-0.5031645569620061
2014-10-29,1907.6399999999999,1925.94,1875.3600000000001,1890.3600000000001,475361582.82,0.026514436686167677,-0.34163701067614527
2014-10-30,1890.54,1942.3200000000002,1883.46,1926.0,348050028.0,0.031133961725221947,0.6024464831804172
2014-10-31,1980.0,1983.0,1911.96,1926.48,545547028.0,0.03587878787878834,-0.753378378378368
2014-11-03,1924.6799999999998,1939.1999999999998,1917.9605999999999,1927.5,384236202.5,0.011035288983104165,0.1327721122065614
2014-11-04,1919.3999999999999,1943.28,1914.1799999999998,1932.3600000000001,364137783.12,0.0151609878086908,0.44536082474225974
2014-11-05,1947.42,1949.16,1911.0,1917.3000000000002,324686766.25,0.019595156668823912,-0.7893081761006037
2014-11-06,1925.16,1945.8000000000002,1921.62,1940.8200000000002,445408485.90000004,0.012559995013402147,0.6476426799007132
2014-11-07,1947.96,1950.0,1917.72,1924.5,348947453.25,0.016571182159798435,-0.7267657992564848
2014-11-10,1921.1399999999999,1967.3999999999999,1914.0,1967.22,394560069.48,0.027795996127299855,0.8629213483145957
2014-11-11,1966.2599999999998,1982.22,1935.8999999999999,1947.54,274670979.31,0.023557413566873735,-0.40414507772019276
2014-11-12,1942.8000000000002,1942.8000000000002,1917.3000000000002,1926.12,242997694.1,0.013125386040766412,-0.6541176470588094
2014-11-13,1933.5,1933.5,1886.0087999999998,1907.88,357669627.64000005,0.024562296353763197,-0.5394683646654382
2014-11-14,1907.7599999999998,1908.12,1802.1000000000001,1832.58,780903571.0500001,0.05557302805384362,-0.7091114883984089
2014-11-17,1830.0,1851.8999999999999,1811.16,1814.52,420394646.84000003,0.02226229508196763,-0.3799705449189917
2014-11-18,1834.08,1841.88,1818.12,1833.3600000000001,502109636.64,0.012954723894269174,-0.03030303030302033
2014-11-19,1827.6000000000001,1833.0,1812.6000000000001,1821.66,594102529.95,0.01116217990807663,-0.29117647058822566
2014-11-20,1800.6000000000001,1823.88,1786.98,1794.6000000000001,529718363.1,0.020493168943686035,-0.16260162601625536
2014-11-21,1831.6799999999998,1831.6799999999998,1807.92,1821.3000000000002,554891828.4,0.012971698113207957,-0.4368686868686583
2014-11-24,1833.66,1853.04,1828.6799999999998,1840.44,425816774.74,0.013284905598639395,0.27832512315269536
2014-11-25,1842.0,1845.84,1814.6999999999998,1832.3999999999999,590103347.4,0.016905537459283977,-0.30828516377648674
2014-11-26,1830.0,1834.98,1808.34,1829.52,331091283.6,0.014557377049180921,-0.01801801801801796
2014-11-28,1845.48,1861.23,1835.8200000000002,1846.1399999999999,261265425.10999998,0.013768775603095584,0.025974025974019377
2014-12-01,1838.58,1862.8476,1836.66,1850.6399999999999,353497532.08,0.014243383480730216,0.46052330110432027
2014-12-02,2013.8999999999999,2019.8999999999999,1940.46,1969.62,2036964262.2299998,0.039445851333234416,-0.5574018126888156
2014-12-03,1971.12,2086.44,1971.12,2084.04,1623174005.04,0.058504809448435974,0.9791883454734559
2014-12-04,2075.2799999999997,2105.3658,2025.2400000000002,2047.08,865968064.08,0.03860963339886703,-0.3519465640280601
2014-12-05,2051.94,2075.5589999999997,2038.2599999999998,2045.22,497674972.18,0.018177432088658033,-0.1801656880881485
2014-12-08,2051.7,2083.68,2045.3999999999999,2064.3,480476490.55,0.01865769849393233,0.3291536050156751
2014-12-09,2042.3999999999999,2088.36,2025.42,2085.66,450353782.92,0.030816686251469366,0.6873212583412657
2014-12-10,2081.1000000000004,2099.2799999999997,2055.7200000000003,2061.54,499423870.14,0.020931238287444365,-0.4490358126721804
2014-12-11,2069.2200000000003,2108.2799999999997,2051.16,2053.98,503791656.15,0.02760460463363048,-0.2668067226890756
2014-12-12,2035.38,2099.88,2031.0,2066.94,538028271.39,0.03384134657901771,0.4581881533100964
2014-12-15,2079.0,2079.8999999999996,1998.72,2014.8000000000002,471192881.0,0.039047619047619324,-0.7908351810790754
2014-12-16,2000.28,2038.98,1948.1399999999999,1950.78,597028741.01,0.04541364209010793,-0.5449141347423974
2014-12-17,1959.0,2002.38,1934.1000000000001,1997.34,549516835.9399999,0.03485451761102651,0.5615114235500788
2014-12-18,2036.16,2122.2,2026.2599999999998,2122.2,848736397.8,0.047118104667610114,0.8968105065665916
2014-12-19,2059.68,2171.58,2058.36,2164.02,1319987279.4,0.054969704031694606,0.9215686274509752
2014-12-22,2112.0,2139.8999999999996,2071.3806,2113.7400000000002,763917613.86,0.03244289772727303,0.02539426790077291
2014-12-23,2121.36,2122.7400000000002,1972.08,2014.56,884675221.4399999,0.07102047742957406,-0.7088809239346825
2014-12-24,2013.1799999999998,2061.7200000000003,2009.88,2045.31,329392743.995,0.025750305486842272,0.6197916666666551
2014-12-26,2057.52,2073.3,2028.12,2054.3999999999996,389900467.2,0.021958474279716006,-0.06905710491368429
2014-12-29,2051.58,2075.94,2035.7400000000002,2060.58,424648790.99,0.019594653876524825,0.2238805970149208
2014-12-30,2049.06,2070.06,2036.5535999999997,2053.14,319447026.03,0.0163520833943375,0.12176778167752368
2014-12-31,2063.52,2091.0,2035.98,2036.6999999999998,294732214.8,0.02666317748313608,-0.48745910577971074
2015-01-02,2057.04,2081.94,2041.98,2052.06,333938906.01,0.019425971298565426,-0.12462462462462184
2015-01-05,2035.62,2052.0,2010.78,2020.44,421601847.40000004,0.020249358917676683,-0.36826783114991407
2015-01-06,2039.88,2079.84,2006.3999999999999,2007.8999999999999,635210877.75,0.036002117771634236,-0.43545751633986507
2015-01-07,2028.54,2124.0,2028.27,2119.44,877154264.32,0.04719157620751919,0.9495455969915296
2015-01-08,2156.52,2160.0,2050.263,2101.5,1501470963.75,0.050886149908185886,-0.5013805735531265
2015-01-09,2098.68,2112.48,2029.44,2054.04,876150761.9999999,0.03956772828635186,-0.5375722543352524
2015-01-12,2073.0,2100.0,2062.2599999999998,2087.04,659751606.4,0.018205499276411588,0.3720190779014177
2015-01-13,2116.86,2171.46,2090.1000000000004,2116.44,877522232.94,0.03843428474249626,-0.005162241887906456
2015-01-14,2088.0,2133.66,2085.12,2092.5,498280398.75,0.023247126436782062,0.09270704573547406
2015-01-15,2100.2400000000002,2127.3,2037.9719999999998,2039.28,566152051.08,0.04253228202491209,-0.6824288017194977
2015-01-16,2036.22,2120.64,2036.1006,2116.5,589867139.0,0.041517812417126265,0.9496163918835375
2015-01-20,2127.0,2191.14,2103.84,2179.68,753620363.92,0.04104372355430216,0.6034364261168316
2015-01-21,2168.46,2197.02,2149.32,2170.95,483746637.47499996,0.02199717772059471,0.05220125786162975
2015-01-22,2184.0,2184.0,2096.94,2121.8999999999996,821235066.8499999,0.03986263736263777,-0.7133011716057855
2015-01-23,2117.88,2159.2200000000003,2112.18,2145.18,385273255.40999997,0.022210890135419097,0.5803571428571196
2015-01-26,2145.7799999999997,2177.04,2132.7,2174.64,482184739.4,0.020663814556944857,0.6508795669823947
2015-01-27,2149.68,2188.56,2142.7799999999997,2147.34,517129576.59999996,0.02129619292173774,-0.051114023591079714
2015-01-28,2161.7400000000002,2168.2799999999997,2103.0,2107.08,521530043.22,0.030197896139221508,-0.8373161764705834
2015-01-29,2109.18,2127.6342,2074.56,2119.5,595633900.5,0.025163428441385277,0.1944447584702165
2015-01-30,2236.5,2382.0,2236.5,2334.96,1568152131.1200001,0.06505700871898097,0.6767010309278306
2015-02-02,2334.18,2369.88,2292.0,2340.0,714552150.0,0.03336503611546714,0.07473035439137238
2015-02-03,2344.38,2373.0,2318.04,2363.34,701689038.26,0.02344329844137939,0.34497816593885877
2015-02-04,2331.6000000000004,2366.88,2288.16,2346.7200000000003,847163964.4,0.033762223365929496,0.19207317073170288
2015-02-05,2362.2,2414.3999999999996,2340.66,2410.7400000000002,633313049.9100001,0.031216662433325187,0.6582587469487375
2015-02-06,2401.8,2447.64,2394.0,2412.0,658988550.0,0.022333250062453514,0.19015659955256622
2015-02-09,2388.3,2417.0394,2378.784,2381.2799999999997,571815972.64,0.016017836955156805,-0.18350350538748128
2015-02-10,2388.3,2405.1839999999997,2364.36,2370.7799999999997,715832522.9399999,0.017093329983670642,-0.42915931804821117
2015-02-11,2369.16,2381.16,2331.18,2340.0,688865190.0,0.02109608468824436,-0.5834333733493249
2015-02-12,2368.14,2370.0,2316.84,2352.66,688208337.51,0.022447997162330285,-0.2911963882618467
2015-02-13,2350.08,2366.34,2323.44,2349.96,462182299.6,0.01825469771241876,-0.002797202797200182
2015-02-17,2334.66,2413.7400000000002,2332.02,2387.46,525423442.78000003,0.03500295546246615,0.6461086637298015
2015-02-18,2380.98,2411.2200000000003,2379.12,2406.7200000000003,314005159.52,0.013481843610614686,0.8018691588784779
2015-02-19,2406.2400000000002,2449.44,2403.36,2440.38,465410970.75,0.019150209455416296,0.740885416666649
2015-02-20,2438.3999999999996,2454.18,2420.16,2448.3,385960213.25,0.013951771653543707,0.29100529100529865
2015-02-23,2449.5,2467.92,2437.38,2451.48,389944257.62,0.012467850581751766,0.06483300589390818
2015-02-24,2461.5,2464.44,2416.98,2429.34,345827076.14,0.019280926264473298,-0.6776232616940403
2015-02-25,2431.92,2472.12,2403.42,2453.64,455891628.21999997,0.028249284515938347,0.316157205240168
2015-02-26,2452.92,2470.62,2436.39,2460.6000000000004,354236998.20000005,0.013954796732058529,0.22436459246275378
2015-02-27,2461.38,2467.86,2434.8,2457.54,561556491.39,0.013431489652146736,-0.11615245009074518
2015-03-02,2464.02,2500.92,2438.3999999999996,2494.7400000000002,560176403.82,0.025373170672316547,0.4913627639155398
2015-03-03,2490.0,2491.02,2442.7200000000003,2476.7400000000002,510089556.48,0.01939759036144607,-0.27453416149067417
2015-03-04,2465.7,2503.08,2436.6000000000004,2484.7799999999997,631105545.03,0.026961917508212897,0.2870036101082997
2015-03-05,2504.52,2554.2,2502.54,2553.66,786102095.61,0.020626706913900002,0.9512195121951037
2015-03-06,2545.38,2545.38,2497.44,2505.7799999999997,686318107.3199999,0.018834122999316815,-0.8260325406758342
2015-03-09,2503.38,2505.8999999999996,2469.6000000000004,2493.06,629960528.14,0.014500395465330976,-0.2842975206611594
2015-03-10,2458.02,2522.64,2457.66,2485.2,580015443.4,0.026435911831474517,0.41828254847644525
2015-03-11,2491.86,2497.44,2445.06,2448.66,582269310.0600001,0.021020442560978982,-0.8247422680412249
2015-03-12,2468.94,2468.94,2436.12,2445.84,633266294.16,0.013293154147124333,-0.7038391224862611
2015-03-13,2442.54,2500.1994,2442.54,2480.1000000000004,721347418.75,0.023606327839053195,0.651411565156761
2015-03-16,2492.7599999999998,2534.1978,2485.3206,2527.92,657505672.2,0.01960766379434879,0.719353809137996
2015-03-17,2520.6000000000004,2558.88,2505.0,2556.7200000000003,838823611.8,0.021375862889788575,0.670378619153659
2015-03-18,2550.0,2586.0,2502.3,2567.58,867052081.22,0.032823529411765015,0.2100358422939039
2015-03-19,2608.77,2639.3999999999996,2587.98,2601.8999999999996,1067635025.0999999,0.019710438252510034,-0.13360560093349402
2015-03-20,2855.52,2881.08,2736.36,2855.88,5059210459.2,0.05068078668683838,0.0024875621890555924
2015-03-23,2796.42,2844.0,2763.0,2782.38,1721335153.8200002,0.028965606024846397,-0.17333333333333076
2015-03-24,2777.94,2805.84,2712.06,2716.2599999999998,1122629352.58,0.03375882848441693,-0.6577095329494509
2015-03-25,2694.36,2701.5,2588.34,2589.7799999999997,1614750706.3899999,0.04199884202556481,-0.924178154825023
2015-03-26,2566.8,2597.2799999999997,2522.46,2573.58,1438636367.16,0.029149135109864683,0.09061748195669181
2015-03-27,2580.7200000000003,2620.02,2576.16,2579.2200000000003,798328341.9300001,0.01699525713754344,-0.0341997264021879
2015-03-30,2602.08,2622.0,2571.6000000000004,2589.7200000000003,690486684.72,0.01936912008854479,-0.24523809523808562
2015-03-31,2580.96,2603.88,2532.6000000000004,2533.44,761895345.12,0.02761763064906109,-0.6666666666666595
2015-04-01,2539.2,2540.82,2445.3,2482.86,1121967191.1,0.0376181474480155,-0.5898241206030058
2015-04-02,2492.3999999999996,2498.88,2463.84,2474.64,701677572.96,0.01405873856523871,-0.5068493150684724
2015-04-06,2452.5,2520.54,2449.2599999999998,2480.52,773676255.1,0.029064220183486714,0.39309764309763623
2015-04-07,2493.0,2552.2200000000003,2490.75,2508.54,655213924.4,0.02465703971119183,0.2528062469497258
2015-04-08,2515.8,2565.0299999999997,2508.6000000000004,2552.16,654503133.44,0.022430240877653374,0.6443381180223183
2015-04-09,2547.6000000000004,2590.68,2516.88,2559.7799999999997,572281055.37,0.0289684408855396,0.16504065040649407
2015-04-10,2556.96,2572.98,2523.0,2553.8999999999996,452520007.54999995,0.0195466491458611,-0.061224489795925124
2015-04-13,2560.2,2594.82,2535.12,2540.16,534641869.44,0.023318490742911202,-0.3356783919597912
2015-04-14,2543.94,2558.88,2506.2599999999998,2541.42,576163210.35,0.02068445010495583,-0.047890535917900365
2015-04-15,2584.56,2596.44,2547.42,2585.7599999999998,878298634.8,0.018966477853097227,0.024479804161562504
2015-04-16,2568.84,2597.2799999999997,2568.0,2571.8999999999996,474035462.0,0.011398140795067319,0.10450819672129143
2015-04-17,2544.0,2561.94,2501.04,2516.64,770486113.6,0.02393867924528344,-0.4492610837438364
2015-04-20,2547.96,2548.62,2514.0,2537.52,500355806.16,0.013587340460604122,-0.30155979202772343
2015-04-21,2551.14,2557.02,2521.02,2532.66,516806157.40000004,0.014111338460453362,-0.5133333333333195
2015-04-22,2543.2799999999997,2555.7599999999998,2511.3,2541.42,549077603.13,0.017481362649806775,-0.0418353576248234
2015-04-23,2538.0,2591.0448,2526.0,2581.68,828129796.4,0.025628368794326672,0.6715371559294376
2015-04-24,2460.0,2465.2200000000003,2370.0,2410.2599999999998,2442949151.25,0.038707317073171224,-0.5223692501575256
2015-04-27,2410.5,2420.7,2328.48,2335.62,1335018592.8799999,0.03825762289981363,-0.8119713728041581
2015-04-28,2332.8,2351.2200000000003,2246.16,2248.08,1844176458.72,0.04503600823045325,-0.806396344945737
2015-04-29,2267.82,2330.7,2256.0,2302.68,1248923740.6,0.03293912215255213,0.4666666666666572
2015-04-30,2285.34,2302.98,2213.2799999999997,2243.58,931557599.66,0.039250177216519744,-0.4655518394648788
2015-05-01,2265.12,2328.84,2265.12,2317.32,1057362990.84,0.02813095994914231,0.8192090395480107
2015-05-04,2336.7,2363.355,2308.5,2317.32,562635254.2800001,0.023475414045449138,-0.3532950505879007
2015-05-05,2310.0,2330.67,2286.0,2314.8,615241432.8000001,0.019337662337662796,0.10745466756212371
2015-05-06,2323.5,2339.94,2282.46,2301.36,490840964.88,0.02473854099419023,-0.3851774530271308
2015-05-07,2304.0,2328.4194,2283.66,2299.7400000000002,496999494.43,0.019426822916667252,-0.09517553854608492
2015-05-08,2345.2799999999997,2397.0,2340.1769999999997,2390.58,811859694.21,0.024228663528449185,0.7972123963887708
2015-05-11,2419.2,2424.0,2370.0,2381.46,624987584.0300001,0.022321428571428978,-0.6988888888888719
2015-05-12,2359.2,2386.68,2334.0006,2371.8,451606136.7,0.022329348931841714,0.2391826786182099
2015-05-13,2376.0,2390.2799999999997,2332.32,2340.2400000000002,456403745.84000003,0.02439393939393963,-0.6169772256728675
2015-05-14,2357.88,2370.66,2324.19,2366.1000000000004,636117703.6500001,0.01970838210595992,0.17688831504196498
2015-05-15,2370.0,2389.14,2334.456,2347.44,564530368.24,0.02307341772151929,-0.41255211762123545
2015-05-18,2336.2799999999997,2378.43,2335.32,2372.52,393776634.48,0.018452411526016,0.840640222686144
2015-05-19,2376.06,2400.66,2363.7599999999998,2371.02,532275021.84000003,0.015529910860837302,-0.1365853658536535
2015-05-20,2367.0,2420.88,2349.66,2406.0,592896946.0,0.030088719898606345,0.5475989890480106
2015-05-21,2401.44,2409.8999999999996,2387.82,2406.8999999999996,344564583.29999995,0.009194483310014184,0.24728260869562796
2015-05-22,2395.14,2410.7400000000002,2384.3999999999996,2392.08,330840611.2,0.010997269470678786,-0.11617312072892026
2015-05-26,2383.02,2399.5674,2349.7176,2357.2799999999997,353051004.24,0.02091875015736374,-0.5163511187607521
2015-05-27,2362.86,2419.32,2349.12,2417.52,450076145.12,0.029709758512989022,0.7786324786324625
2015-05-28,2413.8,2423.1000000000004,2394.6000000000004,2400.6000000000004,315697704.70000005,0.011807109122545772,-0.4631578947368195
2015-05-29,2400.54,2411.34,2373.84,2381.94,517324417.83,0.015621485165838098,-0.49599999999998434
2015-06-01,2393.2200000000003,2397.48,2346.0,2360.1000000000004,469513180.45000005,0.02151076791937264,-0.6433566433566285
2015-06-02,2348.16,2350.5299999999997,2304.0,2325.7200000000003,754283712.32,0.01981551512673784,-0.48226950354608294
2015-06-03,2332.62,2362.7400000000002,2323.98,2324.88,496526171.52000004,0.016616508475448724,-0.19969040247676828
2015-06-04,2313.0,2325.237,2295.2400000000002,2306.04,587088958.5,0.012968871595331099,-0.23202320232022672
2015-06-05,2297.2799999999997,2338.5,2289.42,2327.16,387399222.32,0.021364396155453803,0.6088019559902107
2015-06-08,2325.96,2336.34,2308.038,2318.2200000000003,300203308.08,0.012167879069288002,-0.273478906084357
2015-06-09,2305.62,2315.2799999999997,2272.92,2292.0,481376918.0,0.01837249850365657,-0.3215297450424852
2015-06-10,2297.82,2340.36,2268.0,2331.0,611218503.0,0.031490717288560933,0.45854063018241187
2015-06-11,2343.6000000000004,2370.8999999999996,2340.96,2361.2400000000002,520774630.32000005,0.01277521761392754,0.5891783567134108
2015-06-12,2347.56,2374.8,2317.5,2332.62,419256565.85999995,0.024408321832030348,-0.2607329842931893
2015-06-15,2319.84,2342.58,2292.12,2329.68,407112356.55999994,0.021751500103455848,0.1950059453032003
2015-06-16,2319.54,2345.9393999999998,2312.73,2329.68,361456452.76,0.014317235313898757,0.305335236408958
2015-06-17,2336.1000000000004,2351.3999999999996,2317.86,2345.16,359952354.64,0.014357262103506054,0.2701252236135764
2015-06-18,2360.82,2429.3999999999996,2360.3999999999996,2409.3,671773072.5,0.02922713294533296,0.702608695652164
2015-06-19,2439.66,2484.0,2439.66,2466.3,1208965873.25,0.018174663682644768,0.6008119079837537
2015-06-22,2490.0,2520.0,2488.71,2505.42,494807505.33,0.012566265060241345,0.49280920421858737
2015-06-23,2517.8999999999996,2525.94,2484.2346000000002,2497.56,450114425.8,0.016563564875491807,-0.4877066279186697
2015-06-24,2492.58,2495.94,2461.62,2463.8999999999996,406804673.4,0.013768865994271458,-0.8356643356643157
2015-06-25,2477.52,2506.08,2460.36,2467.7400000000002,371230765.29,0.018453937808776834,-0.21391076115484634
2015-06-26,2473.44,2482.2,2434.7400000000002,2452.38,391849859.73,0.019187851736852547,-0.44374209860934866
2015-06-29,2427.0,2447.16,2375.3999999999996,2377.2599999999998,582833626.62,0.0295673671199016,-0.6931438127090217
2015-06-30,2421.3,2430.0,2379.96,2423.64,637952540.5,0.020666584066410996,0.04676258992805047
2015-07-01,2449.92,2459.88,2426.25,2432.46,402379965.66,0.01372697884012584,-0.519179304192669
2015-07-02,2443.7400000000002,2447.88,2418.8999999999996,2425.68,375532457.76,0.011858872056766046,-0.6231884057970836
2015-07-06,2399.16,2472.0,2397.06,2427.7799999999997,481015646.77,0.031235932576402167,0.38190552441952885
2015-07-07,2431.5,2459.4593999999997,2401.98,2448.36,606352268.34,0.023639481801357474,0.2933224772701162
2015-07-08,2430.0,2437.38,2380.38,2386.08,521794734.96000004,0.023456790123457194,-0.7705263157894614
2015-07-09,2421.36,2426.16,2395.7400000000002,2395.7400000000002,528686712.43,0.01256318763009243,-0.8422090729782831
2015-07-10,2406.0,2408.64,2291.16,2329.38,1509228207.5700002,0.048827930174563994,-0.6521961184882468
2015-07-13,2347.2599999999998,2374.7400000000002,2331.84,2347.38,592685672.6700001,0.018276628920529076,0.002797202797210782
2015-07-14,2381.7,2419.2599999999998,2362.29,2401.2,602005652.4,0.02391988915480572,0.3422854133754559
2015-07-15,2427.54,2446.98,2397.18,2403.3,588313820.75,0.02051459502212164,-0.4867469879517913
2015-07-16,2416.32,2443.86,2412.3,2422.38,536947173.1800001,0.013061183949146193,0.19201520912546782
2015-07-17,2438.2200000000003,2442.7799999999997,2410.5,2427.96,764614781.84,0.013239166277038467,-0.31784386617100313
2015-07-20,2445.18,2456.3999999999996,2418.06,2453.58,741406038.27,0.015679827251981727,0.21909233176838652
2015-07-21,2462.1000000000004,2473.44,2433.06,2457.0,720895266.0,0.016400633605459198,-0.12630014858841565
2015-07-22,2361.8999999999996,2406.66,2337.66,2350.44,1586192083.56,0.02921376857614674,-0.16608695652173067
2015-07-23,2365.02,2377.38,2307.06,2310.3,997489352.25,0.02973336377705099,-0.7781569965870151
2015-07-24,1962.0,1962.0,1798.56,1800.1799999999998,4990741024.2,0.08330275229357847,-0.9900881057268669
2015-07-27,1832.3999999999999,1950.0,1822.56,1856.58,3082960628.2200003,0.06954813359528542,0.18973634651600646
2015-07-28,1875.12,1923.06,1852.08,1919.58,1134187682.16,0.037853577371048774,0.6263736263736179
2015-07-29,1931.52,1938.0,1854.8999999999999,1880.04,1026388410.92,0.04302311133200852,-0.6194945848375369
2015-07-30,1875.2400000000002,1916.52,1863.12,1902.0,729925151.0,0.028476355026557165,0.5011235955056033
2015-07-31,1917.42,1934.1000000000001,1876.1999999999998,1912.6799999999998,720907581.2399999,0.030196826986263463,-0.08186528497409548
2015-08-03,1921.98,1954.83,1914.66,1946.28,979266889.4399999,0.02090032154340879,0.6049290515309794
2015-08-04,1955.28,2008.8000000000002,1947.12,1982.28,1184217375.8,0.031545354118080925,0.43774319066146944
2015-08-05,1998.0,2031.06,1996.8600000000001,2012.46,773634904.35,0.017117117117117518,0.4228070175438506
2015-08-06,2020.02,2025.0,1891.8000000000002,1899.6000000000001,1212444078.2,0.06593994118870147,-0.9040540540540474
2015-08-07,1896.0,1897.1399999999999,1833.96,1854.0,1315816245.0,0.03332278481012701,-0.6647673314339893
2015-08-10,1873.1999999999998,1903.5,1872.0,1889.6399999999999,772516955.88,0.016816143497758375,0.5219047619047471
2015-08-11,1875.3600000000001,1914.72,1870.3200000000002,1889.1000000000001,582451719.9000001,0.023675454312772397,0.30945945945945363
2015-08-12,1873.8000000000002,1907.16,1845.0,1900.38,621728954.26,0.03317323086775592,0.427606177606169
2015-08-13,1901.8200000000002,1916.88,1882.5,1883.46,412667655.55,0.01807742057608033,-0.5340314136125519
2015-08-14,1885.3200000000002,1897.59,1854.84,1875.66,627160057.6600001,0.022675195722742545,-0.22596491228069837
2015-08-17,1880.94,1905.96,1866.12,1896.48,508006304.64,0.021180898912246605,0.3900602409638433
2015-08-18,1900.8000000000002,1902.9168,1863.6000000000001,1872.78,378333709.39,0.02068434343434386,-0.7126724453668564
2015-08-19,1871.94,1916.1000000000001,1863.0,1894.92,578498231.88,0.02836629379146827,0.43276836158191195
2015-08-20,1888.6799999999998,1901.4299999999998,1855.2599999999998,1859.3999999999999,592038848.0999999,0.024445644577165564,-0.6341780376867943
2015-08-21,1834.2599999999998,1875.8999999999999,1772.7599999999998,1773.84,1081871815.72,0.05622976023028418,-0.5858057009889394
2015-08-24,1614.3000000000002,1770.8999999999999,1590.0,1670.1000000000001,1634737580.95,0.11206095521278618,0.30845771144278433
2015-08-25,1755.84,1788.0,1689.0,1690.47,1045718825.355,0.05638326954620065,-0.6603030303030226
2015-08-26,1740.6000000000001,1791.66,1700.6399999999999,1789.5,933453007.75,0.052292312995519445,0.537244561634797
2015-08-27,1808.22,1851.0,1796.16,1826.94,751232247.1800001,0.030328168032651388,0.3413566739606075
2015-08-28,1806.0,1838.7125999999998,1798.56,1822.1399999999999,625323523.65,0.02223289036544899,0.4019664978108395
2015-08-31,1812.96,1827.06,1778.8200000000002,1783.8000000000002,486897129.0,0.0266084193804611,-0.6044776119402857
2015-09-01,1753.3200000000002,1811.88,1747.56,1755.0,730765327.5,0.036684689617412176,0.02611940298507161
2015-09-02,1790.88,1826.58,1761.66,1825.2599999999998,689821728.64,0.03625033503082328,0.5295748613678252
2015-09-03,1838.8200000000002,1858.3200000000002,1805.04,1809.78,538753709.83,0.02897510359904785,-0.5450450450450364
2015-09-04,1786.3200000000002,1824.84,1770.1799999999998,1813.56,512819756.68,0.030599220744324113,0.49835345773873474
2015-09-08,1841.46,1855.3200000000002,1815.3000000000002,1852.44,567405459.4,0.021732755530937932,0.27436281859069833
2015-09-09,1881.3000000000002,1906.9499999999998,1814.8200000000002,1820.88,492652740.6,0.048971455908148935,-0.6558124389449652
2015-09-10,1817.46,1894.6499999999999,1812.6455999999998,1875.72,682954028.6800001,0.04512033277211107,0.7104496831877224
2015-09-11,1864.02,1893.0,1843.2599999999998,1892.22,608160769.48,0.026684263044388586,0.5669481302774295
2015-09-14,1901.34,1909.1999999999998,1871.6399999999999,1897.38,572900609.34,0.019754488939380085,-0.1054313099041456
2015-09-15,1898.46,1929.8999999999999,1879.7400000000002,1919.16,658414857.4200001,0.02642141525236276,0.4126794258373163
2015-09-16,1914.3000000000002,1934.46,1890.48,1917.3600000000001,634248307.8,0.022974455414512353,0.06957708049112948
2015-09-17,1927.1399999999999,1983.2400000000002,1910.28,1951.8000000000002,837808523.5,0.03785921105887545,0.33799342105262997
2015-09-18,1926.3600000000001,1944.6000000000001,1878.0,1888.02,1452543152.28,0.034572977013642876,-0.5756756756756681
2015-09-21,1891.7400000000002,1892.58,1767.72,1782.96,1233383381.2,0.066002727647563,-0.8712157616530468
2015-09-22,1755.12,1800.0,1734.0,1794.3600000000001,1313305242.64,0.03760426637494927,0.5945454545454492
2015-09-23,1795.62,1822.7400000000002,1777.8000000000002,1790.04,489365610.29999995,0.025027567079894987,-0.1241655540720916
2015-09-24,1773.48,1788.8795999999998,1722.72,1758.06,779000195.13,0.037304959740172255,-0.23307275134674188
2015-09-25,1792.6799999999998,1792.6799999999998,1681.92,1708.7400000000002,957993119.82,0.06178459066871986,-0.7578548212350942
2015-09-28,1695.2400000000002,1704.0,1602.0,1633.6799999999998,1334124350.9999998,0.060168471720818836,-0.6035294117647039
2015-09-29,1623.6000000000001,1731.4140000000002,1623.6000000000001,1669.38,1062704493.1400001,0.06640428677014104,0.42462017919750233
2015-09-30,1703.88,1752.0,1698.3600000000001,1750.8600000000001,855323123.76,0.03148109021762145,0.8758389261744827
2015-10-01,1751.94,1757.3394,1694.6999999999998,1723.8000000000002,824706429.3000001,0.035754306654338174,-0.44923801952124875
2015-10-02,1700.28,1744.5,1684.3200000000002,1742.1000000000001,865749951.1,0.03539417037193921,0.6949152542372812
2015-10-05,1748.58,1754.88,1696.56,1719.3000000000002,773802485.5,0.03335277768246299,-0.5020576131687099
2015-10-06,1694.46,1697.88,1614.0,1655.94,1189825456.82,0.04950249637052575,-0.45922746781115253
2015-10-07,1679.16,1707.69,1644.06,1675.44,952671379.9200001,0.037893946973487386,-0.05846298915605787
2015-10-08,1669.98,1689.0,1633.6799999999998,1679.28,715640005.64,0.033126145223296766,0.1681127982646377
2015-10-09,1677.78,1680.0,1603.62,1614.96,1088582898.3600001,0.045524443013983396,-0.8224666142969237
2015-10-12,1625.52,1625.52,1581.06,1588.02,975270837.5200001,0.027351247600768378,-0.8434547908231922
2015-10-13,1572.0,1624.92,1528.68,1536.2400000000002,1084793600.52,0.06122137404580213,-0.37157107231919567
2015-10-14,1562.6399999999999,1577.0688,1526.4,1540.7400000000002,1016948488.8600001,0.03242512670864748,-0.43221864342552496
2015-10-15,1537.8600000000001,1611.1799999999998,1524.0,1610.46,737843790.6300001,0.05668916546369681,0.8327598072952422
2015-10-16,1621.08,1637.94,1602.0,1634.22,775943181.09,0.02217040491524233,0.36560934891485014
2015-10-19,1625.22,1659.0,1608.2400000000002,1638.12,802498879.8199999,0.03123269465057084,0.254137115839237
2015-10-20,1638.3600000000001,1663.7400000000002,1587.48,1594.8600000000001,940500903.45,0.04654654654654726,-0.5704169944925165
2015-10-21,1710.0,1746.06,1574.6999999999998,1658.04,2324502442.3199997,0.10021052631579008,-0.30322128851540436
2015-10-22,1657.98,1700.88,1620.42,1660.98,1251527667.75,0.048528932797742425,0.03728560775540594
2015-10-23,1674.0,1685.28,1624.2179999999998,1661.94,1070966877.5400001,0.03647670250896123,-0.1975041760833206
2015-10-26,1678.92,1692.8999999999999,1640.22,1647.6000000000001,864776910.4000001,0.031377313987563916,-0.5945330296127456
2015-10-27,1656.0,1750.62,1650.6839999999997,1743.78,1081896912.96,0.06034782608695718,0.8783621517771271
2015-10-28,1751.6999999999998,1764.3600000000001,1713.0,1762.1399999999999,971150596.8,0.029320089056345897,0.20327102803737976
2015-10-29,1765.8000000000002,1796.46,1744.62,1762.3200000000002,1060924570.44,0.029357798165138248,-0.0671296296296285
2015-10-30,1764.0,1770.2400000000002,1740.0,1743.06,1513293607.43,0.017142857142857834,-0.692460317460291
2015-11-02,1767.12,1819.8600000000001,1759.98,1818.48,844314505.4799999,0.03388564443840887,0.8577154308617096
2015-11-03,1812.3000000000002,1826.22,1789.44,1794.84,628917021.38,0.020294653203112592,-0.47471451876019033
2015-11-04,1799.04,1814.34,1758.3000000000002,1779.42,722952247.84,0.03114994663820744,-0.35010706638114975
2015-11-05,1764.8999999999999,1770.0359999999998,1731.0,1758.1799999999998,662215273.67,0.022117967023627862,-0.17214878573624048
2015-11-06,1758.54,1776.6000000000001,1726.38,1772.1000000000001,723637625.7,0.02855778088641771,0.2700119474313002
2015-11-09,1764.0,1788.0,1750.56,1760.3999999999999,524369761.2,0.021224489795918955,-0.09615384615384709
2015-11-10,1766.16,1793.88,1747.38,1783.3200000000002,535302433.82000005,0.026328305476288092,0.36903225806450995
2015-11-11,1787.6399999999999,1819.8000000000002,1762.7400000000002,1763.34,612921407.8299999,0.031919178358059186,-0.42586750788642747
2015-11-12,1755.0,1783.6799999999998,1745.46,1747.98,424521414.71999997,0.021777777777778222,-0.18367346938775078
2015-11-13,1741.08,1759.71,1702.98,1709.04,548826293.92,0.03258322420566602,-0.5647805393971336
2015-11-16,1715.58,1720.5,1669.6799999999998,1701.1799999999998,555739781.2199999,0.02962263491064313,-0.2833530106257332
2015-11-17,1705.1999999999998,1714.62,1671.3000000000002,1676.94,656385059.9,0.025404644616467683,-0.652354570637103
2015-11-18,1683.8999999999999,1756.08,1675.8600000000001,1751.88,657900723.22,0.04763940851594558,0.8474195961106903
2015-11-19,1752.0,1755.0,1719.1799999999998,1736.6399999999999,470354472.0,0.02044520547945271,-0.4288107202679963
2015-11-20,1751.1000000000001,1754.58,1739.46,1740.96,500177227.68000007,0.008634572554394884,-0.6706349206348877
2015-11-23,1742.3999999999999,1787.28,1741.56,1765.5,409714582.75,0.02623966942148818,0.5052493438320126
2015-11-24,1745.7599999999998,1755.66,1728.06,1734.8999999999999,383249819.4,0.015809733296673727,-0.3934782608695454
2015-11-25,1740.0,1757.16,1735.7400000000002,1753.8000000000002,333238076.5,0.012310344827586686,0.6442577030812157
2015-11-27,1757.8200000000002,1764.6000000000001,1744.6799999999998,1759.2599999999998,136569594.54,0.01133221831586925,0.07228915662648122
2015-11-30,1758.96,1765.56,1710.6000000000001,1721.16,481725432.3,0.03124573611679673,-0.6877729257641811
2015-12-01,1735.8000000000002,1743.54,1714.8000000000002,1740.2400000000002,488509151.28000003,0.01655720705150407,0.15448851774530042
2015-12-02,1734.84,1742.34,1707.48,1709.7599999999998,390111094.88,0.020094072075811535,-0.7194492254733077
2015-12-03,1705.3200000000002,1713.48,1645.38,1652.6399999999999,524090981.04,0.039933854056717136,-0.77356828193832
2015-12-04,1662.0,1708.5,1656.75,1706.6999999999998,545280978.6999999,0.03113718411552405,0.8637681159420088
2015-12-07,1699.8600000000001,1709.88,1678.1999999999998,1689.78,489927772.45,0.018636828915323186,-0.3181818181818101
2015-12-08,1679.34,1738.56,1668.0,1730.7599999999998,505355670.14,0.042016506484690956,0.7287414965986275
2015-12-09,1717.2599999999998,1740.54,1698.12,1707.66,433846676.55,0.024702141784005368,-0.22630834512021308
2015-12-10,1712.16,1747.3200000000002,1708.08,1739.28,412396622.48,0.022918418839361517,0.6911314984709234
2015-12-11,1713.2400000000002,1731.54,1693.38,1700.7599999999998,575145725.74,0.022273586888002166,-0.32704402515723774
2015-12-14,1702.62,1710.0,1658.58,1694.34,466734474.39,0.03020051450118115,-0.16102683780629715
2015-12-15,1710.06,1750.1399999999999,1695.3600000000001,1734.66,468674486.34000003,0.03203396372057163,0.44906900328586713
2015-12-16,1753.38,1798.08,1740.0,1795.7400000000002,628958533.58,0.03312459364199483,0.7293388429751971
2015-12-17,1794.2400000000002,1805.22,1778.25,1783.02,506595802.78000003,0.015031433921883922,-0.4160177975528301
2015-12-18,1768.8000000000002,1798.9332,1758.3000000000002,1760.22,816106053.84,0.02297218453188644,-0.21115737869525397
2015-12-21,1769.04,1787.16,1761.0,1785.3600000000001,338131710.88,0.014787681454348724,0.6238532110091548
2015-12-22,1788.0,1811.04,1778.1000000000001,1804.62,365168165.46999997,0.018422818791946762,0.5045537340619147
2015-12-23,1822.7400000000002,1822.7400000000002,1794.96,1801.1399999999999,296143738.99,0.015240791336120994,-0.7775377969762215
2015-12-24,1801.7400000000002,1823.22,1797.0,1813.7400000000002,163249296.18,0.014552599154151547,0.4576659038901423
2015-12-28,1812.1799999999998,1829.88,1809.0,1823.04,256852055.51999998,0.011522034235010374,0.5201149425287142
2015-12-29,1829.94,1869.8999999999999,1828.62,1858.02,378719287.59000003,0.02255811665956313,0.6802325581395171
2015-12-30,1859.88,1861.7400000000002,1842.0,1850.04,246894004.79999998,0.010613587973418298,-0.4984802431610704
2015-12-31,1836.6000000000001,1855.98,1836.6000000000001,1838.1000000000001,325858061.65000004,0.010552107154525139,0.07739938080495004
2016-01-04,1802.04,1806.1499999999999,1748.3999999999999,1767.72,721395041.82,0.03204701338483107,-0.5942857142857029
2016-01-05,1772.28,1791.84,1761.3600000000001,1780.1999999999998,374437476.9,0.017198185388313796,0.2598425196850276
2016-01-06,1755.6000000000001,1779.48,1746.06,1762.08,451856635.36,0.019036226930964375,0.19389587073607367
2016-01-07,1719.12,1739.94,1698.1799999999998,1704.06,523037076.15,0.0242914979757092,-0.36063218390803414
2016-01-08,1707.8999999999999,1728.66,1680.0,1683.54,507488822.90999997,0.028491129457228797,-0.5006165228113308
2016-01-11,1683.54,1703.6999999999998,1629.96,1671.2400000000002,586798268.22,0.0438005630991843,-0.1668022782750149
2016-01-12,1687.08,1713.3600000000001,1626.0,1672.02,510148907.52000004,0.05178177679778142,-0.17239010989010706
2016-01-13,1676.52,1691.94,1602.0,1603.5,562124830.75,0.05364683988261458,-0.8118745830553605
2016-01-14,1611.42,1699.8000000000002,1592.22,1683.42,675906036.22,0.06676099340954009,0.6692693809258154
2016-01-15,1626.06,1679.34,1615.5,1639.98,705101747.76,0.03926054389136987,0.21804511278195288
2016-01-19,1661.88,1661.94,1588.3200000000002,1619.1000000000001,596271893.7,0.04429922738103885,-0.5810920945395199
2016-01-20,1579.5,1636.6799999999998,1545.96,1616.1000000000001,637877902.2,0.05743589743589791,0.40343915343915143
2016-01-21,1618.02,1626.3000000000002,1566.12,1572.48,663105119.04,0.03719360700115033,-0.7567298105682783
2016-01-22,1598.16,1616.88,1587.72,1613.52,567902297.88,0.018245982880313025,0.5267489711933927
2016-01-25,1616.7599999999998,1627.2594,1567.8000000000002,1572.6000000000001,469683986.3,0.03677688710754887,-0.7426916517825455
2016-01-26,1576.56,1586.88,1546.6799999999998,1559.22,547413556.3,0.025498553813366603,-0.43134328358207386
2016-01-27,1650.3000000000002,1711.6799999999998,1622.04,1639.56,1409157278.62,0.05431739683693923,-0.11981258366800683
2016-01-28,1654.62,1661.8200000000002,1570.1999999999998,1595.7599999999998,812881473.8,0.05537223048192413,-0.6424361493123693
2016-01-29,1610.52,1643.3999999999999,1594.1999999999998,1638.3600000000001,840193332.3,0.03054913940839047,0.5658536585365763
2016-02-01,1622.04,1654.98,1617.495,1640.6999999999998,505764369.59999996,0.023109787674780592,0.4977991196478403
2016-02-02,1606.44,1627.1999999999998,1590.96,1596.3600000000001,512466945.98,0.02255919922312739,-0.2781456953642304
2016-02-03,1605.48,1624.44,1566.0,1622.58,564161330.52,0.03640032887360853,0.2926078028747365
2016-02-04,1620.96,1676.25,1614.66,1639.62,566475866.31,0.03799600236896709,0.3029712615684296
2016-02-05,1626.6000000000001,1636.02,1550.7599999999998,1583.16,753822689.44,0.05241608262633786,-0.5095003518648773
2016-02-08,1562.6999999999998,1562.6999999999998,1488.96,1504.6200000000001,691437087.12,0.04718755999232146,-0.7876322213181325
2016-02-09,1479.24,1530.0,1463.1,1499.94,591059356.6800001,0.045225926827290396,0.30941704035874007
2016-02-10,1520.1,1544.22,1495.68,1513.1999999999998,444690389.0,0.03193210972962367,-0.1421508034610621
2016-02-11,1477.8600000000001,1500.09,1458.18,1470.66,532098514.16,0.02835857253055149,-0.17179670722977566
2016-02-12,1492.68,1495.1999999999998,1452.42,1483.32,523985262.2,0.028659860117373263,-0.21879382889200477
2016-02-16,1494.0,1544.52,1494.0,1539.12,534625901.47999996,0.03381526104417734,0.8931116389548498
2016-02-17,1537.7400000000002,1595.16,1536.48,1593.78,510391841.57,0.038159896991689764,0.9550102249488535
2016-02-18,1599.6000000000001,1601.7599999999998,1551.06,1554.3000000000002,397936289.85,0.03169542385596448,-0.8934911242603397
2016-02-19,1544.16,1578.0,1530.72,1568.3999999999999,379060060.99999994,0.030618588747280687,0.512690355329934
2016-02-22,1591.56,1596.0,1568.04,1594.98,323801940.57,0.017567669456383057,0.12231759656652168
2016-02-23,1588.8600000000001,1595.16,1547.3999999999999,1553.94,398166046.2,0.0300592877912473,-0.7311557788944552
2016-02-24,1538.1000000000001,1546.1040000000003,1494.06,1543.3200000000002,368766796.86,0.0338365515896244,0.10029974636845543
2016-02-25,1571.3999999999999,1577.04,1554.96,1574.1000000000001,398804793.75000006,0.014051164566629066,0.1222826086956594
2016-02-26,1584.3600000000001,1598.8200000000002,1565.2559999999999,1586.94,424172663.62,0.021184579262289685,0.07686807293528265
2016-02-29,1576.08,1593.6000000000001,1555.08,1556.52,464123652.44000006,0.024440383736866904,-0.5077881619937521
2016-03-01,1568.22,1626.06,1555.5,1625.3999999999999,521926775.99999994,0.04499368711022746,0.8103741496598508
2016-03-02,1621.02,1647.42,1611.9605999999999,1641.96,455462189.76000005,0.02187474553059257,0.5905345268109261
2016-03-03,1633.3200000000002,1636.92,1596.84,1611.84,384409602.08,0.0245389758283748,-0.5359281437125655
2016-03-04,1617.84,1618.08,1578.75,1583.6399999999999,432909109.2,0.024310191366266696,-0.869565217391285
2016-03-07,1572.84,1634.6399999999999,1567.1999999999998,1617.12,453083333.99999994,0.04287785152971759,0.6565836298932278
2016-03-08,1603.44,1614.12,1564.6799999999998,1567.6799999999998,405403876.96,0.030833707528813693,-0.7233009708737753
2016-03-09,1567.56,1579.6799999999998,1514.28,1533.96,483795900.06,0.04172089106637119,-0.5137614678899001
2016-03-10,1542.0,1563.42,1506.0,1511.82,494419313.55,0.03723735408560379,-0.5256008359456548
2016-03-11,1535.8799999999999,1560.2400000000002,1530.6,1558.44,457116945.48,0.019298382686148207,0.7611336032388382
2016-03-14,1553.46,1559.3375999999998,1541.3999999999999,1546.62,320235919.64,0.011546869568576573,-0.38132191597536874
2016-03-15,1544.8200000000002,1547.52,1491.24,1501.98,486945670.95000005,0.036431428904338974,-0.7611940298507357
2016-03-16,1502.52,1537.1399999999999,1485.6750000000002,1505.04,437638792.12,0.0342524558741319,0.048965316234333
2016-03-17,1500.0,1500.18,1453.5,1477.8600000000001,466710651.1,0.031120000000000692,-0.47429305912595043
2016-03-18,1486.98,1506.96,1459.26,1504.68,839503103.04,0.03207844086672384,0.3710691823899299
2016-03-21,1497.1200000000001,1544.46,1482.06,1536.3000000000002,371664256.5,0.041680025649247256,0.6278846153846054
2016-03-22,1516.1999999999998,1568.2794000000001,1513.1999999999998,1556.52,404991976.48,0.036327265532252524,0.7320341180187004
2016-03-23,1542.0,1550.1000000000001,1521.54,1531.44,394418798.64,0.018521400778210864,-0.3697478991596468
2016-03-24,1522.74,1545.2400000000002,1506.78,1528.1399999999999,274313864.5,0.02525710232869777,0.14040561622464082
2016-03-28,1530.3000000000002,1540.2599999999998,1508.6999999999998,1510.56,256129043.04,0.020623407175064314,-0.6254752851710914
2016-03-29,1510.08,1529.82,1480.44,1528.08,322561133.8,0.03270025429116395,0.3645200486026666
2016-03-30,1536.2400000000002,1547.4900000000002,1515.78,1525.08,295258792.34000003,0.02064130604593113,-0.3519394512771954
2016-03-31,1530.42,1568.3999999999999,1525.1406,1561.92,401402506.56,0.02826635825459736,0.728165439187768
2016-04-01,1552.98,1571.7599999999998,1545.0,1563.2400000000002,561194562.1800001,0.017231387397133733,0.38340807174887614
2016-04-04,1563.3600000000001,1596.0,1560.246,1584.06,637452937.03,0.022869972367209654,0.5789562007047965
2016-04-05,1573.6799999999998,1606.5,1572.8999999999999,1593.72,451737277.8,0.02135122769559321,0.5964285714285569
2016-04-06,1597.98,1683.48,1597.02,1677.42,843915034.26,0.05410580858333708,0.9188063844552291
2016-04-07,1668.1799999999998,1684.194,1626.8999999999999,1638.2400000000002,547755646.48,0.034345214545193604,-0.522567808147433
2016-04-08,1650.0,1650.96,1603.98,1624.98,578415693.4499999,0.028472727272727875,-0.5325670498084172
2016-04-11,1629.42,1637.88,1585.2599999999998,1591.1399999999999,500815027.65999997,0.032293699598630994,-0.7274800456100193
2016-04-12,1590.0,1612.08,1573.62,1605.66,390460652.26,0.02418867924528366,0.4071762870514732
2016-04-13,1615.3200000000002,1636.6019999999999,1604.1000000000001,1630.38,379054926.37,0.020121090557908467,0.4633561011629933
2016-04-14,1624.2599999999998,1632.0,1614.42,1623.3600000000001,246225292.48,0.010823390343911023,-0.05119453924912337
2016-04-15,1623.3600000000001,1626.42,1591.8600000000001,1611.0,452464654.5,0.021289178001183302,-0.3576388888888828
2016-04-18,1607.1000000000001,1640.22,1602.2400000000002,1637.52,420643954.24,0.02363263020347257,0.8009478672985574
2016-04-19,1638.6000000000001,1655.88,1621.3920000000003,1626.0,378705427.0,0.021047235444892474,-0.3653444676409137
2016-04-20,1631.52,1631.52,1579.8600000000001,1595.34,670701409.53,0.03166372462489018,-0.7003484320557387
2016-04-21,1613.04,1680.7979999999998,1613.04,1677.6000000000001,881525396.4000001,0.042006397857462165,0.9528026210927035
2016-04-22,1682.3999999999999,1701.2400000000002,1669.2599999999998,1696.1999999999998,665787900.8,0.019008559201142094,0.4315196998123615
2016-04-25,1689.42,1717.92,1689.3600000000001,1709.1000000000001,473868769.05,0.016905210072096298,0.6890756302520803
2016-04-26,1713.78,1715.6999999999998,1684.02,1690.1999999999998,415104669.0,0.018485453208697045,-0.7443181818181671
2016-04-27,1689.42,1692.0,1671.12,1680.3600000000001,307993744.52,0.012359271229179894,-0.43390804597698585
2016-04-28,1668.0,1704.3000000000002,1665.06,1686.48,394468515.23999995,0.023525179856115838,0.4709480122324015
2016-04-29,1669.44,1683.1799999999998,1628.37,1649.94,533756689.96000004,0.032831368602645745,-0.35577449370552205
2016-05-02,1648.44,1649.94,1613.2979999999998,1642.1399999999999,372016964.16,0.02222828856373375,-0.1719338464057628
2016-05-03,1636.92,1659.66,1626.54,1642.2599999999998,438913692.11999995,0.02023312073894943,0.16123188405795622
2016-05-04,1630.1999999999998,1630.5,1574.6399999999999,1578.72,470520919.44,0.03426573426573494,-0.9215896885069593
2016-05-05,1581.48,1592.3999999999999,1575.78,1587.72,292645904.2,0.010509143334092672,0.3754512635378866
2016-05-06,1580.8200000000002,1595.22,1565.34,1581.66,316940411.88,0.01890158272289134,0.028112449799193005
2016-05-09,1588.3200000000002,1638.828,1584.6000000000001,1621.02,385217031.44,0.0341417346630407,0.6030095153794961
2016-05-10,1629.84,1641.66,1617.6000000000001,1639.62,281947962.12,0.014762185245178012,0.40648379052367367
2016-05-11,1633.3200000000002,1641.66,1602.0,1603.5,259632840.5,0.024281830872089398,-0.7518910741300895
2016-05-12,1609.5,1623.3000000000002,1557.54,1576.2599999999998,341348823.27,0.04085740913327193,-0.5054744525547388
2016-05-13,1568.46,1589.88,1560.6000000000001,1572.1799999999998,261429951.29999998,0.018667992808232888,0.1270491803278578
2016-05-16,1578.1799999999998,1601.6999999999998,1575.6000000000001,1597.56,347766179.9,0.016538037486218723,0.7425287356321687
2016-05-17,1590.8999999999999,1607.34,1578.48,1581.12,305946192.96,0.018140675089572497,-0.3388773388773274
2016-05-18,1575.8999999999999,1594.92,1573.578,1585.7400000000002,275064839.01000005,0.013542737483343541,0.4610626932808484
2016-05-19,1576.8000000000002,1588.1999999999998,1538.52,1552.3200000000002,331461715.20000005,0.031506849315069,-0.4927536231883978
2016-05-20,1555.8600000000001,1593.3000000000002,1554.0,1581.96,353408018.38000005,0.025259342100189708,0.6641221374045578
2016-05-23,1582.62,1603.068,1578.8999999999999,1589.1000000000001,224735554.15,0.0152708799332759,0.2681231380337614
2016-05-24,1597.98,1640.52,1583.6399999999999,1637.6399999999999,426036685.98,0.035594938609995797,0.6972573839662285
2016-05-25,1642.38,1680.42,1641.06,1678.1999999999998,502442731.09999996,0.023965221203376262,0.9100609756097225
2016-05-26,1677.1799999999998,1705.6799999999998,1674.54,1692.0,515885724.0,0.01856688012020228,0.4759152215799534
2016-05-27,1692.0,1705.5,1683.66,1696.7400000000002,357151610.03000003,0.012907801418440251,0.21703296703296876
2016-05-31,1710.0,1749.78,1707.9360000000001,1738.38,621877630.9200001,0.02447017543859696,0.6782334384857936
2016-06-01,1727.8200000000002,1739.6999999999998,1716.84,1720.92,406813441.56,0.013230544848422222,-0.30183727034119945
2016-06-02,1721.28,1739.46,1719.3899999999999,1738.38,327011007.75,0.011659927495817736,0.8520179372196884
2016-06-03,1737.06,1756.1399999999999,1702.7400000000002,1741.38,427508499.77000004,0.030741597872267285,0.08089887640449649
2016-06-06,1740.0,1744.44,1711.2599999999998,1739.04,469164297.84,0.019068965517242114,-0.028933092224231433
2016-06-07,1586.6999999999998,1588.38,1505.22,1517.16,2244387130.02,0.05241066364152079,-0.8362193362193222
2016-06-08,1530.18,1540.7400000000002,1508.46,1525.02,917532349.7199999,0.02109555738540641,-0.1598513011152382
2016-06-09,1518.84,1537.1399999999999,1497.42,1502.76,716361684.64,0.026151536699060323,-0.40483383685799607
2016-06-10,1488.9,1494.24,1464.1200000000001,1476.78,604329142.25,0.020229699778360446,-0.402390438247004
2016-06-13,1474.56,1490.4,1464.24,1466.1,397861910.09999996,0.01774088541666739,-0.32339449541283205
2016-06-14,1460.1,1470.078,1440.96,1450.1999999999998,410089731.29999995,0.019942469693857216,-0.33999587883782445
2016-06-15,1454.28,1457.9394,1431.54,1433.46,501596323.2,0.018152900404324473,-0.7886542875974127
2016-06-16,1421.46,1460.04,1419.24,1453.1399999999999,483294746.61,0.028702882951332383,0.7764705882352719
2016-06-17,1453.6200000000001,1453.6200000000001,1429.1999999999998,1429.26,528733774.52000004,0.016799438642837387,-0.9975429975429497
2016-06-20,1446.0,1455.0,1423.02,1424.34,332608790.72999996,0.022116182572614797,-0.6772983114446339
2016-06-21,1428.0,1433.94,1397.94,1398.0,455686954.0,0.02521008403361413,-0.8333333333333102
2016-06-22,1401.96,1430.8799999999999,1392.96,1407.6,615203310.0,0.027047847299495578,0.1487341772151832
2016-06-23,1423.08,1432.74,1414.5720000000001,1431.72,334759043.52,0.012766675099081486,0.4755614266842622
2016-06-24,1392.0,1411.7759999999998,1374.0,1374.1200000000001,614929692.96,0.027137931034483347,-0.4733163913595797
2016-06-27,1362.0,1377.24,1338.126,1347.6,657932459.1999999,0.028718061674009553,-0.3681546249424684
2016-06-28,1354.08,1378.5,1354.08,1371.1200000000001,483359333.96000004,0.01803438496986962,0.697788697788675
2016-06-29,1397.22,1439.1,1392.0,1433.46,688334113.04,0.03370979516468479,0.769426751592342
2016-06-30,1435.8600000000001,1451.4,1420.02,1450.92,506182460.4,0.02185449834942201,0.47992351816441725
2016-07-01,1455.42,1479.27,1449.54,1470.3600000000001,359139105.9,0.020427093210208046,0.5025227043390361
2016-07-05,1467.72,1468.8000000000002,1440.42,1452.18,299947779.0,0.019336113155098443,-0.5475687103593854
2016-07-06,1449.84,1487.34,1444.26,1484.8799999999999,433322136.24,0.029713623572256872,0.8133704735375861
2016-07-07,1483.44,1497.96,1471.326,1483.6200000000001,281974591.77000004,0.017954214528394134,0.006758278891644395
2016-07-08,1491.78,1510.68,1476.66,1507.8000000000002,325796879.8,0.022804971242409044,0.47089947089946343
2016-07-11,1519.5,1530.6,1506.72,1515.24,441079040.34,0.01571569595261656,-0.17839195979898803
2016-07-12,1522.68,1529.1,1507.74,1520.16,297725109.52000004,0.014027898179526155,-0.11797752808988182
2016-07-13,1525.44,1525.6200000000001,1504.92,1507.1399999999999,322869327.21,0.013569855254877958,-0.8840579710144569
2016-07-14,1519.8000000000002,1522.8000000000002,1500.1200000000001,1517.22,327187481.52,0.014923016186340995,-0.11375661375661525
2016-07-15,1524.72,1562.6999999999998,1522.8600000000001,1561.8000000000002,624846505.8000001,0.02612938769085515,0.9307228915662528
2016-07-18,1560.2400000000002,1576.8000000000002,1544.8200000000002,1569.0,557789960.0,0.020496846638979254,0.27392120075045295
2016-07-19,1565.6399999999999,1574.94,1548.96,1558.92,284375328.38,0.01659385299302586,-0.2586605080831231
2016-07-20,1559.22,1578.96,1545.4140000000002,1574.46,480203214.93000007,0.021514603455574457,0.4543015560722481
2016-07-21,1678.56,1695.2400000000002,1645.356,1694.6999999999998,1567029493.05,0.029718329997141132,0.32355063747894053
2016-07-22,1692.54,1745.52,1688.2836000000002,1726.6799999999998,971283687.9799999,0.03381686695735448,0.5964735727613792
2016-07-25,1727.04,1743.48,1710.12,1724.1000000000001,568295830.5500001,0.019316286826015095,-0.08812949640286953
2016-07-26,1716.0,1739.6999999999998,1712.802,1722.2400000000002,570371730.24,0.015674825174825695,0.23198750836493515
2016-07-27,1720.98,1732.62,1716.48,1730.1000000000001,420459282.6,0.009378377436112483,0.5650557620817612
2016-07-28,1731.66,1739.88,1710.42,1734.1799999999998,420392111.78999996,0.01701257752676681,0.08553971486760577
2016-07-29,1733.1000000000001,1742.7599999999998,1720.8000000000002,1739.58,387481587.38,0.012670936472217741,0.29508196721309743
2016-08-01,1800.0,1844.97,1794.3600000000001,1810.98,1076064395.22,0.028116666666667154,0.21695317131001426
2016-08-02,1817.28,2001.8999999999999,1785.96,1980.66,2574569483.86,0.11882593766508227,0.7565990552931346
2016-08-03,1930.62,1945.8000000000002,1860.3600000000001,1928.04,1941020207.9599998,0.04425521335115197,-0.030196629213481922
2016-08-04,1920.8999999999999,1922.6999999999998,1884.06,1887.3600000000001,629856384.96,0.02011557082617568,-0.868012422360222
2016-08-05,1896.96,1913.46,1882.1399999999999,1895.7599999999998,429306858.47999996,0.016510627530364978,-0.03831417624521802
2016-08-08,1896.12,1898.1000000000001,1854.96,1881.8999999999999,670201987.9499999,0.0227517245743946,-0.32962447844227316
2016-08-09,1882.3200000000002,1897.44,1870.8000000000002,1886.52,355996699.86,0.014152747673084734,0.15765765765764567
2016-08-10,1890.0,1890.0,1842.84,1853.22,381859687.44,0.024952380952381514,-0.7798982188294981
2016-08-11,1856.8200000000002,1897.5,1856.52,1886.94,557002673.7,0.022069990629140678,0.7349926793557624
2016-08-12,1871.94,1891.38,1869.8999999999999,1883.6399999999999,311990746.54,0.011474726754063289,0.5446927374301276
2016-08-15,1880.3999999999999,1890.48,1860.06,1880.34,291381873.86,0.016177409061902286,-0.0019723865877693397
2016-08-16,1879.62,1900.02,1875.84,1880.52,296527602.26,0.012864302358988014,0.0372208436724587
2016-08-17,1885.02,1888.2599999999998,1867.7400000000002,1882.92,267575484.79999998,0.010885826145080962,-0.10233918128654265
2016-08-18,1881.42,1882.56,1872.0,1880.28,275446604.52,0.00561278183499747,-0.10795454545454526
2016-08-19,1882.1399999999999,1919.34,1874.31,1900.8600000000001,441480120.77,0.023924894003634668,0.4157228514323751
2016-08-22,1896.8999999999999,1924.92,1890.78,1900.8600000000001,417386086.65,0.017997785861142437,0.11599297012302683
2016-08-23,1900.8600000000001,1937.94,1891.6799999999998,1909.02,454759744.66,0.024336353019160376,0.17639429312580285
2016-08-24,1909.08,1930.44,1840.38,1855.98,509256165.59999996,0.04717455528317352,-0.5896069287141834
2016-08-25,1854.1799999999998,1871.8200000000002,1806.12,1841.1000000000001,512257231.1,0.03543345306281011,-0.19908675799085918
2016-08-26,1843.2599999999998,1864.44,1827.3600000000001,1849.02,345795707.98,0.02011653266495281,0.1553398058252447
2016-08-29,1847.22,1854.81,1828.7400000000002,1836.78,319891461.89,0.014113099684932328,-0.40046029919446763
2016-08-30,1831.44,1854.0,1830.0,1847.16,329705745.6,0.013104442405976163,0.6549999999999739
2016-08-31,1846.08,1852.08,1825.3200000000002,1833.78,319308165.02,0.014495579823193334,-0.4596412556053664
2016-09-01,1847.7599999999998,1855.5,1830.12,1836.1799999999998,326623676.78999996,0.013735550071438443,-0.4562647754136888
2016-09-02,1870.98,1913.28,1851.96,1881.54,700468805.31,0.032774268030658214,0.17221135029353854
2016-09-06,1862.58,1898.8200000000002,1854.72,1864.02,529801395.17,0.02367683535740807,0.03265306122449019
2016-09-07,1859.7599999999998,1882.3200000000002,1859.7599999999998,1873.8000000000002,360885760.2,0.012130597496451902,0.6223404255318948
2016-09-08,1868.1000000000001,1874.67,1844.52,1846.38,456148179.0,0.016139392966115877,-0.7203980099502236
2016-09-09,1827.72,1832.88,1776.42,1776.6000000000001,585068727.6,0.030890946096776863,-0.9054197662061451
2016-09-12,1764.84,1823.1000000000001,1763.0099999999998,1815.96,548106364.24,0.03404841232066439,0.8507239141287893
2016-09-13,1801.5,1804.56,1768.44,1784.46,544062224.94,0.02004995836802713,-0.47176079734218
2016-09-14,1790.04,1824.66,1789.2599999999998,1798.7400000000002,461288971.53000003,0.01977609438895293,0.24576271186440532
2016-09-15,1800.0,1826.7599999999998,1788.06,1816.92,386503095.71999997,0.021500000000000446,0.43720930232557403
2016-09-16,1818.8999999999999,1837.7400000000002,1801.02,1827.06,570805213.04,0.020188025729837397,0.22222222222221685
2016-09-19,1828.98,1848.0,1819.02,1821.0,336382404.0,0.0158448971557923,-0.27536231884057066
2016-09-20,1836.3600000000001,1853.16,1824.0,1842.3000000000002,337800750.45,0.015879239364831006,0.20370370370369803
2016-09-21,1854.0,1874.34,1824.66,1872.0,476613696.0,0.02679611650485481,0.36231884057970404
2016-09-22,1878.42,1895.88,1868.22,1888.8600000000001,433797791.27,0.014725141342192409,0.37744034707157076
2016-09-23,1875.48,1903.92,1872.66,1875.48,275241693.84,0.016667733060337073,0.0
2016-09-26,1870.1999999999998,1872.12,1852.08,1858.92,286345558.24,0.01071543150465242,-0.5628742514969662
2016-09-27,1858.6799999999998,1890.0,1845.0,1887.1799999999998,347403732.01,0.02421073019562323,0.6333333333333192
2016-09-28,1895.94,1895.94,1852.44,1863.3000000000002,316643922.65000004,0.02294376404316644,-0.7503448275861867
2016-09-29,1861.02,1874.8200000000002,1824.2400000000002,1834.6799999999998,346731892.28,0.027178643969436603,-0.5207591933570515
2016-09-30,1839.54,1886.28,1836.2400000000002,1878.1799999999998,664840347.6099999,0.02720245278711021,0.7721822541966288
2016-10-03,1878.0,1878.0,1853.1000000000001,1869.54,311953937.11999995,0.013258785942492465,-0.33975903614456804
2016-10-04,1871.6399999999999,1883.9994000000002,1859.31,1868.88,284707671.04,0.013191318843367952,-0.11178886485696814
2016-10-05,1879.62,1879.92,1851.6000000000001,1858.1999999999998,302658351.09999996,0.015066875219459742,-0.7563559322033674
2016-10-06,1849.8000000000002,1859.34,1823.52,1835.94,264709501.08,0.019364255595199976,-0.3869346733668276
2016-10-07,1843.8600000000001,1848.0,1813.29,1833.54,466328506.46,0.018824639614721844,-0.2973206568712145
2016-10-10,1848.0,1852.1999999999998,1825.62,1827.54,300704040.78,0.014383116883117377,-0.7697516930022319
2016-10-11,1824.78,1827.12,1777.92,1789.8000000000002,445833512.3,0.026962154341893706,-0.7109756097560814
2016-10-12,1789.7400000000002,1794.72,1748.94,1751.28,532307101.71999997,0.025579134399410498,-0.8401048492791491
2016-10-13,1735.1399999999999,1779.72,1733.466,1766.46,462704471.53000003,0.026657214979771728,0.6771306265403942
2016-10-14,1773.78,1784.04,1740.78,1743.0,334017771.5,0.02438859385042168,-0.7115117891816751
2016-10-17,1739.34,1760.52,1729.5,1750.02,352825907.25,0.01783435096070979,0.34429400386846315
2016-10-18,1757.22,1791.42,1755.78,1770.3000000000002,340225695.6,0.020282036398402637,0.36700336700336
2016-10-19,1777.56,1779.216,1754.94,1770.84,291645542.4,0.013656922973064665,-0.2768166089965314
2016-10-20,1763.1000000000001,1801.9140000000002,1762.62,1797.96,396662638.94000006,0.022286881061766947,0.887158344785431
2016-10-21,1794.42,1794.42,1738.6799999999998,1743.8999999999999,455598525.4,0.03106296184839737,-0.9063509149623087
2016-10-24,1753.8000000000002,1760.4299999999998,1740.0,1744.6799999999998,316160150.73999995,0.011648990762915283,-0.4464023494860486
2016-10-25,1745.04,1746.48,1711.6499999999999,1716.0,525682586.0,0.01995942786411838,-0.8337639965546655
2016-10-26,1769.88,1808.04,1747.8000000000002,1778.7599999999998,788614431.8399999,0.03403620584446446,0.1474103585657294
2016-10-27,1788.0,1804.6799999999998,1743.06,1745.34,452135563.02,0.03446308724832263,-0.6923076923076836
2016-10-28,1741.7400000000002,1742.8200000000002,1682.04,1701.84,534513907.2,0.03489613834441487,-0.656465942744316
2016-10-31,1709.46,1710.0,1675.38,1681.08,405950840.74,0.02025200940647975,-0.8197573656845574
2016-11-01,1680.1799999999998,1711.08,1677.1799999999998,1695.3600000000001,387514651.52,0.020176409670393098,0.44778761061946315
2016-11-02,1693.8600000000001,1693.8600000000001,1662.54,1663.56,299957889.9,0.018490312068294393,-0.9674329501915407
2016-11-03,1665.8999999999999,1671.3959999999997,1637.88,1640.94,385050399.86,0.020118854673150013,-0.7447189402076425
2016-11-04,1616.34,1679.58,1608.0,1662.0,362204923.0,0.0442852370169648,0.6378876781223735
2016-11-07,1743.84,1783.62,1735.38,1773.72,647393314.62,0.02766308835673041,0.6194029850746191
2016-11-08,1771.1999999999998,1794.42,1755.3000000000002,1773.6000000000001,304766260.40000004,0.022086720867209166,0.06134969325154048
2016-11-09,1872.0,1973.88,1858.08,1919.16,1366351719.48,0.06185897435897496,0.4072538860103593
2016-11-10,1931.6999999999998,1978.98,1916.94,1946.3999999999999,864765731.5999999,0.03211678832116837,0.23694390715667016
2016-11-11,1921.7400000000002,1935.8616,1886.8374,1915.08,516904988.04,0.025510318773611953,-0.1358512734527063
2016-11-14,1918.38,1948.98,1905.21,1928.94,503039260.88,0.022816126106402778,0.2412611377655862
2016-11-15,1929.3000000000002,1938.8999999999999,1887.66,1935.48,543025688.14,0.02655885554346175,0.12060889929741885
2016-11-16,1938.8999999999999,1951.8000000000002,1904.34,1905.8999999999999,363190845.2,0.02447779668884483,-0.6953223767382875
2016-11-17,1909.38,1921.41,1892.1000000000001,1915.8000000000002,462794058.6,0.01535053263363025,0.21903787103377229
2016-11-18,1913.16,1926.0,1879.8600000000001,1902.0,407338660.0,0.024117167408894632,-0.24187256176852776
2016-11-21,1910.16,1921.848,1899.09,1909.92,422878888.71999997,0.011914185199146157,-0.01054574215660419
2016-11-22,1924.7400000000002,1926.0,1884.12,1908.66,484234040.42,0.02175878300445831,-0.3839541547277872
2016-11-23,1762.92,1853.28,1762.8000000000002,1835.58,1645294599.3,0.051323939827105446,0.8030503978779755
2016-11-25,1838.7599999999998,1842.8999999999999,1814.34,1831.1999999999998,226332352.4,0.015532206486980863,-0.2647058823529305
2016-11-28,1826.16,1835.04,1807.8000000000002,1822.6799999999998,373262991.84,0.014916546195295465,-0.12775330396476306
2016-11-29,1828.38,1844.52,1815.1799999999998,1816.62,420709511.95,0.016046992419519537,-0.40081799591001227
2016-11-30,1820.04,1825.8000000000002,1763.6999999999998,1764.42,630448733.11,0.03412012922792979,-0.895652173913022
2016-12-01,1777.92,1779.8999999999999,1758.66,1774.6799999999998,495637362.87999994,0.011946544276458316,-0.15254237288136147
2016-12-02,1779.1799999999998,1799.6999999999998,1758.2400000000002,1783.1399999999999,424791498.4,0.02330286986139714,0.09551374819102702
2016-12-05,1793.6399999999999,1799.328,1736.88,1741.3200000000002,534240168.4200001,0.03481635110724607,-0.8378170637970629
2016-12-06,1750.5,1766.6999999999998,1740.0,1746.96,457881418.76000005,0.015252784918595146,-0.13258426966291592
2016-12-07,1713.0,1733.8200000000002,1683.0,1711.8000000000002,557351238.6,0.029667250437829036,-0.023612750885474036
2016-12-08,1714.8000000000002,1757.8200000000002,1671.48,1737.2400000000002,1380462731.66,0.05034989503149118,0.2599027102154246
2016-12-09,1831.44,1841.88,1690.7400000000002,1726.62,1800665235.3899999,0.08252522605163193,-0.6935291782453326
2016-12-12,1735.1999999999998,1745.6999999999998,1704.42,1718.94,507729324.09000003,0.023789764868603465,-0.39389534883719646
2016-12-13,1720.5,1737.0,1708.8600000000001,1724.28,458688942.28,0.016355710549259436,0.1343283582089501
2016-12-14,1729.2599999999998,1739.7599999999998,1711.44,1717.5,370940497.5,0.016376947364769148,-0.4152542372881169
2016-12-15,1722.96,1731.1799999999998,1710.12,1721.8200000000002,489061448.25000006,0.012223150856665815,-0.05413105413104566
2016-12-16,1725.72,1734.5394000000001,1716.0,1718.3999999999999,650077307.1999999,0.010742994228496571,-0.3948347842972116
2016-12-19,1719.54,1743.06,1637.7599999999998,1672.62,705014069.0899999,0.06123730765204713,-0.4455840455840413
2016-12-20,1685.88,1720.02,1674.78,1713.54,631041377.54,0.026834650153036387,0.6114058355437497
2016-12-21,1710.3600000000001,1713.8999999999999,1686.0,1698.66,387886179.90000004,0.01631235529362289,-0.4193548387096661
2016-12-22,1690.98,1699.02,1680.12,1698.42,300253481.28,0.01117695064400589,0.3936507936507739
2016-12-23,1698.3000000000002,1730.28,1690.8600000000001,1725.1799999999998,320777093.9,0.02321144674085899,0.6818873668188502
2016-12-27,1771.02,1778.28,1744.5,1746.72,418992131.04,0.019073754107802824,-0.7193605683836368
2016-12-28,1751.94,1752.66,1731.0,1735.5,297129748.5,0.012363437104011022,-0.7590027700830672
2016-12-29,1733.7599999999998,1742.46,1711.38,1722.1799999999998,321410740.42999995,0.017926356589147815,-0.37258687258685913
2016-12-30,1726.7400000000002,1731.3600000000001,1695.84,1701.48,376316331.59999996,0.020570554918517663,-0.7111486486486306
2017-01-03,1714.92,1759.1999999999998,1709.16,1750.2599999999998,514103869.79999995,0.0291792036946334,0.7062350119903911
2017-01-04,1749.54,1780.98,1740.2400000000002,1764.3000000000002,372451081.25,0.02328612092321454,0.36229749631811325
2017-01-05,1768.8600000000001,1777.92,1753.3103999999998,1761.42,343050342.79,0.013912689528849774,-0.3023210454456669
2017-01-06,1767.54,1778.46,1754.34,1770.0,317973420.0,0.01364608438847274,0.10199004975124057
2017-01-09,1772.34,1800.0,1766.46,1794.12,427352207.52,0.01892413419547093,0.649373881932002
2017-01-10,1802.52,1808.52,1778.58,1786.7400000000002,418812451.58000004,0.016610079222422518,-0.5270541082164059
2017-01-11,1781.6999999999998,1787.4299999999998,1710.0059999999999,1722.66,702773789.61,0.04345512712577928,-0.7625542467451824
2017-01-12,1719.66,1733.94,1710.2400000000002,1726.62,389846335.54999995,0.013781794075573546,0.29367088607593117
2017-01-13,1728.42,1739.16,1705.5,1708.5,486519863.5,0.01947443329746304,-0.591800356506222
2017-01-17,1705.6799999999998,1718.1000000000001,1686.48,1698.06,557823181.37,0.01853806106655475,-0.24098671726754023
2017-01-18,1708.7400000000002,1716.96,1697.22,1701.66,306184505.17,0.011552371923172041,-0.3586626139817524
2017-01-19,1696.44,1709.04,1675.38,1682.1000000000001,398146061.25000006,0.01984155054113369,-0.4260249554367069
2017-01-20,1692.42,1695.3600000000001,1676.46,1683.96,555456731.94,0.011167440706208316,-0.44761904761902377
2017-01-23,1682.1000000000001,1696.3200000000002,1652.94,1656.12,512839087.55999994,0.025789192081327558,-0.5988934993084274
2017-01-24,1654.44,1670.3999999999999,1628.8200000000002,1642.92,540436891.08,0.025132371074200743,-0.27705627705627195
2017-01-25,1647.2400000000002,1666.6799999999998,1628.58,1639.44,761245820.28,0.023129598601297253,-0.20472440944881878
2017-01-26,1668.0,1714.6799999999998,1662.0,1673.34,674244185.11,0.031582733812950126,0.10136674259680777
2017-01-27,1682.7599999999998,1691.88,1663.7400000000002,1669.2599999999998,375547054.48999995,0.016722527276617497,-0.47974413646053954
2017-01-30,1669.62,1673.4030000000002,1645.3200000000002,1656.3600000000001,358745215.14,0.016819994968915723,-0.472171776519576
2017-01-31,1650.06,1668.0,1631.3999999999999,1663.44,514263842.84000003,0.022181011599578877,0.3655737704917949
2017-02-01,1673.88,1692.42,1665.0606000000002,1690.1399999999999,478189056.68,0.01634489927593424,0.5943112787560866
2017-02-02,1582.56,1587.12,1563.0,1585.38,721539730.98,0.015241128298453694,0.11691542288557462
2017-02-03,1589.88,1596.0,1570.56,1588.02,406650898.15000004,0.01600120763831298,-0.0731132075471718
2017-02-06,1586.7599999999998,1594.38,1579.1058,1589.46,428639744.78000003,0.009626030401573683,0.17676866873552033
2017-02-07,1616.8200000000002,1618.02,1587.366,1596.66,411327823.66,0.018959438898579293,-0.6576629477392649
2017-02-08,1592.58,1614.06,1592.58,1612.44,513384234.12,0.013487548506198122,0.9245810055865543
2017-02-09,1609.44,1626.96,1606.44,1622.6399999999999,378522698.2,0.01274977631971429,0.64327485380113
2017-02-10,1624.08,1658.46,1619.88,1648.56,453039125.03999996,0.02375498743904297,0.6345256609642154
2017-02-13,1657.6799999999998,1678.56,1650.96,1673.46,500784299.5500001,0.01664977558998172,0.5717391304347711
2017-02-14,1679.16,1716.3600000000001,1674.06,1710.84,685200829.62,0.02519116701207816,0.7489361702127412
2017-02-15,1707.42,1757.34,1705.44,1755.84,759610622.88,0.030396738939452998,0.9329479768785942
2017-02-16,1755.0,1763.88,1726.5714000000003,1740.78,531949003.05,0.021258461538462007,-0.3811453659477897
2017-02-17,1740.0,1751.3999999999999,1726.56,1733.6399999999999,583566050.26,0.014275862068966036,-0.25603864734299087
2017-02-21,1734.96,1739.46,1717.3200000000002,1721.3999999999999,421363431.29999995,0.012761101120487423,-0.6124661246612303
2017-02-22,1726.5,1736.58,1711.3200000000002,1725.78,300334329.46999997,0.014630755864466116,-0.02850356294536839
2017-02-23,1726.5,1728.66,1700.16,1708.5,403277187.5,0.016507384882711255,-0.6315789473683989
2017-02-24,1710.06,1714.8600000000001,1596.0,1710.78,504264950.71999997,0.06950633311111953,0.006057546693589269
2017-02-27,1712.34,1747.5,1705.62,1746.78,376398483.44,0.024457759557097943,0.8223495702005525
2017-02-28,1740.78,1748.52,1723.1399999999999,1731.6000000000001,361072077.6,0.014579671181884612,-0.36170212765955223
2017-03-01,1740.42,1765.02,1734.84,1759.56,387004078.12,0.017340641914021356,0.63419483101389
2017-03-02,1761.84,1781.58,1746.0,1761.54,375696847.34999996,0.020194796349271734,-0.00843170320404572
2017-03-03,1758.72,1788.0,1758.72,1787.1000000000001,348749288.65000004,0.016648471615721066,0.9692622950819388
2017-03-06,1782.54,1787.3999999999999,1766.3999999999999,1773.96,412615704.50000006,0.011780941802148052,-0.40857142857140566
2017-03-07,1763.34,1763.34,1744.02,1746.6000000000001,377586392.20000005,0.010956480315764926,-0.8664596273291393
2017-03-08,1741.08,1768.9026,1732.3200000000002,1764.54,368095101.69,0.021011441174443857,0.6412884814091827
2017-03-09,1747.62,1769.52,1742.6399999999999,1758.3600000000001,375456749.6,0.01538091804854665,0.3995535714285638
2017-03-10,1759.8600000000001,1763.3999999999999,1736.6999999999998,1753.44,378524444.48,0.015171661382155983,-0.24044943820224052
2017-03-13,1749.3000000000002,1763.1000000000001,1740.8999999999999,1757.6999999999998,378395605.34999996,0.012690790601955786,0.3783783783783403
2017-03-14,1753.62,1760.34,1741.08,1754.8200000000002,233303319.00000003,0.010982995175694267,0.06230529595016673
2017-03-15,1758.84,1767.3600000000001,1736.34,1755.84,402628158.71999997,0.017636624138637508,-0.09671179883945465
2017-03-16,1710.06,1712.58,1654.1999999999998,1673.7599999999998,1078250697.9199998,0.03413915301217564,-0.6217882836587786
2017-03-17,1656.42,1683.66,1647.66,1656.54,866114484.5699999,0.02173361828521811,0.003333333333330209
2017-03-20,1661.16,1671.66,1637.8200000000002,1648.8000000000002,458051754.0,0.02037130679766001,-0.3652482269503417
2017-03-21,1658.3999999999999,1708.2599999999998,1647.2400000000002,1654.7400000000002,1058924111.3700001,0.0367945007235893,-0.05998033431661087
2017-03-22,1658.58,1671.2400000000002,1649.58,1667.22,369273113.54,0.013059364034295178,0.3988919667589833
2017-03-23,1662.1799999999998,1676.3394,1648.1399999999999,1652.46,441061678.93000007,0.016965310616179466,-0.3446881848549752
2017-03-24,1662.48,1668.6000000000001,1637.22,1648.92,375972172.94,0.018875415042587634,-0.4321223709368855
2017-03-27,1635.3000000000002,1660.2599999999998,1634.04,1651.38,312015039.96000004,0.016033755274262082,0.6132723112127932
2017-03-28,1653.54,1660.2599999999998,1635.0,1644.66,314653335.99,0.0152763162669187,-0.35154394299285885
2017-03-29,1643.46,1643.46,1609.1999999999998,1611.1799999999998,706655760.6299999,0.020846263371181045,-0.9422066549912157
2017-03-30,1612.1399999999999,1620.42,1606.44,1614.3600000000001,389817356.72,0.008671703450073202,0.15879828326180923
2017-03-31,1615.8000000000002,1650.0,1608.12,1640.52,750659571.9000001,0.02591904938730108,0.5902578796561401
2017-04-03,1644.48,1648.7400000000002,1627.7400000000002,1636.1399999999999,433308500.35,0.012769994162288982,-0.3971428571428452
2017-04-04,1638.0,1648.38,1635.42,1645.44,297883327.36,0.00791208791208854,0.5740740740740323
2017-04-05,1646.88,1647.9299999999998,1620.42,1622.6399999999999,362438820.08,0.016704313611192526,-0.8811341330425142
2017-04-06,1620.84,1635.6000000000001,1616.04,1625.6399999999999,439776802.88,0.01206781668764416,0.24539877300611795
2017-04-07,1623.6000000000001,1625.04,1603.92,1612.38,450268132.93,0.013008130081301352,-0.5312499999999789
2017-04-10,1612.08,1622.3999999999999,1608.84,1615.8000000000002,231860567.5,0.008411493226143206,0.27433628318584036
2017-04-11,1614.48,1619.97,1602.6000000000001,1611.8999999999999,335056787.54999995,0.01075888211684312,-0.14853195164076122
2017-04-12,1622.22,1623.84,1606.62,1613.52,284534570.88,0.010615083034360947,-0.5052264808362095
2017-04-13,1614.54,1638.84,1605.03,1631.28,318788815.8,0.0209409491248287,0.4951197870452393
2017-04-17,1629.0,1647.84,1626.0005999999998,1644.3000000000002,281130629.85,0.013406629834254792,0.7005686969421978
2017-04-18,1643.58,1651.08,1618.3200000000002,1626.96,374065491.16,0.019932099441463604,-0.5073260073259921
2017-04-19,1636.3200000000002,1644.0,1626.48,1631.6399999999999,323313545.1,0.010706952185392202,-0.26712328767123455
2017-04-20,1633.1999999999998,1641.78,1624.6799999999998,1634.7599999999998,267326308.67999998,0.010470242468773651,0.09122807017542935
2017-04-21,1636.3200000000002,1649.3999999999999,1629.72,1637.6399999999999,307229179.26,0.012026987386330804,0.06707317073168968
2017-04-24,1649.58,1672.1399999999999,1647.66,1661.16,555517098.26,0.014840141126832756,0.47303921568626556
2017-04-25,1740.0,1751.3999999999999,1715.3999999999999,1721.34,896146817.4,0.02068965517241436,-0.5183333333333212
2017-04-26,1711.6799999999998,1719.72,1677.42,1679.88,600323316.7,0.024712563095906324,-0.7517730496453666
2017-04-27,1677.42,1687.3200000000002,1653.6000000000001,1659.42,627350368.68,0.020102299960654463,-0.5338078291814784
2017-04-28,1662.54,1663.6799999999998,1626.3600000000001,1627.2599999999998,488444057.01,0.022447580208596902,-0.9453376205787655
2017-05-01,1628.1000000000001,1642.8600000000001,1623.0,1626.1799999999998,311678808.36999995,0.012198267919661637,-0.09667673716013048
2017-05-02,1629.06,1639.5,1618.3200000000002,1628.04,373543738.41999996,0.013001362749070522,-0.04815864022662614
2017-05-03,1628.6399999999999,1635.0,1620.5280000000002,1628.16,252026142.72,0.008885941644562792,-0.03316749585404684
2017-05-04,1626.78,1635.1872,1605.66,1611.6000000000001,307050358.6,0.018150702614982344,-0.5141022514833552
2017-05-05,1609.92,1617.0,1566.0,1572.8999999999999,500926181.6999999,0.031678592725104954,-0.7258823529411663
2017-05-08,1575.12,1581.6000000000001,1559.94,1562.52,517048805.64000005,0.01375133323175445,-0.5817174515235125
2017-05-09,1565.94,1581.96,1561.6799999999998,1567.6799999999998,302818294.4,0.01295068776581554,0.08579881656803151
2017-05-10,1563.78,1573.8000000000002,1542.12,1547.52,386840538.24,0.020258604151479922,-0.5132575757575546
2017-05-11,1543.62,1549.1399999999999,1516.1399999999999,1524.9,469861337.40000004,0.02137831849807659,-0.567272727272704
2017-05-12,1532.46,1537.8000000000002,1519.8000000000002,1529.04,285348170.6,0.011745820445558766,-0.1899999999999935
2017-05-15,1523.82,1559.6999999999998,1523.82,1551.1799999999998,426730393.59,0.023546088120644737,0.7625418060200453
2017-05-16,1556.6399999999999,1563.69,1539.6000000000001,1545.84,270445480.91999996,0.015475639839655221,-0.4483188044831691
2017-05-17,1532.28,1536.84,1507.02,1508.04,355224854.16,0.019461195081839428,-0.8128772635814637
2017-05-18,1513.3799999999999,1524.9,1509.54,1516.8600000000001,314133363.27,0.010149466756532477,0.22656249999999936
2017-05-19,1520.46,1528.92,1498.26,1500.54,497775634.74,0.02016495008089727,-0.6497064579256155
2017-05-22,1504.1399999999999,1506.0,1494.03,1500.24,332843996.52,0.00795803582113435,-0.32581453634081275
2017-05-23,1505.82,1505.82,1487.82,1488.6,249593562.0,0.0119536199545769,-0.9566666666666152
2017-05-24,1495.8000000000002,1526.2068,1476.72,1519.98,566316175.0400001,0.03308383473726492,0.4886151458570648
2017-05-25,1515.9,1526.694,1512.0,1517.82,392774376.44,0.009693251533742958,0.13066557778683272
2017-05-26,1515.54,1521.72,1503.06,1504.8000000000002,208913892.0,0.012312443089592534,-0.5755627009645852
2017-05-30,1502.4,1509.3000000000002,1478.04,1479.24,336567286.02,0.020806709265176516,-0.7408829174663846
2017-05-31,1483.8600000000001,1487.8799999999999,1465.68,1486.6200000000001,469234011.33000004,0.014960980146375535,0.12432432432431935
2017-06-01,1500.18,1518.66,1491.66,1514.28,390659506.76,0.017997840259169555,0.5222222222221995
2017-06-02,1517.8799999999999,1549.56,1512.84,1539.8999999999999,441688233.74999994,0.024191635702427734,0.5996732026143617
2017-06-05,1544.22,1555.44,1534.3799999999999,1551.0,407988740.5,0.01363795314139252,0.32193732193730273
2017-06-06,1542.3600000000001,1549.8000000000002,1529.76,1542.96,277917698.04,0.012993075546565766,0.029940119760472728
2017-06-07,1546.2599999999998,1551.42,1530.66,1532.58,294342717.06,0.013425943890420098,-0.658959537572215
2017-06-08,1531.5,1548.66,1527.1200000000001,1543.02,292615483.93,0.01406464250734636,0.5348189415041535
2017-06-09,1537.8600000000001,1574.22,1529.22,1559.34,409540379.58,0.02926144122351903,0.47733333333331807
2017-06-12,1561.38,1592.88,1557.42,1572.66,413281156.17,0.0227106790147184,0.3181049069373842
2017-06-13,1571.8200000000002,1572.72,1557.3000000000002,1568.52,342717175.86,0.009810283620262393,-0.2140077821011674
2017-06-14,1533.3600000000001,1544.28,1505.28,1520.22,777014846.4,0.025434340272343727,-0.33692307692307083
2017-06-15,1521.6,1534.56,1518.9,1530.1200000000001,368169568.78000003,0.010291798107256077,0.5440613026819761
2017-06-16,1532.94,1540.62,1505.34,1510.44,611093311.72,0.023014599397237302,-0.6377551020407987
2017-06-19,1519.3799999999999,1573.6799999999998,1517.6399999999999,1563.2400000000002,505043502.46000004,0.036883465624136774,0.7826552462526695
2017-06-20,1564.92,1614.0,1557.66,1596.0,598542294.0,0.036001840349667004,0.5516506922257618
2017-06-21,1596.66,1678.8600000000001,1596.66,1671.6000000000001,864860208.8000001,0.05148246965540628,0.9116788321167775
2017-06-22,1679.16,1705.2599999999998,1669.8000000000002,1683.42,776805741.9,0.02111770170799719,0.12013536379018389
2017-06-23,1693.98,1706.79,1665.48,1681.92,683757384.96,0.02438635639145735,-0.29193899782134275
2017-06-26,1690.44,1697.34,1665.84,1678.8600000000001,351124335.27,0.018634201746291486,-0.36761904761903363
2017-06-27,1674.0,1676.3999999999999,1627.1999999999998,1627.5,469628687.5,0.02939068100358484,-0.945121951219492
2017-06-28,1627.5,1653.06,1614.54,1647.84,321927789.84,0.02366820276497755,0.5280373831775544
2017-06-29,1650.0,1651.1999999999998,1613.46,1631.28,281436853.88,0.022872727272727735,-0.49602543720189823
2017-06-30,1642.1999999999998,1656.54,1617.48,1628.16,372564254.72,0.023785166240409772,-0.35944700460827944
2017-07-03,1635.72,1650.66,1632.72,1635.12,166906236.6,0.01096764727459531,-0.033444816053517346
2017-07-05,1637.8200000000002,1670.2140000000002,1635.66,1666.2599999999998,368240405.19,0.021097556508041827,0.8230595589511693
2017-07-06,1653.42,1661.34,1626.0,1631.7599999999998,356171054.2,0.021373879595021773,-0.6129032258064444
2017-07-07,1631.3999999999999,1649.16,1624.8006,1643.58,239613145.32,0.014931592497242269,0.5000123155742563
2017-07-10,1641.0,1644.48,1621.8600000000001,1641.48,251633685.98,0.013784277879342399,0.021220159151193605
2017-07-11,1638.6000000000001,1644.6000000000001,1617.0,1630.56,250856220.79999998,0.01684364701574583,-0.2913043478260819
2017-07-12,1644.8999999999999,1658.6999999999998,1633.98,1650.48,386492901.59999996,0.015028269195696265,0.22572815533980478
2017-07-13,1656.2400000000002,1684.5,1635.66,1670.16,396008575.64000005,0.0294884799304454,0.2850122850122765
2017-07-14,1678.44,1688.04,1666.62,1684.8600000000001,253244847.97,0.012761850289555217,0.29971988795517046
2017-07-17,1680.6000000000001,1705.8600000000001,1677.06,1695.8999999999999,432931613.2,0.017136736879686518,0.5312499999999688
2017-07-18,1698.06,1702.08,1681.8600000000001,1695.6000000000001,317220195.6,0.011907706441468963,-0.12166172106823502
2017-07-19,1701.12,1715.04,1683.06,1691.6999999999998,299871587.84999996,0.01879937923250623,-0.29455909943714115
2017-07-20,1693.08,1705.92,1684.5,1688.6399999999999,295272776.0,0.012651499043164564,-0.2072829131652583
2017-07-21,1681.5,1698.0,1680.12,1697.52,276677936.04,0.010633363068689323,0.8959731543623596
2017-07-24,1698.0,1712.1000000000001,1680.06,1708.1999999999998,419004662.7,0.018869257950530727,0.3183520599250761
2017-07-25,1740.06,1751.46,1681.44,1697.7599999999998,879893547.8399999,0.040239991724423836,-0.60411311053984
2017-07-26,1731.3000000000002,1781.6999999999998,1710.12,1773.66,881267802.24,0.04134465430601333,0.5917854149203597
2017-07-27,1770.84,1780.8000000000002,1710.1799999999998,1727.6999999999998,495674538.45,0.039879379277631695,-0.6108751062021989
2017-07-28,1724.88,1735.8084,1703.997,1724.6399999999999,249830488.07999998,0.018442674272993367,-0.007544465191730961
2017-07-31,1725.6000000000001,1745.7599999999998,1725.54,1737.54,369159775.53,0.011717663421419092,0.5905044510385438
2017-08-01,1744.8000000000002,1751.16,1737.3000000000002,1746.8999999999999,347785662.59999996,0.007943603851444802,0.1515151515151187
2017-08-02,1740.8999999999999,1749.72,1723.02,1728.0,368453952.0,0.015336894709633541,-0.4831460674157063
2017-08-03,1733.1000000000001,1734.06,1710.0,1716.54,252472708.45999998,0.013882638047429998,-0.6882793017456161
2017-08-04,1721.34,1731.78,1706.7006000000001,1729.62,215037024.39,0.014569695702185992,0.3301514390296296
2017-08-07,1735.08,1747.02,1729.02,1746.06,301372866.09999996,0.010374161421952296,0.6099999999999671
2017-08-08,1747.08,1750.1999999999998,1731.0,1735.56,266573338.2,0.010989765780617262,-0.5999999999999736
2017-08-09,1714.7400000000002,1736.8200000000002,1714.38,1732.44,224501702.28,0.01308653206900232,0.7887700534758907
2017-08-10,1720.3200000000002,1722.6731999999997,1685.28,1686.8999999999999,351371148.59999996,0.021736188616071853,-0.8937453868617724
2017-08-11,1694.3999999999999,1715.3999999999999,1687.7400000000002,1702.08,206284152.96,0.016324362606232656,0.27765726681127584
2017-08-14,1710.48,1719.48,1704.0,1716.3000000000002,225057274.8,0.009050091202470073,0.37596899224804786
2017-08-15,1722.6000000000001,1738.2599999999998,1713.078,1727.52,248097208.96,0.014618599791014032,0.19537765070287078
2017-08-16,1746.96,1781.46,1741.7400000000002,1764.48,493163337.59999996,0.022736639648303785,0.441087613293042
2017-08-17,1758.42,1764.0,1705.7400000000002,1706.52,447943865.96000004,0.0331320162418539,-0.8908341915550877
2017-08-18,1699.8600000000001,1714.02,1689.8976000000002,1690.62,229355989.91,0.014190815714235718,-0.38304646303850165
2017-08-21,1685.6999999999998,1704.3000000000002,1683.6000000000001,1698.8999999999999,237929529.24999997,0.012279765082755552,0.6376811594202599
2017-08-22,1704.78,1728.8999999999999,1698.66,1720.3200000000002,270919434.24,0.017738359201774283,0.513888888888882
2017-08-23,1716.0,1716.0,1693.56,1695.84,295857376.96,0.013076923076923683,-0.8983957219250952
2017-08-24,1701.96,1714.8000000000002,1690.8000000000002,1712.6999999999998,228783322.35,0.01410138898681578,0.4474999999999723
2017-08-25,1723.8600000000001,1739.1000000000001,1709.34,1710.3600000000001,256687693.14000002,0.017263582889562493,-0.45362903225804596
2017-08-28,1728.72,1773.0,1722.0,1753.8000000000002,422854041.2,0.029501596556990705,0.49176470588234633
2017-08-29,1736.16,1762.8000000000002,1736.16,1761.48,265188758.94,0.01534420790710596,0.9504504504504089
2017-08-30,1748.7599999999998,1832.94,1748.7599999999998,1822.5,580643032.5,0.04813696562135528,0.8759800427654919
2017-08-31,1827.54,1901.1000000000001,1825.1399999999999,1899.3600000000001,792527270.16,0.041564069733084484,0.9454976303317401
2017-09-01,1902.96,1932.72,1882.08,1926.06,668618567.59,0.02661117417076611,0.45616113744074654
2017-09-05,1911.78,1918.92,1875.2400000000002,1894.98,525186442.90999997,0.02284781721746269,-0.3846153846153762
2017-09-06,1904.88,1931.3999999999999,1885.6799999999998,1904.16,481297068.40000004,0.02400151190626234,-0.015748031496063235
2017-09-07,1904.16,1954.614,1890.0,1943.3999999999999,508960588.9,0.03393307285102144,0.607298727829869
2017-09-08,1960.38,1979.04,1942.1399999999999,1957.98,466601318.84999996,0.018822881278120096,-0.0650406504065046
2017-09-11,1977.6000000000001,1979.6999999999998,1936.92,1959.2400000000002,424433753.14000005,0.021632281553398424,-0.42917251051892424
2017-09-12,1960.92,1978.92,1946.6399999999999,1978.1399999999999,344716281.13,0.016461660853069573,0.5334572490706059
2017-09-13,1977.42,1980.0,1940.3999999999999,1944.3000000000002,376191265.25,0.020026094608126304,-0.8363636363636096
2017-09-14,1938.42,1957.1999999999998,1917.54,1941.96,367816933.8,0.02045996223728647,0.08925869894099564
2017-09-15,1949.46,1955.94,1922.22,1927.56,715941081.66,0.017297097657813454,-0.6494661921708014
2017-09-18,1929.0,1930.8594000000003,1905.5700000000002,1909.08,305751571.02,0.013110108864697304,-0.7876817955348564
2017-09-19,1910.58,1916.6399999999999,1898.7599999999998,1907.58,228648897.4,0.009358414722231522,-0.16778523489931846
2017-09-20,1911.66,1929.6000000000001,1899.12,1914.0,262144630.0,0.01594425787012399,0.07677165354330127
2017-09-21,1898.34,1907.7599999999998,1886.6399999999999,1890.1799999999998,292077229.22999996,0.011125509655805008,-0.386363636363624
2017-09-22,1867.8000000000002,1916.04,1867.8000000000002,1910.7599999999998,314496446.84,0.025827176357212097,0.8905472636815689
2017-09-25,1909.6799999999998,1929.0,1901.7599999999998,1905.06,407867948.33,0.014264169913284542,-0.1696035242290632
2017-09-26,1909.2599999999998,1923.0,1884.0,1902.3600000000001,291138125.58,0.02042676220106271,-0.17692307692306306
2017-09-27,1911.42,1912.5,1870.38,1876.8000000000002,336193060.8,0.022035973255485907,-0.821937321937302
2017-09-28,1876.5,1887.42,1853.28,1860.0,296721460.0,0.018193445243805534,-0.4833040421792463
2017-09-29,1854.54,1881.6239999999998,1818.0,1878.72,514690373.76,0.03430715972694079,0.38004526593737836
2017-10-02,1891.1399999999999,1902.78,1878.72,1897.02,527915056.23,0.012722484850408184,0.24438902743141638
2017-10-03,1902.66,1906.8000000000002,1883.46,1904.34,270030016.37,0.012267036674971424,0.07197943444729023
2017-10-04,1881.42,1899.3000000000002,1836.0,1889.52,336220244.04,0.03364480020410177,0.12796208530805303
2017-10-05,1924.3200000000002,1985.88,1921.6548,1960.44,704103788.64,0.033375530057371455,0.5623960688327835
2017-10-06,1951.2599999999998,1971.0,1947.6000000000001,1964.88,334533264.24,0.011992251160788852,0.5820512820512754
2017-10-09,1964.7599999999998,1993.44,1957.9499999999998,1974.06,296912771.43,0.01806327490380567,0.26204564666102725
2017-10-10,1971.3000000000002,1997.22,1969.5,1996.98,333227399.02,0.01406178663825953,0.9264069264068863
2017-10-11,1992.72,1999.98,1975.62,1999.1399999999999,312515893.69,0.012224497169698258,0.2635467980295381
2017-10-12,1997.58,2005.92,1980.2400000000002,1999.8600000000001,377084268.92,0.012855555221818813,0.08878504672897687
2017-10-13,1999.56,2033.6399999999999,1992.42,2025.84,458764973.59999996,0.020614535197743897,0.6375545851528254
2017-10-16,2026.38,2066.2200000000003,1999.02,2014.08,394602246.08,0.03316258549729134,-0.18303571428571355
2017-10-17,2058.7200000000003,2091.8999999999996,2038.1399999999999,2066.82,556278747.01,0.026113313126603296,0.15066964285713902
2017-10-18,2079.36,2093.04,2061.2400000000002,2067.48,429692982.9,0.015293167128347525,-0.3735849056603723
2017-10-19,2060.3999999999996,2076.66,2028.66,2054.52,437074475.76000005,0.023296447291788373,-0.12249999999999082
2017-10-20,2058.0,2059.86,2003.58,2028.6000000000001,640906417.2,0.027346938775510775,-0.522388059701479
2017-10-23,2011.5,2013.06,1966.98,1971.3000000000002,617766322.5500001,0.022908277404922153,-0.8723958333333118
2017-10-24,1914.0,1926.66,1810.8600000000001,1894.38,1845361654.5800002,0.06050156739811959,-0.16943005181346918
2017-10-25,1907.7599999999998,1921.5,1878.0,1887.84,591472857.6,0.02280161026544271,-0.4579310344827445
2017-10-26,1860.0,1881.42,1830.72,1845.84,586087425.12,0.027258064516129582,-0.2792899408283982
2017-10-27,1844.6999999999998,1857.6000000000001,1830.0174000000002,1846.44,516880719.48,0.0149523499756063,0.0630832481347
2017-10-30,1846.44,1906.02,1843.1999999999998,1894.8000000000002,463715351.40000004,0.034022226554884606,0.7698185291308378
2017-10-31,1891.08,1901.16,1863.0,1869.96,341369301.16,0.02017894536455415,-0.5534591194968368
2017-11-01,1876.5,1919.6999999999998,1869.42,1894.38,424761040.90000004,0.02679456434852157,0.3556085918854384
2017-11-02,1896.0,1915.3200000000002,1851.54,1856.3999999999999,485571122.4,0.03363924050632973,-0.6208842897459923
2017-11-03,1858.7400000000002,1885.23,1849.2599999999998,1884.84,259582363.78,0.01935181897414444,0.7256046705587648
2017-11-06,1886.34,1916.3999999999999,1884.84,1892.8200000000002,336025078.79,0.01673081204872978,0.20532319391635145
2017-11-07,1895.6399999999999,1895.8500000000001,1862.7599999999998,1881.42,278280832.2,0.01745584604671845,-0.429737080689006
2017-11-08,1888.8600000000001,1888.8600000000001,1869.84,1875.48,385122628.65999997,0.010069565769830055,-0.7034700315457024
2017-11-09,1872.0,1883.8200000000002,1853.3999999999999,1859.7599999999998,277152903.71999997,0.016250000000000684,-0.40236686390531606
2017-11-10,1860.6000000000001,1870.1999999999998,1838.34,1862.6399999999999,254776245.35999998,0.017123508545630915,0.06403013182673191
2017-11-13,1862.8200000000002,1896.42,1851.42,1894.2599999999998,374671683.89,0.02415692337423958,0.6986666666666422
2017-11-14,1880.04,1886.6399999999999,1845.0,1858.1399999999999,375317336.96999997,0.02214846492627862,-0.5259365994236223
2017-11-15,1858.1399999999999,1879.1399999999999,1848.0,1861.6799999999998,399884830.35999995,0.01675869417804948,0.11368015414257754
2017-11-16,1864.3200000000002,1887.72,1858.08,1883.88,223928338.14000002,0.015898558187436213,0.6599190283400547
2017-11-17,1880.8200000000002,1896.0,1861.08,1883.8200000000002,282568918.39000005,0.01856636998755918,0.08591065292095955
2017-11-20,1881.6000000000001,1894.56,1854.9900000000002,1856.7599999999998,200736489.82,0.021029974489796283,-0.6277482941622423
2017-11-21,1865.22,1867.3200000000002,1836.66,1854.3600000000001,379013567.58,0.016437739247917707,-0.3542074363992015
2017-11-22,1853.46,1866.63,1842.8999999999999,1858.8000000000002,227182226.20000002,0.012803081803762278,0.22503160556257334
2017-11-24,1851.0,1862.1000000000001,1843.62,1853.8200000000002,158844566.70000002,0.00998379254457117,0.15259740259740118
2017-11-27,1860.42,1874.6999999999998,1842.06,1870.38,419976683.85,0.01754442545231768,0.30514705882352233
2017-11-28,1884.72,1904.34,1872.6006,1902.84,348868271.3,0.016840379472813423,0.5708992608555725
2017-11-29,1905.0,1927.7400000000002,1897.38,1919.7599999999998,435374051.44,0.01593700787401633,0.48616600790511255
2017-11-30,1924.1399999999999,1942.1399999999999,1906.56,1933.02,380765313.09000003,0.018491377966260727,0.24957841483979418
2017-12-01,1924.1999999999998,1938.42,1888.62,1916.1000000000001,385673566.05,0.025880885562831912,-0.1626506024096283
2017-12-04,1915.1999999999998,1930.5,1893.3600000000001,1904.3999999999999,288425188.79999995,0.01939223057644155,-0.2907915993537884
2017-12-05,1905.96,1933.5,1905.96,1919.22,292721673.49,0.014449411320280041,0.48148148148146436
2017-12-06,1914.0,1923.48,1870.5,1887.96,294540954.26000005,0.02768025078369958,-0.49150622876556177
2017-12-07,1892.52,1919.46,1871.7006000000001,1917.42,314885103.8,0.025235875974891093,0.5213633337102144
2017-12-08,1926.0,1965.3000000000002,1919.1000000000001,1954.62,365013557.28,0.0239875389408105,0.6194805194805031
2017-12-11,1962.54,1983.66,1935.96,1968.1799999999998,343537946.28,0.024305237090709503,0.11823899371068655
2017-12-12,1951.1999999999998,1967.3999999999999,1943.04,1966.5,245036388.0,0.012484624846248918,0.6280788177339744
2017-12-13,1969.2599999999998,1997.0700000000002,1963.5,1984.2599999999998,361965732.81,0.01704701258340755,0.44682752457549835
2017-12-14,1992.0,1992.0,1926.66,1941.3000000000002,374305288.5,0.03280120481927755,-0.7759412304866714
2017-12-15,1971.66,1980.69,1930.38,1967.6399999999999,643028031.4,0.025516569793981175,-0.07990459153250117
2017-12-18,1978.02,1982.52,1947.2400000000002,1955.6999999999998,322955823.3,0.017836017836018205,-0.6326530612244811
2017-12-19,1956.78,1970.31,1944.0,1962.12,262482275.98,0.013445558519609222,0.2029646522234788
2017-12-20,1984.5,2014.8000000000002,1975.8000000000002,2000.8200000000002,424654703.74,0.01965230536659158,0.4184615384615319
2017-12-21,1918.5,1971.6000000000001,1914.3000000000002,1935.12,711637799.8399999,0.029867083659109162,0.29005235602093565
2017-12-22,1938.96,1941.0,1912.5911999999998,1917.0,281347866.0,0.014651565787845619,-0.7729999155191047
2017-12-26,1916.6999999999998,1920.84,1897.5198,1918.6799999999998,209116613.42,0.012166849272187027,0.08490493220469564
2017-12-27,1919.58,1933.5,1913.22,1920.42,191695684.26,0.010564811052418218,0.04142011834320046
2017-12-28,1923.6000000000001,1934.25,1915.56,1921.98,157887133.37,0.009716157205240716,-0.08667736757624542
2017-12-29,1923.3000000000002,1936.5,1909.44,1911.42,192659030.34,0.014069567930120588,-0.43902439024389117
2018-01-02,1926.8999999999999,2012.58,1909.98,2005.02,475131928.59000003,0.053246146660439496,0.7614035087719243
2018-01-03,2000.7599999999998,2042.6999999999998,1996.2599999999998,2039.1000000000001,381026226.0,0.023211179751694875,0.8255813953488265
2018-01-04,2038.38,2048.3999999999996,2012.7599999999998,2039.94,328622434.35,0.017484472963824632,0.043771043771041164
2018-01-05,2052.0,2064.7200000000003,2034.3600000000001,2054.94,506494761.40000004,0.014795321637427443,0.09683794466402983
2018-01-08,2048.7,2051.64,1963.56,1977.8999999999999,473879786.59999996,0.042993117586762775,-0.8038147138964489
2018-01-09,1977.8999999999999,2036.94,1974.3600000000001,2018.16,443626549.44,0.031639617776430005,0.6433365292425635
2018-01-10,2007.54,2039.6399999999999,1991.0099999999998,2020.3200000000002,327044350.8,0.024223676738695663,0.26280074028377354
2018-01-11,2028.06,2031.2400000000002,1976.04,1998.42,326348314.33,0.027218129641135496,-0.5369565217391157
2018-01-12,1999.8600000000001,2019.66,1989.0660000000003,2015.6999999999998,297536805.09999996,0.01529807086496095,0.5177485781525549
2018-01-16,2025.78,2069.2200000000003,2019.3366,2033.1000000000001,415941763.5,0.024624292864971094,0.146742202816969
2018-01-17,2038.3200000000002,2086.68,2023.6799999999998,2069.2200000000003,492362277.25,0.03090780642882421,0.4904761904761841
2018-01-18,2063.94,2070.0,2025.0,2066.64,445574128.36,0.02180295938835479,0.05999999999999462
2018-01-19,2085.42,2085.42,2050.92,2054.46,412711224.33000004,0.0165434301004119,-0.8973913043478011
2018-01-22,2061.54,2086.92,2052.18,2085.84,414013862.28,0.016851479961582712,0.6994818652849544
2018-01-23,2088.0,2125.68,2074.41,2080.5,396735399.5,0.024554597701149886,-0.14628437682855192
2018-01-24,2093.34,2100.7200000000003,2053.8,2079.0,522560808.0,0.02241394135687516,-0.30562659846546925
2018-01-25,2148.0,2148.0,2047.2599999999998,2122.44,658942980.86,0.04689944134078267,-0.2537224538415687
2018-01-26,2137.02,2223.42,2136.3,2207.46,820307220.3100001,0.040767049442682265,0.8085399449035737
2018-01-29,2190.8999999999996,2207.3999999999996,2144.82,2150.88,472449037.04,0.02856360399835705,-0.6395014381591438
2018-01-30,2132.82,2146.5,2106.75,2115.54,393169230.51,0.018637297099615056,-0.4347169811320695
2018-01-31,2144.04,2157.66,2074.32,2086.86,481463992.13,0.03887054346001038,-0.6861051115910651
2018-02-01,2089.08,2114.2799999999997,2067.48,2076.0,471494546.0,0.022402205755643972,-0.27948717948717355
2018-02-02,2063.88,2092.11,2053.86,2062.98,366979386.24,0.018533054247340437,-0.023529411764707645
2018-02-05,2067.48,2090.04,1969.8600000000001,1969.8600000000001,494803223.82,0.0581287364327591,-0.8122815776335431
2018-02-06,1935.12,1997.6999999999998,1926.66,1997.16,585687141.6,0.03671090164951047,0.8733108108108045
2018-02-07,1979.3999999999999,2001.54,1957.5,1961.34,397145852.58,0.02224916641406535,-0.4100817438691996
2018-02-08,1960.02,1972.1748000000002,1869.0,1870.7400000000002,432033684.24,0.05263966694217466,-0.8653275799904501
2018-02-09,1879.62,1919.58,1813.6799999999998,1900.6799999999998,690696024.6999999,0.056341175343953054,0.19886685552407676
2018-02-12,1915.5,1939.08,1893.0,1899.78,407259638.15999997,0.02405638214565435,-0.34114583333332704
2018-02-13,1890.06,1914.0,1874.1000000000001,1901.94,225523486.47,0.02111044093838336,0.2977443609022519
2018-02-14,1892.16,1898.6999999999998,1728.0,1776.48,1601320848.48,0.09021435819381063,-0.6776801405975367
2018-02-15,1793.1000000000001,1804.5,1735.62,1796.28,904788930.42,0.038413920026769875,0.04616724738675647
2018-02-16,1786.5,1791.0,1745.2878,1751.22,854899196.67,0.025587573467674738,-0.771785212700313
2018-02-20,1752.0,1769.28,1719.06,1724.6999999999998,571883787.15,0.02866438356164441,-0.543608124253278
2018-02-21,1725.3600000000001,1743.96,1710.66,1716.6000000000001,548990995.8000001,0.01930031993323187,-0.2630630630630552
2018-02-22,1726.1999999999998,1751.46,1703.8200000000002,1708.8600000000001,706783356.76,0.027598192561696707,-0.36397984886648554
2018-02-23,1725.54,1765.44,1713.6000000000001,1756.6799999999998,743352609.8799999,0.030042769220070757,0.6006944444444313
2018-02-26,1764.0,1776.6000000000001,1732.8000000000002,1740.06,420006692.49,0.024829931972789644,-0.5465753424657427
2018-02-27,1744.98,1764.1799999999998,1736.52,1740.6000000000001,491367318.6,0.01585118454079751,-0.15835140997829886
2018-02-28,1747.56,1757.37,1724.34,1733.94,495557740.08000004,0.018900638604683648,-0.4123524069028002
2018-03-01,1728.66,1748.6399999999999,1688.16,1694.1000000000001,659274826.6,0.034986637048350026,-0.5714285714285631
2018-03-02,1669.3200000000002,1728.0,1662.0,1721.7599999999998,412994266.79999995,0.03953705700524822,0.7945454545454365
2018-03-05,1704.96,1728.75,1695.54,1721.6999999999998,259081416.0,0.019478462837838436,0.5040650406503842
2018-03-06,1721.16,1732.08,1702.56,1715.88,249769784.36,0.017151223593391062,-0.17886178861787932
2018-03-07,1712.8200000000002,1714.98,1692.0,1707.2400000000002,398040445.14000005,0.013416471082776358,-0.24281984334202264
2018-03-08,1712.8200000000002,1720.92,1699.3500000000001,1708.1399999999999,381939249.93,0.012593267243493725,-0.21696801112656877
2018-03-09,1715.22,1720.56,1690.1999999999998,1716.6000000000001,488953196.90000004,0.017700353307448086,0.045454545454547364
2018-03-12,1716.0,1720.08,1675.7400000000002,1679.3999999999999,652095905.4,0.02583916083916123,-0.8254397834911945
2018-03-13,1693.2599999999998,1719.2400000000002,1683.12,1699.44,639715950.6,0.02133163247227321,0.17109634551495184
2018-03-14,1710.1799999999998,1735.02,1696.2599999999998,1714.3200000000002,578973293.5200001,0.022664280952882858,0.106811145510841
2018-03-15,1718.88,1729.56,1710.78,1720.1999999999998,384744805.9,0.010925719072885228,0.07028753993608311
2018-03-16,1736.3999999999999,1753.8000000000002,1724.8200000000002,1725.72,628556119.4,0.01668970283344909,-0.36853002070391516
2018-03-19,1714.98,1718.9393999999998,1658.58,1670.22,422114143.86,0.035195395864675266,-0.7415580671775959
2018-03-20,1671.96,1688.4180000000001,1659.06,1678.08,361030801.28000003,0.01755903251274023,0.2084610668301535
2018-03-21,1677.66,1685.88,1655.166,1663.7400000000002,346982959.44,0.01830764278816992,-0.4532135182652639
2018-03-22,1652.7599999999998,1670.22,1629.78,1631.34,447886844.01,0.024468162346620827,-0.5296735905044334
2018-03-23,1637.6999999999998,1639.5,1558.56,1560.78,781496593.02,0.0494229712401545,-0.9503335804299339
2018-03-26,1579.44,1621.2174,1574.88,1609.1999999999998,592500198.6,0.02933786658562583,0.6422457884991215
2018-03-27,1618.5,1640.22,1580.46,1590.96,449052437.40000004,0.036923076923077516,-0.46084337349396765
2018-03-28,1598.28,1650.0,1594.1399999999999,1630.92,541020470.66,0.034950071326676865,0.5843179377013863
2018-03-29,1638.66,1658.6399999999999,1626.0,1642.92,338592668.64,0.019918714071253864,0.13051470588234917
2018-04-02,1632.12,1635.2400000000002,1566.0,1601.34,411665014.28,0.042423351224175426,-0.44454072790293797
2018-04-03,1607.8200000000002,1624.92,1574.94,1598.88,387976226.40000004,0.031085569280143912,-0.1788715486194452
2018-04-04,1581.78,1639.8600000000001,1581.72,1634.3999999999999,419940011.99999994,0.03675605962902621,0.9050567595459046
2018-04-05,1630.98,1637.94,1583.04,1589.88,478110568.46000004,0.033660743847258125,-0.7486338797814042
2018-04-06,1581.06,1596.96,1540.62,1545.8999999999999,502412089.34999996,0.03563432127813057,-0.6240681576144722
2018-04-09,1549.7400000000002,1586.7599999999998,1525.98,1545.12,573452231.52,0.039219481977622504,-0.07601184600197909
2018-04-10,1569.06,1605.48,1556.6399999999999,1590.54,525730464.34999996,0.031126916752706155,0.43980343980342984
2018-04-11,1580.16,1619.6999999999998,1572.0,1595.94,466028843.46000004,0.03018681652490937,0.33081761006288685
2018-04-12,1612.02,1621.08,1597.6499999999999,1604.6399999999999,330421050.24,0.01453455912457727,-0.31498079385402367
2018-04-13,1615.62,1616.94,1584.9006,1592.34,270441698.65,0.019831024622127172,-0.7266053671416806
2018-04-16,1604.6399999999999,1615.56,1573.23,1578.66,347539894.12,0.026379748728687376,-0.6137491141034543
2018-04-17,1594.62,1612.56,1582.6799999999998,1588.5,493209129.0,0.01873800654701502,-0.2048192771084225
2018-04-18,1593.0,1624.44,1593.0,1608.1799999999998,360572182.03999996,0.019736346516008182,0.48282442748089466
2018-04-19,1606.1399999999999,1626.3000000000002,1588.92,1596.12,227263812.22,0.02327318913668864,-0.26805778491170906
2018-04-20,1596.1799999999998,1605.96,1567.1999999999998,1578.12,414879331.35999995,0.02428297560425591,-0.46594427244580433
2018-04-23,1578.84,1586.88,1548.0,1555.8000000000002,498062402.8,0.02462567454586981,-0.5925925925925689
2018-04-24,1522.26,1600.38,1495.02,1572.8999999999999,947223711.3499999,0.06921288084821323,0.4806378132118388
2018-04-25,1576.1999999999998,1646.3999999999999,1573.62,1616.6999999999998,670412078.1999999,0.04617434335744254,0.5564715581203553
2018-04-26,1626.6000000000001,1664.5500000000002,1623.12,1643.16,570918954.46,0.025470306160089308,0.3997103548153374
2018-04-27,1653.6000000000001,1676.6100000000001,1644.06,1660.8000000000002,541318384.0,0.019684325108854116,0.221198156682021
2018-04-30,1665.48,1681.8600000000001,1640.6999999999998,1641.6000000000001,569981851.2,0.024713596080410023,-0.5801749271136812
2018-05-01,1649.34,1678.3200000000002,1630.1399999999999,1647.66,524549586.82000005,0.029211684673870315,-0.03486924034868807
2018-05-02,1638.0,1665.42,1584.1799999999998,1644.78,961350608.9499999,0.049597069597070324,0.08345642540620224
2018-05-03,1637.04,1650.2400000000002,1587.06,1598.6399999999999,532570663.15999997,0.038594047793579424,-0.6077872744539301
2018-05-04,1589.94,1635.48,1589.94,1622.04,509146190.6999999,0.028642590286426493,0.7048748353096009
2018-05-07,1626.8999999999999,1642.6799999999998,1614.12,1618.1999999999998,349447593.0,0.017554858934169852,-0.30462184873948733
2018-05-08,1626.66,1628.6999999999998,1607.34,1618.38,351211387.05,0.013131201357383156,-0.38764044943818465
2018-05-09,1618.5,1654.3200000000002,1614.42,1644.1799999999998,376714247.56999993,0.024652455977757844,0.6436090225563692
2018-05-10,1635.8999999999999,1657.56,1632.6000000000001,1644.0,387595742.0,0.015257656335962343,0.32451923076922573
2018-05-11,1646.16,1701.54,1646.16,1694.34,539035633.26,0.03364193031054141,0.8699891657637968
2018-05-14,1694.04,1713.12,1686.1499999999999,1694.04,565120168.06,0.01592052135722947,0.0
2018-05-15,1680.96,1690.38,1650.0,1656.3600000000001,476918495.4,0.024021987435751648,-0.6092124814264297
2018-05-16,1663.98,1701.3000000000002,1661.6399999999999,1689.06,426253715.19,0.023834421086792682,0.6323751891073903
2018-05-17,1681.56,1689.72,1663.56,1683.42,478411129.8,0.015556982801684785,0.0711009174311946
2018-05-18,1686.06,1696.3685999999998,1680.12,1682.3999999999999,459758140.4,0.00963702359346695,-0.22525017539971937
2018-05-21,1688.16,1692.6000000000001,1658.52,1666.02,367996606.34000003,0.02018765993744736,-0.6496478873239245
2018-05-22,1669.2599999999998,1686.2400000000002,1668.0606000000002,1678.1399999999999,369248695.83,0.010890694080012088,0.4884649658404363
2018-05-23,1662.84,1704.0,1659.8999999999999,1702.5,390067152.5,0.026520891967959103,0.8993197278911351
2018-05-24,1700.6399999999999,1712.8200000000002,1690.8000000000002,1706.46,300816475.26000005,0.0129480666102179,0.2643051771117123
2018-05-25,1705.7400000000002,1737.66,1703.1000000000001,1717.2599999999998,400102976.34999996,0.020261001090436364,0.3333333333333105
2018-05-29,1701.72,1739.34,1692.6192,1722.54,447300000.31999993,0.027455045483393746,0.445625931062815
2018-05-30,1730.94,1785.0,1727.7599999999998,1766.3999999999999,583728076.8,0.03306873721792853,0.6194968553458952
2018-05-31,1788.42,1807.3139999999999,1750.92,1763.7599999999998,609967881.88,0.03153286140839442,-0.437280561761889
2018-06-01,1769.6399999999999,1790.16,1758.12,1782.54,359894825.99999994,0.01810537736488844,0.4026217228464298
2018-06-04,1782.2400000000002,1809.03,1776.72,1793.46,307280376.73,0.01812887153245406,0.34726090993498826
2018-06-05,1796.34,1810.1999999999998,1774.56,1791.84,357403392.8,0.019840342028792354,-0.12626262626262316
2018-06-06,1794.8999999999999,1823.6100000000001,1793.31,1822.5,413238510.0,0.016881163296006,0.91089108910888
2018-06-07,1825.98,1847.46,1818.33,1832.22,408975322.86,0.015953077251668196,0.21421215242017755
2018-06-08,1828.08,1829.94,1802.16,1819.7400000000002,457796844.44000006,0.015196271497965602,-0.3002159827213607
2018-06-11,1816.56,1853.88,1816.44,1840.08,361483716.0,0.020610384462941514,0.62820512820511
2018-06-12,1837.56,1853.28,1825.62,1837.1399999999999,331237872.95,0.015052569712009984,-0.015184381778743903
2018-06-13,1838.8200000000002,1865.46,1833.5099999999998,1841.46,308109711.19,0.01737527327307798,0.08262910798121338
2018-06-14,1844.8200000000002,1857.6000000000001,1827.9900000000002,1834.08,392281589.44,0.0160503463752566,-0.36271529888550863
2018-06-15,1836.3000000000002,1857.0,1820.52,1830.1799999999998,572120063.5699999,0.019866034961608124,-0.16776315789474164
2018-06-18,1764.3000000000002,1769.8200000000002,1699.4597999999999,1734.72,947149313.76,0.03987995238905019,-0.4204081284589812
2018-06-19,1716.84,1776.06,1716.246,1752.2400000000002,494547252.92,0.034839589012372045,0.591834687531344
2018-06-20,1758.6000000000001,1790.6100000000001,1754.22,1781.16,377376150.36,0.02069259638348748,0.6199505358614802
2018-06-21,1777.2599999999998,1788.3000000000002,1767.78,1784.04,348560085.73999995,0.011545862732521521,0.3304093567251365
2018-06-22,1788.0,1790.28,1770.0,1776.2400000000002,386960988.96000004,0.011342281879195169,-0.5798816568046943
2018-06-25,1775.52,1782.8999999999999,1735.1999999999998,1753.1399999999999,491050131.15,0.026865369018654266,-0.46918238993709893
2018-06-26,1750.08,1761.42,1730.6999999999998,1751.52,254660498.88000003,0.017553483269336968,0.04687499999999986
2018-06-27,1753.1999999999998,1760.88,1726.8600000000001,1727.58,309048225.85,0.01940451745379932,-0.7530864197530615
2018-06-28,1735.92,1741.98,1711.92,1732.5,405959688.75,0.017316466196599455,-0.1137724550898192
2018-06-29,1740.48,1756.0500000000002,1726.8600000000001,1741.44,403800753.6,0.016771235521236116,0.03288797533401856
2018-07-02,1741.8000000000002,1776.72,1728.78,1774.62,330205022.25,0.02752325180847458,0.6846057571964744
2018-07-03,1776.3600000000001,1781.52,1755.84,1761.06,132919232.11,0.014456529081943439,-0.595794392523347
2018-07-05,1774.62,1798.38,1768.6686,1792.8600000000001,218476425.55,0.016742401190114574,0.6139057735414534
2018-07-06,2082.3,2207.34,2043.3000000000002,2144.88,4586904525.6,0.07877827402391628,0.38149231894659574
2018-07-09,2147.58,2162.1000000000004,2085.06,2124.0,1368784188.0,0.03587293604894876,-0.30607476635513364
2018-07-10,2085.2400000000002,2087.3999999999996,2034.8999999999999,2068.92,1175282419.08,0.025176958047994833,-0.3108571428571414
2018-07-11,2051.04,2077.2,2040.0,2064.6000000000004,609081087.0,0.018137140182541932,0.36451612903226077
2018-07-12,2082.18,2088.42,2061.3,2085.96,453497438.48,0.01302481053511266,0.13938053097345413
2018-07-13,2082.06,2109.9900000000002,2064.3,2090.88,407124653.76000005,0.02194461254718934,0.19304005252790457
2018-07-16,2092.8,2119.2,2076.6000000000004,2118.18,514524279.55999994,0.02035550458715617,0.5957746478873095
2018-07-17,2113.2,2136.12,2109.12,2129.88,510306823.70000005,0.012776831345826703,0.6177777777777658
2018-07-18,2122.86,2152.5,2101.68,2151.06,493182130.44,0.02393940250416944,0.5548996458087204
2018-07-19,2137.2,2161.62,2136.2400000000002,2148.66,584170876.71,0.011875350926446118,0.45153664302599456
2018-07-20,2150.1000000000004,2163.0,2139.18,2152.2599999999998,597721342.68,0.011078554485838402,0.09068010075563789
2018-07-23,2152.2599999999998,2173.32,2135.2799999999997,2148.7799999999997,674289312.78,0.017674444537370673,-0.09148264984226835
2018-07-24,2280.0,2298.0,2196.06,2237.04,1532990941.56,0.044710526315789915,-0.4214243672748636
2018-07-25,2244.6000000000004,2332.02,2237.6418,2302.98,1771648736.96,0.042046778936113804,0.6185750522896069
2018-07-26,2043.0,2120.4593999999997,2022.0,2068.44,1550691541.52,0.04819353891336304,0.2583806117039091
2018-07-27,2077.2,2078.82,2034.66,2042.3999999999999,729832237.1999999,0.021259387637204443,-0.7880434782608492
2018-07-30,2043.12,2048.2200000000003,1985.7599999999998,1988.7599999999998,787003045.38,0.03057089157758794,-0.8703170028818256
2018-07-31,1993.02,2032.44,1985.37,2006.22,684192575.1800001,0.023617424812596533,0.2804333970681903
2018-08-01,2015.04,2068.44,2006.28,2064.36,580914344.6,0.03084802286803292,0.7934362934362822
2018-08-02,2053.32,2100.0,2044.8600000000001,2087.58,492164729.43,0.02685407048097756,0.6213275299238161
2018-08-03,2100.6000000000004,2103.408,2053.62,2065.2599999999998,400791239.79999995,0.02370179948586165,-0.7098095926729309
2018-08-06,2058.2400000000002,2065.32,2041.9829999999997,2047.02,351399982.45,0.01133832789179174,-0.4807815914641797
2018-08-07,2073.84,2114.7599999999998,2064.0,2100.6000000000004,564422817.6,0.024476333757667293,0.5271867612293107
2018-08-08,2088.3,2113.98,2087.82,2100.54,329550919.88,0.01252693578508875,0.4678899082568571
2018-08-09,2105.2799999999997,2113.5,2074.68,2081.3999999999996,431453752.9,0.018439352485180666,-0.6151468315301234
2018-08-10,2069.58,2084.3999999999996,2042.0099999999998,2058.0,424252584.0,0.02048241672223391,-0.2731776362349537
2018-08-13,2062.7400000000002,2066.2200000000003,2035.3200000000002,2044.7400000000002,356892327.5,0.014980075045813371,-0.5825242718446396
2018-08-14,2053.56,2086.56,2049.54,2061.7799999999997,301522267.06,0.018027230760241226,0.22204213938410539
2018-08-15,2046.0,2063.52,2023.8600000000001,2044.3200000000002,313333607.84000003,0.01938416422287431,-0.04236006051436712
2018-08-16,2052.48,2071.98,2042.7599999999998,2057.58,292607765.94,0.014236435921422494,0.17453798767966086
2018-08-17,2046.0,2080.98,2034.78,2071.32,313358265.32000005,0.022580645161290824,0.5480519480519391
2018-08-20,2085.36,2085.36,2050.7400000000002,2064.66,270787041.2,0.01660145010933406,-0.597920277296353
2018-08-21,2074.2,2078.34,2058.0,2059.68,208911282.71999997,0.009806190338444286,-0.7138643067846198
2018-08-22,2055.8999999999996,2078.79,2052.0,2069.88,185885918.38,0.013030789435284282,0.5218365061590134
2018-08-23,2069.82,2069.82,2035.44,2051.34,250515452.92999998,0.0166101400121755,-0.5375218150087092
2018-08-24,2058.18,2058.18,2038.62,2053.98,212213790.29999998,0.009503541964260141,-0.21472392638034843
2018-08-27,2059.8,2059.92,2042.52,2056.2,238118583.7,0.0084474220798141,-0.2068965517241459
2018-08-28,2066.52,2087.9970000000003,2051.2200000000003,2073.18,389023934.28,0.017796585564137306,0.18109144302144453
2018-08-29,2082.96,2112.12,2076.96,2099.94,438960257.92,0.016879824864616144,0.4829351535836065
2018-08-30,2100.8999999999996,2135.64,2090.2200000000003,2116.44,307847838.42,0.021619306011709558,0.3421400264200838
2018-08-31,2107.56,2124.7799999999997,2100.12,2120.94,301853948.25,0.01170073449866236,0.5425790754257764
2018-09-04,2123.1000000000004,2130.0,2049.66,2080.32,449396620.64000005,0.03784089303377189,-0.5324869305451779
2018-09-05,2066.2200000000003,2096.58,2056.5,2079.6000000000004,360101803.0,0.01939774080204475,0.3338323353293363
2018-09-06,2072.64,2081.94,2037.66,2048.04,284626017.65999997,0.021364057433997684,-0.5555555555555413
2018-09-07,2040.0,2050.14,2017.62,2037.8999999999999,332323749.5,0.01594117647058871,-0.06457564575645981
2018-09-10,2056.14,2057.1000000000004,2025.1799999999998,2041.5,347374494.75,0.015524234731098813,-0.4586466165413275
2018-09-11,2043.96,2048.88,2022.5418,2026.1999999999998,296920361.09999996,0.012885868607996795,-0.6743057612137294
2018-09-12,2027.7599999999998,2042.58,1998.1799999999998,2040.1799999999998,294563568.60999995,0.021896082376613148,0.2797297297297245
2018-09-13,2046.3000000000002,2054.46,2026.98,2043.48,244937983.82,0.013429115965401457,-0.10262008733624671
2018-09-14,2047.92,2052.36,2024.22,2032.08,295239209.8,0.013740771123872555,-0.562899786780367
2018-09-17,2031.3600000000001,2031.3600000000001,2001.0,2006.3999999999999,291736244.79999995,0.01494565217391359,-0.8221343873517568
2018-09-18,2000.7599999999998,2030.88,1994.88,2021.34,413380537.60999995,0.017993162598213173,0.571666666666655
2018-09-19,2027.1000000000001,2039.88,2009.22,2033.46,286304728.71000004,0.015125055498002598,0.20743639921721058
2018-09-20,2039.8200000000002,2055.84,2026.8000000000002,2047.44,360091462.56,0.014236550283849039,0.26239669421486356
2018-09-21,2058.6000000000004,2072.46,2031.12,2072.46,1325179972.22,0.020081608860391103,0.3352685050798086
2018-09-24,2057.94,2086.56,2051.16,2082.12,346783679.38,0.017201667687105102,0.6830508474576014
2018-09-25,2082.2400000000002,2084.94,2048.7599999999998,2049.8999999999996,308479884.79999995,0.01737551867219978,-0.893864013266983
2018-09-26,2053.2,2119.2599999999998,2050.41,2096.2200000000003,543324152.98,0.03353302162478126,0.6248366013071877
2018-09-27,2108.34,2145.0,2102.5212,2133.6000000000004,433652777.6,0.020147983721791003,0.5946495663719245
2018-09-28,2130.0,2141.9826,2114.58,2119.86,463551906.06,0.012865070422535624,-0.37003787961724594
2018-10-01,2131.8,2150.46,2103.39,2115.36,343719558.0,0.022079932451450016,-0.349267049075837
2018-10-02,2118.84,2123.94,2066.3999999999996,2072.46,406340324.0,0.027156368579034466,-0.8060479666318903
2018-10-03,2073.96,2122.86,2068.7400000000002,2116.5,387641208.0,0.026095006653937814,0.7860310421285894
2018-10-04,2104.68,2111.8500000000004,2043.8999999999999,2058.6000000000004,367546904.3,0.03228519299846127,-0.6781456953642158
2018-10-05,2065.7400000000002,2086.692,2017.23,2052.48,338347565.12,0.03362572250138011,-0.19089574155653494
2018-10-08,2044.02,2073.39,2029.3200000000002,2058.18,213354712.13,0.021560454398685282,0.3213070115724898
2018-10-09,2056.44,2078.52,2046.8999999999999,2067.42,268376614.18,0.015376086829667339,0.3472485768500832
2018-10-10,2055.84,2080.32,2025.1799999999998,2025.1799999999998,370397996.34,0.026821153397152162,-0.556039173014138
2018-10-11,2029.38,2045.1000000000001,1946.7599999999998,1963.62,453935926.26,0.04845814977973633,-0.6687004270896818
2018-10-12,1989.72,1999.8000000000002,1956.84,1985.6399999999999,338442078.86,0.021590977624993086,-0.09497206703910695
2018-10-15,1979.8200000000002,1992.42,1964.28,1970.46,275952413.88,0.01421341334060727,-0.33262260127930926
2018-10-16,1985.34,2034.72,1972.62,2031.66,307351895.07,0.031279277101152,0.7458937198067522
2018-10-17,2027.34,2053.59,2008.08,2029.38,254394621.05,0.02244813400810974,0.04482531311799904
2018-10-18,2026.7400000000002,2026.7400000000002,1968.0,1980.8999999999999,323982798.0,0.028982503922556028,-0.7803881511746579
2018-10-19,1938.3600000000001,1962.6918,1911.1499999999999,1922.46,581204835.8100001,0.026590416640872267,-0.30848748006471877
2018-10-22,1933.8000000000002,1943.1000000000001,1884.96,1893.2400000000002,544492668.6,0.030065156686317648,-0.697626418988634
2018-10-23,1890.0,1959.0,1866.0,1896.8999999999999,760214606.15,0.04920634920634971,0.07419354838709451
2018-10-24,1895.6399999999999,1918.1399999999999,1806.54,1812.3000000000002,827572296.6,0.058871937709692165,-0.7467741935483783
2018-10-25,1767.66,1814.04,1730.04,1790.8200000000002,889229880.1800001,0.04752045076541923,0.2757142857142834
2018-10-26,1757.1000000000001,1829.3999999999999,1746.0,1801.02,652342651.48,0.04746457230664208,0.526618705035964
2018-10-29,1826.46,1850.9592,1768.3200000000002,1805.7599999999998,469326353.76,0.04524555697907471,-0.25048645195016483
2018-10-30,1811.52,1840.1399999999999,1790.04,1837.6799999999998,449663756.87999994,0.027656332803392115,0.5221556886227421
2018-10-31,1852.02,1864.02,1819.62,1825.62,403683832.83,0.023973823176856122,-0.594594594594582
2018-11-01,1826.58,1895.6399999999999,1825.62,1891.98,402590324.90999997,0.03833393555168728,0.9340188517566292
2018-11-02,1915.98,1925.31,1857.81,1876.1999999999998,373923220.3,0.03523001283938296,-0.5893333333333276
2018-11-05,1885.08,1912.8000000000002,1881.48,1902.8999999999999,315571544.45,0.01661467948309947,0.5689655172413561
2018-11-06,1896.1799999999998,1934.52,1896.1799999999998,1921.6799999999998,331812001.67999995,0.020219599405120366,0.6651017214397297
2018-11-07,1938.78,1991.28,1934.3999999999999,1989.06,447219918.89,0.029338037322440443,0.8839662447257206
2018-11-08,1983.12,1988.46,1950.0,1956.2400000000002,352655623.32,0.019393682681835202,-0.6989079563182249
2018-11-09,1954.62,1959.78,1932.54,1951.1999999999998,253835185.2,0.013936212665377923,-0.12555066079294958
2018-11-12,1949.3999999999999,1949.997,1905.3600000000001,1913.3999999999999,303670292.7,0.02289781471221962,-0.8065058135627223
2018-11-13,1922.58,1951.56,1907.58,1914.48,257167631.28,0.022875511032051203,-0.1841746248294616
2018-11-14,1929.3600000000001,1936.6799999999998,1877.91,1881.3000000000002,422886452.75,0.030460878218684293,-0.8177641653904939
2018-11-15,1867.62,1932.27,1860.0,1930.3200000000002,379552387.20000005,0.03869630867092928,0.8675799086757912
2018-11-16,1930.92,1957.1399999999999,1923.72,1944.3000000000002,478035967.6,0.01730781182027263,0.40035906642728214
2018-11-19,1950.72,1957.92,1892.6999999999998,1915.2599999999998,366494258.09,0.03343380905511874,-0.5436982520699108
2018-11-20,1913.7599999999998,1941.06,1879.5,1916.88,427792026.48,0.032167042889391005,0.05068226120858183
2018-11-21,1919.34,1926.3000000000002,1891.6799999999998,1893.3600000000001,235260077.92,0.018037450373566608,-0.750433275563223
2018-11-23,1882.8600000000001,1946.6999999999998,1879.6799999999998,1920.48,191332301.12,0.035594786654345484,0.5613249776186116
2018-11-26,1930.1999999999998,1934.94,1892.4402,1917.0,363569593.5,0.02201834006838723,-0.3105896968926793
2018-11-27,1906.62,1943.46,1896.72,1942.8600000000001,310368970.71,0.024514586021336708,0.7753530166880499
2018-11-28,1945.5,1995.0,1927.98,1993.44,340891197.36,0.03444872783346232,0.7153088630259528
2018-11-29,1974.3600000000001,1985.94,1947.6000000000001,1959.66,262139798.88000003,0.019418950951194766,-0.3834115805946712
2018-11-30,1962.1799999999998,2002.62,1950.8999999999999,2002.3200000000002,555095498.0400001,0.02635843806378671,0.7761020881670443
2018-12-03,2010.0,2032.3200000000002,1976.28,1993.1399999999999,362073812.4,0.027880597014925953,-0.3008565310492464
2018-12-04,1997.52,2017.77,1930.98,1936.38,428771977.94,0.043448876606993134,-0.7044590390597902
2018-12-06,1911.0,1960.38,1881.855,1960.1999999999998,513089210.7,0.04109105180533807,0.62655205348614
2018-12-07,1947.6000000000001,1959.3000000000002,1896.8999999999999,1900.38,360614525.15000004,0.03203943314849111,-0.7567307692307537
2018-12-10,1907.6399999999999,1926.66,1865.94,1916.6399999999999,309252100.08,0.03182990501352509,0.14822134387351527
2018-12-11,1941.84,1959.768,1910.16,1918.7400000000002,327025888.33000004,0.02554690396737163,-0.4656507014997428
2018-12-12,1946.04,1984.5,1917.2400000000002,1935.66,429926861.72,0.034562496146019986,-0.15432649420160222
2018-12-13,1943.8200000000002,1954.1399999999999,1914.0,1920.84,360918792.91999996,0.02065006019075884,-0.5724962630792164
2018-12-14,1917.6000000000001,1923.2400000000002,1884.8999999999999,1887.3000000000002,388097766.45,0.01999374217772286,-0.7902973395930847
2018-12-17,1892.7599999999998,1943.5770000000002,1865.8200000000002,1878.6000000000001,424281810.00000006,0.04108127813351985,-0.18210579111847724
2018-12-18,1882.8600000000001,1883.6399999999999,1738.3200000000002,1768.5,874647045.0,0.07718045951371882,-0.7869529314615991
2018-12-19,1770.2400000000002,1795.44,1736.58,1756.1399999999999,595174870.85,0.033249728850325996,-0.23955147808358976
2018-12-20,1754.94,1779.54,1737.66,1753.98,475237080.71,0.023864063728674976,-0.022922636103152247
2018-12-21,1747.92,1777.44,1682.3999999999999,1683.6000000000001,861575285.0000001,0.05437319785802619,-0.6767676767676677
2018-12-24,1687.08,1720.5,1670.7599999999998,1671.0,277799015.5,0.02948289352016574,-0.323281061519894
2018-12-26,1676.7599999999998,1771.38,1673.7599999999998,1771.02,446313274.35,0.0582194231732635,0.9655808236017099
2018-12-27,1741.1399999999999,1766.58,1701.0005999999998,1766.46,430281098.23,0.03766463351597289,0.3860968535851159
2018-12-28,1767.0,1789.5,1755.0108,1761.12,309162854.88,0.01951850594227559,-0.17048815281305282
2018-12-31,1767.3600000000001,1814.88,1765.2006000000001,1805.52,320255614.6,0.02810938348723574,0.7681252189035918
2019-01-02,1781.04,1842.78,1779.2400000000002,1828.1399999999999,371191639.4,0.03567578493464532,0.741265344664768
2019-01-03,1840.56,1900.1399999999999,1835.52,1842.0,659583974.0,0.035108879906116,0.022284122562674633
2019-01-04,1870.8000000000002,1941.78,1859.3999999999999,1909.98,487866191.4,0.044034637588198124,0.47560087399853496
2019-01-07,1915.6799999999998,1963.56,1904.46,1934.3999999999999,424454430.4,0.03085066399398693,0.3167512690355286
2019-01-08,1947.1799999999998,1955.3999999999999,1922.8200000000002,1946.6399999999999,327076723.88,0.01673188919360341,-0.01657458563535764
2019-01-09,1954.56,1984.1999999999998,1946.7599999999998,1959.78,399668387.56,0.019155206286837468,0.1394230769230737
2019-01-10,1953.72,1988.22,1945.1999999999998,1987.1399999999999,277312673.18,0.022019531969781337,0.7768479776847723
2019-01-11,1976.3999999999999,2001.42,1966.98,1999.2599999999998,439104471.21,0.017425622343655658,0.6637630662020674
2019-01-14,1987.6799999999998,1989.12,1966.3200000000002,1982.52,313923781.5,0.011470659261048417,-0.22631578947367062
2019-01-15,1984.02,2027.8200000000002,1973.58,2025.2400000000002,331544276.98,0.027338434088366656,0.7599557522123768
2019-01-16,2024.58,2039.8200000000002,1980.3600000000001,1992.1799999999998,409095491.11999995,0.029369054322378477,-0.5449041372351081
2019-01-17,1987.44,2039.7426,1981.92,2030.04,332554386.0,0.029094010385219648,0.7367361550673819
2019-01-18,2041.98,2043.27,2008.2599999999998,2024.52,428709993.26,0.017145123850381104,-0.49871465295628187
2019-01-22,2010.3000000000002,2044.1856000000002,2001.96,2033.7599999999998,490965595.11999995,0.021004626175198323,0.5555871319767843
2019-01-23,2042.7599999999998,2064.0,1999.7400000000002,2023.3200000000002,353012349.82000005,0.03145743993420702,-0.30252100840335155
2019-01-24,2021.46,2023.2599999999998,1991.8211999999999,1997.22,363126884.39,0.0155525214448967,-0.7710217947249678
2019-01-25,2009.28,2024.16,2001.06,2020.62,336663580.68,0.011496655518395208,0.49090909090906326
2019-01-28,2011.1399999999999,2015.25,1961.04,1980.06,388497342.28999996,0.026954861421880635,-0.5733259546209063
2019-01-29,1962.84,2010.48,1956.06,2006.88,550465108.32,0.027725132970594167,0.8092613009922698
2019-01-30,1957.1999999999998,1985.97,1928.535,1967.16,782910991.98,0.029345493562232233,0.173413423870464
2019-01-31,1969.44,2005.8000000000002,1950.3600000000001,2002.6799999999998,472770998.7,0.028150134048257894,0.5995670995670842
2019-02-01,2002.5,2002.5,1956.42,1985.46,378911804.6,0.023011235955056632,-0.3697916666666584
2019-02-04,1988.22,2004.66,1959.66,2004.42,330234876.4,0.02263331019706118,0.359999999999993
2019-02-05,2005.98,2033.22,1999.8000000000002,2021.94,420097462.83,0.016660186043729663,0.47755834829442345
2019-02-06,2024.8200000000002,2030.46,1989.78,1999.44,311074208.16,0.020090674726642884,-0.6238938053097208
2019-02-07,1943.3999999999999,1951.23,1842.0,1852.38,860317823.5500001,0.056205619018215996,-0.8332875583630771
2019-02-08,1842.66,1900.2599999999998,1832.6999999999998,1890.72,514819737.12,0.036664387353066166,0.7113676731793854
2019-02-11,1896.72,1907.3999999999999,1887.228,1901.22,431220144.38,0.010635201822093291,0.2230814991076652
2019-02-12,1914.6000000000001,1921.8600000000001,1901.6999999999998,1916.58,345821945.46,0.010529614540896948,0.09821428571426896
2019-02-13,1926.0,1941.96,1915.41,1929.2400000000002,363905788.86,0.01378504672897245,0.12203389830508928
2019-02-14,1926.0,1954.6799999999998,1911.42,1948.2599999999998,404552292.47999996,0.02246105919003154,0.514563106796102
2019-02-15,1968.54,1999.6799999999998,1948.2599999999998,1997.22,477502680.74,0.02612088146545209,0.5577596266044237
2019-02-19,1984.98,2015.6100000000001,1984.98,1998.0,315269082.0,0.015430885953511417,0.4250734573946951
2019-02-20,1994.22,2011.8000000000002,1989.42,2010.96,288210452.04,0.011222432830881797,0.7479892761393736
2019-02-21,1979.8200000000002,1988.94,1922.34,1927.02,462869240.49,0.03363942176561561,-0.792792792792782
2019-02-22,1927.1399999999999,1952.34,1922.5500000000002,1951.98,335077212.13,0.015458140041720228,0.8338368580060266
2019-02-25,1967.6999999999998,1991.94,1957.5203999999999,1964.88,262726397.16000003,0.017492300655588332,-0.08193006310356926
2019-02-26,1963.38,1974.8999999999999,1950.78,1965.72,243400692.32,0.012284937200134908,0.09701492537312736
2019-02-27,1959.1799999999998,1980.1799999999998,1953.06,1973.34,196500921.63,0.013842525954736614,0.5221238938052957
2019-02-28,1965.84,1978.6799999999998,1959.06,1968.06,244974596.51,0.009980466365523584,0.11314984709479749
2019-03-01,1987.7400000000002,2011.02,1980.8999999999999,2004.6000000000001,302481778.3,0.015152887198527523,0.5597609561752748
2019-03-04,2013.6000000000001,2019.42,1946.6399999999999,1963.56,342607184.96,0.03614421930870141,-0.6875515251442618
2019-03-05,1966.5,1980.72,1950.2400000000002,1961.22,327173989.1,0.015499618611747153,-0.17322834645668753
2019-03-06,1964.94,1970.46,1907.04,1907.8200000000002,317019905.64000005,0.032275794680754144,-0.9006622516556122
2019-03-07,1902.66,1907.97,1885.0776,1891.7400000000002,339693130.71000004,0.012031787077040007,-0.4770142055878541
2019-03-08,1873.7400000000002,1879.98,1835.3999999999999,1847.58,493018408.89,0.02379198821608181,-0.5868102288021452
2019-03-11,1849.6799999999998,1872.8999999999999,1843.6799999999998,1868.7599999999998,378746261.09999996,0.01579732710522956,0.6529774127309808
2019-03-12,1878.48,1891.6799999999998,1867.56,1876.3200000000002,416615591.04,0.012840168646991652,-0.08955223880596082
2019-03-13,1878.72,1927.3200000000002,1872.66,1923.3600000000001,347464280.24,0.02909427695452279,0.8166849615806662
2019-03-14,1929.1799999999998,1941.3000000000002,1912.17,1929.12,372161972.15999997,0.01509967965664225,-0.002059732234807523
2019-03-15,1931.7599999999998,1980.6000000000001,1931.7599999999998,1979.22,781083998.98,0.025282643806684765,0.9717444717444498
2019-03-18,1971.3000000000002,1980.0,1945.6799999999998,1953.87,337391340.79499996,0.017409831075940317,-0.5078671328671241
2019-03-19,1957.56,1966.5,1934.3999999999999,1942.56,339964511.76,0.01639796481333963,-0.4672897196261517
2019-03-20,1942.02,1950.0,1920.84,1923.54,283893345.06,0.015015293354342936,-0.6337448559670553
2019-03-21,1380.42,1414.6200000000001,1347.6006,1361.28,4894616099.2,0.04855000651975564,-0.2855889488715175
2019-03-22,1350.6,1360.8000000000002,1298.94,1300.26,1833108281.68,0.045801865837406405,-0.8137730358874717
2019-03-25,1320.1200000000001,1331.277,1296.72,1321.56,1303620704.04,0.02617716571220873,0.04167028387880269
2019-03-26,1331.34,1402.5642,1329.42,1397.46,1583955229.3799999,0.05494028572716279,0.9039677787165525
2019-03-27,1397.6399999999999,1426.6200000000001,1362.48,1379.6999999999998,929237607.9,0.04589164591740438,-0.2797006548175826
2019-03-28,1385.8799999999999,1417.68,1380.66,1396.92,660544331.72,0.02671226946056005,0.2982171799027525
2019-03-29,1413.54,1422.84,1398.1200000000001,1418.28,631592231.68,0.017488008828898217,0.19174757281552815
2019-04-01,1434.3899999999999,1436.76,1393.32,1394.94,806873051.7900001,0.03028465061803347,-0.908149171270692
2019-04-02,1394.1,1425.3000000000002,1394.1,1399.6200000000001,767279615.1800001,0.02238003012696453,0.17692307692307643
2019-04-03,1410.0,1410.0,1371.0,1388.4,910496059.2,0.0276595744680858,-0.5538461538461373
2019-04-04,1388.4,1420.8000000000002,1386.24,1410.24,618014881.12,0.024891961970614485,0.6319444444444205
2019-04-05,1412.82,1464.4823999999999,1411.8600000000001,1450.32,785616830.92,0.03724635834713602,0.712624281674714
2019-04-08,1450.98,1458.3000000000002,1430.256,1438.44,500351764.40000004,0.019327626845305295,-0.4471544715446967
2019-04-09,1435.5,1435.5,1414.32,1425.48,507770705.96000004,0.014754440961338244,-0.4730878186968593
2019-04-10,1425.9,1451.2194,1414.5,1441.68,385637866.56,0.02575173574584538,0.4297455840781593
2019-04-11,1443.1200000000001,1444.47,1386.3000000000002,1402.98,672255170.4200001,0.04030849825378403,-0.6900464156781763
2019-04-12,1410.0,1420.74,1401.66,1407.0,464382460.5,0.013531914893617668,-0.15723270440250808
2019-04-15,1410.24,1415.28,1389.4458,1394.22,407426636.61,0.018319009530293417,-0.6201082286271438
2019-04-16,1393.02,1400.6399999999999,1364.52,1372.32,554639824.56,0.0259292759615805,-0.5730897009966648
2019-04-17,1378.6200000000001,1391.28,1351.68,1363.08,539559088.22,0.028724376550464146,-0.39242424242423823
2019-04-18,1363.68,1367.28,1329.18,1358.34,610723926.5699999,0.027939105948610293,-0.14015748031496109
2019-04-22,1361.94,1393.08,1359.42,1372.8600000000001,408168896.37,0.02471474514295845,0.32442067736184776
2019-04-23,1369.6200000000001,1400.1,1360.44,1381.26,579996368.83,0.028956936960617418,0.29349470499242614
2019-04-24,1392.1200000000001,1396.8000000000002,1340.76,1346.4,924137768.4,0.040255150418068236,-0.815845824411118
2019-04-25,1344.18,1393.1999999999998,1338.54,1379.34,578699108.43,0.04066419675936319,0.6432491767288566
2019-04-26,1381.5,1388.6399999999999,1360.1399999999999,1383.18,378873749.7,0.020629750271444793,0.058947368421052804
2019-04-29,1385.76,1390.17,1368.48,1376.28,345805489.08,0.015652060962938055,-0.43706777316733786
2019-04-30,1378.02,1388.5752,1358.4,1375.44,435587176.64000005,0.021897505116036692,-0.08550067605185219
2019-05-01,1375.44,1394.6399999999999,1367.34,1377.0,382468635.0,0.01984819403245575,0.05714285714285315
2019-05-02,1378.98,1406.94,1375.32,1383.1200000000001,423022641.6,0.022929991733020853,0.1309297912713458
2019-05-03,1396.6200000000001,1404.66,1383.3000000000002,1387.08,517214621.58000004,0.015294067104868098,-0.4466292134831362
2019-05-06,1373.6999999999998,1420.0608,1365.0,1416.42,559195297.83,0.040082113998690355,0.7758695841687643
2019-05-07,1402.74,1429.02,1366.1399999999999,1374.1200000000001,698037386.64,0.044826553744814486,-0.4551526717557154
2019-05-08,1375.5,1395.18,1365.54,1385.8799999999999,400083691.71999997,0.021548527808070577,0.3502024291497806
2019-05-09,1375.02,1377.1200000000001,1346.04,1370.82,450161980.51,0.022603307588254084,-0.1351351351351316
2019-05-10,1366.08,1371.0,1335.48,1357.3799999999999,420615412.74,0.026001405481378075,-0.24493243243242693
2019-05-13,1337.94,1361.46,1332.72,1353.96,406019883.3,0.021480783891655073,0.5574112734864098
2019-05-14,1355.28,1382.6999999999998,1352.46,1375.08,377199340.7,0.022312732424296648,0.6547619047618863
2019-05-15,1372.8000000000002,1392.42,1362.306,1383.54,306522364.64,0.021936188811189545,0.3566447499501698
2019-05-16,1382.76,1396.9968,1378.8000000000002,1385.22,327617227.85,0.013159767421678887,0.13518860458981471
2019-05-17,1377.0,1392.0,1368.66,1375.68,418005182.88,0.016949891067538782,-0.05655526992287423
2019-05-20,1369.08,1392.06,1359.66,1384.56,462545266.68,0.023665527215356915,0.4777777777777656
2019-05-21,1380.42,1406.94,1372.8600000000001,1397.52,356628004.56,0.024688138392663758,0.5017605633802653
2019-05-22,1391.52,1421.34,1380.3000000000002,1410.24,347387709.76,0.02949292859606812,0.45614035087718546
2019-05-23,1397.6399999999999,1399.32,1364.28,1374.66,485867849.25,0.025070833691079923,-0.6558219178081951
2019-05-24,1378.3799999999999,1383.09,1354.92,1362.3600000000001,407005050.0,0.020437034779959683,-0.5686900958466197
2019-05-28,1366.74,1380.84,1350.54,1353.24,423166267.44,0.022169542122130716,-0.4455445544554315
2019-05-29,1341.84,1346.94,1327.3799999999999,1340.4,346263298.0,0.014576998747988701,-0.07361963190182724
2019-05-30,1338.06,1349.82,1326.72,1342.68,239745584.1,0.01726379982960472,0.19999999999999726
2019-05-31,1330.26,1339.8600000000001,1315.1999999999998,1315.74,361785738.45,0.018537729466421068,-0.5888077858880459
2019-06-03,1321.8600000000001,1359.48,1317.06,1340.22,382990648.74,0.03209114429667366,0.4328147100424195
2019-06-04,1347.06,1375.5,1345.8714,1362.0,328363218.0,0.021995011358069413,0.5042425224276391
2019-06-05,1362.72,1365.42,1346.8799999999999,1356.54,311578020.35,0.013605142655865604,-0.3333333333333154
2019-06-06,1351.08,1369.02,1343.1,1346.1,368305523.59999996,0.019184652278178237,-0.1921296296296224
2019-06-07,1356.3000000000002,1373.22,1344.06,1363.3799999999999,324656225.88,0.02149966821499746,0.24279835390944574
2019-06-10,1365.1200000000001,1383.54,1358.97,1370.4,299836439.6,0.01799841772151966,0.2148962148962056
2019-06-11,1377.0,1396.8600000000001,1372.68,1374.48,297085146.96000004,0.01755991285403126,-0.10421836228287308
2019-06-12,1369.74,1389.6,1368.06,1382.58,285419123.91,0.015725612159972657,0.5961002785515016
2019-06-13,1386.3000000000002,1402.98,1378.1999999999998,1387.56,269675292.38,0.01787491884873489,0.05084745762710664
2019-06-14,1382.94,1388.5308,1361.76,1366.02,336023844.75,0.019357889713220378,-0.6320319153704572
2019-06-17,1372.56,1397.76,1365.3000000000002,1390.68,386879295.48,0.023649239377514127,0.5582255083179195
2019-06-18,1403.6999999999998,1426.5,1395.21,1398.06,383523974.55,0.02229108783928257,-0.18024928092041226
2019-06-19,1395.66,1406.52,1391.16,1403.34,421597717.83,0.011005545763295422,0.49999999999996003
2019-06-20,1417.56,1422.0,1403.34,1409.82,448944020.68,0.013163463980361374,-0.4147909967845424
2019-06-21,1408.02,1434.84,1396.1999999999998,1434.54,732817544.52,0.02744279200579614,0.686335403726688
2019-06-24,1432.1999999999998,1447.8600000000001,1411.98,1415.46,338600915.27,0.025052366987851623,-0.4665551839464678
2019-06-25,1418.4,1472.1,1415.94,1441.74,506698081.26,0.0395939086294422,0.4155982905982828
2019-06-26,1448.6999999999998,1456.08,1415.52,1428.42,445798454.64,0.027997515013460983,-0.49999999999998207
2019-06-27,1427.46,1446.84,1426.98,1438.6200000000001,509445553.02000004,0.01391282417721049,0.5619335347431811
2019-06-28,1412.94,1423.74,1400.76,1403.22,857724539.49,0.01626396025309001,-0.4229765013054655
2019-07-01,1419.54,1428.15,1404.78,1412.94,439976093.07,0.016463079589163463,-0.28241335044927657
2019-07-02,1417.56,1418.8799999999999,1400.3700000000001,1418.22,331188643.65000004,0.013057648353509376,0.03565640194489761
2019-07-03,1422.0,1432.44,1417.443,1429.6200000000001,162078163.83,0.010546413502110451,0.5081016203240364
2019-07-05,1421.46,1433.46,1399.3799999999999,1405.5,296230207.5,0.02397534928876024,-0.46830985915491474
2019-07-08,1405.5,1405.5,1368.18,1385.04,355468207.6,0.02655282817502733,-0.5482315112540065
2019-07-09,1376.94,1406.16,1371.18,1405.32,289404574.2,0.025404157043880632,0.8113207547169541
2019-07-10,1403.28,1415.8799999999999,1376.76,1394.58,297839520.88,0.027877544039679087,-0.2223926380368059
2019-07-11,1390.8000000000002,1392.84,1363.1399999999999,1389.6,329196008.4,0.02135461604831825,-0.04040404040404817
2019-07-12,1385.34,1400.6999999999998,1383.84,1388.52,288968368.5,0.012170297544285799,0.18861209964412184
2019-07-15,1395.18,1406.1,1379.3501999999999,1401.72,240246164.06,0.019173009934202775,0.2444878092546377
2019-07-16,1405.8000000000002,1410.24,1386.3600000000001,1389.3000000000002,279524381.40000004,0.01698676909944577,-0.6909547738693212
2019-07-17,1389.18,1391.94,1376.1,1376.6399999999999,195406247.04,0.01140241005485332,-0.7916666666666214
2019-07-18,1379.1,1394.04,1371.48,1393.3799999999999,277703885.21999997,0.016358494670437915,0.6329787234042277
2019-07-19,1397.16,1404.78,1386.54,1387.6200000000001,304302984.57,0.01305505453920882,-0.5230263157894428
2019-07-22,1395.1200000000001,1411.44,1387.74,1394.8799999999999,296643550.08,0.016987785996904228,-0.010126582278490543
2019-07-23,1434.0,1481.94,1429.26,1463.28,803614353.36,0.03673640167364089,0.5558086560364347
2019-07-24,1468.1999999999998,1475.58,1434.9,1447.44,377544218.6,0.027707396812423932,-0.5103244837757949
2019-07-25,1447.92,1449.3000000000002,1423.8000000000002,1429.26,222195379.91,0.01761147024697565,-0.7317647058823274
2019-07-26,1403.46,1430.6999999999998,1393.926,1429.26,367986808.0,0.026202385532897884,0.7015826399086129
2019-07-29,1429.26,1435.8000000000002,1415.58,1422.66,209510633.11,0.01414718105873056,-0.3264094955489367
2019-07-30,1423.98,1455.84,1416.3600000000001,1449.06,293642107.09,0.027725108498715408,0.6352583586625994
2019-07-31,1438.56,1448.52,1411.41,1426.92,255624632.12,0.025796629963297242,-0.3136620856911773
2019-08-01,1432.56,1471.8000000000002,1418.52,1458.3600000000001,454795885.56,0.03719215949070278,0.48423423423422673
2019-08-02,1452.72,1457.8793999999998,1435.98,1453.6200000000001,269177475.28000003,0.015074756319181102,0.04109701635661519
2019-08-05,1442.1,1445.94,1404.9,1411.26,312069806.91,0.02845849802371607,-0.7514619883040738
2019-08-06,1418.6999999999998,1445.94,1393.8000000000002,1441.02,333817806.90999997,0.036751956016071646,0.42807825086305695
2019-08-07,1426.8600000000001,1434.8742,1398.42,1425.48,277834604.88,0.02554854715949769,-0.03785572032852387
2019-08-08,1428.96,1439.52,1414.68,1429.3799999999999,393403254.57,0.017383271750084608,0.016908212560379624
2019-08-09,1427.04,1428.0,1406.4,1414.8000000000002,244298703.60000002,0.015136226034309405,-0.5666666666666328
2019-08-12,1404.54,1413.18,1376.67,1385.76,284936506.8,0.025994275705925763,-0.5143796220213492
2019-08-13,1384.98,1408.56,1381.1999999999998,1399.3799999999999,251338443.66,0.019754797903219618,0.5263157894736575
2019-08-14,1380.0,1383.3899999999999,1356.0,1360.32,315366613.12,0.01984782608695714,-0.7185104052573726
2019-08-15,1362.48,1371.96,1359.18,1365.78,236906150.13,0.009379954201163294,0.25821596244129136
2019-08-16,1376.34,1397.22,1364.6399999999999,1390.08,258078777.6,0.02367147652469676,0.4217311233885673
2019-08-19,1400.22,1419.84,1399.08,1414.32,240846910.0,0.014826241590607888,0.6791907514450499
2019-08-20,1410.54,1413.3000000000002,1384.5,1387.68,195207258.4,0.020417712365477875,-0.793749999999964
2019-08-21,1396.8000000000002,1402.68,1389.0,1399.08,188290518.20000002,0.009793814432990445,0.1666666666666351
2019-08-22,1400.52,1401.6,1377.1860000000001,1392.3600000000001,170083503.74,0.017432096649816313,-0.3342344556401901
2019-08-23,1387.56,1391.22,1350.6,1355.1,290908576.84999996,0.029274409755254617,-0.7991137370753112
2019-08-26,1363.92,1367.94,1337.6999999999998,1342.56,220094811.2,0.022171388351223835,-0.7063492063491817
2019-08-27,1350.0,1353.84,1318.26,1324.74,345338963.74,0.026355555555556225,-0.7099494097807569
2019-08-28,1323.3000000000002,1340.8799999999999,1314.0,1326.42,311301931.2,0.020312854228066845,0.1160714285714207
2019-08-29,1338.6,1342.5,1318.8000000000002,1320.96,258749424.64,0.017705064993277158,-0.7443037974683234
2019-08-30,1324.3799999999999,1330.08,1307.4,1318.5,269478106.5,0.01712499433697339,-0.2592592592592445
2019-09-03,1308.9,1319.34,1296.54,1304.6399999999999,301148964.0,0.017419206967683502,-0.18684210526315967
2019-09-04,1312.5,1316.34,1294.65,1315.74,255963401.73,0.016525714285714904,0.14937759336099057
2019-09-05,1322.6399999999999,1352.58,1322.6399999999999,1343.76,334124580.24,0.022636545091635693,0.7054108216432657
2019-09-06,1346.76,1363.6200000000001,1336.1999999999998,1347.42,269773246.15999997,0.020359975051235022,0.02407002188183992
2019-09-09,1353.48,1386.3600000000001,1346.34,1380.0,379934010.0,0.02956822413334603,0.6626686656671459
2019-09-10,1381.5,1408.8000000000002,1381.08,1398.0,400492283.0,0.020065146579805453,0.5952380952380684
2019-09-11,1381.3799999999999,1432.44,1378.68,1415.76,430306330.36,0.038917604134996134,0.6395089285714188
2019-09-12,1417.8600000000001,1417.8600000000001,1356.3600000000001,1393.8600000000001,453814332.66,0.04337522745546172,-0.390243902439018
2019-09-13,1392.0,1427.8799999999999,1392.0,1419.78,399664047.29,0.025775862068966135,0.7742474916387762
2019-09-16,1417.02,1443.0,1408.92,1416.72,377419874.88,0.02405047211754309,-0.008802816901406876
2019-09-17,1409.16,1437.0,1406.16,1432.1999999999998,291230947.7,0.021885378523376263,0.7470817120622261
2019-09-18,1436.16,1437.1200000000001,1399.92,1411.02,371135887.2,0.02590240641711301,-0.6758064516128869
2019-09-19,1410.66,1430.5403999999999,1405.3799999999999,1413.72,297072994.68,0.017835906596912764,0.12161968808126367
2019-09-20,1412.58,1453.26,1405.8000000000002,1432.74,910126116.3199999,0.03359809709892592,0.42477876106194135
2019-09-23,1431.48,1456.272,1424.22,1439.76,374163149.08,0.02239081230614531,0.2583302134032116
2019-09-24,1440.0,1448.82,1410.9,1417.1999999999998,371695657.59999996,0.026333333333333906,-0.6012658227848015
2019-09-25,1417.1999999999998,1435.1399999999999,1414.02,1415.4,275697273.6,0.014902624894158114,-0.08522727272725622
2019-09-26,1419.66,1421.16,1372.77,1381.32,383182081.74,0.03408562613583609,-0.7923124612523098
2019-09-27,1387.68,1399.44,1368.78,1381.32,308548901.7,0.02209443099273684,-0.207436399217218
2019-09-30,1381.68,1411.5,1376.52,1396.92,279801213.44,0.02531700538474972,0.4356775300171402
2019-10-01,1396.56,1404.21,1348.02,1363.1999999999998,411740700.79999995,0.04023457638769621,-0.5936999466097082
2019-10-02,1359.3600000000001,1370.1,1323.66,1327.56,474435648.7,0.03416313559322092,-0.684754521963816
2019-10-03,1330.1999999999998,1340.8799999999999,1318.1999999999998,1335.0,415116025.0,0.017050067658999437,0.21164021164020974
2019-10-04,1338.6,1353.0,1333.1999999999998,1344.0,273124992.0,0.01479157328552306,0.27272727272726105
2019-10-07,1353.84,1378.53,1344.0,1361.94,360315754.36,0.025505229569226018,0.23457862728062287
2019-10-08,1350.96,1356.6,1329.3600000000001,1331.6399999999999,439982733.6,0.02016343933203112,-0.7092511013215717
2019-10-09,1338.9,1344.9,1331.4,1332.78,323332428.0,0.010082903876317119,-0.4533333333333085
2019-10-10,1332.84,1345.26,1331.76,1338.0,468275470.0,0.010128747636626296,0.3822222222222
2019-10-11,1352.6399999999999,1365.0,1323.06,1339.26,534190859.41,0.03100603264726833,-0.31902718168811506
2019-10-14,1335.0,1358.28,1331.04,1354.56,685812599.1999999,0.020404494382023214,0.718061674008782
2019-10-15,1352.46,1369.98,1350.96,1356.3600000000001,447325041.34000003,0.01406326249944617,0.2050473186119816
2019-10-16,1357.3799999999999,1378.5,1355.76,1366.32,314318272.48,0.016752862131459868,0.39313984168863936
2019-10-17,1367.1,1373.82,1340.8799999999999,1353.6,401289835.2,0.02409479921000734,-0.40983606557375735
2019-10-18,1352.94,1352.94,1320.06,1320.3600000000001,616623084.08,0.024302629828374566,-0.9908759124087234
2019-10-21,1332.0,1354.68,1329.3600000000001,1341.06,542917859.54,0.019009009009009696,0.3578199052132548
2019-10-22,1860.0,1908.0,1674.96,1691.22,6176214235.900001,0.12529032258064562,-0.7242533470648784
2019-10-23,1711.44,1720.02,1653.96,1672.92,1544245685.28,0.03859907446361012,-0.5831062670299642
2019-10-24,1669.2599999999998,1722.2400000000002,1668.06,1714.08,802786225.52,0.03245749613601313,0.8272425249169268
2019-10-25,1712.04,1741.08,1704.6281999999999,1728.2400000000002,623280826.76,0.021291441788743856,0.4444224976544315
2019-10-28,1702.56,1775.8200000000002,1700.3232,1773.2400000000002,707835736.86,0.044343106850860514,0.9361986203388654
2019-10-29,1768.56,1799.34,1768.44,1785.0,711405205.0,0.01747184149816848,0.5320388349514432
2019-10-30,1815.06,1841.52,1794.12,1799.34,643713585.11,0.02611483917887071,-0.3316455696202461
2019-10-31,1800.12,1809.48,1773.42,1792.2599999999998,585445910.9399999,0.020031997866809398,-0.21797004991680313
2019-11-01,1798.7400000000002,1822.7400000000002,1791.42,1795.1999999999998,437808289.59999996,0.017412188531973016,-0.11302681992338082
2019-11-04,1806.84,1815.3600000000001,1758.78,1760.58,462499084.26,0.03131433884572023,-0.8176033934252217
2019-11-05,1762.5,1770.54,1732.92,1753.08,401640269.94,0.021344680851064324,-0.2503987240829306
2019-11-06,1754.04,1758.0,1721.1000000000001,1734.0,377544687.0,0.021037148525689747,-0.5430894308942952
2019-11-07,1737.12,1743.3594000000003,1713.6000000000001,1721.22,410428064.57,0.017131458966565996,-0.5342849654226649
2019-11-08,1719.1799999999998,1760.34,1711.5,1759.5,433179809.25,0.028408892611594423,0.8255528255528134
2019-11-11,1754.88,1769.52,1743.1073999999999,1764.84,296409584.24,0.015050943654267582,0.37709275118691044
2019-11-12,1770.0,1777.5,1734.72,1748.3999999999999,539516901.0,0.024169491525424268,-0.50490883590462
2019-11-13,1741.5,1741.5,1685.6999999999998,1691.34,542820632.8299999,0.03204134366925131,-0.898924731182778
2019-11-14,1697.04,1697.04,1628.8650000000002,1650.8999999999999,648048963.55,0.040172889266016525,-0.676787678767871
2019-11-15,1669.5,1703.6999999999998,1662.66,1693.62,542577135.8399999,0.02458221024258803,0.5877192982456008
2019-11-18,1682.58,1701.0,1680.3000000000002,1695.72,459865133.0,0.012302535392076933,0.634782608695632
2019-11-19,1692.66,1744.1652000000001,1683.06,1712.58,571395752.11,0.03610010279678209,0.32599516898724584
2019-11-20,1710.54,1734.6000000000001,1703.28,1712.3999999999999,402306974.99999994,0.018310007366095588,0.05938697318007123
2019-11-21,1712.1000000000001,1735.08,1702.56,1730.7599999999998,372811473.2,0.018994217627475593,0.5738007380073512
2019-11-22,1730.3999999999999,1811.16,1729.92,1794.48,983472540.0799999,0.046948682385576146,0.7887740029542019
2019-11-25,1809.78,1842.06,1803.3600000000001,1815.66,673703366.49,0.021383814607300777,0.15193798449612364
2019-11-26,1809.6000000000001,1844.1000000000001,1809.6000000000001,1817.94,732596794.09,0.019064986737401073,0.24173913043477321
2019-11-27,1821.66,1824.0,1792.08,1820.1000000000001,415562805.20000005,0.017522479496723347,-0.04887218045112447
2019-11-29,1806.6000000000001,1831.1052,1796.3999999999999,1798.8600000000001,283187933.98,0.019210229159748193,-0.2230213339787629
2019-12-02,1754.1000000000001,1779.5994,1740.9605999999999,1754.34,533110593.53999996,0.02202770651616279,0.006211373024001119
2019-12-03,1750.6799999999998,1767.8999999999999,1738.8000000000002,1744.1999999999998,486036446.4,0.016622112550552168,-0.22268041237112945
2019-12-04,1740.8999999999999,1758.84,1704.1799999999998,1737.12,503066188.23999995,0.031397552989833453,-0.06915477497255576
2019-12-05,1746.0,1854.3600000000001,1650.2400000000002,1796.34,1793186824.52,0.11690721649484581,0.24661963550852292
2019-12-06,1798.08,1827.3600000000001,1798.08,1801.56,678994452.3,0.016284036305393077,0.1188524590163892
2019-12-09,1801.62,1825.92,1772.7599999999998,1773.3000000000002,616811667.8000001,0.029506777233823608,-0.5327313769751507
2019-12-10,1766.28,1801.56,1766.22,1783.1999999999998,364733944.8,0.020008152727767344,0.4787775891341088
2019-12-11,1780.92,1795.7400000000002,1752.0,1753.38,384001909.20000005,0.02456033959975811,-0.629629629629611
2019-12-12,1751.6399999999999,1777.02,1745.58,1763.1000000000001,574128537.75,0.017948893608276267,0.3645038167938893
2019-12-13,1788.0,1824.0,1769.34,1780.98,577682234.76,0.03057046979865831,-0.12843029637760414
2019-12-16,1786.8600000000001,1810.44,1780.5,1808.3999999999999,421569084.2,0.01675564957523311,0.7194388777554769
2019-12-17,1811.16,1811.58,1777.8000000000002,1782.66,404152493.69,0.018651030278937657,-0.8436944937832851
2019-12-18,1785.78,1804.9499999999998,1773.3000000000002,1779.66,531182238.84000003,0.017723347780802014,-0.19336492890994528
2019-12-19,1783.62,1792.614,1770.06,1785.48,438496925.94,0.012645070138258753,0.08246874168662045
2019-12-20,1806.0,1811.1000000000001,1797.0,1806.3000000000002,1189056582.9,0.007807308970100293,0.021276595744692036
2019-12-23,1817.3999999999999,1834.3200000000002,1805.16,1809.3600000000001,465054674.28000003,0.01604489930670247,-0.27572016460903426
2019-12-24,1809.84,1827.8999999999999,1806.42,1824.42,131888842.14999999,0.011868452459886387,0.6787709497206527
2019-12-26,1826.8200000000002,1841.6399999999999,1807.6799999999998,1810.7400000000002,222773833.25000003,0.018589680428285776,-0.4734982332155311
2019-12-27,1817.1000000000001,1818.3000000000002,1796.94,1800.54,203351787.23999998,0.011754994221562442,-0.7752808988763717
2019-12-30,1802.22,1809.42,1770.0888,1776.06,258485404.32,0.021823750707461387,-0.665120820112261
2019-12-31,1771.6799999999998,1784.16,1757.04,1780.38,240391952.01000002,0.015307504741263155,0.320796460176988
2020-01-02,1794.3600000000001,1794.48,1753.6799999999998,1765.44,328726399.2,0.022737912124657905,-0.708823529411746
2020-01-03,1744.62,1756.08,1741.3200000000002,1745.1000000000001,194602499.70000002,0.008460295078584881,0.03252032520326699
2020-01-06,1741.44,1747.1399999999999,1729.2053999999998,1744.92,369643561.98,0.010298718302095411,0.1940383392994444
2020-01-07,1743.42,1751.04,1727.94,1740.54,300317703.13,0.013249819320646141,-0.12467532467532451
2020-01-08,1733.28,1765.1399999999999,1726.8600000000001,1755.96,309939524.38000005,0.022085294932152177,0.5924764890282033
2020-01-09,1763.94,1779.42,1754.16,1765.8000000000002,284436241.2,0.014320214973298965,0.0736342042755366
2020-01-10,1767.84,1792.44,1766.16,1779.06,345275517.15,0.014865598696715178,0.42694063926939163
2020-01-13,1768.8600000000001,1773.0,1744.98,1763.3999999999999,411789167.99999994,0.015840710966385674,-0.1948608137044994
2020-01-14,1764.6000000000001,1838.1000000000001,1747.62,1793.8200000000002,631633919.0,0.05127507650459095,0.322944297082224
2020-01-15,1793.6399999999999,1802.22,1754.46,1758.54,579156391.24,0.026627416872951636,-0.7349246231155607
2020-01-16,1766.94,1768.8000000000002,1705.44,1716.84,801204590.16,0.03585860300859174,-0.790719696969685
2020-01-17,1723.92,1728.0,1709.3999999999999,1713.0,503949468.5,0.010789363775581885,-0.5870967741935165
2020-01-21,1719.2400000000002,1727.04,1696.5359999999998,1723.1399999999999,647189557.56,0.017742723529001834,0.12785208497244596
2020-01-22,1729.02,1745.0700000000002,1725.6000000000001,1728.6000000000001,452605388.1,0.011260714161780093,-0.02157164869028368
2020-01-23,1723.38,1728.48,1687.2599999999998,1705.2599999999998,550280580.9599999,0.023918114403092314,-0.4395924308588014
2020-01-24,1705.2599999999998,1709.94,1663.92,1668.84,350632462.62,0.026987087013124664,-0.7913950456323134
2020-01-27,1668.84,1694.0099999999998,1657.41,1686.84,395186971.26,0.02193140145250633,0.4918032786885154
2020-01-28,1703.7599999999998,1705.71,1684.3200000000002,1691.6999999999998,320455629.55,0.012554585152838934,-0.5638148667601428
2020-01-29,1692.3000000000002,1700.28,1677.96,1695.12,329812717.91999996,0.013189150859777178,0.12634408602148706
2020-01-30,1728.72,1728.72,1656.84,1665.1799999999998,444379925.87999994,0.04157989726502908,-0.8839732888146802
2020-01-31,1656.48,1657.6799999999998,1605.54,1613.1000000000001,457494786.05,0.03147638365691155,-0.8319907940160942
2020-02-03,1623.66,1651.8000000000002,1618.56,1636.38,343050703.20000005,0.02047226636118474,0.3826714801443909
2020-02-04,1658.3999999999999,1713.6000000000001,1655.6399999999999,1699.7400000000002,477206254.35,0.03494934876989944,0.7132505175983346
2020-02-05,1713.78,2249.94,1675.0500000000002,1997.22,3381679589.2,0.3354514581801635,0.4930334498773672
2020-02-06,2030.34,2091.96,2001.0,2023.44,1218658895.0,0.044800378261769455,-0.07585751978891585
2020-02-07,2012.34,2041.92,1989.96,2032.1999999999998,748314635.1,0.02582068636512767,0.3822170900692745
2020-02-10,1992.0,2037.3600000000001,1981.44,2033.58,632791122.1800001,0.02807228915662703,0.7435622317596411
2020-02-11,2028.3600000000001,2040.3000000000002,1978.3200000000002,1993.7400000000002,600213433.26,0.030556705910193944,-0.5585672797676561
2020-02-12,1989.96,2008.2599999999998,1974.2400000000002,1990.56,531901186.96,0.01709582102152833,0.017636684303348023
2020-02-13,1975.1999999999998,2033.25,1974.0,2005.5,436961348.25,0.029996962332928808,0.5113924050632855
2020-02-14,2004.0,2012.3999999999999,1990.98,1998.0,340741251.0,0.010688622754491435,-0.28011204481791613
2020-02-18,2061.96,2064.0,2004.54,2022.6000000000001,510922918.20000005,0.028836640865972672,-0.6619576185670907
2020-02-19,2028.0,2050.62,2012.52,2046.2400000000002,507636675.84000003,0.018786982248521152,0.47874015748030974
2020-02-20,2053.08,2058.0,1995.0,2019.84,504240936.96,0.030685604068034843,-0.5276190476190393
2020-02-21,2021.8200000000002,2026.92,2007.6000000000001,2020.2599999999998,310885689.84,0.009555746802386427,-0.08074534161492364
2020-02-24,1989.0,2016.0,1952.52,1955.88,564828153.84,0.031915535444947706,-0.5217391304347725
2020-02-25,1963.1999999999998,1983.66,1936.1999999999998,1944.66,593497915.82,0.024174816625917507,-0.3906447534765959
2020-02-26,1961.88,1985.58,1941.66,1964.6999999999998,462316504.05,0.022386690317451028,0.06420765027321618
2020-02-27,1948.3200000000002,1953.3000000000002,1857.78,1860.48,688843340.16,0.04902685390490328,-0.9195979899497386
2020-02-28,1801.38,1863.2400000000002,1794.0059999999999,1850.34,739124789.1899999,0.03843386736835167,0.7071669988733691
2020-03-02,1851.84,1969.38,1846.98,1967.34,775428044.67,0.06609642301710787,0.9436274509803838
2020-03-03,1921.6799999999998,1998.0,1871.22,1894.6799999999998,642964710.4799999,0.06597352316722915,-0.2129673450070973
2020-03-04,1915.7400000000002,1970.6999999999998,1898.46,1970.6999999999998,575562970.4499999,0.037708666102916226,0.760797342192677
2020-03-05,1918.38,1958.6999999999998,1890.0,1906.1999999999998,467153704.8,0.03581146592437409,-0.1772925764192161
2020-03-06,1849.62,1915.08,1837.02,1907.6999999999998,481115263.05,0.04220326337301765,0.744043043812442
2020-03-09,1806.0,1841.8200000000002,1762.5624,1783.1399999999999,638798314.59,0.04388571428571489,-0.2884265988372068
2020-03-10,1826.94,1852.6499999999999,1737.5099999999998,1833.78,727078794.13,0.0630234162041452,0.05940594059405813
2020-03-11,1775.94,1820.16,1751.7599999999998,1765.5,552984025.0,0.03851481468968618,-0.1526315789473663
2020-03-12,1680.0,1712.52,1596.06,1613.28,780031366.3199999,0.06932142857142914,-0.5729005667181817
2020-03-13,1674.84,1836.0,1657.44,1831.2599999999998,1111297078.8999999,0.10661316901913069,0.8760080645161236
2020-03-16,1691.16,1856.1000000000001,1641.54,1690.3200000000002,1088185194.5600002,0.12687149648761858,-0.00391498881431727
2020-03-17,1711.98,1887.8999999999999,1704.81,1831.92,801819171.1999999,0.10694634283110832,0.6550876618056664
2020-03-18,1762.2599999999998,1840.44,1665.06,1792.08,826526710.2,0.09951993462939693,0.1700307902839547
2020-03-19,1758.8999999999999,1784.88,1699.6799999999998,1728.12,711414872.38,0.04843936551253694,-0.3612676056337971
2020-03-20,1728.12,1811.28,1666.8600000000001,1672.62,761071092.0799999,0.083570585376016,-0.38429580390527407
2020-03-23,1700.1000000000001,1728.33,1573.5,1615.1399999999999,725587916.31,0.09107111346391437,-0.5487308661112172
2020-03-24,1673.34,1699.56,1619.88,1657.1399999999999,956740112.35,0.04761734016995996,-0.20331325301204664
2020-03-25,1648.38,1805.04,1608.78,1709.88,763436056.7800001,0.11906235212754393,0.31335982879853097
2020-03-26,1708.44,1840.62,1707.03,1829.6399999999999,692364440.36,0.07819414202430336,0.9072535369413802
2020-03-27,1782.0,1842.84,1765.5,1780.5,490561282.75,0.04340067340067389,-0.01939487975174531
2020-03-30,1800.0,1928.46,1788.48,1896.78,552383749.03,0.07776666666666719,0.6913844834976374
2020-03-31,1880.88,1919.6399999999999,1855.1999999999998,1898.28,907784071.92,0.03426055888732987,0.27001862197392273
2020-04-01,1852.8600000000001,1880.772,1742.1000000000001,1759.62,638686045.43,0.074842135941194,-0.6723779854620955
2020-04-02,1740.6000000000001,1842.8999999999999,1740.0,1826.8200000000002,1000698808.7700001,0.05911754567390601,0.8379008746355618
2020-04-03,1822.1999999999998,1869.1499999999999,1780.83,1803.06,427580352.99,0.0484688837668757,-0.21671195652173542
2020-04-06,1850.94,1884.84,1803.6000000000001,1868.34,990683548.3199999,0.04389121203280535,0.2141802067946787
2020-04-07,1889.6399999999999,1917.6000000000001,1797.66,1807.2599999999998,740312733.16,0.06347240744268802,-0.6868434217108503
2020-04-08,1831.5,1916.34,1806.06,1901.6999999999998,612456113.85,0.06021294021294071,0.636561479869416
2020-04-09,1890.6000000000001,1934.6999999999998,1884.06,1926.3000000000002,475242609.8,0.026785147572199748,0.7049763033175243
2020-04-13,1908.06,1950.66,1900.7400000000002,1937.6399999999999,672956904.3,0.026162699286186402,0.5925480769230654
2020-04-14,1974.0,2019.0,1970.04,2002.56,559222556.48,0.024802431610942765,0.5833333333333198
2020-04-15,1976.6999999999998,1999.1999999999998,1937.16,1961.6399999999999,466361274.42,0.03138564273789685,-0.24274661508703685
2020-04-16,1986.8999999999999,2042.28,1969.02,2030.04,542336351.2199999,0.03687150837988875,0.5888615888615824
2020-04-17,2075.82,2076.3,2011.71,2055.3,582965634.5500001,0.03111541463132695,-0.3176962378077043
2020-04-20,2031.84,2101.44,2023.6799999999998,2036.46,550168336.5500001,0.038270729978739065,0.05941358024691418
2020-04-21,1995.06,2017.1399999999999,1970.22,1974.06,500702223.45,0.023518089681513754,-0.44757033248081035
2020-04-22,1816.5,1841.94,1734.12,1788.06,1982522849.3799999,0.05935590421139615,-0.26377295492487246
2020-04-23,1761.66,1784.6405999999997,1749.42,1753.5,850879737.75,0.019992847655052978,-0.23168259484506032
2020-04-24,1758.3600000000001,1787.6399999999999,1740.6000000000001,1786.8000000000002,529734085.0,0.026752200914488905,0.6045918367346855
2020-04-27,1803.48,1830.0,1798.44,1819.44,488628806.40000004,0.0174995009648019,0.5057034220532179
2020-04-28,1830.12,1876.9794000000002,1818.018,1831.3200000000002,568609904.22,0.03221723165694114,0.020352298283287874
2020-04-29,1853.04,1880.04,1827.75,1828.2599999999998,639932135.8499999,0.02821849501359978,-0.47389558232931234
2020-04-30,1794.0,1830.3000000000002,1776.84,1780.98,680066025.68,0.02979933110367962,-0.2435465768799041
2020-05-01,1770.42,1787.4900000000002,1751.2817999999997,1758.54,450965273.21999997,0.020451757210154353,-0.3281024740252103
2020-05-04,1764.3600000000001,1787.3999999999999,1758.12,1779.12,371571880.67999995,0.016595252669523768,0.5040983606557129
2020-05-05,1782.84,1839.0,1782.48,1826.6399999999999,410529424.56,0.0317022279060381,0.7749469214437225
2020-05-06,1830.3000000000002,1875.9384,1829.8500000000001,1840.6799999999998,385156767.96,0.025180790034421044,0.2252193610539628
2020-05-07,1852.2599999999998,1905.3000000000002,1851.06,1884.06,554073157.08,0.029283145994623443,0.5862831858406979
2020-05-08,1892.94,1906.1999999999998,1868.22,1884.12,353687320.41999996,0.020064027385971437,-0.23222748815165822
2020-05-11,1880.46,1980.78,1878.0,1968.06,496503816.84999996,0.054656839284005464,0.8523058960887243
2020-05-12,1979.46,2010.0,1913.34,1918.62,601947838.8,0.04883149949986412,-0.6294227188081881
2020-05-13,1925.3999999999999,1963.1999999999998,1875.96,1889.7599999999998,565651152.16,0.04531006544094772,-0.4085281980742754
2020-05-14,1866.8999999999999,1906.6799999999998,1866.8999999999999,1894.92,368596680.2,0.021308050779367378,0.7043740573152217
2020-05-15,1880.94,1903.2599999999998,1866.0,1899.6000000000001,259908654.20000002,0.019809244314013603,0.5008051529790579
2020-05-18,1944.0,1944.0,1891.71,1895.3999999999999,322973632.79999995,0.026898148148148632,-0.9294320137693486
2020-05-19,1888.02,1901.1000000000001,1851.96,1860.48,267341053.44,0.026027266660311372,-0.5604395604395471
2020-05-20,1869.48,1887.4499999999998,1849.1100000000001,1857.1799999999998,279845763.46999997,0.020508376660890018,-0.32081377151799584
2020-05-21,1858.56,1867.56,1815.1799999999998,1826.7599999999998,334927312.2,0.028183109504132817,-0.6071019473081235
2020-05-22,1824.66,1830.1799999999998,1804.8000000000002,1827.1799999999998,210201223.43999997,0.013909440662918373,0.09929078014183174
2020-05-26,1854.42,1854.42,1769.34,1775.22,492168797.81,0.04587957420649103,-0.9308885754583801
2020-05-27,1782.0,1809.0,1750.98,1808.7599999999998,414430024.78,0.03255892255892309,0.4612202688727906
2020-05-28,1813.7400000000002,1828.8000000000002,1787.16,1803.0,430016401.5,0.022958086605578017,-0.2579250720461084
2020-05-29,1805.88,1846.92,1787.46,1842.54,588830027.5899999,0.03292577579905697,0.6165489404641644
2020-06-01,1834.3200000000002,1841.6999999999998,1804.1999999999998,1808.6999999999998,260144416.64999998,0.020443543111344248,-0.6831999999999909
2020-06-02,1801.6799999999998,1823.52,1801.6799999999998,1817.16,286525851.62,0.01212201944851535,0.708791208791183
2020-06-03,1818.2400000000002,1828.08,1798.2599999999998,1815.6000000000001,286123732.6,0.016400475184794715,-0.08853118712273632
2020-06-04,1817.94,1823.7323999999999,1785.3000000000002,1797.8999999999999,305351740.2,0.021140631704017004,-0.5214350391856827
2020-06-05,1803.66,1849.62,1788.72,1840.3200000000002,398036064.96000004,0.03376467848707674,0.6019704433497465
2020-06-08,1826.88,1836.3600000000001,1794.78,1807.56,449241322.08,0.022760115606937036,-0.46464646464645565
2020-06-09,1782.0,1784.04,1746.0,1762.44,600991158.78,0.021346801346801877,-0.5141955835962
2020-06-10,1776.48,1780.8600000000001,1751.3999999999999,1771.5,422515741.0,0.016583355849771036,-0.1690427698574272
2020-06-11,1761.96,1766.34,1687.1999999999998,1699.3200000000002,472913675.50000006,0.04491588912347673,-0.7915087187262952
2020-06-12,1716.3600000000001,1721.7599999999998,1641.54,1675.62,570016879.92,0.04673844647975993,-0.5078534031413592
2020-06-15,1658.16,1673.94,1632.12,1670.94,609335284.53,0.025220726588508432,0.30559540889525627
2020-06-16,1692.06,1715.7599999999998,1681.3200000000002,1692.72,494635353.6,0.02035388815999467,0.019163763066204133
2020-06-17,1701.6000000000001,1711.6799999999998,1678.08,1688.7599999999998,582804586.0799999,0.01974612129760278,-0.3821428571428579
2020-06-18,1566.48,1621.1399999999999,1553.6999999999998,1561.8000000000002,1711475103.0,0.04305193810326401,-0.0693950177935908
2020-06-19,1570.5,1631.94,1558.8000000000002,1626.0,2090167987.0,0.04657115568290406,0.7588187038556103
2020-06-22,1599.0,1604.16,1567.38,1585.7400000000002,580246580.6800001,0.023001876172608477,-0.3605220228384832
2020-06-23,1598.22,1638.06,1592.94,1609.1399999999999,488179015.87,0.028231407440778407,0.24202127659573647
2020-06-24,1601.3999999999999,1628.52,1570.7400000000002,1578.2400000000002,381185205.12,0.03608092918696186,-0.4008307372793238
2020-06-25,1574.52,1580.52,1552.5,1575.78,333916186.15999997,0.01779589970276717,0.04496788008565121
2020-06-26,1576.56,1577.94,1545.6000000000001,1551.96,609650497.62,0.020513015679708292,-0.7606679035250219
2020-06-29,1565.04,1582.08,1550.37,1562.1000000000001,234135618.85000002,0.02026146296580344,-0.09271523178807099
2020-06-30,1565.6999999999998,1610.8200000000002,1562.22,1605.3000000000002,340900437.8,0.03104042920099707,0.8148148148148032
2020-07-01,1601.34,1615.8899999999999,1571.22,1588.62,289613898.64,0.02789538761287473,-0.2847548690396191
2020-07-02,1592.94,1607.88,1584.72,1590.72,250012136.8,0.014539154017101125,-0.09585492227978945
2020-07-06,1608.2400000000002,1624.2599999999998,1602.78,1618.8000000000002,231882847.60000002,0.013356215490225821,0.49162011173182296
2020-07-07,1615.8000000000002,1632.3000000000002,1605.42,1610.1000000000001,555422779.5,0.01663572224285251,-0.21205357142856437
2020-07-08,1765.9379999999999,1769.94,1669.02,1681.1399999999999,912920941.99,0.05714809919714114,-0.8402497027348306
2020-07-09,1693.8000000000002,1697.94,1645.6799999999998,1672.1999999999998,310968443.4,0.030853701735742818,-0.41331802525832106
2020-07-10,1663.08,1676.94,1652.1000000000001,1673.28,266437489.92,0.014936142578830185,0.41062801932365817
2020-07-13,1675.6799999999998,1697.16,1655.3999999999999,1659.12,334565142.76,0.024921226009740047,-0.3965517241379181
2020-07-14,1650.8999999999999,1690.56,1644.84,1687.62,252022701.58999997,0.027693985099037498,0.8031496062991951
2020-07-15,1692.78,1708.1399999999999,1682.34,1697.7599999999998,321623088.47999996,0.015241200864850092,0.19302325581393825
2020-07-16,1693.3200000000002,1693.92,1660.8600000000001,1677.2400000000002,264087028.8,0.019523775777762577,-0.4863883847549748
2020-07-17,1683.96,1700.88,1675.617,1691.28,254723962.68,0.0150021378180011,0.28975181094880276
2020-07-20,1686.84,1705.3500000000001,1686.84,1700.3999999999999,209647983.99999997,0.010973180621755002,0.732576985413239
2020-07-21,1710.0,1710.0,1680.1799999999998,1681.1399999999999,249390674.63,0.01743859649122874,-0.9678068410462443
2020-07-22,1712.16,1718.88,1674.6239999999998,1684.8600000000001,391025959.33,0.02584805158396487,-0.6168655097613689
2020-07-23,1693.56,1693.56,1665.1799999999998,1671.06,264032214.67,0.016757599376462064,-0.7928118393234362
2020-07-24,1663.56,1663.92,1623.9719999999998,1633.98,234825529.39,0.024013561278223388,-0.74046260138177
2020-07-27,1696.08,1723.5,1677.3000000000002,1717.1399999999999,563245673.77,0.027239281165983207,0.45584415584414656
2020-07-28,1717.62,1722.0,1680.96,1682.1000000000001,324944433.45000005,0.02389352708981087,-0.8654970760233655
2020-07-29,1687.1399999999999,1700.52,1649.3316,1664.16,226598404.88000003,0.030340339272378686,-0.4489298356658802
2020-07-30,1638.12,1664.6399999999999,1637.6399999999999,1649.16,198833174.28,0.016482308988353102,0.40888888888888086
2020-07-31,1640.6399999999999,1648.2599999999998,1615.8600000000001,1648.1399999999999,354049039.76,0.019748390871855266,0.23148148148147693
2020-08-03,1648.1999999999998,1679.46,1648.1999999999998,1668.96,271604046.96000004,0.01896614488533018,0.6641074856045877
2020-08-04,1668.48,1671.6000000000001,1651.5,1656.48,303954693.28,0.012046892980437958,-0.5970149253731006
2020-08-05,1659.8999999999999,1671.78,1646.5500000000002,1657.02,249411888.70000002,0.015199710825953838,-0.11414982164089543
2020-08-06,1654.56,1674.0,1649.6999999999998,1665.96,210064505.98000002,0.014686684073107756,0.46913580246911674
2020-08-07,1866.84,1872.0,1795.71,1834.2599999999998,1361819434.52,0.04086584817124174,-0.42705465985056684
2020-08-10,1848.0,1851.0,1790.52,1801.56,457937635.62,0.032727272727273264,-0.7678571428571308
2020-08-11,1801.62,1809.0,1735.02,1739.6399999999999,418639147.08,0.041063043261065586,-0.8377939983779288
2020-08-12,1744.1399999999999,1777.62,1744.1399999999999,1759.3200000000002,298057250.34000003,0.019195706766659215,0.45340501792114185
2020-08-13,1751.22,1764.54,1724.0099999999998,1731.2400000000002,261277009.56000003,0.02314386541953677,-0.49296817172462865
2020-08-14,1727.94,1743.27,1726.7400000000002,1736.6999999999998,179280409.35,0.009566304385569368,0.5299455535389818
2020-08-17,1739.1252,1769.6399999999999,1729.92,1734.96,308328994.72,0.022839068745597373,-0.10486404833836428
2020-08-18,1735.8000000000002,1747.1399999999999,1710.3000000000002,1733.28,297352561.52,0.021223643276875603,-0.06840390879479266
2020-08-19,1708.8000000000002,1721.6999999999998,1676.7599999999998,1679.88,431844231.78000003,0.026299157303371387,-0.6435246995994525
2020-08-20,1670.34,1676.04,1650.3600000000001,1665.12,265634650.95999998,0.015374115449549686,-0.20327102803737762
2020-08-21,1665.8999999999999,1669.3200000000002,1647.84,1662.42,256951947.29999998,0.012893931208356585,-0.16201117318433841
2020-08-24,1664.88,1678.3200000000002,1649.34,1659.3600000000001,278369255.52,0.017406659939455834,-0.19047619047618167
2020-08-25,1657.62,1686.63,1653.78,1674.1799999999998,361255397.48999995,0.019817569768705204,0.5041095890410767
2020-08-26,1674.84,1689.6000000000001,1656.0,1675.02,256221946.83,0.020061617826181082,0.00535714285714457
2020-08-27,1680.8999999999999,1694.34,1670.22,1675.56,419821890.62,0.014349455648760116,-0.2213930348258591
2020-08-28,1677.12,1690.62,1673.34,1688.7599999999998,229204136.39999998,0.010303377218088725,0.6736111111110659
2020-08-31,1689.8999999999999,1727.6999999999998,1684.6799999999998,1725.84,471604188.96,0.02545712764068937,0.8354253835425205
2020-09-01,1724.88,1725.72,1663.8600000000001,1678.5,351248505.0,0.035863364407959314,-0.7497575169738027
2020-09-02,1686.3600000000001,1728.1799999999998,1683.2400000000002,1713.6000000000001,297234201.6,0.02664911406817084,0.6061415220293646
2020-09-03,1717.3200000000002,1724.22,1644.12,1656.8999999999999,387413872.65,0.04664244287610991,-0.754307116104862
2020-09-04,1668.72,1682.88,1644.48,1656.0,342439272.0,0.023011649647634757,-0.3312499999999913
2020-09-08,1645.1999999999998,1650.8388,1608.2400000000002,1613.3999999999999,335243814.7,0.025892778993435898,-0.746499901405659
2020-09-09,1620.84,1648.6799999999998,1611.27,1635.06,261889740.28,0.023080624861183608,0.38011226944666404
2020-09-10,1627.8600000000001,1645.02,1594.7400000000002,1599.06,291982759.28999996,0.03088717702996616,-0.5727923627684915
2020-09-11,1607.58,1626.0,1600.1100000000001,1619.46,228375169.56000003,0.016104952786176026,0.45886442641945574
2020-09-14,1627.6799999999998,1676.3999999999999,1627.62,1669.7400000000002,306804428.27000004,0.02996903568269006,0.8622386223862148
2020-09-15,1680.2400000000002,1699.7400000000002,1658.6999999999998,1670.6999999999998,307827867.25,0.024425082131124955,-0.23245614035087933
2020-09-16,1685.94,1710.0,1645.56,1658.34,428667346.89,0.038222000782946616,-0.42830540037243464
2020-09-17,1635.0,1665.3000000000002,1632.96,1652.22,267831470.88,0.01977981651376216,0.5324675324675144
2020-09-18,1653.84,1656.06,1619.22,1646.88,842450484.8000001,0.022275431722537188,-0.18892508143321485
2020-09-21,1633.38,1636.1999999999998,1590.3000000000002,1609.8000000000002,465135612.0,0.028101237923814793,-0.5137254901960697
2020-09-22,1614.0,1641.3000000000002,1604.52,1636.56,286393635.84,0.022788104089220062,0.6133768352365201
2020-09-23,1638.66,1670.28,1627.2599999999998,1633.1999999999998,267574505.39999998,0.026253158068178382,-0.12691771269177382
2020-09-24,1626.0,1632.4499999999998,1605.54,1620.2400000000002,205737535.12,0.0165498154981555,-0.21404682274245934
2020-09-25,1609.7400000000002,1645.56,1605.0,1639.6799999999998,201550285.43999997,0.025196615602520234,0.7381656804733456
2020-09-28,1692.0,1727.6999999999998,1675.08,1692.21,502652930.26000005,0.031099290780142355,0.003990877993159119
2020-09-29,1685.04,1712.6999999999998,1681.38,1694.1000000000001,244175432.95000002,0.01858709585529168,0.28927203065134
2020-09-30,1703.22,1709.1000000000001,1684.7400000000002,1702.08,340405503.84000003,0.0143023214851874,-0.046798029556652625
2020-10-01,1709.7599999999998,1717.02,1683.54,1713.42,277477517.34,0.019581695676586776,0.10931899641577651
2020-10-02,1689.8999999999999,1712.8200000000002,1656.3606,1665.84,270969699.0,0.03340990591159309,-0.4261469303605678
2020-10-05,1672.02,1715.52,1664.13,1705.08,252364343.92000002,0.03073527828614541,0.6433158201984702
2020-10-06,1705.02,1715.3994,1676.34,1686.8999999999999,213149655.24999997,0.02290847028187416,-0.46390881580361215
2020-10-07,1693.44,1722.4656,1685.4299999999998,1714.5,184810241.25,0.021870039682540355,0.5686420633120373
2020-10-08,1724.3999999999999,1730.6399999999999,1712.1000000000001,1721.52,144761756.04000002,0.010751565762004596,-0.1553398058252302
2020-10-09,1722.96,1734.0,1711.02,1719.2400000000002,271166555.92,0.013337512188327648,-0.16187989556134183
2020-10-12,1735.6799999999998,1760.04,1714.6799999999998,1748.88,329400673.56,0.026133849557522765,0.29100529100528977
2020-10-13,1731.1799999999998,1756.62,1722.78,1748.7599999999998,199090788.26,0.019547360759713552,0.5195035460992745
2020-10-14,1757.94,1757.94,1716.0,1734.12,282481500.53999996,0.023857469538210083,-0.567954220314725
2020-10-15,1709.1000000000001,1718.2649999999999,1680.6000000000001,1683.78,239389737.72,0.022037914691943546,-0.6722421346077172
2020-10-16,1694.58,1706.94,1677.06,1680.06,236129632.9,0.01763268774563673,-0.485943775100383
2020-10-19,1675.62,1680.27,1609.2599999999998,1612.62,324669053.37,0.042378343538511824,-0.8871989860582865
2020-10-20,1622.6999999999998,1631.88,1596.54,1602.72,308820370.32,0.021778517286005505,-0.5653650254668687
2020-10-21,1589.94,1626.2400000000002,1561.8000000000002,1613.46,497182589.71000004,0.04052983131438986,0.36499068901302917
2020-10-22,1612.5,1615.1100000000001,1575.0,1600.8000000000002,341600048.0,0.024874418604651848,-0.2916978309648339
2020-10-23,1603.38,1603.38,1573.02,1590.0,269280545.0,0.01893499981289595,-0.4407114624505801
2020-10-26,1581.06,1585.08,1534.98,1540.56,318631200.44,0.03168760198853989,-0.8083832335329194
2020-10-27,1537.98,1552.1999999999998,1529.5500000000002,1531.8000000000002,282205301.1,0.014727109585300604,-0.2728476821191904
2020-10-28,1506.18,1519.26,1465.08,1465.56,402486742.8,0.035971796199658096,-0.7497231450719697
2020-10-29,1469.82,1487.6399999999999,1459.5,1472.8799999999999,300334960.8,0.019145201453239755,0.10874200426438702
2020-10-30,1483.56,1513.26,1462.3806,1512.42,356353123.49,0.03429547844374411,0.5672236700904402
2020-11-02,1521.84,1534.8000000000002,1489.56,1493.94,365887319.14,0.029727172370289396,-0.6167108753315451
2020-11-03,1503.1200000000001,1510.8000000000002,1461.42,1482.06,358147950.33,0.03285166852945944,-0.4264884568651215
2020-11-04,1519.1999999999998,2183.52,1510.47,2133.7799999999997,5189173722.48,0.44302922590837324,0.9131268107867158
2020-11-05,2088.0,2088.0,1929.0,1973.3999999999999,1667611145.1999998,0.07614942528735677,-0.7207547169811285
2020-11-06,1973.3999999999999,1973.3999999999999,1973.3999999999999,1973.3999999999999,0.0,5.067396371744195e-16,0.0
2020-11-09,1384.92,1437.0,1339.5,1417.56,2186028253.88,0.0704011784074177,0.33476923076922604
2020-11-10,1447.44,1469.025,1407.3678,1418.04,761989466.16,0.04259741336428526,-0.47682995659873567
2020-11-11,1438.8000000000002,1496.6399999999999,1428.48,1464.18,569108463.75,0.04737281067556352,0.3723591549295711
2020-11-12,1468.26,1480.44,1444.23,1449.3000000000002,383413764.3,0.02466184463242274,-0.5236122618061106
2020-11-13,1461.9,1494.78,1451.34,1491.54,422043672.5,0.029714754771188883,0.6823204419889307
2020-11-16,1501.74,1525.6200000000001,1482.3600000000001,1505.76,403335885.12,0.02880658436214056,0.09292649098474086
2020-11-17,1507.08,1526.4678000000001,1487.46,1492.8600000000001,341305863.93,0.02588303208854279,-0.3645424761201453
2020-11-18,1492.8600000000001,1509.06,1444.6200000000001,1445.8799999999999,440870741.18,0.0431654676258998,-0.7290502793296034
2020-11-19,1448.52,1473.3000000000002,1443.0,1464.06,298232926.15999997,0.020917902410737276,0.5128712871286917
2020-11-20,1463.22,1478.85,1458.0,1464.9,325907045.6,0.014249395169558162,0.08057553956834487
2020-11-23,1470.0,1474.29,1447.02,1460.28,304532145.56,0.01855102040816392,-0.35643564356434465
2020-11-24,1460.04,1469.16,1440.42,1455.06,389461602.11,0.019684392208433325,-0.17327766179540166
2020-11-25,1458.6,1466.82,1438.3799999999999,1450.5,271416351.25,0.019498148909914328,-0.28481012658226473
2020-11-27,1452.0,1465.98,1446.0,1462.68,170457558.06,0.013760330578513088,0.5345345345345105
2020-11-30,1460.76,1465.1399999999999,1437.3600000000001,1441.02,526814095.84999996,0.019017497740902493,-0.7105831533477135
2020-12-01,1447.3799999999999,1466.22,1443.06,1458.96,284192277.36,0.016001326534843003,0.49999999999998335
2020-12-02,1481.34,1498.4994,1468.8000000000002,1481.52,325266234.47999996,0.02004900968042497,0.00606072849956764
2020-12-03,1490.28,1495.26,1459.1999999999998,1464.54,219019760.19,0.02419679523311133,-0.7138103161397441
2020-12-04,1469.16,1493.76,1464.6,1475.22,236363190.58,0.019848076451850757,0.20781893004114269
2020-12-07,1477.8000000000002,1488.3000000000002,1459.02,1462.08,263704647.68,0.0198132358911904,-0.5368852459016261
2020-12-08,1467.78,1481.28,1461.1884,1478.58,302724222.77,0.0136884274210038,0.5375380756136611
2020-12-09,1488.0,1496.6999999999998,1457.04,1468.5,334043855.75,0.02665322580645217,-0.4916792738275234
2020-12-10,1484.6999999999998,1484.6999999999998,1452.0,1457.8799999999999,310149877.15999997,0.02202465144473685,-0.8201834862385096
2020-12-11,1455.84,1475.94,1442.1,1448.58,275326530.57,0.023244312561820756,-0.21453900709219104
2020-12-14,1457.8799999999999,1505.277,1457.8799999999999,1471.5,382847267.25,0.03251090624742855,0.2873599594911025
2020-12-15,1478.94,1498.65,1464.24,1492.3799999999999,306316715.78999996,0.023266663962027576,0.39058413251959906
2020-12-16,1494.42,1507.3596,1477.182,1489.1399999999999,286678560.63,0.020193519894006345,-0.17496421186575567
2020-12-17,1482.96,1509.66,1473.99,1501.44,320069221.76,0.024053244861628804,0.5180824222035173
2020-12-18,1510.68,1524.0,1491.0,1497.72,862536448.76,0.021844467392168415,-0.39272727272726193
2020-12-21,1480.5,1494.0,1455.51,1489.92,317818808.32,0.025997973657548794,0.24473889321901338
2020-12-22,1478.6399999999999,1496.28,1467.6,1487.22,231665250.88,0.019396201915274202,0.2991631799163123
2020-12-23,1482.0,1520.46,1482.0,1507.1999999999998,244252059.2,0.02595141700404927,0.6552262090483395
2020-12-24,1501.6200000000001,1507.1999999999998,1485.06,1493.34,114361968.32,0.01474407639749128,-0.3739837398373927
2020-12-28,1490.8799999999999,1494.6594,1458.18,1464.9,301398536.15000004,0.024468367675467458,-0.712182766163893
2020-12-29,1472.16,1477.4286,1455.24,1460.76,245163976.54000002,0.015072138897946511,-0.5137773451231534
2020-12-30,1467.0,1470.33,1454.1636,1461.48,182678179.76000002,0.011020040899796066,-0.3414489311163707
2020-12-31,1460.82,1471.1394,1446.6,1469.16,239505891.24,0.016798373516245052,0.339861610308311
2021-01-04,1474.44,1478.3994,1430.4,1457.6999999999998,379850867.3,0.03255432571010071,-0.34875435942949107
2021-01-05,1463.28,1483.56,1442.04,1478.34,287367120.9,0.02837461046416336,0.36271676300577044
2021-01-06,1468.1999999999998,1488.24,1458.1200000000001,1486.5,316886867.25,0.020514916223948288,0.607569721115526
2021-01-07,1484.6999999999998,1508.6399999999999,1482.3600000000001,1502.6399999999999,280178247.36,0.01770054556476105,0.6826484018264668
2021-01-08,1499.28,1515.81,1492.77,1515.24,249708774.06,0.015367376340644142,0.692708333333306
2021-01-11,1535.16,1652.94,1519.8744,1605.12,802371130.88,0.08667865238802538,0.5257557174806954
2021-01-12,1612.6799999999998,1612.6799999999998,1579.98,1604.34,293376831.93,0.020276806309993803,-0.2550458715596241
2021-01-13,1617.66,1618.38,1590.21,1600.02,251545544.28,0.017414042505842425,-0.6261980830670724
2021-01-14,1616.94,1682.94,1608.0,1681.7400000000002,426152635.71000004,0.04634680322089935,0.8646917534027125
2021-01-15,1680.0,1695.6000000000001,1652.5500000000002,1655.04,486866978.55999994,0.025625000000000557,-0.5797909407665385
2021-01-19,1660.5,1694.58,1635.42,1643.04,332448332.15999997,0.03562782294489661,-0.2951318458417813
2021-01-20,1645.8600000000001,1647.2400000000002,1605.9900000000002,1621.6799999999998,349570421.91999996,0.025062885057052835,-0.586181818181811
2021-01-21,1621.5,1624.08,1606.62,1620.72,217858803.12,0.01076780758556955,-0.04467353951889613
2021-01-22,1622.04,1636.23,1610.88,1616.6399999999999,186228575.35999998,0.015628467855293884,-0.2130177514792859
2021-01-25,1630.7400000000002,1662.1499999999999,1626.0,1653.2400000000002,222327164.12,0.02216785017844711,0.6224066390041345
2021-01-26,1647.0,1654.5,1609.7400000000002,1630.02,211156050.84,0.027176684881603363,-0.3793565683646052
2021-01-27,1606.1999999999998,1611.96,1577.94,1590.8999999999999,296019558.45,0.021180425849832506,-0.4497354497354354
2021-01-28,1590.78,1625.34,1588.59,1607.22,262435185.57,0.023101874552107132,0.44734693877549947
2021-01-29,1766.5620000000001,1778.28,1689.033,1695.66,1353545051.45,0.05052016289267006,-0.7944468721637612
2021-02-01,1699.1999999999998,1708.5,1648.3200000000002,1670.7599999999998,402555977.46,0.035416666666667145,-0.4725822532402735
2021-02-02,1687.8000000000002,1695.0,1660.98,1666.3200000000002,331607677.92,0.020156416637042873,-0.631393298059947
2021-02-03,1619.94,1671.27,1572.48,1579.5,663837525.0,0.06098374013852421,-0.4093531733981138
2021-02-04,1572.96,1622.34,1565.8200000000002,1604.34,444731337.09,0.03593225511138282,0.5552016985137909
2021-02-05,1608.84,1608.84,1583.34,1590.54,281276395.4,0.01584992914149386,-0.7176470588234996
2021-02-08,1599.3600000000001,1621.02,1590.0,1613.58,281308310.04,0.019395258103241896,0.45841392649901197
2021-02-09,1609.38,1616.34,1595.3999999999999,1615.8600000000001,201889588.05,0.013011221712709888,0.3094555873925354
2021-02-10,1628.6999999999998,1663.5,1610.7599999999998,1650.0,372299675.0,0.032381654079941806,0.4038680318543739
2021-02-11,1671.06,1696.5,1660.1399999999999,1672.8600000000001,338538908.68,0.02175864421385295,0.04950495049505297
2021-02-12,1668.72,1681.3200000000002,1649.0099999999998,1668.1799999999998,287442983.67999995,0.01936214583633047,-0.01671309192201076
2021-02-16,1650.0,1697.97,1650.0,1675.92,364207023.92,0.02907272727272788,0.5403377110694083
2021-02-17,1656.42,1680.3600000000001,1642.1999999999998,1660.02,265676517.55,0.023037635382331348,0.0943396226415038
2021-02-18,1649.1000000000001,1667.8200000000002,1632.0,1655.3999999999999,257421321.59999996,0.021720938693833694,0.17587939698491128
2021-02-19,1671.2400000000002,1688.6999999999998,1655.16,1670.1000000000001,349053961.85,0.020068930853737774,-0.03398926654740832
2021-02-22,1656.3600000000001,1728.48,1647.1799999999998,1707.78,397853252.33,0.049083532565385016,0.6324723247232362
2021-02-23,1691.94,1709.22,1654.02,1674.48,364621927.12,0.032625270399660164,-0.31630434782608163
2021-02-24,1672.5,1714.23,1660.0500000000002,1696.44,251446619.54000002,0.0323946188340812,0.44186046511627325
2021-02-25,1705.56,1706.3999999999999,1648.2599999999998,1663.56,283931984.64,0.03408851051853999,-0.7223942208462195
2021-02-26,1669.6799999999998,1673.52,1615.8600000000001,1637.28,418898088.0,0.034533563317522414,-0.5619146722164305
2021-03-01,1646.52,1653.87,1628.34,1639.44,289691233.92,0.015505429633409226,-0.2773207990599161
2021-03-02,1638.0,1653.84,1617.0,1619.1000000000001,339530397.15000004,0.02249084249084304,-0.5130293159608955
2021-03-03,1606.8000000000002,1615.6799999999998,1582.8000000000002,1599.6000000000001,276478063.20000005,0.020463032113517944,-0.21897810218977803
2021-03-04,1599.42,1621.8000000000002,1574.88,1581.42,340396437.88,0.02933563416738633,-0.38363171355497844
2021-03-05,1594.98,1639.98,1574.67,1624.2599999999998,287628021.45,0.040947221908739236,0.4483233807992547
2021-03-08,1624.1999999999998,1673.22,1604.91,1620.06,314300550.33,0.042057628370890845,-0.06060606060605791
2021-03-09,1635.54,1669.44,1598.31,1598.94,471450390.39000005,0.04349022341245159,-0.5145508224377807
2021-03-10,1617.12,1617.12,1575.6000000000001,1575.66,455993903.12,0.02567527456218508,-0.9985549132947749
2021-03-11,1578.3600000000001,1608.0,1563.3000000000002,1604.6399999999999,426911530.15999997,0.02832053523910945,0.5879194630872319
2021-03-12,1599.96,1604.94,1570.3200000000002,1596.78,275263049.34,0.02163804095102432,-0.09185441941074471
2021-03-15,1608.12,1628.58,1502.52,1560.78,736206919.5,0.07838967241250708,-0.37553545930508936
2021-03-16,1570.8600000000001,1595.94,1548.42,1559.52,369505910.88,0.030250945342042545,-0.23863636363636176
2021-03-17,1551.0,1603.7400000000002,1543.3200000000002,1584.8999999999999,288683723.7,0.03895551257253452,0.5610724925521228
2021-03-18,1572.06,1602.1799999999998,1569.12,1573.62,232171894.79999998,0.021029731689630758,0.04718693284936179
2021-03-19,1568.58,1616.1000000000001,1566.69,1602.42,565631826.12,0.03149982786979374,0.6848816029143777
2021-03-22,1604.04,1643.16,1596.0,1634.04,318416659.91999996,0.02940076307324073,0.6361323155216139
2021-03-23,1636.38,1638.6000000000001,1596.0,1603.2599999999998,237306796.10999998,0.026033073002603987,-0.7774647887323817
2021-03-24,1602.2400000000002,1624.47,1593.96,1594.1399999999999,252882413.55,0.019042091072499105,-0.2654867256637201
2021-03-25,1604.8200000000002,1679.9964,1586.16,1643.8200000000002,461732051.8600001,0.05847160429207066,0.41561696740283754
2021-03-26,1633.2599999999998,1662.66,1626.1619999999998,1659.78,184091455.77,0.022346717607730097,0.7266151569948841
2021-03-29,1654.5,1671.6000000000001,1638.81,1656.48,219412647.44,0.01981867633726272,0.06038426349496634
2021-03-30,1642.7400000000002,1676.6999999999998,1638.3899999999999,1656.06,243487741.7,0.023320793308740834,0.34768989819888746
2021-03-31,1657.92,1684.98,1646.34,1678.5,317768864.25,0.023306311522872682,0.5326086956521568
2021-04-01,1680.0,1691.28,1668.0,1672.2599999999998,277702742.06,0.013857142857143427,-0.33247422680412
2021-04-05,1675.44,1679.52,1659.78,1667.28,206981141.04,0.011781979659075226,-0.4133738601823539
2021-04-06,1657.02,1659.0,1627.8000000000002,1630.56,273537310.4,0.018828982148677023,-0.8480769230769021
2021-04-07,1632.0,1632.0,1603.08,1608.12,228196784.33999997,0.017720588235294765,-0.8257261410788114
2021-04-08,1633.1999999999998,1633.1999999999998,1592.22,1594.38,212812793.53,0.025091844232182692,-0.9472913616397989
2021-04-09,1594.38,1611.54,1581.0,1609.02,234414369.42000002,0.019154781168856196,0.479371316306464
2021-04-12,1603.8600000000001,1609.6499999999999,1575.3000000000002,1576.8000000000002,198045028.8,0.02141708129138495,-0.7877729257641749
2021-04-13,1589.46,1601.8200000000002,1574.52,1597.1399999999999,219154493.19,0.017175644558530045,0.28131868131866317
2021-04-14,1604.6399999999999,1622.28,1587.78,1594.7400000000002,185369388.12,0.021500149566258467,-0.28695652173911157
2021-04-15,1594.2599999999998,1632.0,1594.2599999999998,1622.6399999999999,266781487.68,0.02367242482405707,0.7519872813990244
2021-04-16,1623.66,1642.98,1618.7400000000002,1621.8600000000001,274313831.72,0.01492923395292165,-0.07425742574257
2021-04-19,1617.3000000000002,1624.62,1592.6399999999999,1614.3000000000002,238015351.55,0.0197736969022451,-0.09380863039399327
2021-04-20,1614.06,1648.8600000000001,1609.2599999999998,1639.1999999999998,229820757.6,0.02453440392550546,0.6348484848484598
2021-04-21,1635.78,1640.31,1599.0,1619.1000000000001,284156637.45000005,0.02525400726259089,-0.40377632534493957
2021-04-22,1560.0,1587.12,1542.1799999999998,1554.0,624534211.0,0.028807692307692968,-0.13351134846461635
2021-04-23,1561.98,1583.6399999999999,1549.752,1575.78,239365446.71,0.021695540275804365,0.4072237960339819
2021-04-26,1586.6999999999998,1622.94,1567.3200000000002,1616.7599999999998,300644066.88,0.035053885422575704,0.5404530744336473
2021-04-27,1614.42,1624.0998,1595.28,1604.34,200492765.45999998,0.017851488460252578,-0.34975954031602613
2021-04-28,1609.5,1625.16,1594.8600000000001,1605.6000000000001,185113102.8,0.01882572227399872,-0.12871287128712017
2021-04-29,1610.52,1614.72,1586.3999999999999,1591.98,140788077.95,0.017584382683854375,-0.6546610169491244
2021-04-30,1586.28,1618.2599999999998,1584.12,1603.98,239120001.75,0.02152205159240541,0.5184534270650144
2021-05-03,1607.22,1653.3000000000002,1606.3500000000001,1651.8600000000001,270297430.83,0.029211931160638256,0.9507987220447094
2021-05-04,1642.1999999999998,1642.1999999999998,1619.6399999999999,1626.12,258764746.61999997,0.013737668980636301,-0.7127659574467755
2021-05-05,1626.0,1639.92,1616.8200000000002,1629.42,213885544.73,0.014206642066421214,0.14805194805194538
2021-05-06,1612.02,1638.1799999999998,1610.97,1632.66,252955904.99,0.01687944318308755,0.758544652701194
2021-05-07,1623.96,1675.1999999999998,1623.96,1644.2400000000002,256540353.68,0.03155250129313576,0.39578454332552476
2021-05-10,1649.16,1672.38,1642.1640000000002,1653.66,246693274.41000003,0.01832205486429508,0.14892772041302182
2021-05-11,1645.56,1689.1799999999998,1641.0,1670.34,264808743.85,0.029278786552906496,0.5143212951432035
2021-05-12,1663.02,1684.1412,1638.42,1644.12,254772835.2,0.027492874409207904,-0.4133749770347169
2021-05-13,1645.56,1698.96,1645.56,1690.2599999999998,292967976.72999996,0.03245095894406832,0.8370786516853728
2021-05-14,1688.8200000000002,1692.5099999999998,1656.1799999999998,1681.2599999999998,277687829.78999996,0.021512061676200487,-0.20809248554913864
2021-05-17,1687.02,1707.42,1675.8000000000002,1682.3999999999999,264808638.39999998,0.018743109151047925,-0.14611005692599582
2021-05-18,1694.94,1701.0,1672.92,1686.06,203995275.35999998,0.01656695812241195,-0.3162393162393097
2021-05-19,1670.22,1691.3999999999999,1656.3899999999999,1690.5,203757655.5,0.020961310486044337,0.5792630676949271
2021-05-20,1686.0,1742.16,1680.06,1719.42,313613037.76,0.036832740213523785,0.5381642512077208
2021-05-21,1729.44,1739.46,1696.6799999999998,1699.1399999999999,266313575.14,0.024736330835415613,-0.7082748948106435
2021-05-24,1713.6000000000001,1723.6194,1667.7599999999998,1673.16,233742961.74,0.03259768907563098,-0.7239605151505231
2021-05-25,1679.7491999999997,1681.62,1637.7599999999998,1640.6999999999998,258864177.0,0.026111040862529425,-0.8903146374828755
2021-05-26,1639.8000000000002,1646.1000000000001,1597.3818,1607.04,476138632.31999993,0.029709842663740087,-0.6724386368954421
2021-05-27,1614.6000000000001,1614.6000000000001,1596.0,1604.22,479425157.55,0.011519881085099172,-0.5580645161290041
2021-05-28,1614.0,1631.94,1596.0,1604.88,255984244.56000003,0.022267657992565696,-0.25375626043404625
2021-06-01,1634.1000000000001,1634.1000000000001,1584.72,1602.8999999999999,358186438.34999996,0.03021846888195403,-0.6318347509112914
2021-06-02,1615.62,1631.16,1606.6799999999998,1616.1000000000001,319839657.5,0.015152077840086922,0.019607843137263936
2021-06-03,1628.94,1637.22,1598.58,1635.3000000000002,357483121.2,0.023720947364544477,0.16459627329192406
2021-06-04,1645.02,1750.2599999999998,1640.19,1716.84,845878483.8,0.06691104059525152,0.6524938675388342
2021-06-07,1772.0736,2811.3,1716.0005999999998,2375.1000000000004,7107119401.200001,0.6180891132287061,0.5505585048252558
2021-06-08,2334.6000000000004,2394.42,2238.0,2372.2200000000003,4827203592.84,0.06700077101002355,0.24050632911392172
2021-06-09,2370.0,2488.7994,2345.04,2441.64,2521774217.86,0.06065797468354466,0.49833263077057516
2021-06-10,2441.64,2560.92,2425.5,2488.2599999999998,1971453789.23,0.05546272177716659,0.3442622950819637
2021-06-11,2539.98,2565.0,2371.98,2379.84,1674436385.28,0.0759927243521606,-0.8296549580354319
2021-06-14,2377.44,2459.2799999999997,2370.84,2436.84,853952400.8399999,0.037199676963456725,0.6716417910447726
2021-06-15,2421.0,2462.43,2363.46,2376.48,754578345.28,0.040879801734820635,-0.44983328281296986
2021-06-16,2365.8,2418.06,2331.12,2347.86,615443759.18,0.03674866852650309,-0.20634920634920448
2021-06-17,2347.86,2381.34,2281.02,2301.12,702979503.8399999,0.04272827170274254,-0.4659090909090879
2021-06-18,2323.14,2346.0,2289.9006,2330.64,1116231671.8799999,0.02414809266768298,0.1336912694253389
2021-06-21,2333.16,2345.94,2274.66,2285.46,723057074.76,0.030550840919611674,-0.6691919191919055
2021-06-22,2279.7,2286.0,2216.94,2246.3999999999996,662684630.4,0.030293459665745894,-0.4821894005212819
2021-06-23,2256.06,2256.06,2185.8,2231.3999999999996,661436050.8,0.031142788755618527,-0.3509820666097359
2021-06-24,2099.7599999999998,2150.2200000000003,2078.1000000000004,2094.96,1622760555.0800002,0.034346782489427775,-0.06655574043260772
2021-06-25,2092.02,2121.42,2070.7799999999997,2087.58,783405798.67,0.024206269538532763,-0.0876777251184822
2021-06-28,2058.0,2060.7599999999998,1999.6799999999998,2041.62,661039806.8399999,0.029679300291545627,-0.2681728880157148
2021-06-29,2033.22,2080.2599999999998,2020.3200000000002,2074.32,493554020.64000005,0.029480331690619102,0.6856856856856811
2021-06-30,2070.0,2097.0,2056.5,2077.62,369478400.47999996,0.019565217391304825,0.1881481481481408
2021-07-01,2076.0,2102.2799999999997,2072.7599999999998,2093.52,348216228.36,0.014219653179191218,0.5934959349593293
2021-07-02,2097.21,2100.42,2063.07,2092.32,283106937.12,0.017809375312916157,-0.13092369477910987
2021-07-06,2085.6000000000004,2086.2599999999998,2041.62,2069.34,359136026.34,0.021403912543153457,-0.3642473118279547
2021-07-07,2069.7,2134.92,2066.34,2131.98,489620932.89,0.03313523699086868,0.9081364829396232
2021-07-08,2100.42,2220.375,2100.42,2214.3,865386452.15,0.05711000657011496,0.9493560085031824
2021-07-09,2231.16,2232.69,2106.06,2148.96,974244267.9200001,0.056755230463077976,-0.6491352760009406
2021-07-12,2142.18,2147.94,2091.6000000000004,2094.2400000000002,414869293.04,0.02630031089824416,-0.8509052183173413
2021-07-13,2094.54,2143.44,2085.0,2111.52,342873544.48,0.02790111432581905,0.2905544147843893
2021-07-14,2107.98,2152.62,2098.08,2112.36,435571800.54,0.025873110750576828,0.08030803080308088
2021-07-15,2051.1000000000004,2058.2400000000002,1942.2599999999998,1968.96,994880703.0400001,0.05654526839257052,-0.7082255561303612
2021-07-16,1943.8200000000002,1986.66,1938.0,1947.72,498366037.98,0.025033182084761477,0.08014796547471797
2021-07-19,1938.48,1961.8200000000002,1920.66,1944.96,336003509.76000005,0.021233131113037568,0.1574344023323578
2021-07-20,1948.1999999999998,1965.09,1903.53,1934.94,446544485.73,0.031598398521712825,-0.2153996101364451
2021-07-21,1928.46,1947.12,1909.7400000000002,1937.7599999999998,363742096.96,0.01938334214865781,0.2487961476725405
2021-07-22,1920.2400000000002,1983.84,1915.3692,1958.16,484908625.24,0.03565741782277256,0.5538127201668359
2021-07-23,1932.6000000000001,1968.8999999999999,1919.1000000000001,1952.3999999999999,330596312.59999996,0.0257683949084139,0.3975903614457718
2021-07-26,1946.4618,2010.0,1935.06,1991.58,421498986.99,0.03850062713791815,0.6020576461168836
2021-07-27,1992.42,2007.0,1959.0,2003.7599999999998,310346690.28,0.024091306049929723,0.23624999999998864
2021-07-28,2002.5,2021.6999999999998,1978.8899999999999,2005.08,238540357.44,0.021378277153558514,0.060266292922211404
2021-07-29,2009.94,2021.52,1974.0,1975.02,217312108.94,0.02364249679094946,-0.7348484848484712
2021-07-30,1958.19,1988.6999999999998,1952.3999999999999,1960.38,308054439.93,0.018537527001976795,0.06033057851239661
2021-08-02,1962.2400000000002,2016.48,1957.56,1990.1999999999998,319360096.59999996,0.030026908023483897,0.4745417515274791
2021-08-03,1990.8600000000001,2030.16,1950.54,2028.0,448407700.0,0.039992766944938904,0.4664657121326219
2021-08-04,2021.52,2057.16,2010.1799999999998,2028.6000000000001,411332460.0,0.02323993826427688,0.15070242656449556
2021-08-05,2020.98,2043.0,2006.52,2019.54,240681708.80999997,0.01805064869518798,-0.03947368421052671
2021-08-06,2014.5,2052.96,1998.0,2040.0,279565000.0,0.027282204020849347,0.4639737991266288
2021-08-09,2039.94,2084.04,2028.0,2041.1999999999998,356196884.4,0.02747139621753627,0.022483940042821945
2021-08-10,2034.54,2044.44,2008.08,2023.3200000000002,270179989.56,0.017871361585420346,-0.3085808580857935
2021-08-11,2024.34,2052.0,2018.34,2034.3000000000002,265847748.8,0.01662764160170775,0.29590017825311776
2021-08-12,2015.22,2046.0,2007.66,2044.08,274713109.56,0.019025218090333015,0.7527386541470842
2021-08-13,2042.04,2070.48,2034.12,2053.5,254830109.25,0.017805723688077174,0.3151815181518064
2021-08-16,2051.52,2064.0,2023.1999999999998,2061.0,287422594.5,0.019887693027609364,0.2323529411764643
2021-08-17,2045.3999999999999,2100.42,2044.56,2098.7400000000002,398558071.59000003,0.027310061601643253,0.9548872180451001
2021-08-18,2096.58,2111.16,2047.8600000000001,2051.2200000000003,228603340.95000002,0.030192027015425456,-0.716587677725105
2021-08-19,2051.2799999999997,2086.7400000000002,2026.08,2031.72,323281529.86,0.029571779571780202,-0.322453016815023
2021-08-20,2038.3200000000002,2074.44,2022.48,2050.44,271398288.84000003,0.025491581302249405,0.2332563510392542
2021-08-23,2053.98,2097.7794000000004,2046.96,2078.58,280601717.83,0.02474191569538228,0.4840671082303072
2021-08-24,2080.5,2102.7,2075.34,2096.3999999999996,219733467.2,0.013150684931507166,0.5811403508771654
2021-08-25,2083.44,2086.14,2049.0,2056.5,271126218.0,0.017826287294090953,-0.7253634894991766
2021-08-26,2059.68,2082.7799999999997,2052.12,2053.44,245450421.12,0.014885807504078712,-0.20352250489235513
2021-08-27,2050.86,2086.4532,2031.12,2059.14,211038856.27,0.02698048623504335,0.14963891479255836
2021-08-30,2057.52,2074.6499999999996,2044.5,2066.52,191186853.16,0.014653563513356187,0.29850746268656086
2021-08-31,2067.7200000000003,2073.66,2027.4078,2033.46,333628426.56,0.022368695954965313,-0.7407215224356798
2021-09-01,2044.6799999999998,2047.7400000000002,2018.6399999999999,2029.44,267718312.96,0.014232055871824125,-0.5237113402061535
2021-09-02,2032.02,2032.1399999999999,1966.8000000000002,2013.42,409974929.39,0.032155195322881004,-0.2846648301193712
2021-09-03,2020.8000000000002,2026.7993999999999,1998.3600000000001,2001.6000000000001,183331214.4,0.014073337292161883,-0.6751197282642932
2021-09-07,1987.8600000000001,1997.22,1951.3200000000002,1963.44,316536306.84000003,0.023090157254535452,-0.5320261437908412
2021-09-08,1981.3200000000002,1981.3200000000002,1908.42,1929.3000000000002,367331002.8,0.03679365271637143,-0.7135802469135694
2021-09-09,1932.0,1934.94,1771.3200000000002,1800.8999999999999,1065398032.8,0.08468944099378924,-0.8012467913457978
2021-09-10,1799.8200000000002,1814.8200000000002,1771.5,1798.8600000000001,413863120.58,0.024069073574024703,-0.02216066481994484
2021-09-13,1811.2332000000001,1838.7599999999998,1800.0,1811.6399999999999,240807114.02,0.021399784412079428,0.010495356037145
2021-09-14,1810.08,1811.88,1766.04,1775.6999999999998,307503888.0,0.0253248475205522,-0.7499999999999836
2021-09-15,1793.94,1814.52,1778.16,1795.2599999999998,336853011.67999995,0.020268236395866574,0.036303630363027396
2021-09-16,1804.7400000000002,1817.58,1780.62,1798.1399999999999,225419925.13,0.020479404235513712,-0.1785714285714334
2021-09-17,1805.1000000000001,1805.1000000000001,1779.3600000000001,1801.1399999999999,504332708.55,0.014259597806216271,-0.15384615384615807
2021-09-20,1787.6399999999999,1809.48,1777.8600000000001,1790.94,278191486.04,0.01768812512586476,0.1043643263757144
2021-09-21,1805.8200000000002,1825.2599999999998,1756.38,1773.2400000000002,218141324.94000003,0.03814333654517095,-0.472996515679437
2021-09-22,1736.6399999999999,1753.02,1712.3999999999999,1735.92,410880691.2,0.02338999447208466,-0.017725258493347613
2021-09-23,1762.1399999999999,1798.98,1752.6000000000001,1759.1999999999998,269558697.59999996,0.026320269672103727,-0.0633893919793014
2021-09-24,1739.16,1760.8200000000002,1734.0,1750.2599999999998,238477008.94,0.015421237838957397,0.4138702460849814
2021-09-27,1743.3000000000002,1746.0,1716.96,1719.72,201870478.68,0.01665806229564673,-0.8119834710743586
2021-09-28,1744.92,1749.2538,1705.4796000000001,1708.2599999999998,223618921.17,0.025086651537033683,-0.8374796112778671
2021-09-29,1714.56,1736.0099999999998,1707.81,1713.3600000000001,200091035.32,0.0164473684210531,-0.04255319148935402
2021-09-30,1717.38,1726.8000000000002,1695.84,1697.94,224679061.53,0.018027460433917505,-0.6279069767441622
2021-10-01,1688.1000000000001,1712.46,1675.44,1703.6399999999999,262896638.72,0.021929980451395627,0.41977309562396875
2021-10-04,1688.6399999999999,1707.3594000000003,1664.46,1669.92,257438207.04,0.025404704377487933,-0.4363697394368979
2021-10-05,1670.04,1693.56,1670.04,1682.6399999999999,283431733.92,0.014083495006108218,0.5357142857142595
2021-10-06,1680.72,1713.42,1674.72,1701.3000000000002,277495356.85,0.023025846065972338,0.5317829457364237
2021-10-07,1713.12,1744.56,1707.5099999999998,1726.62,253222923.73,0.021627206500420968,0.36437246963561587
2021-10-08,1724.6399999999999,1733.94,1704.0,1714.98,179947706.45999998,0.017360144725856435,-0.3226452905811461
2021-10-11,1707.8999999999999,1732.62,1700.6999999999998,1713.54,177244008.16,0.018689618830142897,0.17669172932330549
2021-10-12,1712.88,1731.54,1702.7406,1708.7400000000002,175479339.09,0.016813437018355554,-0.14375299485405066
2021-10-13,1709.3999999999999,1711.8000000000002,1683.0,1701.8999999999999,147899648.39999998,0.01684801684801753,-0.26041666666665597
2021-10-14,1716.0048000000002,1727.58,1695.8999999999999,1711.56,201216128.28,0.018461486821016494,-0.14030303030303234
2021-10-15,1712.04,1716.0,1671.42,1687.1399999999999,365478670.83,0.026039111235719323,-0.5585464333781869
2021-10-18,1676.52,1677.0,1615.1399999999999,1618.38,403549796.25,0.03689785985255237,-0.9398642095053155
2021-10-19,1620.0,1629.96,1597.8000000000002,1608.78,483098937.42,0.01985185185185237,-0.3488805970149169
2021-10-20,1620.66,1667.22,1588.6799999999998,1599.42,573959597.53,0.04846173781052234,-0.27043544690603116
2021-10-21,1597.8000000000002,1631.6399999999999,1597.7400000000002,1621.2599999999998,371328256.40999997,0.021216672925272635,0.6920353982300631
2021-10-22,1616.28,1622.22,1586.1108000000002,1588.8000000000002,231261491.20000002,0.022340931026802815,-0.7610248911634465
2021-10-25,1596.0,1629.06,1590.0,1619.6399999999999,295017426.0,0.024473684210526897,0.6052227342549744
2021-10-26,1619.28,1641.84,1602.12,1626.72,394166727.52,0.02452942048317833,0.18731117824773066
2021-10-27,1621.02,1623.6000000000001,1557.78,1559.6999999999998,331750009.65,0.04060406410778468,-0.9316317228805695
2021-10-28,1562.6999999999998,1599.0,1562.6999999999998,1589.22,337303469.16,0.02322902668458512,0.7305785123966761
2021-10-29,1586.46,1609.92,1572.12,1600.08,252741169.76000002,0.02382663288075411,0.36031746031744616
2021-11-01,1596.8999999999999,1648.5,1593.0,1632.6000000000001,332744287.5,0.03475483749765231,0.6432432432432366
2021-11-02,1633.62,1647.0,1587.48,1635.06,501242086.03,0.036434421713740624,0.02419354838709729
2021-11-03,1629.1799999999998,1678.83,1619.88,1677.54,291205566.54999995,0.03618384708871997,0.8203562340966829
2021-11-04,1677.54,1683.72,1651.92,1682.46,266160685.44000003,0.01895632891019048,0.15471698113207313
2021-11-05,1675.8600000000001,1707.54,1658.52,1672.08,232369236.28,0.029250653395868957,-0.07711138310893766
2021-11-08,1677.06,1678.2599999999998,1609.62,1636.1999999999998,314174943.0,0.04092876820149597,-0.5952797202797147
2021-11-09,1632.0,1648.1399999999999,1602.0,1620.1799999999998,241608262.37999997,0.02827205882352993,-0.2561768530559155
2021-11-10,1620.1799999999998,1643.52,1596.3000000000002,1601.58,189264047.20000002,0.02914490982483476,-0.39390088945361273
2021-11-11,1599.72,1605.66,1584.0,1599.42,169997820.10999998,0.01353986947715917,-0.013850415512462584
2021-11-12,1624.02,1635.3000000000002,1605.12,1622.58,228506048.39000002,0.018583514981343377,-0.04771371769383675
2021-11-15,1642.92,1659.0,1624.1999999999998,1630.92,205589697.9,0.021181798261632436,-0.3448275862068848
2021-11-16,1609.62,1612.3200000000002,1565.16,1569.3000000000002,303279517.85,0.029298840720170638,-0.8549618320610429
2021-11-17,1527.3600000000001,1568.46,1512.1200000000001,1550.28,386833100.24,0.03688717787555055,0.4068157614483399
2021-11-18,1559.88,1564.38,1519.08,1540.7400000000002,250642447.4,0.029040695438111365,-0.42251655629137685
2021-11-19,1546.2599999999998,1560.96,1527.42,1543.1399999999999,231159542.91,0.021691048077296802,-0.09302325581394756
2021-11-22,1547.8200000000002,1553.34,1504.02,1513.26,325428076.26,0.03186417025235551,-0.7007299270072894
2021-11-23,1512.42,1526.6999999999998,1497.1200000000001,1524.9,203086944.45000002,0.019558059269251055,0.4219066937119582
2021-11-24,1519.08,1519.08,1485.9551999999999,1500.78,395200647.53,0.021805829844380172,-0.5524561657730575
2021-11-26,1504.68,1504.68,1452.1200000000001,1457.4,315864488.1,0.034931015232475285,-0.899543378995417
2021-11-29,1472.16,1473.0,1411.08,1416.66,526373953.49,0.042060645582002655,-0.8963178294573488
2021-11-30,1419.0,1438.6200000000001,1372.08,1414.44,776607711.6,0.04689217758985281,-0.06853020739404665
2021-12-01,1421.8799999999999,1437.48,1373.28,1377.0,384002842.5,0.045151489577180216,-0.6990654205607345
2021-12-02,1371.3000000000002,1376.82,1346.76,1371.1200000000001,291660304.52000004,0.021920805075476498,-0.005988023952097739
2021-12-03,1366.1399999999999,1374.24,1330.32,1343.52,319684762.08,0.03214897448285026,-0.5150273224043564
2021-12-06,1339.1999999999998,1357.3193999999999,1332.9,1344.66,246953532.3,0.018234318996416334,0.22359271726578425
2021-12-07,1351.02,1372.8000000000002,1341.8700000000001,1360.98,213523244.88000003,0.02289381356308644,0.3220174587778757
2021-12-08,1363.08,1411.32,1355.4,1408.32,333099367.2,0.041024738093142596,0.8090128755364686
2021-12-09,1397.16,1421.31,1384.8600000000001,1394.58,317314365.72,0.026088636949240455,-0.07078189300411787
2021-12-10,1396.8000000000002,1402.1100000000001,1377.1200000000001,1395.72,232362722.28,0.017890893470791085,-0.04321728691477035
2021-12-13,1390.08,1414.8000000000002,1381.1064000000001,1407.0,289991845.5,0.02423860497237644,0.5021725194102007
2021-12-14,1403.58,1419.78,1381.02,1384.56,284422314.96,0.027615098533750104,-0.49071207430339253
2021-12-15,1381.1999999999998,1418.22,1373.67,1415.28,297774912.0,0.03225456125108669,0.764983164983152
2021-12-16,1423.74,1460.58,1409.16,1413.1200000000001,294926622.72,0.036116144801719985,-0.20653442240372843
2021-12-17,1398.0,1439.4,1395.48,1424.58,538354955.1800001,0.03141630901287629,0.6051912568305846
2021-12-20,1438.5,1440.0,1405.5,1421.76,267223109.44,0.023983315954119556,-0.485217391304334
2021-12-21,1410.3000000000002,1425.6,1380.3000000000002,1407.9,241739949.75,0.03212082535630766,-0.05298013245033228
2021-12-22,1417.56,1418.8799999999999,1387.74,1406.8799999999999,183671701.2,0.021967324134428774,-0.3429672447013412
2021-12-23,1397.6999999999998,1417.26,1392.24,1412.46,236179555.29,0.01790083708950488,0.5899280575539424
2021-12-27,1411.3799999999999,1420.1999999999998,1394.16,1405.1399999999999,408676303.96999997,0.018450027632530376,-0.23963133640552353
2021-12-28,1400.04,1421.76,1398.1200000000001,1415.94,182904049.5,0.01688523185051917,0.6725888324872887
2021-12-29,1410.0,1593.2400000000002,1404.78,1549.8600000000001,1774505232.63,0.1336595744680859,0.7421203438395373
2021-12-30,1471.1399999999999,1482.0,1422.2766,1440.0,1061547600.0,0.04059668012561758,-0.5214036709229433
2021-12-31,1438.56,1462.26,1437.0,1439.52,367722265.03999996,0.017559225892559902,0.03800475059382418
2022-01-03,1440.9,1485.03,1428.4206,1464.84,400932811.5,0.039287528627941576,0.4228979639423732
2022-01-04,1470.78,1472.6999999999998,1434.0,1450.3799999999999,310240149.68,0.026312568841023672,-0.5271317829457276
2022-01-05,1450.3799999999999,1494.0,1435.08,1435.6200000000001,279364952.44,0.040623836511811416,-0.25050916496944153
2022-01-06,1441.8000000000002,1454.6999999999998,1421.1,1423.8000000000002,246085557.9,0.02330420307948459,-0.5357142857142712
2022-01-07,1413.3000000000002,1421.4,1389.72,1395.6,324467928.59999996,0.022415623009977386,-0.5587121212121111
2022-01-10,1396.5,1413.3000000000002,1383.24,1411.8600000000001,412735622.48,0.02152524167561844,0.51097804391216
2022-01-11,1412.4,1462.26,1410.0,1449.1200000000001,376210632.08000004,0.03700084961767272,0.7026406429391375
2022-01-12,1338.6,1365.54,1302.6,1352.04,1692551274.0,0.04701927386822129,0.21353670162058833
2022-01-13,1351.8000000000002,1437.84,1351.77,1420.02,894949618.0799999,0.06367066134043561,0.7926106657371798
2022-01-14,1410.48,1436.82,1402.8000000000002,1435.8000000000002,423088861.1,0.024119448698315987,0.7442680776013992
2022-01-18,1433.4173999999998,1433.4173999999998,1388.19,1402.8600000000001,381461482.62,0.03155214942974792,-0.675639103729137
2022-01-19,1413.06,1413.06,1383.9,1384.8600000000001,290485002.26,0.02063606640907027,-0.967078189300377
2022-01-20,1387.68,1398.72,1353.72,1355.46,332395615.33,0.032428225527499834,-0.7159999999999846
2022-01-21,1352.22,1358.22,1321.74,1323.1200000000001,486387732.8,0.026977858632471784,-0.7976973684210278
2022-01-24,1321.32,1349.22,1289.28,1348.1399999999999,448459894.45,0.04536372718190977,0.4474474474474385
2022-01-25,1326.96,1349.46,1310.22,1333.8600000000001,335059185.01,0.029571351058058255,0.17584097859326997
2022-01-26,1338.84,1361.28,1309.3799999999999,1317.6,369928058.4,0.03876490095903996,-0.4092485549132864
2022-01-27,1327.56,1342.44,1309.1999999999998,1313.6399999999999,241295525.52,0.025038416342765085,-0.4187725631768819
2022-01-28,1308.96,1351.3799999999999,1307.52,1351.26,298540853.31,0.03350751741840917,0.9644322845417028
2022-01-31,1338.18,1368.06,1331.28,1356.0,569193882.0,0.027485091691701376,0.48450244698204087
2022-02-01,1363.02,1387.32,1361.6999999999998,1376.22,240751568.77,0.018796496016200127,0.5152224824355766
2022-02-02,1372.02,1372.59,1333.6200000000001,1349.76,243699842.88,0.028403376044081555,-0.5712086220169241
2022-02-03,1290.0,1338.84,1275.3600000000001,1321.02,441443271.86999995,0.049209302325581974,0.4886578449905418
2022-02-04,1291.8000000000002,1338.6,1291.6200000000001,1329.18,280429510.28000003,0.03636785880167267,0.7956577266921935
2022-02-07,1324.44,1340.58,1316.34,1327.8000000000002,184250617.9,0.01830207483917806,0.1386138613861381
2022-02-08,1322.22,1340.28,1301.4,1334.34,220458320.45999998,0.029405091437129112,0.3117283950617185
2022-02-09,1345.98,1371.18,1333.23,1360.8600000000001,224465011.41,0.028195069763295905,0.3920948616600711
2022-02-10,1346.82,1361.82,1314.18,1320.24,289568459.24,0.03537221009489081,-0.5579345088161092
2022-02-11,1315.44,1329.48,1284.66,1287.54,240049815.96,0.034072249589491656,-0.6224899598393464
2022-02-14,1289.22,1292.22,1267.722,1284.72,186900423.24,0.0190021873691077,-0.18368846436443007
2022-02-15,1284.06,1307.22,1284.06,1304.22,161224198.48,0.01803654034858267,0.8704663212434862
2022-02-16,1300.3799999999999,1300.3799999999999,1280.34,1287.3000000000002,163867497.15,0.015410879896646325,-0.6526946107783969
2022-02-17,1275.6,1284.84,1254.42,1263.6,228211214.4,0.023847601128881173,-0.3944773175542297
2022-02-18,1255.68,1269.0,1245.66,1258.74,221004114.66,0.01858753822630041,0.13110539845757607
2022-02-22,1249.8600000000001,1273.56,1249.8600000000001,1258.8600000000001,263092088.74,0.018962123757861517,0.3797468354430249
2022-02-23,1260.42,1269.3066,1253.6399999999999,1254.48,201687767.52,0.012429666301709752,-0.37915054957678557
2022-02-24,1229.16,1242.3000000000002,1202.16,1218.72,382530614.88,0.03265644830616118,-0.2600896860986489
2022-02-25,1226.94,1259.58,1223.28,1244.28,214682886.7,0.029585798816568802,0.4776859504132083
2022-02-28,1226.4,1267.02,1215.48,1266.06,294432170.46999997,0.0420254403131123,0.7694994179278059
2022-03-01,1263.48,1282.8000000000002,1256.46,1262.04,169205488.92000002,0.020847183968089027,-0.05466970387243705
2022-03-02,1262.04,1266.33,1238.58,1246.74,230322955.39,0.021988209565466214,-0.5513513513513298
2022-03-03,1278.18,1282.26,1255.1399999999999,1267.3799999999999,198992389.95,0.021217668872929554,-0.3982300884955655
2022-03-04,1253.6399999999999,1268.16,1253.6399999999999,1256.6999999999998,148465071.85,0.01158227242270604,0.21074380165287127
2022-03-07,1249.3799999999999,1309.32,1230.06,1234.68,269511506.46,0.06343946597512441,-0.1854655563966646
2022-03-08,1207.8000000000002,1258.98,1206.06,1212.06,284275542.34999996,0.04381520119225122,0.08049886621314582
2022-03-09,1236.84,1258.17,1208.94,1213.6200000000001,250185740.3,0.03980304647327139,-0.47166361974404464
2022-03-10,1206.0,1220.16,1169.6399999999999,1191.84,231667872.79999998,0.04189054726368256,-0.28028503562944856
2022-03-11,1206.78,1209.96,1183.5,1186.02,155747553.39,0.021926117436484708,-0.7845804988661821
2022-03-14,1191.54,1209.1200000000001,1156.02,1162.6200000000001,285967897.47,0.04456417745103068,-0.5446327683615674
2022-03-15,1159.26,1184.52,1158.54,1184.16,257812157.44000003,0.022410848299778303,0.9584295612008897
2022-03-16,1207.3799999999999,1225.491,1188.3600000000001,1222.8000000000002,219082350.60000002,0.030753366794216266,0.4152864183566277
2022-03-17,1218.24,1239.6,1212.06,1231.92,217047467.76,0.022606382978724176,0.4967320261437758
2022-03-18,1226.34,1253.28,1218.42,1251.42,438586418.82,0.028426048241108403,0.7194492254733077
2022-03-21,1246.1999999999998,1254.18,1223.94,1240.8600000000001,265634002.35,0.02426576793452174,-0.17658730158728547
2022-03-22,1239.96,1272.66,1235.97,1265.52,179211974.56,0.0295896641827164,0.6966475878985884
2022-03-23,1265.52,1278.66,1256.28,1257.72,200293377.34,0.017684430115684536,-0.34852546916888155
2022-03-24,1263.06,1282.32,1260.06,1278.06,156819879.09,0.017623865849604115,0.6738544474393231
2022-03-25,1279.92,1284.6978,1256.46,1265.82,144715715.38,0.022062160135009105,-0.49933068440174866
2022-03-28,1260.48,1273.56,1249.3799999999999,1270.08,170945994.24,0.019183168316832512,0.3970223325061823
2022-03-29,1277.73,1295.58,1275.96,1289.6999999999998,150391917.0,0.015355356765514526,0.6100917431192282
2022-03-30,1289.6999999999998,1298.1594,1261.92,1266.18,123575158.43,0.028099092812282636,-0.6490173678371923
2022-03-31,1272.78,1279.41,1260.6,1263.6,200374948.79999998,0.014778673454957775,-0.48803827751193474
2022-04-01,1274.94,1277.82,1250.94,1263.9,142359797.8,0.02108334509859355,-0.41071428571427093
2022-04-04,1272.3600000000001,1280.97,1266.42,1269.84,169420571.32,0.011435442799208512,-0.17319587628866281
2022-04-05,1262.28,1284.84,1244.1,1245.66,291679178.18,0.03227493107709936,-0.4079528718703848
2022-04-06,1241.22,1262.1,1233.1200000000001,1258.26,212688091.71,0.023347996326195813,0.5879917184264838
2022-04-07,1261.32,1277.76,1250.22,1269.84,164884702.84,0.021834268861193783,0.30936819172112145
2022-04-08,1267.08,1308.1200000000001,1262.16,1288.5,302943315.25,0.036272374277868016,0.46605744125325477
2022-04-11,1278.72,1296.0,1263.3000000000002,1263.72,183027516.28,0.02557244744744807,-0.4587155963302637
2022-04-12,1266.06,1277.46,1239.72,1248.3600000000001,203095896.46,0.02980901379081638,-0.4689984101748634
2022-04-13,1251.3600000000001,1286.4,1248.42,1283.8799999999999,143717741.18,0.03035097813578905,0.856240126382277
2022-04-14,1286.4,1296.0,1273.1999999999998,1275.3000000000002,195103896.0,0.01772388059701583,-0.4868421052631287
2022-04-18,1297.32,1305.96,1268.82,1275.24,219663703.17999998,0.02862824900564323,-0.5945072697899643
2022-04-19,1277.8799999999999,1345.92,1275.3000000000002,1338.1200000000001,323086843.8,0.05526340501455602,0.8530161427357615
2022-04-20,1345.6200000000001,1353.0,1321.6200000000001,1322.58,226741131.33,0.023320105230303395,-0.7342256214148994
2022-04-21,1334.22,1348.68,1309.8000000000002,1310.4,203593790.4,0.029140621486711978,-0.6126543209876387
2022-04-22,1304.8799999999999,1322.8799999999999,1258.23,1259.94,282012370.2,0.04954478572742384,-0.6951276102088048
2022-04-25,1258.92,1293.48,1250.52,1287.24,223228440.92,0.034124487656086964,0.6592178770949546
2022-04-26,1278.0,1287.06,1239.1200000000001,1241.94,229821824.96,0.0375117370892025,-0.7521902377972324
2022-04-27,1245.72,1259.58,1237.44,1241.6399999999999,150850154.64,0.01777285425296283,-0.1842818428184279
2022-04-28,1246.74,1267.74,1229.16,1262.46,184474652.99,0.030944703787478465,0.40746500777604067
2022-04-29,1264.02,1287.72,1241.82,1244.6399999999999,217684009.52,0.03631271657094117,-0.42222222222221456
2022-05-02,1237.8000000000002,1254.72,1215.1200000000001,1243.92,316442052.71999997,0.03199224430441176,0.15454545454544824
2022-05-03,1254.72,1288.65,1230.0,1234.1999999999998,317977231.0,0.0467434965570016,-0.3498721227621454
2022-05-04,1250.82,1269.69,1220.46,1260.6,229720398.6,0.039358181033242984,0.1986593540524024
2022-05-05,1245.78,1256.34,1197.54,1207.08,278600904.12,0.04719934498868252,-0.6581632653061125
2022-05-06,1193.6399999999999,1195.56,1143.9,1161.66,365681855.55,0.04327938071780505,-0.6190476190476047
2022-05-09,1146.3000000000002,1163.46,1122.96,1125.24,298141527.46,0.035331065166187704,-0.5199999999999914
2022-05-10,1147.1999999999998,1185.06,1145.52,1170.0,312701415.0,0.03446652719665354,0.5766312594840572
2022-05-11,1153.74,1188.84,1143.06,1146.42,283466866.32,0.03967965052784937,-0.159895150720834
2022-05-12,1143.3600000000001,1169.8799999999999,1131.06,1165.92,255313938.88,0.033952560873216575,0.5811437403400155
2022-05-13,1181.58,1201.6098000000002,1177.41,1194.66,245012421.18,0.02048088153150957,0.540500334713492
2022-05-16,1187.34,1205.49,1178.82,1190.28,164947812.12,0.022461973823842414,0.11023622047243857
2022-05-17,1200.78,1218.3600000000001,1184.85,1217.4,158650147.70000002,0.027906860540649572,0.49597135183525853
2022-05-18,1206.3000000000002,1210.6200000000001,1170.0,1174.26,234289529.46,0.03367321561800637,-0.7887740029541928
2022-05-19,1171.92,1173.3000000000002,1148.76,1158.54,226128471.36,0.02093999590415828,-0.5452322738386088
2022-05-20,1171.98,1198.68,1166.97,1197.9,194169607.5,0.027056775712896986,0.8174077578050845
2022-05-23,1206.54,1224.0,1192.1399999999999,1196.4,185812684.6,0.026406086826794888,-0.31826741996232
2022-05-24,1192.02,1216.3799999999999,1179.1200000000001,1215.24,185137965.73999998,0.03125786480092678,0.6231884057970893
2022-05-25,1215.24,1219.92,1188.6,1214.16,188721947.8,0.025772686876667273,-0.03448275862068605
2022-05-26,1217.8799999999999,1234.3799999999999,1214.04,1225.32,108638504.96,0.016701152822938964,0.3657817109144405
2022-05-27,1231.56,1244.1744,1218.78,1237.1999999999998,208949470.79999998,0.020619701841567698,0.22209621018805806
2022-05-31,1229.76,1229.76,1194.9,1200.0,353488400.0,0.028346994535519837,-0.8537005163510965
2022-06-01,1212.0,1213.32,1190.82,1200.0,211067600.0,0.018564356435644375,-0.5333333333333097
2022-06-02,1195.98,1201.3799999999999,1163.16,1191.06,217235448.29999998,0.031957056138063156,-0.12872841444269936
2022-06-03,1188.6,1227.84,1187.0742,1203.72,174005349.56,0.0342973245835444,0.37089913604049923
2022-06-06,1221.1200000000001,1221.24,1174.26,1182.66,158457911.66,0.03847287735849137,-0.8186462324393189
2022-06-07,1174.56,1208.82,1172.8799999999999,1206.48,159047644.36,0.030598692276257517,0.8881469115191746
2022-06-08,1206.48,1250.9394,1200.0,1240.3799999999999,322291243.08,0.04222150387905389,0.6654966489593362
2022-06-09,1235.8799999999999,1239.18,1213.08,1213.32,180801262.04,0.02111855519953484,-0.8643678160919144
2022-06-10,1196.34,1201.56,1175.67,1185.0,197476497.5,0.021641005065450334,-0.4380069524912915
2022-06-13,1165.02,1172.76,1150.5,1152.96,202315079.52,0.019106968120719794,-0.5417789757412134
2022-06-14,1151.82,1166.4,1138.02,1165.08,158846036.3,0.02463926655206637,0.46723044397461144
2022-06-15,1177.02,1195.5149999999999,1160.34,1183.56,149958630.07999998,0.029884793801295585,0.18592750533048433
2022-06-16,1159.92,1163.34,1131.21,1149.18,196297947.82,0.02770018621974003,-0.3342670401493842
2022-06-17,1152.66,1225.56,1152.66,1210.44,380284136.54,0.06324501587632154,0.7925925925925829
2022-06-21,1225.32,1245.24,1211.82,1241.34,272946666.76,0.02727450788365574,0.47935368043086374
2022-06-22,1231.8600000000001,1257.72,1227.66,1242.0,204533388.0,0.024402123617944343,0.33732534930138236
2022-06-23,1246.3799999999999,1271.46,1246.1999999999998,1268.28,182643945.9,0.020266692341020555,0.866983372921577
2022-06-24,1268.28,1276.26,1243.1399999999999,1271.58,624569578.08,0.026114107294919968,0.09963768115941554
2022-06-27,1261.92,1282.08,1248.78,1281.42,207731636.91,0.026388360593382253,0.5855855855855687
2022-06-28,1282.5,1283.28,1213.98,1215.06,335503582.26,0.05403508771929895,-0.9731601731601606
2022-06-29,1212.42,1235.538,1199.22,1231.3799999999999,258603960.86999997,0.029954966100856927,0.5220551792499393
2022-06-30,1221.48,1242.54,1202.4,1223.6399999999999,241913016.18,0.03286177424108528,0.05381165919282031
2022-07-01,1232.22,1264.5,1223.52,1263.78,168684720.54,0.033257048254370966,0.77013177159588
2022-07-05,1253.8799999999999,1276.3799999999999,1240.65,1275.48,190964440.44,0.028495549813379886,0.6045340050377738
2022-07-06,1278.66,1300.8000000000002,1267.02,1295.8799999999999,209394985.78,0.02641828163859132,0.5097690941385195
2022-07-07,1294.98,1319.46,1290.78,1307.76,196294340.08,0.02214706018625851,0.445606694560652
2022-07-08,1298.28,1324.71,1295.4,1312.8000000000002,201080919.60000002,0.02257602366207669,0.4953940634595613
2022-07-11,1305.3600000000001,1308.0,1287.1200000000001,1291.56,131247681.42,0.015995587424159515,-0.6609195402298659
2022-07-12,1299.96,1311.3600000000001,1284.24,1293.48,153294195.24,0.020862180374781606,-0.23893805309733596
2022-07-13,1271.52,1298.07,1271.52,1287.18,136249075.65,0.020880520951303112,0.5898305084745582
2022-07-14,1277.8799999999999,1290.3000000000002,1261.56,1285.6200000000001,197156255.10000002,0.022490374683069785,0.2693110647181595
2022-07-15,1292.22,1304.1401999999998,1282.5,1302.06,158869548.84,0.016746529228769718,0.4547092910416514
2022-07-18,1305.42,1312.74,1278.3000000000002,1286.04,226373690.62,0.026382313738107892,-0.5627177700348328
2022-07-19,1306.44,1333.1999999999998,1297.68,1321.56,236831040.84,0.02718838982272491,0.42567567567566356
2022-07-20,1302.0,1324.1999999999998,1228.02,1244.94,413216749.98,0.07387096774193606,-0.593262632563937
2022-07-21,1249.6200000000001,1288.08,1247.6399999999999,1284.3600000000001,243378085.72,0.03236183799875244,0.8590504451038353
2022-07-22,1286.6399999999999,1291.8600000000001,1231.74,1237.5,173726643.75,0.04672635702294432,-0.8173652694610605
2022-07-25,1235.94,1247.73,1225.0500000000002,1245.42,161268813.09,0.01835040535948413,0.4179894179894034
2022-07-26,1240.1999999999998,1284.1200000000001,1240.1999999999998,1265.1,193177185.54999998,0.0354136429608138,0.5669398907103678
2022-07-27,1257.9,1282.02,1257.9,1277.52,180719682.56,0.019174815168138064,0.813432835820861
2022-07-28,1274.16,1291.32,1252.3799999999999,1285.1999999999998,182634631.2,0.030561310981353226,0.28351309707240463
2022-07-29,1275.06,1300.1399999999999,1269.54,1290.3600000000001,247751700.72,0.02399887064138228,0.4999999999999911
2022-08-01,1283.4,1287.84,1252.8600000000001,1255.56,233889483.48,0.027255726975222664,-0.7958833619210839
2022-08-02,1257.06,1280.76,1251.3000000000002,1254.9,143325266.25,0.02343563553052423,-0.07331975560080771
2022-08-03,1260.0,1302.18,1260.0,1281.6,214783344.0,0.0334761904761913,0.5120910384068128
2022-08-04,1288.44,1313.16,1288.44,1303.8000000000002,215406665.10000002,0.01918599236285819,0.6213592233009503
2022-08-05,1294.98,1314.42,1290.3600000000001,1309.1999999999998,146300263.4,0.0185794375202713,0.5910224438902428
2022-08-08,1300.74,1333.32,1292.28,1305.3600000000001,202810519.8,0.031551270815075215,0.11257309941520491
2022-08-09,1298.04,1311.6,1285.74,1305.54,122921160.39,0.01992234445779859,0.2900232018561384
2022-08-10,1323.6,1329.72,1301.8799999999999,1326.24,204586003.44,0.02103354487760738,0.09482758620689626
2022-08-11,1327.32,1336.92,1301.5205999999998,1309.32,142510316.76,0.02666983093752917,-0.5084831946303996
2022-08-12,1311.48,1333.0049999999999,1311.48,1325.94,169938879.11,0.016412755055357952,0.6717770034842954
2022-08-15,1325.94,1335.0,1307.76,1334.28,149004384.72,0.020543916014300036,0.30616740088104294
2022-08-16,1330.44,1332.81,1305.3000000000002,1317.84,133426687.55999999,0.020677369892667646,-0.4580152671755648
2022-08-17,1312.8600000000001,1317.8952,1299.66,1305.48,105749319.5,0.013889675974590461,-0.4047117662542646
2022-08-18,1301.6399999999999,1301.8799999999999,1285.98,1298.04,111302819.54,0.012215359085462073,-0.22641509433960463
2022-08-19,1294.74,1299.66,1274.76,1284.54,133463277.82000001,0.019231660410585192,-0.40963855421685136
2022-08-22,1273.5,1276.92,1243.17,1246.1999999999998,157987212.7,0.026501766784453065,-0.8088888888888702
2022-08-23,1244.82,1246.02,1200.9,1216.8600000000001,177040758.59,0.03624620427049763,-0.6196808510638133
2022-08-24,1210.44,1217.4,1200.9,1210.68,141011935.2,0.013631406761178567,0.014545454545454216
2022-08-25,1214.94,1230.3600000000001,1204.1370000000002,1228.98,137903026.48000002,0.02158378191515707,0.535407848072282
2022-08-26,1231.98,1237.74,1191.18,1191.54,193296782.14000002,0.03779282131203503,-0.8685567010309113
2022-08-29,1183.1399999999999,1191.66,1173.72,1182.66,94554061.22000001,0.015163040722147034,-0.026755852842796135
2022-08-30,1179.6,1186.65,1171.02,1176.48,122159212.56,0.013250254323500422,-0.19961612284066982
2022-08-31,1187.34,1190.9394,1161.9,1172.28,170235961.66,0.024457526908889506,-0.5186057563172616
2022-09-01,1168.6200000000001,1208.46,1161.9,1198.74,182931919.59,0.03984186476356806,0.6469072164948299
2022-09-02,1210.26,1210.26,1168.23,1176.18,149393286.82,0.03472807495910048,-0.8108493932904862
2022-09-06,1176.3600000000001,1188.0,1166.52,1168.1399999999999,149228911.55,0.018259716413343702,-0.3826815642458038
2022-09-07,1172.52,1207.5,1166.6999999999998,1204.02,153759775.44,0.03479684781496363,0.7720588235293894
2022-09-08,1206.96,1248.3000000000002,1206.96,1247.8799999999999,216126992.56,0.03425134221515304,0.9898403483308832
2022-09-09,1250.34,1277.52,1248.54,1271.04,223083619.84,0.023177695666779435,0.7142857142856908
2022-09-12,1272.6,1297.02,1266.48,1277.28,203436217.44,0.02399811409712474,0.15324165029469275
2022-09-13,1253.4,1259.8031999999998,1219.74,1223.46,217003876.74,0.03196361895643912,-0.7473192356077257
2022-09-14,1229.4,1230.3899999999999,1204.47,1224.66,171633037.35000002,0.021083455344070946,-0.18287037037036477
2022-09-15,1219.92,1252.26,1215.84,1240.32,211197141.76,0.029854416683062043,0.560131795716619
2022-09-16,1239.24,1255.1399999999999,1225.3799999999999,1249.56,396611177.03999996,0.024014718698557962,0.3467741935483734
2022-09-19,1241.28,1261.08,1233.1896,1255.56,176597025.12,0.0224690641918028,0.51200413045347
2022-09-20,1246.68,1247.6999999999998,1215.9,1225.1999999999998,193404150.2,0.02550774858022965,-0.6754716981131998
2022-09-21,1233.18,1255.5,1195.77,1196.04,213008145.78,0.04843575147180539,-0.6217980914113421
2022-09-22,1184.94,1210.0500000000002,1173.48,1203.72,142847859.84,0.03086232214289427,0.5135356849876778
2022-09-23,1201.68,1203.72,1166.6999999999998,1186.68,285510856.84,0.03080687038146693,-0.405186385737426
2022-09-26,1184.6399999999999,1198.83,1167.78,1174.5,199942182.0,0.026210494327391386,-0.32657004830916464
2022-09-27,1182.1200000000001,1205.6999999999998,1172.9904000000001,1186.74,167956938.72,0.027670287280479693,0.14124293785310105
2022-09-28,1697.7599999999998,1700.6399999999999,1590.12,1659.66,4489944861.01,0.06509754028838054,-0.3447339847991254
2022-09-29,1615.7400000000002,1628.28,1562.1612,1585.6799999999998,1634297213.08,0.04092168294403859,-0.4546362002940157
2022-09-30,1593.06,1628.94,1542.1206000000002,1602.0,1001166429.0,0.05449851229708913,0.10297237714151407
2022-10-03,1614.0,1617.0,1564.1399999999999,1585.8000000000002,660437861.7,0.032750929368030424,-0.5334846765039579
2022-10-04,1596.0,1619.22,1587.0,1604.6999999999998,578239737.6,0.020187969924812664,0.27001862197391496
2022-10-05,1591.6799999999998,1598.5620000000001,1545.06,1570.1399999999999,411821814.69,0.03361354041013342,-0.40260177189636814
2022-10-06,1571.8200000000002,1597.83,1554.72,1573.56,326914695.53999996,0.027426804595946656,0.04036186499651462
2022-10-07,1568.3999999999999,1595.88,1538.8536,1547.34,458588766.26,0.03635960214231138,-0.3693026387778205
2022-10-10,1545.48,1550.34,1513.8000000000002,1528.68,303613682.6,0.023643139995341716,-0.4597701149425182
2022-10-11,1511.82,1552.9194000000002,1501.8600000000001,1524.42,314823218.4,0.033773465095051705,0.24677140741959103
2022-10-12,1527.06,1536.72,1505.6399999999999,1522.02,403984187.85999995,0.020352834859141838,-0.16216216216215498
2022-10-13,1511.22,1631.94,1510.6200000000001,1619.6399999999999,885262561.26,0.08027950927065607,0.893669634025709
2022-10-14,1623.8999999999999,1635.72,1584.1799999999998,1587.78,391454986.02,0.03173840753741066,-0.7008149010477116
2022-10-17,1596.3000000000002,1644.06,1588.5,1617.3000000000002,446995843.20000005,0.034805487690284354,0.37796976241900004
2022-10-18,1620.1799999999998,1642.23,1603.6799999999998,1621.6799999999998,364600692.71999997,0.023793652557124,0.03891050583657468
2022-10-19,1615.8000000000002,1615.8000000000002,1571.46,1586.6999999999998,306375903.0,0.027441515038990665,-0.6562922868741455
2022-10-20,1580.52,1595.94,1561.9499999999998,1575.8999999999999,270774027.15,0.02150558044188066,-0.1359223300970859
2022-10-21,1585.8000000000002,1611.54,1571.52,1605.69,421552500.3,0.025236473704124705,0.4970014992503594
2022-10-24,1607.6399999999999,1655.0099999999998,1607.6399999999999,1647.72,507873989.40000004,0.029465551989251867,0.846105129828993
2022-10-25,1671.6000000000001,1677.78,1592.7599999999998,1641.3600000000001,665153753.88,0.05086145010768195,-0.35568101623147
2022-10-26,1680.0,1708.53,1670.6399999999999,1682.58,577817041.24,0.02255357142857207,0.06809184481393117
2022-10-27,1686.3899999999999,1688.7599999999998,1650.96,1667.22,388846832.08,0.02241474392044587,-0.5071428571428432
2022-10-28,1668.06,1712.1000000000001,1633.6799999999998,1705.7400000000002,438865295.96000004,0.0470126973849869,0.4804896710022911
2022-10-31,1699.6799999999998,1705.7400000000002,1679.73,1700.6399999999999,307848719.04,0.015302880542220421,0.036908881199538314
2022-11-01,1700.6399999999999,1720.92,1680.0,1680.2400000000002,299276507.68,0.02406152977702574,-0.49853372434015397
2022-11-02,1681.08,1724.22,1667.28,1670.22,417008281.32,0.03387108287529506,-0.19072708113803474
2022-11-03,1656.06,1695.5394000000001,1647.78,1681.5,243577886.25,0.0288391724937509,0.5326700084171796
2022-11-04,1695.12,1699.8000000000002,1659.846,1690.92,252087990.0,0.023570012742461396,-0.10512088902236807
2022-11-07,1690.92,1727.7599999999998,1686.5549999999998,1707.72,360370189.9,0.024368391171670396,0.4077175100109107
2022-11-08,1710.0,1754.6999999999998,1709.34,1716.96,421453872.56000006,0.026526315789474196,0.15343915343915118
2022-11-09,1718.34,1738.6799999999998,1693.08,1693.8600000000001,226049287.03,0.02653723942875152,-0.5368421052631426
2022-11-10,1732.5,1751.1000000000001,1720.62,1744.1999999999998,418340846.7,0.017593073593074302,0.3838582677165138
2022-11-11,1744.1999999999998,1746.03,1700.6399999999999,1736.6999999999998,365707628.65,0.026023391812866118,-0.16523463317911033
2022-11-14,1800.66,1832.88,1774.38,1794.3600000000001,803326299.26,0.032488087701176775,-0.10769230769230508
2022-11-15,1804.02,1822.746,1782.06,1798.6799999999998,384468449.55999994,0.022552965044734054,-0.13124907830703422
2022-11-16,1801.02,1821.3600000000001,1794.0,1800.06,241228140.67,0.015191391544791903,-0.0350877192982455
2022-11-17,1782.42,1817.58,1780.7400000000002,1812.3000000000002,289944138.05,0.02066852930285829,0.811074918566763
2022-11-18,1819.2599999999998,1824.84,1798.3200000000002,1817.34,256702001.01,0.014577355628112937,-0.07239819004524098
2022-11-21,1825.1999999999998,1835.22,1802.4299999999998,1809.78,292540681.58,0.017965154503616687,-0.47026532479412275
2022-11-22,1813.5,1842.0,1809.6000000000001,1840.3200000000002,266598876.96000004,0.017866004962779625,0.8277777777777607
2022-11-23,1842.0,1844.3999999999999,1812.6480000000001,1820.6999999999998,302842493.09999996,0.01723778501628703,-0.6708238851095898
2022-11-25,1826.1000000000001,1845.1619999999998,1816.1999999999998,1830.8999999999999,143653939.75,0.01586002957121788,0.1657344106069872
2022-11-28,1776.1799999999998,1818.66,1741.8600000000001,1751.3999999999999,605814222.3,0.04323886092625799,-0.32265624999999565
2022-11-29,1746.6000000000001,1763.8200000000002,1730.6399999999999,1748.46,321759768.68,0.018996908278942674,0.056057866184443264
2022-11-30,1837.6799999999998,1871.28,1807.1999999999998,1831.02,1241531045.42,0.03487005354577572,-0.10393258426965879
2022-12-01,1833.06,1837.665,1795.02,1811.1000000000001,581939029.8000001,0.023264377598115154,-0.5149489975377958
2022-12-02,1795.44,1830.3600000000001,1786.6799999999998,1793.3999999999999,502944981.7,0.024328298355835488,-0.046703296703299695
2022-12-05,1795.08,1798.1999999999998,1741.38,1756.5,438652208.75,0.031653185373354216,-0.6789862724392721
2022-12-06,1753.3200000000002,1770.3899999999999,1731.1799999999998,1748.8200000000002,301977784.97,0.022363287933749126,-0.11476664116296559
2022-12-07,1755.3600000000001,1761.6000000000001,1722.6000000000001,1752.8999999999999,325106857.2,0.022217664752529953,-0.06307692307692822
2022-12-08,1751.16,1753.92,1720.3200000000002,1734.6000000000001,490186396.00000006,0.019187281573357598,-0.4928571428571279
2022-12-09,1734.6000000000001,1757.8200000000002,1710.84,1712.22,280456784.71,0.02708405396056798,-0.4763729246487764
2022-12-12,1710.0,1745.16,1695.42,1743.54,310140023.42999995,0.02908771929824619,0.6743063932448589
2022-12-13,1762.5,1768.1100000000001,1728.84,1747.44,272945759.40000004,0.022280851063830463,-0.3834988540870762
2022-12-14,1740.8999999999999,1765.08,1722.8999999999999,1734.3000000000002,261667426.35000002,0.024228847148027484,-0.15647226173540812
2022-12-15,1725.48,1727.3999999999999,1692.2400000000002,1700.6399999999999,309018475.92,0.02037693859100112,-0.7064846416382168
2022-12-16,1683.3600000000001,1713.54,1674.42,1709.88,868262815.0,0.02323923581408663,0.677914110429432
2022-12-19,1709.3999999999999,1713.0,1689.54,1706.28,245539095.22,0.013724113724114324,-0.1329923273657184
2022-12-20,1709.6399999999999,1733.34,1703.1000000000001,1725.06,251061207.26,0.017687934301958756,0.5099206349206242
2022-12-21,1728.54,1729.8000000000002,1709.22,1721.16,228630288.60000002,0.011906001596723908,-0.3586005830903532
2022-12-22,1701.66,1701.8999999999999,1669.83,1683.66,265709328.39000002,0.01884630302175577,-0.5612722170252409
2022-12-23,1682.6999999999998,1682.6999999999998,1656.3899999999999,1674.96,174406884.96,0.015635585665894652,-0.29418472063852164
2022-12-27,1679.34,1679.34,1640.28,1648.62,175454933.04,0.023259137518311317,-0.7864823348694132
2022-12-28,1653.84,1661.52,1635.84,1644.2400000000002,142786349.68,0.015527499637208586,-0.3738317757009067
2022-12-29,1648.98,1674.84,1645.8000000000002,1656.0,163967460.0,0.01761088672997897,0.2417355371900759
2022-12-30,1649.8500000000001,1662.8999999999999,1633.1999999999998,1661.52,177415444.08,0.01800163651241084,0.3929292929292739
2023-01-03,1660.38,1668.0,1634.34,1635.78,297303832.89,0.020272467748347404,-0.7308377896612996
2023-01-04,1652.28,1652.6646,1619.28,1624.8600000000001,294937004.52,0.020205171036386735,-0.8213367840261362
2023-01-05,1615.98,1636.77,1591.92,1629.54,324691548.39,0.027754056362084237,0.30234113712373845
2023-01-06,1656.06,1755.54,1634.6399999999999,1675.5,1041397809.75,0.07300460128256285,0.1607940446650114
2023-01-09,1683.2400000000002,1691.94,1614.3600000000001,1648.3200000000002,471383806.40000004,0.04608968418050954,-0.450116009280738
2023-01-10,1660.98,1700.28,1651.92,1688.7599999999998,388254367.79999995,0.02911534154535327,0.5744416873448972
2023-01-11,1691.1000000000001,1711.98,1687.44,1710.1799999999998,395097469.83,0.014511264857194103,0.7775061124693949
2023-01-12,1703.6999999999998,1729.2599999999998,1680.3600000000001,1728.48,350905926.79999995,0.02870223630920973,0.5067484662576662
2023-01-13,1721.94,1737.06,1710.9006,1728.2400000000002,290369091.44,0.015191818530262953,0.24083121172503727
2023-01-17,1723.92,1740.78,1717.98,1737.54,338012054.30999994,0.013225671724906574,0.5973684210526018
2023-01-18,1743.48,1751.46,1695.8999999999999,1700.8200000000002,374826428.13000005,0.03186729988299329,-0.76781857451402
2023-01-19,1688.3999999999999,1706.166,1680.78,1680.78,174556286.38,0.015035536602701348,-0.30016544552113766
2023-01-20,1694.16,1718.3999999999999,1681.6806000000001,1714.62,314780513.09,0.02167410398073423,0.5571986470367001
2023-01-23,1715.8200000000002,1753.8899999999999,1713.105,1751.58,453392979.84000003,0.023769975871595406,0.8767929385803362
2023-01-24,1751.58,1760.04,1735.98,1751.28,265914355.2,0.013736169629706283,-0.012468827930172184
2023-01-25,1748.6399999999999,1756.7400000000002,1730.22,1754.04,206815640.66,0.015166071918748969,0.2036199095022566
2023-01-26,1754.04,1758.06,1738.02,1751.52,162818963.84,0.011425053020456176,-0.12574850299400503
2023-01-27,1754.16,1775.3772000000001,1739.6399999999999,1740.48,259414482.88,0.020372828020249714,-0.38279439911351704
2023-01-30,1724.6399999999999,1740.48,1706.28,1715.6399999999999,176999719.4,0.01983022543835295,-0.26315789473683404
2023-01-31,1722.0,1745.8200000000002,1720.62,1745.3999999999999,247826146.1,0.014634146341464146,0.9285714285713763
2023-02-01,1737.42,1759.38,1716.78,1749.6000000000001,220302050.4,0.02451911454915974,0.2859154929577403
2023-02-02,1749.72,1760.8200000000002,1714.1999999999998,1725.12,282603120.47999996,0.026644263082093892,-0.5276705276705154
2023-02-03,1731.42,1746.6000000000001,1695.12,1701.78,223827465.39,0.02973282045950793,-0.5757575757575637
2023-02-06,1710.48,1753.56,1710.48,1729.6799999999998,225668755.07999998,0.02518591272625281,0.44568245125346806
2023-02-07,1719.0,1754.52,1710.6000000000001,1748.58,233966415.46,0.025549738219895767,0.6734972677595482
2023-02-08,1732.1999999999998,1748.58,1711.2599999999998,1712.6999999999998,193726351.5,0.02154485625216554,-0.5225080385851927
2023-02-09,1716.66,1753.02,1716.66,1722.0,246059737.0,0.02118066477928121,0.14686468646864098
2023-02-10,1720.44,1726.38,1702.71,1717.8000000000002,207544596.0,0.013758108390877367,-0.11153358681874749
2023-02-13,1706.6999999999998,1744.56,1693.8600000000001,1742.7599999999998,221278818.11999997,0.029706451045878476,0.7112426035502832
2023-02-14,1738.92,1756.4994000000002,1708.56,1734.48,303307361.28,0.027568490787385953,-0.0926169288727006
2023-02-15,1728.0,1730.22,1653.12,1673.88,443768464.36,0.04461805555555619,-0.7019455252918171
2023-02-16,1667.58,1667.58,1620.0,1629.1799999999998,410301380.15999997,0.028532364264383662,-0.8070617906683342
2023-02-17,1625.46,1673.16,1615.5,1670.28,217950661.5,0.03547303532538546,0.7773152965660612
2023-02-21,1664.6399999999999,1666.5,1630.08,1631.58,278310565.52,0.021878604382930277,-0.9077429983525253
2023-02-22,1634.22,1651.5,1629.78,1635.3000000000002,207321153.6,0.013290744208246755,0.04972375690608212
2023-02-23,1638.48,1650.06,1614.12,1631.6999999999998,234750503.39999998,0.02193496411308105,-0.1886477462437396
2023-02-24,1618.2599999999998,1639.62,1605.1799999999998,1620.12,244273863.01999998,0.02128211783026278,0.05400696864111702
2023-02-27,1633.56,1647.8999999999999,1614.0,1615.1999999999998,221367198.0,0.020752222140601417,-0.5415929203539722
2023-02-28,1606.56,1622.94,1600.6499999999999,1619.16,292408152.3,0.013874365103078115,0.5652759084791146
2023-03-01,1607.8200000000002,1652.28,1605.1799999999998,1633.2599999999998,317823685.28,0.029294323991492274,0.5401273885350103
2023-03-02,1623.78,1631.94,1610.8200000000002,1612.5,196758862.5,0.013006688098141914,-0.5340909090908853
2023-03-03,1614.06,1626.42,1606.38,1621.62,227570312.97,0.012415895319877173,0.3772455089820151
2023-03-06,1623.0,1635.81,1606.8000000000002,1621.5,301742232.5,0.01787430683918715,-0.05170630816959533
2023-03-07,1626.0,1626.06,1583.91,1589.28,169767419.35999998,0.025922509225092767,-0.871174377224182
2023-03-08,1589.28,1594.8000000000002,1570.3200000000002,1578.12,170867523.73999998,0.015403201449713709,-0.45588235294116086
2023-03-09,1585.1399999999999,1589.1000000000001,1549.38,1553.94,228937836.36,0.025057723608010025,-0.7854984894259569
2023-03-10,1553.94,1577.28,1528.8000000000002,1539.3600000000001,225951365.76,0.03119811575736564,-0.30074257425741935
2023-03-13,1539.3600000000001,1567.8000000000002,1532.43,1551.3000000000002,265622893.8,0.02297708138447218,0.3375742154368017
2023-03-14,1573.02,1594.8600000000001,1555.8000000000002,1574.1000000000001,291401064.90000004,0.024831216386314813,0.027649769585256743
2023-03-15,1561.08,1577.94,1549.38,1574.22,192982317.95000002,0.018295026520102065,0.4600840336134337
2023-03-16,1556.7599999999998,1602.9299999999998,1556.19,1591.5,268056875.5,0.03002389578355094,0.7432605905006344
2023-03-17,1588.7400000000002,1591.2599999999998,1564.44,1578.96,421648110.00000006,0.016881302163979435,-0.36465324384787257
2023-03-20,1587.8999999999999,1612.7400000000002,1576.56,1607.46,235325178.34000003,0.02278481012658308,0.5406301824212126
2023-03-21,1613.8200000000002,1613.94,1584.84,1596.8999999999999,165374697.85,0.01803175075287276,-0.5814432989690598
2023-03-22,1596.66,1603.5,1565.6999999999998,1567.3200000000002,138567283.64000002,0.02367442035248654,-0.7761904761904497
2023-03-23,1577.04,1604.6999999999998,1574.97,1591.02,186596416.62,0.01885177294171408,0.4702320887991809
2023-03-24,1592.6399999999999,1628.16,1578.8999999999999,1620.1799999999998,262852062.53999996,0.030929776974081523,0.5590742996345773
2023-03-27,1624.83,1634.5500000000002,1616.88,1619.88,164118412.18,0.010874983844464382,-0.2801358234295143
2023-03-28,1620.3600000000001,1631.3999999999999,1612.6799999999998,1621.5,151412967.5,0.01155298822483955,0.06089743589742576
2023-03-29,1626.72,1647.72,1625.34,1644.06,211784795.09,0.013757745647684356,0.774798927613899
2023-03-30,1654.38,1658.28,1635.84,1650.78,196447772.34,0.013563993762014191,-0.16042780748662958
2023-03-31,1652.6399999999999,1674.0,1652.6399999999999,1668.1799999999998,332798573.64,0.012924774905606251,0.7275280898876004
2023-04-03,1658.04,1674.3899999999999,1654.08,1664.04,214339722.93999997,0.012249402909459924,0.2954209748892034
2023-04-04,1662.66,1665.4794000000002,1640.34,1651.5,159435810.0,0.015119988452239925,-0.4439246760065685
2023-04-05,1656.0,1712.16,1651.98,1703.94,286329225.63,0.03634057971014555,0.7966101694915122
2023-04-06,1710.3600000000001,1726.62,1702.8000000000002,1720.8000000000002,211403434.8,0.013926892584017804,0.43828715365238224
2023-04-10,1712.3999999999999,1713.8999999999999,1681.7400000000002,1697.16,134592708.08,0.018780658724597415,-0.4738805970149093
2023-04-11,1699.92,1712.8200000000002,1694.91,1702.1399999999999,157754902.58,0.010535789919526254,0.12395309882745204
2023-04-12,1707.42,1722.54,1701.6000000000001,1714.7400000000002,174685993.81,0.012264117791756459,0.34957020057305993
2023-04-13,1717.56,1745.3999999999999,1712.67,1738.1999999999998,207276294.2,0.019056102843569237,0.6306141154903566
2023-04-14,1731.3000000000002,1736.34,1710.3000000000002,1728.78,164638058.26,0.015040720845607761,-0.0967741935483924
2023-04-17,1764.0,1765.3200000000002,1740.3000000000002,1753.1999999999998,223494137.4,0.014183673469388303,-0.4316546762589832
2023-04-18,1754.16,1767.72,1740.42,1762.98,196543180.82999998,0.015563004514982064,0.3230769230769095
2023-04-19,1756.1399999999999,1763.1000000000001,1751.88,1753.62,143916378.42999998,0.006389012265537499,-0.22459893048126123
2023-04-20,1741.44,1749.48,1735.56,1741.62,189678673.11999997,0.007993384785006124,0.012931034482745863
2023-04-21,1743.6000000000001,1765.1399999999999,1737.0606000000002,1763.94,249248543.87,0.01610426703372368,0.7243744524455461
2023-04-24,1763.94,1771.5,1753.02,1758.1799999999998,333503303.59999996,0.010476546821321023,-0.31168831168830635
2023-04-25,1746.3000000000002,1764.0,1684.29,1694.46,431519373.49,0.04564507816526426,-0.6503575461046227
2023-04-26,1671.54,1735.44,1649.3999999999999,1728.2400000000002,523525661.8,0.05147349151082304,0.6589958158995757
2023-04-27,1728.0,1764.5099999999998,1713.27,1762.3200000000002,428693151.6,0.029652777777778215,0.6697892271662693
2023-04-28,1763.46,1833.0,1760.241,1825.38,595619668.62,0.04125922901568562,0.8510287387127258
2023-05-01,1834.5,1873.3793999999998,1825.3200000000002,1866.66,397880134.55,0.026197547015535907,0.6691718997740224
2023-05-02,1855.1999999999998,1871.34,1831.56,1855.6799999999998,337396335.52,0.021442432082794824,0.01206636500754164
2023-05-03,1890.0,1900.1399999999999,1857.3000000000002,1866.0,866927428.0,0.022666666666667022,-0.5602240896358452
2023-05-04,1868.52,1886.22,1857.5099999999998,1881.42,380692480.63,0.015365101791793102,0.4493207941483638
2023-05-05,1882.8600000000001,1918.44,1863.96,1908.3600000000001,551731684.68,0.028934705713648912,0.46806167400880183
2023-05-08,1904.88,1904.88,1860.0,1886.22,294273583.38,0.023560539246567282,-0.4157754010695103
2023-05-09,1871.22,1894.1399999999999,1866.5496000000003,1884.0,284519796.0,0.01474460512393015,0.46320459290186805
2023-05-10,1891.1399999999999,1894.6799999999998,1864.2599999999998,1879.56,249060808.85999998,0.016085535708620757,-0.3806706114398264
2023-05-11,1881.0,1881.54,1851.87,1863.3600000000001,225576808.8,0.015773524720893703,-0.5945399393326335
2023-05-12,1865.8200000000002,1868.46,1846.1999999999998,1857.6000000000001,137045059.20000002,0.01193041129369457,-0.36927223719674657
2023-05-15,1860.0,1874.88,1854.8976000000002,1871.22,154620779.82,0.010743225806452076,0.5614941148210195
2023-05-16,1863.6000000000001,1863.84,1836.66,1845.66,196404063.24,0.014584674822923813,-0.660044150110357
2023-05-17,1849.5,1849.5,1812.87,1837.5,179272931.25,0.019805352798054118,-0.32760032760031765
2023-05-18,1835.1000000000001,1837.38,1811.6100000000001,1832.6999999999998,188400643.65,0.01404283145332732,-0.0931315483119995
2023-05-19,1842.0,1863.0,1839.12,1850.88,175457871.36,0.012964169381108087,0.3718592964823994
2023-05-22,1859.58,1862.8200000000002,1836.78,1841.22,162015085.2,0.01400316200432419,-0.7050691244239271
2023-05-23,1831.38,1841.22,1813.98,1818.8999999999999,231224327.85,0.01487402942043759,-0.4581497797356749
2023-05-24,1810.92,1813.8600000000001,1789.98,1809.3600000000001,254132754.12,0.013186667550196086,-0.06532663316582384
2023-05-25,1791.06,1793.34,1749.84,1782.78,318831186.68,0.024287293558005303,-0.1903448275862019
2023-05-26,1791.06,1794.66,1768.98,1791.96,282412000.02000004,0.014337878128036498,0.03504672897196471
2023-05-30,1787.52,1793.6999999999998,1770.0,1792.1399999999999,239743229.81,0.013258592910849,0.19493670886074818
2023-05-31,1792.1399999999999,1797.48,1768.83,1778.46,464443346.95000005,0.015986474270983896,-0.47748691099474055
2023-06-01,1806.12,1850.2758,1801.1399999999999,1814.46,312573395.28000003,0.027205169091755254,0.1697336768710385
2023-06-02,1815.1799999999998,1819.02,1786.08,1801.1999999999998,245307529.39999998,0.018146960632004012,-0.42440801457193594
2023-06-05,1798.02,1825.71,1797.54,1812.78,327876612.21,0.015667233957353675,0.5239616613418328
2023-06-06,1821.8999999999999,1828.56,1789.92,1798.7400000000002,273331733.76,0.021208628355014466,-0.5993788819875544
2023-06-07,1797.78,1855.8078,1764.2400000000002,1829.3999999999999,620265692.5,0.05093381837599748,0.3453178955921144
2023-06-08,1864.1399999999999,1867.6799999999998,1822.1399999999999,1853.28,380663094.24,0.024429495638740088,-0.2384716732542747
2023-06-09,1853.28,1853.28,1853.28,1853.28,0.0,5.39583872917206e-16,0.0
2023-06-12,1918.56,1918.56,1860.0,1880.46,471043947.24,0.030522892169127326,-0.6506147540983486
2023-06-13,1865.04,1876.56,1797.12,1827.6000000000001,465154355.40000004,0.042594260712907506,-0.4712990936555807
2023-06-14,1827.6000000000001,1839.12,1776.5357999999999,1799.94,453752574.41,0.034243926460932904,-0.4419645853106636
2023-06-15,1798.62,1800.0,1759.2599999999998,1786.98,441737584.21,0.022650698869133682,-0.28571428571427393
2023-06-16,1803.42,1828.7394,1777.1999999999998,1784.88,569804198.76,0.028578700469109295,-0.35972479307092364
2023-06-20,1776.0,1792.38,1761.8999999999999,1762.7400000000002,282395648.64000005,0.017162162162162854,-0.4350393700787146
2023-06-21,1764.2400000000002,1769.04,1738.98,1766.16,231887682.84,0.017038498163515693,0.0638722554890148
2023-06-22,1765.5,1778.7599999999998,1749.48,1763.6999999999998,266643220.79999998,0.01658453695836915,-0.06147540983607022
2023-06-23,1760.1000000000001,1761.12,1703.8200000000002,1707.12,406395564.59999996,0.0325549684677011,-0.9246073298429245
2023-06-26,1703.22,1703.6999999999998,1677.3600000000001,1689.48,234713261.64,0.01546482544826897,-0.5216400911161598
2023-06-27,1691.46,1700.9339999999997,1666.2599999999998,1697.6999999999998,240845059.35,0.020499450179135754,0.1799619311299419
2023-06-28,1697.6999999999998,1714.0512,1687.7400000000002,1704.12,175740499.22,0.01549814454850731,0.24400255404542023
2023-06-29,1696.2599999999998,1712.6999999999998,1683.54,1692.78,246509676.85,0.017190760850341835,-0.11934156378599757
2023-06-30,1709.7599999999998,1719.0,1697.46,1709.1000000000001,322102967.85,0.012598259404829306,-0.0306406685236582
2023-07-03,1697.22,1713.8999999999999,1687.44,1712.6399999999999,118367400.96,0.015590200445434766,0.5827664399092735
2023-07-05,1712.6999999999998,1725.5700000000002,1703.0099999999998,1715.34,212892848.63,0.013172184270450978,0.11702127659574187
2023-07-06,1715.6999999999998,1721.52,1694.8500000000001,1709.94,304324291.58,0.015544675642595344,-0.2159730033745625
2023-07-07,1713.48,1719.2400000000002,1648.5,1650.42,784321669.71,0.04128440366972547,-0.8914334181509591
2023-07-10,1650.0,1696.44,1650.0,1689.48,360570792.65999997,0.02814545454545517,0.8501291989663893
2023-07-11,1680.0,1683.12,1656.12,1679.04,254466907.2,0.016071428571429156,-0.03555555555555559
2023-07-12,1681.02,1690.1009999999999,1663.7400000000002,1665.72,293118969.36,0.015681550487204574,-0.5804028678729782
2023-07-13,1673.58,1685.13,1658.37,1667.8200000000002,274004479.98,0.015989674828810814,-0.21524663677128184
2023-07-14,1673.6399999999999,1680.0,1656.72,1673.58,249752527.35,0.013909801390980712,-0.0025773195876264143
2023-07-17,1670.52,1682.9406,1657.3200000000002,1670.3999999999999,331098057.59999996,0.015336901084692626,-0.004683731060167005
2023-07-18,1670.3999999999999,1686.72,1654.59,1657.02,290615624.19,0.019234913793104106,-0.41643323996263365
2023-07-19,1657.02,1673.6999999999998,1655.0099999999998,1661.34,252594563.83999997,0.011279284498678979,0.23113964686996752
2023-07-20,1668.0,1679.3999999999999,1640.8200000000002,1648.1999999999998,431459477.9,0.023129496402878105,-0.5132192846034168
2023-07-21,1656.6000000000001,1668.72,1645.98,1660.44,782565095.26,0.013726910539660143,0.16886543535618945
2023-07-24,1659.2400000000002,1670.46,1654.1999999999998,1662.0,325176671.0,0.009799667317567805,0.16974169741694692
2023-07-25,1679.16,1682.4900000000002,1586.22,1621.8600000000001,671790089.98,0.05733223754734578,-0.5952009971953801
2023-07-26,1620.0,1620.0,1578.5249999999999,1591.5,402551888.0,0.025601851851852542,-0.6871609403254785
2023-07-27,1594.38,1602.12,1574.3999999999999,1576.7400000000002,337206609.41,0.017386068565838138,-0.6363636363636083
2023-07-28,1579.8000000000002,1609.53,1536.78,1591.38,840649667.7600001,0.04605013292821936,0.1591752577319556
2023-07-31,1585.56,1640.7599999999998,1581.1799999999998,1621.1399999999999,371424248.82,0.03757662907742432,0.5971802618328192
2023-08-01,1616.16,1618.08,1598.94,1615.8000000000002,288385291.0,0.011842886842887375,-0.018808777429461
2023-08-02,1618.1999999999998,1655.19,1614.8999999999999,1629.3600000000001,352904440.2,0.0248980348535417,0.2769918093819801
2023-08-03,1620.48,1626.66,1600.6889999999999,1606.5,261668862.0,0.016026732819905964,-0.5382927111008184
2023-08-04,1602.2400000000002,1619.6100000000001,1600.08,1613.52,250005780.72000003,0.012189185140803615,0.5775729646696904
2023-08-07,1577.7599999999998,1630.53,1577.7599999999998,1627.38,334283380.56,0.03344615150593321,0.9403069926094222
2023-08-08,1631.04,1673.6999999999998,1629.8999999999999,1644.84,396193981.5,0.026854031783402572,0.31506849315067703
2023-08-09,1641.06,1653.8999999999999,1624.2599999999998,1627.7400000000002,166339835.76000002,0.018061496837410627,-0.44939271255058083
2023-08-10,1630.08,1635.42,1612.62,1614.3600000000001,251537736.56,0.013987043580683874,-0.6894736842104818
2023-08-11,1608.0,1659.12,1604.6100000000001,1642.08,238038106.24,0.03389925373134374,0.6252063841496872
2023-08-14,1644.3000000000002,1644.3000000000002,1619.7599999999998,1636.44,195177107.84,0.014924283889801982,-0.32029339853299404
2023-08-15,1629.3600000000001,1633.38,1599.0,1621.3200000000002,206188398.58,0.02110030932390699,-0.2338568935427488
2023-08-16,1622.88,1626.42,1590.42,1591.56,171298011.23999998,0.02218278615794204,-0.8699999999999803
2023-08-17,1591.56,1594.7400000000002,1565.6100000000001,1569.0,193989852.5,0.01830279725552357,-0.7744593202883312
2023-08-18,1558.7400000000002,1574.3999999999999,1558.53,1566.8999999999999,152929962.29999998,0.010181300280996753,0.5141776937617624
2023-08-21,1565.52,1597.5,1562.4900000000002,1590.42,200214527.89,0.022363176452552983,0.7112253641816494
2023-08-22,1584.42,1595.1000000000001,1576.02,1577.88,172435723.02,0.012042261521566972,-0.34276729559746166
2023-08-23,1594.44,1600.6799999999998,1583.94,1588.8000000000002,144255625.6,0.010498983969293777,-0.33691756272399104
2023-08-24,1582.98,1598.94,1574.0700000000002,1574.58,135346960.35,0.015710874426714726,-0.337756332931234
2023-08-25,1578.0,1588.7400000000002,1566.54,1586.58,160812046.78,0.014068441064639581,0.38648648648646106
2023-08-28,1592.3999999999999,1598.8200000000002,1581.2400000000002,1590.3000000000002,95384073.60000001,0.011039939713640364,-0.11945392491465137
2023-08-29,1592.1000000000001,1608.8999999999999,1590.66,1608.0,140692496.0,0.011456566798568412,0.8717105263157447
2023-08-30,1613.04,1616.7599999999998,1591.5,1603.08,147677867.04,0.01565987204285123,-0.3942992874109159
2023-08-31,1600.98,1615.0500000000002,1591.92,1604.16,270793437.12,0.014447400966908452,0.13748378728923094
2023-09-01,1614.06,1618.3200000000002,1601.46,1603.02,139569875.17000002,0.010445708337980692,-0.6548042704625876
2023-09-05,1616.58,1623.0,1596.66,1597.7400000000002,248326875.47000003,0.016293656979549976,-0.7152619589976855
2023-09-06,1598.8200000000002,1598.8200000000002,1569.0,1582.3200000000002,249136020.28000003,0.01865125530078504,-0.553319919517081
2023-09-07,1579.2599999999998,1579.62,1541.52,1568.04,313412256.34,0.024125223205805818,-0.29448818897636564
2023-09-08,1573.3200000000002,1576.1999999999998,1551.72,1553.94,204103544.25,0.015559453893677556,-0.7916666666666456
2023-09-11,1560.72,1571.91,1549.98,1553.52,151474931.92000002,0.014051207135169056,-0.3283173734609985
2023-09-12,1553.52,1563.42,1547.34,1550.6399999999999,157961112.4,0.01035068747103426,-0.17910447761193424
2023-09-13,1551.72,1560.0,1530.3000000000002,1535.46,159668134.93,0.01914005104013662,-0.5474747474747321
2023-09-14,1539.78,1553.1000000000001,1536.0,1537.92,167375422.07999998,0.011105482601411322,-0.10877192982454834
2023-09-15,1539.78,1545.48,1524.0,1528.74,344742335.55,0.013950044811597114,-0.5139664804469014
2023-09-18,1529.6399999999999,1536.315,1515.72,1519.8000000000002,129132846.60000001,0.013463952302503213,-0.47778587035684394
2023-09-19,1521.96,1540.77,1519.98,1540.02,145530606.65,0.013660017346054397,0.8686868686868259
2023-09-20,1543.92,1574.88,1538.52,1563.1799999999998,297818616.78,0.02355044302813689,0.5297029702970067
2023-09-21,1552.8000000000002,1561.6499999999999,1540.59,1553.58,252344633.31,0.013562596599691478,0.03703703703702328
2023-09-22,1555.98,1564.3200000000002,1542.54,1546.08,206357101.36,0.013997609223769705,-0.4545454545454337
2023-09-25,1542.6000000000001,1542.6000000000001,1511.1,1530.1200000000001,195398619.18,0.020420070011669393,-0.3961904761904613
2023-09-26,1529.82,1550.7599999999998,1524.24,1548.3000000000002,220869123.8,0.017335372788956045,0.6968325791855099
2023-09-27,1550.6399999999999,1568.25,1530.96,1545.12,207675201.35999998,0.024048134963628533,-0.1480289621882499
2023-09-28,1550.88,1556.1000000000001,1537.5,1546.98,165338128.44,0.011993190962551017,-0.2096774193548308
2023-09-29,1551.1799999999998,1555.38,1531.5,1542.06,228157286.37,0.015394731752601951,-0.3819095477386712
2023-10-02,1535.1,1541.16,1506.48,1517.16,190253381.16,0.02259136212624653,-0.5173010380622629
2023-10-03,1511.6999999999998,1522.5,1490.46,1507.8600000000001,208601624.67000002,0.02119468148442214,-0.11985018726590434
2023-10-04,1512.78,1545.3000000000002,1509.24,1542.96,265994731.8,0.023836909530798367,0.8369384359400743
2023-10-05,1548.0,1560.84,1533.9006,1558.62,211493044.35,0.017402713178295195,0.39421813403414724
2023-10-06,1557.0,1591.0500000000002,1552.56,1579.5,284324742.0,0.024720616570328334,0.5845674201091005
2023-10-09,1577.88,1589.3394,1560.0,1585.2599999999998,161751739.89,0.018594189672219083,0.25153888627577203
2023-10-10,1586.88,1591.1399999999999,1576.56,1584.84,182243921.28,0.009187840290381704,-0.13991769547325522
2023-10-11,1593.6000000000001,1610.6399999999999,1589.28,1599.12,217007780.04,0.01340361445783188,0.2584269662921125
2023-10-12,1601.52,1608.12,1556.34,1565.94,405569325.35,0.032331784804436374,-0.6871378910776218
2023-10-13,1567.08,1574.1000000000001,1552.8600000000001,1573.56,228116370.6,0.013553870893637208,0.30508474576269823
2023-10-16,1572.2400000000002,1612.5,1567.3200000000002,1607.6399999999999,328799623.66,0.028736070828881598,0.7835325365205618
2023-10-17,1608.66,1616.5872,1594.3806,1604.58,166697141.9,0.013804408638246096,-0.1837291616006041
2023-10-18,1600.08,1608.87,1579.8600000000001,1581.0,257460053.0,0.018130343482826324,-0.6577042399172501
2023-10-19,1580.6999999999998,1580.6999999999998,1536.6000000000001,1543.8000000000002,315260427.2,0.02789903207439784,-0.8367346938775299
2023-10-20,1548.06,1563.0,1532.76,1544.6999999999998,499032326.7,0.01953412658424156,-0.11111111111111162
2023-10-23,1538.04,1538.04,1511.28,1520.34,244071329.35999998,0.017398767262230483,-0.6614349775784526
2023-10-24,1520.52,1533.18,1496.43,1512.66,200599389.02,0.024169363112620013,-0.2138775510203996
2023-10-25,1499.34,1504.41,1467.66,1480.32,297054334.08,0.02451078474528858,-0.5175510204081487
2023-10-26,1490.46,1499.82,1446.06,1446.48,329011760.28000003,0.036069401392859225,-0.8180803571428423
2023-10-27,1440.0,1441.68,1402.56,1407.1200000000001,255469671.60000002,0.02716666666666743,-0.8404907975459852
2023-10-30,1411.92,1427.22,1406.34,1423.26,203329770.12,0.01478837327894009,0.5431034482758293
2023-10-31,1420.1399999999999,1434.0,1416.42,1425.24,161860468.62,0.01237906121931705,0.2901023890784908
2023-11-01,1431.3600000000001,1446.33,1410.6,1437.72,201735119.52,0.0249622736418518,0.17800167926111723
2023-11-02,1437.6,1455.0,1424.28,1451.16,194095552.32000002,0.021368948247079165,0.4414062499999909
2023-11-03,1465.1999999999998,1509.06,1461.96,1497.0,247660436.5,0.03214578214578275,0.6751592356687807
2023-11-06,1497.0,1508.97,1485.894,1491.78,263892649.81,0.015414829659319309,-0.22620904836192565
2023-11-07,1479.6,1490.34,1449.1200000000001,1473.66,364316997.15000004,0.027858880778589334,-0.1441048034934428
2023-11-08,1474.1399999999999,1479.06,1374.6,1390.1399999999999,649238010.96,0.07086165493101128,-0.804135554279142
2023-11-09,1391.82,1392.66,1335.54,1347.9,354552289.95,0.04103978962796991,-0.7689075630251923
2023-11-10,1352.34,1361.6712,1328.34,1348.74,299028471.03,0.024647056213674863,-0.10800691244239008
2023-11-13,1339.44,1348.3799999999999,1325.16,1335.54,190615391.68,0.017335602938542062,-0.1679586563307475
2023-11-14,1356.84,1364.76,1344.1200000000001,1351.56,225240402.38,0.015211815689396582,-0.25581395348836
2023-11-15,1346.58,1389.99,1339.02,1377.78,309171994.96,0.037851445885131965,0.6121247792819191
2023-11-16,1387.32,1397.28,1367.1,1376.76,181427597.12,0.02175417351440262,-0.34990059642145704
2023-11-17,1385.6399999999999,1385.6399999999999,1360.5,1368.0,329985312.0,0.018143240668572543,-0.7016706443913787
2023-11-20,1368.78,1386.0,1368.78,1380.66,188604599.08,0.0125805461798105,0.6898954703832405
2023-11-21,1382.4,1391.46,1373.28,1377.42,159810334.53,0.013151041666667425,-0.2739273927392589
2023-11-22,1385.6999999999998,1388.46,1376.91,1387.5,116902656.25,0.008335137475644763,0.1558441558441587
2023-11-24,1387.5,1394.82,1376.22,1391.6999999999998,91942660.5,0.013405405405406051,0.22580645161288243
2023-11-27,1387.5,1393.5,1362.54,1372.74,186445775.59,0.022313513513514245,-0.4767441860464954
2023-11-28,1365.9,1365.9,1343.34,1364.46,182451270.41,0.01651658247309551,-0.06382978723404166
2023-11-29,1368.0,1404.3600000000001,1364.49,1392.3600000000001,339651602.22,0.029144736842106063,0.6109857035364796
2023-11-30,1396.08,1410.66,1375.44,1404.48,349446562.08000004,0.02522778064294382,0.238500851788752
2023-12-01,1403.6999999999998,1408.56,1386.66,1407.84,172458992.16,0.015601624278692635,0.1890410958904081
2023-12-04,1404.66,1417.44,1393.92,1397.1,220195999.6,0.016744265516211016,-0.3214285714285654
2023-12-05,1392.0,1394.8799999999999,1374.96,1377.42,197728641.0,0.014310344827586804,-0.7319277108433389
2023-12-06,1383.18,1416.0,1376.04,1403.22,222257886.76,0.02888994924738719,0.5015015015014875
2023-12-07,1426.6200000000001,1439.58,1414.44,1434.72,292095362.16,0.017622071750011112,0.32219570405726444
2023-12-08,1425.9,1444.8600000000001,1420.8000000000002,1435.74,236407512.66,0.01687355354513004,0.40897755610970626
2023-12-11,1488.0,1507.1399999999999,1455.0,1476.66,351599883.19,0.035040322580645725,-0.21749136939009836
2023-12-12,1485.3000000000002,1505.34,1464.66,1494.24,306030064.56,0.027388406382549524,0.21976401179940125
2023-12-13,1495.6200000000001,1534.1399999999999,1492.5606,1533.3600000000001,412250736.12,0.027800778272556413,0.9076610052092919
2023-12-14,1542.0,1568.7599999999998,1528.59,1539.2400000000002,490805657.96000004,0.026050583657588083,-0.06870799103808078
2023-12-15,1544.04,1559.16,1488.06,1488.78,958402125.0,0.046048029843787135,-0.7772151898734052
2023-12-18,1498.1999999999998,1508.58,1482.24,1501.98,411031095.81,0.01758109731678074,0.14350797266515067
2023-12-19,1501.98,1517.22,1494.54,1510.1399999999999,318020634.29,0.015100067910359024,0.3597883597883365
2023-12-20,1509.0,1518.0,1488.6,1488.96,187593574.07999998,0.019483101391650808,-0.681632653061198
2023-12-21,1500.18,1529.7942,1500.18,1523.16,238619261.04000002,0.01974043114826285,0.7759790911116713
2023-12-22,1531.8600000000001,1552.6799999999998,1531.1100000000001,1547.8200000000002,177896627.94000003,0.014080921233011301,0.7399165507649288
2023-12-26,1551.0,1566.7578,1546.77,1564.1999999999998,143457213.9,0.012887040618956217,0.6604028457358533
2023-12-27,1569.54,1580.0394000000001,1563.84,1571.58,163551711.3,0.010321113192401076,0.12593059002184112
2023-12-28,1577.16,1583.88,1561.7400000000002,1563.48,197000304.06,0.014037890892490842,-0.6178861788617672
2023-12-29,1560.96,1565.9712,1542.0,1552.62,207744696.32,0.015356703567036271,-0.3479175010011937
2024-01-02,1545.3600000000001,1607.94,1540.2599999999998,1606.2599999999998,290402973.57,0.043795620437957004,0.8998226950354385
2024-01-03,1609.62,1609.77,1580.34,1580.58,214515263.88,0.018283818541022755,-0.9867482161059774
2024-01-04,1587.48,1587.48,1557.63,1561.6799999999998,247008583.07999998,0.018803386499358032,-0.8643216080401809
2024-01-05,1544.8200000000002,1559.5500000000002,1532.25,1547.28,219096395.28,0.01767196178195593,0.09010989010987921
2024-01-08,1530.3600000000001,1552.2599999999998,1509.18,1547.88,366261429.44,0.02815023915941391,0.4066852367687952
2024-01-09,1537.1399999999999,1543.6799999999998,1521.66,1535.04,206648108.16,0.014325305437371184,-0.09536784741143675
2024-01-10,1526.16,1531.08,1506.0,1525.3799999999999,201619389.57,0.016433401478220443,-0.031100478468906352
2024-01-11,1513.74,1517.6399999999999,1470.0,1483.26,295870569.19,0.03147171905347077,-0.639798488664976
2024-01-12,1489.02,1502.6999999999998,1480.3799999999999,1488.72,190944467.8,0.014989724785429962,-0.013440860215051163
2024-01-16,1482.0,1485.3600000000001,1464.0,1477.1399999999999,259938726.74,0.014412955465587796,-0.22752808988763443
2024-01-17,1468.26,1477.1399999999999,1455.1200000000001,1471.6200000000001,189617501.19,0.014997343794696265,0.1525885558583112
2024-01-18,1463.34,1487.8799999999999,1444.98,1481.82,289451309.7,0.02931649514125278,0.4307692307692225
2024-01-19,1481.76,1507.68,1466.5500000000002,1499.76,579080832.24,0.027757531584062776,0.4376367614879556
2024-01-22,1501.8000000000002,1513.02,1482.444,1489.8000000000002,195466726.0,0.02035956851777933,-0.3924646781789508
2024-01-23,1494.78,1511.52,1488.06,1510.08,183213476.16,0.015694617268093645,0.6521739130434475
2024-01-24,1490.04,1504.8000000000002,1481.82,1482.96,211357885.35999998,0.01542240476765807,-0.30809399477804805
2024-01-25,1483.32,1496.79,1471.44,1477.26,171398106.66,0.017090041258798434,-0.2390532544378591
2024-01-26,1484.16,1488.42,1466.46,1468.92,132402817.94,0.014796248382924362,-0.693989071038219
2024-01-29,1460.46,1490.04,1454.52,1485.1200000000001,168711859.68,0.024321104309601743,0.6942567567567398
2024-01-30,1475.8799999999999,1490.16,1461.4499999999998,1482.48,201518942.16,0.019452801040735865,0.229885057471259
2024-01-31,1486.02,1511.94,1477.44,1479.96,276226887.54,0.023216376630194064,-0.1756521739130368
2024-02-01,1472.4,1495.98,1440.0,1486.98,236822630.55,0.038019559902201155,0.26045016077169814
2024-02-02,1475.58,1478.34,1449.18,1462.32,209955031.2,0.019761720814866584,-0.4547325102880522
2024-02-05,1453.26,1471.365,1443.0,1451.04,207659301.76,0.01951818669749459,-0.07826546800634403
2024-02-06,1446.0,1475.28,1439.76,1473.3000000000002,320392166.7,0.02456431535269776,0.7685810810810649
2024-02-07,1478.6399999999999,1478.6399999999999,1443.24,1443.24,186139233.06,0.02394091868203271,-0.9999999999999717
2024-02-08,1439.34,1443.24,1425.1200000000001,1441.8000000000002,178769262.6,0.012589103339031,0.1357615894039814
2024-02-09,1439.28,1448.16,1433.4,1445.8799999999999,166252342.98,0.010255127563782574,0.44715447154467924
2024-02-12,1436.6999999999998,1469.6999999999998,1436.6999999999998,1468.44,235451872.26000002,0.022969304656505176,0.9618181818181598
2024-02-13,1413.84,1422.0,1351.65,1359.9,771419593.8000001,0.04975810558479097,-0.766737739872056
2024-02-14,1362.06,1367.94,1323.3600000000001,1324.44,490170829.20000005,0.03272983569005837,-0.8438761776581226
2024-02-15,1326.9,1350.0,1320.42,1340.1,292091992.95,0.022292561609767808,0.4462474645030225
2024-02-16,1326.9,1330.5,1305.18,1314.48,387360386.84000003,0.019082070992539692,-0.49052132701420276
2024-02-20,1305.3600000000001,1321.5,1294.0806,1315.26,420849660.87,0.021005239933812106,0.36105822884525207
2024-02-21,1328.94,1340.46,1314.0,1326.66,233276356.64000002,0.019910605444941845,-0.08616780045351034
2024-02-22,1327.3799999999999,1339.32,1312.1399999999999,1334.8799999999999,200475615.6,0.020476427247661595,0.2759381898454638
2024-02-23,1340.58,1354.8000000000002,1329.0,1339.92,203450103.0,0.019245401244238437,-0.0255813953488304
2024-02-26,1335.1200000000001,1349.94,1332.0,1342.26,173255788.86,0.013436994427467971,0.39799331103675883
2024-02-27,1342.32,1349.22,1321.1999999999998,1343.6399999999999,220151383.07999998,0.020874307169677267,0.04710920770877514
2024-02-28,1333.5,1344.72,1326.0,1330.44,230308920.56,0.014038245219348341,-0.16346153846152658
2024-02-29,1330.56,1344.0,1300.1999999999998,1301.94,416152969.56,0.032918470418471284,-0.6534246575342264
2024-03-01,1304.76,1332.1200000000001,1292.1,1325.6999999999998,239842108.79999998,0.03067230755081485,0.5232383808095751
2024-03-04,1327.02,1337.52,1318.56,1326.1200000000001,239503018.52,0.014287652032374058,-0.04746835443036996
2024-03-05,1317.9,1329.0,1299.0,1303.3799999999999,193434191.34,0.022763487366265253,-0.4839999999999909
2024-03-06,1304.82,1319.94,1300.8000000000002,1305.3600000000001,313581411.36,0.014668689934244462,0.028213166144209323
2024-03-07,1319.52,1319.52,1300.1399999999999,1316.16,252356569.92000002,0.014687158966897883,-0.1733746130030809
2024-03-08,1352.6999999999998,1370.16,1331.8799999999999,1339.44,370141519.32,0.02829895764027588,-0.34639498432600174
2024-03-11,1339.8000000000002,1381.32,1339.4604,1380.42,280277255.82,0.03124317062248169,0.9703867213255483
2024-03-12,1376.04,1378.5,1352.1,1364.16,243022375.68,0.01918548879393119,-0.449999999999977
2024-03-13,1372.56,1379.4,1349.5500000000002,1359.3600000000001,335572062.72,0.0217476831613925,-0.4422110552763624
2024-03-14,1351.5,1356.1200000000001,1311.48,1317.72,353937615.42,0.03302996670366339,-0.7567204301075076
2024-03-15,1314.9,1327.83,1300.8000000000002,1315.8600000000001,527902416.86,0.02055669632671741,0.035516093229745097
2024-03-18,1322.04,1323.3600000000001,1305.18,1316.4,297647693.6,0.013751474993193133,-0.3102310231022851
2024-03-19,1310.1,1314.1200000000001,1293.54,1311.78,332095909.18,0.015708724524846302,0.08163265306122301
2024-03-20,1303.08,1316.16,1299.1524,1308.9,206160694.15,0.013051846394696509,0.3421999576659714
2024-03-21,1315.98,1330.44,1307.6999999999998,1324.5,221027041.25,0.017279897870789235,0.3746701846965488
2024-03-22,1327.8000000000002,1327.8000000000002,1292.1299999999999,1308.6,233600803.2,0.026863985539991923,-0.5382674516400217
2024-03-25,1306.6200000000001,1309.56,1293.54,1300.1399999999999,157305238.74,0.012260641961703454,-0.4044943820224625
2024-03-26,1296.9,1300.02,1266.09,1272.1200000000001,337099078.8,0.026162387231090323,-0.7303271441202238
2024-03-27,1282.5,1298.04,1277.52,1298.04,270425432.68,0.016000000000000753,0.7573099415204299
2024-03-28,1304.16,1305.42,1284.0,1293.78,412344073.88,0.016424365108576443,-0.48459383753499485
2024-04-01,1294.1399999999999,1294.1399999999999,1275.3600000000001,1288.98,182693150.64000002,0.014511567527470546,-0.27476038338656283
2024-04-02,1278.54,1280.6399999999999,1245.48,1245.84,303741398.28,0.02750011732132028,-0.9300341296928114
2024-04-03,1246.26,1252.1999999999998,1232.16,1238.28,186696507.5,0.016080111694189592,-0.3982035928143576
2024-04-04,1243.44,1260.0,1231.32,1231.8000000000002,159403953.20000002,0.023065045358039826,-0.4058577405857546
2024-04-05,1225.68,1231.1100000000001,1213.0500000000002,1223.22,194608185.9,0.014734677893088678,-0.1362126245847125
2024-04-08,1223.34,1234.6200000000001,1217.46,1229.6999999999998,148324569.45,0.014027171514052568,0.3706293706293415
2024-04-09,1230.1200000000001,1254.3306,1230.1200000000001,1239.1200000000001,200165999.16,0.019681494488343304,0.37173799905825017
2024-04-10,1218.0,1223.91,1203.9,1209.3000000000002,181597759.3,0.01642857142857223,-0.4347826086956216
2024-04-11,1216.56,1228.44,1205.52,1222.08,207561326.08,0.018840007891103648,0.2408376963350665
2024-04-12,1225.3799999999999,1231.44,1186.68,1189.08,246911669.28,0.03652744454781453,-0.8109919571045386
2024-04-15,1192.3799999999999,1197.18,1178.4,1180.8000000000002,228139809.60000002,0.015750012579883056,-0.6166134185303036
2024-04-16,1177.1999999999998,1186.3799999999999,1169.6399999999999,1170.9,170171580.6,0.01422018348623938,-0.3763440860214664
2024-04-17,1178.16,1178.16,1152.06,1152.96,253787057.12,0.022153188022001353,-0.9655172413792701
2024-04-18,1150.5,1155.3600000000001,1137.1200000000001,1143.1200000000001,288080147.96000004,0.0158539765319435,-0.40460526315786594
2024-04-19,1144.32,1167.15,1136.6399999999999,1166.28,310952212.94,0.02666212248322252,0.7197640117993825
2024-04-22,1177.1399999999999,1180.65,1159.3799999999999,1164.66,217313132.96,0.018069218614609302,-0.5867418899858525
2024-04-23,1160.04,1175.16,1156.5,1159.08,282370046.92,0.016085652218889922,-0.05144694533761955
2024-04-24,1193.82,1234.4994,1193.82,1211.94,659633895.24,0.03407498617882173,0.44543429844097204
2024-04-25,1207.26,1232.1792,1188.66,1214.76,321972138.0,0.036047910143631796,0.17233772679644468
2024-04-26,1207.32,1264.98,1194.6,1253.4,395677072.2,0.05829440413477873,0.6547314578005035
2024-04-29,1253.94,1313.16,1251.2658,1293.0,445658094.5,0.049359777979808554,0.6310769021976081
2024-04-30,1287.96,1306.3799999999999,1281.48,1288.92,263303585.07999998,0.01933289853722231,0.03855421686747001
2024-05-01,1293.3600000000001,1311.96,1288.1999999999998,1296.78,198056128.75,0.01837075524216088,0.14393939393938007
2024-05-02,1307.94,1310.7594,1278.84,1281.06,187407334.95,0.02440433047387569,-0.842121092501716
2024-05-03,1291.8000000000002,1307.28,1278.66,1305.06,248864936.54,0.02215513237343309,0.46331236897272365
2024-05-06,1315.3799999999999,1334.4,1309.74,1328.52,265670344.16,0.018747434201524325,0.5328467153284479
2024-05-07,1329.1200000000001,1331.8799999999999,1296.48,1313.52,253180980.0,0.02663416395810825,-0.44067796610168797
2024-05-08,1308.0,1329.18,1302.0,1318.32,166663772.16,0.020779816513762265,0.3796909492273559
2024-05-09,1324.02,1337.46,1313.31,1336.5,168086036.25,0.018239905741605923,0.5167701863353812
2024-05-10,1336.56,1343.6999999999998,1320.06,1329.0,145115946.5,0.017687196983301054,-0.3197969543147067
2024-05-13,1338.0,1353.48,1330.32,1352.04,287234588.48,0.01730941704035954,0.6062176165802811
2024-05-14,1356.6,1363.8000000000002,1332.06,1361.28,255693533.12,0.02339672711189829,0.14744801512286962
2024-05-15,1373.8799999999999,1421.4,1371.96,1411.92,421848751.2,0.03598567560485707,0.7694174757281428
2024-05-16,1389.6,1407.48,1368.42,1380.24,215473407.12,0.028108808290156106,-0.2396313364055216
2024-05-17,1376.52,1384.98,1358.58,1383.42,227125053.63,0.019178798709790685,0.261363636363629
2024-05-20,1384.26,1396.5,1373.82,1389.48,166534041.18,0.01638420527935579,0.2301587301587206
2024-05-21,1375.74,1391.6999999999998,1348.92,1366.1399999999999,173328557.12,0.0310959919752284,-0.22440392706872297
2024-05-22,1368.0,1368.0,1338.1200000000001,1351.26,276030438.18,0.021842105263158523,-0.5602409638554054
2024-05-23,1341.48,1343.1,1303.26,1308.3600000000001,233054459.78,0.029698541908937063,-0.8313253012047973
2024-05-24,1309.26,1316.6526000000001,1302.3600000000001,1306.8600000000001,167919094.83,0.010916548279181357,-0.1679190630116072
2024-05-28,1296.0,1313.52,1291.02,1312.3799999999999,138495023.94,0.017361111111111868,0.7279999999999625
2024-05-29,1298.4,1298.4,1261.98,1286.46,210215711.57999998,0.028049907578559033,-0.3278418451400248
2024-05-30,1287.75,1321.26,1277.4,1320.42,206860958.46,0.034059405940594735,0.744870041039658
2024-05-31,1315.3799999999999,1353.54,1308.15,1349.6399999999999,421173157.2,0.03450713862153967,0.7547918043621795
2024-06-03,1351.8000000000002,1399.1399999999999,1347.48,1378.8000000000002,280542827.40000004,0.03821571238348929,0.5226480836236848
2024-06-04,1378.92,1406.34,1372.98,1404.78,238038332.09,0.024192846575581527,0.775179856115084
2024-06-05,1406.6999999999998,1425.24,1382.3448,1420.32,224393989.6,0.030493495414801244,0.31751804397694433
2024-06-06,1410.6,1420.26,1380.06,1391.94,205860966.3,0.02849851127179996,-0.46417910447759625
2024-06-07,1383.66,1385.76,1347.96,1352.58,216108469.5,0.02731885000650516,-0.8222222222222055
2024-06-10,1347.1200000000001,1374.0,1345.5,1355.8799999999999,207723979.72,0.02115624443256798,0.30736842105261253
2024-06-11,1354.3799999999999,1371.18,1351.8600000000001,1354.44,211600775.1,0.014264829663758269,0.003105590062120595
2024-06-12,1365.72,1394.04,1359.1974,1383.78,239090430.92,0.025512257270890758,0.5183310085929137
2024-06-13,1366.32,1406.31,1362.3600000000001,1403.04,232515530.24,0.03216669594238596,0.8354948805460601
2024-06-14,1395.3600000000001,1402.26,1381.53,1390.1399999999999,173276780.58,0.014856381148951527,-0.2518089725036179
2024-06-17,1384.98,1384.98,1353.69,1358.76,225041001.64000002,0.022592384005545887,-0.8379674017257661
2024-06-18,1359.54,1371.0,1338.1200000000001,1341.9,169356278.70000002,0.02418465069067542,-0.5364963503649453
2024-06-20,1325.6399999999999,1357.98,1322.25,1353.48,152545542.46,0.026953018919164327,0.7791771620486804
2024-06-21,1364.1,1368.9,1332.3000000000002,1344.0,675011456.0,0.026830877501650092,-0.5491803278688363
2024-06-24,1354.44,1366.74,1341.78,1359.6,226658916.0,0.018428280322495657,0.20673076923075484
2024-06-25,1352.8799999999999,1377.18,1336.98,1339.1399999999999,181361962.1,0.029714387085329832,-0.3417910447761107
2024-06-26,1330.74,1350.66,1320.1200000000001,1346.76,193318419.6,0.022949637044051386,0.524557956777979
2024-06-27,1340.58,1380.72,1336.74,1372.32,229971098.4,0.032806695609363855,0.7216916780354541
2024-06-28,1377.0,1412.94,1366.3799999999999,1390.92,519915232.28,0.03381263616557817,0.29896907216494245
2024-07-01,1388.46,1420.8600000000001,1383.8700000000001,1390.6200000000001,199938012.89000002,0.02664102674906082,0.05839416058394222
2024-07-02,1390.26,1399.02,1350.6,1372.92,196837599.78,0.0348280177808475,-0.3581164807930511
2024-07-03,1376.6999999999998,1376.6999999999998,1336.41,1347.66,130440236.01,0.029265635214644235,-0.7207743857036288
2024-07-05,1350.18,1358.52,1338.3000000000002,1353.9,103421938.85000001,0.014975781006977428,0.18397626112759052
2024-07-08,1358.82,1376.49,1354.8000000000002,1368.42,122157256.91,0.015962379123063256,0.4426002766251623
2024-07-09,1366.26,1375.98,1353.54,1374.3600000000001,118850529.72,0.016424399455448477,0.3609625668449089
2024-07-10,1379.1,1396.92,1367.52,1396.5,121636081.0,0.02131825103328335,0.5918367346938587
2024-07-11,1407.0,1427.8799999999999,1394.82,1420.8000000000002,157998169.6,0.02349680170575759,0.41742286751360513
2024-07-12,1427.8799999999999,1428.0,1359.0,1380.3600000000001,338917950.32,0.04832338852004437,-0.6886956521738996
2024-07-15,1380.3600000000001,1380.3600000000001,1327.26,1329.48,306178579.26,0.03846822568025812,-0.9581920903954617
2024-07-16,1330.74,1371.42,1324.8600000000001,1350.1200000000001,226410173.56,0.0349880517606752,0.4162371134020557
2024-07-17,1340.34,1380.5994,1330.02,1369.98,216795910.05,0.037736246027128224,0.5860093239540103
2024-07-18,1356.0,1387.6200000000001,1339.8000000000002,1351.5,192892161.75,0.03526548672566439,-0.09410288582183002
2024-07-19,1354.02,1365.75,1334.28,1358.4,192844576.8,0.02324190189214414,0.1391801715919913
2024-07-22,1366.3799999999999,1370.8799999999999,1341.72,1359.78,156912039.73,0.021341061783691825,-0.22633744855966104
2024-07-23,1357.74,1368.3000000000002,1341.18,1345.74,191717036.17,0.019974369172301838,-0.44247787610617645
2024-07-24,1344.6,1368.42,1338.66,1356.18,205367241.52,0.02213297634984454,0.3891129032257987
2024-07-25,1363.1999999999998,1418.8799999999999,1356.24,1364.6399999999999,259049383.76,0.04595070422535273,0.022988505747126988
2024-07-26,1268.28,1305.18,1260.0,1267.02,476415780.09,0.035623048538178506,-0.027888446215138585
2024-07-29,1265.6399999999999,1293.66,1258.5,1286.58,329823789.06,0.0277804114914202,0.5955631399317238
2024-07-30,1285.74,1308.0,1266.1200000000001,1271.34,272637591.65999997,0.032572681879696405,-0.34383954154727286
2024-07-31,1272.0,1306.98,1266.0,1279.1999999999998,390500104.79999995,0.03221698113207625,0.17569546120057683
2024-08-01,1294.8000000000002,1316.6399999999999,1236.1200000000001,1264.1999999999998,398640186.0,0.06218721037998199,-0.38002980625931543
2024-08-02,1274.6999999999998,1281.0,1218.1200000000001,1233.96,363753721.24,0.04932925394210469,-0.647900763358766
2024-08-05,1224.72,1228.92,1181.4,1190.34,276623707.77,0.03880070546737291,-0.7234848484848359
2024-08-06,1192.56,1223.4,1188.8958,1200.78,252594679.89,0.02893288388005724,0.23823186742482855
2024-08-07,1209.1200000000001,1221.0,1192.35,1198.68,194039321.7,0.023694918618500285,-0.3643979057591504
2024-08-08,1198.98,1224.84,1197.0,1224.42,244570140.34,0.023219736776260567,0.9137931034482477
2024-08-09,1218.72,1226.16,1199.16,1212.0,118523904.0,0.02215439149271447,-0.2488888888888807
2024-08-12,1212.0,1217.8799999999999,1196.46,1206.24,165089223.04,0.017673267326733355,-0.2689075630251991
2024-08-13,1206.6,1229.8799999999999,1206.6,1224.3000000000002,171109596.35000002,0.0192938836399809,0.7603092783504954
2024-08-14,1222.44,1224.3000000000002,1202.22,1203.54,102064805.57000001,0.018062236183371893,-0.8559782608695247
2024-08-15,1216.92,1221.3000000000002,1203.1200000000001,1209.78,139214828.60999998,0.014939355093186937,-0.3927392739273753
2024-08-16,1211.94,1219.1598,1203.3000000000002,1211.46,142550075.28,0.01308629140056497,-0.030265198804524416
2024-08-19,1214.82,1237.74,1214.82,1236.3600000000001,163481204.02,0.018866992640885937,0.9397905759161947
2024-08-20,1232.34,1241.8799999999999,1231.17,1232.94,128620300.80000001,0.008690783387702097,0.056022408963593937
2024-08-21,1237.5,1245.54,1228.08,1237.08,124003455.94,0.014109090909091735,-0.024054982817872158
2024-08-22,1240.56,1240.56,1208.52,1219.92,160927780.0,0.025827045850261934,-0.6441947565542837
2024-08-23,1227.0,1233.24,1212.78,1230.0,231109620.0,0.0166748166259177,0.1466275659823973
2024-08-26,1237.3799999999999,1237.3799999999999,1224.54,1229.16,97958930.5,0.010376763807400241,-0.6401869158877891
2024-08-27,1229.16,1230.0,1211.28,1219.8000000000002,114944193.60000001,0.015229913111393968,-0.49999999999996725
2024-08-28,1222.56,1228.32,1217.5806,1225.1999999999998,130177091.6,0.008784354142128751,0.24582378903846058
2024-08-29,1236.0,1238.31,1216.53,1228.92,106543472.42,0.017621359223301745,-0.32506887052339817
2024-08-30,1234.92,1235.28,1217.1,1228.56,179996530.35999998,0.014721601399281773,-0.3498349834983364
2024-09-03,1225.32,1240.1999999999998,1221.0,1229.04,182771767.44,0.015669376162962167,0.19374999999999318
2024-09-04,1234.32,1239.0,1221.18,1229.6999999999998,160934323.15,0.014437098969473818,-0.2592592592592523
2024-09-05,1231.1399999999999,1231.1399999999999,1189.1399999999999,1210.8000000000002,227540800.8,0.0341147229397152,-0.4842857142856954
2024-09-06,1215.18,1219.44,1191.3000000000002,1204.8600000000001,167636188.0,0.0231570631511388,-0.3667377398720546
2024-09-09,1202.6399999999999,1206.3600000000001,1188.66,1195.6200000000001,176021766.91,0.014717621233287627,-0.39661016949148814
2024-09-10,1196.94,1207.1399999999999,1186.92,1203.84,111845965.44,0.016893077347236104,0.34124629080116675
2024-09-11,1193.6999999999998,1195.6517999999999,1176.1200000000001,1194.54,158322539.79,0.016362402613722658,0.04300678892882957
2024-09-12,1194.3000000000002,1195.53,1169.4,1187.34,168625235.23999998,0.021878924893243622,-0.2663605051664764
2024-09-13,1185.96,1186.1999999999998,1153.5,1173.78,213398681.64,0.027572599413134332,-0.37247706422017607
2024-09-16,1183.56,1198.44,1168.5,1197.48,206472295.72,0.025296562911893805,0.46492985971942496
2024-09-17,1198.98,1216.74,1182.54,1189.26,183143066.85,0.028524245608768303,-0.2842105263157816
2024-09-18,1188.78,1198.68,1180.83,1185.54,132524205.77,0.015015393933277076,-0.18151260504200578
2024-09-19,1203.42,1225.08,1200.654,1208.6399999999999,226693928.48,0.020297153113626922,0.21370670596903305
2024-09-20,1200.06,1202.22,1181.79,1196.16,764254335.0400001,0.017024148792561245,-0.1908957415565179
2024-09-23,1195.1999999999998,1195.1999999999998,1174.02,1174.8600000000001,259573372.59,0.017720883534137234,-0.9603399433427238
2024-09-24,1199.94,1199.94,1161.2406,1164.72,230628148.4,0.03225111255562856,-0.9100916293275644
2024-09-25,1163.04,1167.3600000000001,1132.68,1134.42,291886076.93,0.02981840693355434,-0.8252595155709057
2024-09-26,1147.02,1162.3799999999999,1143.0,1161.6,158426364.79999998,0.01689595647852772,0.7523219814241107
2024-09-27,1166.94,1186.1826,1163.85,1168.02,138178128.69,0.0191377448712026,0.04835979688884725
2024-09-30,1160.16,1166.8799999999999,1153.68,1163.04,191845386.4,0.011377741001241904,0.2181818181817957
2024-10-01,1167.66,1170.0,1141.6200000000001,1144.8000000000002,426688711.20000005,0.024305020297004997,-0.8054968287526142
2024-10-02,1140.48,1151.16,1128.3000000000002,1132.44,277924368.5,0.02004419191919269,-0.3517060367453914
2024-10-03,1123.26,1128.84,1101.3600000000001,1108.68,376409425.04,0.02446450510122391,-0.5305676855895017
2024-10-04,1120.08,1120.8000000000002,1102.92,1114.08,211158823.92000002,0.015963145489608862,-0.3355704697986369
2024-10-07,1108.56,1115.58,1094.85,1100.04,180341657.64000002,0.018699935050877716,-0.41099855282197606
2024-10-08,1096.3799999999999,1101.3000000000002,1087.8600000000001,1093.8000000000002,220167720.60000002,0.012258523504625262,-0.1919642857142483
2024-10-09,1094.76,1114.8000000000002,1087.8600000000001,1114.56,215661787.2,0.024608133289489048,0.7349665924275866
2024-10-10,1107.3600000000001,1133.28,1105.8000000000002,1131.54,249590001.27,0.02481577806675405,0.8799126637554273
2024-10-11,1134.0,1136.58,1121.46,1130.28,269290340.28,0.013333333333334108,-0.24603174603173333
2024-10-14,1131.54,1151.76,1119.66,1149.3600000000001,244042459.44,0.028368418261838634,0.5551401869158772
2024-10-15,1151.22,1164.78,1144.02,1149.3000000000002,273776093.85,0.01803304320633847,-0.09248554913293612
2024-10-16,1150.08,1152.96,1133.4,1134.0,186184845.0,0.017007512520868923,-0.8220858895705088
2024-10-17,1131.3000000000002,1141.1399999999999,1126.1999999999998,1137.3000000000002,138155792.1,0.01320604614160792,0.4016064257027829
2024-10-18,1129.32,1147.1399999999999,1127.6399999999999,1140.96,176493010.64,0.017267027946021484,0.5969230769230515
2024-10-21,1140.96,1142.4,1104.1200000000001,1107.9,231288527.70000002,0.033550694152293635,-0.8636363636363402
2024-10-22,1102.8600000000001,1119.21,1096.8000000000002,1115.4,154468585.70000002,0.020319895544312815,0.5595716198125608
2024-10-23,1109.28,1114.92,1092.66,1097.8799999999999,178895886.39999998,0.020067070532238003,-0.5121293800538896
2024-10-24,1108.74,1114.32,1099.68,1103.16,194368150.58,0.013204177715245107,-0.3811475409835789
2024-10-25,1114.1999999999998,1125.48,1087.47,1090.1399999999999,312548043.63,0.03411416262789532,-0.6329913180741731
2024-10-28,1094.8799999999999,1113.6,1090.3799999999999,1110.06,350334195.96,0.021207803594915434,0.6537467700258136
2024-10-29,1108.92,1123.68,1099.1399999999999,1100.82,246338380.60999998,0.022129639649389646,-0.3300733496332414
2024-10-30,1107.78,1110.0,1067.58,1087.08,295847553.74,0.038292801819856864,-0.4879773691654767
2024-10-31,1068.66,1076.8506,1043.25,1044.0,305477532.0,0.0314418056257378,-0.7339154657952345
2024-11-01,1041.9,1055.94,1038.84,1042.74,253070391.14999998,0.016412323639505823,0.04912280701753581
2024-11-04,1039.32,1049.1,1024.26,1041.1200000000001,432920600.64000005,0.02390024246622878,0.07246376811594668
2024-11-05,1036.26,1063.5,1024.32,1061.58,437397499.5,0.03780904406230196,0.6462480857580206
2024-11-06,1061.22,1075.1999999999998,1041.96,1046.4,318803200.0,0.031322440210324674,-0.4458483754512511
2024-11-07,1054.1399999999999,1061.6999999999998,1036.8000000000002,1043.52,250160962.55999997,0.023621150890774104,-0.4265060240963703
2024-11-08,1041.48,1051.1999999999998,1029.42,1038.24,273704116.56,0.020912547528517806,-0.14876033057850774
2024-11-11,1043.52,1043.52,1026.66,1032.18,250875993.81,0.01615685372585181,-0.6725978647686426
2024-11-12,1028.16,1029.66,1006.26,1009.6800000000001,236681781.28,0.02275910364145762,-0.7897435897435537
2024-11-13,1006.44,1013.8799999999999,993.1800000000001,994.74,231229965.64,0.02056754501013552,-0.5652173913043277
2024-11-14,990.0,1055.16,980.1006,989.3399999999999,529388578.84,0.07581757575757678,-0.008793035915555844
2024-11-15,992.76,998.04,957.5999999999999,959.94,306712669.26,0.04073492082678695,-0.8115727002967131
2024-11-18,949.14,960.6600000000001,944.4000000000001,947.64,257940184.82,0.017131297806436324,-0.09225092250921949
2024-11-19,942.1200000000001,947.4000000000001,931.6800000000001,932.58,201570638.94,0.01668577251305673,-0.6068702290075988
2024-11-20,930.1800000000001,937.08,921.72,936.0,254404800.0,0.01651293298071448,0.37890624999997086
2024-11-21,943.02,954.5999999999999,928.44,948.06,298025663.19,0.027740662976395863,0.19266055045870792
2024-11-22,948.5999999999999,958.3199999999999,943.6800000000001,947.4000000000001,269027493.6,0.015433270082227344,-0.08196721311473679
2024-11-25,959.94,963.78,950.1299999999999,952.26,331943075.97,0.014219638727421584,-0.5626373626373223
2024-11-26,955.1999999999999,960.0,936.51,946.14,223608835.32,0.0245917085427146,-0.3856960408684358
2024-11-27,951.9000000000001,964.3799999999999,950.6999999999999,958.98,211799044.16000003,0.014371257485030922,0.5175438596490816
2024-11-29,964.3199999999999,970.02,950.64,963.78,178236333.04,0.020097063215531126,-0.027863777089779974
2024-12-02,960.96,991.71,960.96,985.3799999999999,273254085.5,0.03199925074925175,0.7941463414633838
2024-12-03,975.72,982.6200000000001,964.3199999999999,965.0999999999999,194762809.75,0.018755380641988645,-0.580327868852428
2024-12-04,965.0999999999999,968.1600000000001,954.72,965.52,186254762.04,0.01392601802922085,0.03125000000000296
2024-12-05,966.5999999999999,975.7139999999999,949.86,955.56,165215049.92,0.026747361887027626,-0.427013228127159
2024-12-06,954.36,964.9794,944.0999999999999,946.6800000000001,149521794.8,0.021877907707784403,-0.3678266616856581
2024-12-09,943.26,964.44,934.5,938.76,232106219.56,0.031740983398003755,-0.15030060120239952
2024-12-10,944.04,948.5999999999999,929.94,937.92,291216344.0,0.01976611160544133,-0.3279742765273164
2024-12-11,938.22,948.9000000000001,922.11,944.76,219717637.02,0.028554070473877178,0.24412094064948492
2024-12-12,940.1999999999999,949.1999999999999,931.26,931.98,163188455.36,0.01908104658583378,-0.4581939799330816
2024-12-13,927.42,927.42,899.61,900.1800000000001,241333607.07,0.02998641392249565,-0.9795037756202435
2024-12-16,894.0,913.5,891.5999999999999,902.94,285507370.65000004,0.024496644295303203,0.40821917808217395
2024-12-17,900.96,925.44,899.58,903.8399999999999,207565349.6,0.028702717101759215,0.11136890951275209
2024-12-18,900.06,908.9309999999999,879.4499999999999,880.74,219599601.48,0.03275448303446544,-0.6553373359112407
2024-12-19,879.5999999999999,889.47,871.44,884.3399999999999,243226662.74999997,0.020497953615280756,0.26289517470880497
2024-12-20,873.8399999999999,887.0999999999999,870.4254,878.8199999999999,846035180.49,0.019081982971712125,0.29865783886868275
2024-12-23,876.0,899.52,873.1200000000001,896.28,229301885.12,0.03013698630137081,0.7681818181817921
2024-12-24,892.02,896.46,882.4338,894.1200000000001,78220598.0,0.0157240869038822,0.1497198100697255
2024-12-26,888.0,904.08,886.98,899.4000000000001,126862468.60000001,0.019256756756757885,0.6666666666666322
2024-12-27,892.44,911.28,889.3799999999999,907.86,170751065.35,0.024539464837973493,0.704109589041059
2024-12-30,905.52,907.08,889.14,901.14,174837680.9,0.019811820832230136,-0.24414715719062086
2024-12-31,904.8000000000001,918.24,901.14,917.52,175622809.04,0.018899204244032936,0.7438596491227576
2025-01-02,923.04,924.72,899.04,900.0,164615250.0,0.0278211128445149,-0.8971962616822045
2025-01-03,898.3799999999999,917.8199999999999,898.3799999999999,913.26,180932940.26000002,0.021638950110199506,0.7654320987653963
2025-01-06,911.58,921.5999999999999,909.72,919.6200000000001,202315327.11,0.013032317514645854,0.676767676767633
2025-01-07,918.6600000000001,938.22,917.4294,918.9000000000001,170064345.45000002,0.022631441447326556,0.011543678393119828
2025-01-08,913.6200000000001,916.92,900.42,904.5,156597140.25,0.018060024955671918,-0.5527272727272464
2025-01-10,895.08,901.1999999999999,885.9000000000001,892.92,186976257.44,0.017093444161416657,-0.14117647058823288
2025-01-13,893.52,902.8799999999999,874.92,901.08,171643275.06,0.03129196884233245,0.2703862660944138
2025-01-14,899.52,901.3199999999999,854.52,858.36,244627592.9,0.05202774813233825,-0.8794871794871608
2025-01-15,872.76,876.9000000000001,845.22,846.0,219617793.0,0.03629863880104613,-0.8446969696969411
2025-01-16,842.94,854.3249999999999,840.3000000000001,847.3799999999999,169306947.69,0.01663819488931697,0.3165775401069201
2025-01-17,858.78,861.0,840.3629999999999,843.3000000000001,161633202.75,0.02403060155103872,-0.7501090274748807
2025-01-21,846.0,852.54,843.54,845.8799999999999,166849407.06,0.010638297872341594,-0.013333333333344988
2025-01-22,844.5,858.9000000000001,838.26,856.5,154613096.0,0.02444049733570287,0.5813953488371784
2025-01-23,858.8399999999999,862.6200000000001,838.977,862.02,210639615.45,0.027528992594663865,0.13450069788097577
2025-01-24,860.6999999999999,877.98,851.8499999999999,877.1999999999999,190517313.6,0.03035901010805284,0.6314580941446345
2025-01-27,879.3000000000001,897.999,879.3000000000001,892.56,247342954.48,0.021265779597408087,0.7091288304186962
2025-01-28,889.74,891.3000000000001,870.48,872.94,189406592.97,0.023400094409603958,-0.8069164265129255
2025-01-29,870.5999999999999,884.28,860.04,866.46,214359315.79999998,0.02784286698828507,-0.17079207920790845
2025-01-30,875.04,885.8399999999999,871.44,877.3799999999999,162448369.29999998,0.016456390565003712,0.16249999999998457
2025-01-31,871.1999999999999,884.4000000000001,861.78,863.58,201824834.99,0.025964187327824944,-0.3368700265251775
2025-02-03,856.83,867.0,849.8399999999999,854.04,158080953.58,0.020027309968139607,-0.16258741258740686
2025-02-04,846.48,863.9004,846.42,854.94,150441939.43,0.02065069464133944,0.48397061852128886
2025-02-05,857.4000000000001,882.0,855.8399999999999,873.1800000000001,170809725.24,0.030510846745977427,0.6032110091742859
2025-02-06,871.08,875.8799999999999,850.14,854.22,189291735.12,0.029549524727924947,-0.6550116550116328
2025-02-07,851.04,862.11,844.5,848.0999999999999,163143060.29999998,0.020692329385223952,-0.16695059625212297
2025-02-10,849.78,856.08,840.36,855.24,217194469.76,0.018498905599097424,0.34732824427478876
2025-02-11,843.96,849.3581999999999,832.3199999999999,836.3399999999999,266245493.64,0.020188397554387574,-0.44723034123321065
2025-02-12,820.53,826.77,771.066,800.58,472103093.44,0.0678878285985898,-0.35814304179232354
2025-02-13,792.8700000000001,834.5999999999999,792.8700000000001,830.6999999999999,312532461.15,0.05263157894736935,0.9065420560747447
2025-02-14,840.8399999999999,850.14,816.3000000000001,823.98,232385294.11,0.04024546881689844,-0.4982269503545934
2025-02-18,828.8399999999999,834.96,815.64,819.42,181304186.35,0.02330968582597489,-0.48757763975152424
2025-02-19,815.6999999999999,826.74,810.1200000000001,820.08,211646519.76000002,0.020375137918353402,0.2635379061371766
2025-02-20,823.14,833.64,819.1200000000001,822.48,281964512.72,0.017639769662512877,-0.04545454545454054
2025-02-21,828.0,849.0,825.36,843.8399999999999,255116740.79999998,0.028550724637682313,0.6700507614212884
2025-02-24,847.6500000000001,865.02,836.0999999999999,847.6200000000001,221160586.59,0.03411785524686018,-0.0010373443983392671
2025-02-25,840.0,874.14,839.64,860.76,226767365.46,0.041071428571429716,0.6017391304347649
2025-02-26,858.54,858.54,834.24,842.94,184125632.04000002,0.0283038647005392,-0.6419753086419464
2025-02-27,840.36,857.76,837.5250000000001,839.28,170080231.88,0.02407896615736217,-0.053372868791697205
2025-02-28,846.36,851.4000000000001,830.2656,843.0,326571175.0,0.024970934354176844,-0.15898251192368046
2025-03-03,842.46,855.36,840.4499999999999,850.26,229154847.99,0.01769816964603787,0.523138832997947
2025-03-04,860.46,888.0,849.1200000000001,855.9000000000001,398091072.6,0.04518513353322739,-0.11728395061727988
2025-03-05,857.0999999999999,868.44,851.58,862.6200000000001,170371619.33,0.01967098354917862,0.32740213523130945
2025-03-06,861.9000000000001,885.9000000000001,853.3806,884.22,168772545.1,0.03772989906021707,0.6863595269285152
2025-03-07,884.52,925.74,879.78,902.28,439930975.56,0.05196038529371974,0.38642297650129653
2025-03-10,901.74,942.54,900.8399999999999,904.26,399606811.45000005,0.046243928405084615,0.06043165467625704
2025-03-11,906.78,911.3646000000001,852.1200000000001,861.96,266811242.06,0.06533514193078908,-0.7565246452841135
2025-03-12,852.06,858.7793999999999,840.1200000000001,841.14,341798640.9,0.021899162030843786,-0.5852278208302253
2025-03-13,842.1600000000001,861.0,834.3000000000001,839.8799999999999,182149954.85999998,0.03170418922770126,-0.0853932584269708
2025-03-14,837.96,844.8000000000001,831.78,836.64,200352272.4,0.015537734498068022,-0.10138248847925799
2025-03-17,840.3000000000001,863.0999999999999,834.96,861.24,179287058.06,0.03348803998572038,0.7441364605543459
2025-03-18,859.02,875.8199999999999,857.3700000000001,858.54,215627901.51,0.02147796326046052,-0.02601626016260146
2025-03-19,858.54,865.4958,844.3799999999999,848.58,166972823.72,0.02459501013348373,-0.471684710027533
2025-03-20,846.8399999999999,857.6999999999999,845.46,848.28,137401566.79999998,0.014453733881253698,0.11764705882352526
2025-03-21,847.44,853.08,839.22,845.4000000000001,484383624.70000005,0.016355140186917062,-0.1471861471861338
2025-03-24,848.8199999999999,864.9000000000001,843.78,849.5999999999999,259193702.39999998,0.024881600339295838,0.036931818181814936
2025-03-25,853.26,854.94,831.9000000000001,834.96,245796777.23999998,0.02700232051192009,-0.7942708333332982
2025-03-26,836.01,857.76,834.9606,854.58,215726756.88000003,0.02727168335307109,0.8144951182925535
2025-03-27,856.6200000000001,864.4116,838.125,841.98,194156658.76000002,0.030686418715417555,-0.5569377553582255
2025-03-28,843.5999999999999,847.47,829.1999999999999,830.22,151384667.09,0.021657183499290036,-0.7323481116584062
2025-03-31,827.4000000000001,828.0,808.26,821.04,255262157.04,0.023857868020305754,-0.3221884498480143
2025-04-01,820.8000000000001,823.92,789.78,792.1800000000001,178592095.89000002,0.04159356725146314,-0.8383128295254592
2025-04-02,795.48,804.0,772.5,787.92,255408601.55999997,0.03959873284055031,-0.23999999999999427
2025-04-03,794.22,802.6200000000001,780.3000000000001,784.26,229501402.26000002,0.028103044496488403,-0.4462365591397656
2025-04-04,775.3199999999999,779.6999999999999,736.62,737.88,380090842.56,0.05556415415570458,-0.8690807799442696
2025-04-07,730.86,742.62,704.4000000000001,715.14,300372745.23,0.052294557097119644,-0.41130298273154503
2025-04-08,718.62,724.74,677.28,684.3,238489156.65,0.0660432495616612,-0.7231352718078234
2025-04-09,661.86,726.45,660.21,722.9399999999999,400200185.10999995,0.10008158825129318,0.9221014492753472
2025-04-10,704.7,712.98,661.4399999999999,680.28,274485156.78,0.07313750532141479,-0.4738067520372441
2025-04-11,685.92,698.34,673.0806,691.02,186449058.51,0.0368255773268034,0.20190503337370705
2025-04-14,699.0600000000001,719.9399999999999,692.28,715.5600000000001,201276890.9,0.03956741910565749,0.5965292841648382
2025-04-15,712.86,719.604,699.66,701.88,120581463.26,0.027977442976181918,-0.5505415162454587
2025-04-16,702.0,708.0,689.76,691.74,154622797.56,0.02598290598290738,-0.5624999999999685
2025-04-17,690.12,712.62,687.96,711.66,143083750.18,0.0357329160146075,0.8734793187347575
2025-04-21,707.8199999999999,711.66,692.67,698.9399999999999,204654175.10999998,0.02682885479359298,-0.4676145339652198
2025-04-22,708.72,718.29,704.3766,713.34,128013499.71,0.019631730443617917,0.3320539911164562
2025-04-23,721.11,730.5,703.26,709.02,286838531.46,0.03777509672588228,-0.4438325991189275
2025-04-24,716.76,720.3,705.48,717.0600000000001,191251733.49,0.020676377029969467,0.02024291497976041
2025-04-25,714.78,717.72,702.84,713.04,182819058.92000002,0.020817594224797804,-0.11693548387096053
2025-04-28,708.78,720.54,706.08,714.72,160293947.12,0.020401252857023197,0.41078838174271615
2025-04-29,707.73,727.02,699.78,721.02,120569445.08,0.03848925437667044,0.4878854625550467
2025-04-30,721.14,728.46,712.5,726.48,185045232.12,0.022131624927200007,0.3345864661653938
2025-05-01,722.22,752.04,708.9000000000001,725.58,287474433.21000004,0.059732491484590304,0.07788595271209887
2025-05-02,734.4300000000001,742.3199999999999,725.4432,741.1800000000001,180362570.63,0.02297945345369996,0.399957337883938
2025-05-05,739.98,741.1500000000001,729.0600000000001,730.8,133871841.6,0.016338279412958477,-0.7593052109180546
2025-05-06,729.1500000000001,730.86,695.16,700.92,202815991.61999997,0.04896111911129533,-0.7907563025209889
2025-05-07,706.38,708.0,697.3199999999999,703.26,197426062.59,0.015119340864691877,-0.2921348314606455
2025-05-08,695.0999999999999,719.22,691.5,710.34,221613649.05,0.03987915407855127,0.5497835497835338
2025-05-09,712.5,720.66,708.3,709.02,154447008.3,0.01734736842105403,-0.2815533980582308
2025-05-12,717.78,748.92,716.73,746.4000000000001,317796345.2,0.04484661038201245,0.8890959925442461
2025-05-13,744.0600000000001,746.4000000000001,729.5999999999999,738.96,211255362.72,0.022578824288365395,-0.3035714285714086
2025-05-14,740.28,742.425,720.24,722.22,180056427.46,0.02996839033879196,-0.8140635564570285
2025-05-15,726.96,742.3199999999999,715.08,742.2,240597365.9,0.03747111257840989,0.5594713656387486
2025-05-16,742.2,754.62,734.76,753.54,226564234.41,0.026758286176234148,0.5709969788519306
2025-05-19,757.5,777.36,749.6016,776.64,309043565.92,0.036644752475248864,0.6895210098564493
2025-05-20,774.21,786.78,772.92,783.3000000000001,219965653.25000003,0.01790211957996021,0.6558441558441102
2025-05-21,778.1999999999999,780.3924000000001,757.6800000000001,760.92,202144358.54,0.02918581341557565,-0.760817879220127
2025-05-22,759.3,762.405,752.0999999999999,757.8,118348278.3,0.013571710786251877,-0.14556040756912617
2025-05-23,745.71,757.14,743.8199999999999,754.86,105354174.67,0.01786217162167737,0.6869369369368811
2025-05-27,761.8199999999999,776.1600000000001,755.34,770.3399999999999,203403013.01,0.027329290383556512,0.4092219020172696
2025-05-28,768.72,779.4000000000001,761.22,765.1800000000001,198829089.81,0.02364970340306098,-0.19471947194718134
2025-05-29,768.5999999999999,797.64,765.1800000000001,796.5,259800246.0,0.04223263075722207,0.859519408502751
2025-05-30,795.51,795.51,777.72,778.74,472438974.53999996,0.022363012407136226,-0.942664418212427
2025-06-02,777.54,791.0999999999999,768.42,786.8399999999999,244985256.79999998,0.029168917354735344,0.4100529100528909
2025-06-03,784.6200000000001,808.44,777.06,791.04,240609845.76000002,0.039993882388928474,0.20458891013383107
2025-06-04,794.6999999999999,801.96,790.02,791.1600000000001,194217121.44000003,0.015024537561345213,-0.29648241206026277
2025-06-05,791.22,792.72,777.6600000000001,782.1600000000001,161082071.56,0.01903389701979339,-0.6015936254979666
2025-06-06,789.3000000000001,802.3199999999999,788.6999999999999,798.78,155249682.63,0.017255796275181787,0.6960352422906906
2025-06-09,804.36,814.11,797.58,804.9000000000001,145091274.0,0.020550499776220785,0.03266787658802454
2025-06-10,805.5,821.04,800.52,812.94,134288068.21,0.025474860335196716,0.36257309941519
2025-06-11,815.4000000000001,818.46,797.4060000000001,798.36,177122552.88,0.025820456217808367,-0.8093473924194591
2025-06-12,797.58,804.72,788.8199999999999,793.86,151845703.81,0.01993530429549521,-0.23396226415092905
2025-06-13,785.22,794.9100000000001,780.6299999999999,783.9000000000001,157761050.85,0.018185986093070962,-0.09243697478990374
2025-06-16,788.94,789.48,772.98,786.24,145717266.23999998,0.020914137957260343,-0.1636363636363565
2025-06-17,781.6200000000001,784.1999999999999,758.9399999999999,759.36,146153766.08,0.032317494434636974,-0.8812351543942689
2025-06-18,762.36,767.28,751.4399999999999,759.24,294986757.96000004,0.02077758539272917,-0.19696969696968442
2025-06-20,767.76,771.8399999999999,756.72,762.24,275241179.84000003,0.01969365426695956,-0.36507936507934236
2025-06-23,761.4000000000001,766.08,739.26,748.5600000000001,148493344.32,0.0352245862884174,-0.4787472035794008
2025-06-24,753.42,764.16,750.12,757.86,118505052.48,0.018635024289242314,0.3162393162392984
2025-06-25,757.8,767.88,750.78,763.86,139521193.27,0.022565320665084453,0.354385964912263
2025-06-26,767.34,775.6200000000001,758.76,761.52,109779580.92,0.02197200719368351,-0.34519572953734645
2025-06-27,763.2,769.4993999999999,753.5999999999999,756.48,138688378.24,0.020832547169812622,-0.4226574587720039
2025-06-30,757.77,759.1800000000001,743.4000000000001,753.54,148755577.86,0.020824260659568144,-0.2680608365018858
2025-07-01,749.61,808.5,749.61,780.42,249714239.14999998,0.07856085164285549,0.5231788079470102
2025-07-02,780.0,807.78,779.0699999999999,799.14,196352826.89,0.03680769230769359,0.6666666666666422
2025-07-03,800.94,806.52,793.26,797.22,84150291.36,0.01655554723200361,-0.28054298642532044
2025-07-07,792.5999999999999,799.1999999999999,774.48,780.78,141448707.4,0.031188493565481812,-0.47815533980580505
2025-07-08,781.92,813.48,781.92,806.76,181631122.74,0.040362185389811,0.7870722433459822
2025-07-09,807.36,827.04,790.02,798.1200000000001,203363902.44000003,0.045853151010702704,-0.2495948136142531
2025-07-10,800.6999999999999,823.14,796.6200000000001,811.98,134253991.17000002,0.033121019108281295,0.4253393665158265
2025-07-11,800.94,807.54,794.22,805.26,152674209.17000002,0.016630459210428893,0.32432432432429675
2025-07-14,801.36,805.26,794.4000000000001,798.6600000000001,92427590.7,0.013551961665170318,-0.24861878453035985
2025-07-15,797.76,800.1600000000001,764.8199999999999,765.0,167927700.0,0.04429903730445385,-0.9269949066213619
2025-07-16,770.97,777.06,764.52,770.76,158608148.94,0.016265224327796084,-0.016746411483255202
2025-07-17,769.08,775.23,763.86,772.14,148143552.54,0.014783897643939498,0.269129287598916
2025-07-18,776.19,777.48,748.08,749.9399999999999,190605500.34,0.03787732385112013,-0.8928571428571171
2025-07-21,749.88,752.49,726.3,736.08,172178435.68,0.03492558809409641,-0.5269186712485452
2025-07-22,740.28,767.64,740.28,767.0999999999999,168649492.0,0.03695898849084262,0.9802631578946983
2025-07-23,776.64,787.5,770.1600000000001,785.8799999999999,147680211.95999998,0.022326946847961597,0.5328719723183049
2025-07-24,784.6800000000001,795.9000000000001,780.0,795.54,169797803.57,0.020263037161646874,0.6830188679244752
2025-07-25,798.3000000000001,798.3000000000001,780.78,789.1200000000001,128499511.68,0.02194663660278225,-0.5239726027396905
2025-07-28,788.0999999999999,791.0999999999999,770.5710000000001,775.6800000000001,135182407.68,0.02604872478112009,-0.6049978079789264
2025-07-29,771.21,775.56,765.5999999999999,767.4000000000001,141813345.70000002,0.012914770296029646,-0.38253012048188245
2025-07-30,771.36,778.6800000000001,755.8199999999999,759.84,239611491.52,0.02963596764156956,-0.5039370078739901
2025-07-31,798.0,812.58,763.455,768.0,414732288.0,0.06156015037594103,-0.6106870229007509
2025-08-01,773.73,797.4000000000001,747.3366,791.6999999999999,369268672.49999994,0.0647039664999432,0.3589448579201475
2025-08-04,793.98,803.8799999999999,782.3399999999999,793.1999999999999,250896430.99999997,0.027129146829896134,-0.0362116991643478
2025-08-05,791.46,804.96,789.39,797.3399999999999,185463808.90999997,0.019672503979987654,0.37764932562617115
2025-08-06,794.52,796.02,773.4000000000001,776.04,199010284.4,0.028470019634497384,-0.8169761273209236
2025-08-07,780.1200000000001,784.0668,765.9000000000001,766.5,219505032.25,0.02328718658668003,-0.7497192681154348
2025-08-08,765.0,787.56,762.0,784.02,173491865.7,0.03341176470588354,0.7441314553990328
2025-08-11,786.96,802.3799999999999,766.26,768.0,136997504.0,0.045898139676731786,-0.5249169435215827
2025-08-12,770.8199999999999,786.5999999999999,769.5,773.58,145383659.81,0.022184167509925645,0.16140350877192738
2025-08-13,777.72,812.28,776.4024,811.14,209437970.28,0.046131769788614135,0.9315004348116652
2025-08-14,807.06,811.3799999999999,792.96,809.64,157858209.6,0.022823581889823336,0.14006514657980038
2025-08-15,816.96,832.98,815.28,831.5999999999999,227874477.6,0.021665687426558243,0.8271186440677406
2025-08-18,840.0,847.0500000000001,814.4100000000001,815.46,246523207.60999998,0.038857142857143985,-0.7518382352940938
2025-08-19,818.22,837.48,816.1200000000001,833.1600000000001,201041924.58,0.026105448412408486,0.6994382022471641
2025-08-20,834.5999999999999,843.0,826.6200000000001,833.94,178832595.42000002,0.0196261682243001,-0.04029304029302924
2025-08-21,829.56,841.1999999999999,825.54,834.72,149453972.72,0.018877477216838988,0.3295019157087971
2025-08-22,842.46,853.92,831.9000000000001,835.86,167062502.34,0.026137739477246204,-0.2997275204359565
2025-08-25,834.06,838.5,816.8399999999999,818.1600000000001,117539047.36000001,0.025969354722683087,-0.734072022160622
2025-08-26,815.0999999999999,821.46,811.3337999999999,820.3199999999999,216022658.64,0.01242326094957814,0.5154944599158058
2025-08-27,816.0,831.0,814.74,818.1600000000001,191331761.32000002,0.019926470588236482,0.13284132841328108
2025-08-28,818.1600000000001,818.1600000000001,792.24,795.9000000000001,206681567.05,0.03168084482252987,-0.8587962962962604
2025-08-29,795.0,800.8799999999999,789.1200000000001,793.3199999999999,143195978.85999998,0.014792452830189621,-0.142857142857139
2025-09-02,801.3000000000001,840.36,801.1800000000001,837.78,344458134.05,0.04889554473979895,0.9310872894333593
2025-09-03,837.36,871.6194,837.36,849.72,322826755.36,0.04091358555460135,0.3607768962678752
2025-09-04,850.6800000000001,853.6800000000001,822.8406,839.64,213980994.54,0.03625264494287044,-0.35798361835832393
2025-09-05,840.78,865.1999999999999,839.76,844.02,219712050.98999998,0.030257617926212458,0.12735849056603338
2025-09-08,839.97,859.3799999999999,823.1724,848.0999999999999,229607243.79999998,0.043105825208044096,0.22453849468066628
2025-09-09,846.96,862.44,843.06,861.5999999999999,214077300.4,0.02288183621422627,0.755417956656297
2025-09-10,858.0,860.6999999999999,837.24,855.6600000000001,182369810.61,0.027342657342658384,-0.09974424552428927
2025-09-11,860.8199999999999,894.42,857.1600000000001,893.04,255201064.0,0.04328431030877632,0.8647342995168885
2025-09-12,888.48,901.6800000000001,869.04,869.1600000000001,262325815.12000003,0.03673689897352902,-0.5919117647058604
2025-09-15,868.92,875.94,846.72,859.92,205318368.84,0.03362795194034088,-0.3080082135523506
2025-09-16,861.06,883.3799999999999,858.1200000000001,862.08,278172526.08000004,0.0293359347780651,0.040380047505940805
2025-09-17,860.8799999999999,880.08,860.3399999999999,869.22,217601259.15,0.02293002509060624,0.42249240121578885
2025-09-18,877.8000000000001,878.6999999999999,860.22,862.86,217796793.56,0.02105263157894837,-0.8084415584415219
2025-09-19,863.76,866.58,848.94,855.0,534197445.0,0.020422339538761883,-0.49659863945575405
2025-09-22,852.72,855.8399999999999,840.1200000000001,843.96,203405331.48,0.018435125246271673,-0.5572519083969176
2025-09-23,841.6200000000001,848.28,832.3499999999999,835.86,153667706.53,0.018927782134456218,-0.3615819209039372
2025-09-24,831.1200000000001,835.6800000000001,817.1999999999999,826.02,180263583.63,0.022235056309559516,-0.2759740259740165
2025-09-25,830.4000000000001,844.047,812.4300000000001,814.02,170986393.36999997,0.03807442196531902,-0.5180757187588833
2025-09-26,820.74,828.0,814.86,824.22,230400123.51000002,0.016009942247241477,0.2648401826483833
2025-09-29,824.94,832.8000000000001,812.3399999999999,831.1200000000001,178072169.68,0.024801803767548092,0.3020527859237398
2025-09-30,830.76,846.24,821.61,840.48,191778765.28000003,0.02964755163946382,0.39464068209499126
2025-10-01,844.92,926.64,844.1999999999999,925.3199999999999,626119782.86,0.09757136770345234,0.9752547307132333
2025-10-02,924.0,947.0999999999999,913.3199999999999,931.5,447516042.75,0.036558441558442574,0.22202486678507352
2025-10-03,938.76,961.1999999999999,935.8199999999999,959.28,460261904.47999996,0.02703566406749432,0.80851063829784
2025-10-06,957.6299999999999,958.203,918.5999999999999,924.3000000000001,280045646.40000004,0.04135522070110693,-0.8416029088705127
2025-10-07,927.1200000000001,927.4499999999999,911.8199999999999,913.26,208958910.93,0.016858659073260177,-0.8867562380037904
2025-10-08,914.1600000000001,914.1600000000001,897.8399999999999,905.8199999999999,201284828.69,0.01785245471252422,-0.5110294117646784
2025-10-09,908.22,912.9000000000001,889.02,897.6600000000001,239445568.65000004,0.026293188874943384,-0.4422110552763591
2025-10-10,900.0,901.1999999999999,868.44,879.42,252831784.29999998,0.03640000000000094,-0.6282051282051127
2025-10-13,878.8199999999999,885.33,867.9000000000001,868.14,162698985.54,0.019833412985595378,-0.6127366609293958
2025-10-14,864.54,881.28,853.17,871.86,186513086.43,0.03251440072177225,0.26040554962645984
2025-10-15,868.44,871.11,853.74,861.96,192098704.16,0.020001381788034844,-0.37305699481863236
2025-10-16,864.3000000000001,884.8799999999999,850.1999999999999,853.56,208994023.73999998,0.04012495661228845,-0.3096885813148739
2025-10-17,852.5999999999999,865.9499999999999,850.02,858.0,144431001.0,0.018684025334272734,0.3389830508474431
